{"type":"FeatureCollection","metadata":{"source":"㈜아성다이소 공식 매장검색","sourceUrl":"https://www.daiso.co.kr/cs/shop","retrievedAt":"2026-09-26T15:12:56+09:00","asOf":"2026-09-26","count":1622},"features":[{"type":"Feature","geometry":{"type":"Point","coordinates":[127.733576037038,37.9082466743516]},"properties":{"name":"e에브리데이춘천우두점","address":"강원도 춘천시 우두1길 93 (우두동)2층","phone":"","hours":"10:00–23:00","openingDate":"20230505","region":"강원","options":["주차"],"source":"㈜아성다이소 공식 매장검색","sourceUrl":"https://www.daiso.co.kr/cs/shop"}},{"type":"Feature","geometry":{"type":"Point","coordinates":[128.875787046236,37.7630117297084]},"properties":{"name":"강릉교동점","address":"강원도 강릉시 솔올로5번길 18-2 (교동)1~3층","phone":"1522-4400","hours":"10:00–22:00","openingDate":"20110331","region":"강원","options":["출입구 경사로","현금없는매장","네임 스티커","심카드","포인트 적립가능","포인트 사용가능","매장픽업"],"source":"㈜아성다이소 공식 매장검색","sourceUrl":"https://www.daiso.co.kr/cs/shop"}},{"type":"Feature","geometry":{"type":"Point","coordinates":[128.881162095212,37.7422090270493]},"properties":{"name":"강릉내곡점","address":"강원도 강릉시 범일로 618(내곡동)1~2층","phone":"033-643-1137","hours":"09:30–22:00","openingDate":"20151009","region":"강원","options":["주차","포인트 적립가능","포인트 사용가능","고유가지원금"],"source":"㈜아성다이소 공식 매장검색","sourceUrl":"https://www.daiso.co.kr/cs/shop"}},{"type":"Feature","geometry":{"type":"Point","coordinates":[128.921499270398,37.7710311547403]},"properties":{"name":"강릉송정점","address":"강원특별자치도 강릉시 경강로 2386 (송정동)1~2층","phone":"1522-4400","hours":"10:00–22:00","openingDate":"20260626","region":"강원","options":["주차","출입구 경사로","엘리베이터","현금없는매장","포토 스티커","네임 스티커","포인트 적립가능","포인트 사용가능"],"source":"㈜아성다이소 공식 매장검색","sourceUrl":"https://www.daiso.co.kr/cs/shop"}},{"type":"Feature","geometry":{"type":"Point","coordinates":[128.869987512512,37.7578295706113]},"properties":{"name":"강릉유천지구점","address":"강원도 강릉시 선수촌로 77(홍제동)2층","phone":"033-641-6795","hours":"09:00–22:00","openingDate":"20220521","region":"강원","options":["주차","포인트 적립가능","포인트 사용가능","고유가지원금"],"source":"㈜아성다이소 공식 매장검색","sourceUrl":"https://www.daiso.co.kr/cs/shop"}},{"type":"Feature","geometry":{"type":"Point","coordinates":[128.887233641539,37.7767001665914]},"properties":{"name":"강릉율곡점","address":"강원특별자치도 강릉시 율곡로 3080 (교동)1~4층","phone":"1522-4400","hours":"10:00–22:00","openingDate":"20240712","region":"강원","options":["주차","출입구 경사로","엘리베이터","포토 스티커","네임 스티커","포인트 적립가능","포인트 사용가능","매장픽업"],"source":"㈜아성다이소 공식 매장검색","sourceUrl":"https://www.daiso.co.kr/cs/shop"}},{"type":"Feature","geometry":{"type":"Point","coordinates":[128.911506183455,37.7536811469234]},"properties":{"name":"강릉입암점","address":"강원도 강릉시 용지로 23 (입암동)1~2층","phone":"1522-4400","hours":"10:00–22:00","openingDate":"20180426","region":"강원","options":["주차","엘리베이터","포토 스티커","네임 스티커","심카드","포인트 적립가능","포인트 사용가능","매장픽업"],"source":"㈜아성다이소 공식 매장검색","sourceUrl":"https://www.daiso.co.kr/cs/shop"}},{"type":"Feature","geometry":{"type":"Point","coordinates":[128.897028996787,37.7535317414619]},"properties":{"name":"강릉중앙점","address":"강원도 강릉시 금성로 34 (금학동)1~3층","phone":"1522-4400","hours":"10:00–22:00","openingDate":"20150520","region":"강원","options":["포토 스티커","심카드","포인트 적립가능","포인트 사용가능","매장픽업"],"source":"㈜아성다이소 공식 매장검색","sourceUrl":"https://www.daiso.co.kr/cs/shop"}},{"type":"Feature","geometry":{"type":"Point","coordinates":[128.884160107516,37.7516332420052]},"properties":{"name":"강릉홍제점","address":"강원도 강릉시 토성로61번길 7(홍제동)1층","phone":"033-642-4254","hours":"10:00–22:00","openingDate":"20170427","region":"강원","options":["주차","포인트 적립가능","포인트 사용가능","고유가지원금"],"source":"㈜아성다이소 공식 매장검색","sourceUrl":"https://www.daiso.co.kr/cs/shop"}},{"type":"Feature","geometry":{"type":"Point","coordinates":[128.204139579042,38.1221927063412]},"properties":{"name":"강원원통점","address":"강원특별자치도 인제군 북면 원통로174번길 5-11~2층","phone":"033-462-5549","hours":"10:00–22:00","openingDate":"20130413","region":"강원","options":["포인트 적립가능","포인트 사용가능","고유가지원금"],"source":"㈜아성다이소 공식 매장검색","sourceUrl":"https://www.daiso.co.kr/cs/shop"}},{"type":"Feature","geometry":{"type":"Point","coordinates":[127.987245411987,37.4911387266357]},"properties":{"name":"강원횡성점","address":"강원도 횡성군 횡성읍 태기로 331~2층","phone":"033-345-4955","hours":"09:00–21:00","openingDate":"20160907","region":"강원","options":["포인트 적립가능","포인트 사용가능","고유가지원금"],"source":"㈜아성다이소 공식 매장검색","sourceUrl":"https://www.daiso.co.kr/cs/shop"}},{"type":"Feature","geometry":{"type":"Point","coordinates":[128.472623113428,38.3786766608604]},"properties":{"name":"고성간성점","address":"강원도 고성군 간성읍 간성로 211~2층","phone":"033-681-3693","hours":"09:00–22:00","openingDate":"20170503","region":"강원","options":["주차","포인트 적립가능","포인트 사용가능","고유가지원금"],"source":"㈜아성다이소 공식 매장검색","sourceUrl":"https://www.daiso.co.kr/cs/shop"}},{"type":"Feature","geometry":{"type":"Point","coordinates":[128.580051509371,38.1900447321057]},"properties":{"name":"굿모닝마트속초점","address":"강원도 속초시 조양상가길 25 (조양동)3층","phone":"","hours":"10:00–23:00","openingDate":"20090116","region":"강원","options":[],"source":"㈜아성다이소 공식 매장검색","sourceUrl":"https://www.daiso.co.kr/cs/shop"}},{"type":"Feature","geometry":{"type":"Point","coordinates":[127.72857676143,37.8602937001112]},"properties":{"name":"굿모닝마트춘천점","address":"강원도 춘천시 영서로 2195 (퇴계동)1층","phone":"","hours":"10:00–23:00","openingDate":"20061128","region":"강원","options":[],"source":"㈜아성다이소 공식 매장검색","sourceUrl":"https://www.daiso.co.kr/cs/shop"}},{"type":"Feature","geometry":{"type":"Point","coordinates":[129.111232764349,37.5003997104107]},"properties":{"name":"동해대로점","address":"강원특별자치도 동해시 동해대로 5088 (효가동)1~3층","phone":"1522-4400","hours":"10:00–22:00","openingDate":"20260724","region":"강원","options":["주차","출입구 경사로","엘리베이터","현금없는매장","포토 스티커","네임 스티커","포인트 적립가능","포인트 사용가능"],"source":"㈜아성다이소 공식 매장검색","sourceUrl":"https://www.daiso.co.kr/cs/shop"}},{"type":"Feature","geometry":{"type":"Point","coordinates":[129.107170076383,37.5501832640267]},"properties":{"name":"동해우리마트점","address":"강원도 동해시 발한로 237(발한동)2층","phone":"033-532-5572","hours":"08:30–22:00","openingDate":"20111120","region":"강원","options":["주차"],"source":"㈜아성다이소 공식 매장검색","sourceUrl":"https://www.daiso.co.kr/cs/shop"}},{"type":"Feature","geometry":{"type":"Point","coordinates":[129.115955430906,37.5223206354338]},"properties":{"name":"동해천곡점","address":"강원도 동해시 한섬로 113-7 (천곡동)1~2층","phone":"1522-4400","hours":"10:00–22:00","openingDate":"20130316","region":"강원","options":["주차","포토 스티커","심카드","포인트 적립가능","포인트 사용가능","매장픽업"],"source":"㈜아성다이소 공식 매장검색","sourceUrl":"https://www.daiso.co.kr/cs/shop"}},{"type":"Feature","geometry":{"type":"Point","coordinates":[129.109468646486,37.4877751443004]},"properties":{"name":"동해효가점","address":"강원도 동해시 효자남길 16-3 (동회동)1~2층","phone":"033-521-8030","hours":"10:00–22:00","openingDate":"20190428","region":"강원","options":["포인트 적립가능","포인트 사용가능","고유가지원금"],"source":"㈜아성다이소 공식 매장검색","sourceUrl":"https://www.daiso.co.kr/cs/shop"}},{"type":"Feature","geometry":{"type":"Point","coordinates":[127.759146913355,37.8667785378793]},"properties":{"name":"롯데마트석사점","address":"강원도 춘천시 세실로 108 (석사동)1층","phone":"","hours":"10:00–23:00","openingDate":"20100729","region":"강원","options":[],"source":"㈜아성다이소 공식 매장검색","sourceUrl":"https://www.daiso.co.kr/cs/shop"}},{"type":"Feature","geometry":{"type":"Point","coordinates":[127.718080062539,37.8685786539721]},"properties":{"name":"롯데마트춘천점","address":"강원도 춘천시 방송길 84 (온의동)1~2층","phone":"","hours":"10:00–23:00","openingDate":"20100208","region":"강원","options":[],"source":"㈜아성다이소 공식 매장검색","sourceUrl":"https://www.daiso.co.kr/cs/shop"}},{"type":"Feature","geometry":{"type":"Point","coordinates":[127.954835347518,37.3413448651763]},"properties":{"name":"롯데슈퍼원주점","address":"강원도 원주시 치악로 1781 (개운동)1층","phone":"","hours":"09:00–22:00","openingDate":"20010224","region":"강원","options":[],"source":"㈜아성다이소 공식 매장검색","sourceUrl":"https://www.daiso.co.kr/cs/shop"}},{"type":"Feature","geometry":{"type":"Point","coordinates":[128.98707048893,37.1564085682922]},"properties":{"name":"롯데슈퍼태백점","address":"강원도 태백시 번영로 144 (황지동)1층","phone":"","hours":"09:00–22:00","openingDate":"20190712","region":"강원","options":["주차"],"source":"㈜아성다이소 공식 매장검색","sourceUrl":"https://www.daiso.co.kr/cs/shop"}},{"type":"Feature","geometry":{"type":"Point","coordinates":[127.817913067,37.3094193857628]},"properties":{"name":"문막점","address":"강원특별자치도 원주시 문막읍 원문로 18401~3층","phone":"033-734-2132","hours":"10:00–22:00","openingDate":"20170914","region":"강원","options":["포인트 적립가능","포인트 사용가능","고유가지원금"],"source":"㈜아성다이소 공식 매장검색","sourceUrl":"https://www.daiso.co.kr/cs/shop"}},{"type":"Feature","geometry":{"type":"Point","coordinates":[129.164912015086,37.4438345186755]},"properties":{"name":"삼척점","address":"강원도 삼척시 척주로 10(남양동)B1층","phone":"1522-4400","hours":"10:00–22:00","openingDate":"20220604","region":"강원","options":["포인트 적립가능","포인트 사용가능","매장픽업"],"source":"㈜아성다이소 공식 매장검색","sourceUrl":"https://www.daiso.co.kr/cs/shop"}},{"type":"Feature","geometry":{"type":"Point","coordinates":[127.937475582078,37.3677864031336]},"properties":{"name":"상지대사거리점","address":"강원도 원주시 우산초교길 38(우산동)1~2층","phone":"033-748-7336","hours":"09:30–22:00","openingDate":"20170923","region":"강원","options":["주차","포인트 적립가능","포인트 사용가능","고유가지원금"],"source":"㈜아성다이소 공식 매장검색","sourceUrl":"https://www.daiso.co.kr/cs/shop"}},{"type":"Feature","geometry":{"type":"Point","coordinates":[128.577519423692,38.2079102044634]},"properties":{"name":"속초교동점","address":"강원도 속초시 미시령로 3395(교동)1층","phone":"033-631-4250","hours":"10:00–22:00","openingDate":"20180715","region":"강원","options":["주차","포인트 적립가능","포인트 사용가능","고유가지원금"],"source":"㈜아성다이소 공식 매장검색","sourceUrl":"https://www.daiso.co.kr/cs/shop"}},{"type":"Feature","geometry":{"type":"Point","coordinates":[128.56498452259,38.204576439947]},"properties":{"name":"속초미시령점","address":"강원도 속초시 미시령로 3269(교동)1층","phone":"1522-4400","hours":"10:00–22:00","openingDate":"20211127","region":"강원","options":["주차","출입구 경사로","현금없는매장","네임 스티커","포인트 적립가능","포인트 사용가능","매장픽업"],"source":"㈜아성다이소 공식 매장검색","sourceUrl":"https://www.daiso.co.kr/cs/shop"}},{"type":"Feature","geometry":{"type":"Point","coordinates":[128.593234069167,38.190111576283]},"properties":{"name":"속초본점","address":"강원도 속초시 동해대로 4038 (조양동)1~5층","phone":"1522-4400","hours":"10:00–22:00","openingDate":"20180630","region":"강원","options":["엘리베이터","현금없는매장","포토 스티커","네임 스티커","심카드","택스리펀드","포인트 적립가능","포인트 사용가능","매장픽업"],"source":"㈜아성다이소 공식 매장검색","sourceUrl":"https://www.daiso.co.kr/cs/shop"}},{"type":"Feature","geometry":{"type":"Point","coordinates":[127.307663763541,38.1439197019256]},"properties":{"name":"신철원점","address":"강원도 철원군 갈말읍 명성로 1391층","phone":"0507-1304-5254","hours":"10:00–22:00","openingDate":"20220305","region":"강원","options":["주차","포인트 적립가능","포인트 사용가능","고유가지원금"],"source":"㈜아성다이소 공식 매장검색","sourceUrl":"https://www.daiso.co.kr/cs/shop"}},{"type":"Feature","geometry":{"type":"Point","coordinates":[127.98935550472,38.103352929162]},"properties":{"name":"양구점","address":"강원도 양구군 양구읍 청춘로 73-101층","phone":"033-482-0039","hours":"09:00–22:00","openingDate":"20060302","region":"강원","options":["포인트 적립가능","포인트 사용가능","고유가지원금"],"source":"㈜아성다이소 공식 매장검색","sourceUrl":"https://www.daiso.co.kr/cs/shop"}},{"type":"Feature","geometry":{"type":"Point","coordinates":[128.623230428759,38.0755609264362]},"properties":{"name":"양양점","address":"강원도 양양군 양양읍 양양로 531~2층","phone":"033-673-8688","hours":"09:00–21:00","openingDate":"20170930","region":"강원","options":["포인트 적립가능","포인트 사용가능","고유가지원금"],"source":"㈜아성다이소 공식 매장검색","sourceUrl":"https://www.daiso.co.kr/cs/shop"}},{"type":"Feature","geometry":{"type":"Point","coordinates":[128.469905482153,37.1825496951454]},"properties":{"name":"영월점","address":"강원도 영월군 영월읍 관풍헌길 211층","phone":"033-374-3377","hours":"08:00–21:00","openingDate":"20190309","region":"강원","options":["포인트 적립가능","포인트 사용가능","고유가지원금"],"source":"㈜아성다이소 공식 매장검색","sourceUrl":"https://www.daiso.co.kr/cs/shop"}},{"type":"Feature","geometry":{"type":"Point","coordinates":[128.917530692786,37.7604691750023]},"properties":{"name":"원마트강릉점","address":"강원도 강릉시 성덕포남로 67 (입암동)1층","phone":"","hours":"08:00–22:00","openingDate":"20050409","region":"강원","options":[],"source":"㈜아성다이소 공식 매장검색","sourceUrl":"https://www.daiso.co.kr/cs/shop"}},{"type":"Feature","geometry":{"type":"Point","coordinates":[127.873075638838,37.37504476062]},"properties":{"name":"원주기업도시점","address":"강원도 원주시 지정면 신지정로 2161~3층","phone":"1522-4400","hours":"10:00–22:00","openingDate":"20210820","region":"강원","options":["주차","출입구 경사로","엘리베이터","현금없는매장","포토 스티커","네임 스티커","포인트 적립가능","포인트 사용가능","매장픽업"],"source":"㈜아성다이소 공식 매장검색","sourceUrl":"https://www.daiso.co.kr/cs/shop"}},{"type":"Feature","geometry":{"type":"Point","coordinates":[127.93844960821,37.3598770441727]},"properties":{"name":"원주단계2호점","address":"강원특별자치도 원주시 모란1길 21~2층","phone":"1522-4400","hours":"10:00–22:00","openingDate":"20260424","region":"강원","options":["주차","출입구 경사로","엘리베이터","현금없는매장","포토 스티커","네임 스티커","포인트 적립가능","포인트 사용가능","매장픽업"],"source":"㈜아성다이소 공식 매장검색","sourceUrl":"https://www.daiso.co.kr/cs/shop"}},{"type":"Feature","geometry":{"type":"Point","coordinates":[127.92923667826261,37.346302742845914]},"properties":{"name":"원주단계점","address":"강원도 원주시 장미공원길 65(단계동)1층","phone":"033-742-9749","hours":"10:00–22:00","openingDate":"20160601","region":"강원","options":["주차","포인트 적립가능","포인트 사용가능","고유가지원금"],"source":"㈜아성다이소 공식 매장검색","sourceUrl":"https://www.daiso.co.kr/cs/shop"}},{"type":"Feature","geometry":{"type":"Point","coordinates":[127.957325867429,37.326629280672]},"properties":{"name":"원주단구2호점","address":"강원특별자치도 원주시 서원대로 4851층","phone":"1522-4400","hours":"10:00–22:00","openingDate":"20250124","region":"강원","options":["주차","출입구 경사로","포인트 적립가능","포인트 사용가능","매장픽업"],"source":"㈜아성다이소 공식 매장검색","sourceUrl":"https://www.daiso.co.kr/cs/shop"}},{"type":"Feature","geometry":{"type":"Point","coordinates":[127.948851979376,37.3302680232034]},"properties":{"name":"원주단구점","address":"강원도 원주시 남원로534번길 22 (단구동)1~4층","phone":"1522-4400","hours":"10:00–22:00","openingDate":"20090401","region":"강원","options":["엘리베이터","포토 스티커","네임 스티커","심카드","포인트 적립가능","포인트 사용가능","매장픽업"],"source":"㈜아성다이소 공식 매장검색","sourceUrl":"https://www.daiso.co.kr/cs/shop"}},{"type":"Feature","geometry":{"type":"Point","coordinates":[127.929209734721,37.3355713378137]},"properties":{"name":"원주무실점","address":"강원도 원주시 시청로 102 (무실동)1~4층","phone":"1522-4400","hours":"10:00–22:00","openingDate":"20170831","region":"강원","options":["주차","엘리베이터","포토 스티커","네임 스티커","심카드","포인트 적립가능","포인트 사용가능","매장픽업"],"source":"㈜아성다이소 공식 매장검색","sourceUrl":"https://www.daiso.co.kr/cs/shop"}},{"type":"Feature","geometry":{"type":"Point","coordinates":[127.939264366042,37.3414543848242]},"properties":{"name":"원주원예하나로클럽점","address":"강원특별자치도 원주시 무실로 182 (단계동)2층","phone":"1522-4400","hours":"09:00–22:00","openingDate":"20260410","region":"강원","options":["주차","포인트 적립가능","포인트 사용가능"],"source":"㈜아성다이소 공식 매장검색","sourceUrl":"https://www.daiso.co.kr/cs/shop"}},{"type":"Feature","geometry":{"type":"Point","coordinates":[127.94796062359448,37.35044967639971]},"properties":{"name":"원주중앙시장점","address":"강원도 원주시 원일로 123 (일산동)B1~3층","phone":"1522-4400","hours":"10:00–22:00","openingDate":"20121220","region":"강원","options":["심카드","포인트 적립가능","포인트 사용가능","매장픽업"],"source":"㈜아성다이소 공식 매장검색","sourceUrl":"https://www.daiso.co.kr/cs/shop"}},{"type":"Feature","geometry":{"type":"Point","coordinates":[127.956651400295,37.3575500068722]},"properties":{"name":"원주태장2호점","address":"강원특별자치도 원주시 치악로 1979 (태장동)1층","phone":"1522-4400","hours":"10:00–22:00","openingDate":"20241228","region":"강원","options":["주차","포토 스티커","네임 스티커","포인트 적립가능","포인트 사용가능","매장픽업"],"source":"㈜아성다이소 공식 매장검색","sourceUrl":"https://www.daiso.co.kr/cs/shop"}},{"type":"Feature","geometry":{"type":"Point","coordinates":[127.95065356262856,37.37537433783021]},"properties":{"name":"원주태장점","address":"강원도 원주시 현충로 243(태장동)1~3층","phone":"1522-4400","hours":"10:00–22:00","openingDate":"20220211","region":"강원","options":["주차","엘리베이터","현금없는매장","포토 스티커","네임 스티커","포인트 적립가능","포인트 사용가능","매장픽업"],"source":"㈜아성다이소 공식 매장검색","sourceUrl":"https://www.daiso.co.kr/cs/shop"}},{"type":"Feature","geometry":{"type":"Point","coordinates":[127.971549196049,37.3412367993187]},"properties":{"name":"원주행구점","address":"강원도 원주시 영랑길 6(행구동)1층","phone":"033-900-5350","hours":"09:00–22:00","openingDate":"20160521","region":"강원","options":["주차","포인트 적립가능","포인트 사용가능","고유가지원금"],"source":"㈜아성다이소 공식 매장검색","sourceUrl":"https://www.daiso.co.kr/cs/shop"}},{"type":"Feature","geometry":{"type":"Point","coordinates":[127.972523101736,37.3201460902528]},"properties":{"name":"원주혁신점","address":"강원도 원주시 유만길 9 (반곡동)1~4층","phone":"1522-4400","hours":"10:00–22:00","openingDate":"20170217","region":"강원","options":["주차","엘리베이터","현금없는매장","포토 스티커","네임 스티커","심카드","포인트 적립가능","포인트 사용가능","매장픽업"],"source":"㈜아성다이소 공식 매장검색","sourceUrl":"https://www.daiso.co.kr/cs/shop"}},{"type":"Feature","geometry":{"type":"Point","coordinates":[127.919047521687,37.3206714811843]},"properties":{"name":"이마트원주점","address":"강원특별자치도 원주시 북원로 1928 (무실동)B1층","phone":"","hours":"10:00–22:00","openingDate":"20250622","region":"강원","options":["주차"],"source":"㈜아성다이소 공식 매장검색","sourceUrl":"https://www.daiso.co.kr/cs/shop"}},{"type":"Feature","geometry":{"type":"Point","coordinates":[128.171672412485,38.0670983710226]},"properties":{"name":"인제점","address":"강원특별자치도 인제군 인제읍 비봉로 251층","phone":"033-462-5545","hours":"09:00–21:00","openingDate":"20120831","region":"강원","options":["주차","포인트 적립가능","포인트 사용가능","고유가지원금"],"source":"㈜아성다이소 공식 매장검색","sourceUrl":"https://www.daiso.co.kr/cs/shop"}},{"type":"Feature","geometry":{"type":"Point","coordinates":[128.666132323544,37.3816359109017]},"properties":{"name":"정선본점","address":"강원특별자치도 정선군 정선읍 비봉로 711~3층","phone":"1522-4400","hours":"10:00–22:00","openingDate":"20241115","region":"강원","options":["주차","출입구 경사로","엘리베이터","현금없는매장","포토 스티커","네임 스티커","포인트 적립가능","포인트 사용가능"],"source":"㈜아성다이소 공식 매장검색","sourceUrl":"https://www.daiso.co.kr/cs/shop"}},{"type":"Feature","geometry":{"type":"Point","coordinates":[128.824630632592,37.8856804282245]},"properties":{"name":"주문진점","address":"강원도 강릉시 주문진읍 연주로 3741층","phone":"033-662-4254","hours":"10:00–22:00","openingDate":"20151222","region":"강원","options":["주차","포인트 적립가능","포인트 사용가능","고유가지원금"],"source":"㈜아성다이소 공식 매장검색","sourceUrl":"https://www.daiso.co.kr/cs/shop"}},{"type":"Feature","geometry":{"type":"Point","coordinates":[127.21836047346,38.2071255206176]},"properties":{"name":"철원동송점","address":"강원도 철원군 동송읍 이평3로 971층","phone":"033-455-1408","hours":"09:00–22:00","openingDate":"20110417","region":"강원","options":["포인트 적립가능","포인트 사용가능","고유가지원금"],"source":"㈜아성다이소 공식 매장검색","sourceUrl":"https://www.daiso.co.kr/cs/shop"}},{"type":"Feature","geometry":{"type":"Point","coordinates":[127.750710935991,37.855198089442]},"properties":{"name":"춘천거두점","address":"강원도 춘천시 동내면 춘천순환로 621층","phone":"1522-4400","hours":"10:00–22:00","openingDate":"20120428","region":"강원","options":["네임 스티커","심카드","포인트 적립가능","포인트 사용가능","매장픽업"],"source":"㈜아성다이소 공식 매장검색","sourceUrl":"https://www.daiso.co.kr/cs/shop"}},{"type":"Feature","geometry":{"type":"Point","coordinates":[127.72799364473,37.8797849023786]},"properties":{"name":"춘천명동점","address":"강원도 춘천시 명동길 3-1 (조양동)B1~5층","phone":"1522-4400","hours":"10:00–22:00","openingDate":"20100323","region":"강원","options":["엘리베이터","포토 스티커","심카드","포인트 적립가능","포인트 사용가능","매장픽업"],"source":"㈜아성다이소 공식 매장검색","sourceUrl":"https://www.daiso.co.kr/cs/shop"}},{"type":"Feature","geometry":{"type":"Point","coordinates":[127.726144662198,37.8913039792656]},"properties":{"name":"춘천소양로점","address":"강원도 춘천시 소양로 206 (소양로1가)1~3층","phone":"1522-4400","hours":"10:00–22:00","openingDate":"20190228","region":"강원","options":["주차","엘리베이터","네임 스티커","심카드","포인트 적립가능","포인트 사용가능","매장픽업"],"source":"㈜아성다이소 공식 매장검색","sourceUrl":"https://www.daiso.co.kr/cs/shop"}},{"type":"Feature","geometry":{"type":"Point","coordinates":[127.720890183902,37.8660060773682]},"properties":{"name":"춘천온의점","address":"강원도 춘천시 춘천로 7 (온의동)B1~1층","phone":"1522-4400","hours":"10:00–22:00","openingDate":"20180303","region":"강원","options":["주차","네임 스티커","심카드","포인트 적립가능","포인트 사용가능","매장픽업"],"source":"㈜아성다이소 공식 매장검색","sourceUrl":"https://www.daiso.co.kr/cs/shop"}},{"type":"Feature","geometry":{"type":"Point","coordinates":[127.725474311949,37.8556709780316]},"properties":{"name":"춘천퇴계2호점","address":"강원특별자치도 춘천시 안마산로 85 (퇴계동)1층","phone":"1522-4400","hours":"10:00–22:00","openingDate":"20231230","region":"강원","options":["주차","엘리베이터","현금없는매장","포토 스티커","포인트 적립가능","포인트 사용가능","매장픽업"],"source":"㈜아성다이소 공식 매장검색","sourceUrl":"https://www.daiso.co.kr/cs/shop"}},{"type":"Feature","geometry":{"type":"Point","coordinates":[127.734977479647,37.8572007488066]},"properties":{"name":"춘천퇴계본점","address":"강원도 춘천시 영서로2141번길 7 (퇴계동)1~3층","phone":"1522-4400","hours":"10:00–22:00","openingDate":"20180513","region":"강원","options":["주차","현금없는매장","포토 스티커","네임 스티커","심카드","포인트 적립가능","포인트 사용가능","매장픽업"],"source":"㈜아성다이소 공식 매장검색","sourceUrl":"https://www.daiso.co.kr/cs/shop"}},{"type":"Feature","geometry":{"type":"Point","coordinates":[127.744988171306,37.8516957514706]},"properties":{"name":"춘천퇴계점","address":"강원도 춘천시 퇴계농공로 15 (석사동)1층","phone":"1522-4400","hours":"10:00–22:00","openingDate":"20121130","region":"강원","options":["출입구 경사로","네임 스티커","심카드","포인트 적립가능","포인트 사용가능","매장픽업"],"source":"㈜아성다이소 공식 매장검색","sourceUrl":"https://www.daiso.co.kr/cs/shop"}},{"type":"Feature","geometry":{"type":"Point","coordinates":[127.749269295858,37.881140017312]},"properties":{"name":"춘천후평점","address":"강원도 춘천시 후석로 338 (후평동)1층","phone":"1522-4400","hours":"10:00–22:00","openingDate":"20190118","region":"강원","options":["출입구 경사로","심카드","포인트 적립가능","포인트 사용가능","매장픽업"],"source":"㈜아성다이소 공식 매장검색","sourceUrl":"https://www.daiso.co.kr/cs/shop"}},{"type":"Feature","geometry":{"type":"Point","coordinates":[128.991506995765,37.1736600824097]},"properties":{"name":"태백황지점","address":"강원도 태백시 황지로 168 (황지동)1층","phone":"1522-4400","hours":"10:00–22:00","openingDate":"20210626","region":"강원","options":["주차","포토 스티커","네임 스티커","포인트 적립가능","포인트 사용가능","매장픽업"],"source":"㈜아성다이소 공식 매장검색","sourceUrl":"https://www.daiso.co.kr/cs/shop"}},{"type":"Feature","geometry":{"type":"Point","coordinates":[128.391753876026,37.3756964016249]},"properties":{"name":"평창점","address":"강원특별자치도 평창군 평창읍 평창중앙로 245B1층","phone":"1522-4400","hours":"10:00–22:00","openingDate":"20231124","region":"강원","options":["주차","현금없는매장","포토 스티커","포인트 적립가능","포인트 사용가능","매장픽업"],"source":"㈜아성다이소 공식 매장검색","sourceUrl":"https://www.daiso.co.kr/cs/shop"}},{"type":"Feature","geometry":{"type":"Point","coordinates":[128.55750583221,37.6347028836382]},"properties":{"name":"평창진부점","address":"강원 평창군 진부면 경강로 3577 (하진부리)1~2층","phone":"1522-4400","hours":"10:00–22:00","openingDate":"20221125","region":"강원","options":["주차","출입구 경사로","엘리베이터","포토 스티커","포인트 적립가능","포인트 사용가능","매장픽업"],"source":"㈜아성다이소 공식 매장검색","sourceUrl":"https://www.daiso.co.kr/cs/shop"}},{"type":"Feature","geometry":{"type":"Point","coordinates":[128.701073056928,37.674423417798]},"properties":{"name":"평창횡계점","address":"강원도 평창군 대관령면 올림픽로 471~2층","phone":"1522-4400","hours":"10:00–22:00","openingDate":"20230317","region":"강원","options":["주차","엘리베이터","현금없는매장","포토 스티커","포인트 적립가능","포인트 사용가능"],"source":"㈜아성다이소 공식 매장검색","sourceUrl":"https://www.daiso.co.kr/cs/shop"}},{"type":"Feature","geometry":{"type":"Point","coordinates":[127.90347644782,37.6960843094835]},"properties":{"name":"홍천2호점","address":"강원도 홍천군 홍천읍 닭바위1길 751~2층","phone":"033-433-7341","hours":"09:00–21:00","openingDate":"20161012","region":"강원","options":["포인트 적립가능","포인트 사용가능"],"source":"㈜아성다이소 공식 매장검색","sourceUrl":"https://www.daiso.co.kr/cs/shop"}},{"type":"Feature","geometry":{"type":"Point","coordinates":[127.881028226742,37.6900354639359]},"properties":{"name":"홍천점","address":"강원도 홍천군 홍천읍 번영로 51~2층","phone":"033-433-2090","hours":"09:00–22:00","openingDate":"20060711","region":"강원","options":["주차","포인트 적립가능","포인트 사용가능"],"source":"㈜아성다이소 공식 매장검색","sourceUrl":"https://www.daiso.co.kr/cs/shop"}},{"type":"Feature","geometry":{"type":"Point","coordinates":[127.705983640522,38.1042078833321]},"properties":{"name":"화천점","address":"강원도 화천군 화천읍 상승로 45-181층","phone":"033-442-5522","hours":"10:00–22:00","openingDate":"20040901","region":"강원","options":["포인트 적립가능","포인트 사용가능","고유가지원금"],"source":"㈜아성다이소 공식 매장검색","sourceUrl":"https://www.daiso.co.kr/cs/shop"}},{"type":"Feature","geometry":{"type":"Point","coordinates":[127.118605302334,37.2751177604813]},"properties":{"name":"AK몰기흥점","address":"경기도 용인시 기흥구 기흥역로 63 (구갈동, 힐스테이트 기흥)B1층","phone":"1522-4400","hours":"10:30–22:00","openingDate":"20181214","region":"경기","options":["주차","포토 스티커","네임 스티커","포인트 적립가능","포인트 사용가능"],"source":"㈜아성다이소 공식 매장검색","sourceUrl":"https://www.daiso.co.kr/cs/shop"}},{"type":"Feature","geometry":{"type":"Point","coordinates":[126.882889721167,37.4186807426269]},"properties":{"name":"AK플라자광명점","address":"경기도 광명시 양지로 17 (일직동)B2층","phone":"1522-4400","hours":"10:30–21:00","openingDate":"20240411","region":"경기","options":["주차","포인트 적립가능","포인트 사용가능"],"source":"㈜아성다이소 공식 매장검색","sourceUrl":"https://www.daiso.co.kr/cs/shop"}},{"type":"Feature","geometry":{"type":"Point","coordinates":[127.000179930083,37.2655920786365]},"properties":{"name":"AK플라자수원점","address":"경기도 수원시 팔달구 덕영대로 924 (매산로1가)B1층","phone":"1522-4400","hours":"10:00–22:00","openingDate":"20250212","region":"경기","options":["주차","엘리베이터","포인트 적립가능","포인트 사용가능"],"source":"㈜아성다이소 공식 매장검색","sourceUrl":"https://www.daiso.co.kr/cs/shop"}},{"type":"Feature","geometry":{"type":"Point","coordinates":[126.902887119007,37.7089058064971]},"properties":{"name":"GS슈퍼고양벽제점","address":"경기도 고양시 덕양구 푸른마을로 6 (고양동)B1층","phone":"","hours":"10:00–22:00","openingDate":"20241107","region":"경기","options":["주차"],"source":"㈜아성다이소 공식 매장검색","sourceUrl":"https://www.daiso.co.kr/cs/shop"}},{"type":"Feature","geometry":{"type":"Point","coordinates":[126.756290049502,37.6998189887371]},"properties":{"name":"e에브리데이고양덕이점","address":"경기도 고양시 일산서구 하이파크2로 65(덕이동)1층","phone":"","hours":"10:00–23:00","openingDate":"20220811","region":"경기","options":["주차"],"source":"㈜아성다이소 공식 매장검색","sourceUrl":"https://www.daiso.co.kr/cs/shop"}},{"type":"Feature","geometry":{"type":"Point","coordinates":[127.124481973321,37.1819710386155]},"properties":{"name":"e에브리데이동탄목동점","address":"경기도 화성시 동탄신리천로1길 4 (목동)1층","phone":"","hours":"10:00–23:00","openingDate":"20230427","region":"경기","options":["주차"],"source":"㈜아성다이소 공식 매장검색","sourceUrl":"https://www.daiso.co.kr/cs/shop"}},{"type":"Feature","geometry":{"type":"Point","coordinates":[127.113228102981,37.1990621454731]},"properties":{"name":"e에브리데이동탄카림점","address":"경기도 화성시 동탄구 동탄대로시범길 134 (청계동, 동탄역시범반도유보라아이비파크4.0)B1층","phone":"1522-4400","hours":"10:00–23:00","openingDate":"20180611","region":"경기","options":["주차"],"source":"㈜아성다이소 공식 매장검색","sourceUrl":"https://www.daiso.co.kr/cs/shop"}},{"type":"Feature","geometry":{"type":"Point","coordinates":[127.104078001389,37.1720762292297]},"properties":{"name":"e에브리데이동탄호수점","address":"경기도 화성시 동탄대로 181 (송동, 동탄린스트라우스더레이크)B1층","phone":"","hours":"10:00–22:30","openingDate":"20200521","region":"경기","options":["주차"],"source":"㈜아성다이소 공식 매장검색","sourceUrl":"https://www.daiso.co.kr/cs/shop"}},{"type":"Feature","geometry":{"type":"Point","coordinates":[126.87444925892,37.8513826918705]},"properties":{"name":"e에브리데이법원점","address":"경기도 파주시 법원읍 술이홀로 8991층","phone":"","hours":"08:00–23:00","openingDate":"20190815","region":"경기","options":["주차"],"source":"㈜아성다이소 공식 매장검색","sourceUrl":"https://www.daiso.co.kr/cs/shop"}},{"type":"Feature","geometry":{"type":"Point","coordinates":[127.061806534365,37.7284045714165]},"properties":{"name":"e에브리데이신곡풍림점","address":"경기도 의정부시 동일로454번길 40 (신곡동)B1층","phone":"","hours":"10:00–23:00","openingDate":"20180123","region":"경기","options":["주차"],"source":"㈜아성다이소 공식 매장검색","sourceUrl":"https://www.daiso.co.kr/cs/shop"}},{"type":"Feature","geometry":{"type":"Point","coordinates":[127.103526966397,37.0160706312762]},"properties":{"name":"e에브리데이평택동삭점","address":"경기도 평택시 상서재로2길 56-17(동삭동)1층","phone":"","hours":"10:00–23:00","openingDate":"20230216","region":"경기","options":["주차"],"source":"㈜아성다이소 공식 매장검색","sourceUrl":"https://www.daiso.co.kr/cs/shop"}},{"type":"Feature","geometry":{"type":"Point","coordinates":[127.043358224206,37.7506120553193]},"properties":{"name":"가능역점","address":"경기도 의정부시 신촌로 79 (가능동)1층","phone":"1522-4400","hours":"10:00–22:00","openingDate":"20130927","region":"경기","options":["주차","출입구 경사로","엘리베이터","심카드","포인트 적립가능"],"source":"㈜아성다이소 공식 매장검색","sourceUrl":"https://www.daiso.co.kr/cs/shop"}},{"type":"Feature","geometry":{"type":"Point","coordinates":[127.127126503914,37.4476708498206]},"properties":{"name":"가천대점","address":"경기도 성남시 수정구 성남대로 1322 (태평동)B1층","phone":"","hours":"10:00–22:00","openingDate":"20150608","region":"경기","options":["포인트 적립가능","포인트 사용가능","고유가지원금"],"source":"㈜아성다이소 공식 매장검색","sourceUrl":"https://www.daiso.co.kr/cs/shop"}},{"type":"Feature","geometry":{"type":"Point","coordinates":[127.485028235117,37.678490574307]},"properties":{"name":"가평설악점","address":"경기도 가평군 설악면 유명로 16742층","phone":"0507-1356-5972","hours":"10:00–22:00","openingDate":"20230120","region":"경기","options":["주차","포인트 적립가능","포인트 사용가능","고유가지원금"],"source":"㈜아성다이소 공식 매장검색","sourceUrl":"https://www.daiso.co.kr/cs/shop"}},{"type":"Feature","geometry":{"type":"Point","coordinates":[127.513410638265,37.830065463666]},"properties":{"name":"가평점","address":"경기도 가평군 가평읍 가화로 48-11~2층","phone":"070-8831-9749","hours":"10:00–22:00","openingDate":"20151015","region":"경기","options":["포인트 적립가능","포인트 사용가능"],"source":"㈜아성다이소 공식 매장검색","sourceUrl":"https://www.daiso.co.kr/cs/shop"}},{"type":"Feature","geometry":{"type":"Point","coordinates":[127.350240834023,37.8187295187222]},"properties":{"name":"가평현리점","address":"경기도 가평군 조종면 조종희망로 171층","phone":"0507-1494-0428","hours":"09:00–22:00","openingDate":"20220813","region":"경기","options":["주차","포인트 적립가능","포인트 사용가능","고유가지원금"],"source":"㈜아성다이소 공식 매장검색","sourceUrl":"https://www.daiso.co.kr/cs/shop"}},{"type":"Feature","geometry":{"type":"Point","coordinates":[127.260518438836,37.4082061491423]},"properties":{"name":"경기광주본점","address":"경기도 광주시 광주대로 17 (역동)1~4층","phone":"1522-4400","hours":"10:00–22:00","openingDate":"20171112","region":"경기","options":["주차","출입구 경사로","엘리베이터","포토 스티커","네임 스티커","심카드","포인트 적립가능","포인트 사용가능","매장픽업"],"source":"㈜아성다이소 공식 매장검색","sourceUrl":"https://www.daiso.co.kr/cs/shop"}},{"type":"Feature","geometry":{"type":"Point","coordinates":[127.155157397675,37.3601114873036]},"properties":{"name":"경기광주신현점","address":"경기도 광주시 오포읍 신현로 76B1층","phone":"031-711-4225","hours":"10:00–22:00","openingDate":"20170224","region":"경기","options":["주차","포인트 적립가능","포인트 사용가능","고유가지원금"],"source":"㈜아성다이소 공식 매장검색","sourceUrl":"https://www.daiso.co.kr/cs/shop"}},{"type":"Feature","geometry":{"type":"Point","coordinates":[127.275330113434,37.3964893508296]},"properties":{"name":"경기광주쌍령점","address":"경기도 광주시 경충대로 1413 (쌍령동)1~4층","phone":"1522-4400","hours":"10:00–22:00","openingDate":"20260605","region":"경기","options":["주차","출입구 경사로","엘리베이터","현금없는매장","포토 스티커","네임 스티커","포인트 적립가능","포인트 사용가능"],"source":"㈜아성다이소 공식 매장검색","sourceUrl":"https://www.daiso.co.kr/cs/shop"}},{"type":"Feature","geometry":{"type":"Point","coordinates":[127.24637508751,37.3713368738573]},"properties":{"name":"경기광주양벌동점","address":"경기도 광주시 양벌로 320-4 (양벌동)1층","phone":"1522-4400","hours":"10:00–22:00","openingDate":"20241129","region":"경기","options":["주차","엘리베이터","현금없는매장","포토 스티커","네임 스티커","포인트 적립가능","포인트 사용가능","매장픽업"],"source":"㈜아성다이소 공식 매장검색","sourceUrl":"https://www.daiso.co.kr/cs/shop"}},{"type":"Feature","geometry":{"type":"Point","coordinates":[127.213538249708,37.4049682756019]},"properties":{"name":"경기광주중대점","address":"경기도 광주시 순암로 360(중대동)2~4층","phone":"1522-4400","hours":"10:00–22:00","openingDate":"20221223","region":"경기","options":["주차","엘리베이터","현금없는매장","네임 스티커","포인트 적립가능","포인트 사용가능","매장픽업"],"source":"㈜아성다이소 공식 매장검색","sourceUrl":"https://www.daiso.co.kr/cs/shop"}},{"type":"Feature","geometry":{"type":"Point","coordinates":[127.304589680309,37.3693726555551]},"properties":{"name":"경기광주초월점","address":"경기도 광주시 초월읍 경충대로 10041~2층","phone":"1522-4400","hours":"10:00–22:00","openingDate":"20201226","region":"경기","options":["주차","출입구 경사로","엘리베이터","네임 스티커","포인트 적립가능","포인트 사용가능","매장픽업"],"source":"㈜아성다이소 공식 매장검색","sourceUrl":"https://www.daiso.co.kr/cs/shop"}},{"type":"Feature","geometry":{"type":"Point","coordinates":[127.22767920466,37.3812801897434]},"properties":{"name":"경기광주태전점","address":"경기도 광주시 태성로 98 (태전동)B2~B1층","phone":"1522-4400","hours":"10:00–22:00","openingDate":"20251219","region":"경기","options":["주차","엘리베이터","현금없는매장","포토 스티커","네임 스티커","포인트 적립가능","포인트 사용가능","매장픽업"],"source":"㈜아성다이소 공식 매장검색","sourceUrl":"https://www.daiso.co.kr/cs/shop"}},{"type":"Feature","geometry":{"type":"Point","coordinates":[127.308664917252,37.4701728673413]},"properties":{"name":"경기광주퇴촌점","address":"경기도 광주시 퇴촌면 광동로 542층","phone":"031-766-2188","hours":"10:00–22:00","openingDate":"20220224","region":"경기","options":["주차","포인트 적립가능","포인트 사용가능","고유가지원금"],"source":"㈜아성다이소 공식 매장검색","sourceUrl":"https://www.daiso.co.kr/cs/shop"}},{"type":"Feature","geometry":{"type":"Point","coordinates":[126.894899571293,37.6529825476166]},"properties":{"name":"고양삼송점","address":"경기도 고양시 덕양구 삼송로 190-5(삼송동)B1층","phone":"02-381-4411","hours":"09:30–22:00","openingDate":"20150328","region":"경기","options":["주차","포인트 적립가능","포인트 사용가능","고유가지원금"],"source":"㈜아성다이소 공식 매장검색","sourceUrl":"https://www.daiso.co.kr/cs/shop"}},{"type":"Feature","geometry":{"type":"Point","coordinates":[126.892389077774,37.663016678028]},"properties":{"name":"고양신원점","address":"경기도 고양시 덕양구 통일로 317 (신원동)1~4층","phone":"1522-4400","hours":"10:00–22:00","openingDate":"20250531","region":"경기","options":["주차","엘리베이터","포토 스티커","네임 스티커","택스리펀드","포인트 적립가능","포인트 사용가능","매장픽업"],"source":"㈜아성다이소 공식 매장검색","sourceUrl":"https://www.daiso.co.kr/cs/shop"}},{"type":"Feature","geometry":{"type":"Point","coordinates":[126.834435700617,37.6553388060677]},"properties":{"name":"고양원당점","address":"경기도 고양시 덕양구 고양대로 1351 (주교동)B1~4층","phone":"1522-4400","hours":"10:00–22:00","openingDate":"20180223","region":"경기","options":["출입구 경사로","엘리베이터","심카드","포인트 적립가능","포인트 사용가능","매장픽업"],"source":"㈜아성다이소 공식 매장검색","sourceUrl":"https://www.daiso.co.kr/cs/shop"}},{"type":"Feature","geometry":{"type":"Point","coordinates":[126.788568213015,37.6811957739489]},"properties":{"name":"고양중산점","address":"경기도 고양시 일산동구 소개울길 4 (중산동)1~2층","phone":"1522-4400","hours":"10:00–22:00","openingDate":"20191024","region":"경기","options":["주차","엘리베이터","포토 스티커","심카드","포인트 적립가능","포인트 사용가능","매장픽업"],"source":"㈜아성다이소 공식 매장검색","sourceUrl":"https://www.daiso.co.kr/cs/shop"}},{"type":"Feature","geometry":{"type":"Point","coordinates":[126.843374974722,37.619286506185]},"properties":{"name":"고양행신2호점","address":"경기도 고양시 덕양구 중앙로 472 (행신동)2층","phone":"1522-4400","hours":"10:00–22:00","openingDate":"20260630","region":"경기","options":["엘리베이터","현금없는매장","포토 스티커","네임 스티커","포인트 적립가능","포인트 사용가능"],"source":"㈜아성다이소 공식 매장검색","sourceUrl":"https://www.daiso.co.kr/cs/shop"}},{"type":"Feature","geometry":{"type":"Point","coordinates":[126.889886731456,37.6004342552927]},"properties":{"name":"고양향동점","address":"경기도 고양시 덕양구 꽃내음1길 21(향동동)B1층","phone":"02-3158-4255","hours":"10:00–22:00","openingDate":"20200808","region":"경기","options":["주차","포인트 적립가능","포인트 사용가능","고유가지원금"],"source":"㈜아성다이소 공식 매장검색","sourceUrl":"https://www.daiso.co.kr/cs/shop"}},{"type":"Feature","geometry":{"type":"Point","coordinates":[126.837744815692,37.6378210009967]},"properties":{"name":"고양화정2호점","address":"경기도 고양시 덕양구 충장로 285 (화정동)1층","phone":"1522-4400","hours":"10:00–22:00","openingDate":"20231130","region":"경기","options":["주차","엘리베이터","현금없는매장","포토 스티커","포인트 적립가능","포인트 사용가능","매장픽업"],"source":"㈜아성다이소 공식 매장검색","sourceUrl":"https://www.daiso.co.kr/cs/shop"}},{"type":"Feature","geometry":{"type":"Point","coordinates":[127.342298908397,37.3498113043301]},"properties":{"name":"곤지암점","address":"경기도 광주시 곤지암읍 곤지암로 421층","phone":"031-762-6376","hours":"10:00–22:00","openingDate":"20130701","region":"경기","options":["주차","포인트 적립가능","포인트 사용가능","고유가지원금"],"source":"㈜아성다이소 공식 매장검색","sourceUrl":"https://www.daiso.co.kr/cs/shop"}},{"type":"Feature","geometry":{"type":"Point","coordinates":[126.991003155267,37.4283051416302]},"properties":{"name":"과천점","address":"경기도 과천시 중앙로 129 (중앙동)B1층","phone":"1522-4400","hours":"10:00–22:00","openingDate":"20140731","region":"경기","options":["현금없는매장","심카드","포인트 적립가능","포인트 사용가능","매장픽업"],"source":"㈜아성다이소 공식 매장검색","sourceUrl":"https://www.daiso.co.kr/cs/shop"}},{"type":"Feature","geometry":{"type":"Point","coordinates":[126.957246505986,37.404822968928]},"properties":{"name":"관양시장점","address":"경기도 안양시 동안구 관평로 317 (관양동)1층","phone":"1522-4400","hours":"10:00–22:00","openingDate":"20110830","region":"경기","options":["출입구 경사로","네임 스티커","심카드","포인트 적립가능","포인트 사용가능","매장픽업"],"source":"㈜아성다이소 공식 매장검색","sourceUrl":"https://www.daiso.co.kr/cs/shop"}},{"type":"Feature","geometry":{"type":"Point","coordinates":[127.068164257797,37.2963064601248]},"properties":{"name":"광교상현역점","address":"경기도 용인시 수지구 광교중앙로295번길 3 (상현동)2층","phone":"1522-4400","hours":"10:00–22:00","openingDate":"20190927","region":"경기","options":["주차","엘리베이터","현금없는매장","네임 스티커","심카드","포인트 적립가능","포인트 사용가능","매장픽업"],"source":"㈜아성다이소 공식 매장검색","sourceUrl":"https://www.daiso.co.kr/cs/shop"}},{"type":"Feature","geometry":{"type":"Point","coordinates":[127.050470929016,37.2915676707273]},"properties":{"name":"광교아브뉴프랑점","address":"경기도 수원시 영통구 센트럴타운로 85 (이의동, Summit place 광교)B1층","phone":"1522-4400","hours":"10:00–22:00","openingDate":"20191031","region":"경기","options":["주차","엘리베이터","포토 스티커","심카드","포인트 적립가능","포인트 사용가능","매장픽업"],"source":"㈜아성다이소 공식 매장검색","sourceUrl":"https://www.daiso.co.kr/cs/shop"}},{"type":"Feature","geometry":{"type":"Point","coordinates":[126.854326793947,37.4799209528752]},"properties":{"name":"광명사거리점","address":"경기도 광명시 광명로 907 (광명동)1층","phone":"1522-4400","hours":"10:00–22:00","openingDate":"20131022","region":"경기","options":["엘리베이터","네임 스티커","심카드","포인트 적립가능","포인트 사용가능","매장픽업"],"source":"㈜아성다이소 공식 매장검색","sourceUrl":"https://www.daiso.co.kr/cs/shop"}},{"type":"Feature","geometry":{"type":"Point","coordinates":[126.890082328672,37.4505997320194]},"properties":{"name":"광명소하점","address":"경기도 광명시 금하로 522 (소하동)1~2층","phone":"1522-4400","hours":"10:00–22:00","openingDate":"20120927","region":"경기","options":["주차","출입구 경사로","엘리베이터","포토 스티커","네임 스티커","심카드","포인트 적립가능","포인트 사용가능","매장픽업"],"source":"㈜아성다이소 공식 매장검색","sourceUrl":"https://www.daiso.co.kr/cs/shop"}},{"type":"Feature","geometry":{"type":"Point","coordinates":[126.876054699307,37.4600973006645]},"properties":{"name":"광명하안점","address":"경기도 광명시 오리로 665 (하안동)1~3층","phone":"1522-4400","hours":"10:00–22:00","openingDate":"20190723","region":"경기","options":["주차","포토 스티커","네임 스티커","심카드","포인트 적립가능","포인트 사용가능","매장픽업"],"source":"㈜아성다이소 공식 매장검색","sourceUrl":"https://www.daiso.co.kr/cs/shop"}},{"type":"Feature","geometry":{"type":"Point","coordinates":[127.139792538018,37.5991941552708]},"properties":{"name":"구리2호점","address":"경기도 구리시 안골로77번길 38 (수택동)B1~2층","phone":"1522-4400","hours":"10:00–22:00","openingDate":"20060830","region":"경기","options":["출입구 경사로","심카드","포인트 적립가능","포인트 사용가능","매장픽업"],"source":"㈜아성다이소 공식 매장검색","sourceUrl":"https://www.daiso.co.kr/cs/shop"}},{"type":"Feature","geometry":{"type":"Point","coordinates":[127.142695181507,37.6020865535864]},"properties":{"name":"구리역점","address":"경기도 구리시 경춘로 249 (인창동)B1층","phone":"1522-4400","hours":"10:00–22:00","openingDate":"20110228","region":"경기","options":["포토 스티커","네임 스티커","심카드","포인트 적립가능","포인트 사용가능","매장픽업"],"source":"㈜아성다이소 공식 매장검색","sourceUrl":"https://www.daiso.co.kr/cs/shop"}},{"type":"Feature","geometry":{"type":"Point","coordinates":[127.140918284674,37.6131388676785]},"properties":{"name":"구리유통종합시장점","address":"경기도 구리시 동구릉로136번길 57 (인창동)3층","phone":"1522-4400","hours":"10:00–22:00","openingDate":"20250830","region":"경기","options":["주차","엘리베이터","현금없는매장","포토 스티커","네임 스티커","포인트 적립가능","포인트 사용가능","매장픽업"],"source":"㈜아성다이소 공식 매장검색","sourceUrl":"https://www.daiso.co.kr/cs/shop"}},{"type":"Feature","geometry":{"type":"Point","coordinates":[127.133952008542,37.6057131927572]},"properties":{"name":"구리인창동점","address":"경기도 구리시 동구릉로 63 (인창동)1~2층","phone":"1522-4400","hours":"10:00–22:00","openingDate":"20210523","region":"경기","options":["주차","출입구 경사로","현금없는매장","네임 스티커","포인트 적립가능","포인트 사용가능","매장픽업"],"source":"㈜아성다이소 공식 매장검색","sourceUrl":"https://www.daiso.co.kr/cs/shop"}},{"type":"Feature","geometry":{"type":"Point","coordinates":[127.148378773969,37.5868576641908]},"properties":{"name":"구리토평점","address":"경기도 구리시 벌말로 114 (토평동)1~3층","phone":"1522-4400","hours":"10:00–22:00","openingDate":"20161125","region":"경기","options":["주차","출입구 경사로","현금없는매장","포토 스티커","심카드","포인트 적립가능","포인트 사용가능","매장픽업"],"source":"㈜아성다이소 공식 매장검색","sourceUrl":"https://www.daiso.co.kr/cs/shop"}},{"type":"Feature","geometry":{"type":"Point","coordinates":[126.944636946665,37.3496736693949]},"properties":{"name":"군포당동점","address":"경기도 군포시 군포로 486(당동)1~2층","phone":"031-396-5230","hours":"10:00–22:00","openingDate":"20151128","region":"경기","options":["주차","포인트 적립가능","포인트 사용가능","고유가지원금"],"source":"㈜아성다이소 공식 매장검색","sourceUrl":"https://www.daiso.co.kr/cs/shop"}},{"type":"Feature","geometry":{"type":"Point","coordinates":[126.918050584019,37.3153538991862]},"properties":{"name":"군포송정점","address":"경기도 군포시 송부로34번길 2(도마교동)1~2층","phone":"031-417-6019","hours":"10:00–22:00","openingDate":"20220129","region":"경기","options":["주차","포인트 적립가능","포인트 사용가능","고유가지원금"],"source":"㈜아성다이소 공식 매장검색","sourceUrl":"https://www.daiso.co.kr/cs/shop"}},{"type":"Feature","geometry":{"type":"Point","coordinates":[126.9524258854,37.3182030396939]},"properties":{"name":"굿모닝마트부곡점","address":"경기도 의왕시 부곡시장4길 7 (삼동)1층","phone":"","hours":"10:00–22:00","openingDate":"20030926","region":"경기","options":[],"source":"㈜아성다이소 공식 매장검색","sourceUrl":"https://www.daiso.co.kr/cs/shop"}},{"type":"Feature","geometry":{"type":"Point","coordinates":[127.056407465354,37.7401109708529]},"properties":{"name":"굿모닝마트신곡점","address":"경기도 의정부시 동일로 583 (신곡동)1층","phone":"","hours":"10:00–23:00","openingDate":"20031011","region":"경기","options":[],"source":"㈜아성다이소 공식 매장검색","sourceUrl":"https://www.daiso.co.kr/cs/shop"}},{"type":"Feature","geometry":{"type":"Point","coordinates":[127.06628107024,38.0281979117195]},"properties":{"name":"굿모닝마트전곡점","address":"경기도 연천군 전곡읍 전곡로 187-11층","phone":"","hours":"09:00–23:00","openingDate":"20050129","region":"경기","options":[],"source":"㈜아성다이소 공식 매장검색","sourceUrl":"https://www.daiso.co.kr/cs/shop"}},{"type":"Feature","geometry":{"type":"Point","coordinates":[127.059882952279,37.1586086088129]},"properties":{"name":"궐동점","address":"경기도 오산시 궐동로69번길 78(궐동)1~2층","phone":"031-375-7128","hours":"09:30–22:00","openingDate":"20141008","region":"경기","options":["포인트 적립가능","포인트 사용가능","고유가지원금"],"source":"㈜아성다이소 공식 매장검색","sourceUrl":"https://www.daiso.co.kr/cs/shop"}},{"type":"Feature","geometry":{"type":"Point","coordinates":[127.20818060441,37.6339042262787]},"properties":{"name":"금곡점","address":"경기도 남양주시 금곡로 46 (금곡동)1~2층","phone":"031-591-9749","hours":"10:00–22:00","openingDate":"20190601","region":"경기","options":["포인트 적립가능","포인트 사용가능","고유가지원금"],"source":"㈜아성다이소 공식 매장검색","sourceUrl":"https://www.daiso.co.kr/cs/shop"}},{"type":"Feature","geometry":{"type":"Point","coordinates":[126.767609053287,37.7522877327761]},"properties":{"name":"금릉역점","address":"경기도 파주시 금빛로 44-2(금촌동)1~2층","phone":"031-949-4186","hours":"10:00–22:00","openingDate":"20150802","region":"경기","options":["주차","포인트 적립가능","포인트 사용가능","고유가지원금"],"source":"㈜아성다이소 공식 매장검색","sourceUrl":"https://www.daiso.co.kr/cs/shop"}},{"type":"Feature","geometry":{"type":"Point","coordinates":[126.775061604655,37.7626209431563]},"properties":{"name":"금촌본점","address":"경기도 파주시 문화로 94 (금촌동)1~3층","phone":"1522-4400","hours":"10:00–22:00","openingDate":"20160513","region":"경기","options":["포토 스티커","네임 스티커","심카드","포인트 적립가능","포인트 사용가능","매장픽업"],"source":"㈜아성다이소 공식 매장검색","sourceUrl":"https://www.daiso.co.kr/cs/shop"}},{"type":"Feature","geometry":{"type":"Point","coordinates":[126.697688490237,37.6236459775022]},"properties":{"name":"김포감정본점","address":"경기도 김포시 중봉로 12 (감정동)1~3층","phone":"1522-4400","hours":"10:00–22:00","openingDate":"20181116","region":"경기","options":["출입구 경사로","엘리베이터","네임 스티커","심카드","포인트 적립가능","포인트 사용가능","매장픽업"],"source":"㈜아성다이소 공식 매장검색","sourceUrl":"https://www.daiso.co.kr/cs/shop"}},{"type":"Feature","geometry":{"type":"Point","coordinates":[126.619851774877,37.6475572480276]},"properties":{"name":"김포구래2호점","address":"경기도 김포시 양촌읍 김포한강10로 2281~3층","phone":"1522-4400","hours":"10:00–22:00","openingDate":"20260227","region":"경기","options":["주차","엘리베이터","포토 스티커","네임 스티커","포인트 적립가능","포인트 사용가능","매장픽업"],"source":"㈜아성다이소 공식 매장검색","sourceUrl":"https://www.daiso.co.kr/cs/shop"}},{"type":"Feature","geometry":{"type":"Point","coordinates":[126.625110701016,37.6432763174169]},"properties":{"name":"김포구래점","address":"경기도 김포시 김포한강8로 396 (구래동)1~2층","phone":"1522-4400","hours":"10:00–22:00","openingDate":"20180121","region":"경기","options":["주차","엘리베이터","포토 스티커","네임 스티커","심카드","포인트 적립가능","포인트 사용가능","매장픽업"],"source":"㈜아성다이소 공식 매장검색","sourceUrl":"https://www.daiso.co.kr/cs/shop"}},{"type":"Feature","geometry":{"type":"Point","coordinates":[126.718735037216,37.6202383308437]},"properties":{"name":"김포사우점","address":"경기도 김포시 김포대로 855(사우동)1~2층","phone":"031-997-8558","hours":"10:00–22:00","openingDate":"20070131","region":"경기","options":["포인트 적립가능","포인트 사용가능","고유가지원금"],"source":"㈜아성다이소 공식 매장검색","sourceUrl":"https://www.daiso.co.kr/cs/shop"}},{"type":"Feature","geometry":{"type":"Point","coordinates":[126.627820477344,37.6556836209146]},"properties":{"name":"김포양곡점","address":"경기도 김포시 양촌읍 양곡로 4981~3층","phone":"1522-4400","hours":"10:00–22:00","openingDate":"20240525","region":"경기","options":["출입구 경사로","엘리베이터","포토 스티커","네임 스티커","포인트 적립가능","포인트 사용가능","매장픽업"],"source":"㈜아성다이소 공식 매장검색","sourceUrl":"https://www.daiso.co.kr/cs/shop"}},{"type":"Feature","geometry":{"type":"Point","coordinates":[126.682574204756,37.6541524367087]},"properties":{"name":"김포운양역점","address":"경기도 김포시 김포한강1로 227 (운양동)B1~1층","phone":"1522-4400","hours":"10:00–22:00","openingDate":"20240430","region":"경기","options":["주차","출입구 경사로","엘리베이터","현금없는매장","포토 스티커","네임 스티커","포인트 적립가능","포인트 사용가능","매장픽업"],"source":"㈜아성다이소 공식 매장검색","sourceUrl":"https://www.daiso.co.kr/cs/shop"}},{"type":"Feature","geometry":{"type":"Point","coordinates":[126.669516719018,37.6441560702623]},"properties":{"name":"김포장기점","address":"경기도 김포시 김포한강1로 68 (장기동)1~4층","phone":"1522-4400","hours":"10:00–22:00","openingDate":"20120217","region":"경기","options":["엘리베이터","포토 스티커","네임 스티커","심카드","포인트 적립가능","포인트 사용가능","매장픽업"],"source":"㈜아성다이소 공식 매장검색","sourceUrl":"https://www.daiso.co.kr/cs/shop"}},{"type":"Feature","geometry":{"type":"Point","coordinates":[126.59833359224,37.689315317954]},"properties":{"name":"김포통진점","address":"경기도 김포시 통진읍 김포대로 22291~2층","phone":"1522-4400","hours":"10:00–22:00","openingDate":"20211119","region":"경기","options":["주차","엘리베이터","포토 스티커","네임 스티커","포인트 적립가능","포인트 사용가능","매장픽업"],"source":"㈜아성다이소 공식 매장검색","sourceUrl":"https://www.daiso.co.kr/cs/shop"}},{"type":"Feature","geometry":{"type":"Point","coordinates":[126.725306014126,37.6155883275451]},"properties":{"name":"김포풍무로점","address":"경기도 김포시 풍무로 227 (사우동)1~2층","phone":"1522-4400","hours":"10:00–22:00","openingDate":"20190117","region":"경기","options":["주차","출입구 경사로","엘리베이터","현금없는매장","포토 스티커","심카드","포인트 적립가능","포인트 사용가능","매장픽업"],"source":"㈜아성다이소 공식 매장검색","sourceUrl":"https://www.daiso.co.kr/cs/shop"}},{"type":"Feature","geometry":{"type":"Point","coordinates":[126.622749588173,37.6195297435288]},"properties":{"name":"김포학운점","address":"경기도 김포시 양촌읍 황금로 90-31층","phone":"031-982-9943","hours":"10:00–22:00","openingDate":"20230114","region":"경기","options":["포인트 적립가능","포인트 사용가능","고유가지원금"],"source":"㈜아성다이소 공식 매장검색","sourceUrl":"https://www.daiso.co.kr/cs/shop"}},{"type":"Feature","geometry":{"type":"Point","coordinates":[127.118518805977,37.1706228689522]},"properties":{"name":"남동탄점","address":"경기도 화성시 동탄순환대로 257 (산척동)2층","phone":"1522-4400","hours":"10:00–22:00","openingDate":"20190111","region":"경기","options":["주차","엘리베이터","현금없는매장","포토 스티커","네임 스티커","심카드","포인트 적립가능","포인트 사용가능","매장픽업"],"source":"㈜아성다이소 공식 매장검색","sourceUrl":"https://www.daiso.co.kr/cs/shop"}},{"type":"Feature","geometry":{"type":"Point","coordinates":[127.167362907457,37.6100406969272]},"properties":{"name":"남양주다산본점","address":"경기도 남양주시 경춘로 490 (다산동)B1층","phone":"1522-4400","hours":"10:00–22:00","openingDate":"20240322","region":"경기","options":["주차","엘리베이터","현금없는매장","포토 스티커","네임 스티커","포인트 적립가능","포인트 사용가능","매장픽업"],"source":"㈜아성다이소 공식 매장검색","sourceUrl":"https://www.daiso.co.kr/cs/shop"}},{"type":"Feature","geometry":{"type":"Point","coordinates":[127.210018017661,37.6796247437294]},"properties":{"name":"남양주오남점","address":"경기도 남양주시 오남읍 진건오남로 5121층","phone":"1522-4400","hours":"10:00–22:00","openingDate":"20230922","region":"경기","options":["주차","출입구 경사로","엘리베이터","포토 스티커","포인트 적립가능","포인트 사용가능","매장픽업"],"source":"㈜아성다이소 공식 매장검색","sourceUrl":"https://www.daiso.co.kr/cs/shop"}},{"type":"Feature","geometry":{"type":"Point","coordinates":[127.341096342162,37.6571673532934]},"properties":{"name":"남양주월산점","address":"경기도 남양주시 화도읍 경춘로 22831~2층","phone":"1522-4400","hours":"10:00–22:00","openingDate":"20241018","region":"경기","options":["주차","출입구 경사로","포토 스티커","네임 스티커","포인트 적립가능","포인트 사용가능","매장픽업"],"source":"㈜아성다이소 공식 매장검색","sourceUrl":"https://www.daiso.co.kr/cs/shop"}},{"type":"Feature","geometry":{"type":"Point","coordinates":[127.190600187084,37.7233741536942]},"properties":{"name":"남양주장현점","address":"경기도 남양주시 진접읍 금강로 14831~3층","phone":"1522-4400","hours":"10:00–22:00","openingDate":"20230414","region":"경기","options":["주차","출입구 경사로","포토 스티커","네임 스티커","포인트 적립가능","포인트 사용가능","매장픽업"],"source":"㈜아성다이소 공식 매장검색","sourceUrl":"https://www.daiso.co.kr/cs/shop"}},{"type":"Feature","geometry":{"type":"Point","coordinates":[127.304324970222,37.638253031366]},"properties":{"name":"남양주차산점","address":"경기도 남양주시 화도읍 수레로 1132B1~1층","phone":"1522-4400","hours":"10:00–22:00","openingDate":"20250627","region":"경기","options":["주차","현금없는매장","포토 스티커","네임 스티커","포인트 적립가능","포인트 사용가능"],"source":"㈜아성다이소 공식 매장검색","sourceUrl":"https://www.daiso.co.kr/cs/shop"}},{"type":"Feature","geometry":{"type":"Point","coordinates":[127.116858772369,37.7077792415456]},"properties":{"name":"남양주청학점","address":"경기도 남양주시 별내면 청학로 911~3층","phone":"031-848-6888","hours":"10:00–22:00","openingDate":"20210915","region":"경기","options":["포인트 적립가능","포인트 사용가능","고유가지원금"],"source":"㈜아성다이소 공식 매장검색","sourceUrl":"https://www.daiso.co.kr/cs/shop"}},{"type":"Feature","geometry":{"type":"Point","coordinates":[127.281973108425,37.6554572976494]},"properties":{"name":"남양주화도점","address":"경기도 남양주시 화도읍 경춘로 17181~3층","phone":"1522-4400","hours":"10:00–22:00","openingDate":"20180620","region":"경기","options":["주차","출입구 경사로","엘리베이터","포토 스티커","네임 스티커","심카드","포인트 적립가능","포인트 사용가능","매장픽업"],"source":"㈜아성다이소 공식 매장검색","sourceUrl":"https://www.daiso.co.kr/cs/shop"}},{"type":"Feature","geometry":{"type":"Point","coordinates":[127.1405219714,37.463903364606]},"properties":{"name":"남위례역점","address":"경기도 성남시 수정구 위례서일로 46(창곡동)2층","phone":"1522-4400","hours":"10:00–22:00","openingDate":"20221230","region":"경기","options":["주차","출입구 경사로","엘리베이터","현금없는매장","포토 스티커","네임 스티커","포인트 적립가능","포인트 사용가능","매장픽업"],"source":"㈜아성다이소 공식 매장검색","sourceUrl":"https://www.daiso.co.kr/cs/shop"}},{"type":"Feature","geometry":{"type":"Point","coordinates":[127.105579607745,37.2082263193439]},"properties":{"name":"농협동탄유통센터점","address":"경기도 화성시 동탄순환대로27길 30 (영천동)2층","phone":"1522-4400","hours":"09:00–22:00","openingDate":"20200910","region":"경기","options":["주차","포인트 적립가능","포인트 사용가능"],"source":"㈜아성다이소 공식 매장검색","sourceUrl":"https://www.daiso.co.kr/cs/shop"}},{"type":"Feature","geometry":{"type":"Point","coordinates":[127.154413377627,37.6257236361466]},"properties":{"name":"다산신도시점","address":"경기도 남양주시 다산중앙로146번길 18 (다산동)B1~1층","phone":"1522-4400","hours":"10:00–22:00","openingDate":"20200828","region":"경기","options":["주차","엘리베이터","포토 스티커","네임 스티커","심카드","포인트 적립가능","포인트 사용가능","매장픽업"],"source":"㈜아성다이소 공식 매장검색","sourceUrl":"https://www.daiso.co.kr/cs/shop"}},{"type":"Feature","geometry":{"type":"Point","coordinates":[127.158947990444,37.4447000802856]},"properties":{"name":"단대오거리점","address":"경기도 성남시 중원구 산성대로372번길 18 (금광동)B1~2층","phone":"1522-4400","hours":"10:00–22:00","openingDate":"20100203","region":"경기","options":["네임 스티커","심카드","포인트 적립가능","포인트 사용가능","매장픽업"],"source":"㈜아성다이소 공식 매장검색","sourceUrl":"https://www.daiso.co.kr/cs/shop"}},{"type":"Feature","geometry":{"type":"Point","coordinates":[127.213288246706,37.5861492434742]},"properties":{"name":"덕소점","address":"경기도 남양주시 와부읍 덕소로97번길 9B1층","phone":"1522-4400","hours":"10:00–22:00","openingDate":"20131107","region":"경기","options":["주차","심카드","포인트 적립가능","포인트 사용가능","매장픽업"],"source":"㈜아성다이소 공식 매장검색","sourceUrl":"https://www.daiso.co.kr/cs/shop"}},{"type":"Feature","geometry":{"type":"Point","coordinates":[127.161152955692,37.6088256177708]},"properties":{"name":"도농역점","address":"경기도 남양주시 경춘로 433(다산동)3층","phone":"1522-4400","hours":"09:30–22:00","openingDate":"20220428","region":"경기","options":["주차","엘리베이터","포토 스티커","네임 스티커","포인트 적립가능"],"source":"㈜아성다이소 공식 매장검색","sourceUrl":"https://www.daiso.co.kr/cs/shop"}},{"type":"Feature","geometry":{"type":"Point","coordinates":[127.042205668062,37.9056930063205]},"properties":{"name":"동두천상패점","address":"경기도 동두천시 삼육사로 805 (상패동)1층","phone":"1522-4400","hours":"10:00–22:00","openingDate":"20250614","region":"경기","options":["주차","출입구 경사로","포토 스티커","네임 스티커","포인트 적립가능","포인트 사용가능","매장픽업"],"source":"㈜아성다이소 공식 매장검색","sourceUrl":"https://www.daiso.co.kr/cs/shop"}},{"type":"Feature","geometry":{"type":"Point","coordinates":[127.054744025528,37.8927018934254]},"properties":{"name":"동두천지행점","address":"경기도 동두천시 지행로 67 (지행동)1~3층","phone":"1522-4400","hours":"10:00–22:00","openingDate":"20160827","region":"경기","options":["주차","출입구 경사로","포토 스티커","네임 스티커","심카드","택스리펀드","포인트 적립가능","포인트 사용가능","매장픽업"],"source":"㈜아성다이소 공식 매장검색","sourceUrl":"https://www.daiso.co.kr/cs/shop"}},{"type":"Feature","geometry":{"type":"Point","coordinates":[127.105122191991,37.1661042781841]},"properties":{"name":"동탄그랑파사쥬점","address":"경기도 화성시 동탄대로5길 15 (송동)B1층","phone":"1522-4400","hours":"10:00–22:00","openingDate":"20230630","region":"경기","options":["주차","엘리베이터","현금없는매장","포토 스티커","네임 스티커","포인트 적립가능","포인트 사용가능","매장픽업"],"source":"㈜아성다이소 공식 매장검색","sourceUrl":"https://www.daiso.co.kr/cs/shop"}},{"type":"Feature","geometry":{"type":"Point","coordinates":[127.122856761155,37.1817799994159]},"properties":{"name":"동탄목동점","address":"경기도 화성시 왕배산길 7 (목동)1~2층","phone":"1522-4400","hours":"10:00–22:00","openingDate":"20241031","region":"경기","options":["주차","엘리베이터","현금없는매장","포토 스티커","네임 스티커","포인트 적립가능","포인트 사용가능","매장픽업"],"source":"㈜아성다이소 공식 매장검색","sourceUrl":"https://www.daiso.co.kr/cs/shop"}},{"type":"Feature","geometry":{"type":"Point","coordinates":[127.067041983452,37.1932895525722]},"properties":{"name":"동탄반송점","address":"경기도 화성시 10용사3길 21(반송동)1~3층","phone":"1522-4400","hours":"10:00–22:00","openingDate":"20220226","region":"경기","options":["주차","엘리베이터","현금없는매장","네임 스티커","포인트 적립가능","포인트 사용가능"],"source":"㈜아성다이소 공식 매장검색","sourceUrl":"https://www.daiso.co.kr/cs/shop"}},{"type":"Feature","geometry":{"type":"Point","coordinates":[127.098154314807,37.1958618114532]},"properties":{"name":"동탄역점","address":"경기 화성시 동탄역로 102B2층","phone":"","hours":"10:00–22:00","openingDate":"20250913","region":"경기","options":["주차","엘리베이터","현금없는매장","포토 스티커","네임 스티커","포인트 적립가능","포인트 사용가능","매장픽업"],"source":"㈜아성다이소 공식 매장검색","sourceUrl":"https://www.daiso.co.kr/cs/shop"}},{"type":"Feature","geometry":{"type":"Point","coordinates":[127.071360796814,37.2010631102177]},"properties":{"name":"동탄점","address":"경기도 화성시 동탄반석로 134 (반송동)1~2층","phone":"1522-4400","hours":"10:00–22:00","openingDate":"20091215","region":"경기","options":["주차","출입구 경사로","현금없는매장","심카드","포인트 적립가능","포인트 사용가능","매장픽업"],"source":"㈜아성다이소 공식 매장검색","sourceUrl":"https://www.daiso.co.kr/cs/shop"}},{"type":"Feature","geometry":{"type":"Point","coordinates":[127.502652527001,37.4894582907788]},"properties":{"name":"롯데마트경기양평점","address":"경기도 양평군 양평읍 남북로 762층","phone":"","hours":"10:00–22:00","openingDate":"20180313","region":"경기","options":["주차"],"source":"㈜아성다이소 공식 매장검색","sourceUrl":"https://www.daiso.co.kr/cs/shop"}},{"type":"Feature","geometry":{"type":"Point","coordinates":[127.034690950669,37.2502595331007]},"properties":{"name":"롯데마트권선점","address":"경기도 수원시 권선구 동수원로 232 (권선동)B1층","phone":"","hours":"10:00–23:00","openingDate":"20230905","region":"경기","options":["주차"],"source":"㈜아성다이소 공식 매장검색","sourceUrl":"https://www.daiso.co.kr/cs/shop"}},{"type":"Feature","geometry":{"type":"Point","coordinates":[126.677601659359,37.6412701660367]},"properties":{"name":"롯데마트김포한강점","address":"경기도 김포시 김포한강2로 41 (장기동, e편한세상 캐널시티)2층","phone":"","hours":"10:00–23:00","openingDate":"20170915","region":"경기","options":["주차"],"source":"㈜아성다이소 공식 매장검색","sourceUrl":"https://www.daiso.co.kr/cs/shop"}},{"type":"Feature","geometry":{"type":"Point","coordinates":[127.053136559888,37.8809459052273]},"properties":{"name":"롯데마트동두천점","address":"경기도 동두천시 평화로2169번길 21 (송내동)2층","phone":"","hours":"10:00–22:00","openingDate":"20180120","region":"경기","options":["주차"],"source":"㈜아성다이소 공식 매장검색","sourceUrl":"https://www.daiso.co.kr/cs/shop"}},{"type":"Feature","geometry":{"type":"Point","coordinates":[127.309296047054,37.6501390859317]},"properties":{"name":"롯데마트마석점","address":"경기도 남양주시 화도읍 경춘로 1992B1층","phone":"","hours":"10:00–23:00","openingDate":"20101125","region":"경기","options":[],"source":"㈜아성다이소 공식 매장검색","sourceUrl":"https://www.daiso.co.kr/cs/shop"}},{"type":"Feature","geometry":{"type":"Point","coordinates":[126.861047508257,37.2958008531665]},"properties":{"name":"롯데마트상록수점","address":"경기도 안산시 상록구 반석로 8 (본오동, 한양아파트)2층","phone":"","hours":"10:00–23:00","openingDate":"20121129","region":"경기","options":["주차"],"source":"㈜아성다이소 공식 매장검색","sourceUrl":"https://www.daiso.co.kr/cs/shop"}},{"type":"Feature","geometry":{"type":"Point","coordinates":[126.815497306415,37.3414187124417]},"properties":{"name":"롯데마트선부점","address":"경기도 안산시 단원구 달미로 64 (선부동)3~4층","phone":"","hours":"10:00–22:00","openingDate":"20260725","region":"경기","options":["주차","포인트 적립가능"],"source":"㈜아성다이소 공식 매장검색","sourceUrl":"https://www.daiso.co.kr/cs/shop"}},{"type":"Feature","geometry":{"type":"Point","coordinates":[126.731339729058,37.3688951442115]},"properties":{"name":"롯데마트시흥배곧점","address":"경기도 시흥시 서울대학로278번길 67 (정왕동)1층","phone":"","hours":"10:00–23:00","openingDate":"20170529","region":"경기","options":[],"source":"㈜아성다이소 공식 매장검색","sourceUrl":"https://www.daiso.co.kr/cs/shop"}},{"type":"Feature","geometry":{"type":"Point","coordinates":[126.791960283469,37.4430384429987]},"properties":{"name":"롯데마트시흥점","address":"경기도 시흥시 비둘기공원로 28 (대야동)3층","phone":"","hours":"10:00–22:00","openingDate":"20120913","region":"경기","options":["주차"],"source":"㈜아성다이소 공식 매장검색","sourceUrl":"https://www.daiso.co.kr/cs/shop"}},{"type":"Feature","geometry":{"type":"Point","coordinates":[127.199517223851,37.0078747700182]},"properties":{"name":"롯데마트안성점","address":"경기도 안성시 공도읍 서동대로 44781층","phone":"","hours":"10:00–23:00","openingDate":"20061003","region":"경기","options":[],"source":"㈜아성다이소 공식 매장검색","sourceUrl":"https://www.daiso.co.kr/cs/shop"}},{"type":"Feature","geometry":{"type":"Point","coordinates":[127.073047019053,37.1494512450072]},"properties":{"name":"롯데마트오산점","address":"경기도 오산시 경기대로 271 (오산동)1층","phone":"","hours":"10:00–23:00","openingDate":"20030525","region":"경기","options":[],"source":"㈜아성다이소 공식 매장검색","sourceUrl":"https://www.daiso.co.kr/cs/shop"}},{"type":"Feature","geometry":{"type":"Point","coordinates":[126.972871115511,37.3805432278472]},"properties":{"name":"롯데마트의왕점","address":"경기도 의왕시 계원대학로 7 (내손동)2층","phone":"","hours":"10:00–22:00","openingDate":"20031017","region":"경기","options":["포인트 적립가능"],"source":"㈜아성다이소 공식 매장검색","sourceUrl":"https://www.daiso.co.kr/cs/shop"}},{"type":"Feature","geometry":{"type":"Point","coordinates":[127.474538470763,37.2610532326041]},"properties":{"name":"롯데마트이천점","address":"경기도 이천시 구만리로 191(안흥동, 이천 롯데캐슬 골드스카이)B1층","phone":"","hours":"10:00–23:00","openingDate":"20190117","region":"경기","options":["주차"],"source":"㈜아성다이소 공식 매장검색","sourceUrl":"https://www.daiso.co.kr/cs/shop"}},{"type":"Feature","geometry":{"type":"Point","coordinates":[127.053059418222,37.7237042303735]},"properties":{"name":"롯데마트장암점","address":"경기도 의정부시 장곡로 224 (장암동)2층","phone":"","hours":"10:00–22:00","openingDate":"20061228","region":"경기","options":[],"source":"㈜아성다이소 공식 매장검색","sourceUrl":"https://www.daiso.co.kr/cs/shop"}},{"type":"Feature","geometry":{"type":"Point","coordinates":[126.754640891515,37.6736581794828]},"properties":{"name":"롯데마트주엽점","address":"경기도 고양시 일산서구 중앙로 1496 (주엽동)B1층","phone":"1522-4400","hours":"10:00–22:50","openingDate":"20010501","region":"경기","options":["포인트 적립가능"],"source":"㈜아성다이소 공식 매장검색","sourceUrl":"https://www.daiso.co.kr/cs/shop"}},{"type":"Feature","geometry":{"type":"Point","coordinates":[126.950421554565,37.3899854320589]},"properties":{"name":"롯데마트평촌점","address":"경기도 안양시 동안구 시민대로160번길 20 (호계동)1층","phone":"","hours":"10:00–23:00","openingDate":"20120330","region":"경기","options":["주차"],"source":"㈜아성다이소 공식 매장검색","sourceUrl":"https://www.daiso.co.kr/cs/shop"}},{"type":"Feature","geometry":{"type":"Point","coordinates":[127.111760767543,36.9883655372149]},"properties":{"name":"롯데마트평택점","address":"경기도 평택시 평택5로 30 (합정동)2층","phone":"","hours":"10:00–23:00","openingDate":"20090603","region":"경기","options":["포인트 적립가능"],"source":"㈜아성다이소 공식 매장검색","sourceUrl":"https://www.daiso.co.kr/cs/shop"}},{"type":"Feature","geometry":{"type":"Point","coordinates":[126.882779952497,37.4243110028905]},"properties":{"name":"롯데몰광명점","address":"경기도 광명시 일직로 17 (일직동)5층","phone":"1522-4400","hours":"10:30–21:00","openingDate":"20250829","region":"경기","options":["주차","포인트 적립가능","포인트 사용가능"],"source":"㈜아성다이소 공식 매장검색","sourceUrl":"https://www.daiso.co.kr/cs/shop"}},{"type":"Feature","geometry":{"type":"Point","coordinates":[126.913132771256,37.4013299490654]},"properties":{"name":"롯데슈퍼안양점(레)","address":"경기도 안양시 만안구 안양로329번길 108 (안양동)1층","phone":"","hours":"09:00–23:00","openingDate":"20040101","region":"경기","options":[],"source":"㈜아성다이소 공식 매장검색","sourceUrl":"https://www.daiso.co.kr/cs/shop"}},{"type":"Feature","geometry":{"type":"Point","coordinates":[126.995455467239,37.296564685991]},"properties":{"name":"롯데슈퍼정자점","address":"경기도 수원시 장안구 정자천로 187(정자동)1층","phone":"","hours":"10:00–23:00","openingDate":"20210730","region":"경기","options":["주차"],"source":"㈜아성다이소 공식 매장검색","sourceUrl":"https://www.daiso.co.kr/cs/shop"}},{"type":"Feature","geometry":{"type":"Point","coordinates":[127.400026089807,37.2422268786208]},"properties":{"name":"롯데프리미엄아울렛이천점","address":"경기도 이천시 호법면 프리미엄아울렛로 177-743층","phone":"1522-4400","hours":"10:30–20:30","openingDate":"20260501","region":"경기","options":["주차","포인트 적립가능","포인트 사용가능"],"source":"㈜아성다이소 공식 매장검색","sourceUrl":"https://www.daiso.co.kr/cs/shop"}},{"type":"Feature","geometry":{"type":"Point","coordinates":[126.93066890189,37.3578052964351]},"properties":{"name":"롯데피트인산본점","address":"경기도 군포시 번영로 485 (산본동)4층","phone":"031-8033-1344","hours":"10:30–22:00","openingDate":"20160502","region":"경기","options":["주차","포토 스티커","네임 스티커","포인트 적립가능","포인트 사용가능"],"source":"㈜아성다이소 공식 매장검색","sourceUrl":"https://www.daiso.co.kr/cs/shop"}},{"type":"Feature","geometry":{"type":"Point","coordinates":[127.181476846291,37.3452779940514]},"properties":{"name":"리치식자재마트광주오포점","address":"경기도 광주시 오포읍 오포로 1431층","phone":"","hours":"07:00–22:00","openingDate":"20160304","region":"경기","options":["주차"],"source":"㈜아성다이소 공식 매장검색","sourceUrl":"https://www.daiso.co.kr/cs/shop"}},{"type":"Feature","geometry":{"type":"Point","coordinates":[127.309861422722,37.651866852487]},"properties":{"name":"마석역점","address":"경기 남양주시 화도읍 마석중앙로 88-1 (마석우리)1층","phone":"1522-4400","hours":"10:00–22:00","openingDate":"20210515","region":"경기","options":["주차","출입구 경사로","포인트 적립가능","포인트 사용가능","매장픽업"],"source":"㈜아성다이소 공식 매장검색","sourceUrl":"https://www.daiso.co.kr/cs/shop"}},{"type":"Feature","geometry":{"type":"Point","coordinates":[127.047436546867,37.7111128295564]},"properties":{"name":"망월사역점","address":"경기도 의정부시 평화로 215(호원동)1~3층","phone":"0507-1409-7928","hours":"09:00–22:00","openingDate":"20161025","region":"경기","options":["주차","포인트 적립가능","포인트 사용가능","고유가지원금"],"source":"㈜아성다이소 공식 매장검색","sourceUrl":"https://www.daiso.co.kr/cs/shop"}},{"type":"Feature","geometry":{"type":"Point","coordinates":[127.115926985416,37.6333474474455]},"properties":{"name":"모다아울렛구리남양주점","address":"경기도 구리시 경춘북로 230 (갈매동)1층","phone":"1522-4400","hours":"10:00–22:00","openingDate":"20250919","region":"경기","options":["주차","엘리베이터","포인트 적립가능","포인트 사용가능","매장픽업"],"source":"㈜아성다이소 공식 매장검색","sourceUrl":"https://www.daiso.co.kr/cs/shop"}},{"type":"Feature","geometry":{"type":"Point","coordinates":[127.059138743969,37.0866406727844]},"properties":{"name":"바로이마트송탄점","address":"경기 평택시 탄현로 391 (독곡동)2층","phone":"","hours":"08:00–22:00","openingDate":"20220409","region":"경기","options":["주차"],"source":"㈜아성다이소 공식 매장검색","sourceUrl":"https://www.daiso.co.kr/cs/shop"}},{"type":"Feature","geometry":{"type":"Point","coordinates":[126.73340139468,37.374597699316]},"properties":{"name":"배곧신도시점","address":"경기도 시흥시 배곧4로 87 (정왕동)1~2층","phone":"1522-4400","hours":"10:00–22:00","openingDate":"20180301","region":"경기","options":["출입구 경사로","현금없는매장","포토 스티커","네임 스티커","심카드","포인트 적립가능","포인트 사용가능","매장픽업"],"source":"㈜아성다이소 공식 매장검색","sourceUrl":"https://www.daiso.co.kr/cs/shop"}},{"type":"Feature","geometry":{"type":"Point","coordinates":[126.952248598691,37.3895593693986]},"properties":{"name":"범계역점","address":"경기도 안양시 동안구 동안로 120(호계동)B1층","phone":"1522-4400","hours":"10:00–22:00","openingDate":"20221110","region":"경기","options":["주차","엘리베이터","포토 스티커","네임 스티커","포인트 적립가능","포인트 사용가능","매장픽업"],"source":"㈜아성다이소 공식 매장검색","sourceUrl":"https://www.daiso.co.kr/cs/shop"}},{"type":"Feature","geometry":{"type":"Point","coordinates":[127.12475342208,37.658563363119]},"properties":{"name":"별내본점","address":"경기도 남양주시 순화궁로 357 (별내동)1~3층","phone":"1522-4400","hours":"10:00–22:00","openingDate":"20161025","region":"경기","options":["주차","엘리베이터","현금없는매장","네임 스티커","심카드","포인트 적립가능","포인트 사용가능","매장픽업"],"source":"㈜아성다이소 공식 매장검색","sourceUrl":"https://www.daiso.co.kr/cs/shop"}},{"type":"Feature","geometry":{"type":"Point","coordinates":[127.117911354672,37.6658610473561]},"properties":{"name":"별내북부점","address":"경기도 남양주시 별내3로 318(별내동)2층","phone":"031-572-3380","hours":"09:30–22:00","openingDate":"20180511","region":"경기","options":["주차","포인트 적립가능","포인트 사용가능","고유가지원금"],"source":"㈜아성다이소 공식 매장검색","sourceUrl":"https://www.daiso.co.kr/cs/shop"}},{"type":"Feature","geometry":{"type":"Point","coordinates":[127.112441916328,37.6504112219489]},"properties":{"name":"별내점","address":"경기도 남양주시 별내5로5번길 15 (별내동)2층","phone":"031-528-1088","hours":"10:00–22:00","openingDate":"20131118","region":"경기","options":["주차","포인트 적립가능","포인트 사용가능","고유가지원금"],"source":"㈜아성다이소 공식 매장검색","sourceUrl":"https://www.daiso.co.kr/cs/shop"}},{"type":"Feature","geometry":{"type":"Point","coordinates":[126.814190394317,37.5283070555377]},"properties":{"name":"부천고강점","address":"경기도 부천시 성지로 102번길 53(고강동)B1~1층","phone":"032-678-1110","hours":"10:00–22:00","openingDate":"20171121","region":"경기","options":["주차","포인트 적립가능","포인트 사용가능","고유가지원금"],"source":"㈜아성다이소 공식 매장검색","sourceUrl":"https://www.daiso.co.kr/cs/shop"}},{"type":"Feature","geometry":{"type":"Point","coordinates":[126.816901138867,37.4717637701648]},"properties":{"name":"부천범박동점","address":"경기도 부천시 소사구 양지로 125 (옥길동)1~3층","phone":"1522-4400","hours":"10:00–22:00","openingDate":"20170811","region":"경기","options":["주차","포토 스티커","네임 스티커","심카드","포인트 적립가능","포인트 사용가능","매장픽업"],"source":"㈜아성다이소 공식 매장검색","sourceUrl":"https://www.daiso.co.kr/cs/shop"}},{"type":"Feature","geometry":{"type":"Point","coordinates":[126.783552630073,37.4860373757761]},"properties":{"name":"부천본점","address":"경기도 부천시 부천로 20 (심곡동)B1층","phone":"1522-4400","hours":"10:00–22:00","openingDate":"20140730","region":"경기","options":["포토 스티커","네임 스티커","심카드","포인트 적립가능","포인트 사용가능","매장픽업"],"source":"㈜아성다이소 공식 매장검색","sourceUrl":"https://www.daiso.co.kr/cs/shop"}},{"type":"Feature","geometry":{"type":"Point","coordinates":[126.752430839268,37.5048322159039]},"properties":{"name":"부천상동역점","address":"경기도 부천시 상동로 83 (상동)1~2층","phone":"1522-4400","hours":"10:00–22:00","openingDate":"20171031","region":"경기","options":["주차","포토 스티커","네임 스티커","심카드","포인트 적립가능","포인트 사용가능","매장픽업"],"source":"㈜아성다이소 공식 매장검색","sourceUrl":"https://www.daiso.co.kr/cs/shop"}},{"type":"Feature","geometry":{"type":"Point","coordinates":[126.774882751782,37.4842363704366]},"properties":{"name":"부천심곡본동점","address":"경기도 부천시 경인로 175 (심곡본동)B1층","phone":"1522-4400","hours":"10:00–22:00","openingDate":"20190629","region":"경기","options":["주차","엘리베이터","심카드","포인트 적립가능","포인트 사용가능","매장픽업"],"source":"㈜아성다이소 공식 매장검색","sourceUrl":"https://www.daiso.co.kr/cs/shop"}},{"type":"Feature","geometry":{"type":"Point","coordinates":[126.78436082877,37.5279170407812]},"properties":{"name":"부천오정동점","address":"경기도 부천시 오정로 222 (오정동)B1~1층","phone":"032-677-3641","hours":"10:00–22:00","openingDate":"20200529","region":"경기","options":["주차","포인트 적립가능","포인트 사용가능","고유가지원금"],"source":"㈜아성다이소 공식 매장검색","sourceUrl":"https://www.daiso.co.kr/cs/shop"}},{"type":"Feature","geometry":{"type":"Point","coordinates":[126.791278691939,37.4949415938177]},"properties":{"name":"부천원미시장점","address":"경기도 부천시 원미로 137(원미동)B1~1층","phone":"032-656-8831","hours":"10:00–22:00","openingDate":"20220702","region":"경기","options":["포인트 적립가능","포인트 사용가능","고유가지원금"],"source":"㈜아성다이소 공식 매장검색","sourceUrl":"https://www.daiso.co.kr/cs/shop"}},{"type":"Feature","geometry":{"type":"Point","coordinates":[126.805150324163,37.5254429820897]},"properties":{"name":"부천원종동점","address":"경기도 부천시 소사로 776-1 (원종동)1~4층","phone":"1522-4400","hours":"10:00–22:00","openingDate":"20200930","region":"경기","options":["엘리베이터","포토 스티커","네임 스티커","심카드","포인트 적립가능","포인트 사용가능","매장픽업"],"source":"㈜아성다이소 공식 매장검색","sourceUrl":"https://www.daiso.co.kr/cs/shop"}},{"type":"Feature","geometry":{"type":"Point","coordinates":[126.781268631292,37.483483860932]},"properties":{"name":"부천자유시장점","address":"경기도 부천시 경인로 231 (심곡본동)1층","phone":"1522-4400","hours":"10:00–22:00","openingDate":"20110110","region":"경기","options":["출입구 경사로","심카드","포인트 적립가능","포인트 사용가능","매장픽업"],"source":"㈜아성다이소 공식 매장검색","sourceUrl":"https://www.daiso.co.kr/cs/shop"}},{"type":"Feature","geometry":{"type":"Point","coordinates":[126.772504551314,37.5040252768386]},"properties":{"name":"부천중동본점","address":"경기도 부천시 길주로 267 (중동)1~3층","phone":"1522-4400","hours":"10:00–22:00","openingDate":"20181206","region":"경기","options":["주차","출입구 경사로","엘리베이터","포토 스티커","네임 스티커","심카드","포인트 적립가능","포인트 사용가능","매장픽업"],"source":"㈜아성다이소 공식 매장검색","sourceUrl":"https://www.daiso.co.kr/cs/shop"}},{"type":"Feature","geometry":{"type":"Point","coordinates":[126.764788106471,37.4958588697033]},"properties":{"name":"부천중동시장점","address":"경기도 부천시 부흥로 200 (중동)1~2층","phone":"032-651-3569","hours":"10:00–22:00","openingDate":"20170301","region":"경기","options":["포인트 적립가능","포인트 사용가능","고유가지원금"],"source":"㈜아성다이소 공식 매장검색","sourceUrl":"https://www.daiso.co.kr/cs/shop"}},{"type":"Feature","geometry":{"type":"Point","coordinates":[126.763245595657,37.5036494743871]},"properties":{"name":"부천중동점","address":"경기도 부천시 석천로 182 (중동)B2~1층","phone":"1522-4400","hours":"10:00–22:00","openingDate":"20100831","region":"경기","options":["출입구 경사로","네임 스티커","심카드","포인트 적립가능","포인트 사용가능","매장픽업"],"source":"㈜아성다이소 공식 매장검색","sourceUrl":"https://www.daiso.co.kr/cs/shop"}},{"type":"Feature","geometry":{"type":"Point","coordinates":[126.786463093443,37.5022525696739]},"properties":{"name":"부천춘의역점","address":"경기도 부천시 부천로 231 (춘의동)1층","phone":"032-655-6016","hours":"10:00–22:00","openingDate":"20180630","region":"경기","options":["주차","포인트 적립가능","포인트 사용가능","고유가지원금"],"source":"㈜아성다이소 공식 매장검색","sourceUrl":"https://www.daiso.co.kr/cs/shop"}},{"type":"Feature","geometry":{"type":"Point","coordinates":[127.001817307901,37.3065054438576]},"properties":{"name":"북수원2호점","address":"경기도 수원시 장안구 경수대로1008번길 4 (송죽동)1~3층","phone":"1522-4400","hours":"10:00–22:00","openingDate":"20251225","region":"경기","options":["주차","출입구 경사로","엘리베이터","포토 스티커","네임 스티커","포인트 적립가능","포인트 사용가능","매장픽업"],"source":"㈜아성다이소 공식 매장검색","sourceUrl":"https://www.daiso.co.kr/cs/shop"}},{"type":"Feature","geometry":{"type":"Point","coordinates":[127.110801530964,37.3503955629695]},"properties":{"name":"분당미금(역)점","address":"경기도 성남시 분당구 돌마로 79 (금곡동)1~2층","phone":"1522-4400","hours":"10:00–22:00","openingDate":"20140530","region":"경기","options":["주차","심카드","포인트 적립가능","포인트 사용가능","매장픽업"],"source":"㈜아성다이소 공식 매장검색","sourceUrl":"https://www.daiso.co.kr/cs/shop"}},{"type":"Feature","geometry":{"type":"Point","coordinates":[127.121552935695,37.3840671535876]},"properties":{"name":"분당서현점","address":"경기도 성남시 분당구 분당로53번길 11 (서현동)B1~2층","phone":"1522-4400","hours":"10:00–22:00","openingDate":"20150821","region":"경기","options":["주차","출입구 경사로","포토 스티커","네임 스티커","심카드","택스리펀드","포인트 적립가능","포인트 사용가능","매장픽업"],"source":"㈜아성다이소 공식 매장검색","sourceUrl":"https://www.daiso.co.kr/cs/shop"}},{"type":"Feature","geometry":{"type":"Point","coordinates":[127.127164290613,37.3666320134935]},"properties":{"name":"분당수내2호점","address":"경기도 성남시 분당구 불정로 258 (수내동)1층","phone":"031-713-6016","hours":"10:00–22:00","openingDate":"20190602","region":"경기","options":["포인트 적립가능","포인트 사용가능","고유가지원금"],"source":"㈜아성다이소 공식 매장검색","sourceUrl":"https://www.daiso.co.kr/cs/shop"}},{"type":"Feature","geometry":{"type":"Point","coordinates":[127.11623934422,37.3766608532197]},"properties":{"name":"분당수내점","address":"경기도 성남시 분당구 내정로165번길 38 (수내동, 양지마을청구금호아파트)1층","phone":"1522-4400","hours":"10:00–22:00","openingDate":"20081106","region":"경기","options":["주차","출입구 경사로","네임 스티커","심카드","포인트 적립가능","포인트 사용가능","매장픽업"],"source":"㈜아성다이소 공식 매장검색","sourceUrl":"https://www.daiso.co.kr/cs/shop"}},{"type":"Feature","geometry":{"type":"Point","coordinates":[127.129865061381,37.411549013258]},"properties":{"name":"분당야탑점","address":"경기도 성남시 분당구 성남대로916번길 5 (야탑동)B1층","phone":"1522-4400","hours":"10:00–22:00","openingDate":"20120630","region":"경기","options":["주차","포토 스티커","네임 스티커","심카드","포인트 적립가능","포인트 사용가능","매장픽업"],"source":"㈜아성다이소 공식 매장검색","sourceUrl":"https://www.daiso.co.kr/cs/shop"}},{"type":"Feature","geometry":{"type":"Point","coordinates":[127.122425844968,37.4051519626906]},"properties":{"name":"분당이매점","address":"경기도 성남시 분당구 판교로 438(이매동)1~2층","phone":"1522-4400","hours":"10:00–22:00","openingDate":"20220513","region":"경기","options":["출입구 경사로","현금없는매장","포인트 적립가능","포인트 사용가능"],"source":"㈜아성다이소 공식 매장검색","sourceUrl":"https://www.daiso.co.kr/cs/shop"}},{"type":"Feature","geometry":{"type":"Point","coordinates":[127.133436560642,37.3769805848654]},"properties":{"name":"분당효자촌점","address":"경기도 성남시 분당구 돌마로 478 (서현동)B1층","phone":"1522-4400","hours":"10:00–22:00","openingDate":"20241031","region":"경기","options":["주차","출입구 경사로","현금없는매장","포토 스티커","네임 스티커","포인트 적립가능","포인트 사용가능","매장픽업"],"source":"㈜아성다이소 공식 매장검색","sourceUrl":"https://www.daiso.co.kr/cs/shop"}},{"type":"Feature","geometry":{"type":"Point","coordinates":[126.936963005852,37.3707235944611]},"properties":{"name":"산본시장점","address":"경기도 군포시 금산로 98(산본동)B1층","phone":"031-399-2334","hours":"10:00–22:00","openingDate":"20210724","region":"경기","options":["주차","포인트 적립가능","포인트 사용가능","고유가지원금"],"source":"㈜아성다이소 공식 매장검색","sourceUrl":"https://www.daiso.co.kr/cs/shop"}},{"type":"Feature","geometry":{"type":"Point","coordinates":[126.865110591908,37.30138197654]},"properties":{"name":"상록수역점","address":"경기도 안산시 상록구 용신로 388 (본오동)B1~2층","phone":"1522-4400","hours":"10:00–22:00","openingDate":"20070723","region":"경기","options":["주차","출입구 경사로","엘리베이터","포토 스티커","네임 스티커","심카드","포인트 적립가능","포인트 사용가능","매장픽업"],"source":"㈜아성다이소 공식 매장검색","sourceUrl":"https://www.daiso.co.kr/cs/shop"}},{"type":"Feature","geometry":{"type":"Point","coordinates":[127.310605736602,37.3643058750087]},"properties":{"name":"상상초월마트광주점","address":"경기도 광주시 초월읍 경충대로 923-21층","phone":"","hours":"07:00–22:00","openingDate":"20170919","region":"경기","options":["주차"],"source":"㈜아성다이소 공식 매장검색","sourceUrl":"https://www.daiso.co.kr/cs/shop"}},{"type":"Feature","geometry":{"type":"Point","coordinates":[127.097929937625,37.39031505384]},"properties":{"name":"서판교점","address":"경기도 성남시 분당구 서판교로 40(판교동)2층","phone":"070-8193-7090","hours":"10:00–22:00","openingDate":"20160701","region":"경기","options":["포인트 적립가능","포인트 사용가능","고유가지원금"],"source":"㈜아성다이소 공식 매장검색","sourceUrl":"https://www.daiso.co.kr/cs/shop"}},{"type":"Feature","geometry":{"type":"Point","coordinates":[126.972261050259,37.3001863040678]},"properties":{"name":"성균관대역점","address":"경기도 수원시 장안구 서부로 2149 (율전동)2층","phone":"1522-4400","hours":"10:00–22:00","openingDate":"20180612","region":"경기","options":["주차","엘리베이터","포토 스티커","네임 스티커","심카드","포인트 적립가능","매장픽업"],"source":"㈜아성다이소 공식 매장검색","sourceUrl":"https://www.daiso.co.kr/cs/shop"}},{"type":"Feature","geometry":{"type":"Point","coordinates":[127.099856379818,37.4254237534071]},"properties":{"name":"성남고등지구점","address":"경기도 성남시 수정구 청계산로 740 (고등동)2층","phone":"031-755-2911","hours":"09:30–22:00","openingDate":"20200926","region":"경기","options":["주차","포인트 적립가능","포인트 사용가능","고유가지원금"],"source":"㈜아성다이소 공식 매장검색","sourceUrl":"https://www.daiso.co.kr/cs/shop"}},{"type":"Feature","geometry":{"type":"Point","coordinates":[127.150609907611,37.4145124548665]},"properties":{"name":"성남도촌점","address":"경기도 성남시 중원구 도촌남로 27(도촌동)B1층","phone":"031-755-2022","hours":"10:00–22:00","openingDate":"20220721","region":"경기","options":["주차","포인트 적립가능","포인트 사용가능"],"source":"㈜아성다이소 공식 매장검색","sourceUrl":"https://www.daiso.co.kr/cs/shop"}},{"type":"Feature","geometry":{"type":"Point","coordinates":[127.129889164791,37.4305419869112]},"properties":{"name":"성남모란역점","address":"경기도 성남시 중원구 성남대로 1128 (성남동)1~3층","phone":"1522-4400","hours":"10:00–22:00","openingDate":"20171125","region":"경기","options":["주차","엘리베이터","포토 스티커","네임 스티커","심카드","포인트 적립가능","포인트 사용가능","매장픽업"],"source":"㈜아성다이소 공식 매장검색","sourceUrl":"https://www.daiso.co.kr/cs/shop"}},{"type":"Feature","geometry":{"type":"Point","coordinates":[127.145001336097,37.4403716109704]},"properties":{"name":"성남신흥역점","address":"경기도 성남시 수정구 산성대로 251 (신흥동)1~2층","phone":"1522-4400","hours":"10:00–22:00","openingDate":"20190531","region":"경기","options":["출입구 경사로","포토 스티커","네임 스티커","심카드","포인트 적립가능","포인트 사용가능","매장픽업"],"source":"㈜아성다이소 공식 매장검색","sourceUrl":"https://www.daiso.co.kr/cs/shop"}},{"type":"Feature","geometry":{"type":"Point","coordinates":[127.163454402347,37.4576617582814]},"properties":{"name":"성남은행시장점","address":"경기도 성남시 수정구 산성대로 519-1(양지동)1~2층","phone":"031-741-4255","hours":"10:00–22:00","openingDate":"20140126","region":"경기","options":["포인트 적립가능","포인트 사용가능","고유가지원금"],"source":"㈜아성다이소 공식 매장검색","sourceUrl":"https://www.daiso.co.kr/cs/shop"}},{"type":"Feature","geometry":{"type":"Point","coordinates":[127.136717355021,37.4420648484602]},"properties":{"name":"성남중앙점","address":"경기도 성남시 수정구 수정로 150 (신흥동)B1층","phone":"1522-4400","hours":"10:00–22:00","openingDate":"20231214","region":"경기","options":["주차","엘리베이터","포토 스티커","포인트 적립가능","포인트 사용가능","매장픽업"],"source":"㈜아성다이소 공식 매장검색","sourceUrl":"https://www.daiso.co.kr/cs/shop"}},{"type":"Feature","geometry":{"type":"Point","coordinates":[127.140471799251,37.4437875099663]},"properties":{"name":"성남태평점","address":"경기도 성남시 수정구 수정로 185 (태평동)B1층","phone":"1522-4400","hours":"10:00–22:00","openingDate":"20071113","region":"경기","options":["주차","포토 스티커","네임 스티커","심카드","포인트 적립가능","포인트 사용가능","매장픽업"],"source":"㈜아성다이소 공식 매장검색","sourceUrl":"https://www.daiso.co.kr/cs/shop"}},{"type":"Feature","geometry":{"type":"Point","coordinates":[126.800503039671,37.3271908120549]},"properties":{"name":"성대유통안산점","address":"경기도 안산시 단원구 라성로 36 (원곡동)B1층","phone":"1522-4400","hours":"09:00–22:00","openingDate":"20170721","region":"경기","options":["주차","포인트 적립가능","포인트 사용가능"],"source":"㈜아성다이소 공식 매장검색","sourceUrl":"https://www.daiso.co.kr/cs/shop"}},{"type":"Feature","geometry":{"type":"Point","coordinates":[127.044158830906,37.1925070046132]},"properties":{"name":"세마대사거리점","address":"경기도 오산시 경기대로 845 (세교동)1~3층","phone":"1522-4400","hours":"10:00–22:00","openingDate":"20181115","region":"경기","options":["주차","출입구 경사로","엘리베이터","포토 스티커","네임 스티커","심카드","포인트 적립가능","포인트 사용가능","매장픽업"],"source":"㈜아성다이소 공식 매장검색","sourceUrl":"https://www.daiso.co.kr/cs/shop"}},{"type":"Feature","geometry":{"type":"Point","coordinates":[127.153483203965,37.4439101761843]},"properties":{"name":"세이브존성남점","address":"경기 성남시 수정구 산성대로 337 (신흥동, 세이브존)B1층","phone":"","hours":"10:00–22:00","openingDate":"20210616","region":"경기","options":["주차"],"source":"㈜아성다이소 공식 매장검색","sourceUrl":"https://www.daiso.co.kr/cs/shop"}},{"type":"Feature","geometry":{"type":"Point","coordinates":[126.83138587121,37.6343514939818]},"properties":{"name":"세이브존화정점","address":"경기도 고양시 덕양구 화정로 52 (화정동)3층","phone":"1522-4400","hours":"10:00–21:00","openingDate":"20190512","region":"경기","options":["주차"],"source":"㈜아성다이소 공식 매장검색","sourceUrl":"https://www.daiso.co.kr/cs/shop"}},{"type":"Feature","geometry":{"type":"Point","coordinates":[126.79507990702,37.4827415049476]},"properties":{"name":"소사역점","address":"경기도 부천시 소사로 272 (소사본동)1층","phone":"1522-4400","hours":"10:00–22:00","openingDate":"20180825","region":"경기","options":["심카드","포인트 적립가능","매장픽업"],"source":"㈜아성다이소 공식 매장검색","sourceUrl":"https://www.daiso.co.kr/cs/shop"}},{"type":"Feature","geometry":{"type":"Point","coordinates":[126.752771844443,37.4876747409104]},"properties":{"name":"송내역점","address":"경기도 부천시 송내대로 43 (송내동)1층","phone":"1522-4400","hours":"10:00–22:00","openingDate":"20070524","region":"경기","options":["네임 스티커","심카드","포인트 적립가능","포인트 사용가능","매장픽업"],"source":"㈜아성다이소 공식 매장검색","sourceUrl":"https://www.daiso.co.kr/cs/shop"}},{"type":"Feature","geometry":{"type":"Point","coordinates":[126.734674425026,37.2131452684329]},"properties":{"name":"송산사강점","address":"경기도 화성시 송산면 사강로 1691~2층","phone":"031-355-2562","hours":"10:00–22:00","openingDate":"20200228","region":"경기","options":["주차","포인트 적립가능","포인트 사용가능","고유가지원금"],"source":"㈜아성다이소 공식 매장검색","sourceUrl":"https://www.daiso.co.kr/cs/shop"}},{"type":"Feature","geometry":{"type":"Point","coordinates":[126.975198113279,37.7192284318708]},"properties":{"name":"송추계곡입구점","address":"경기도 양주시 장흥면 가마골로 41~2층","phone":"1522-4400","hours":"10:00–22:00","openingDate":"20121118","region":"경기","options":["주차","출입구 경사로","현금없는매장","심카드","포인트 적립가능","포인트 사용가능","매장픽업"],"source":"㈜아성다이소 공식 매장검색","sourceUrl":"https://www.daiso.co.kr/cs/shop"}},{"type":"Feature","geometry":{"type":"Point","coordinates":[127.063421533524,37.0903574409961]},"properties":{"name":"송탄본점","address":"경기 평택시 경기대로 16361~3층","phone":"1522-4400","hours":"10:00–22:00","openingDate":"20230324","region":"경기","options":["주차","엘리베이터","포토 스티커","네임 스티커","택스리펀드","포인트 적립가능","포인트 사용가능","매장픽업"],"source":"㈜아성다이소 공식 매장검색","sourceUrl":"https://www.daiso.co.kr/cs/shop"}},{"type":"Feature","geometry":{"type":"Point","coordinates":[127.063659554764,37.0669733685896]},"properties":{"name":"송탄서정점","address":"경기도 평택시 경기대로 1365(서정동)1층","phone":"031-663-2240","hours":"10:00–22:00","openingDate":"20110512","region":"경기","options":["주차","포인트 적립가능","포인트 사용가능","고유가지원금"],"source":"㈜아성다이소 공식 매장검색","sourceUrl":"https://www.daiso.co.kr/cs/shop"}},{"type":"Feature","geometry":{"type":"Point","coordinates":[126.975058233477,37.2489298840315]},"properties":{"name":"수원고색점","address":"경기도 수원시 권선구 매송고색로 642 (고색동)1~4층","phone":"1522-4400","hours":"10:00–22:00","openingDate":"20180107","region":"경기","options":["주차","엘리베이터","포토 스티커","네임 스티커","심카드","포인트 적립가능","포인트 사용가능","매장픽업"],"source":"㈜아성다이소 공식 매장검색","sourceUrl":"https://www.daiso.co.kr/cs/shop"}},{"type":"Feature","geometry":{"type":"Point","coordinates":[127.028258182234,37.2391070256196]},"properties":{"name":"수원곡반정점","address":"경기도 수원시 권선구 곡선로 34 (곡반정동)1~2층","phone":"031-233-9542","hours":"10:00–22:00","openingDate":"20150620","region":"경기","options":["포인트 적립가능","포인트 사용가능","고유가지원금"],"source":"㈜아성다이소 공식 매장검색","sourceUrl":"https://www.daiso.co.kr/cs/shop"}},{"type":"Feature","geometry":{"type":"Point","coordinates":[126.968593000644,37.2842129601862]},"properties":{"name":"수원구운점","address":"경기도 수원시 권선구 수인로 313(구운동)1~3층","phone":"1522-4400","hours":"10:00–22:00","openingDate":"20220325","region":"경기","options":["주차","엘리베이터","현금없는매장","네임 스티커","포인트 적립가능","포인트 사용가능","매장픽업"],"source":"㈜아성다이소 공식 매장검색","sourceUrl":"https://www.daiso.co.kr/cs/shop"}},{"type":"Feature","geometry":{"type":"Point","coordinates":[127.018198775431,37.2773863882295]},"properties":{"name":"수원남문점","address":"경기도 수원시 팔달구 팔달문로 8 (영동)1~5층","phone":"1522-4400","hours":"10:00–22:00","openingDate":"20161105","region":"경기","options":["엘리베이터","포토 스티커","네임 스티커","심카드","포인트 적립가능","포인트 사용가능","매장픽업"],"source":"㈜아성다이소 공식 매장검색","sourceUrl":"https://www.daiso.co.kr/cs/shop"}},{"type":"Feature","geometry":{"type":"Point","coordinates":[126.944244059081,37.2867606029894]},"properties":{"name":"수원당수동점","address":"경기 수원시 권선구 당수로130번길 132층","phone":"","hours":"10:00–22:00","openingDate":"20260306","region":"경기","options":["주차","엘리베이터","현금없는매장","포토 스티커","네임 스티커","포인트 적립가능","포인트 사용가능"],"source":"㈜아성다이소 공식 매장검색","sourceUrl":"https://www.daiso.co.kr/cs/shop"}},{"type":"Feature","geometry":{"type":"Point","coordinates":[126.977677451485,37.2157225904414]},"properties":{"name":"수원대점","address":"경기 화성시 효행구 봉담읍 와우로119번길 16B1~2층","phone":"031-226-9670","hours":"10:00–22:00","openingDate":"20210601","region":"경기","options":["주차","포인트 적립가능","포인트 사용가능","고유가지원금"],"source":"㈜아성다이소 공식 매장검색","sourceUrl":"https://www.daiso.co.kr/cs/shop"}},{"type":"Feature","geometry":{"type":"Point","coordinates":[127.049820537886,37.2393611305725]},"properties":{"name":"수원망포2호점","address":"경기도 수원시 영통구 태장로 33 (망포동)B1층","phone":"1522-4400","hours":"10:00–22:00","openingDate":"20260625","region":"경기","options":["주차","엘리베이터","현금없는매장","포토 스티커","네임 스티커","포인트 적립가능","포인트 사용가능"],"source":"㈜아성다이소 공식 매장검색","sourceUrl":"https://www.daiso.co.kr/cs/shop"}},{"type":"Feature","geometry":{"type":"Point","coordinates":[127.057086981524,37.2383936414428]},"properties":{"name":"수원망포점","address":"경기도 수원시 영통구 영통로 118 (망포동)1~2층","phone":"1522-4400","hours":"10:00–22:00","openingDate":"20110710","region":"경기","options":["주차","출입구 경사로","현금없는매장","심카드","포인트 적립가능","포인트 사용가능"],"source":"㈜아성다이소 공식 매장검색","sourceUrl":"https://www.daiso.co.kr/cs/shop"}},{"type":"Feature","geometry":{"type":"Point","coordinates":[127.015653801937,37.2666694107822]},"properties":{"name":"수원매교역점","address":"경기도 수원시 팔달구 정조로 651 (매교동)B1층","phone":"1522-4400","hours":"10:00–22:00","openingDate":"20231027","region":"경기","options":["주차","현금없는매장","포토 스티커","포인트 적립가능","포인트 사용가능","매장픽업"],"source":"㈜아성다이소 공식 매장검색","sourceUrl":"https://www.daiso.co.kr/cs/shop"}},{"type":"Feature","geometry":{"type":"Point","coordinates":[127.013491000252,37.2894012949221]},"properties":{"name":"수원북문점","address":"경기도 수원시 장안구 정조로 915 (영화동)1~2층","phone":"","hours":"10:00–22:00","openingDate":"20190601","region":"경기","options":["포인트 적립가능","포인트 사용가능","고유가지원금"],"source":"㈜아성다이소 공식 매장검색","sourceUrl":"https://www.daiso.co.kr/cs/shop"}},{"type":"Feature","geometry":{"type":"Point","coordinates":[127.000720642202,37.2676872690065]},"properties":{"name":"수원역점","address":"경기도 수원시 팔달구 덕영대로 909 (매산로1가)B1~1층","phone":"1522-4400","hours":"10:00–22:00","openingDate":"20100112","region":"경기","options":["출입구 경사로","포토 스티커","네임 스티커","심카드","포인트 적립가능","포인트 사용가능","매장픽업"],"source":"㈜아성다이소 공식 매장검색","sourceUrl":"https://www.daiso.co.kr/cs/shop"}},{"type":"Feature","geometry":{"type":"Point","coordinates":[127.030379887243,37.2925280107826]},"properties":{"name":"수원연무점","address":"경기도 수원시 장안구 창룡대로 185(연무동)1~2층","phone":"031-242-6477","hours":"10:00–22:00","openingDate":"20220416","region":"경기","options":["포인트 적립가능","포인트 사용가능","고유가지원금"],"source":"㈜아성다이소 공식 매장검색","sourceUrl":"https://www.daiso.co.kr/cs/shop"}},{"type":"Feature","geometry":{"type":"Point","coordinates":[127.073445707754,37.2527867453235]},"properties":{"name":"수원영통점","address":"경기도 수원시 영통구 봉영로 1590 (영통동)2층","phone":"1522-4400","hours":"10:00–22:00","openingDate":"20140430","region":"경기","options":["주차","엘리베이터","현금없는매장","심카드","포인트 적립가능","포인트 사용가능"],"source":"㈜아성다이소 공식 매장검색","sourceUrl":"https://www.daiso.co.kr/cs/shop"}},{"type":"Feature","geometry":{"type":"Point","coordinates":[127.033712222065,37.2653878784573]},"properties":{"name":"수원인계본점","address":"경기도 수원시 팔달구 권광로 202 (인계동)1~3층","phone":"1522-4400","hours":"10:00–22:00","openingDate":"20180530","region":"경기","options":["주차","엘리베이터","포토 스티커","네임 스티커","심카드","포인트 적립가능","포인트 사용가능","매장픽업"],"source":"㈜아성다이소 공식 매장검색","sourceUrl":"https://www.daiso.co.kr/cs/shop"}},{"type":"Feature","geometry":{"type":"Point","coordinates":[126.993620665418,37.2955364276794]},"properties":{"name":"수원정자점","address":"경기도 수원시 장안구 대평로 80 (정자동)B1층","phone":"1522-4400","hours":"10:00–22:00","openingDate":"20160527","region":"경기","options":["주차","엘리베이터","현금없는매장","포토 스티커","네임 스티커","심카드","포인트 적립가능","포인트 사용가능","매장픽업"],"source":"㈜아성다이소 공식 매장검색","sourceUrl":"https://www.daiso.co.kr/cs/shop"}},{"type":"Feature","geometry":{"type":"Point","coordinates":[126.972308190231,37.274661153882]},"properties":{"name":"수원탑동점","address":"경기도 수원시 권선구 금호로 204 (탑동)1~3층","phone":"031-8013-2202","hours":"10:00–22:00","openingDate":"20160514","region":"경기","options":["포인트 적립가능","포인트 사용가능","고유가지원금"],"source":"㈜아성다이소 공식 매장검색","sourceUrl":"https://www.daiso.co.kr/cs/shop"}},{"type":"Feature","geometry":{"type":"Point","coordinates":[127.076318716284,37.2666668413529]},"properties":{"name":"수원프리미엄아울렛점","address":"경기도 용인시 기흥구 중부대로 64 (영덕동)1층","phone":"031-273-2203","hours":"09:30–22:00","openingDate":"20200118","region":"경기","options":["주차","포인트 적립가능","포인트 사용가능","고유가지원금"],"source":"㈜아성다이소 공식 매장검색","sourceUrl":"https://www.daiso.co.kr/cs/shop"}},{"type":"Feature","geometry":{"type":"Point","coordinates":[126.984739637154,37.2840974761848]},"properties":{"name":"수원화서점","address":"경기도 수원시 팔달구 수성로 102 (화서동)1~3층","phone":"1522-4400","hours":"10:00–22:00","openingDate":"20170902","region":"경기","options":["주차","엘리베이터","현금없는매장","포토 스티커","네임 스티커","심카드","포인트 적립가능","포인트 사용가능","매장픽업"],"source":"㈜아성다이소 공식 매장검색","sourceUrl":"https://www.daiso.co.kr/cs/shop"}},{"type":"Feature","geometry":{"type":"Point","coordinates":[127.145277085961,37.448920542046]},"properties":{"name":"수정구청점","address":"경기도 성남시 수정구 수정로 267(신흥동)1층","phone":"1522-4400","hours":"10:00–22:00","openingDate":"20220505","region":"경기","options":["주차","출입구 경사로","현금없는매장","포인트 적립가능","포인트 사용가능"],"source":"㈜아성다이소 공식 매장검색","sourceUrl":"https://www.daiso.co.kr/cs/shop"}},{"type":"Feature","geometry":{"type":"Point","coordinates":[127.095534599081,37.3235364476163]},"properties":{"name":"수지2호점","address":"경기도 용인시 수지구 문정로 32 (풍덕천동)B1~2층","phone":"1522-4400","hours":"10:00–22:00","openingDate":"20141217","region":"경기","options":["출입구 경사로","포토 스티커","심카드","포인트 적립가능","포인트 사용가능","매장픽업"],"source":"㈜아성다이소 공식 매장검색","sourceUrl":"https://www.daiso.co.kr/cs/shop"}},{"type":"Feature","geometry":{"type":"Point","coordinates":[126.89708580299043,37.64794464803745]},"properties":{"name":"스타필드고양점","address":"경기도 고양시 덕양구 고양대로 1955 (동산동)B1층","phone":"1522-4400","hours":"10:00–22:00","openingDate":"20170816","region":"경기","options":["주차","엘리베이터","포토 스티커","네임 스티커","심카드","포인트 적립가능"],"source":"㈜아성다이소 공식 매장검색","sourceUrl":"https://www.daiso.co.kr/cs/shop"}},{"type":"Feature","geometry":{"type":"Point","coordinates":[127.079723267988,37.2143761153834]},"properties":{"name":"스타필드마켓동탄점","address":"경기도 화성시 동탄중앙로 376 (석우동)3층","phone":"1522-4400","hours":"10:00–22:00","openingDate":"20250731","region":"경기","options":["주차","엘리베이터","포인트 적립가능","포인트 사용가능"],"source":"㈜아성다이소 공식 매장검색","sourceUrl":"https://www.daiso.co.kr/cs/shop"}},{"type":"Feature","geometry":{"type":"Point","coordinates":[126.744065435785,37.6615831401235]},"properties":{"name":"스타필드마켓일산점","address":"경기도 고양시 일산서구 킨텍스로 171 (대화동)2층","phone":"1522-4400","hours":"10:00–22:00","openingDate":"20250626","region":"경기","options":["주차","엘리베이터","포인트 적립가능","포인트 사용가능"],"source":"㈜아성다이소 공식 매장검색","sourceUrl":"https://www.daiso.co.kr/cs/shop"}},{"type":"Feature","geometry":{"type":"Point","coordinates":[127.10997425459,37.3253339926033]},"properties":{"name":"스타필드마켓죽전점","address":"경기도 용인시 수지구 포은대로 552 (죽전동)2층","phone":"1522-4400","hours":"10:00–22:00","openingDate":"20240829","region":"경기","options":["주차","엘리베이터","포토 스티커","네임 스티커","포인트 적립가능"],"source":"㈜아성다이소 공식 매장검색","sourceUrl":"https://www.daiso.co.kr/cs/shop"}},{"type":"Feature","geometry":{"type":"Point","coordinates":[126.813913375415,37.4614756956083]},"properties":{"name":"스타필드부천점","address":"경기도 부천시 옥길로 1 (옥길동)1층","phone":"1522-4400","hours":"10:00–22:00","openingDate":"20210417","region":"경기","options":["주차","포토 스티커","택스리펀드"],"source":"㈜아성다이소 공식 매장검색","sourceUrl":"https://www.daiso.co.kr/cs/shop"}},{"type":"Feature","geometry":{"type":"Point","coordinates":[126.7630412039152,37.7247106489118]},"properties":{"name":"스타필드빌리지파주운정점","address":"경기도 파주시 와석순환로515번길 70 (와동동, 힐스테이트 더 운정)B1~2층","phone":"1522-4400","hours":"10:00–22:00","openingDate":"20260528","region":"경기","options":["주차","엘리베이터","현금없는매장","포인트 적립가능","포인트 사용가능"],"source":"㈜아성다이소 공식 매장검색","sourceUrl":"https://www.daiso.co.kr/cs/shop"}},{"type":"Feature","geometry":{"type":"Point","coordinates":[126.990619828272,37.2884682163314]},"properties":{"name":"스타필드수원점","address":"경기 수원시 장안구 수성로 175B2층","phone":"1522-4400","hours":"10:00–22:00","openingDate":"20240124","region":"경기","options":["주차","엘리베이터","포토 스티커","포인트 적립가능"],"source":"㈜아성다이소 공식 매장검색","sourceUrl":"https://www.daiso.co.kr/cs/shop"}},{"type":"Feature","geometry":{"type":"Point","coordinates":[127.14759681559748,36.99327667033685]},"properties":{"name":"스타필드안성점","address":"경기도 안성시 공도읍 서동대로 3930-392층","phone":"1522-4400","hours":"10:00–22:00","openingDate":"20201005","region":"경기","options":["주차","엘리베이터","포토 스티커","네임 스티커","심카드","택스리펀드","포인트 적립가능"],"source":"㈜아성다이소 공식 매장검색","sourceUrl":"https://www.daiso.co.kr/cs/shop"}},{"type":"Feature","geometry":{"type":"Point","coordinates":[127.148404124838,37.4801356884837]},"properties":{"name":"스타필드위례점","address":"경기도 하남시 위례대로 200(학암동)B1층","phone":"1522-4400","hours":"10:00–22:00","openingDate":"20211126","region":"경기","options":["주차","포토 스티커","네임 스티커","포인트 적립가능"],"source":"㈜아성다이소 공식 매장검색","sourceUrl":"https://www.daiso.co.kr/cs/shop"}},{"type":"Feature","geometry":{"type":"Point","coordinates":[127.2223672,37.5462986]},"properties":{"name":"스타필드하남점","address":"경기도 하남시 미사대로 750(신장동)B1층","phone":"1522-4400","hours":"10:00–22:00","openingDate":"20230401","region":"경기","options":["주차","엘리베이터","포토 스티커","네임 스티커","포인트 적립가능"],"source":"㈜아성다이소 공식 매장검색","sourceUrl":"https://www.daiso.co.kr/cs/shop"}},{"type":"Feature","geometry":{"type":"Point","coordinates":[126.78410902801,37.3410482557308]},"properties":{"name":"시흥거모점","address":"경기도 시흥시 도일로112번길 5-5(거모동, 동하시티타워아파트)1~2층","phone":"031-508-6016","hours":"10:00–22:00","openingDate":"20180501","region":"경기","options":["포인트 적립가능","포인트 사용가능","고유가지원금"],"source":"㈜아성다이소 공식 매장검색","sourceUrl":"https://www.daiso.co.kr/cs/shop"}},{"type":"Feature","geometry":{"type":"Point","coordinates":[126.81235809671,37.3682277987155]},"properties":{"name":"시흥능곡점","address":"경기도 시흥시 승지로60번길 23 (능곡동)1~4층","phone":"1522-4400","hours":"10:00–22:00","openingDate":"20170813","region":"경기","options":["주차","엘리베이터","포토 스티커","네임 스티커","심카드","포인트 적립가능","포인트 사용가능","매장픽업"],"source":"㈜아성다이소 공식 매장검색","sourceUrl":"https://www.daiso.co.kr/cs/shop"}},{"type":"Feature","geometry":{"type":"Point","coordinates":[126.799057905763,37.4456671748777]},"properties":{"name":"시흥대야점","address":"경기도 시흥시 은행로 164 (대야동)B1~1층","phone":"1522-4400","hours":"10:00–22:00","openingDate":"20111208","region":"경기","options":["출입구 경사로","현금없는매장","네임 스티커","심카드","포인트 적립가능","포인트 사용가능","매장픽업"],"source":"㈜아성다이소 공식 매장검색","sourceUrl":"https://www.daiso.co.kr/cs/shop"}},{"type":"Feature","geometry":{"type":"Point","coordinates":[126.787325734864,37.4408977663383]},"properties":{"name":"시흥신천2호점","address":"경기도 시흥시 복지로 11 (신천동)1~2층","phone":"1522-4400","hours":"10:00–22:00","openingDate":"20250322","region":"경기","options":["엘리베이터","포토 스티커","네임 스티커","포인트 적립가능","포인트 사용가능","매장픽업"],"source":"㈜아성다이소 공식 매장검색","sourceUrl":"https://www.daiso.co.kr/cs/shop"}},{"type":"Feature","geometry":{"type":"Point","coordinates":[126.784633765849,37.4410021849054]},"properties":{"name":"시흥신천점","address":"경기도 시흥시 수인로 3370 (신천동)B1~2층","phone":"1522-4400","hours":"10:00–22:00","openingDate":"20100330","region":"경기","options":["출입구 경사로","심카드","포인트 적립가능","포인트 사용가능","매장픽업"],"source":"㈜아성다이소 공식 매장검색","sourceUrl":"https://www.daiso.co.kr/cs/shop"}},{"type":"Feature","geometry":{"type":"Point","coordinates":[126.738904863647,37.3884364259436]},"properties":{"name":"시흥월곶점","address":"경기도 시흥시 월곶중앙로 57 (월곶동)1~2층","phone":"1522-4400","hours":"10:00–22:00","openingDate":"20130208","region":"경기","options":["주차","엘리베이터","현금없는매장","심카드","포인트 적립가능","포인트 사용가능","매장픽업"],"source":"㈜아성다이소 공식 매장검색","sourceUrl":"https://www.daiso.co.kr/cs/shop"}},{"type":"Feature","geometry":{"type":"Point","coordinates":[126.800699795892,37.4317329793336]},"properties":{"name":"시흥은계점","address":"경기도 시흥시 은계중앙로 15 (은행동)1~3층","phone":"1522-4400","hours":"10:00–22:00","openingDate":"20230728","region":"경기","options":["엘리베이터","포인트 적립가능","포인트 사용가능","매장픽업"],"source":"㈜아성다이소 공식 매장검색","sourceUrl":"https://www.daiso.co.kr/cs/shop"}},{"type":"Feature","geometry":{"type":"Point","coordinates":[126.783972268818,37.378100713096]},"properties":{"name":"시흥장곡점","address":"경기도 시흥시 장곡로37번길 16 (장곡동)B1층","phone":"031-318-8984","hours":"10:00–22:00","openingDate":"20170526","region":"경기","options":["포인트 적립가능","포인트 사용가능","고유가지원금"],"source":"㈜아성다이소 공식 매장검색","sourceUrl":"https://www.daiso.co.kr/cs/shop"}},{"type":"Feature","geometry":{"type":"Point","coordinates":[126.790974681248,37.3730242254213]},"properties":{"name":"시흥장현지구점","address":"경기도 시흥시 장현능곡로 1 (장곡동)1~2층","phone":"1522-4400","hours":"10:00–22:00","openingDate":"20230922","region":"경기","options":["주차","현금없는매장","포인트 적립가능","포인트 사용가능"],"source":"㈜아성다이소 공식 매장검색","sourceUrl":"https://www.daiso.co.kr/cs/shop"}},{"type":"Feature","geometry":{"type":"Point","coordinates":[126.732054712782,37.346721724282]},"properties":{"name":"시흥정왕2호점","address":"경기도 시흥시 중심상가로 146 (정왕동)B1~1층","phone":"1522-4400","hours":"10:00–22:00","openingDate":"20200221","region":"경기","options":["포토 스티커","심카드","포인트 적립가능","포인트 사용가능","매장픽업"],"source":"㈜아성다이소 공식 매장검색","sourceUrl":"https://www.daiso.co.kr/cs/shop"}},{"type":"Feature","geometry":{"type":"Point","coordinates":[126.7221771872,37.353733972179]},"properties":{"name":"시흥정왕본점","address":"경기도 시흥시 옥구상가1길 15 (정왕동)1~4층","phone":"1522-4400","hours":"10:00–22:00","openingDate":"20171020","region":"경기","options":["출입구 경사로","네임 스티커","심카드","포인트 적립가능","포인트 사용가능","매장픽업"],"source":"㈜아성다이소 공식 매장검색","sourceUrl":"https://www.daiso.co.kr/cs/shop"}},{"type":"Feature","geometry":{"type":"Point","coordinates":[126.748961230255,37.3455661186166]},"properties":{"name":"시흥정왕시장점","address":"경기도 시흥시 정왕시장길 52(정왕동)1~2층","phone":"031-431-0082","hours":"09:00–22:30","openingDate":"20111030","region":"경기","options":["주차","포인트 적립가능","포인트 사용가능"],"source":"㈜아성다이소 공식 매장검색","sourceUrl":"https://www.daiso.co.kr/cs/shop"}},{"type":"Feature","geometry":{"type":"Point","coordinates":[126.740978765063,37.3526163839435]},"properties":{"name":"시흥정왕역점","address":"경기도 시흥시 역전로290번길 12 (정왕동)1~4층","phone":"1522-4400","hours":"10:00–22:00","openingDate":"20200424","region":"경기","options":["엘리베이터","포토 스티커","심카드","택스리펀드","포인트 적립가능","포인트 사용가능","매장픽업"],"source":"㈜아성다이소 공식 매장검색","sourceUrl":"https://www.daiso.co.kr/cs/shop"}},{"type":"Feature","geometry":{"type":"Point","coordinates":[126.736985310798,37.3796755964231]},"properties":{"name":"신세계프리미엄아울렛시흥점","address":"경기도 시흥시 서해안로 699 (배곧동)2층","phone":"1522-4400","hours":"10:30–21:00","openingDate":"20250425","region":"경기","options":["주차","엘리베이터","포인트 적립가능","포인트 사용가능"],"source":"㈜아성다이소 공식 매장검색","sourceUrl":"https://www.daiso.co.kr/cs/shop"}},{"type":"Feature","geometry":{"type":"Point","coordinates":[127.042542468916,37.2755066098987]},"properties":{"name":"아주대삼거리점","address":"경기도 수원시 팔달구 중부대로 241(우만동)B1층","phone":"031-212-8033","hours":"09:00–22:00","openingDate":"20160630","region":"경기","options":["주차","포인트 적립가능","포인트 사용가능"],"source":"㈜아성다이소 공식 매장검색","sourceUrl":"https://www.daiso.co.kr/cs/shop"}},{"type":"Feature","geometry":{"type":"Point","coordinates":[126.830929128361,37.3127253577879]},"properties":{"name":"안산고잔본점","address":"경기도 안산시 단원구 광덕대로 182 (고잔동)1~2층","phone":"1522-4400","hours":"10:00–22:00","openingDate":"20170714","region":"경기","options":["출입구 경사로","포토 스티커","네임 스티커","심카드","포인트 적립가능","포인트 사용가능","매장픽업"],"source":"㈜아성다이소 공식 매장검색","sourceUrl":"https://www.daiso.co.kr/cs/shop"}},{"type":"Feature","geometry":{"type":"Point","coordinates":[126.585632342446,37.2426483559277]},"properties":{"name":"안산대부도점","address":"경기도 안산시 단원구 대부중앙로 105(대부북동)2층","phone":"031-881-6016","hours":"08:00–22:00","openingDate":"20160716","region":"경기","options":["주차","포인트 적립가능","포인트 사용가능","고유가지원금"],"source":"㈜아성다이소 공식 매장검색","sourceUrl":"https://www.daiso.co.kr/cs/shop"}},{"type":"Feature","geometry":{"type":"Point","coordinates":[126.902083048389,37.3031436436807]},"properties":{"name":"안산반월점","address":"경기도 안산시 상록구 건건1길 30 (건건동)B1층","phone":"031-8042-2020","hours":"10:00–22:00","openingDate":"20260418","region":"경기","options":["주차","포인트 적립가능","포인트 사용가능","고유가지원금"],"source":"㈜아성다이소 공식 매장검색","sourceUrl":"https://www.daiso.co.kr/cs/shop"}},{"type":"Feature","geometry":{"type":"Point","coordinates":[126.865988229129,37.2937492130573]},"properties":{"name":"안산본오동점","address":"경기도 안산시 상록구 석호로 315(본오동)B1층","phone":"1522-4400","hours":"10:00–22:00","openingDate":"20210910","region":"경기","options":["주차","출입구 경사로","엘리베이터","네임 스티커","포인트 적립가능","포인트 사용가능","매장픽업"],"source":"㈜아성다이소 공식 매장검색","sourceUrl":"https://www.daiso.co.kr/cs/shop"}},{"type":"Feature","geometry":{"type":"Point","coordinates":[126.861927284086,37.3309226539131]},"properties":{"name":"안산부곡점","address":"경기도 안산시 상록구 부곡로 97 (부곡동)1~2층","phone":"070-4247-5772","hours":"10:00–22:00","openingDate":"20231025","region":"경기","options":["주차","포인트 적립가능","포인트 사용가능","고유가지원금"],"source":"㈜아성다이소 공식 매장검색","sourceUrl":"https://www.daiso.co.kr/cs/shop"}},{"type":"Feature","geometry":{"type":"Point","coordinates":[126.848640569835,37.2837561572789]},"properties":{"name":"안산사동점","address":"경기도 안산시 상록구 장화2길 9 (사동)1~2층","phone":"031-406-6016","hours":"10:00–22:00","openingDate":"20190606","region":"경기","options":["포인트 적립가능","포인트 사용가능","고유가지원금"],"source":"㈜아성다이소 공식 매장검색","sourceUrl":"https://www.daiso.co.kr/cs/shop"}},{"type":"Feature","geometry":{"type":"Point","coordinates":[126.809588944776,37.336247353148]},"properties":{"name":"안산선부점","address":"경기도 안산시 단원구 선부광장로 23 (선부동)B1~1층","phone":"1522-4400","hours":"10:00–22:00","openingDate":"20200617","region":"경기","options":["포토 스티커","네임 스티커","포인트 적립가능","포인트 사용가능","매장픽업"],"source":"㈜아성다이소 공식 매장검색","sourceUrl":"https://www.daiso.co.kr/cs/shop"}},{"type":"Feature","geometry":{"type":"Point","coordinates":[126.790598302783,37.32790902909]},"properties":{"name":"안산원곡동점","address":"경기 안산시 단원구 중앙대로 4691~4층","phone":"031-508-0988","hours":"09:00–22:00","openingDate":"20131008","region":"경기","options":["포인트 적립가능","포인트 사용가능"],"source":"㈜아성다이소 공식 매장검색","sourceUrl":"https://www.daiso.co.kr/cs/shop"}},{"type":"Feature","geometry":{"type":"Point","coordinates":[126.844692744308,37.3291835609978]},"properties":{"name":"안산월피점","address":"경기도 안산시 상록구 예술광장1로 18 (월피동)1~3층","phone":"1522-4400","hours":"10:00–22:00","openingDate":"20190530","region":"경기","options":["출입구 경사로","엘리베이터","네임 스티커","심카드","포인트 적립가능","포인트 사용가능","매장픽업"],"source":"㈜아성다이소 공식 매장검색","sourceUrl":"https://www.daiso.co.kr/cs/shop"}},{"type":"Feature","geometry":{"type":"Point","coordinates":[126.863950884745,37.3128311809976]},"properties":{"name":"안산일동점","address":"경기도 안산시 상록구 성호로 86(일동)1~3층","phone":"031-407-0805","hours":"09:30–22:00","openingDate":"20130904","region":"경기","options":["주차","포인트 적립가능","포인트 사용가능","고유가지원금"],"source":"㈜아성다이소 공식 매장검색","sourceUrl":"https://www.daiso.co.kr/cs/shop"}},{"type":"Feature","geometry":{"type":"Point","coordinates":[126.83651980365,37.3178279260242]},"properties":{"name":"안산중앙본점","address":"경기도 안산시 단원구 예술대학로 9 (고잔동)B1층","phone":"1522-4400","hours":"10:00–22:00","openingDate":"20230825","region":"경기","options":["주차","엘리베이터","포토 스티커","네임 스티커","포인트 적립가능","포인트 사용가능","매장픽업"],"source":"㈜아성다이소 공식 매장검색","sourceUrl":"https://www.daiso.co.kr/cs/shop"}},{"type":"Feature","geometry":{"type":"Point","coordinates":[126.848864710996,37.3064930205551]},"properties":{"name":"안산한대앞역점","address":"경기도 안산시 상록구 광덕1로 350 (이동)1~2층","phone":"031-418-0033","hours":"10:00–22:00","openingDate":"20100618","region":"경기","options":["포인트 적립가능","포인트 사용가능"],"source":"㈜아성다이소 공식 매장검색","sourceUrl":"https://www.daiso.co.kr/cs/shop"}},{"type":"Feature","geometry":{"type":"Point","coordinates":[127.26996493497,37.0077685098412]},"properties":{"name":"안성2호점","address":"경기도 안성시 중앙로 387 (대천동)1~2층","phone":"1522-4400","hours":"10:00–22:00","openingDate":"20081231","region":"경기","options":["출입구 경사로","심카드","포인트 적립가능","포인트 사용가능","매장픽업"],"source":"㈜아성다이소 공식 매장검색","sourceUrl":"https://www.daiso.co.kr/cs/shop"}},{"type":"Feature","geometry":{"type":"Point","coordinates":[127.268339305558,36.9850820059236]},"properties":{"name":"안성계동점","address":"경기도 안성시 안성맞춤대로 794 (계동)1~2층","phone":"031-677-7477","hours":"10:00–22:00","openingDate":"20230708","region":"경기","options":["주차","포인트 적립가능","포인트 사용가능","고유가지원금"],"source":"㈜아성다이소 공식 매장검색","sourceUrl":"https://www.daiso.co.kr/cs/shop"}},{"type":"Feature","geometry":{"type":"Point","coordinates":[127.19882292961,37.0089790367509]},"properties":{"name":"안성공도마정점","address":"경기도 안성시 공도읍 서동대로 44731~2층","phone":"1522-4400","hours":"10:00–22:00","openingDate":"20221229","region":"경기","options":["주차","엘리베이터","현금없는매장","네임 스티커","포인트 적립가능","포인트 사용가능","매장픽업"],"source":"㈜아성다이소 공식 매장검색","sourceUrl":"https://www.daiso.co.kr/cs/shop"}},{"type":"Feature","geometry":{"type":"Point","coordinates":[127.13875694342,36.9938223051875]},"properties":{"name":"안성공도점","address":"경기도 안성시 공도읍 서동대로 38841~3층","phone":"1522-4400","hours":"10:00–22:00","openingDate":"20151015","region":"경기","options":["주차","출입구 경사로","엘리베이터","포토 스티커","네임 스티커","심카드","택스리펀드","포인트 적립가능","포인트 사용가능","매장픽업"],"source":"㈜아성다이소 공식 매장검색","sourceUrl":"https://www.daiso.co.kr/cs/shop"}},{"type":"Feature","geometry":{"type":"Point","coordinates":[127.249088916877,37.0123634324891]},"properties":{"name":"안성옥산점","address":"경기도 안성시 중앙로 180 (옥산동)1~2층","phone":"1522-4400","hours":"10:00–22:00","openingDate":"20181021","region":"경기","options":["주차","엘리베이터","현금없는매장","포토 스티커","네임 스티커","심카드","포인트 적립가능","포인트 사용가능","매장픽업"],"source":"㈜아성다이소 공식 매장검색","sourceUrl":"https://www.daiso.co.kr/cs/shop"}},{"type":"Feature","geometry":{"type":"Point","coordinates":[127.426045242558,37.0750519934348]},"properties":{"name":"안성죽산점","address":"경기도 안성시 죽산면 장원남산길 121층","phone":"","hours":"00:00–00:00","openingDate":"20260123","region":"경기","options":["주차","포인트 적립가능","포인트 사용가능","고유가지원금"],"source":"㈜아성다이소 공식 매장검색","sourceUrl":"https://www.daiso.co.kr/cs/shop"}},{"type":"Feature","geometry":{"type":"Point","coordinates":[127.224807684955,37.0003897965475]},"properties":{"name":"안성중앙대점","address":"경기도 안성시 대덕면 중앙대학로 1301~2층","phone":"031-674-2225","hours":"10:00–22:00","openingDate":"20211023","region":"경기","options":["포인트 적립가능","포인트 사용가능","고유가지원금"],"source":"㈜아성다이소 공식 매장검색","sourceUrl":"https://www.daiso.co.kr/cs/shop"}},{"type":"Feature","geometry":{"type":"Point","coordinates":[126.931217182193,37.3965812153691]},"properties":{"name":"안양덕천점","address":"경기도 안양시 만안구 안양천서로 229(안양동)B1층","phone":"0507-1427-0229","hours":"10:00–22:00","openingDate":"20170531","region":"경기","options":["주차","포인트 적립가능","포인트 사용가능","고유가지원금"],"source":"㈜아성다이소 공식 매장검색","sourceUrl":"https://www.daiso.co.kr/cs/shop"}},{"type":"Feature","geometry":{"type":"Point","coordinates":[126.930661912863,37.3872335938566]},"properties":{"name":"안양만안구청점","address":"경기도 안양시 만안구 안양로 145 (안양동)B1~1층","phone":"031-468-8883","hours":"10:00–22:00","openingDate":"20210123","region":"경기","options":["포인트 적립가능","포인트 사용가능","고유가지원금"],"source":"㈜아성다이소 공식 매장검색","sourceUrl":"https://www.daiso.co.kr/cs/shop"}},{"type":"Feature","geometry":{"type":"Point","coordinates":[126.911172917863,37.4056234779519]},"properties":{"name":"안양박달시장점","address":"경기도 안양시 만안구 양화로136번길 39 (박달동)1~2층","phone":"031-441-0080","hours":"10:00–22:00","openingDate":"20160905","region":"경기","options":["포인트 적립가능","포인트 사용가능","고유가지원금"],"source":"㈜아성다이소 공식 매장검색","sourceUrl":"https://www.daiso.co.kr/cs/shop"}},{"type":"Feature","geometry":{"type":"Point","coordinates":[126.94462920666,37.3993733141707]},"properties":{"name":"안양비산점","address":"경기 안양시 동안구 관악대로 183B1층","phone":"1522-4400","hours":"10:00–22:00","openingDate":"20260918","region":"경기","options":["주차","엘리베이터","현금없는매장","포인트 적립가능","포인트 사용가능"],"source":"㈜아성다이소 공식 매장검색","sourceUrl":"https://www.daiso.co.kr/cs/shop"}},{"type":"Feature","geometry":{"type":"Point","coordinates":[126.898069345995,37.407093553842]},"properties":{"name":"안양석수점","address":"경기도 안양시 만안구 충훈로93번길 10(석수동)1~2층","phone":"031-471-6064","hours":"10:00–22:00","openingDate":"20130105","region":"경기","options":["포인트 적립가능","포인트 사용가능","고유가지원금"],"source":"㈜아성다이소 공식 매장검색","sourceUrl":"https://www.daiso.co.kr/cs/shop"}},{"type":"Feature","geometry":{"type":"Point","coordinates":[126.92287256604365,37.40124290709233]},"properties":{"name":"안양역점","address":"경기도 안양시 만안구 만안로 244 (안양동)1~2층","phone":"1522-4400","hours":"10:00–22:00","openingDate":"20070602","region":"경기","options":["주차","현금없는매장","심카드","포인트 적립가능","포인트 사용가능","매장픽업"],"source":"㈜아성다이소 공식 매장검색","sourceUrl":"https://www.daiso.co.kr/cs/shop"}},{"type":"Feature","geometry":{"type":"Point","coordinates":[126.921981657212,37.3975677776176]},"properties":{"name":"안양중앙점","address":"경기도 안양시 만안구 안양로 283 (안양동)1층","phone":"1522-4400","hours":"10:00–22:00","openingDate":"20120330","region":"경기","options":["출입구 경사로","엘리베이터","심카드","포인트 적립가능","포인트 사용가능","매장픽업"],"source":"㈜아성다이소 공식 매장검색","sourceUrl":"https://www.daiso.co.kr/cs/shop"}},{"type":"Feature","geometry":{"type":"Point","coordinates":[126.957344277783,37.3726044917095]},"properties":{"name":"안양호계동점","address":"경기도 안양시 동안구 경수대로 559 (호계동)B1~2층","phone":"031-447-5483","hours":"09:00–22:00","openingDate":"20201108","region":"경기","options":["주차","포인트 적립가능","포인트 사용가능"],"source":"㈜아성다이소 공식 매장검색","sourceUrl":"https://www.daiso.co.kr/cs/shop"}},{"type":"Feature","geometry":{"type":"Point","coordinates":[126.92269531051,36.9850185048881]},"properties":{"name":"안중점","address":"경기도 평택시 안중읍 안현로서6길 621층","phone":"031-681-7911","hours":"10:00–22:00","openingDate":"20150802","region":"경기","options":["주차","포인트 적립가능","포인트 사용가능"],"source":"㈜아성다이소 공식 매장검색","sourceUrl":"https://www.daiso.co.kr/cs/shop"}},{"type":"Feature","geometry":{"type":"Point","coordinates":[127.079129241822,37.7946719689928]},"properties":{"name":"양주고읍점","address":"경기도 양주시 고읍남로 20 (광사동)1~2층","phone":"1522-4400","hours":"10:00–22:00","openingDate":"20150728","region":"경기","options":["주차","출입구 경사로","포토 스티커","심카드","포인트 적립가능","포인트 사용가능","매장픽업"],"source":"㈜아성다이소 공식 매장검색","sourceUrl":"https://www.daiso.co.kr/cs/shop"}},{"type":"Feature","geometry":{"type":"Point","coordinates":[126.981848177842,37.8245558155251]},"properties":{"name":"양주광적점","address":"경기도 양주시 광적면 삼일로29번길 1451층","phone":"031-874-6700","hours":"10:00–22:00","openingDate":"20211202","region":"경기","options":["주차","포인트 적립가능","포인트 사용가능","고유가지원금"],"source":"㈜아성다이소 공식 매장검색","sourceUrl":"https://www.daiso.co.kr/cs/shop"}},{"type":"Feature","geometry":{"type":"Point","coordinates":[126.977498595709,37.8968042969946]},"properties":{"name":"양주남면점","address":"경기도 양주시 남면 개나리18길 101층","phone":"031-866-7000","hours":"10:00–22:00","openingDate":"20230222","region":"경기","options":["주차","포인트 적립가능","포인트 사용가능","고유가지원금"],"source":"㈜아성다이소 공식 매장검색","sourceUrl":"https://www.daiso.co.kr/cs/shop"}},{"type":"Feature","geometry":{"type":"Point","coordinates":[127.069010006039,37.8402992068364]},"properties":{"name":"양주덕정점","address":"경기도 양주시 화합로 1449 (덕정동)1~3층","phone":"1522-4400","hours":"10:00–22:00","openingDate":"20180317","region":"경기","options":["주차","출입구 경사로","엘리베이터","네임 스티커","심카드","포인트 적립가능","포인트 사용가능","매장픽업"],"source":"㈜아성다이소 공식 매장검색","sourceUrl":"https://www.daiso.co.kr/cs/shop"}},{"type":"Feature","geometry":{"type":"Point","coordinates":[127.002303391294,37.7856407005007]},"properties":{"name":"양주백석점","address":"경기도 양주시 백석읍 양주산성로 4662층","phone":"031-873-3700","hours":"10:00–22:00","openingDate":"20230421","region":"경기","options":["주차","포인트 적립가능","포인트 사용가능","고유가지원금"],"source":"㈜아성다이소 공식 매장검색","sourceUrl":"https://www.daiso.co.kr/cs/shop"}},{"type":"Feature","geometry":{"type":"Point","coordinates":[127.08981453379,37.8070167368965]},"properties":{"name":"양주삼숭점","address":"경기도 양주시 부흥로 2119(삼숭동)1~2층","phone":"1522-4400","hours":"10:00–22:00","openingDate":"20230303","region":"경기","options":["주차","출입구 경사로","엘리베이터","현금없는매장","포토 스티커","포인트 적립가능","포인트 사용가능","매장픽업"],"source":"㈜아성다이소 공식 매장검색","sourceUrl":"https://www.daiso.co.kr/cs/shop"}},{"type":"Feature","geometry":{"type":"Point","coordinates":[127.052039958779,37.8261038318828]},"properties":{"name":"양주회정동점","address":"경기도 양주시 평화로 1529(회정동)1~2층","phone":"1522-4400","hours":"10:00–22:00","openingDate":"20220528","region":"경기","options":["주차","엘리베이터","네임 스티커","포인트 적립가능","포인트 사용가능","매장픽업"],"source":"㈜아성다이소 공식 매장검색","sourceUrl":"https://www.daiso.co.kr/cs/shop"}},{"type":"Feature","geometry":{"type":"Point","coordinates":[127.321521851965,37.5471102064979]},"properties":{"name":"양평양수리점","address":"경기도 양평군 양서면 북한강로 381~2층","phone":"031-771-6940","hours":"09:30–21:30","openingDate":"20190420","region":"경기","options":["주차","포인트 적립가능","포인트 사용가능","고유가지원금"],"source":"㈜아성다이소 공식 매장검색","sourceUrl":"https://www.daiso.co.kr/cs/shop"}},{"type":"Feature","geometry":{"type":"Point","coordinates":[127.604125708378,37.4981652756248]},"properties":{"name":"양평용문점","address":"경기도 양평군 용문면 용문로 5371층","phone":"031-771-3963","hours":"09:00–21:00","openingDate":"20210219","region":"경기","options":["주차","포인트 적립가능","포인트 사용가능","고유가지원금"],"source":"㈜아성다이소 공식 매장검색","sourceUrl":"https://www.daiso.co.kr/cs/shop"}},{"type":"Feature","geometry":{"type":"Point","coordinates":[127.492943417452,37.4897654460997]},"properties":{"name":"양평점","address":"경기도 양평군 양평읍 양평시장길 41층","phone":"031-771-6017","hours":"09:30–21:30","openingDate":"20200618","region":"경기","options":["포인트 적립가능","포인트 사용가능","고유가지원금"],"source":"㈜아성다이소 공식 매장검색","sourceUrl":"https://www.daiso.co.kr/cs/shop"}},{"type":"Feature","geometry":{"type":"Point","coordinates":[126.922958655599,37.4011047465841]},"properties":{"name":"엔터식스안양역점","address":"경기도 안양시 만안구 만안로 230 (안양동)5층","phone":"1522-4400","hours":"10:30–21:00","openingDate":"20240628","region":"경기","options":["주차","엘리베이터","포인트 적립가능","포인트 사용가능","매장픽업"],"source":"㈜아성다이소 공식 매장검색","sourceUrl":"https://www.daiso.co.kr/cs/shop"}},{"type":"Feature","geometry":{"type":"Point","coordinates":[127.544077003361,37.2034873074307]},"properties":{"name":"여주가남점","address":"경기도 여주시 가남읍 태평중앙2길 231~2층","phone":"031-886-5066","hours":"09:00–22:00","openingDate":"20150301","region":"경기","options":["주차","포인트 적립가능","포인트 사용가능","고유가지원금"],"source":"㈜아성다이소 공식 매장검색","sourceUrl":"https://www.daiso.co.kr/cs/shop"}},{"type":"Feature","geometry":{"type":"Point","coordinates":[127.637380932928,37.2739207292683]},"properties":{"name":"여주대점","address":"경기 여주시 세종로 2741층","phone":"031-885-9749","hours":"10:00–22:00","openingDate":"20190212","region":"경기","options":["주차","포인트 적립가능","포인트 사용가능"],"source":"㈜아성다이소 공식 매장검색","sourceUrl":"https://www.daiso.co.kr/cs/shop"}},{"type":"Feature","geometry":{"type":"Point","coordinates":[127.494175117267,37.3453337340502]},"properties":{"name":"여주백사점","address":"경기도 여주시 흥천면 이여로 6221층","phone":"","hours":"10:00–22:00","openingDate":"20240504","region":"경기","options":["주차","포인트 적립가능","포인트 사용가능","고유가지원금"],"source":"㈜아성다이소 공식 매장검색","sourceUrl":"https://www.daiso.co.kr/cs/shop"}},{"type":"Feature","geometry":{"type":"Point","coordinates":[127.647656916491,37.3015189753704]},"properties":{"name":"여주오학점","address":"경기도 여주시 보뜰3길 8(오학동)1~2층","phone":"031-885-0262","hours":"10:00–22:00","openingDate":"20161119","region":"경기","options":["주차","포인트 적립가능","포인트 사용가능","고유가지원금"],"source":"㈜아성다이소 공식 매장검색","sourceUrl":"https://www.daiso.co.kr/cs/shop"}},{"type":"Feature","geometry":{"type":"Point","coordinates":[127.623307441679,37.2981912384165]},"properties":{"name":"여주하동점","address":"경기도 여주시 영릉로 155 (하동)1~3층","phone":"1522-4400","hours":"10:00–22:00","openingDate":"20241122","region":"경기","options":["주차","엘리베이터","포토 스티커","네임 스티커","포인트 적립가능","포인트 사용가능","매장픽업"],"source":"㈜아성다이소 공식 매장검색","sourceUrl":"https://www.daiso.co.kr/cs/shop"}},{"type":"Feature","geometry":{"type":"Point","coordinates":[126.811461811192,37.4845740401619]},"properties":{"name":"역곡본점","address":"경기도 부천시 경인로 507 (괴안동)B1~2층","phone":"1522-4400","hours":"10:00–22:00","openingDate":"20160422","region":"경기","options":["포토 스티커","네임 스티커","심카드","포인트 적립가능","포인트 사용가능","매장픽업"],"source":"㈜아성다이소 공식 매장검색","sourceUrl":"https://www.daiso.co.kr/cs/shop"}},{"type":"Feature","geometry":{"type":"Point","coordinates":[127.061898704684,37.2451294220493]},"properties":{"name":"영통판타지움점","address":"경기도 수원시 영통구 덕영대로 1566 (영통동)1층","phone":"1522-4400","hours":"10:00–22:00","openingDate":"20171208","region":"경기","options":["주차","엘리베이터","포토 스티커","네임 스티커","심카드","포인트 적립가능","포인트 사용가능","매장픽업"],"source":"㈜아성다이소 공식 매장검색","sourceUrl":"https://www.daiso.co.kr/cs/shop"}},{"type":"Feature","geometry":{"type":"Point","coordinates":[127.074241999652,37.1523149697604]},"properties":{"name":"오산농민마트점","address":"경기도 오산시 운천로 109(오산동)1층","phone":"031-372-5774","hours":"09:00–22:00","openingDate":"20160406","region":"경기","options":["주차","포인트 적립가능","포인트 사용가능","고유가지원금"],"source":"㈜아성다이소 공식 매장검색","sourceUrl":"https://www.daiso.co.kr/cs/shop"}},{"type":"Feature","geometry":{"type":"Point","coordinates":[127.072672470254,37.1361108246534]},"properties":{"name":"오산원동점","address":"경기도 오산시 남부대로 335 (원동)1~3층","phone":"1522-4400","hours":"10:00–22:00","openingDate":"20190731","region":"경기","options":["주차","출입구 경사로","엘리베이터","포토 스티커","네임 스티커","심카드","포인트 적립가능","포인트 사용가능","매장픽업"],"source":"㈜아성다이소 공식 매장검색","sourceUrl":"https://www.daiso.co.kr/cs/shop"}},{"type":"Feature","geometry":{"type":"Point","coordinates":[127.069635640606,37.1466615451658]},"properties":{"name":"오산점","address":"경기도 오산시 대원로 11 (오산동)1~3층","phone":"1522-4400","hours":"10:00–22:00","openingDate":"20150423","region":"경기","options":["출입구 경사로","심카드","포인트 적립가능","포인트 사용가능","매장픽업"],"source":"㈜아성다이소 공식 매장검색","sourceUrl":"https://www.daiso.co.kr/cs/shop"}},{"type":"Feature","geometry":{"type":"Point","coordinates":[127.092151128831,37.8202250460014]},"properties":{"name":"옥정신도시점","address":"경기도 양주시 옥정로 208(옥정동)1~2층","phone":"1522-4400","hours":"10:00–22:00","openingDate":"20230414","region":"경기","options":["주차","엘리베이터","포토 스티커","네임 스티커","포인트 적립가능","포인트 사용가능","매장픽업"],"source":"㈜아성다이소 공식 매장검색","sourceUrl":"https://www.daiso.co.kr/cs/shop"}},{"type":"Feature","geometry":{"type":"Point","coordinates":[127.126545716359,37.271313997175]},"properties":{"name":"용인강남대점","address":"경기도 용인시 기흥구 강남로 7(구갈동)2층","phone":"031-287-0603","hours":"09:30–22:00","openingDate":"20120625","region":"경기","options":["주차","포인트 적립가능","포인트 사용가능","고유가지원금"],"source":"㈜아성다이소 공식 매장검색","sourceUrl":"https://www.daiso.co.kr/cs/shop"}},{"type":"Feature","geometry":{"type":"Point","coordinates":[127.111812556776,37.280083693291]},"properties":{"name":"용인구갈점","address":"경기도 용인시 기흥구 구갈로60번길 5 (구갈동)1~3층","phone":"1522-4400","hours":"10:00–22:00","openingDate":"20101117","region":"경기","options":["현금없는매장","심카드","포인트 적립가능","포인트 사용가능","매장픽업"],"source":"㈜아성다이소 공식 매장검색","sourceUrl":"https://www.daiso.co.kr/cs/shop"}},{"type":"Feature","geometry":{"type":"Point","coordinates":[127.109273072785,37.2962886208789]},"properties":{"name":"용인구성점","address":"경기도 용인시 기흥구 용구대로 2351 (마북동)1~2층","phone":"1522-4400","hours":"10:00–22:00","openingDate":"20180220","region":"경기","options":["주차","출입구 경사로","현금없는매장","포토 스티커","네임 스티커","심카드","포인트 적립가능","포인트 사용가능","매장픽업"],"source":"㈜아성다이소 공식 매장검색","sourceUrl":"https://www.daiso.co.kr/cs/shop"}},{"type":"Feature","geometry":{"type":"Point","coordinates":[127.151598440729,37.2779959612183]},"properties":{"name":"용인동백점","address":"경기 용인시 기흥구 동백죽전대로 4444층","phone":"1522-4400","hours":"10:00–22:00","openingDate":"20190215","region":"경기","options":["주차","엘리베이터","포토 스티커","네임 스티커","심카드","포인트 적립가능","포인트 사용가능","매장픽업"],"source":"㈜아성다이소 공식 매장검색","sourceUrl":"https://www.daiso.co.kr/cs/shop"}},{"type":"Feature","geometry":{"type":"Point","coordinates":[127.09560633522,37.3396371021507]},"properties":{"name":"용인동천점","address":"경기도 용인시 수지구 동천로 69 (동천동)1~2층","phone":"1522-4400","hours":"10:00–22:00","openingDate":"20190607","region":"경기","options":["현금없는매장","네임 스티커","심카드","포인트 적립가능","포인트 사용가능","매장픽업"],"source":"㈜아성다이소 공식 매장검색","sourceUrl":"https://www.daiso.co.kr/cs/shop"}},{"type":"Feature","geometry":{"type":"Point","coordinates":[127.249707263834,37.3361541834709]},"properties":{"name":"용인모현점","address":"경기도 용인시 처인구 모현읍 백옥대로 2382B1층","phone":"031-336-8002","hours":"09:30–21:30","openingDate":"20180827","region":"경기","options":["주차","포인트 적립가능","포인트 사용가능","고유가지원금"],"source":"㈜아성다이소 공식 매장검색","sourceUrl":"https://www.daiso.co.kr/cs/shop"}},{"type":"Feature","geometry":{"type":"Point","coordinates":[127.104757566151,37.2587135812144]},"properties":{"name":"용인민속촌점","address":"경기도 용인시 기흥구 용구대로 1910 (보라동)1~3층","phone":"1522-4400","hours":"10:00–22:00","openingDate":"20180515","region":"경기","options":["주차","출입구 경사로","엘리베이터","포토 스티커","네임 스티커","심카드","포인트 적립가능","포인트 사용가능","매장픽업"],"source":"㈜아성다이소 공식 매장검색","sourceUrl":"https://www.daiso.co.kr/cs/shop"}},{"type":"Feature","geometry":{"type":"Point","coordinates":[127.375723504872,37.1626993117251]},"properties":{"name":"용인백암점","address":"경기도 용인시 처인구 백암면 백암로185번길 11-31층","phone":"031-334-4153","hours":"10:00–22:00","openingDate":"20210605","region":"경기","options":["주차","포인트 적립가능","포인트 사용가능","고유가지원금"],"source":"㈜아성다이소 공식 매장검색","sourceUrl":"https://www.daiso.co.kr/cs/shop"}},{"type":"Feature","geometry":{"type":"Point","coordinates":[127.114263975259,37.3207320482137]},"properties":{"name":"용인보정점","address":"경기도 용인시 기흥구 죽전로 49(보정동)2층","phone":"031-897-6870","hours":"10:00–22:00","openingDate":"20140311","region":"경기","options":["주차","포인트 적립가능","포인트 사용가능"],"source":"㈜아성다이소 공식 매장검색","sourceUrl":"https://www.daiso.co.kr/cs/shop"}},{"type":"Feature","geometry":{"type":"Point","coordinates":[127.080718061729,37.3147142904329]},"properties":{"name":"용인성복점","address":"경기도 용인시 수지구 성복2로76번길 26-6(성복동, 신봉샤르망1)2층","phone":"031-263-7090","hours":"10:00–22:00","openingDate":"20160617","region":"경기","options":["주차","포인트 적립가능","포인트 사용가능","고유가지원금"],"source":"㈜아성다이소 공식 매장검색","sourceUrl":"https://www.daiso.co.kr/cs/shop"}},{"type":"Feature","geometry":{"type":"Point","coordinates":[127.20897536946,37.239148570735]},"properties":{"name":"용인송담대역점","address":"경기도 용인시 처인구 백옥대로 1161(김량장동)1~2층","phone":"1522-4400","hours":"10:00–22:00","openingDate":"20220218","region":"경기","options":["주차","엘리베이터","네임 스티커","포인트 적립가능","포인트 사용가능","매장픽업"],"source":"㈜아성다이소 공식 매장검색","sourceUrl":"https://www.daiso.co.kr/cs/shop"}},{"type":"Feature","geometry":{"type":"Point","coordinates":[127.198193588658,37.1414473919532]},"properties":{"name":"용인송전점","address":"경기도 용인시 처인구 이동읍 경기동로687번길 221~2층","phone":"031-338-0007","hours":"10:00–22:00","openingDate":"20190616","region":"경기","options":["포인트 적립가능","포인트 사용가능","고유가지원금"],"source":"㈜아성다이소 공식 매장검색","sourceUrl":"https://www.daiso.co.kr/cs/shop"}},{"type":"Feature","geometry":{"type":"Point","coordinates":[127.172378808352,37.2403583106948]},"properties":{"name":"용인시청점","address":"경기도 용인시 처인구 중부대로 1143(삼가동)1~3층","phone":"1522-4400","hours":"10:00–22:00","openingDate":"20220519","region":"경기","options":["주차","출입구 경사로","엘리베이터","현금없는매장","네임 스티커","포인트 적립가능","포인트 사용가능","매장픽업"],"source":"㈜아성다이소 공식 매장검색","sourceUrl":"https://www.daiso.co.kr/cs/shop"}},{"type":"Feature","geometry":{"type":"Point","coordinates":[127.175884862236,37.1576544304414]},"properties":{"name":"용인아곡점","address":"경기도 용인시 처인구 남사읍 한숲로 124 (e편한세상 용인 한숲시티)1~2층","phone":"031-335-1989","hours":"10:00–22:00","openingDate":"20190123","region":"경기","options":["주차","포인트 적립가능","포인트 사용가능","고유가지원금"],"source":"㈜아성다이소 공식 매장검색","sourceUrl":"https://www.daiso.co.kr/cs/shop"}},{"type":"Feature","geometry":{"type":"Point","coordinates":[127.282065316003,37.2346798673769]},"properties":{"name":"용인양지점","address":"경기도 용인시 처인구 양지면 양지로 125-31~2층","phone":"031-338-7959","hours":"10:00–22:00","openingDate":"20181219","region":"경기","options":["포인트 적립가능","포인트 사용가능","고유가지원금"],"source":"㈜아성다이소 공식 매장검색","sourceUrl":"https://www.daiso.co.kr/cs/shop"}},{"type":"Feature","geometry":{"type":"Point","coordinates":[127.188304185908,37.235473912519]},"properties":{"name":"용인역북점","address":"경기도 용인시 처인구 중부대로 1294 (역북동)2층","phone":"1522-4400","hours":"10:00–22:00","openingDate":"20190628","region":"경기","options":["주차","엘리베이터","포토 스티커","네임 스티커","심카드","포인트 적립가능","포인트 사용가능","매장픽업"],"source":"㈜아성다이소 공식 매장검색","sourceUrl":"https://www.daiso.co.kr/cs/shop"}},{"type":"Feature","geometry":{"type":"Point","coordinates":[127.20590517516,37.1865579518685]},"properties":{"name":"용인천리점","address":"경기도 용인시 처인구 이동읍 백옥대로 5451층","phone":"031-323-0011","hours":"10:00–22:00","openingDate":"20220122","region":"경기","options":["주차","포인트 적립가능","포인트 사용가능"],"source":"㈜아성다이소 공식 매장검색","sourceUrl":"https://www.daiso.co.kr/cs/shop"}},{"type":"Feature","geometry":{"type":"Point","coordinates":[127.232496343624,37.2796037227594]},"properties":{"name":"용인포곡점","address":"경기도 용인시 처인구 포곡읍 포곡로278번길 11~2층","phone":"1522-4400","hours":"10:00–22:00","openingDate":"20260212","region":"경기","options":["주차","엘리베이터","현금없는매장","포토 스티커","네임 스티커","포인트 적립가능","포인트 사용가능","매장픽업"],"source":"㈜아성다이소 공식 매장검색","sourceUrl":"https://www.daiso.co.kr/cs/shop"}},{"type":"Feature","geometry":{"type":"Point","coordinates":[127.092362084461,37.3298051955777]},"properties":{"name":"용인풍덕천점","address":"경기도 용인시 수지구 수풍로 65 (풍덕천동)B2층","phone":"1522-4400","hours":"10:00–22:00","openingDate":"20250312","region":"경기","options":["주차","출입구 경사로","엘리베이터","현금없는매장","포토 스티커","네임 스티커","포인트 적립가능","포인트 사용가능","매장픽업"],"source":"㈜아성다이소 공식 매장검색","sourceUrl":"https://www.daiso.co.kr/cs/shop"}},{"type":"Feature","geometry":{"type":"Point","coordinates":[127.071589469754,37.275912222227]},"properties":{"name":"용인흥덕점","address":"경기도 용인시 기흥구 흥덕2로87번길 18(영덕동)1~2층","phone":"0507-1304-7801","hours":"10:00–22:00","openingDate":"20171109","region":"경기","options":["주차","포인트 적립가능","포인트 사용가능"],"source":"㈜아성다이소 공식 매장검색","sourceUrl":"https://www.daiso.co.kr/cs/shop"}},{"type":"Feature","geometry":{"type":"Point","coordinates":[126.754526582068,37.6645540981816]},"properties":{"name":"원마운트몰점","address":"경기도 고양시 일산서구 한류월드로 300 (대화동)1~2층","phone":"1522-4400","hours":"10:00–22:00","openingDate":"20180518","region":"경기","options":["주차","엘리베이터","현금없는매장","포토 스티커","네임 스티커","심카드","포인트 적립가능","포인트 사용가능","매장픽업"],"source":"㈜아성다이소 공식 매장검색","sourceUrl":"https://www.daiso.co.kr/cs/shop"}},{"type":"Feature","geometry":{"type":"Point","coordinates":[126.977173371061,37.3904481879726]},"properties":{"name":"의왕내손점","address":"경기 의왕시 평의길 342층","phone":"1522-4400","hours":"10:00–22:00","openingDate":"20260328","region":"경기","options":["주차","엘리베이터","현금없는매장","포토 스티커","네임 스티커","포인트 적립가능","포인트 사용가능","매장픽업"],"source":"㈜아성다이소 공식 매장검색","sourceUrl":"https://www.daiso.co.kr/cs/shop"}},{"type":"Feature","geometry":{"type":"Point","coordinates":[126.949765689584,37.3202053886388]},"properties":{"name":"의왕삼동점","address":"경기도 의왕시 중앙샛길 6(삼동, 동진빌딩)1~2층","phone":"031-462-8787","hours":"10:00–22:00","openingDate":"20170605","region":"경기","options":["포인트 적립가능","포인트 사용가능","고유가지원금"],"source":"㈜아성다이소 공식 매장검색","sourceUrl":"https://www.daiso.co.kr/cs/shop"}},{"type":"Feature","geometry":{"type":"Point","coordinates":[126.967735572522,37.3601161315719]},"properties":{"name":"의왕오전점","address":"경기도 의왕시 모락로 26 (오전동)1~2층","phone":"031-456-7667","hours":"10:00–22:00","openingDate":"20150703","region":"경기","options":["포인트 적립가능","포인트 사용가능","고유가지원금"],"source":"㈜아성다이소 공식 매장검색","sourceUrl":"https://www.daiso.co.kr/cs/shop"}},{"type":"Feature","geometry":{"type":"Point","coordinates":[127.051938723823,37.7389463593623]},"properties":{"name":"의정부2호점","address":"경기도 의정부시 태평로 72 (의정부동)B1~1층","phone":"1522-4400","hours":"10:00–22:00","openingDate":"20160629","region":"경기","options":["주차","출입구 경사로","심카드","포인트 적립가능","포인트 사용가능","매장픽업"],"source":"㈜아성다이소 공식 매장검색","sourceUrl":"https://www.daiso.co.kr/cs/shop"}},{"type":"Feature","geometry":{"type":"Point","coordinates":[127.041344404422,37.7606840575637]},"properties":{"name":"의정부녹양점","address":"경기도 의정부시 체육로 306-10 (녹양동)1~3층","phone":"1522-4400","hours":"10:00–22:00","openingDate":"20101223","region":"경기","options":["주차","심카드","포인트 적립가능","포인트 사용가능","매장픽업"],"source":"㈜아성다이소 공식 매장검색","sourceUrl":"https://www.daiso.co.kr/cs/shop"}},{"type":"Feature","geometry":{"type":"Point","coordinates":[127.104757341591,37.7452046993601]},"properties":{"name":"의정부민락2호점","address":"경기도 의정부시 민락로 239 (민락동)1~2층","phone":"1522-4400","hours":"10:00–22:00","openingDate":"20200410","region":"경기","options":["주차","출입구 경사로","엘리베이터","현금없는매장","포토 스티커","네임 스티커","심카드","포인트 적립가능","포인트 사용가능","매장픽업"],"source":"㈜아성다이소 공식 매장검색","sourceUrl":"https://www.daiso.co.kr/cs/shop"}},{"type":"Feature","geometry":{"type":"Point","coordinates":[127.11331580908,37.7572960512449]},"properties":{"name":"의정부민락3호점","address":"경기도 의정부시 민락로 406 (낙양동)1층","phone":"1522-4400","hours":"10:00–22:00","openingDate":"20240628","region":"경기","options":["주차","엘리베이터","현금없는매장","포토 스티커","네임 스티커","포인트 적립가능","포인트 사용가능","매장픽업"],"source":"㈜아성다이소 공식 매장검색","sourceUrl":"https://www.daiso.co.kr/cs/shop"}},{"type":"Feature","geometry":{"type":"Point","coordinates":[127.094045496684,37.7447208130449]},"properties":{"name":"의정부민락점","address":"경기도 의정부시 용민로182번길 17 (민락동)1층","phone":"1522-4400","hours":"10:00–22:00","openingDate":"20180106","region":"경기","options":["주차","출입구 경사로","포토 스티커","네임 스티커","심카드","포인트 적립가능","포인트 사용가능","매장픽업"],"source":"㈜아성다이소 공식 매장검색","sourceUrl":"https://www.daiso.co.kr/cs/shop"}},{"type":"Feature","geometry":{"type":"Point","coordinates":[127.043635887687,37.7386344761102]},"properties":{"name":"의정부역서부점","address":"경기도 의정부시 시민로 75 (의정부동)1~3층","phone":"1522-4400","hours":"10:00–22:00","openingDate":"20180203","region":"경기","options":["주차","출입구 경사로","포토 스티커","네임 스티커","심카드","포인트 적립가능","포인트 사용가능","매장픽업"],"source":"㈜아성다이소 공식 매장검색","sourceUrl":"https://www.daiso.co.kr/cs/shop"}},{"type":"Feature","geometry":{"type":"Point","coordinates":[127.084251805937,37.731231067236]},"properties":{"name":"의정부용현점","address":"경기도 의정부시 시민로 461 (용현동)1~4층","phone":"1522-4400","hours":"10:00–22:00","openingDate":"20240127","region":"경기","options":["주차","엘리베이터","현금없는매장","포토 스티커","포인트 적립가능","포인트 사용가능","매장픽업"],"source":"㈜아성다이소 공식 매장검색","sourceUrl":"https://www.daiso.co.kr/cs/shop"}},{"type":"Feature","geometry":{"type":"Point","coordinates":[127.049634147905,37.7406110822502]},"properties":{"name":"의정부점","address":"경기도 의정부시 시민로131번길 55 (의정부동)1~2층","phone":"1522-4400","hours":"10:00–22:00","openingDate":"20110716","region":"경기","options":["출입구 경사로","심카드","포인트 적립가능","포인트 사용가능","매장픽업"],"source":"㈜아성다이소 공식 매장검색","sourceUrl":"https://www.daiso.co.kr/cs/shop"}},{"type":"Feature","geometry":{"type":"Point","coordinates":[127.04793490725,37.7254307049494]},"properties":{"name":"의정부회룡점","address":"경기도 의정부시 평화로 375 (호원동)1~2층","phone":"1522-4400","hours":"10:00–22:00","openingDate":"20090324","region":"경기","options":["주차","엘리베이터","네임 스티커","심카드","포인트 적립가능","포인트 사용가능","매장픽업"],"source":"㈜아성다이소 공식 매장검색","sourceUrl":"https://www.daiso.co.kr/cs/shop"}},{"type":"Feature","geometry":{"type":"Point","coordinates":[126.991860677863,37.4262955749411]},"properties":{"name":"이마트과천점","address":"경기도 과천시 별양상가3로 11 (별양동)3층","phone":"1522-4400","hours":"10:00–22:00","openingDate":"20250124","region":"경기","options":["주차","포인트 적립가능","포인트 사용가능"],"source":"㈜아성다이소 공식 매장검색","sourceUrl":"https://www.daiso.co.kr/cs/shop"}},{"type":"Feature","geometry":{"type":"Point","coordinates":[127.243052906438,37.6550474690268]},"properties":{"name":"이마트남양주점","address":"경기도 남양주시 늘을2로 27 (호평동)3층","phone":"1522-4400","hours":"10:00–23:00","openingDate":"20250724","region":"경기","options":["주차","포인트 적립가능","포인트 사용가능"],"source":"㈜아성다이소 공식 매장검색","sourceUrl":"https://www.daiso.co.kr/cs/shop"}},{"type":"Feature","geometry":{"type":"Point","coordinates":[127.125967996663,37.6428100149332]},"properties":{"name":"이마트별내점","address":"경기도 남양주시 순화궁로 167 (별내동)1층","phone":"","hours":"10:00–22:00","openingDate":"20210507","region":"경기","options":["주차"],"source":"㈜아성다이소 공식 매장검색","sourceUrl":"https://www.daiso.co.kr/cs/shop"}},{"type":"Feature","geometry":{"type":"Point","coordinates":[127.105089234799,37.2475310681116]},"properties":{"name":"이마트보라점","address":"경기도 용인시 기흥구 한보라1로 92(보라동)1층","phone":"","hours":"10:00–22:00","openingDate":"20220916","region":"경기","options":["주차"],"source":"㈜아성다이소 공식 매장검색","sourceUrl":"https://www.daiso.co.kr/cs/shop"}},{"type":"Feature","geometry":{"type":"Point","coordinates":[127.119757717726,37.3587972091658]},"properties":{"name":"이마트분당점","address":"경기 성남시 분당구 불정로 134 (정자동, 이마트)2층","phone":"","hours":"10:00–22:00","openingDate":"20220826","region":"경기","options":["주차"],"source":"㈜아성다이소 공식 매장검색","sourceUrl":"https://www.daiso.co.kr/cs/shop"}},{"type":"Feature","geometry":{"type":"Point","coordinates":[127.020700595916,37.2501881088222]},"properties":{"name":"이마트수원점","address":"경기도 수원시 권선구 경수대로 270 (권선동)2층","phone":"","hours":"10:00–22:00","openingDate":"20210625","region":"경기","options":["주차"],"source":"㈜아성다이소 공식 매장검색","sourceUrl":"https://www.daiso.co.kr/cs/shop"}},{"type":"Feature","geometry":{"type":"Point","coordinates":[126.812920187596,37.3031149487989]},"properties":{"name":"이마트안산고잔점","address":"경기도 안산시 단원구 원포공원1로 46 (초지동)3층","phone":"1522-4400","hours":"10:00–22:00","openingDate":"20250711","region":"경기","options":["주차","포인트 적립가능","포인트 사용가능"],"source":"㈜아성다이소 공식 매장검색","sourceUrl":"https://www.daiso.co.kr/cs/shop"}},{"type":"Feature","geometry":{"type":"Point","coordinates":[127.053849955483,37.8417501721146]},"properties":{"name":"이마트양주점","address":"경기도 양주시 평화로 1713 (회정동)2층","phone":"1522-4400","hours":"10:00–22:00","openingDate":"20241130","region":"경기","options":["주차","포인트 적립가능","포인트 사용가능"],"source":"㈜아성다이소 공식 매장검색","sourceUrl":"https://www.daiso.co.kr/cs/shop"}},{"type":"Feature","geometry":{"type":"Point","coordinates":[126.973189534705,37.3506825569407]},"properties":{"name":"이마트의왕점","address":"경기도 의왕시 경수대로 262 (오전동, 의왕서해그랑블(블루스퀘어))B1층","phone":"","hours":"10:00–22:00","openingDate":"20240823","region":"경기","options":["주차","포인트 적립가능","포인트 사용가능"],"source":"㈜아성다이소 공식 매장검색","sourceUrl":"https://www.daiso.co.kr/cs/shop"}},{"type":"Feature","geometry":{"type":"Point","coordinates":[126.78225569195,37.6480881663195]},"properties":{"name":"이마트일산점","address":"경기도 고양시 일산동구 중앙로 1124(백석동, 흰돌마을1단지아파트)1층","phone":"1522-4400","hours":"10:00–22:00","openingDate":"20220728","region":"경기","options":["주차"],"source":"㈜아성다이소 공식 매장검색","sourceUrl":"https://www.daiso.co.kr/cs/shop"}},{"type":"Feature","geometry":{"type":"Point","coordinates":[126.751050751911,37.7469634503268]},"properties":{"name":"이마트파주점","address":"경기도 파주시 당하길 10 (당하동)1층","phone":"1522-4400","hours":"10:00–23:00","openingDate":"20231017","region":"경기","options":["주차","포인트 적립가능","포인트 사용가능"],"source":"㈜아성다이소 공식 매장검색","sourceUrl":"https://www.daiso.co.kr/cs/shop"}},{"type":"Feature","geometry":{"type":"Point","coordinates":[126.972686710741,37.2224740960296]},"properties":{"name":"이마트화성봉담점","address":"경기도 화성시 봉담읍 효행로 2781층","phone":"1522-4400","hours":"10:00–22:00","openingDate":"20260123","region":"경기","options":["주차","포인트 적립가능","포인트 사용가능"],"source":"㈜아성다이소 공식 매장검색","sourceUrl":"https://www.daiso.co.kr/cs/shop"}},{"type":"Feature","geometry":{"type":"Point","coordinates":[127.353534488608,37.2518653703886]},"properties":{"name":"이천마장점","address":"경기도 이천시 마장면 오천로 561~2층","phone":"031-637-7749","hours":"09:00–21:30","openingDate":"20190729","region":"경기","options":["포인트 적립가능","포인트 사용가능"],"source":"㈜아성다이소 공식 매장검색","sourceUrl":"https://www.daiso.co.kr/cs/shop"}},{"type":"Feature","geometry":{"type":"Point","coordinates":[127.457840406548,37.2955693193447]},"properties":{"name":"이천본점","address":"경기도 이천시 이섭대천로 1440-8 (증포동)B1~3층","phone":"1522-4400","hours":"10:00–22:00","openingDate":"20181125","region":"경기","options":["주차","엘리베이터","포토 스티커","네임 스티커","심카드","포인트 적립가능","포인트 사용가능","매장픽업"],"source":"㈜아성다이소 공식 매장검색","sourceUrl":"https://www.daiso.co.kr/cs/shop"}},{"type":"Feature","geometry":{"type":"Point","coordinates":[127.474538470763,37.2610532326041]},"properties":{"name":"이천부발점","address":"경기도 이천시 부발읍 경충대로 22691층","phone":"1522-4400","hours":"10:00–22:00","openingDate":"20240330","region":"경기","options":["주차","포토 스티커","포인트 적립가능","포인트 사용가능","매장픽업"],"source":"㈜아성다이소 공식 매장검색","sourceUrl":"https://www.daiso.co.kr/cs/shop"}},{"type":"Feature","geometry":{"type":"Point","coordinates":[127.407603906166,37.2994128852994]},"properties":{"name":"이천사음점","address":"경기도 이천시 경충대로 3047-7 (사음동)1~2층","phone":"1522-4400","hours":"10:00–22:00","openingDate":"20190322","region":"경기","options":["주차","출입구 경사로","엘리베이터","현금없는매장","네임 스티커","심카드","포인트 적립가능","포인트 사용가능","매장픽업"],"source":"㈜아성다이소 공식 매장검색","sourceUrl":"https://www.daiso.co.kr/cs/shop"}},{"type":"Feature","geometry":{"type":"Point","coordinates":[127.440823651644,37.280957113262]},"properties":{"name":"이천중앙점","address":"경기도 이천시 서희로59번길 33 (창전동)1~2층","phone":"1522-4400","hours":"10:00–22:00","openingDate":"20190602","region":"경기","options":["출입구 경사로","포토 스티커","네임 스티커","심카드","포인트 적립가능","포인트 사용가능","매장픽업"],"source":"㈜아성다이소 공식 매장검색","sourceUrl":"https://www.daiso.co.kr/cs/shop"}},{"type":"Feature","geometry":{"type":"Point","coordinates":[127.453985084886,37.2886463270016]},"properties":{"name":"이천증포점","address":"경기도 이천시 증신로 136 (증포동)1~2층","phone":"1522-4400","hours":"10:00–22:00","openingDate":"20260529","region":"경기","options":["주차","출입구 경사로","현금없는매장","포토 스티커","네임 스티커","포인트 적립가능","포인트 사용가능"],"source":"㈜아성다이소 공식 매장검색","sourceUrl":"https://www.daiso.co.kr/cs/shop"}},{"type":"Feature","geometry":{"type":"Point","coordinates":[126.719127655373,37.6861219805162]},"properties":{"name":"일산가좌점","address":"경기도 고양시 일산서구 가좌4로 6-3(가좌동)1~2층","phone":"031-922-0312","hours":"09:00–22:00","openingDate":"20180112","region":"경기","options":["주차","포인트 적립가능","포인트 사용가능"],"source":"㈜아성다이소 공식 매장검색","sourceUrl":"https://www.daiso.co.kr/cs/shop"}},{"type":"Feature","geometry":{"type":"Point","coordinates":[126.759667650028,37.6894954397631]},"properties":{"name":"일산덕이점","address":"경기도 고양시 일산서구 경의로 808 (덕이동)1~2층","phone":"1522-4400","hours":"10:00–22:00","openingDate":"20180929","region":"경기","options":["주차","출입구 경사로","엘리베이터","현금없는매장","심카드","포인트 적립가능","포인트 사용가능"],"source":"㈜아성다이소 공식 매장검색","sourceUrl":"https://www.daiso.co.kr/cs/shop"}},{"type":"Feature","geometry":{"type":"Point","coordinates":[126.777603938494,37.6540176761362]},"properties":{"name":"일산마두점","address":"경기도 고양시 일산동구 강석로 151 (마두동)1~3층","phone":"1522-4400","hours":"10:00–22:00","openingDate":"20200724","region":"경기","options":["엘리베이터","현금없는매장","네임 스티커","심카드","포인트 적립가능","포인트 사용가능"],"source":"㈜아성다이소 공식 매장검색","sourceUrl":"https://www.daiso.co.kr/cs/shop"}},{"type":"Feature","geometry":{"type":"Point","coordinates":[126.788749483358,37.6573627807075]},"properties":{"name":"일산백마점","address":"경기도 고양시 일산동구 일산로 236(마두동)B1층","phone":"031-979-6300","hours":"09:30–22:00","openingDate":"20161206","region":"경기","options":["포인트 적립가능","포인트 사용가능","고유가지원금"],"source":"㈜아성다이소 공식 매장검색","sourceUrl":"https://www.daiso.co.kr/cs/shop"}},{"type":"Feature","geometry":{"type":"Point","coordinates":[126.77054892289,37.6564133865908]},"properties":{"name":"일산웨스턴돔점","address":"경기도 고양시 일산동구 정발산로 15 (장항동)1~2층","phone":"1522-4400","hours":"10:00–22:00","openingDate":"20110621","region":"경기","options":["주차","현금없는매장","포토 스티커","네임 스티커","심카드","포인트 적립가능","포인트 사용가능","매장픽업"],"source":"㈜아성다이소 공식 매장검색","sourceUrl":"https://www.daiso.co.kr/cs/shop"}},{"type":"Feature","geometry":{"type":"Point","coordinates":[126.810516747254,37.6774855543296]},"properties":{"name":"일산위시티점","address":"경기도 고양시 일산동구 위시티로 59 (식사동)1~2층","phone":"1522-4400","hours":"10:00–22:00","openingDate":"20110823","region":"경기","options":["주차","출입구 경사로","엘리베이터","현금없는매장","심카드","포인트 적립가능","포인트 사용가능","매장픽업"],"source":"㈜아성다이소 공식 매장검색","sourceUrl":"https://www.daiso.co.kr/cs/shop"}},{"type":"Feature","geometry":{"type":"Point","coordinates":[126.762166342483,37.6950726737582]},"properties":{"name":"일산제니스점","address":"경기도 고양시 일산서구 일현로 97-11 (탄현동, 일산 위브더제니스)B1층","phone":"1522-4400","hours":"10:00–22:00","openingDate":"20140430","region":"경기","options":["주차","포토 스티커","네임 스티커","심카드","포인트 적립가능","포인트 사용가능","매장픽업"],"source":"㈜아성다이소 공식 매장검색","sourceUrl":"https://www.daiso.co.kr/cs/shop"}},{"type":"Feature","geometry":{"type":"Point","coordinates":[126.799196530248,37.6617212292281]},"properties":{"name":"일산풍동점","address":"경기도 고양시 일산동구 백마로 461 (풍동)1~3층","phone":"1522-4400","hours":"10:00–22:00","openingDate":"20151224","region":"경기","options":["주차","엘리베이터","현금없는매장","포토 스티커","네임 스티커","심카드","포인트 적립가능","포인트 사용가능","매장픽업"],"source":"㈜아성다이소 공식 매장검색","sourceUrl":"https://www.daiso.co.kr/cs/shop"}},{"type":"Feature","geometry":{"type":"Point","coordinates":[126.762851554351,37.6795402452045]},"properties":{"name":"일산후곡점","address":"경기도 고양시 일산서구 일산로 589 (일산동)B1~1층","phone":"1522-4400","hours":"10:00–22:00","openingDate":"20141115","region":"경기","options":["주차","출입구 경사로","현금없는매장","포토 스티커","네임 스티커","심카드","포인트 적립가능","포인트 사용가능","매장픽업"],"source":"㈜아성다이소 공식 매장검색","sourceUrl":"https://www.daiso.co.kr/cs/shop"}},{"type":"Feature","geometry":{"type":"Point","coordinates":[127.068009125645,38.0255027080216]},"properties":{"name":"전곡점","address":"경기 연천군 전곡읍 온골로 52-11~2층","phone":"031-833-8884","hours":"10:00–22:00","openingDate":"20170901","region":"경기","options":["주차","포인트 적립가능","포인트 사용가능","고유가지원금"],"source":"㈜아성다이소 공식 매장검색","sourceUrl":"https://www.daiso.co.kr/cs/shop"}},{"type":"Feature","geometry":{"type":"Point","coordinates":[126.762146051431,37.6705734691416]},"properties":{"name":"주엽점","address":"경기도 고양시 일산서구 강성로 121 (주엽동)B1~1층","phone":"1522-4400","hours":"10:00–22:00","openingDate":"20160729","region":"경기","options":["주차","네임 스티커","심카드","포인트 적립가능","포인트 사용가능","매장픽업"],"source":"㈜아성다이소 공식 매장검색","sourceUrl":"https://www.daiso.co.kr/cs/shop"}},{"type":"Feature","geometry":{"type":"Point","coordinates":[127.108163035405,37.3357214027414]},"properties":{"name":"죽전본점","address":"경기도 용인시 수지구 용구대로2801번길 2 (죽전동)1~3층","phone":"1522-4400","hours":"10:00–22:00","openingDate":"20160729","region":"경기","options":["주차","엘리베이터","현금없는매장","네임 스티커","심카드","포인트 적립가능","포인트 사용가능","매장픽업"],"source":"㈜아성다이소 공식 매장검색","sourceUrl":"https://www.daiso.co.kr/cs/shop"}},{"type":"Feature","geometry":{"type":"Point","coordinates":[127.108521914776,37.3263351189657]},"properties":{"name":"죽전사거리점","address":"경기도 용인시 수지구 포은대로 541 (죽전동)1~2층","phone":"1522-4400","hours":"10:00–22:00","openingDate":"20180312","region":"경기","options":["현금없는매장","네임 스티커","심카드","포인트 적립가능","포인트 사용가능","매장픽업"],"source":"㈜아성다이소 공식 매장검색","sourceUrl":"https://www.daiso.co.kr/cs/shop"}},{"type":"Feature","geometry":{"type":"Point","coordinates":[127.179262111877,37.655399784051]},"properties":{"name":"진건점","address":"경기도 남양주시 진건읍 진건오남로 501~2층","phone":"031-527-2340","hours":"10:00–22:00","openingDate":"20210401","region":"경기","options":["포인트 적립가능","포인트 사용가능","고유가지원금"],"source":"㈜아성다이소 공식 매장검색","sourceUrl":"https://www.daiso.co.kr/cs/shop"}},{"type":"Feature","geometry":{"type":"Point","coordinates":[126.957047533131,37.266228171782]},"properties":{"name":"진로그린마트호매실점","address":"경기도 수원시 권선구 칠보로 161 (호매실동)2층","phone":"","hours":"08:00–22:00","openingDate":"20190721","region":"경기","options":["주차"],"source":"㈜아성다이소 공식 매장검색","sourceUrl":"https://www.daiso.co.kr/cs/shop"}},{"type":"Feature","geometry":{"type":"Point","coordinates":[127.185534151513,37.7115529280981]},"properties":{"name":"진접본점","address":"경기도 남양주시 진접읍 해밀예당1로 271~3층","phone":"1522-4400","hours":"10:00–22:00","openingDate":"20180112","region":"경기","options":["주차","출입구 경사로","엘리베이터","현금없는매장","포토 스티커","네임 스티커","심카드","포인트 적립가능","포인트 사용가능"],"source":"㈜아성다이소 공식 매장검색","sourceUrl":"https://www.daiso.co.kr/cs/shop"}},{"type":"Feature","geometry":{"type":"Point","coordinates":[126.86583385375,37.475240863855]},"properties":{"name":"철산역점","address":"경기도 광명시 오리로 865 (철산동)B1~1층","phone":"1522-4400","hours":"10:00–22:00","openingDate":"20110616","region":"경기","options":["엘리베이터","포토 스티커","네임 스티커","심카드","포인트 적립가능","포인트 사용가능","매장픽업"],"source":"㈜아성다이소 공식 매장검색","sourceUrl":"https://www.daiso.co.kr/cs/shop"}},{"type":"Feature","geometry":{"type":"Point","coordinates":[127.413278227904,37.7355022245582]},"properties":{"name":"청평점","address":"경기도 가평군 청평면 경춘로 7631층","phone":"1522-4400","hours":"10:00–22:00","openingDate":"20260212","region":"경기","options":["주차","출입구 경사로","포인트 적립가능","포인트 사용가능"],"source":"㈜아성다이소 공식 매장검색","sourceUrl":"https://www.daiso.co.kr/cs/shop"}},{"type":"Feature","geometry":{"type":"Point","coordinates":[127.068880217889,37.2028261340813]},"properties":{"name":"타임테라스화성동탄(홈플)점","address":"경기도 화성시 동탄중앙로 200 (반송동, 메타폴리스)B4층","phone":"1522-4400","hours":"10:00–22:00","openingDate":"20240517","region":"경기","options":["주차","포인트 적립가능","포인트 사용가능"],"source":"㈜아성다이소 공식 매장검색","sourceUrl":"https://www.daiso.co.kr/cs/shop"}},{"type":"Feature","geometry":{"type":"Point","coordinates":[126.850981765224,37.7798663748896]},"properties":{"name":"파주광탄점","address":"경기도 파주시 광탄면 혜음로 10881~2층","phone":"031-946-8914","hours":"10:00–22:00","openingDate":"20250515","region":"경기","options":["포인트 적립가능","포인트 사용가능"],"source":"㈜아성다이소 공식 매장검색","sourceUrl":"https://www.daiso.co.kr/cs/shop"}},{"type":"Feature","geometry":{"type":"Point","coordinates":[126.717738448876,37.7251029959277]},"properties":{"name":"파주교하점","address":"경기도 파주시 청석로 260 (동패동)1~2층","phone":"1522-4400","hours":"10:00–22:00","openingDate":"20121128","region":"경기","options":["주차","출입구 경사로","현금없는매장","심카드","포인트 적립가능","포인트 사용가능","매장픽업"],"source":"㈜아성다이소 공식 매장검색","sourceUrl":"https://www.daiso.co.kr/cs/shop"}},{"type":"Feature","geometry":{"type":"Point","coordinates":[126.813889532993,37.8293245298994]},"properties":{"name":"파주리점","address":"경기도 파주시 파주읍 우계로 171층","phone":"031-934-0640","hours":"10:00–22:00","openingDate":"20250426","region":"경기","options":["주차","포인트 적립가능","포인트 사용가능","고유가지원금"],"source":"㈜아성다이소 공식 매장검색","sourceUrl":"https://www.daiso.co.kr/cs/shop"}},{"type":"Feature","geometry":{"type":"Point","coordinates":[126.736760055138,37.7295685992971]},"properties":{"name":"파주목동동점","address":"경기도 파주시 청암로17번길 17 (목동동)3층","phone":"1522-4400","hours":"10:00–22:00","openingDate":"20190815","region":"경기","options":["주차","포토 스티커","네임 스티커","심카드","포인트 적립가능","포인트 사용가능","매장픽업"],"source":"㈜아성다이소 공식 매장검색","sourceUrl":"https://www.daiso.co.kr/cs/shop"}},{"type":"Feature","geometry":{"type":"Point","coordinates":[126.77479015158,37.8632622165082]},"properties":{"name":"파주문산2호점","address":"경기도 파주시 문산읍 당동1로 381~4층","phone":"1522-4400","hours":"10:00–22:00","openingDate":"20231125","region":"경기","options":["주차","엘리베이터","현금없는매장","포토 스티커","네임 스티커","포인트 적립가능","포인트 사용가능","매장픽업"],"source":"㈜아성다이소 공식 매장검색","sourceUrl":"https://www.daiso.co.kr/cs/shop"}},{"type":"Feature","geometry":{"type":"Point","coordinates":[126.784859437707,37.857861564726]},"properties":{"name":"파주문산점","address":"경기도 파주시 문산읍 문향로67번길 11~2층","phone":"1522-4400","hours":"10:00–22:00","openingDate":"20210530","region":"경기","options":["포인트 적립가능","포인트 사용가능","매장픽업"],"source":"㈜아성다이소 공식 매장검색","sourceUrl":"https://www.daiso.co.kr/cs/shop"}},{"type":"Feature","geometry":{"type":"Point","coordinates":[126.809050938964,37.7449628789127]},"properties":{"name":"파주봉일천점","address":"경기 파주시 조리읍 두루봉로 5-11~3층","phone":"031-949-0626","hours":"10:00–22:00","openingDate":"20230928","region":"경기","options":["주차","포인트 적립가능","포인트 사용가능","고유가지원금"],"source":"㈜아성다이소 공식 매장검색","sourceUrl":"https://www.daiso.co.kr/cs/shop"}},{"type":"Feature","geometry":{"type":"Point","coordinates":[126.758728101828,37.7057295204682]},"properties":{"name":"파주야당점","address":"경기도 파주시 경의로 989 (야당동)3층","phone":"1522-4400","hours":"10:00–22:00","openingDate":"20240223","region":"경기","options":["주차","엘리베이터","현금없는매장","포토 스티커","포인트 적립가능","포인트 사용가능","매장픽업"],"source":"㈜아성다이소 공식 매장검색","sourceUrl":"https://www.daiso.co.kr/cs/shop"}},{"type":"Feature","geometry":{"type":"Point","coordinates":[126.750818815393,37.7329559830067]},"properties":{"name":"파주운정1호점","address":"경기도 파주시 미래로 624 (와동동)1~2층","phone":"1522-4400","hours":"10:00–22:00","openingDate":"20120128","region":"경기","options":["주차","현금없는매장","심카드","포인트 적립가능","포인트 사용가능","매장픽업"],"source":"㈜아성다이소 공식 매장검색","sourceUrl":"https://www.daiso.co.kr/cs/shop"}},{"type":"Feature","geometry":{"type":"Point","coordinates":[126.748051076864,37.7140586573845]},"properties":{"name":"파주운정2호점","address":"경기도 파주시 미래로408번길 26 (야당동)1~3층","phone":"1522-4400","hours":"10:00–22:00","openingDate":"20120407","region":"경기","options":["주차","엘리베이터","현금없는매장","포토 스티커","네임 스티커","심카드","포인트 적립가능","포인트 사용가능","매장픽업"],"source":"㈜아성다이소 공식 매장검색","sourceUrl":"https://www.daiso.co.kr/cs/shop"}},{"type":"Feature","geometry":{"type":"Point","coordinates":[127.237999187946,37.6500670605901]},"properties":{"name":"평내2호점","address":"경기도 남양주시 경춘로1308번길 2 (평내동)1~2층","phone":"1522-4400","hours":"10:00–22:00","openingDate":"20160409","region":"경기","options":["주차","출입구 경사로","엘리베이터","현금없는매장","네임 스티커","심카드","포인트 적립가능","포인트 사용가능","매장픽업"],"source":"㈜아성다이소 공식 매장검색","sourceUrl":"https://www.daiso.co.kr/cs/shop"}},{"type":"Feature","geometry":{"type":"Point","coordinates":[127.041883008056,37.0443559204264]},"properties":{"name":"평택고덕브리티시점","address":"경기도 평택시 고덕국제대로 77 (고덕동, 힐스테이트고덕센트럴)B1층","phone":"1522-4400","hours":"10:00–22:00","openingDate":"20241231","region":"경기","options":["주차","엘리베이터","포토 스티커","네임 스티커","택스리펀드","포인트 적립가능","포인트 사용가능","매장픽업"],"source":"㈜아성다이소 공식 매장검색","sourceUrl":"https://www.daiso.co.kr/cs/shop"}},{"type":"Feature","geometry":{"type":"Point","coordinates":[127.096018258846,37.0185515781128]},"properties":{"name":"평택동삭점","address":"경기도 평택시 동삭로 370-2 (동삭동)1~4층","phone":"1522-4400","hours":"10:00–22:00","openingDate":"20240717","region":"경기","options":["주차","출입구 경사로","엘리베이터","현금없는매장","포토 스티커","네임 스티커","포인트 적립가능","포인트 사용가능","매장픽업"],"source":"㈜아성다이소 공식 매장검색","sourceUrl":"https://www.daiso.co.kr/cs/shop"}},{"type":"Feature","geometry":{"type":"Point","coordinates":[127.055496727431,37.0563340854813]},"properties":{"name":"평택서정리역점","address":"경기도 평택시 서정역로 25(서정동)1~2층","phone":"031-662-4500","hours":"09:00–22:00","openingDate":"20090331","region":"경기","options":["포인트 적립가능","포인트 사용가능","고유가지원금"],"source":"㈜아성다이소 공식 매장검색","sourceUrl":"https://www.daiso.co.kr/cs/shop"}},{"type":"Feature","geometry":{"type":"Point","coordinates":[127.072239569508,37.0108684359465]},"properties":{"name":"평택세교점","address":"경기도 평택시 평택로 311 (세교동)1~3층","phone":"1522-4400","hours":"10:00–22:00","openingDate":"20190322","region":"경기","options":["주차","엘리베이터","네임 스티커","심카드","택스리펀드","포인트 적립가능","포인트 사용가능","매장픽업"],"source":"㈜아성다이소 공식 매장검색","sourceUrl":"https://www.daiso.co.kr/cs/shop"}},{"type":"Feature","geometry":{"type":"Point","coordinates":[127.11150165951,37.0004682235819]},"properties":{"name":"평택소사벌지구점","address":"경기도 평택시 평남로 862 (비전동)1~3층","phone":"1522-4400","hours":"10:00–22:00","openingDate":"20170426","region":"경기","options":["주차","출입구 경사로","포토 스티커","네임 스티커","심카드","택스리펀드","포인트 적립가능","포인트 사용가능","매장픽업"],"source":"㈜아성다이소 공식 매장검색","sourceUrl":"https://www.daiso.co.kr/cs/shop"}},{"type":"Feature","geometry":{"type":"Point","coordinates":[127.049964333943,37.0812911881782]},"properties":{"name":"평택신장동점","address":"경기도 평택시 신장1로 2(신장동, 로얄코리아)2층","phone":"031-662-7171","hours":"10:00–22:00","openingDate":"20210515","region":"경기","options":["주차","포인트 적립가능","포인트 사용가능"],"source":"㈜아성다이소 공식 매장검색","sourceUrl":"https://www.daiso.co.kr/cs/shop"}},{"type":"Feature","geometry":{"type":"Point","coordinates":[127.087666746829,36.9912364434212]},"properties":{"name":"평택역점","address":"경기도 평택시 평택로 40 (평택동)1~2층","phone":"1522-4400","hours":"10:00–22:00","openingDate":"20150702","region":"경기","options":["출입구 경사로","심카드","택스리펀드","포인트 적립가능","포인트 사용가능","매장픽업"],"source":"㈜아성다이소 공식 매장검색","sourceUrl":"https://www.daiso.co.kr/cs/shop"}},{"type":"Feature","geometry":{"type":"Point","coordinates":[127.059350373314,37.0463188500913]},"properties":{"name":"평택장당점","address":"경기도 평택시 송탄로 5(장당동)1~4층","phone":"1522-4400","hours":"10:00–22:00","openingDate":"20210814","region":"경기","options":["주차","엘리베이터","현금없는매장","포토 스티커","네임 스티커","택스리펀드","포인트 적립가능","포인트 사용가능"],"source":"㈜아성다이소 공식 매장검색","sourceUrl":"https://www.daiso.co.kr/cs/shop"}},{"type":"Feature","geometry":{"type":"Point","coordinates":[127.112923714479,37.0148146077742]},"properties":{"name":"평택죽백점","address":"경기도 평택시 만세로 1700 (죽백동)1~2층","phone":"","hours":"10:00–22:00","openingDate":"20250221","region":"경기","options":["주차","엘리베이터","현금없는매장","포토 스티커","네임 스티커","포인트 적립가능","포인트 사용가능","매장픽업"],"source":"㈜아성다이소 공식 매장검색","sourceUrl":"https://www.daiso.co.kr/cs/shop"}},{"type":"Feature","geometry":{"type":"Point","coordinates":[127.087928882688,36.9943184046358]},"properties":{"name":"평택중앙로점","address":"경기도 평택시 중앙로 46 (평택동)1~2층","phone":"1522-4400","hours":"10:00–22:00","openingDate":"20250627","region":"경기","options":["주차","엘리베이터","포토 스티커","네임 스티커","택스리펀드","포인트 적립가능","포인트 사용가능","매장픽업"],"source":"㈜아성다이소 공식 매장검색","sourceUrl":"https://www.daiso.co.kr/cs/shop"}},{"type":"Feature","geometry":{"type":"Point","coordinates":[126.915928704333,37.0175201663345]},"properties":{"name":"평택청북점","address":"경기도 평택시 청북읍 안청로 3321~2층","phone":"031-682-9670","hours":"10:00–22:00","openingDate":"20170701","region":"경기","options":["주차","포인트 적립가능","포인트 사용가능","고유가지원금"],"source":"㈜아성다이소 공식 매장검색","sourceUrl":"https://www.daiso.co.kr/cs/shop"}},{"type":"Feature","geometry":{"type":"Point","coordinates":[127.059112762722,36.9543496521906]},"properties":{"name":"평택팽성점","address":"경기 평택시 팽성읍 팽성로 2091~3층","phone":"1522-4400","hours":"10:00–22:00","openingDate":"20260306","region":"경기","options":["주차","엘리베이터","택스리펀드","포인트 적립가능","포인트 사용가능"],"source":"㈜아성다이소 공식 매장검색","sourceUrl":"https://www.daiso.co.kr/cs/shop"}},{"type":"Feature","geometry":{"type":"Point","coordinates":[126.843979831178,36.9885662103978]},"properties":{"name":"평택포승점","address":"경기도 평택시 포승읍 여술1길 701층","phone":"031-681-9749","hours":"10:00–22:00","openingDate":"20160325","region":"경기","options":["주차","포인트 적립가능","포인트 사용가능","고유가지원금"],"source":"㈜아성다이소 공식 매장검색","sourceUrl":"https://www.daiso.co.kr/cs/shop"}},{"type":"Feature","geometry":{"type":"Point","coordinates":[127.184632428565,37.8737478906635]},"properties":{"name":"포천2호점","address":"경기도 포천시 호국로 1274(어룡동)1~2층","phone":"1522-4400","hours":"10:00–22:00","openingDate":"20220428","region":"경기","options":["주차","출입구 경사로","엘리베이터","현금없는매장","포토 스티커","포인트 적립가능","포인트 사용가능"],"source":"㈜아성다이소 공식 매장검색","sourceUrl":"https://www.daiso.co.kr/cs/shop"}},{"type":"Feature","geometry":{"type":"Point","coordinates":[127.161775868883,37.8475082820606]},"properties":{"name":"포천본점","address":"경기도 포천시 호국로 918 (설운동)1~2층","phone":"1522-4400","hours":"10:00–22:00","openingDate":"20160924","region":"경기","options":["주차","네임 스티커","심카드","택스리펀드","포인트 적립가능","포인트 사용가능","매장픽업"],"source":"㈜아성다이소 공식 매장검색","sourceUrl":"https://www.daiso.co.kr/cs/shop"}},{"type":"Feature","geometry":{"type":"Point","coordinates":[127.144953482078,37.8253467234558]},"properties":{"name":"포천송우리점","address":"경기도 포천시 소흘읍 호국로 6251~2층","phone":"1522-4400","hours":"10:00–22:00","openingDate":"20241228","region":"경기","options":["주차","엘리베이터","포토 스티커","네임 스티커","포인트 적립가능","포인트 사용가능","매장픽업"],"source":"㈜아성다이소 공식 매장검색","sourceUrl":"https://www.daiso.co.kr/cs/shop"}},{"type":"Feature","geometry":{"type":"Point","coordinates":[127.145220685755,37.8285619939959]},"properties":{"name":"포천송우사거리점","address":"경기도 포천시 소흘읍 송우로 341층","phone":"1522-4400","hours":"10:00–22:00","openingDate":"20200131","region":"경기","options":["주차","출입구 경사로","포토 스티커","심카드","포인트 적립가능","포인트 사용가능","매장픽업"],"source":"㈜아성다이소 공식 매장검색","sourceUrl":"https://www.daiso.co.kr/cs/shop"}},{"type":"Feature","geometry":{"type":"Point","coordinates":[127.199471566071,37.8931806055343]},"properties":{"name":"포천신읍점","address":"경기도 포천시 중앙로 65(신읍동)1~2층","phone":"031-533-3382","hours":"10:00–22:00","openingDate":"20220823","region":"경기","options":["주차","포인트 적립가능","포인트 사용가능"],"source":"㈜아성다이소 공식 매장검색","sourceUrl":"https://www.daiso.co.kr/cs/shop"}},{"type":"Feature","geometry":{"type":"Point","coordinates":[127.275064343668,38.0904705343221]},"properties":{"name":"포천영북점","address":"경기도 포천시 영북면 영북로 1801층","phone":"070-8648-3660","hours":"10:00–22:00","openingDate":"20250118","region":"경기","options":["포인트 적립가능","포인트 사용가능","고유가지원금"],"source":"㈜아성다이소 공식 매장검색","sourceUrl":"https://www.daiso.co.kr/cs/shop"}},{"type":"Feature","geometry":{"type":"Point","coordinates":[127.317890391503,37.9589695445741]},"properties":{"name":"포천일동점","address":"경기도 포천시 일동면 화동로1067번길 61층","phone":"031-531-0709","hours":"10:00–22:00","openingDate":"20110311","region":"경기","options":["주차","포인트 적립가능","포인트 사용가능","고유가지원금"],"source":"㈜아성다이소 공식 매장검색","sourceUrl":"https://www.daiso.co.kr/cs/shop"}},{"type":"Feature","geometry":{"type":"Point","coordinates":[126.911377704278,37.4102156796175]},"properties":{"name":"프리마트안양석수점","address":"경기도 안양시 만안구 안양로 451 (석수동)2층","phone":"","hours":"08:30–23:00","openingDate":"20160901","region":"경기","options":["주차"],"source":"㈜아성다이소 공식 매장검색","sourceUrl":"https://www.daiso.co.kr/cs/shop"}},{"type":"Feature","geometry":{"type":"Point","coordinates":[127.058356576539,36.9639196760132]},"properties":{"name":"플러스마트팽성점","address":"경기도 평택시 팽성읍 부용로31번길 9-61층","phone":"","hours":"08:00–22:00","openingDate":"20220211","region":"경기","options":["주차"],"source":"㈜아성다이소 공식 매장검색","sourceUrl":"https://www.daiso.co.kr/cs/shop"}},{"type":"Feature","geometry":{"type":"Point","coordinates":[127.172375807604,37.009928682016]},"properties":{"name":"하나로마트서안성점","address":"경기도 안성시 공도읍 덕봉서원로 682층","phone":"1522-4400","hours":"09:00–21:00","openingDate":"20151101","region":"경기","options":["주차"],"source":"㈜아성다이소 공식 매장검색","sourceUrl":"https://www.daiso.co.kr/cs/shop"}},{"type":"Feature","geometry":{"type":"Point","coordinates":[126.966701882092,37.283010817525]},"properties":{"name":"하나로마트수원점","address":"경기도 수원시 권선구 서부로 1937 (구운동)1층","phone":"","hours":"09:00–23:00","openingDate":"20260912","region":"경기","options":["주차","포인트 적립가능"],"source":"㈜아성다이소 공식 매장검색","sourceUrl":"https://www.daiso.co.kr/cs/shop"}},{"type":"Feature","geometry":{"type":"Point","coordinates":[127.265778385372,37.0072683084961]},"properties":{"name":"하나로마트안성농협점","address":"경기도 안성시 장기로 20-2 (석정동)1층","phone":"1522-4400","hours":"07:30–21:30","openingDate":"20180429","region":"경기","options":["주차"],"source":"㈜아성다이소 공식 매장검색","sourceUrl":"https://www.daiso.co.kr/cs/shop"}},{"type":"Feature","geometry":{"type":"Point","coordinates":[127.073934644371,37.8005553710241]},"properties":{"name":"하나로마트양주점","address":"경기도 양주시 부흥로1907번길 182 (고읍동)1층","phone":"","hours":"10:00–22:00","openingDate":"20170831","region":"경기","options":["주차"],"source":"㈜아성다이소 공식 매장검색","sourceUrl":"https://www.daiso.co.kr/cs/shop"}},{"type":"Feature","geometry":{"type":"Point","coordinates":[127.186171542711,37.7112459531024]},"properties":{"name":"하나로마트진접점","address":"경기 남양주시 진접읍 해밀예당1로 28 (연평리, 진접농협)1층","phone":"","hours":"09:00–22:00","openingDate":"20210705","region":"경기","options":["주차"],"source":"㈜아성다이소 공식 매장검색","sourceUrl":"https://www.daiso.co.kr/cs/shop"}},{"type":"Feature","geometry":{"type":"Point","coordinates":[127.153330265718,37.5078034436148]},"properties":{"name":"하남감일점","address":"경기도 하남시 감일백제로 181 (감이동)2층","phone":"1522-4400","hours":"10:00–22:00","openingDate":"20230512","region":"경기","options":["주차","엘리베이터","현금없는매장","네임 스티커","포인트 적립가능","포인트 사용가능","매장픽업"],"source":"㈜아성다이소 공식 매장검색","sourceUrl":"https://www.daiso.co.kr/cs/shop"}},{"type":"Feature","geometry":{"type":"Point","coordinates":[127.208378966211,37.5524789472922]},"properties":{"name":"하남덕풍점","address":"경기도 하남시 덕풍동로 111-33(덕풍동)1층","phone":"070-4843-1333","hours":"10:00–22:00","openingDate":"20181101","region":"경기","options":["주차","포인트 적립가능","포인트 사용가능","고유가지원금"],"source":"㈜아성다이소 공식 매장검색","sourceUrl":"https://www.daiso.co.kr/cs/shop"}},{"type":"Feature","geometry":{"type":"Point","coordinates":[127.191741670397,37.5637312032917]},"properties":{"name":"하남미사역점","address":"경기도 하남시 미사강변동로 95 (망월동)B1층","phone":"1522-4400","hours":"10:00–22:00","openingDate":"20230804","region":"경기","options":["주차","엘리베이터","포토 스티커","네임 스티커","포인트 적립가능","포인트 사용가능","매장픽업"],"source":"㈜아성다이소 공식 매장검색","sourceUrl":"https://www.daiso.co.kr/cs/shop"}},{"type":"Feature","geometry":{"type":"Point","coordinates":[127.185833818096,37.5684658272453]},"properties":{"name":"하남미사점","address":"경기 하남시 미사강변대로226번길 80B1~1층","phone":"1522-4400","hours":"10:00–22:00","openingDate":"20190309","region":"경기","options":["주차","포토 스티커","네임 스티커","심카드","포인트 적립가능","포인트 사용가능","매장픽업"],"source":"㈜아성다이소 공식 매장검색","sourceUrl":"https://www.daiso.co.kr/cs/shop"}},{"type":"Feature","geometry":{"type":"Point","coordinates":[127.234147056178,37.4932359970719]},"properties":{"name":"하남산곡점","address":"경기도 하남시 하남대로 196 (상산곡동)1층","phone":"031-791-1008","hours":"10:00–22:00","openingDate":"20250606","region":"경기","options":["포인트 적립가능","포인트 사용가능","고유가지원금"],"source":"㈜아성다이소 공식 매장검색","sourceUrl":"https://www.daiso.co.kr/cs/shop"}},{"type":"Feature","geometry":{"type":"Point","coordinates":[127.213361049848,37.5399932175801]},"properties":{"name":"하남시청점","address":"경기도 하남시 대청로 9 (신장동)1~3층","phone":"1522-4400","hours":"10:00–22:00","openingDate":"20151119","region":"경기","options":["출입구 경사로","심카드","포인트 적립가능","포인트 사용가능","매장픽업"],"source":"㈜아성다이소 공식 매장검색","sourceUrl":"https://www.daiso.co.kr/cs/shop"}},{"type":"Feature","geometry":{"type":"Point","coordinates":[127.203878379786,37.5386910882118]},"properties":{"name":"하남신장시장점","address":"경기도 하남시 신장로 130-5 (덕풍동)B1층","phone":"1522-4400","hours":"10:00–22:00","openingDate":"20141018","region":"경기","options":["출입구 경사로","엘리베이터","네임 스티커","심카드","포인트 적립가능","포인트 사용가능","매장픽업"],"source":"㈜아성다이소 공식 매장검색","sourceUrl":"https://www.daiso.co.kr/cs/shop"}},{"type":"Feature","geometry":{"type":"Point","coordinates":[126.834481468767,37.6138206003819]},"properties":{"name":"행신역점","address":"경기도 고양시 덕양구 충장로 10 (행신동)1~3층","phone":"1522-4400","hours":"10:00–22:00","openingDate":"20200214","region":"경기","options":["주차","엘리베이터","포토 스티커","심카드","포인트 적립가능","포인트 사용가능","매장픽업"],"source":"㈜아성다이소 공식 매장검색","sourceUrl":"https://www.daiso.co.kr/cs/shop"}},{"type":"Feature","geometry":{"type":"Point","coordinates":[126.789661775652,37.6431782758332]},"properties":{"name":"홈플러스고양터미널점","address":"경기도 고양시 일산동구 중앙로 1036 (백석동)B2층","phone":"1522-4400","hours":"10:00–22:00","openingDate":"20190321","region":"경기","options":["주차","포인트 적립가능","포인트 사용가능"],"source":"㈜아성다이소 공식 매장검색","sourceUrl":"https://www.daiso.co.kr/cs/shop"}},{"type":"Feature","geometry":{"type":"Point","coordinates":[127.036753152508,37.2037454737551]},"properties":{"name":"홈플러스병점점","address":"경기도 화성시 경기대로 985 (병점동)1층","phone":"1522-4400","hours":"10:00–22:00","openingDate":"20210313","region":"경기","options":["주차","포인트 적립가능","포인트 사용가능"],"source":"㈜아성다이소 공식 매장검색","sourceUrl":"https://www.daiso.co.kr/cs/shop"}},{"type":"Feature","geometry":{"type":"Point","coordinates":[127.00922880939,37.3021366951623]},"properties":{"name":"홈플러스북수원점","address":"경기도 수원시 장안구 경수대로 930 (조원동)4층","phone":"1522-4400","hours":"10:00–22:00","openingDate":"20120920","region":"경기","options":["주차","포인트 적립가능","포인트 사용가능"],"source":"㈜아성다이소 공식 매장검색","sourceUrl":"https://www.daiso.co.kr/cs/shop"}},{"type":"Feature","geometry":{"type":"Point","coordinates":[126.955915600539,37.2744053347516]},"properties":{"name":"홈플러스서수원점","address":"경기도 수원시 권선구 금곡로 236 (금곡동)3층","phone":"1522-4400","hours":"10:00–22:00","openingDate":"20170930","region":"경기","options":["주차","포인트 적립가능","포인트 사용가능"],"source":"㈜아성다이소 공식 매장검색","sourceUrl":"https://www.daiso.co.kr/cs/shop"}},{"type":"Feature","geometry":{"type":"Point","coordinates":[127.127281078932,37.4130898626282]},"properties":{"name":"홈플러스야탑점","address":"경기도 성남시 분당구 성남대로925번길 16(야탑동)3층","phone":"1522-4400","hours":"10:00–22:00","openingDate":"20230112","region":"경기","options":["주차","포인트 적립가능","포인트 사용가능"],"source":"㈜아성다이소 공식 매장검색","sourceUrl":"https://www.daiso.co.kr/cs/shop"}},{"type":"Feature","geometry":{"type":"Point","coordinates":[127.072602539897,37.2518163005629]},"properties":{"name":"홈플러스영통점","address":"경기도 수원시 영통구 봉영로 1576 (영통동)3층","phone":"1522-4400","hours":"10:00–22:00","openingDate":"20240113","region":"경기","options":["주차","포인트 적립가능","포인트 사용가능"],"source":"㈜아성다이소 공식 매장검색","sourceUrl":"https://www.daiso.co.kr/cs/shop"}},{"type":"Feature","geometry":{"type":"Point","coordinates":[127.06179880034,37.1700588011761]},"properties":{"name":"홈플러스오산점","address":"경기도 오산시 청학로 238 (수청동)1층","phone":"1522-4400","hours":"10:00–22:00","openingDate":"20150730","region":"경기","options":["주차","포인트 적립가능","포인트 사용가능"],"source":"㈜아성다이소 공식 매장검색","sourceUrl":"https://www.daiso.co.kr/cs/shop"}},{"type":"Feature","geometry":{"type":"Point","coordinates":[127.071001320782,37.7521637153577]},"properties":{"name":"홈플러스의정부점","address":"경기 의정부시 청사로 38 (금오동, 홈플러스 의정부점)3층","phone":"1522-4400","hours":"10:00–22:00","openingDate":"20220901","region":"경기","options":["주차","포인트 적립가능","포인트 사용가능"],"source":"㈜아성다이소 공식 매장검색","sourceUrl":"https://www.daiso.co.kr/cs/shop"}},{"type":"Feature","geometry":{"type":"Point","coordinates":[126.950426506671,37.3932688505883]},"properties":{"name":"홈플러스평촌점","address":"경기도 안양시 동안구 동안로 162 (비산동)B1층","phone":"1522-4400","hours":"10:00–22:00","openingDate":"20231110","region":"경기","options":["주차","포인트 적립가능","포인트 사용가능"],"source":"㈜아성다이소 공식 매장검색","sourceUrl":"https://www.daiso.co.kr/cs/shop"}},{"type":"Feature","geometry":{"type":"Point","coordinates":[127.004040573144,37.2789609339949]},"properties":{"name":"화서사거리점","address":"경기도 수원시 팔달구 팔달로 116(화서동)1~2층","phone":"031-242-4343","hours":"10:00–22:00","openingDate":"20170501","region":"경기","options":["주차","포인트 적립가능","포인트 사용가능","고유가지원금"],"source":"㈜아성다이소 공식 매장검색","sourceUrl":"https://www.daiso.co.kr/cs/shop"}},{"type":"Feature","geometry":{"type":"Point","coordinates":[126.98795261567,37.225694005617]},"properties":{"name":"화성기안동점","address":"경기도 화성시 기배로 132-6 (기안동)1~4층","phone":"1522-4400","hours":"10:00–22:00","openingDate":"20230818","region":"경기","options":["주차","엘리베이터","현금없는매장","포토 스티커","포인트 적립가능","포인트 사용가능","매장픽업"],"source":"㈜아성다이소 공식 매장검색","sourceUrl":"https://www.daiso.co.kr/cs/shop"}},{"type":"Feature","geometry":{"type":"Point","coordinates":[126.818097569522,37.2088724770912]},"properties":{"name":"화성남양점","address":"경기도 화성시 남양읍 남양성지로 1351~2층","phone":"031-355-1231","hours":"10:00–22:00","openingDate":"20101002","region":"경기","options":["주차","포인트 적립가능","포인트 사용가능"],"source":"㈜아성다이소 공식 매장검색","sourceUrl":"https://www.daiso.co.kr/cs/shop"}},{"type":"Feature","geometry":{"type":"Point","coordinates":[126.790235469653,37.1871165022341]},"properties":{"name":"화성마도점","address":"경기도 화성시 만세구 마도면 마도공단로 2022층","phone":"031-8043-1661","hours":"10:00–22:00","openingDate":"20260517","region":"경기","options":["주차","포인트 적립가능","포인트 사용가능"],"source":"㈜아성다이소 공식 매장검색","sourceUrl":"https://www.daiso.co.kr/cs/shop"}},{"type":"Feature","geometry":{"type":"Point","coordinates":[127.062565395249,37.2240219669533]},"properties":{"name":"화성반월점","address":"경기도 화성시 반월남길 5 (반월동)B1~1층","phone":"1522-4400","hours":"10:00–22:00","openingDate":"20200110","region":"경기","options":["주차","출입구 경사로","현금없는매장","포토 스티커","심카드","포인트 적립가능","포인트 사용가능","매장픽업"],"source":"㈜아성다이소 공식 매장검색","sourceUrl":"https://www.daiso.co.kr/cs/shop"}},{"type":"Feature","geometry":{"type":"Point","coordinates":[127.03942906011,37.2056940375109]},"properties":{"name":"화성병점점","address":"경기도 화성시 병점2로 22 (병점동)1층","phone":"1522-4400","hours":"10:00–22:00","openingDate":"20170124","region":"경기","options":["주차","엘리베이터","포토 스티커","네임 스티커","심카드","포인트 적립가능","포인트 사용가능","매장픽업"],"source":"㈜아성다이소 공식 매장검색","sourceUrl":"https://www.daiso.co.kr/cs/shop"}},{"type":"Feature","geometry":{"type":"Point","coordinates":[126.947301268578,37.2185949768325]},"properties":{"name":"화성봉담2호점","address":"경기도 화성시 봉담읍 삼천병마로 1256-31~2층","phone":"1522-4400","hours":"10:00–22:00","openingDate":"20201120","region":"경기","options":["주차","출입구 경사로","네임 스티커","포인트 적립가능","포인트 사용가능","매장픽업"],"source":"㈜아성다이소 공식 매장검색","sourceUrl":"https://www.daiso.co.kr/cs/shop"}},{"type":"Feature","geometry":{"type":"Point","coordinates":[126.817804685668,37.2850356157017]},"properties":{"name":"화성송산점","address":"경기도 화성시 수노을중앙로 130 (새솔동)1~2층","phone":"1522-4400","hours":"10:00–22:00","openingDate":"20210730","region":"경기","options":["주차","현금없는매장","네임 스티커","포인트 적립가능","포인트 사용가능","매장픽업"],"source":"㈜아성다이소 공식 매장검색","sourceUrl":"https://www.daiso.co.kr/cs/shop"}},{"type":"Feature","geometry":{"type":"Point","coordinates":[126.826172910182,37.2013596632148]},"properties":{"name":"화성시청점","address":"경기도 화성시 남양읍 역골로 23-261~2층","phone":"031-357-6622","hours":"10:00–22:00","openingDate":"20210904","region":"경기","options":["주차","포인트 적립가능","포인트 사용가능"],"source":"㈜아성다이소 공식 매장검색","sourceUrl":"https://www.daiso.co.kr/cs/shop"}},{"type":"Feature","geometry":{"type":"Point","coordinates":[126.81776518202,37.1792328649463]},"properties":{"name":"화성신남점","address":"경기도 화성시 남양읍 남양로 4361층","phone":"070-5100-2580","hours":"10:00–22:00","openingDate":"20260228","region":"경기","options":["주차","포인트 적립가능","포인트 사용가능","고유가지원금"],"source":"㈜아성다이소 공식 매장검색","sourceUrl":"https://www.daiso.co.kr/cs/shop"}},{"type":"Feature","geometry":{"type":"Point","coordinates":[127.000137313161,37.2024064457844]},"properties":{"name":"화성안녕동점","address":"경기도 화성시 효행로 620(안녕동)1~2층","phone":"1522-4400","hours":"10:00–22:00","openingDate":"20220115","region":"경기","options":["주차","엘리베이터","현금없는매장","네임 스티커","포인트 적립가능","포인트 사용가능","매장픽업"],"source":"㈜아성다이소 공식 매장검색","sourceUrl":"https://www.daiso.co.kr/cs/shop"}},{"type":"Feature","geometry":{"type":"Point","coordinates":[126.98303957745,37.1623395682165]},"properties":{"name":"화성정남점","address":"경기도 화성시 정남면 만년로 4581~2층","phone":"","hours":"00:00–00:00","openingDate":"20230624","region":"경기","options":["주차","포인트 적립가능","포인트 사용가능","고유가지원금"],"source":"㈜아성다이소 공식 매장검색","sourceUrl":"https://www.daiso.co.kr/cs/shop"}},{"type":"Feature","geometry":{"type":"Point","coordinates":[126.816222724863,37.082219258015]},"properties":{"name":"화성조암시장점","address":"경기도 화성시 우정읍 조암북로 501~2층","phone":"031-358-9670","hours":"10:00–22:00","openingDate":"20141013","region":"경기","options":["포인트 적립가능","포인트 사용가능"],"source":"㈜아성다이소 공식 매장검색","sourceUrl":"https://www.daiso.co.kr/cs/shop"}},{"type":"Feature","geometry":{"type":"Point","coordinates":[127.041333419791,37.2142147116331]},"properties":{"name":"화성진안점","address":"경기도 화성시 효행로1039번길 8-6 (진안동)1~4층","phone":"1522-4400","hours":"10:00–22:00","openingDate":"20180831","region":"경기","options":["출입구 경사로","엘리베이터","포토 스티커","네임 스티커","심카드","포인트 적립가능","포인트 사용가능","매장픽업"],"source":"㈜아성다이소 공식 매장검색","sourceUrl":"https://www.daiso.co.kr/cs/shop"}},{"type":"Feature","geometry":{"type":"Point","coordinates":[126.894645869192,37.1673232017833]},"properties":{"name":"화성팔탄점","address":"경기도 화성시 팔탄면 푸른들판로 661-41~2층","phone":"","hours":"09:00–22:00","openingDate":"20210709","region":"경기","options":["주차","포인트 적립가능","포인트 사용가능","고유가지원금"],"source":"㈜아성다이소 공식 매장검색","sourceUrl":"https://www.daiso.co.kr/cs/shop"}},{"type":"Feature","geometry":{"type":"Point","coordinates":[126.912599943187,37.1143550759673]},"properties":{"name":"화성향남2지구점","address":"경기도 화성시 향남읍 상신하길로298번길 7-291~2층","phone":"1522-4400","hours":"10:00–22:00","openingDate":"20180815","region":"경기","options":["주차","출입구 경사로","엘리베이터","포토 스티커","네임 스티커","심카드","포인트 적립가능","포인트 사용가능","매장픽업"],"source":"㈜아성다이소 공식 매장검색","sourceUrl":"https://www.daiso.co.kr/cs/shop"}},{"type":"Feature","geometry":{"type":"Point","coordinates":[126.91821795231,37.1314186478311]},"properties":{"name":"화성향남점","address":"경기도 화성시 향남읍 발안로 721~3층","phone":"1522-4400","hours":"10:00–22:00","openingDate":"20170513","region":"경기","options":["출입구 경사로","엘리베이터","포토 스티커","네임 스티커","심카드","포인트 적립가능","포인트 사용가능","매장픽업"],"source":"㈜아성다이소 공식 매장검색","sourceUrl":"https://www.daiso.co.kr/cs/shop"}},{"type":"Feature","geometry":{"type":"Point","coordinates":[128.707883318146,35.2087284991659]},"properties":{"name":"GS슈퍼대방점","address":"경상남도 창원시 성산구 가양로124번길 5-12 (대방동)1층","phone":"","hours":"10:00–23:00","openingDate":"20020503","region":"경남","options":[],"source":"㈜아성다이소 공식 매장검색","sourceUrl":"https://www.daiso.co.kr/cs/shop"}},{"type":"Feature","geometry":{"type":"Point","coordinates":[128.144905311419,35.1739414901898]},"properties":{"name":"GS슈퍼진주센트럴점","address":"경상남도 진주시 에나로175번길 12 (충무공동, 혁신도시중흥에스-클래스센트럴시티3단지)1층","phone":"1522-4400","hours":"10:00–23:00","openingDate":"20210401","region":"경남","options":["주차"],"source":"㈜아성다이소 공식 매장검색","sourceUrl":"https://www.daiso.co.kr/cs/shop"}},{"type":"Feature","geometry":{"type":"Point","coordinates":[128.69000226357,35.2181814581734]},"properties":{"name":"GS슈퍼토월점","address":"경상남도 창원시 성산구 동산로 108 (상남동)B1층","phone":"","hours":"10:00–23:00","openingDate":"20020426","region":"경남","options":[],"source":"㈜아성다이소 공식 매장검색","sourceUrl":"https://www.daiso.co.kr/cs/shop"}},{"type":"Feature","geometry":{"type":"Point","coordinates":[128.624839044065,34.8855444907835]},"properties":{"name":"거제고현2호점","address":"경상남도 거제시 거제중앙로 1868-2 (고현동)1~2층","phone":"1522-4400","hours":"10:00–22:00","openingDate":"20200731","region":"경남","options":["주차","포토 스티커","네임 스티커","심카드","포인트 적립가능","포인트 사용가능","매장픽업"],"source":"㈜아성다이소 공식 매장검색","sourceUrl":"https://www.daiso.co.kr/cs/shop"}},{"type":"Feature","geometry":{"type":"Point","coordinates":[128.631524639713,34.8628109446859]},"properties":{"name":"거제상동점","address":"경남 거제시 상동5길 93 (상동동)1층","phone":"055-634-0606","hours":"09:00–22:00","openingDate":"20171020","region":"경남","options":["주차","포인트 적립가능","포인트 사용가능","고유가지원금"],"source":"㈜아성다이소 공식 매장검색","sourceUrl":"https://www.daiso.co.kr/cs/shop"}},{"type":"Feature","geometry":{"type":"Point","coordinates":[128.587793303604,34.8484702741563]},"properties":{"name":"거제서정점","address":"경상남도 거제시 거제면 거제남서로 34461층","phone":"055-632-4300","hours":"09:00–22:00","openingDate":"20230805","region":"경남","options":["주차","포인트 적립가능","포인트 사용가능","고유가지원금"],"source":"㈜아성다이소 공식 매장검색","sourceUrl":"https://www.daiso.co.kr/cs/shop"}},{"type":"Feature","geometry":{"type":"Point","coordinates":[128.641336730228,34.8945081201624]},"properties":{"name":"거제수월점","address":"경상남도 거제시 거제대로 4523(수월동)1~3층","phone":"1522-4400","hours":"10:00–22:00","openingDate":"20220923","region":"경남","options":["주차","엘리베이터","네임 스티커","포인트 적립가능","포인트 사용가능","매장픽업"],"source":"㈜아성다이소 공식 매장검색","sourceUrl":"https://www.daiso.co.kr/cs/shop"}},{"type":"Feature","geometry":{"type":"Point","coordinates":[128.692169148755,34.8935701209048]},"properties":{"name":"거제옥포2호점","address":"경상남도 거제시 옥포대첩로 42 (옥포동)1~4층","phone":"1522-4400","hours":"10:00–22:00","openingDate":"20180630","region":"경남","options":["주차","엘리베이터","포토 스티커","네임 스티커","심카드","포인트 적립가능","포인트 사용가능","매장픽업"],"source":"㈜아성다이소 공식 매장검색","sourceUrl":"https://www.daiso.co.kr/cs/shop"}},{"type":"Feature","geometry":{"type":"Point","coordinates":[128.734940347456,34.8761951825682]},"properties":{"name":"거제장승포점","address":"경상남도 거제시 능포로2길 38(능포동, 옥명대우아파트)1층","phone":"055-681-9458","hours":"09:30–22:00","openingDate":"20170614","region":"경남","options":["주차","포인트 적립가능","포인트 사용가능","고유가지원금"],"source":"㈜아성다이소 공식 매장검색","sourceUrl":"https://www.daiso.co.kr/cs/shop"}},{"type":"Feature","geometry":{"type":"Point","coordinates":[128.610398339658,34.892117629869]},"properties":{"name":"거제장평점","address":"경상남도 거제시 장평로8길 17(장평동)1~2층","phone":"0507-1437-8338","hours":"10:00–22:00","openingDate":"20140222","region":"경남","options":["주차","포인트 적립가능","포인트 사용가능"],"source":"㈜아성다이소 공식 매장검색","sourceUrl":"https://www.daiso.co.kr/cs/shop"}},{"type":"Feature","geometry":{"type":"Point","coordinates":[128.627413213334,34.8943628953264]},"properties":{"name":"거제중곡점","address":"경상남도 거제시 중곡1로2길 20(고현동, 가산빌리지)1층","phone":"055-637-2007","hours":"09:00–22:00","openingDate":"20140524","region":"경남","options":["주차","포인트 적립가능","포인트 사용가능","고유가지원금"],"source":"㈜아성다이소 공식 매장검색","sourceUrl":"https://www.daiso.co.kr/cs/shop"}},{"type":"Feature","geometry":{"type":"Point","coordinates":[128.632964033012,34.8742618782925]},"properties":{"name":"거제축협유통센터점","address":"경상남도 거제시 거제중앙로 1726 (상동동)B1층","phone":"","hours":"09:00–21:00","openingDate":"20260430","region":"경남","options":["주차"],"source":"㈜아성다이소 공식 매장검색","sourceUrl":"https://www.daiso.co.kr/cs/shop"}},{"type":"Feature","geometry":{"type":"Point","coordinates":[127.915926116213,35.6868379867664]},"properties":{"name":"거창대동점","address":"경상남도 거창군 거창읍 거창대로 591~2층","phone":"1522-4400","hours":"10:00–22:00","openingDate":"20110411","region":"경남","options":["출입구 경사로","심카드","포인트 적립가능","포인트 사용가능","매장픽업"],"source":"㈜아성다이소 공식 매장검색","sourceUrl":"https://www.daiso.co.kr/cs/shop"}},{"type":"Feature","geometry":{"type":"Point","coordinates":[127.901551025421,35.6795930616268]},"properties":{"name":"거창송정점","address":"경상남도 거창군 거창읍 거함대로 31061~3층","phone":"1522-4400","hours":"10:00–22:00","openingDate":"20231124","region":"경남","options":["주차","출입구 경사로","엘리베이터","포토 스티커","포인트 적립가능","포인트 사용가능","매장픽업"],"source":"㈜아성다이소 공식 매장검색","sourceUrl":"https://www.daiso.co.kr/cs/shop"}},{"type":"Feature","geometry":{"type":"Point","coordinates":[128.325654232527,34.9753730183231]},"properties":{"name":"경남고성점","address":"경상남도 고성군 고성읍 동외로 1572층","phone":"055-674-7880","hours":"10:00–22:00","openingDate":"20200313","region":"경남","options":["주차","포인트 적립가능","포인트 사용가능","고유가지원금"],"source":"㈜아성다이소 공식 매장검색","sourceUrl":"https://www.daiso.co.kr/cs/shop"}},{"type":"Feature","geometry":{"type":"Point","coordinates":[127.971098166176,35.3034812518359]},"properties":{"name":"경남산청원지점","address":"경상남도 산청군 신안면 지리산대로 3470-51~2층","phone":"055-974-4255","hours":"10:00–22:00","openingDate":"20240913","region":"경남","options":["주차","포인트 적립가능","포인트 사용가능","고유가지원금"],"source":"㈜아성다이소 공식 매장검색","sourceUrl":"https://www.daiso.co.kr/cs/shop"}},{"type":"Feature","geometry":{"type":"Point","coordinates":[127.875101518125,35.413552547242]},"properties":{"name":"경남산청점","address":"경상남도 산청군 산청읍 웅석봉로 431층","phone":"055-974-0254","hours":"10:00–22:00","openingDate":"20220624","region":"경남","options":["포인트 적립가능","포인트 사용가능","고유가지원금"],"source":"㈜아성다이소 공식 매장검색","sourceUrl":"https://www.daiso.co.kr/cs/shop"}},{"type":"Feature","geometry":{"type":"Point","coordinates":[128.261761506183,35.3172329694467]},"properties":{"name":"경남의령점","address":"경상남도 의령군 의령읍 충익로 15-41~2층","phone":"055-574-7474","hours":"10:00–22:00","openingDate":"20210226","region":"경남","options":["주차","포인트 적립가능","포인트 사용가능","고유가지원금"],"source":"㈜아성다이소 공식 매장검색","sourceUrl":"https://www.daiso.co.kr/cs/shop"}},{"type":"Feature","geometry":{"type":"Point","coordinates":[127.74936148254,35.0683302105201]},"properties":{"name":"경남하동점","address":"경상남도 하동군 하동읍 경서대로 1451층","phone":"055-883-6467","hours":"09:00–22:00","openingDate":"20220312","region":"경남","options":["포인트 적립가능","포인트 사용가능","고유가지원금"],"source":"㈜아성다이소 공식 매장검색","sourceUrl":"https://www.daiso.co.kr/cs/shop"}},{"type":"Feature","geometry":{"type":"Point","coordinates":[128.163763015115,35.5699404278574]},"properties":{"name":"경남합천점","address":"경상남도 합천군 합천읍 대야로 9161~2층","phone":"055-931-6016","hours":"10:00–22:00","openingDate":"20210306","region":"경남","options":["포인트 적립가능","포인트 사용가능","고유가지원금"],"source":"㈜아성다이소 공식 매장검색","sourceUrl":"https://www.daiso.co.kr/cs/shop"}},{"type":"Feature","geometry":{"type":"Point","coordinates":[128.801951382578,35.1906526902497]},"properties":{"name":"김해대청점","address":"경상남도 김해시 계동로 217 (대청동)1~4층","phone":"1522-4400","hours":"10:00–22:00","openingDate":"20180830","region":"경남","options":["주차","출입구 경사로","엘리베이터","포토 스티커","네임 스티커","심카드","포인트 적립가능","포인트 사용가능","매장픽업"],"source":"㈜아성다이소 공식 매장검색","sourceUrl":"https://www.daiso.co.kr/cs/shop"}},{"type":"Feature","geometry":{"type":"Point","coordinates":[128.86710996095,35.2386215869974]},"properties":{"name":"김해본점","address":"경상남도 김해시 내외중앙로 97 (내동)1~3층","phone":"1522-4400","hours":"10:00–22:00","openingDate":"20200701","region":"경남","options":["주차","엘리베이터","포토 스티커","네임 스티커","심카드","포인트 적립가능","포인트 사용가능","매장픽업"],"source":"㈜아성다이소 공식 매장검색","sourceUrl":"https://www.daiso.co.kr/cs/shop"}},{"type":"Feature","geometry":{"type":"Point","coordinates":[128.882434430463,35.2302953755351]},"properties":{"name":"김해부원점","address":"경상남도 김해시 가락로 42 (부원동)1~3층","phone":"1522-4400","hours":"10:00–22:00","openingDate":"20180125","region":"경남","options":["주차","엘리베이터","심카드","포인트 적립가능","포인트 사용가능","매장픽업"],"source":"㈜아성다이소 공식 매장검색","sourceUrl":"https://www.daiso.co.kr/cs/shop"}},{"type":"Feature","geometry":{"type":"Point","coordinates":[128.872110780833,35.2637092494556]},"properties":{"name":"김해삼계2호점","address":"경상남도 김해시 가야로 155 (삼계동)1층","phone":"1522-4400","hours":"10:00–22:00","openingDate":"20181213","region":"경남","options":["주차","출입구 경사로","엘리베이터","포토 스티커","네임 스티커","심카드","포인트 적립가능","포인트 사용가능","매장픽업"],"source":"㈜아성다이소 공식 매장검색","sourceUrl":"https://www.daiso.co.kr/cs/shop"}},{"type":"Feature","geometry":{"type":"Point","coordinates":[128.808415961827,35.2027934555013]},"properties":{"name":"김해삼문점","address":"경상남도 김해시 능동로 157 (부곡동)1~2층","phone":"055-338-2288","hours":"09:30–22:00","openingDate":"20140803","region":"경남","options":["주차","포인트 적립가능","포인트 사용가능","고유가지원금"],"source":"㈜아성다이소 공식 매장검색","sourceUrl":"https://www.daiso.co.kr/cs/shop"}},{"type":"Feature","geometry":{"type":"Point","coordinates":[128.84953507535,35.230218551167]},"properties":{"name":"김해외동점","address":"경상남도 김해시 금관대로 1143 (외동)1~2층","phone":"1522-4400","hours":"10:00–22:00","openingDate":"20180727","region":"경남","options":["주차","출입구 경사로","엘리베이터","심카드","포인트 적립가능","포인트 사용가능","매장픽업"],"source":"㈜아성다이소 공식 매장검색","sourceUrl":"https://www.daiso.co.kr/cs/shop"}},{"type":"Feature","geometry":{"type":"Point","coordinates":[128.813379917265,35.1704063892505]},"properties":{"name":"김해율하2호점","address":"경상남도 김해시 율하3로 26 (율하동)1~4층","phone":"1522-4400","hours":"10:00–22:00","openingDate":"20171230","region":"경남","options":["주차","출입구 경사로","엘리베이터","포토 스티커","네임 스티커","심카드","포인트 적립가능","포인트 사용가능","매장픽업"],"source":"㈜아성다이소 공식 매장검색","sourceUrl":"https://www.daiso.co.kr/cs/shop"}},{"type":"Feature","geometry":{"type":"Point","coordinates":[128.904171344348,35.2445735874667]},"properties":{"name":"김해인제대점","address":"경상남도 김해시 인제로 180(어방동)B1~1층","phone":"055-329-0103","hours":"09:30–22:00","openingDate":"20160113","region":"경남","options":["포인트 적립가능","포인트 사용가능","고유가지원금"],"source":"㈜아성다이소 공식 매장검색","sourceUrl":"https://www.daiso.co.kr/cs/shop"}},{"type":"Feature","geometry":{"type":"Point","coordinates":[128.812115772135,35.2008418189063]},"properties":{"name":"김해장유점","address":"경상남도 김해시 장유로 270 (부곡동)2층","phone":"1522-4400","hours":"10:00–22:00","openingDate":"20240622","region":"경남","options":["주차","엘리베이터","포인트 적립가능","포인트 사용가능","매장픽업"],"source":"㈜아성다이소 공식 매장검색","sourceUrl":"https://www.daiso.co.kr/cs/shop"}},{"type":"Feature","geometry":{"type":"Point","coordinates":[128.750779138572,35.2500786706554]},"properties":{"name":"김해진례점","address":"경상남도 김해시 진례면 서부로 5901~2층","phone":"055-346-8007","hours":"10:00–22:00","openingDate":"20230812","region":"경남","options":["주차","포인트 적립가능","포인트 사용가능","고유가지원금"],"source":"㈜아성다이소 공식 매장검색","sourceUrl":"https://www.daiso.co.kr/cs/shop"}},{"type":"Feature","geometry":{"type":"Point","coordinates":[128.730977871576,35.3061196458404]},"properties":{"name":"김해진영2호점","address":"경상남도 김해시 진영읍 여래로20번길 34-151~2층","phone":"1522-4400","hours":"10:00–22:00","openingDate":"20180101","region":"경남","options":["주차","출입구 경사로","심카드","포인트 적립가능","포인트 사용가능","매장픽업"],"source":"㈜아성다이소 공식 매장검색","sourceUrl":"https://www.daiso.co.kr/cs/shop"}},{"type":"Feature","geometry":{"type":"Point","coordinates":[128.726650518988,35.3121613499971]},"properties":{"name":"김해진영본점","address":"경상남도 김해시 진영읍 진산대로 651~2층","phone":"1522-4400","hours":"10:00–22:00","openingDate":"20170608","region":"경남","options":["주차","포토 스티커","네임 스티커","심카드","포인트 적립가능","포인트 사용가능","매장픽업"],"source":"㈜아성다이소 공식 매장검색","sourceUrl":"https://www.daiso.co.kr/cs/shop"}},{"type":"Feature","geometry":{"type":"Point","coordinates":[128.80925166485,35.2941598136086]},"properties":{"name":"김해한림점","address":"경상남도 김해시 한림면 한림로 41~2층","phone":"055-343-3777","hours":"10:00–22:00","openingDate":"20250524","region":"경남","options":["포인트 적립가능","포인트 사용가능","고유가지원금"],"source":"㈜아성다이소 공식 매장검색","sourceUrl":"https://www.daiso.co.kr/cs/shop"}},{"type":"Feature","geometry":{"type":"Point","coordinates":[127.894386759505,34.8375887518865]},"properties":{"name":"남해북변점","address":"경상남도 남해군 남해읍 화전로 721~2층","phone":"055-864-4396","hours":"09:00–22:30","openingDate":"20130517","region":"경남","options":["포인트 적립가능","포인트 사용가능","고유가지원금"],"source":"㈜아성다이소 공식 매장검색","sourceUrl":"https://www.daiso.co.kr/cs/shop"}},{"type":"Feature","geometry":{"type":"Point","coordinates":[128.691731632213,34.8874897141219]},"properties":{"name":"롯데마트거제점","address":"경상남도 거제시 서간도길 9-9 (옥포동, 거제엘크루랜드마크,롯데마트)1층","phone":"","hours":"10:00–23:00","openingDate":"20150225","region":"경남","options":["주차"],"source":"㈜아성다이소 공식 매장검색","sourceUrl":"https://www.daiso.co.kr/cs/shop"}},{"type":"Feature","geometry":{"type":"Point","coordinates":[128.882049047961,35.2255464451957]},"properties":{"name":"롯데마트김해점","address":"경상남도 김해시 김해대로 2330 (부원동)2층","phone":"","hours":"10:00–23:00","openingDate":"20130828","region":"경남","options":["주차","포인트 적립가능"],"source":"㈜아성다이소 공식 매장검색","sourceUrl":"https://www.daiso.co.kr/cs/shop"}},{"type":"Feature","geometry":{"type":"Point","coordinates":[128.560732929617,35.1813235148166]},"properties":{"name":"롯데마트마산점","address":"경상남도 창원시 마산합포구 신마산시장길 33 (창포동3가)1층","phone":"","hours":"10:00–23:00","openingDate":"20021125","region":"경남","options":[],"source":"㈜아성다이소 공식 매장검색","sourceUrl":"https://www.daiso.co.kr/cs/shop"}},{"type":"Feature","geometry":{"type":"Point","coordinates":[128.68027719876,35.2255538341754]},"properties":{"name":"롯데마트맥스창원중앙점","address":"경상남도 창원시 성산구 중앙대로 123 (중앙동)1층","phone":"1522-4400","hours":"10:00–22:00","openingDate":"20241123","region":"경남","options":["주차","포인트 적립가능"],"source":"㈜아성다이소 공식 매장검색","sourceUrl":"https://www.daiso.co.kr/cs/shop"}},{"type":"Feature","geometry":{"type":"Point","coordinates":[128.504071334098,35.2330280035634]},"properties":{"name":"롯데마트삼계점","address":"경상남도 창원시 마산회원구 내서읍 경남대로 927B1층","phone":"","hours":"10:00–23:00","openingDate":"20100601","region":"경남","options":[],"source":"㈜아성다이소 공식 매장검색","sourceUrl":"https://www.daiso.co.kr/cs/shop"}},{"type":"Feature","geometry":{"type":"Point","coordinates":[128.584565894733,35.2236728605877]},"properties":{"name":"롯데마트양덕점","address":"경상남도 창원시 마산회원구 삼호로 80 (양덕동, 메트로시티 2단지)1층","phone":"","hours":"10:00–23:00","openingDate":"20180419","region":"경남","options":["주차"],"source":"㈜아성다이소 공식 매장검색","sourceUrl":"https://www.daiso.co.kr/cs/shop"}},{"type":"Feature","geometry":{"type":"Point","coordinates":[129.166983220837,35.412591078119]},"properties":{"name":"롯데마트웅상점","address":"경상남도 양산시 삼호1길 34 (삼호동)1층","phone":"","hours":"10:00–23:00","openingDate":"20041229","region":"경남","options":[],"source":"㈜아성다이소 공식 매장검색","sourceUrl":"https://www.daiso.co.kr/cs/shop"}},{"type":"Feature","geometry":{"type":"Point","coordinates":[128.139841256694,35.1801540327483]},"properties":{"name":"롯데마트진주점","address":"경상남도 진주시 동진로 440 (충무공동)B1층","phone":"","hours":"10:00–23:00","openingDate":"20180130","region":"경남","options":["주차"],"source":"㈜아성다이소 공식 매장검색","sourceUrl":"https://www.daiso.co.kr/cs/shop"}},{"type":"Feature","geometry":{"type":"Point","coordinates":[128.698757554273,35.1581646243334]},"properties":{"name":"롯데마트진해점","address":"경상남도 창원시 진해구 진해대로 762 (석동)3층","phone":"1522-4400","hours":"10:00–23:00","openingDate":"20050716","region":"경남","options":["주차","포인트 적립가능"],"source":"㈜아성다이소 공식 매장검색","sourceUrl":"https://www.daiso.co.kr/cs/shop"}},{"type":"Feature","geometry":{"type":"Point","coordinates":[128.428237605428,34.860578142666]},"properties":{"name":"롯데마트통영점","address":"경상남도 통영시 무전대로 65 (무전동)2층","phone":"","hours":"10:00–23:00","openingDate":"20040214","region":"경남","options":[],"source":"㈜아성다이소 공식 매장검색","sourceUrl":"https://www.daiso.co.kr/cs/shop"}},{"type":"Feature","geometry":{"type":"Point","coordinates":[128.505867767927,35.2330136842394]},"properties":{"name":"마산삼계점","address":"경상남도 창원시 마산회원구 내서읍 중리공단로 131~3층","phone":"1522-4400","hours":"10:00–22:00","openingDate":"20220715","region":"경남","options":["주차","엘리베이터","포토 스티커","포인트 적립가능","포인트 사용가능","매장픽업"],"source":"㈜아성다이소 공식 매장검색","sourceUrl":"https://www.daiso.co.kr/cs/shop"}},{"type":"Feature","geometry":{"type":"Point","coordinates":[128.585764204418,35.223259180976]},"properties":{"name":"마산양덕점","address":"경상남도 창원시 마산회원구 용마로 126 (양덕동)1~2층","phone":"1522-4400","hours":"10:00–22:00","openingDate":"20171216","region":"경남","options":["주차","포토 스티커","네임 스티커","심카드","포인트 적립가능","포인트 사용가능","매장픽업"],"source":"㈜아성다이소 공식 매장검색","sourceUrl":"https://www.daiso.co.kr/cs/shop"}},{"type":"Feature","geometry":{"type":"Point","coordinates":[128.486276933455,35.1144960094694]},"properties":{"name":"마산진동점","address":"경상남도 창원시 마산합포구 진동면 삼진의거대로 6241~2층","phone":"055-271-8986","hours":"09:00–22:00","openingDate":"20190115","region":"경남","options":["주차","포인트 적립가능","포인트 사용가능"],"source":"㈜아성다이소 공식 매장검색","sourceUrl":"https://www.daiso.co.kr/cs/shop"}},{"type":"Feature","geometry":{"type":"Point","coordinates":[128.582032634526,35.2370760664386]},"properties":{"name":"마산합성점","address":"경상남도 창원시 마산회원구 3·15대로 730 (합성동)B1~3층","phone":"1522-4400","hours":"10:00–22:00","openingDate":"20170323","region":"경남","options":["출입구 경사로","포토 스티커","네임 스티커","심카드","포인트 적립가능","포인트 사용가능","매장픽업"],"source":"㈜아성다이소 공식 매장검색","sourceUrl":"https://www.daiso.co.kr/cs/shop"}},{"type":"Feature","geometry":{"type":"Point","coordinates":[128.553214054036,35.1514982737101]},"properties":{"name":"마산현동점","address":"경남 창원시 마산합포구 현동7길 222층","phone":"055-241-6016","hours":"09:30–22:00","openingDate":"20180510","region":"경남","options":["주차","포인트 적립가능","포인트 사용가능","고유가지원금"],"source":"㈜아성다이소 공식 매장검색","sourceUrl":"https://www.daiso.co.kr/cs/shop"}},{"type":"Feature","geometry":{"type":"Point","coordinates":[128.57064344035,35.2212227305314]},"properties":{"name":"마산회원점","address":"경남 창원시 마산회원구 북성로 155 (회원동, 민족사관)1~2층","phone":"1522-4400","hours":"10:00–22:00","openingDate":"20210610","region":"경남","options":["주차","포인트 적립가능","포인트 사용가능","매장픽업"],"source":"㈜아성다이소 공식 매장검색","sourceUrl":"https://www.daiso.co.kr/cs/shop"}},{"type":"Feature","geometry":{"type":"Point","coordinates":[128.900948734923,35.2264580754235]},"properties":{"name":"메가마트김해점","address":"경상남도 김해시 김해대로2492번길 20 (삼정동)1층","phone":"1522-4400","hours":"10:00–23:00","openingDate":"20190731","region":"경남","options":["주차"],"source":"㈜아성다이소 공식 매장검색","sourceUrl":"https://www.daiso.co.kr/cs/shop"}},{"type":"Feature","geometry":{"type":"Point","coordinates":[128.75593230986,35.4630607318255]},"properties":{"name":"밀양상남점","address":"경상남도 밀양시 상남면 밀양대로 1460-71~2층","phone":"1522-4400","hours":"10:00–22:00","openingDate":"20240329","region":"경남","options":["주차","엘리베이터","포토 스티커","포인트 적립가능","포인트 사용가능","매장픽업"],"source":"㈜아성다이소 공식 매장검색","sourceUrl":"https://www.daiso.co.kr/cs/shop"}},{"type":"Feature","geometry":{"type":"Point","coordinates":[128.713226147563,35.3754917899378]},"properties":{"name":"밀양수산점","address":"경상남도 밀양시 하남읍 수산중앙로 73-131층","phone":"070-4772-2276","hours":"09:00–22:00","openingDate":"20180922","region":"경남","options":["주차","포인트 적립가능","포인트 사용가능","고유가지원금"],"source":"㈜아성다이소 공식 매장검색","sourceUrl":"https://www.daiso.co.kr/cs/shop"}},{"type":"Feature","geometry":{"type":"Point","coordinates":[128.74481182071,35.4916754579345]},"properties":{"name":"밀양점","address":"경상남도 밀양시 밀양대로 1883 (내이동)1~2층","phone":"1522-4400","hours":"10:00–22:00","openingDate":"20170512","region":"경남","options":["주차","출입구 경사로","포토 스티커","네임 스티커","심카드","포인트 적립가능","포인트 사용가능","매장픽업"],"source":"㈜아성다이소 공식 매장검색","sourceUrl":"https://www.daiso.co.kr/cs/shop"}},{"type":"Feature","geometry":{"type":"Point","coordinates":[128.07448884093,35.0628666318538]},"properties":{"name":"사천대로점","address":"경상남도 사천시 사남면 사천대로 1615-91층","phone":"1522-4400","hours":"10:00–22:00","openingDate":"20230922","region":"경남","options":["주차","포토 스티커","포인트 적립가능","포인트 사용가능","매장픽업"],"source":"㈜아성다이소 공식 매장검색","sourceUrl":"https://www.daiso.co.kr/cs/shop"}},{"type":"Feature","geometry":{"type":"Point","coordinates":[128.088155856041,35.0821146275838]},"properties":{"name":"사천평화점","address":"경상남도 사천시 사천읍 평화1길 221~2층","phone":"1522-4400","hours":"10:00–22:00","openingDate":"20230502","region":"경남","options":["포인트 적립가능","포인트 사용가능","매장픽업"],"source":"㈜아성다이소 공식 매장검색","sourceUrl":"https://www.daiso.co.kr/cs/shop"}},{"type":"Feature","geometry":{"type":"Point","coordinates":[128.085416040546,34.9385091600342]},"properties":{"name":"삼천포점","address":"경상남도 사천시 벌리로 53 (벌리동)1~2층","phone":"1522-4400","hours":"10:00–22:00","openingDate":"20251213","region":"경남","options":["주차","출입구 경사로","포토 스티커","네임 스티커","포인트 적립가능","포인트 사용가능","매장픽업"],"source":"㈜아성다이소 공식 매장검색","sourceUrl":"https://www.daiso.co.kr/cs/shop"}},{"type":"Feature","geometry":{"type":"Point","coordinates":[129.026821007731,35.3074660962835]},"properties":{"name":"양산금산점","address":"경상남도 양산시 동면 양산대로 3881층","phone":"1522-4400","hours":"10:00–22:00","openingDate":"20240928","region":"경남","options":["주차","현금없는매장","포토 스티커","네임 스티커","포인트 적립가능","포인트 사용가능","매장픽업"],"source":"㈜아성다이소 공식 매장검색","sourceUrl":"https://www.daiso.co.kr/cs/shop"}},{"type":"Feature","geometry":{"type":"Point","coordinates":[129.038141942982,35.3425112242769]},"properties":{"name":"양산남부시장점","address":"경상남도 양산시 중앙로 134-1 (중부동)1층","phone":"1522-4400","hours":"10:00–22:00","openingDate":"20081101","region":"경남","options":["심카드","포인트 적립가능","포인트 사용가능","매장픽업"],"source":"㈜아성다이소 공식 매장검색","sourceUrl":"https://www.daiso.co.kr/cs/shop"}},{"type":"Feature","geometry":{"type":"Point","coordinates":[129.016903342364,35.327228100111]},"properties":{"name":"양산물금2호점","address":"경상남도 양산시 물금읍 청운로 3541~2층","phone":"1522-4400","hours":"10:00–22:00","openingDate":"20180722","region":"경남","options":["엘리베이터","포토 스티커","심카드","포인트 적립가능","포인트 사용가능","매장픽업"],"source":"㈜아성다이소 공식 매장검색","sourceUrl":"https://www.daiso.co.kr/cs/shop"}},{"type":"Feature","geometry":{"type":"Point","coordinates":[128.987088425447,35.3096874468408]},"properties":{"name":"양산물금역점","address":"경상남도 양산시 물금읍 물금1길 81~3층","phone":"1522-4400","hours":"10:00–22:00","openingDate":"20221208","region":"경남","options":["엘리베이터","포토 스티커","네임 스티커","포인트 적립가능","포인트 사용가능","매장픽업"],"source":"㈜아성다이소 공식 매장검색","sourceUrl":"https://www.daiso.co.kr/cs/shop"}},{"type":"Feature","geometry":{"type":"Point","coordinates":[129.041104271477,35.3591794513927]},"properties":{"name":"양산북정점","address":"경상남도 양산시 북정로 8(북정동)1~2층","phone":"1522-4400","hours":"10:00–22:00","openingDate":"20220121","region":"경남","options":["주차","엘리베이터","네임 스티커","포인트 적립가능","포인트 사용가능","매장픽업"],"source":"㈜아성다이소 공식 매장검색","sourceUrl":"https://www.daiso.co.kr/cs/shop"}},{"type":"Feature","geometry":{"type":"Point","coordinates":[129.165393569221,35.4105106465299]},"properties":{"name":"양산서창2호점","address":"경상남도 양산시 웅상대로 1260 (삼호동)1~3층","phone":"1522-4400","hours":"10:00–22:00","openingDate":"20181028","region":"경남","options":["출입구 경사로","네임 스티커","심카드","포인트 적립가능","포인트 사용가능","매장픽업"],"source":"㈜아성다이소 공식 매장검색","sourceUrl":"https://www.daiso.co.kr/cs/shop"}},{"type":"Feature","geometry":{"type":"Point","coordinates":[129.062137731611,35.41636555665]},"properties":{"name":"양산석계점","address":"경상남도 양산시 상북면 상북중앙로 3741층","phone":"055-375-6668","hours":"09:00–22:00","openingDate":"20230324","region":"경남","options":["주차","포인트 적립가능","포인트 사용가능","고유가지원금"],"source":"㈜아성다이소 공식 매장검색","sourceUrl":"https://www.daiso.co.kr/cs/shop"}},{"type":"Feature","geometry":{"type":"Point","coordinates":[129.025321246985,35.3144163806058]},"properties":{"name":"양산석산점","address":"경상남도 양산시 동면 금오2길 681~2층","phone":"055-383-3399","hours":"10:00–22:00","openingDate":"20160824","region":"경남","options":["주차","포인트 적립가능","포인트 사용가능","고유가지원금"],"source":"㈜아성다이소 공식 매장검색","sourceUrl":"https://www.daiso.co.kr/cs/shop"}},{"type":"Feature","geometry":{"type":"Point","coordinates":[129.002780843433,35.3162602030751]},"properties":{"name":"양산증산점","address":"경상남도 양산시 물금읍 청운로 1781~2층","phone":"1522-4400","hours":"10:00–22:00","openingDate":"20161216","region":"경남","options":["엘리베이터","현금없는매장","포토 스티커","네임 스티커","심카드","포인트 적립가능","포인트 사용가능","매장픽업"],"source":"㈜아성다이소 공식 매장검색","sourceUrl":"https://www.daiso.co.kr/cs/shop"}},{"type":"Feature","geometry":{"type":"Point","coordinates":[129.027417038789,35.3351771850332]},"properties":{"name":"양산터미널점","address":"경상남도 양산시 양산역1길 2 (중부동)1~3층","phone":"1522-4400","hours":"10:00–22:00","openingDate":"20181208","region":"경남","options":["엘리베이터","포토 스티커","네임 스티커","심카드","포인트 적립가능","포인트 사용가능","매장픽업"],"source":"㈜아성다이소 공식 매장검색","sourceUrl":"https://www.daiso.co.kr/cs/shop"}},{"type":"Feature","geometry":{"type":"Point","coordinates":[129.087544189265,35.4891197401786]},"properties":{"name":"양산통도사점","address":"경상남도 양산시 하북면 신평강변1길 171층","phone":"055-785-1888","hours":"10:00–22:00","openingDate":"20210731","region":"경남","options":["주차","포인트 적립가능","포인트 사용가능","고유가지원금"],"source":"㈜아성다이소 공식 매장검색","sourceUrl":"https://www.daiso.co.kr/cs/shop"}},{"type":"Feature","geometry":{"type":"Point","coordinates":[129.152964698181,35.3813408703292]},"properties":{"name":"양산평산점","address":"경상남도 양산시 평산로 17 (평산동)1~2층","phone":"1522-4400","hours":"10:00–22:00","openingDate":"20250620","region":"경남","options":["주차","포토 스티커","네임 스티커","포인트 적립가능","포인트 사용가능","매장픽업"],"source":"㈜아성다이소 공식 매장검색","sourceUrl":"https://www.daiso.co.kr/cs/shop"}},{"type":"Feature","geometry":{"type":"Point","coordinates":[128.872242572055,35.2293396295983]},"properties":{"name":"이마트김해점","address":"경상남도 김해시 김해대로 2232(외동)2층","phone":"1522-4400","hours":"10:00–22:00","openingDate":"20220818","region":"경남","options":["주차"],"source":"㈜아성다이소 공식 매장검색","sourceUrl":"https://www.daiso.co.kr/cs/shop"}},{"type":"Feature","geometry":{"type":"Point","coordinates":[128.107817330777,35.1571369725129]},"properties":{"name":"진주가좌점","address":"경상남도 진주시 진주대로 568(가좌동)1~2층","phone":"055-762-2535","hours":"10:00–22:00","openingDate":"20160131","region":"경남","options":["주차","포인트 적립가능","포인트 사용가능","고유가지원금"],"source":"㈜아성다이소 공식 매장검색","sourceUrl":"https://www.daiso.co.kr/cs/shop"}},{"type":"Feature","geometry":{"type":"Point","coordinates":[128.067988145104,35.184154706568]},"properties":{"name":"진주교대점","address":"경상남도 진주시 진양호로 353 (신안동)1~3층","phone":"1522-4400","hours":"10:00–22:00","openingDate":"20190823","region":"경남","options":["주차","출입구 경사로","엘리베이터","네임 스티커","심카드","포인트 적립가능","포인트 사용가능","매장픽업"],"source":"㈜아성다이소 공식 매장검색","sourceUrl":"https://www.daiso.co.kr/cs/shop"}},{"type":"Feature","geometry":{"type":"Point","coordinates":[128.141756070006,35.2138423016817]},"properties":{"name":"진주금산점","address":"경남 진주시 금산면 금산로 48 (중천리)1~3층","phone":"1522-4400","hours":"10:00–22:00","openingDate":"20220826","region":"경남","options":["주차","엘리베이터","네임 스티커","포인트 적립가능","포인트 사용가능","매장픽업"],"source":"㈜아성다이소 공식 매장검색","sourceUrl":"https://www.daiso.co.kr/cs/shop"}},{"type":"Feature","geometry":{"type":"Point","coordinates":[128.084426015071,35.1952699289249]},"properties":{"name":"진주대안점","address":"경상남도 진주시 진주대로1070번길 7-1 (대안동)B1~2층","phone":"1522-4400","hours":"10:00–22:00","openingDate":"20100917","region":"경남","options":["출입구 경사로","포토 스티커","네임 스티커","심카드","포인트 적립가능","포인트 사용가능","매장픽업"],"source":"㈜아성다이소 공식 매장검색","sourceUrl":"https://www.daiso.co.kr/cs/shop"}},{"type":"Feature","geometry":{"type":"Point","coordinates":[128.110938447117,35.1793950383698]},"properties":{"name":"진주도동점","address":"경상남도 진주시 동진로 180(상대동)B1~1층","phone":"070-8199-6995","hours":"09:00–22:00","openingDate":"20150131","region":"경남","options":["포인트 적립가능","포인트 사용가능","고유가지원금"],"source":"㈜아성다이소 공식 매장검색","sourceUrl":"https://www.daiso.co.kr/cs/shop"}},{"type":"Feature","geometry":{"type":"Point","coordinates":[128.280714372042,35.1698466148366]},"properties":{"name":"진주반성점","address":"경상남도 진주시 일반성면 동부로 20041층","phone":"055-761-8777","hours":"10:00–22:00","openingDate":"20250329","region":"경남","options":["주차","포인트 적립가능","포인트 사용가능","고유가지원금"],"source":"㈜아성다이소 공식 매장검색","sourceUrl":"https://www.daiso.co.kr/cs/shop"}},{"type":"Feature","geometry":{"type":"Point","coordinates":[128.069323395805,35.1933937092237]},"properties":{"name":"진주봉곡점","address":"경상남도 진주시 진주대로 1225 (인사동)1층","phone":"1522-4400","hours":"10:00–22:00","openingDate":"20230526","region":"경남","options":["주차","포토 스티커","네임 스티커","포인트 적립가능","포인트 사용가능","매장픽업"],"source":"㈜아성다이소 공식 매장검색","sourceUrl":"https://www.daiso.co.kr/cs/shop"}},{"type":"Feature","geometry":{"type":"Point","coordinates":[128.098543053675,35.1334553544072]},"properties":{"name":"진주정촌점","address":"경상남도 진주시 정촌면 삼일로95번길 50-31층","phone":"055-752-0121","hours":"10:00–22:00","openingDate":"20231117","region":"경남","options":["주차","포인트 적립가능","포인트 사용가능","고유가지원금"],"source":"㈜아성다이소 공식 매장검색","sourceUrl":"https://www.daiso.co.kr/cs/shop"}},{"type":"Feature","geometry":{"type":"Point","coordinates":[128.092171644658,35.1774611024365]},"properties":{"name":"진주주약점","address":"경상남도 진주시 진주대로 860(주약동)1~3층","phone":"055-753-1535","hours":"09:00–22:00","openingDate":"20160930","region":"경남","options":["주차","포인트 적립가능","포인트 사용가능","고유가지원금"],"source":"㈜아성다이소 공식 매장검색","sourceUrl":"https://www.daiso.co.kr/cs/shop"}},{"type":"Feature","geometry":{"type":"Point","coordinates":[128.114228171252,35.2031601463533]},"properties":{"name":"진주초장점","address":"경상남도 진주시 대신로475번길 16-17 (초전동)1~2층","phone":"055-758-0056","hours":"10:00–22:00","openingDate":"20161208","region":"경남","options":["주차","포인트 적립가능","포인트 사용가능","고유가지원금"],"source":"㈜아성다이소 공식 매장검색","sourceUrl":"https://www.daiso.co.kr/cs/shop"}},{"type":"Feature","geometry":{"type":"Point","coordinates":[128.059640188159,35.1720825965313]},"properties":{"name":"진주평거점","address":"경상남도 진주시 남강로309번길 42-26 (평거동)1~4층","phone":"1522-4400","hours":"10:00–22:00","openingDate":"20160729","region":"경남","options":["엘리베이터","포토 스티커","네임 스티커","심카드","포인트 적립가능","포인트 사용가능","매장픽업"],"source":"㈜아성다이소 공식 매장검색","sourceUrl":"https://www.daiso.co.kr/cs/shop"}},{"type":"Feature","geometry":{"type":"Point","coordinates":[128.1367831417,35.177169921753]},"properties":{"name":"진주혁신도시점","address":"경상남도 진주시 에나로 69 (충무공동)1~2층","phone":"1522-4400","hours":"10:00–22:00","openingDate":"20190126","region":"경남","options":["엘리베이터","포토 스티커","네임 스티커","심카드","포인트 적립가능","포인트 사용가능","매장픽업"],"source":"㈜아성다이소 공식 매장검색","sourceUrl":"https://www.daiso.co.kr/cs/shop"}},{"type":"Feature","geometry":{"type":"Point","coordinates":[128.751011666735,35.1051468853708]},"properties":{"name":"진해남문점","address":"경상남도 창원시 진해구 웅천동로106번길 52 (남문동)1~2층","phone":"055-551-0014","hours":"10:00–22:00","openingDate":"20200123","region":"경남","options":["포인트 적립가능","포인트 사용가능","고유가지원금"],"source":"㈜아성다이소 공식 매장검색","sourceUrl":"https://www.daiso.co.kr/cs/shop"}},{"type":"Feature","geometry":{"type":"Point","coordinates":[128.814954268701,35.0883930449093]},"properties":{"name":"진해신항만점","address":"경상남도 창원시 진해구 신항동로 121 (용원동)1층","phone":"1522-4400","hours":"10:00–22:00","openingDate":"20240926","region":"경남","options":["주차","포토 스티커","포인트 적립가능","포인트 사용가능","매장픽업"],"source":"㈜아성다이소 공식 매장검색","sourceUrl":"https://www.daiso.co.kr/cs/shop"}},{"type":"Feature","geometry":{"type":"Point","coordinates":[128.811460206153,35.100567016701]},"properties":{"name":"진해용원점","address":"경상남도 창원시 진해구 용원서로31번길 15(용원동)1층","phone":"055-551-8089","hours":"10:00–22:00","openingDate":"20130815","region":"경남","options":["주차","포인트 적립가능","포인트 사용가능","고유가지원금"],"source":"㈜아성다이소 공식 매장검색","sourceUrl":"https://www.daiso.co.kr/cs/shop"}},{"type":"Feature","geometry":{"type":"Point","coordinates":[128.712719166266,35.1551466346721]},"properties":{"name":"진해자은점","address":"경상남도 창원시 진해구 장복대로 171(자은동)1~2층","phone":"1522-4400","hours":"10:00–22:00","openingDate":"20230224","region":"경남","options":["주차","현금없는매장","포토 스티커","네임 스티커","포인트 적립가능","포인트 사용가능","매장픽업"],"source":"㈜아성다이소 공식 매장검색","sourceUrl":"https://www.daiso.co.kr/cs/shop"}},{"type":"Feature","geometry":{"type":"Point","coordinates":[128.703452645224,35.130049450084]},"properties":{"name":"진해장천점","address":"경상남도 창원시 진해구 충장로 666 (장천동)1~2층","phone":"1522-4400","hours":"10:00–22:00","openingDate":"20180630","region":"경남","options":["주차","출입구 경사로","엘리베이터","포토 스티커","네임 스티커","심카드","포인트 적립가능","포인트 사용가능","매장픽업"],"source":"㈜아성다이소 공식 매장검색","sourceUrl":"https://www.daiso.co.kr/cs/shop"}},{"type":"Feature","geometry":{"type":"Point","coordinates":[128.665985860867,35.1515038813162]},"properties":{"name":"진해중앙점","address":"경상남도 창원시 진해구 충장로130번길 6 (화천동)1~2층","phone":"1522-4400","hours":"10:00–22:00","openingDate":"20130201","region":"경남","options":["출입구 경사로","심카드","포인트 적립가능","포인트 사용가능","매장픽업"],"source":"㈜아성다이소 공식 매장검색","sourceUrl":"https://www.daiso.co.kr/cs/shop"}},{"type":"Feature","geometry":{"type":"Point","coordinates":[128.488725299417,35.538636459838]},"properties":{"name":"창녕점","address":"경상남도 창녕군 창녕읍 조산서재골로 29-41층","phone":"1522-4400","hours":"10:00–22:00","openingDate":"20250328","region":"경남","options":["주차","포토 스티커","네임 스티커","포인트 적립가능","포인트 사용가능","매장픽업"],"source":"㈜아성다이소 공식 매장검색","sourceUrl":"https://www.daiso.co.kr/cs/shop"}},{"type":"Feature","geometry":{"type":"Point","coordinates":[128.70670990781,35.2090055915187]},"properties":{"name":"창원대방점","address":"경상남도 창원시 성산구 가양로124번길 4 (대방동)1~2층","phone":"1522-4400","hours":"10:00–22:00","openingDate":"20241031","region":"경남","options":["주차","엘리베이터","포토 스티커","네임 스티커","포인트 적립가능","포인트 사용가능","매장픽업"],"source":"㈜아성다이소 공식 매장검색","sourceUrl":"https://www.daiso.co.kr/cs/shop"}},{"type":"Feature","geometry":{"type":"Point","coordinates":[128.709858812927,35.3309488099463]},"properties":{"name":"창원대산점","address":"경상남도 창원시 의창구 대산면 진산대로 3501~2층","phone":"055-299-4633","hours":"09:30–22:00","openingDate":"20230113","region":"경남","options":["주차","포인트 적립가능","포인트 사용가능","고유가지원금"],"source":"㈜아성다이소 공식 매장검색","sourceUrl":"https://www.daiso.co.kr/cs/shop"}},{"type":"Feature","geometry":{"type":"Point","coordinates":[128.685273773921,35.2778806221542]},"properties":{"name":"창원동읍점","address":"경상남도 창원시 의창구 동읍 의창대로 865-41층","phone":"055-299-8266","hours":"10:00–22:00","openingDate":"20220108","region":"경남","options":["주차","포인트 적립가능","포인트 사용가능","고유가지원금"],"source":"㈜아성다이소 공식 매장검색","sourceUrl":"https://www.daiso.co.kr/cs/shop"}},{"type":"Feature","geometry":{"type":"Point","coordinates":[128.574157304433,35.2019526133714]},"properties":{"name":"창원마산어시장점","address":"경상남도 창원시 마산합포구 동서동2길 60 (신포동2가)2층","phone":"1522-4400","hours":"10:00–22:00","openingDate":"20200403","region":"경남","options":["주차","엘리베이터","심카드","포인트 적립가능","포인트 사용가능","매장픽업"],"source":"㈜아성다이소 공식 매장검색","sourceUrl":"https://www.daiso.co.kr/cs/shop"}},{"type":"Feature","geometry":{"type":"Point","coordinates":[128.586100976992,35.3154205786372]},"properties":{"name":"창원무동점","address":"경상남도 창원시 의창구 북면 무동로 213(창원 무동 코아루아파트)1층","phone":"055-252-9700","hours":"10:00–22:00","openingDate":"20220723","region":"경남","options":["포인트 적립가능","포인트 사용가능","고유가지원금"],"source":"㈜아성다이소 공식 매장검색","sourceUrl":"https://www.daiso.co.kr/cs/shop"}},{"type":"Feature","geometry":{"type":"Point","coordinates":[128.671253633281,35.2359538586014]},"properties":{"name":"창원반송시장점","address":"경상남도 창원시 성산구 반송로 148-6 (반림동)B1~1층","phone":"1522-4400","hours":"10:00–22:00","openingDate":"20090817","region":"경남","options":["심카드","포인트 적립가능","포인트 사용가능","매장픽업"],"source":"㈜아성다이소 공식 매장검색","sourceUrl":"https://www.daiso.co.kr/cs/shop"}},{"type":"Feature","geometry":{"type":"Point","coordinates":[128.65029995296,35.2430035780168]},"properties":{"name":"창원봉곡점","address":"경상남도 창원시 의창구 원이대로 275(봉곡동)1층","phone":"055-276-6016","hours":"09:00–22:00","openingDate":"20150504","region":"경남","options":["주차","포인트 적립가능","포인트 사용가능","고유가지원금"],"source":"㈜아성다이소 공식 매장검색","sourceUrl":"https://www.daiso.co.kr/cs/shop"}},{"type":"Feature","geometry":{"type":"Point","coordinates":[128.668194840536,35.2516564486398]},"properties":{"name":"창원봉림점","address":"경상남도 창원시 의창구 대봉로26번길 9 (봉림동)1층","phone":"055-288-1588","hours":"09:00–22:00","openingDate":"20230505","region":"경남","options":["포인트 적립가능","포인트 사용가능","고유가지원금"],"source":"㈜아성다이소 공식 매장검색","sourceUrl":"https://www.daiso.co.kr/cs/shop"}},{"type":"Feature","geometry":{"type":"Point","coordinates":[128.685332599427,35.223740492309]},"properties":{"name":"창원상남2호점","address":"경상남도 창원시 성산구 마디미로4번길 1 (상남동)1~3층","phone":"1522-4400","hours":"10:00–22:00","openingDate":"20160715","region":"경남","options":["포토 스티커","네임 스티커","심카드","포인트 적립가능","포인트 사용가능"],"source":"㈜아성다이소 공식 매장검색","sourceUrl":"https://www.daiso.co.kr/cs/shop"}},{"type":"Feature","geometry":{"type":"Point","coordinates":[128.681237121441,35.2212583595844]},"properties":{"name":"창원상남본점","address":"경남 창원시 성산구 상남로 881~5층","phone":"1522-4400","hours":"10:00–22:00","openingDate":"20190310","region":"경남","options":["주차","출입구 경사로","엘리베이터","포토 스티커","네임 스티커","심카드","포인트 적립가능","포인트 사용가능"],"source":"㈜아성다이소 공식 매장검색","sourceUrl":"https://www.daiso.co.kr/cs/shop"}},{"type":"Feature","geometry":{"type":"Point","coordinates":[128.627532336904,35.2592723670411]},"properties":{"name":"창원중동점","address":"경남 창원시 의창구 중동중앙로 83 (중동)1~2층","phone":"1522-4400","hours":"10:00–22:00","openingDate":"20210930","region":"경남","options":["주차","네임 스티커","포인트 적립가능","포인트 사용가능","매장픽업"],"source":"㈜아성다이소 공식 매장검색","sourceUrl":"https://www.daiso.co.kr/cs/shop"}},{"type":"Feature","geometry":{"type":"Point","coordinates":[128.610310882808,35.2585279761481]},"properties":{"name":"탑마트뉴창원점","address":"경상남도 창원시 의창구 사화로17번길 11 (팔용동)1층","phone":"","hours":"10:00–22:00","openingDate":"20120215","region":"경남","options":["주차"],"source":"㈜아성다이소 공식 매장검색","sourceUrl":"https://www.daiso.co.kr/cs/shop"}},{"type":"Feature","geometry":{"type":"Point","coordinates":[128.521840491398,35.2587524565781]},"properties":{"name":"탑마트마산호계점","address":"경상남도 창원시 마산회원구 내서읍 호계안길 971층","phone":"","hours":"10:00–23:00","openingDate":"20201120","region":"경남","options":["주차"],"source":"㈜아성다이소 공식 매장검색","sourceUrl":"https://www.daiso.co.kr/cs/shop"}},{"type":"Feature","geometry":{"type":"Point","coordinates":[128.753726345304,35.484139815931]},"properties":{"name":"탑마트밀양삼문점","address":"경상남도 밀양시 삼문중앙로 13 (삼문동)1층","phone":"","hours":"09:00–22:00","openingDate":"20041015","region":"경남","options":[],"source":"㈜아성다이소 공식 매장검색","sourceUrl":"https://www.daiso.co.kr/cs/shop"}},{"type":"Feature","geometry":{"type":"Point","coordinates":[128.078544654679,34.9323441928594]},"properties":{"name":"탑마트삼천포점","address":"경상남도 사천시 동금2길 15 (동금동, 경남아파트)1층","phone":"","hours":"09:30–22:00","openingDate":"20001027","region":"경남","options":[],"source":"㈜아성다이소 공식 매장검색","sourceUrl":"https://www.daiso.co.kr/cs/shop"}},{"type":"Feature","geometry":{"type":"Point","coordinates":[128.730416910334,34.8708976244272]},"properties":{"name":"탑마트장승포점","address":"경상남도 거제시 신부로 42-15 (장승포동)1층","phone":"","hours":"10:00–23:00","openingDate":"20210226","region":"경남","options":["주차"],"source":"㈜아성다이소 공식 매장검색","sourceUrl":"https://www.daiso.co.kr/cs/shop"}},{"type":"Feature","geometry":{"type":"Point","coordinates":[128.121257649643,35.192949457257]},"properties":{"name":"탑마트진주점","address":"경상남도 진주시 도동로 251 (하대동)2층","phone":"1522-4400","hours":"10:00–23:00","openingDate":"20000626","region":"경남","options":["포인트 적립가능","포인트 사용가능"],"source":"㈜아성다이소 공식 매장검색","sourceUrl":"https://www.daiso.co.kr/cs/shop"}},{"type":"Feature","geometry":{"type":"Point","coordinates":[128.68217784548,35.1535724697224]},"properties":{"name":"탑마트진해경화점","address":"경상남도 창원시 진해구 충장로 281-9 (경화동)1층","phone":"","hours":"10:00–22:00","openingDate":"20230822","region":"경남","options":["주차"],"source":"㈜아성다이소 공식 매장검색","sourceUrl":"https://www.daiso.co.kr/cs/shop"}},{"type":"Feature","geometry":{"type":"Point","coordinates":[128.440470820096,34.8568789907069]},"properties":{"name":"통영무전점","address":"경상남도 통영시 남해안대로 581 (무전동)1~2층","phone":"1522-4400","hours":"10:00–21:30","openingDate":"20190214","region":"경남","options":["주차","출입구 경사로","네임 스티커","심카드","포인트 적립가능","포인트 사용가능","매장픽업"],"source":"㈜아성다이소 공식 매장검색","sourceUrl":"https://www.daiso.co.kr/cs/shop"}},{"type":"Feature","geometry":{"type":"Point","coordinates":[128.428162068745,34.8547537944604]},"properties":{"name":"통영북신점","address":"경상남도 통영시 중앙로 273 (북신동)1~3층","phone":"1522-4400","hours":"10:00–22:00","openingDate":"20241023","region":"경남","options":["주차","엘리베이터","포토 스티커","네임 스티커","포인트 적립가능","포인트 사용가능"],"source":"㈜아성다이소 공식 매장검색","sourceUrl":"https://www.daiso.co.kr/cs/shop"}},{"type":"Feature","geometry":{"type":"Point","coordinates":[128.417913844917,34.8838718241583]},"properties":{"name":"통영죽림점","address":"경남 통영시 광도면 죽림4로 38 (죽림리)1~5층","phone":"055-641-1412","hours":"09:00–22:00","openingDate":"20120915","region":"경남","options":["주차","포인트 적립가능","포인트 사용가능","고유가지원금"],"source":"㈜아성다이소 공식 매장검색","sourceUrl":"https://www.daiso.co.kr/cs/shop"}},{"type":"Feature","geometry":{"type":"Point","coordinates":[128.421420411408,34.8420365461757]},"properties":{"name":"통영항남점","address":"경상남도 통영시 항남3길 4 (항남동)B1~3층","phone":"1522-4400","hours":"10:00–22:00","openingDate":"20120731","region":"경남","options":["심카드","포인트 적립가능","포인트 사용가능","매장픽업"],"source":"㈜아성다이소 공식 매장검색","sourceUrl":"https://www.daiso.co.kr/cs/shop"}},{"type":"Feature","geometry":{"type":"Point","coordinates":[129.009381113145,35.3098759435218]},"properties":{"name":"하나로마트양산점","address":"경상남도 양산시 물금읍 증산역로 177B1층","phone":"1522-4400","hours":"10:00–22:00","openingDate":"20250926","region":"경남","options":["주차","포인트 적립가능","포인트 사용가능"],"source":"㈜아성다이소 공식 매장검색","sourceUrl":"https://www.daiso.co.kr/cs/shop"}},{"type":"Feature","geometry":{"type":"Point","coordinates":[128.89684583003,35.232410605655]},"properties":{"name":"한양쇼핑김해삼정점","address":"경상남도 김해시 활천로36번길 36 (삼정동)1층","phone":"1522-4400","hours":"09:00–22:00","openingDate":"20200630","region":"경남","options":["주차","포인트 적립가능","포인트 사용가능"],"source":"㈜아성다이소 공식 매장검색","sourceUrl":"https://www.daiso.co.kr/cs/shop"}},{"type":"Feature","geometry":{"type":"Point","coordinates":[128.409734422826,35.2783564809106]},"properties":{"name":"함안점","address":"경상남도 함안군 가야읍 남경길 301층","phone":"0507-1405-1535","hours":"10:00–22:00","openingDate":"20151102","region":"경남","options":["포인트 적립가능","포인트 사용가능","고유가지원금"],"source":"㈜아성다이소 공식 매장검색","sourceUrl":"https://www.daiso.co.kr/cs/shop"}},{"type":"Feature","geometry":{"type":"Point","coordinates":[128.516703540116,35.3088298432344]},"properties":{"name":"함안칠원점","address":"경상남도 함안군 칠원읍 용산2길 401~2층","phone":"055-587-2883","hours":"10:00–22:00","openingDate":"20200515","region":"경남","options":["포인트 적립가능","포인트 사용가능","고유가지원금"],"source":"㈜아성다이소 공식 매장검색","sourceUrl":"https://www.daiso.co.kr/cs/shop"}},{"type":"Feature","geometry":{"type":"Point","coordinates":[127.727906682483,35.5187521366133]},"properties":{"name":"함양용평점","address":"경상남도 함양군 함양읍 용평중앙길 9-11~2층","phone":"055-964-8777","hours":"09:00–21:00","openingDate":"20140407","region":"경남","options":["포인트 적립가능","포인트 사용가능","고유가지원금"],"source":"㈜아성다이소 공식 매장검색","sourceUrl":"https://www.daiso.co.kr/cs/shop"}},{"type":"Feature","geometry":{"type":"Point","coordinates":[128.870262278148,35.2419040446888]},"properties":{"name":"홈플러스김해점","address":"경남 김해시 김해대로 20781층","phone":"","hours":"10:00–22:00","openingDate":"20250117","region":"경남","options":["주차","포인트 적립가능","포인트 사용가능"],"source":"㈜아성다이소 공식 매장검색","sourceUrl":"https://www.daiso.co.kr/cs/shop"}},{"type":"Feature","geometry":{"type":"Point","coordinates":[129.387204060837,36.0904832441762]},"properties":{"name":"e에브리데이포항양덕점","address":"경상북도 포항시 북구 장량중앙로 49(양덕동)1층","phone":"","hours":"10:00–23:00","openingDate":"20220729","region":"경북","options":["주차"],"source":"㈜아성다이소 공식 매장검색","sourceUrl":"https://www.daiso.co.kr/cs/shop"}},{"type":"Feature","geometry":{"type":"Point","coordinates":[128.269532782848,35.731482179682]},"properties":{"name":"경북고령점","address":"경상북도 고령군 대가야읍 우륵로 181~2층","phone":"054-954-8837","hours":"10:00–22:00","openingDate":"20170812","region":"경북","options":["포인트 적립가능","포인트 사용가능","고유가지원금"],"source":"㈜아성다이소 공식 매장검색","sourceUrl":"https://www.daiso.co.kr/cs/shop"}},{"type":"Feature","geometry":{"type":"Point","coordinates":[128.484858496067,36.5747843719897]},"properties":{"name":"경북도청신도시점","address":"경상북도 예천군 호명면 수변로 1091~3층","phone":"1522-4400","hours":"10:00–22:00","openingDate":"20180521","region":"경북","options":["엘리베이터","네임 스티커","심카드","포인트 적립가능","포인트 사용가능","매장픽업"],"source":"㈜아성다이소 공식 매장검색","sourceUrl":"https://www.daiso.co.kr/cs/shop"}},{"type":"Feature","geometry":{"type":"Point","coordinates":[128.72957288073,36.8911402368139]},"properties":{"name":"경북봉화점","address":"경상북도 봉화군 봉화읍 봉화로 10941층","phone":"","hours":"10:00–22:00","openingDate":"20250802","region":"경북","options":["포인트 적립가능","포인트 사용가능"],"source":"㈜아성다이소 공식 매장검색","sourceUrl":"https://www.daiso.co.kr/cs/shop"}},{"type":"Feature","geometry":{"type":"Point","coordinates":[128.291175623003,35.9176448191575]},"properties":{"name":"경북성주점","address":"경상북도 성주군 성주읍 성주로 32681층","phone":"054-933-7957","hours":"09:30–22:00","openingDate":"20160401","region":"경북","options":["주차","포인트 적립가능","포인트 사용가능","고유가지원금"],"source":"㈜아성다이소 공식 매장검색","sourceUrl":"https://www.daiso.co.kr/cs/shop"}},{"type":"Feature","geometry":{"type":"Point","coordinates":[129.369610128583,36.4116990685483]},"properties":{"name":"경북영덕점","address":"경상북도 영덕군 영덕읍 덕곡길 89-11층","phone":"054-733-2600","hours":"09:00–21:00","openingDate":"20150521","region":"경북","options":["주차","포인트 적립가능","포인트 사용가능","고유가지원금"],"source":"㈜아성다이소 공식 매장검색","sourceUrl":"https://www.daiso.co.kr/cs/shop"}},{"type":"Feature","geometry":{"type":"Point","coordinates":[129.122055050597,36.6621550902579]},"properties":{"name":"경북영양점","address":"경상북도 영양군 영양읍 동서대로 1161층","phone":"054-683-3438","hours":"10:00–22:00","openingDate":"20241115","region":"경북","options":["포인트 적립가능","포인트 사용가능","고유가지원금"],"source":"㈜아성다이소 공식 매장검색","sourceUrl":"https://www.daiso.co.kr/cs/shop"}},{"type":"Feature","geometry":{"type":"Point","coordinates":[129.402506462348,36.9946161747346]},"properties":{"name":"경북울진점","address":"경상북도 울진군 울진읍 읍내8길 20(프렌드)1~2층","phone":"054-781-6016","hours":"10:00–22:00","openingDate":"20180227","region":"경북","options":["주차","포인트 적립가능","포인트 사용가능","고유가지원금"],"source":"㈜아성다이소 공식 매장검색","sourceUrl":"https://www.daiso.co.kr/cs/shop"}},{"type":"Feature","geometry":{"type":"Point","coordinates":[128.695673639423,36.3533808237026]},"properties":{"name":"경북의성점","address":"경상북도 의성군 의성읍 문소3길 411층","phone":"054-833-1156","hours":"10:00–22:00","openingDate":"20190210","region":"경북","options":["주차","포인트 적립가능","포인트 사용가능","고유가지원금"],"source":"㈜아성다이소 공식 매장검색","sourceUrl":"https://www.daiso.co.kr/cs/shop"}},{"type":"Feature","geometry":{"type":"Point","coordinates":[128.742012480829,35.6448999810803]},"properties":{"name":"경북청도점","address":"경상북도 청도군 청도읍 청화로 1451~2층","phone":"054-371-6018","hours":"10:00–22:00","openingDate":"20170729","region":"경북","options":["주차","포인트 적립가능","포인트 사용가능","고유가지원금"],"source":"㈜아성다이소 공식 매장검색","sourceUrl":"https://www.daiso.co.kr/cs/shop"}},{"type":"Feature","geometry":{"type":"Point","coordinates":[129.053130089611,36.429561337237]},"properties":{"name":"경북청송점","address":"경상북도 청송군 청송읍 의료원길 11층","phone":"054-874-6017","hours":"10:00–22:00","openingDate":"20240624","region":"경북","options":["포인트 적립가능","포인트 사용가능","고유가지원금"],"source":"㈜아성다이소 공식 매장검색","sourceUrl":"https://www.daiso.co.kr/cs/shop"}},{"type":"Feature","geometry":{"type":"Point","coordinates":[128.535700754236,36.865932521364]},"properties":{"name":"경북풍기점","address":"경북 영주시 풍기읍 소백로 18921~2층","phone":"054-927-1892","hours":"10:00–22:00","openingDate":"20231211","region":"경북","options":["주차","포인트 적립가능","포인트 사용가능"],"source":"㈜아성다이소 공식 매장검색","sourceUrl":"https://www.daiso.co.kr/cs/shop"}},{"type":"Feature","geometry":{"type":"Point","coordinates":[128.740770008111,35.8111901316212]},"properties":{"name":"경산남부점","address":"경상북도 경산시 경안로8길 5 (상방동)1층","phone":"1522-4400","hours":"10:00–22:00","openingDate":"20250725","region":"경북","options":["주차","포토 스티커","네임 스티커","포인트 적립가능","포인트 사용가능","매장픽업"],"source":"㈜아성다이소 공식 매장검색","sourceUrl":"https://www.daiso.co.kr/cs/shop"}},{"type":"Feature","geometry":{"type":"Point","coordinates":[128.842813264293,35.904538973767]},"properties":{"name":"경산대구대점","address":"경상북도 경산시 진량읍 대구대로 2011~2층","phone":"","hours":"09:00–22:00","openingDate":"20240229","region":"경북","options":["주차","포인트 적립가능","포인트 사용가능","고유가지원금"],"source":"㈜아성다이소 공식 매장검색","sourceUrl":"https://www.daiso.co.kr/cs/shop"}},{"type":"Feature","geometry":{"type":"Point","coordinates":[128.754248297557,35.8109048445612]},"properties":{"name":"경산사동점","address":"경상북도 경산시 백자로 56(사동)1~2층","phone":"053-818-6016","hours":"10:00–22:00","openingDate":"20160115","region":"경북","options":["주차","포인트 적립가능","포인트 사용가능","고유가지원금"],"source":"㈜아성다이소 공식 매장검색","sourceUrl":"https://www.daiso.co.kr/cs/shop"}},{"type":"Feature","geometry":{"type":"Point","coordinates":[128.760185997858,35.84139409503]},"properties":{"name":"경산신대부적점","address":"경북 경산시 압량읍 대학로 3671~3층","phone":"053-816-6016","hours":"09:00–22:00","openingDate":"20170308","region":"경북","options":["주차","포인트 적립가능","포인트 사용가능","고유가지원금"],"source":"㈜아성다이소 공식 매장검색","sourceUrl":"https://www.daiso.co.kr/cs/shop"}},{"type":"Feature","geometry":{"type":"Point","coordinates":[128.751804380588,35.8362056482376]},"properties":{"name":"경산영남대점","address":"경상북도 경산시 대학로 269 (대동)1~4층","phone":"1522-4400","hours":"10:00–22:00","openingDate":"20171021","region":"경북","options":["엘리베이터","포토 스티커","심카드","택스리펀드","포인트 적립가능","포인트 사용가능","매장픽업"],"source":"㈜아성다이소 공식 매장검색","sourceUrl":"https://www.daiso.co.kr/cs/shop"}},{"type":"Feature","geometry":{"type":"Point","coordinates":[128.725086760145,35.8264213717398]},"properties":{"name":"경산옥산점","address":"경상북도 경산시 경산로 207 (옥산동)1~2층","phone":"1522-4400","hours":"10:00–22:00","openingDate":"20171129","region":"경북","options":["주차","출입구 경사로","네임 스티커","심카드","포인트 적립가능","포인트 사용가능","매장픽업"],"source":"㈜아성다이소 공식 매장검색","sourceUrl":"https://www.daiso.co.kr/cs/shop"}},{"type":"Feature","geometry":{"type":"Point","coordinates":[128.711631973904,35.8260403033088]},"properties":{"name":"경산월드컵대로점","address":"경상북도 경산시 삼성현로 34-2 (옥산동)1~2층","phone":"1522-4400","hours":"10:00–22:00","openingDate":"20231222","region":"경북","options":["주차","엘리베이터","현금없는매장","포토 스티커","포인트 적립가능","포인트 사용가능","매장픽업"],"source":"㈜아성다이소 공식 매장검색","sourceUrl":"https://www.daiso.co.kr/cs/shop"}},{"type":"Feature","geometry":{"type":"Point","coordinates":[128.734626459126,35.8231678406687]},"properties":{"name":"경산중앙점","address":"경상북도 경산시 중앙로15길 1 (중방동)1층","phone":"1522-4400","hours":"10:00–22:00","openingDate":"20170818","region":"경북","options":["주차","출입구 경사로","네임 스티커","심카드","포인트 적립가능","포인트 사용가능","매장픽업"],"source":"㈜아성다이소 공식 매장검색","sourceUrl":"https://www.daiso.co.kr/cs/shop"}},{"type":"Feature","geometry":{"type":"Point","coordinates":[128.817993800203,35.8745677502342]},"properties":{"name":"경산진량점","address":"경상북도 경산시 진량읍 다문로 621층","phone":"053-853-6016","hours":"09:30–22:00","openingDate":"20150530","region":"경북","options":["주차","포인트 적립가능","포인트 사용가능","고유가지원금"],"source":"㈜아성다이소 공식 매장검색","sourceUrl":"https://www.daiso.co.kr/cs/shop"}},{"type":"Feature","geometry":{"type":"Point","coordinates":[128.814017832184,35.907704746486]},"properties":{"name":"경산하양본점","address":"경상북도 경산시 하양읍 대경로 6661~3층","phone":"1522-4400","hours":"10:00–22:00","openingDate":"20240208","region":"경북","options":["엘리베이터","포토 스티커","택스리펀드","포인트 적립가능","포인트 사용가능","매장픽업"],"source":"㈜아성다이소 공식 매장검색","sourceUrl":"https://www.daiso.co.kr/cs/shop"}},{"type":"Feature","geometry":{"type":"Point","coordinates":[128.816072960784,35.9115293209988]},"properties":{"name":"경산하양점","address":"경상북도 경산시 하양읍 하양로 691~2층","phone":"1522-4400","hours":"10:00–22:00","openingDate":"20080415","region":"경북","options":["주차","출입구 경사로","포토 스티커","네임 스티커","심카드","택스리펀드","포인트 적립가능","포인트 사용가능","매장픽업"],"source":"㈜아성다이소 공식 매장검색","sourceUrl":"https://www.daiso.co.kr/cs/shop"}},{"type":"Feature","geometry":{"type":"Point","coordinates":[129.10928281632,35.846628107039]},"properties":{"name":"경주건천점","address":"경상북도 경주시 건천읍 내서로 10841층","phone":"054-701-2750","hours":"10:00–22:00","openingDate":"20200620","region":"경북","options":["주차","포인트 적립가능","포인트 사용가능","고유가지원금"],"source":"㈜아성다이소 공식 매장검색","sourceUrl":"https://www.daiso.co.kr/cs/shop"}},{"type":"Feature","geometry":{"type":"Point","coordinates":[129.189184583731,35.8598120254127]},"properties":{"name":"경주동국대점","address":"경상북도 경주시 석현로 63-6(석장동)1~2층","phone":"054-741-0005","hours":"10:00–22:00","openingDate":"20211101","region":"경북","options":["주차","포인트 적립가능","포인트 사용가능","고유가지원금"],"source":"㈜아성다이소 공식 매장검색","sourceUrl":"https://www.daiso.co.kr/cs/shop"}},{"type":"Feature","geometry":{"type":"Point","coordinates":[129.336029597902,35.6709489148009]},"properties":{"name":"경주모화점","address":"경상북도 경주시 외동읍 산업로 17501층","phone":"054-771-1101","hours":"10:00–22:00","openingDate":"20230517","region":"경북","options":["주차","포인트 적립가능","포인트 사용가능","고유가지원금"],"source":"㈜아성다이소 공식 매장검색","sourceUrl":"https://www.daiso.co.kr/cs/shop"}},{"type":"Feature","geometry":{"type":"Point","coordinates":[129.213326170078,35.8435434980235]},"properties":{"name":"경주본점","address":"경상북도 경주시 계림로 101 (노동동)1~3층","phone":"1522-4400","hours":"10:00–22:00","openingDate":"20170504","region":"경북","options":["출입구 경사로","포토 스티커","네임 스티커","심카드","택스리펀드","포인트 적립가능","포인트 사용가능","매장픽업"],"source":"㈜아성다이소 공식 매장검색","sourceUrl":"https://www.daiso.co.kr/cs/shop"}},{"type":"Feature","geometry":{"type":"Point","coordinates":[129.305863870057,35.7734053892784]},"properties":{"name":"경주불국사점","address":"경상북도 경주시 구매두림길 24 (시래동)1~2층","phone":"054-777-6016","hours":"10:00–22:00","openingDate":"20160715","region":"경북","options":["주차","포인트 적립가능","포인트 사용가능","고유가지원금"],"source":"㈜아성다이소 공식 매장검색","sourceUrl":"https://www.daiso.co.kr/cs/shop"}},{"type":"Feature","geometry":{"type":"Point","coordinates":[129.201927035688,35.8414038018027]},"properties":{"name":"경주시외버스터미널점","address":"경상북도 경주시 강변로 200 (노서동)1~3층","phone":"1522-4400","hours":"10:00–22:00","openingDate":"20251230","region":"경북","options":["주차","출입구 경사로","엘리베이터","포토 스티커","네임 스티커","택스리펀드","포인트 적립가능","포인트 사용가능","매장픽업"],"source":"㈜아성다이소 공식 매장검색","sourceUrl":"https://www.daiso.co.kr/cs/shop"}},{"type":"Feature","geometry":{"type":"Point","coordinates":[129.217729313013,35.9930129093023]},"properties":{"name":"경주안강산대점","address":"경상북도 경주시 안강읍 안강중앙로 1621층","phone":"054-763-5222","hours":"09:30–22:00","openingDate":"20140824","region":"경북","options":["주차","포인트 적립가능","포인트 사용가능","고유가지원금"],"source":"㈜아성다이소 공식 매장검색","sourceUrl":"https://www.daiso.co.kr/cs/shop"}},{"type":"Feature","geometry":{"type":"Point","coordinates":[129.325773670798,35.7084909459005]},"properties":{"name":"경주외동점","address":"경상북도 경주시 외동읍 입실로 41~2층","phone":"054-775-6016","hours":"10:00–22:00","openingDate":"20190410","region":"경북","options":["주차","포인트 적립가능","포인트 사용가능","고유가지원금"],"source":"㈜아성다이소 공식 매장검색","sourceUrl":"https://www.daiso.co.kr/cs/shop"}},{"type":"Feature","geometry":{"type":"Point","coordinates":[129.229798623763,35.882079450232]},"properties":{"name":"경주용황지구점","address":"경상북도 경주시 용황로 112 (용강동)1~4층","phone":"1522-4400","hours":"10:00–22:00","openingDate":"20190726","region":"경북","options":["엘리베이터","네임 스티커","심카드","포인트 적립가능","포인트 사용가능","매장픽업"],"source":"㈜아성다이소 공식 매장검색","sourceUrl":"https://www.daiso.co.kr/cs/shop"}},{"type":"Feature","geometry":{"type":"Point","coordinates":[129.206144643146,35.844868602661]},"properties":{"name":"경주중앙시장점","address":"경상북도 경주시 화랑로 49 (성건동)1~2층","phone":"054-777-5507","hours":"10:00–22:00","openingDate":"20091017","region":"경북","options":["주차","포인트 적립가능","포인트 사용가능","고유가지원금"],"source":"㈜아성다이소 공식 매장검색","sourceUrl":"https://www.daiso.co.kr/cs/shop"}},{"type":"Feature","geometry":{"type":"Point","coordinates":[129.183245559006,35.842938162534]},"properties":{"name":"경주충효점","address":"경상북도 경주시 충효녹지길 72(충효동)1층","phone":"070-4287-7118","hours":"10:00–22:00","openingDate":"20150610","region":"경북","options":["주차","포인트 적립가능","포인트 사용가능","고유가지원금"],"source":"㈜아성다이소 공식 매장검색","sourceUrl":"https://www.daiso.co.kr/cs/shop"}},{"type":"Feature","geometry":{"type":"Point","coordinates":[129.22003659265,35.8606564978864]},"properties":{"name":"경주황성공원점","address":"경상북도 경주시 원화로 447 (황성동)2층","phone":"1522-4400","hours":"10:00–22:00","openingDate":"20231214","region":"경북","options":["주차","엘리베이터","포토 스티커","포인트 적립가능","포인트 사용가능","매장픽업"],"source":"㈜아성다이소 공식 매장검색","sourceUrl":"https://www.daiso.co.kr/cs/shop"}},{"type":"Feature","geometry":{"type":"Point","coordinates":[129.212104558954,35.864038154593]},"properties":{"name":"경주황성점","address":"경상북도 경주시 용담로 88(황성동)1~3층","phone":"054-771-9944","hours":"10:00–22:00","openingDate":"20170617","region":"경북","options":["주차","포인트 적립가능","포인트 사용가능","고유가지원금"],"source":"㈜아성다이소 공식 매장검색","sourceUrl":"https://www.daiso.co.kr/cs/shop"}},{"type":"Feature","geometry":{"type":"Point","coordinates":[128.43414280679,36.093632851649]},"properties":{"name":"구미구평점","address":"경상북도 구미시 인동남길 182 (구평동)1~6층","phone":"1522-4400","hours":"10:00–22:00","openingDate":"20170304","region":"경북","options":["엘리베이터","포토 스티커","네임 스티커","심카드","포인트 적립가능","포인트 사용가능","매장픽업"],"source":"㈜아성다이소 공식 매장검색","sourceUrl":"https://www.daiso.co.kr/cs/shop"}},{"type":"Feature","geometry":{"type":"Point","coordinates":[128.348024284267,36.1614095875124]},"properties":{"name":"구미문성지구점","address":"경상북도 구미시 고아읍 들성로 2531~2층","phone":"054-452-4455","hours":"10:00–22:00","openingDate":"20171110","region":"경북","options":["포인트 적립가능","포인트 사용가능","고유가지원금"],"source":"㈜아성다이소 공식 매장검색","sourceUrl":"https://www.daiso.co.kr/cs/shop"}},{"type":"Feature","geometry":{"type":"Point","coordinates":[128.31443670979,36.1389093726967]},"properties":{"name":"구미봉곡본점","address":"경상북도 구미시 야은로 288 (봉곡동)1~4층","phone":"1522-4400","hours":"10:00–22:00","openingDate":"20180906","region":"경북","options":["주차","출입구 경사로","엘리베이터","포토 스티커","네임 스티커","심카드","포인트 적립가능","포인트 사용가능","매장픽업"],"source":"㈜아성다이소 공식 매장검색","sourceUrl":"https://www.daiso.co.kr/cs/shop"}},{"type":"Feature","geometry":{"type":"Point","coordinates":[128.310449509635,36.1531559292838]},"properties":{"name":"구미봉곡점","address":"경상북도 구미시 봉곡로 161(봉곡동)1층","phone":"054-455-0425","hours":"10:00–22:00","openingDate":"20140501","region":"경북","options":["주차","포인트 적립가능","포인트 사용가능","고유가지원금"],"source":"㈜아성다이소 공식 매장검색","sourceUrl":"https://www.daiso.co.kr/cs/shop"}},{"type":"Feature","geometry":{"type":"Point","coordinates":[128.37469190431,36.1223482686062]},"properties":{"name":"구미비산점","address":"경상북도 구미시 비산로3길 33-23(비산동)1층","phone":"054-464-9988","hours":"10:00–22:00","openingDate":"20170527","region":"경북","options":["주차","포인트 적립가능","포인트 사용가능","고유가지원금"],"source":"㈜아성다이소 공식 매장검색","sourceUrl":"https://www.daiso.co.kr/cs/shop"}},{"type":"Feature","geometry":{"type":"Point","coordinates":[128.355539258677,36.0909266361436]},"properties":{"name":"구미상모사곡점","address":"경상북도 구미시 상사서로 94 (상모동)1층","phone":"054-461-9929","hours":"10:00–22:00","openingDate":"20161216","region":"경북","options":["포인트 적립가능","포인트 사용가능"],"source":"㈜아성다이소 공식 매장검색","sourceUrl":"https://www.daiso.co.kr/cs/shop"}},{"type":"Feature","geometry":{"type":"Point","coordinates":[128.304202034018,36.2425567614449]},"properties":{"name":"구미선산점","address":"경상북도 구미시 선산읍 남문로2길 461층","phone":"054-482-0001","hours":"09:00–22:00","openingDate":"20210327","region":"경북","options":["주차","포인트 적립가능","포인트 사용가능","고유가지원금"],"source":"㈜아성다이소 공식 매장검색","sourceUrl":"https://www.daiso.co.kr/cs/shop"}},{"type":"Feature","geometry":{"type":"Point","coordinates":[128.364075407438,36.1137993556462]},"properties":{"name":"구미신평점","address":"경상북도 구미시 구미대로 302 (신평동)1~2층","phone":"1522-4400","hours":"10:00–22:00","openingDate":"20200619","region":"경북","options":["엘리베이터","현금없는매장","네임 스티커","심카드","포인트 적립가능","포인트 사용가능","매장픽업"],"source":"㈜아성다이소 공식 매장검색","sourceUrl":"https://www.daiso.co.kr/cs/shop"}},{"type":"Feature","geometry":{"type":"Point","coordinates":[128.349010939049,36.0717381768598]},"properties":{"name":"구미오태북삼점","address":"경상북도 구미시 금오대로 300 (오태동)1~2층","phone":"054-463-6016","hours":"10:00–22:00","openingDate":"20170801","region":"경북","options":["포인트 적립가능","포인트 사용가능","고유가지원금"],"source":"㈜아성다이소 공식 매장검색","sourceUrl":"https://www.daiso.co.kr/cs/shop"}},{"type":"Feature","geometry":{"type":"Point","coordinates":[128.417959306126,36.1373577845101]},"properties":{"name":"구미옥계점","address":"경상북도 구미시 산호대로29길 7-17 (옥계동)1~4층","phone":"1522-4400","hours":"10:00–22:00","openingDate":"20200926","region":"경북","options":["주차","엘리베이터","네임 스티커","심카드","포인트 적립가능","포인트 사용가능","매장픽업"],"source":"㈜아성다이소 공식 매장검색","sourceUrl":"https://www.daiso.co.kr/cs/shop"}},{"type":"Feature","geometry":{"type":"Point","coordinates":[128.356606870328,36.1252120180757]},"properties":{"name":"구미원평칠성로점","address":"경북 구미시 칠성로 991층","phone":"1522-4400","hours":"10:00–22:00","openingDate":"20241206","region":"경북","options":["주차","현금없는매장","포토 스티커","네임 스티커","포인트 적립가능","포인트 사용가능","매장픽업"],"source":"㈜아성다이소 공식 매장검색","sourceUrl":"https://www.daiso.co.kr/cs/shop"}},{"type":"Feature","geometry":{"type":"Point","coordinates":[128.331204700499,36.1491603116103]},"properties":{"name":"구미원호점","address":"경상북도 구미시 고아읍 문장로 1781층","phone":"054-452-1909","hours":"10:00–22:00","openingDate":"20150116","region":"경북","options":["주차","포인트 적립가능","포인트 사용가능","고유가지원금"],"source":"㈜아성다이소 공식 매장검색","sourceUrl":"https://www.daiso.co.kr/cs/shop"}},{"type":"Feature","geometry":{"type":"Point","coordinates":[128.425151854693,36.1081924125334]},"properties":{"name":"구미인동점","address":"경북 구미시 인동중앙로10길 24 (인의동)1~2층","phone":"054-472-4973","hours":"10:00–22:00","openingDate":"20140404","region":"경북","options":["포인트 적립가능","포인트 사용가능","고유가지원금"],"source":"㈜아성다이소 공식 매장검색","sourceUrl":"https://www.daiso.co.kr/cs/shop"}},{"type":"Feature","geometry":{"type":"Point","coordinates":[128.423920954337,36.1018549697181]},"properties":{"name":"구미인의점","address":"경상북도 구미시 인동9길 3 (인의동)1~3층","phone":"1522-4400","hours":"10:00–22:00","openingDate":"20190426","region":"경북","options":["엘리베이터","네임 스티커","심카드","포인트 적립가능","포인트 사용가능","매장픽업"],"source":"㈜아성다이소 공식 매장검색","sourceUrl":"https://www.daiso.co.kr/cs/shop"}},{"type":"Feature","geometry":{"type":"Point","coordinates":[128.331027507234,36.1309328004794]},"properties":{"name":"구미중앙시장점","address":"경상북도 구미시 구미중앙로11길 17 (원평동)1~2층","phone":"1522-4400","hours":"10:00–22:00","openingDate":"20081211","region":"경북","options":["심카드","포인트 적립가능","포인트 사용가능","매장픽업"],"source":"㈜아성다이소 공식 매장검색","sourceUrl":"https://www.daiso.co.kr/cs/shop"}},{"type":"Feature","geometry":{"type":"Point","coordinates":[128.339360981484,36.1167886074962]},"properties":{"name":"구미형곡네거리점","address":"경상북도 구미시 송정대로 5 (송정동)1~2층","phone":"1522-4400","hours":"10:00–22:00","openingDate":"20180425","region":"경북","options":["출입구 경사로","네임 스티커","심카드","포인트 적립가능","포인트 사용가능","매장픽업"],"source":"㈜아성다이소 공식 매장검색","sourceUrl":"https://www.daiso.co.kr/cs/shop"}},{"type":"Feature","geometry":{"type":"Point","coordinates":[128.428662260954,36.1543031238345]},"properties":{"name":"구미확장지구점","address":"경북 구미시 산동면 신당1로 581~3층","phone":"1522-4400","hours":"10:00–22:00","openingDate":"20190228","region":"경북","options":["주차","엘리베이터","현금없는매장","네임 스티커","심카드","포인트 적립가능","포인트 사용가능","매장픽업"],"source":"㈜아성다이소 공식 매장검색","sourceUrl":"https://www.daiso.co.kr/cs/shop"}},{"type":"Feature","geometry":{"type":"Point","coordinates":[128.101827962715,36.1240777927602]},"properties":{"name":"김천부곡점","address":"경상북도 김천시 송설로 155 (부곡동)1~4층","phone":"1522-4400","hours":"10:00–22:00","openingDate":"20181031","region":"경북","options":["주차","출입구 경사로","엘리베이터","심카드","포인트 적립가능","포인트 사용가능","매장픽업"],"source":"㈜아성다이소 공식 매장검색","sourceUrl":"https://www.daiso.co.kr/cs/shop"}},{"type":"Feature","geometry":{"type":"Point","coordinates":[128.116640082062,36.1375229278493]},"properties":{"name":"김천시청점","address":"경상북도 김천시 시청로 103 (신음동)1~2층","phone":"1522-4400","hours":"10:00–22:00","openingDate":"20121028","region":"경북","options":["주차","출입구 경사로","네임 스티커","심카드","포인트 적립가능","포인트 사용가능","매장픽업"],"source":"㈜아성다이소 공식 매장검색","sourceUrl":"https://www.daiso.co.kr/cs/shop"}},{"type":"Feature","geometry":{"type":"Point","coordinates":[128.244004397308,36.1584335139023]},"properties":{"name":"김천아포점","address":"경북 김천시 아포읍 아포대로 10501층","phone":"054-435-7292","hours":"10:00–22:00","openingDate":"20230825","region":"경북","options":["주차","포인트 적립가능","포인트 사용가능","고유가지원금"],"source":"㈜아성다이소 공식 매장검색","sourceUrl":"https://www.daiso.co.kr/cs/shop"}},{"type":"Feature","geometry":{"type":"Point","coordinates":[128.145929170142,36.1183876100033]},"properties":{"name":"김천지좌덕곡점","address":"경상북도 김천시 영남대로 1984 (지좌동)1~2층","phone":"1522-4400","hours":"10:00–22:00","openingDate":"20251114","region":"경북","options":["주차","엘리베이터","포토 스티커","네임 스티커","포인트 적립가능","포인트 사용가능"],"source":"㈜아성다이소 공식 매장검색","sourceUrl":"https://www.daiso.co.kr/cs/shop"}},{"type":"Feature","geometry":{"type":"Point","coordinates":[128.183434629244,36.1170286938188]},"properties":{"name":"김천혁신도시점","address":"경상북도 김천시 혁신3로 17 (율곡동)1~2층","phone":"054-430-6709","hours":"10:00–22:00","openingDate":"20170330","region":"경북","options":["주차","포인트 적립가능","포인트 사용가능","고유가지원금"],"source":"㈜아성다이소 공식 매장검색","sourceUrl":"https://www.daiso.co.kr/cs/shop"}},{"type":"Feature","geometry":{"type":"Point","coordinates":[128.117793680577,36.1359705509825]},"properties":{"name":"롯데마트김천점","address":"경상북도 김천시 시청로 80 (신음동)1층","phone":"","hours":"10:00–23:00","openingDate":"20170413","region":"경북","options":["주차"],"source":"㈜아성다이소 공식 매장검색","sourceUrl":"https://www.daiso.co.kr/cs/shop"}},{"type":"Feature","geometry":{"type":"Point","coordinates":[129.227004421599,35.8539513339322]},"properties":{"name":"롯데슈퍼경주동천점","address":"경상북도 경주시 동천로 70 (동천동)1층","phone":"","hours":"10:00–22:00","openingDate":"20241221","region":"경북","options":["주차"],"source":"㈜아성다이소 공식 매장검색","sourceUrl":"https://www.daiso.co.kr/cs/shop"}},{"type":"Feature","geometry":{"type":"Point","coordinates":[128.191254091713,36.5862008816503]},"properties":{"name":"문경모전점","address":"경상북도 문경시 당교로 258 (모전동)1~3층","phone":"1522-4400","hours":"10:00–22:00","openingDate":"20190412","region":"경북","options":["엘리베이터","네임 스티커","심카드","포인트 적립가능","포인트 사용가능","매장픽업"],"source":"㈜아성다이소 공식 매장검색","sourceUrl":"https://www.daiso.co.kr/cs/shop"}},{"type":"Feature","geometry":{"type":"Point","coordinates":[128.151931718894,36.4261870204416]},"properties":{"name":"북상주점","address":"경상북도 상주시 북천로 1 (만산동)B1~2층","phone":"1522-4400","hours":"10:00–22:00","openingDate":"20240315","region":"경북","options":["주차","엘리베이터","포토 스티커","포인트 적립가능","포인트 사용가능","매장픽업"],"source":"㈜아성다이소 공식 매장검색","sourceUrl":"https://www.daiso.co.kr/cs/shop"}},{"type":"Feature","geometry":{"type":"Point","coordinates":[128.158864696132,36.4158327005603]},"properties":{"name":"상주서문사거리점","address":"경상북도 상주시 중앙로 185 (서문동)1~4층","phone":"1522-4400","hours":"10:00–22:00","openingDate":"20171130","region":"경북","options":["주차","엘리베이터","네임 스티커","심카드","포인트 적립가능","포인트 사용가능","매장픽업"],"source":"㈜아성다이소 공식 매장검색","sourceUrl":"https://www.daiso.co.kr/cs/shop"}},{"type":"Feature","geometry":{"type":"Point","coordinates":[128.720087326388,35.8349111322679]},"properties":{"name":"스타필드마켓경산점","address":"경상북도 경산시 옥산로 227 (중산동)3층","phone":"1522-4400","hours":"10:00–22:00","openingDate":"20251024","region":"경북","options":["주차","엘리베이터","포인트 적립가능","포인트 사용가능"],"source":"㈜아성다이소 공식 매장검색","sourceUrl":"https://www.daiso.co.kr/cs/shop"}},{"type":"Feature","geometry":{"type":"Point","coordinates":[129.141522874486,35.8008910620887]},"properties":{"name":"신경주역점","address":"경상북도 경주시 건천읍 경주역세권1로 181~2층","phone":"","hours":"10:00–22:00","openingDate":"20260827","region":"경북","options":["주차","포인트 적립가능","포인트 사용가능"],"source":"㈜아성다이소 공식 매장검색","sourceUrl":"https://www.daiso.co.kr/cs/shop"}},{"type":"Feature","geometry":{"type":"Point","coordinates":[128.702836584876,36.563858659698]},"properties":{"name":"안동옥동점","address":"경상북도 안동시 경북대로 376 (옥동)1~2층","phone":"1522-4400","hours":"10:00–22:00","openingDate":"20111202","region":"경북","options":["포토 스티커","네임 스티커","심카드","포인트 적립가능","포인트 사용가능","매장픽업"],"source":"㈜아성다이소 공식 매장검색","sourceUrl":"https://www.daiso.co.kr/cs/shop"}},{"type":"Feature","geometry":{"type":"Point","coordinates":[128.746806205685,36.5612409299358]},"properties":{"name":"안동용상대로점","address":"경상북도 안동시 경동로 824 (용상동)1~2층","phone":"1522-4400","hours":"10:00–22:00","openingDate":"20251205","region":"경북","options":["주차","엘리베이터","포토 스티커","네임 스티커","포인트 적립가능","포인트 사용가능","매장픽업"],"source":"㈜아성다이소 공식 매장검색","sourceUrl":"https://www.daiso.co.kr/cs/shop"}},{"type":"Feature","geometry":{"type":"Point","coordinates":[128.716331046654,36.5638221570584]},"properties":{"name":"안동태화점","address":"경상북도 안동시 경동로 535 (태화동)1~2층","phone":"1522-4400","hours":"10:00–22:00","openingDate":"20190919","region":"경북","options":["엘리베이터","네임 스티커","심카드","포인트 적립가능","포인트 사용가능","매장픽업"],"source":"㈜아성다이소 공식 매장검색","sourceUrl":"https://www.daiso.co.kr/cs/shop"}},{"type":"Feature","geometry":{"type":"Point","coordinates":[129.378328101493,36.3526900447716]},"properties":{"name":"영덕강구점","address":"경상북도 영덕군 강구면 동해대로 44211~2층","phone":"054-732-6003","hours":"10:00–22:00","openingDate":"20221020","region":"경북","options":["주차","포인트 적립가능","포인트 사용가능","고유가지원금"],"source":"㈜아성다이소 공식 매장검색","sourceUrl":"https://www.daiso.co.kr/cs/shop"}},{"type":"Feature","geometry":{"type":"Point","coordinates":[129.404765100709,36.537661906437]},"properties":{"name":"영덕영해점","address":"경상북도 영덕군 영해면 영덕로 18041층","phone":"","hours":"10:00–22:00","openingDate":"20260717","region":"경북","options":["주차","포인트 적립가능","포인트 사용가능"],"source":"㈜아성다이소 공식 매장검색","sourceUrl":"https://www.daiso.co.kr/cs/shop"}},{"type":"Feature","geometry":{"type":"Point","coordinates":[128.604575380801,36.8159875174906]},"properties":{"name":"영주가흥점","address":"경상북도 영주시 대학로 250(가흥동)1~2층","phone":"054-635-5885","hours":"09:00–22:30","openingDate":"20161111","region":"경북","options":["주차","포인트 적립가능","포인트 사용가능","고유가지원금"],"source":"㈜아성다이소 공식 매장검색","sourceUrl":"https://www.daiso.co.kr/cs/shop"}},{"type":"Feature","geometry":{"type":"Point","coordinates":[128.631562866419,36.7958186721918]},"properties":{"name":"영주농협파머스마켓점","address":"경상북도 영주시 구성로 25 (조암동)2층","phone":"","hours":"09:00–22:00","openingDate":"20080815","region":"경북","options":[],"source":"㈜아성다이소 공식 매장검색","sourceUrl":"https://www.daiso.co.kr/cs/shop"}},{"type":"Feature","geometry":{"type":"Point","coordinates":[128.620355608902,36.8089021293864]},"properties":{"name":"영주본점","address":"경상북도 영주시 대학로 37 (휴천동)1~2층","phone":"1522-4400","hours":"10:00–22:00","openingDate":"20170825","region":"경북","options":["주차","엘리베이터","포토 스티커","네임 스티커","심카드","포인트 적립가능","포인트 사용가능","매장픽업"],"source":"㈜아성다이소 공식 매장검색","sourceUrl":"https://www.daiso.co.kr/cs/shop"}},{"type":"Feature","geometry":{"type":"Point","coordinates":[128.935941619413,35.9722036991511]},"properties":{"name":"영천시청점","address":"경상북도 영천시 충효로 56 (문외동)1층","phone":"1522-4400","hours":"10:00–22:00","openingDate":"20130717","region":"경북","options":["심카드","포인트 적립가능","포인트 사용가능","매장픽업"],"source":"㈜아성다이소 공식 매장검색","sourceUrl":"https://www.daiso.co.kr/cs/shop"}},{"type":"Feature","geometry":{"type":"Point","coordinates":[128.930731252062,35.951805423444]},"properties":{"name":"영천점","address":"경상북도 영천시 천문로 148(금노동)1~2층","phone":"1522-4400","hours":"10:00–22:00","openingDate":"20220428","region":"경북","options":["주차","엘리베이터","네임 스티커","포인트 적립가능","포인트 사용가능","매장픽업"],"source":"㈜아성다이소 공식 매장검색","sourceUrl":"https://www.daiso.co.kr/cs/shop"}},{"type":"Feature","geometry":{"type":"Point","coordinates":[129.442125288014,36.6759462273828]},"properties":{"name":"울진후포점","address":"경상북도 울진군 후포면 정실1길 201~2층","phone":"054-788-0333","hours":"10:00–22:00","openingDate":"20220902","region":"경북","options":["주차","포인트 적립가능","포인트 사용가능","고유가지원금"],"source":"㈜아성다이소 공식 매장검색","sourceUrl":"https://www.daiso.co.kr/cs/shop"}},{"type":"Feature","geometry":{"type":"Point","coordinates":[128.404177032859,36.106328307283]},"properties":{"name":"이마트동구미점","address":"경상북도 구미시 이계북로 23 (임수동)2층","phone":"1522-4400","hours":"10:00–22:00","openingDate":"20250906","region":"경북","options":["주차","택스리펀드","포인트 적립가능","포인트 사용가능"],"source":"㈜아성다이소 공식 매장검색","sourceUrl":"https://www.daiso.co.kr/cs/shop"}},{"type":"Feature","geometry":{"type":"Point","coordinates":[129.043333331072,36.5280923966599]},"properties":{"name":"청송진보점","address":"경상북도 청송군 진보면 진안로 15-101층","phone":"054-872-6016","hours":"09:30–22:00","openingDate":"20180808","region":"경북","options":["주차","포인트 적립가능","포인트 사용가능","고유가지원금"],"source":"㈜아성다이소 공식 매장검색","sourceUrl":"https://www.daiso.co.kr/cs/shop"}},{"type":"Feature","geometry":{"type":"Point","coordinates":[128.398459538563,35.9872265372424]},"properties":{"name":"칠곡왜관점","address":"경상북도 칠곡군 왜관읍 관문로 341층","phone":"1522-4400","hours":"10:00–22:00","openingDate":"20130406","region":"경북","options":["주차","출입구 경사로","포토 스티커","네임 스티커","심카드","택스리펀드","포인트 적립가능","포인트 사용가능","매장픽업"],"source":"㈜아성다이소 공식 매장검색","sourceUrl":"https://www.daiso.co.kr/cs/shop"}},{"type":"Feature","geometry":{"type":"Point","coordinates":[128.411037596713,36.0805068519831]},"properties":{"name":"칠곡중리2호점","address":"경상북도 칠곡군 석적읍 유학로 11~2층","phone":"1522-4400","hours":"10:00–22:00","openingDate":"20201113","region":"경북","options":["주차","엘리베이터","네임 스티커","포인트 적립가능","포인트 사용가능","매장픽업"],"source":"㈜아성다이소 공식 매장검색","sourceUrl":"https://www.daiso.co.kr/cs/shop"}},{"type":"Feature","geometry":{"type":"Point","coordinates":[129.211061377821,35.8663642143712]},"properties":{"name":"탑마트경주황성점","address":"경상북도 경주시 용담로104번길 25 (황성동)1층","phone":"","hours":"09:00–22:00","openingDate":"20051028","region":"경북","options":[],"source":"㈜아성다이소 공식 매장검색","sourceUrl":"https://www.daiso.co.kr/cs/shop"}},{"type":"Feature","geometry":{"type":"Point","coordinates":[129.564394806643,35.9940261530364]},"properties":{"name":"포항구룡포점","address":"경북 포항시 남구 구룡포읍 용주로 431~2층","phone":"054-727-5255","hours":"09:00–21:00","openingDate":"20251113","region":"경북","options":["포인트 적립가능","포인트 사용가능","고유가지원금"],"source":"㈜아성다이소 공식 매장검색","sourceUrl":"https://www.daiso.co.kr/cs/shop"}},{"type":"Feature","geometry":{"type":"Point","coordinates":[129.339328565706,36.0252861526829]},"properties":{"name":"포항대잠점","address":"경상북도 포항시 남구 포스코대로 122 (대잠동)1~5층","phone":"1522-4400","hours":"10:00–22:00","openingDate":"20190823","region":"경북","options":["주차","출입구 경사로","엘리베이터","현금없는매장","네임 스티커","심카드","포인트 적립가능","포인트 사용가능","매장픽업"],"source":"㈜아성다이소 공식 매장검색","sourceUrl":"https://www.daiso.co.kr/cs/shop"}},{"type":"Feature","geometry":{"type":"Point","coordinates":[129.368805140684,36.0442627450442]},"properties":{"name":"포항동빈점","address":"경상북도 포항시 북구 삼호로 40 (동빈1가)1~2층","phone":"1522-4400","hours":"10:00–22:00","openingDate":"20180406","region":"경북","options":["주차","네임 스티커","심카드","포인트 적립가능","포인트 사용가능","매장픽업"],"source":"㈜아성다이소 공식 매장검색","sourceUrl":"https://www.daiso.co.kr/cs/shop"}},{"type":"Feature","geometry":{"type":"Point","coordinates":[129.403272219274,35.9622892697237]},"properties":{"name":"포항문덕본점","address":"경상북도 포항시 남구 오천읍 문덕로 31~3층","phone":"1522-4400","hours":"10:00–22:00","openingDate":"20190330","region":"경북","options":["출입구 경사로","엘리베이터","네임 스티커","심카드","포인트 적립가능","포인트 사용가능","매장픽업"],"source":"㈜아성다이소 공식 매장검색","sourceUrl":"https://www.daiso.co.kr/cs/shop"}},{"type":"Feature","geometry":{"type":"Point","coordinates":[129.401675873456,35.9756241069505]},"properties":{"name":"포항문덕점","address":"경상북도 포항시 남구 오천읍 중원로 551~2층","phone":"1522-4400","hours":"10:00–22:00","openingDate":"20190304","region":"경북","options":["네임 스티커","심카드","포인트 적립가능","포인트 사용가능","매장픽업"],"source":"㈜아성다이소 공식 매장검색","sourceUrl":"https://www.daiso.co.kr/cs/shop"}},{"type":"Feature","geometry":{"type":"Point","coordinates":[129.343059432251,36.0800727220798]},"properties":{"name":"포항성곡점","address":"경상북도 포항시 북구 흥해읍 소티재로 3501~2층","phone":"1522-4400","hours":"10:00–22:00","openingDate":"20260529","region":"경북","options":["주차","엘리베이터","현금없는매장","포토 스티커","네임 스티커","포인트 적립가능","포인트 사용가능"],"source":"㈜아성다이소 공식 매장검색","sourceUrl":"https://www.daiso.co.kr/cs/shop"}},{"type":"Feature","geometry":{"type":"Point","coordinates":[129.351768854342,36.0153875545101]},"properties":{"name":"포항시외버스터미널점","address":"경상북도 포항시 북구 중흥로 115 (죽도동)1~3층","phone":"1522-4400","hours":"10:00–22:00","openingDate":"20181006","region":"경북","options":["주차","엘리베이터","포토 스티커","네임 스티커","심카드","포인트 적립가능","포인트 사용가능","매장픽업"],"source":"㈜아성다이소 공식 매장검색","sourceUrl":"https://www.daiso.co.kr/cs/shop"}},{"type":"Feature","geometry":{"type":"Point","coordinates":[129.396477854915,36.0841521143896]},"properties":{"name":"포항양덕본점","address":"경상북도 포항시 북구 천마로 85 (양덕동)1~3층","phone":"1522-4400","hours":"10:00–22:00","openingDate":"20180125","region":"경북","options":["주차","엘리베이터","포토 스티커","네임 스티커","심카드","포인트 적립가능","포인트 사용가능","매장픽업"],"source":"㈜아성다이소 공식 매장검색","sourceUrl":"https://www.daiso.co.kr/cs/shop"}},{"type":"Feature","geometry":{"type":"Point","coordinates":[129.342959070933,35.9940069278711]},"properties":{"name":"포항연일점","address":"경상북도 포항시 남구 연일읍 연일로 1921층","phone":"054-277-4245","hours":"10:00–22:00","openingDate":"20240117","region":"경북","options":["주차","포인트 적립가능","포인트 사용가능","고유가지원금"],"source":"㈜아성다이소 공식 매장검색","sourceUrl":"https://www.daiso.co.kr/cs/shop"}},{"type":"Feature","geometry":{"type":"Point","coordinates":[129.414742552788,35.9741393376405]},"properties":{"name":"포항오천점","address":"경상북도 포항시 남구 오천읍 정몽주로 6281층","phone":"","hours":"09:00–22:00","openingDate":"20210801","region":"경북","options":["주차","포인트 적립가능","포인트 사용가능","고유가지원금"],"source":"㈜아성다이소 공식 매장검색","sourceUrl":"https://www.daiso.co.kr/cs/shop"}},{"type":"Feature","geometry":{"type":"Point","coordinates":[129.362985885735,36.0547882930119]},"properties":{"name":"포항우현점","address":"경상북도 포항시 북구 새천년대로933번길 6 (우현동)1~3층","phone":"054-253-5425","hours":"09:00–22:00","openingDate":"20150626","region":"경북","options":["주차","포인트 적립가능","포인트 사용가능"],"source":"㈜아성다이소 공식 매장검색","sourceUrl":"https://www.daiso.co.kr/cs/shop"}},{"type":"Feature","geometry":{"type":"Point","coordinates":[129.318815368935,36.0046361855302]},"properties":{"name":"포항유강점","address":"경상북도 포항시 남구 연일읍 유강길17번길 31~3층","phone":"054-277-3822","hours":"10:00–22:00","openingDate":"20221004","region":"경북","options":["포인트 적립가능","포인트 사용가능","고유가지원금"],"source":"㈜아성다이소 공식 매장검색","sourceUrl":"https://www.daiso.co.kr/cs/shop"}},{"type":"Feature","geometry":{"type":"Point","coordinates":[129.386875412085,36.0753309890614]},"properties":{"name":"포항장성점","address":"경상북도 포항시 북구 새천년대로 1279 (장성동)1~2층","phone":"1522-4400","hours":"10:00–22:00","openingDate":"20250418","region":"경북","options":["주차","포토 스티커","네임 스티커","포인트 적립가능","포인트 사용가능","매장픽업"],"source":"㈜아성다이소 공식 매장검색","sourceUrl":"https://www.daiso.co.kr/cs/shop"}},{"type":"Feature","geometry":{"type":"Point","coordinates":[129.366483782198,36.0347947039776]},"properties":{"name":"포항죽도시장점","address":"경상북도 포항시 북구 죽도시장6길 4-10 (죽도동)1~3층","phone":"1522-4400","hours":"08:00–21:00","openingDate":"20140313","region":"경북","options":["출입구 경사로","엘리베이터","심카드","포인트 적립가능","포인트 사용가능","매장픽업"],"source":"㈜아성다이소 공식 매장검색","sourceUrl":"https://www.daiso.co.kr/cs/shop"}},{"type":"Feature","geometry":{"type":"Point","coordinates":[129.361621607378,36.0277400779489]},"properties":{"name":"포항죽파로점","address":"경상북도 포항시 북구 중흥로 277 (죽도동)1~2층","phone":"1522-4400","hours":"10:00–22:00","openingDate":"20190118","region":"경북","options":["주차","엘리베이터","네임 스티커","심카드","포인트 적립가능","포인트 사용가능","매장픽업"],"source":"㈜아성다이소 공식 매장검색","sourceUrl":"https://www.daiso.co.kr/cs/shop"}},{"type":"Feature","geometry":{"type":"Point","coordinates":[129.367996339022,36.0265361739999]},"properties":{"name":"포항해도점","address":"경북 포항시 남구 중앙로 150-11~2층","phone":"1522-4400","hours":"10:00–22:00","openingDate":"20190202","region":"경북","options":["출입구 경사로","심카드","포인트 적립가능","포인트 사용가능","매장픽업"],"source":"㈜아성다이소 공식 매장검색","sourceUrl":"https://www.daiso.co.kr/cs/shop"}},{"type":"Feature","geometry":{"type":"Point","coordinates":[129.339526966365,36.0053734729588]},"properties":{"name":"포항효자sk점","address":"경상북도 포항시 남구 효성로52번길 7 (효자동)B1~1층","phone":"054-272-0811","hours":"10:00–22:00","openingDate":"20231202","region":"경북","options":["포인트 적립가능","포인트 사용가능","고유가지원금"],"source":"㈜아성다이소 공식 매장검색","sourceUrl":"https://www.daiso.co.kr/cs/shop"}},{"type":"Feature","geometry":{"type":"Point","coordinates":[129.344832446075,36.1106876124083]},"properties":{"name":"포항흥해점","address":"경상북도 포항시 북구 흥해읍 한동로 30-11층","phone":"054-253-8484","hours":"10:00–22:00","openingDate":"20120222","region":"경북","options":["포인트 적립가능","포인트 사용가능","고유가지원금"],"source":"㈜아성다이소 공식 매장검색","sourceUrl":"https://www.daiso.co.kr/cs/shop"}},{"type":"Feature","geometry":{"type":"Point","coordinates":[128.117399266325,36.1240107719769]},"properties":{"name":"하나로마트김천농협점","address":"경상북도 김천시 자산로 147 (평화동)2층","phone":"","hours":"09:00–22:00","openingDate":"20260815","region":"경북","options":["주차"],"source":"㈜아성다이소 공식 매장검색","sourceUrl":"https://www.daiso.co.kr/cs/shop"}},{"type":"Feature","geometry":{"type":"Point","coordinates":[126.879079781001,35.1271907720968]},"properties":{"name":"*롯데슈퍼풍암점","address":"광주광역시 서구 풍암2로 2 (풍암동)B1층","phone":"1522-4400","hours":"10:00–22:00","openingDate":"20180720","region":"광주","options":["주차","포인트 적립가능","포인트 사용가능"],"source":"㈜아성다이소 공식 매장검색","sourceUrl":"https://www.daiso.co.kr/cs/shop"}},{"type":"Feature","geometry":{"type":"Point","coordinates":[126.88413142184,35.1641956803667]},"properties":{"name":"광주광천점","address":"광주 서구 죽봉대로 1221~3층","phone":"1522-4400","hours":"10:00–22:00","openingDate":"20230211","region":"광주","options":["주차","엘리베이터","포토 스티커","네임 스티커","포인트 적립가능","포인트 사용가능","매장픽업"],"source":"㈜아성다이소 공식 매장검색","sourceUrl":"https://www.daiso.co.kr/cs/shop"}},{"type":"Feature","geometry":{"type":"Point","coordinates":[126.862069655028,35.1232078686939]},"properties":{"name":"광주금호점","address":"광주광역시 서구 회재로 899 (금호동)1~4층","phone":"1522-4400","hours":"10:00–22:00","openingDate":"20200122","region":"광주","options":["출입구 경사로","엘리베이터","포토 스티커","심카드","포인트 적립가능","포인트 사용가능","매장픽업"],"source":"㈜아성다이소 공식 매장검색","sourceUrl":"https://www.daiso.co.kr/cs/shop"}},{"type":"Feature","geometry":{"type":"Point","coordinates":[126.824706623005,35.2099449712175]},"properties":{"name":"광주도천점","address":"광주광역시 광산구 임방울대로 581 (도천동)1~3층","phone":"1522-4400","hours":"10:00–22:00","openingDate":"20230720","region":"광주","options":["주차","엘리베이터","현금없는매장","포토 스티커","포인트 적립가능","포인트 사용가능","매장픽업"],"source":"㈜아성다이소 공식 매장검색","sourceUrl":"https://www.daiso.co.kr/cs/shop"}},{"type":"Feature","geometry":{"type":"Point","coordinates":[126.865004452953,35.1716499343634]},"properties":{"name":"광주동림지구점","address":"광주광역시 서구 하남대로 662 (동천동)1~3층","phone":"1522-4400","hours":"10:00–22:00","openingDate":"20180916","region":"광주","options":["엘리베이터","네임 스티커","심카드","포인트 적립가능","포인트 사용가능","매장픽업"],"source":"㈜아성다이소 공식 매장검색","sourceUrl":"https://www.daiso.co.kr/cs/shop"}},{"type":"Feature","geometry":{"type":"Point","coordinates":[126.923119160266,35.1709984196784]},"properties":{"name":"광주말바우시장점","address":"광주광역시 북구 동문대로 82 (두암동)1~2층","phone":"1522-4400","hours":"10:00–22:00","openingDate":"20160519","region":"광주","options":["엘리베이터","네임 스티커","포인트 적립가능","포인트 사용가능","매장픽업"],"source":"㈜아성다이소 공식 매장검색","sourceUrl":"https://www.daiso.co.kr/cs/shop"}},{"type":"Feature","geometry":{"type":"Point","coordinates":[126.898648611363,35.1890876718232]},"properties":{"name":"광주매곡점","address":"광주광역시 북구 설죽로 333 (매곡동)1~2층","phone":"1522-4400","hours":"10:00–22:00","openingDate":"20170908","region":"광주","options":["주차","엘리베이터","네임 스티커","심카드","포인트 적립가능","포인트 사용가능","매장픽업"],"source":"㈜아성다이소 공식 매장검색","sourceUrl":"https://www.daiso.co.kr/cs/shop"}},{"type":"Feature","geometry":{"type":"Point","coordinates":[126.914822396568,35.1228410702042]},"properties":{"name":"광주봉선2호점","address":"광주광역시 남구 봉선로 180 (봉선동)1~2층","phone":"1522-4400","hours":"10:00–22:00","openingDate":"20170615","region":"광주","options":["주차","출입구 경사로","포토 스티커","네임 스티커","심카드","포인트 적립가능","포인트 사용가능","매장픽업"],"source":"㈜아성다이소 공식 매장검색","sourceUrl":"https://www.daiso.co.kr/cs/shop"}},{"type":"Feature","geometry":{"type":"Point","coordinates":[126.892419216992,35.1788323538669]},"properties":{"name":"광주비엔날레점","address":"광주광역시 북구 용봉택지로 53 (용봉동)1층","phone":"062-529-6243","hours":"10:00–22:00","openingDate":"20170317","region":"광주","options":["주차","포인트 적립가능","포인트 사용가능","고유가지원금"],"source":"㈜아성다이소 공식 매장검색","sourceUrl":"https://www.daiso.co.kr/cs/shop"}},{"type":"Feature","geometry":{"type":"Point","coordinates":[126.902121605916,35.2038953539584]},"properties":{"name":"광주삼각점","address":"광주광역시 북구 우치로422번길 17 (삼각동)2층","phone":"1522-4400","hours":"10:00–22:00","openingDate":"20230623","region":"광주","options":["주차","엘리베이터","현금없는매장","포토 스티커","포인트 적립가능","포인트 사용가능","매장픽업"],"source":"㈜아성다이소 공식 매장검색","sourceUrl":"https://www.daiso.co.kr/cs/shop"}},{"type":"Feature","geometry":{"type":"Point","coordinates":[126.84707356592,35.1554892688318]},"properties":{"name":"광주상무점","address":"광주광역시 서구 상무시민로 75 (치평동)1~2층","phone":"1522-4400","hours":"10:00–22:00","openingDate":"20130531","region":"광주","options":["주차","엘리베이터","네임 스티커","심카드","포인트 적립가능","포인트 사용가능","매장픽업"],"source":"㈜아성다이소 공식 매장검색","sourceUrl":"https://www.daiso.co.kr/cs/shop"}},{"type":"Feature","geometry":{"type":"Point","coordinates":[126.802854962555,35.1435265428482]},"properties":{"name":"광주송정점","address":"광주광역시 광산구 상무대로 338 (신촌동)1~3층","phone":"1522-4400","hours":"10:00–22:00","openingDate":"20210529","region":"광주","options":["주차","엘리베이터","네임 스티커","포인트 적립가능","포인트 사용가능","매장픽업"],"source":"㈜아성다이소 공식 매장검색","sourceUrl":"https://www.daiso.co.kr/cs/shop"}},{"type":"Feature","geometry":{"type":"Point","coordinates":[126.814566559721,35.1911451498157]},"properties":{"name":"광주수완2호점","address":"광주광역시 광산구 장신로 39 (장덕동)1~4층","phone":"1522-4400","hours":"10:00–22:00","openingDate":"20180125","region":"광주","options":["출입구 경사로","포토 스티커","네임 스티커","심카드","포인트 적립가능","포인트 사용가능","매장픽업"],"source":"㈜아성다이소 공식 매장검색","sourceUrl":"https://www.daiso.co.kr/cs/shop"}},{"type":"Feature","geometry":{"type":"Point","coordinates":[126.8233566502,35.1911343137365]},"properties":{"name":"광주수완점","address":"광주광역시 광산구 임방울대로 347 (수완동)1층","phone":"1522-4400","hours":"10:00–22:00","openingDate":"20120229","region":"광주","options":["주차","현금없는매장","네임 스티커","심카드","포인트 적립가능","포인트 사용가능","매장픽업"],"source":"㈜아성다이소 공식 매장검색","sourceUrl":"https://www.daiso.co.kr/cs/shop"}},{"type":"Feature","geometry":{"type":"Point","coordinates":[126.852653453761,35.1914302972283]},"properties":{"name":"광주신창2호점","address":"광주광역시 광산구 북문대로 370 (신창동)1~3층","phone":"1522-4400","hours":"10:00–22:00","openingDate":"20260306","region":"광주","options":["주차","엘리베이터","현금없는매장","포토 스티커","네임 스티커","포인트 적립가능","포인트 사용가능","매장픽업"],"source":"㈜아성다이소 공식 매장검색","sourceUrl":"https://www.daiso.co.kr/cs/shop"}},{"type":"Feature","geometry":{"type":"Point","coordinates":[126.838156247444,35.1949488826464]},"properties":{"name":"광주신창점","address":"광주광역시 광산구 신창로 110 (신창동)1~3층","phone":"1522-4400","hours":"10:00–22:00","openingDate":"20121224","region":"광주","options":["출입구 경사로","엘리베이터","네임 스티커","심카드","포인트 적립가능","포인트 사용가능","매장픽업"],"source":"㈜아성다이소 공식 매장검색","sourceUrl":"https://www.daiso.co.kr/cs/shop"}},{"type":"Feature","geometry":{"type":"Point","coordinates":[126.846217552021,35.2182307535738]},"properties":{"name":"광주쌍암점","address":"광주광역시 광산구 임방울대로801번길 8 (쌍암동)1~2층","phone":"1522-4400","hours":"10:00–22:00","openingDate":"20180622","region":"광주","options":["주차","엘리베이터","네임 스티커","심카드","포인트 적립가능","포인트 사용가능","매장픽업"],"source":"㈜아성다이소 공식 매장검색","sourceUrl":"https://www.daiso.co.kr/cs/shop"}},{"type":"Feature","geometry":{"type":"Point","coordinates":[126.87020562278,35.21223124528]},"properties":{"name":"광주양산2호점","address":"광주광역시 북구 임방울대로 1034 (용두동)1~3층","phone":"1522-4400","hours":"10:00–22:00","openingDate":"20250314","region":"광주","options":["주차","출입구 경사로","엘리베이터","포토 스티커","네임 스티커","포인트 적립가능","포인트 사용가능","매장픽업"],"source":"㈜아성다이소 공식 매장검색","sourceUrl":"https://www.daiso.co.kr/cs/shop"}},{"type":"Feature","geometry":{"type":"Point","coordinates":[126.873615724141,35.2119034260902]},"properties":{"name":"광주양산점","address":"광주광역시 북구 임방울대로 1063 (용두동)1~2층","phone":"1522-4400","hours":"10:00–22:00","openingDate":"20141223","region":"광주","options":["엘리베이터","네임 스티커","심카드","포인트 적립가능","포인트 사용가능","매장픽업"],"source":"㈜아성다이소 공식 매장검색","sourceUrl":"https://www.daiso.co.kr/cs/shop"}},{"type":"Feature","geometry":{"type":"Point","coordinates":[126.82449441203,35.1784070394299]},"properties":{"name":"광주운남삼거리점","address":"광주광역시 광산구 목련로273번길 97 (운남동)1~2층","phone":"1522-4400","hours":"10:00–22:00","openingDate":"20110128","region":"광주","options":["심카드","포인트 적립가능","포인트 사용가능","매장픽업"],"source":"㈜아성다이소 공식 매장검색","sourceUrl":"https://www.daiso.co.kr/cs/shop"}},{"type":"Feature","geometry":{"type":"Point","coordinates":[126.876081078786,35.1781635281014]},"properties":{"name":"광주운암점","address":"광주광역시 북구 북문대로 97 (운암동)1~3층","phone":"1522-4400","hours":"10:00–22:00","openingDate":"20100527","region":"광주","options":["주차","네임 스티커","심카드","포인트 적립가능","포인트 사용가능","매장픽업"],"source":"㈜아성다이소 공식 매장검색","sourceUrl":"https://www.daiso.co.kr/cs/shop"}},{"type":"Feature","geometry":{"type":"Point","coordinates":[126.808880786653,35.1700160335991]},"properties":{"name":"광주월곡점","address":"광주광역시 광산구 사암로287번길 1(월곡동)1~2층","phone":"062-961-0091","hours":"10:00–22:00","openingDate":"20131108","region":"광주","options":["주차","포인트 적립가능","포인트 사용가능","고유가지원금"],"source":"㈜아성다이소 공식 매장검색","sourceUrl":"https://www.daiso.co.kr/cs/shop"}},{"type":"Feature","geometry":{"type":"Point","coordinates":[126.890147240435,35.1453826936065]},"properties":{"name":"광주월산점","address":"광주광역시 남구 대남대로 385(월산동)1~2층","phone":"1522-4400","hours":"10:00–22:00","openingDate":"20220225","region":"광주","options":["주차","엘리베이터","포토 스티커","네임 스티커","포인트 적립가능","포인트 사용가능","매장픽업"],"source":"㈜아성다이소 공식 매장검색","sourceUrl":"https://www.daiso.co.kr/cs/shop"}},{"type":"Feature","geometry":{"type":"Point","coordinates":[126.897850473457,35.2040217111031]},"properties":{"name":"광주일곡점","address":"광주광역시 북구 설죽로 503 (일곡동)2층","phone":"1522-4400","hours":"10:00–22:00","openingDate":"20090925","region":"광주","options":["네임 스티커","심카드","포인트 적립가능","포인트 사용가능","매장픽업"],"source":"㈜아성다이소 공식 매장검색","sourceUrl":"https://www.daiso.co.kr/cs/shop"}},{"type":"Feature","geometry":{"type":"Point","coordinates":[126.910868068907,35.1728944130718]},"properties":{"name":"광주전남대점","address":"광주광역시 북구 용봉로 128 (중흥동)1~3층","phone":"1522-4400","hours":"10:00–22:00","openingDate":"20181222","region":"광주","options":["엘리베이터","포토 스티커","네임 스티커","심카드","포인트 적립가능","포인트 사용가능","매장픽업"],"source":"㈜아성다이소 공식 매장검색","sourceUrl":"https://www.daiso.co.kr/cs/shop"}},{"type":"Feature","geometry":{"type":"Point","coordinates":[126.8316912172,35.081811625359]},"properties":{"name":"광주지석점","address":"광주광역시 남구 고싸움로 167(지석동)1~2층","phone":"062-382-1476","hours":"10:00–22:00","openingDate":"20220325","region":"광주","options":["포인트 적립가능","포인트 사용가능","고유가지원금"],"source":"㈜아성다이소 공식 매장검색","sourceUrl":"https://www.daiso.co.kr/cs/shop"}},{"type":"Feature","geometry":{"type":"Point","coordinates":[126.863654475353,35.2065458016775]},"properties":{"name":"광주첨단2지구점","address":"광주광역시 북구 첨단연신로91번길 6(신용동)1~2층","phone":"062-576-4700","hours":"10:00–22:00","openingDate":"20170210","region":"광주","options":["주차","포인트 적립가능","포인트 사용가능","고유가지원금"],"source":"㈜아성다이소 공식 매장검색","sourceUrl":"https://www.daiso.co.kr/cs/shop"}},{"type":"Feature","geometry":{"type":"Point","coordinates":[126.842334748888,35.216701666705]},"properties":{"name":"광주첨단점","address":"광주광역시 광산구 첨단중앙로 126 (월계동)1~2층","phone":"1522-4400","hours":"10:00–22:00","openingDate":"20131003","region":"광주","options":["출입구 경사로","네임 스티커","심카드","포인트 적립가능","포인트 사용가능","매장픽업"],"source":"㈜아성다이소 공식 매장검색","sourceUrl":"https://www.daiso.co.kr/cs/shop"}},{"type":"Feature","geometry":{"type":"Point","coordinates":[126.915876016598,35.1480249861219]},"properties":{"name":"광주충장로점","address":"광주광역시 동구 충장로 80-5 (충장로2가)B1~2층","phone":"1522-4400","hours":"10:00–22:00","openingDate":"20051001","region":"광주","options":["포토 스티커","네임 스티커","심카드","포인트 적립가능","포인트 사용가능","매장픽업"],"source":"㈜아성다이소 공식 매장검색","sourceUrl":"https://www.daiso.co.kr/cs/shop"}},{"type":"Feature","geometry":{"type":"Point","coordinates":[126.769342968524,35.1240906494727]},"properties":{"name":"광주평동점","address":"광주광역시 광산구 평동산단로 196-10(월전동)1~2층","phone":"062-946-1212","hours":"10:00–22:00","openingDate":"20190107","region":"광주","options":["포인트 적립가능","포인트 사용가능","고유가지원금"],"source":"㈜아성다이소 공식 매장검색","sourceUrl":"https://www.daiso.co.kr/cs/shop"}},{"type":"Feature","geometry":{"type":"Point","coordinates":[126.805146488205,35.1794536780611]},"properties":{"name":"광주하남지구점","address":"광주광역시 광산구 용아로 406 (하남동)1~3층","phone":"1522-4400","hours":"10:00–22:00","openingDate":"20180629","region":"광주","options":["출입구 경사로","네임 스티커","심카드","포인트 적립가능","포인트 사용가능","매장픽업"],"source":"㈜아성다이소 공식 매장검색","sourceUrl":"https://www.daiso.co.kr/cs/shop"}},{"type":"Feature","geometry":{"type":"Point","coordinates":[126.929469025005,35.1322192578354]},"properties":{"name":"광주학동역점","address":"광주광역시 동구 남문로 686 (학동)1층","phone":"1522-4400","hours":"10:00–22:00","openingDate":"20260205","region":"광주","options":["주차","엘리베이터","포토 스티커","네임 스티커","포인트 적립가능","포인트 사용가능","매장픽업"],"source":"㈜아성다이소 공식 매장검색","sourceUrl":"https://www.daiso.co.kr/cs/shop"}},{"type":"Feature","geometry":{"type":"Point","coordinates":[126.772936556107,35.1511726836821]},"properties":{"name":"광주호남대점","address":"광주광역시 광산구 어등대로 455(선암동)1~2층","phone":"062-944-6016","hours":"10:00–22:00","openingDate":"20160722","region":"광주","options":["주차","포인트 적립가능","포인트 사용가능","고유가지원금"],"source":"㈜아성다이소 공식 매장검색","sourceUrl":"https://www.daiso.co.kr/cs/shop"}},{"type":"Feature","geometry":{"type":"Point","coordinates":[126.875592044671,35.1021185503235]},"properties":{"name":"광주효천1지구점","address":"광주광역시 남구 효천중앙로 64 (임암동)1~2층","phone":"062-675-4000","hours":"10:00–22:00","openingDate":"20190831","region":"광주","options":["주차","포인트 적립가능","포인트 사용가능","고유가지원금"],"source":"㈜아성다이소 공식 매장검색","sourceUrl":"https://www.daiso.co.kr/cs/shop"}},{"type":"Feature","geometry":{"type":"Point","coordinates":[126.888793500078,35.1021311975674]},"properties":{"name":"광주효천점","address":"광주광역시 남구 효우2로 26번길 3(행암동)2층","phone":"062-675-6555","hours":"09:00–22:00","openingDate":"20160203","region":"광주","options":[],"source":"㈜아성다이소 공식 매장검색","sourceUrl":"https://www.daiso.co.kr/cs/shop"}},{"type":"Feature","geometry":{"type":"Point","coordinates":[126.929016683535,35.1788053385718]},"properties":{"name":"동광주점","address":"광주광역시 북구 동문대로 183 (두암동)1~3층","phone":"1522-4400","hours":"10:00–22:00","openingDate":"20120307","region":"광주","options":["엘리베이터","네임 스티커","심카드","포인트 적립가능","포인트 사용가능","매장픽업"],"source":"㈜아성다이소 공식 매장검색","sourceUrl":"https://www.daiso.co.kr/cs/shop"}},{"type":"Feature","geometry":{"type":"Point","coordinates":[126.852422214795,35.1523683644087]},"properties":{"name":"롯데마트맥스상무점","address":"광주광역시 서구 시청로 40(치평동)3층","phone":"1522-4400","hours":"10:00–22:00","openingDate":"20220121","region":"광주","options":["주차","포인트 적립가능"],"source":"㈜아성다이소 공식 매장검색","sourceUrl":"https://www.daiso.co.kr/cs/shop"}},{"type":"Feature","geometry":{"type":"Point","coordinates":[126.874829928048,35.1336460778946]},"properties":{"name":"롯데마트월드컵점","address":"광주광역시 서구 금화로 240 (풍암동)2층","phone":"","hours":"10:00–23:00","openingDate":"20080317","region":"광주","options":[],"source":"㈜아성다이소 공식 매장검색","sourceUrl":"https://www.daiso.co.kr/cs/shop"}},{"type":"Feature","geometry":{"type":"Point","coordinates":[126.851917253723,35.2167748780346]},"properties":{"name":"롯데마트첨단점","address":"광주광역시 광산구 첨단강변로99번길 22 (쌍암동)1층","phone":"","hours":"10:00–22:00","openingDate":"20230603","region":"광주","options":["주차"],"source":"㈜아성다이소 공식 매장검색","sourceUrl":"https://www.daiso.co.kr/cs/shop"}},{"type":"Feature","geometry":{"type":"Point","coordinates":[126.922049029179,35.1865994065542]},"properties":{"name":"롯데슈퍼문흥점","address":"광주광역시 북구 대천로 140-7 (문흥동)1층","phone":"","hours":"10:00–23:00","openingDate":"20070516","region":"광주","options":[],"source":"㈜아성다이소 공식 매장검색","sourceUrl":"https://www.daiso.co.kr/cs/shop"}},{"type":"Feature","geometry":{"type":"Point","coordinates":[126.842020544632,35.2212213455505]},"properties":{"name":"롯데슈퍼첨단점","address":"광주 광산구 첨단중앙로182번길 8B1층","phone":"","hours":"10:00–23:00","openingDate":"20240829","region":"광주","options":["주차"],"source":"㈜아성다이소 공식 매장검색","sourceUrl":"https://www.daiso.co.kr/cs/shop"}},{"type":"Feature","geometry":{"type":"Point","coordinates":[126.897289077519,35.1258091044892]},"properties":{"name":"빅마켓광주점","address":"광주광역시 남구 서문대로 745 (주월동)2층","phone":"1522-4400","hours":"10:00–22:00","openingDate":"20170530","region":"광주","options":["주차","포인트 적립가능"],"source":"㈜아성다이소 공식 매장검색","sourceUrl":"https://www.daiso.co.kr/cs/shop"}},{"type":"Feature","geometry":{"type":"Point","coordinates":[126.846636799185,35.1277945717383]},"properties":{"name":"서광주점","address":"광주광역시 서구 서광주로 7 (매월동)1~3층","phone":"1522-4400","hours":"10:00–22:00","openingDate":"20240829","region":"광주","options":["주차","엘리베이터","포토 스티커","네임 스티커","포인트 적립가능","포인트 사용가능","매장픽업"],"source":"㈜아성다이소 공식 매장검색","sourceUrl":"https://www.daiso.co.kr/cs/shop"}},{"type":"Feature","geometry":{"type":"Point","coordinates":[126.882052488243,35.1588148157408]},"properties":{"name":"이마트광주점","address":"광주광역시 서구 죽봉대로 61 (화정동)2층","phone":"","hours":"10:00–22:00","openingDate":"20240427","region":"광주","options":["주차","포인트 적립가능","포인트 사용가능"],"source":"㈜아성다이소 공식 매장검색","sourceUrl":"https://www.daiso.co.kr/cs/shop"}},{"type":"Feature","geometry":{"type":"Point","coordinates":[128.582670214559,35.9523273240008]},"properties":{"name":"e에브리데이대구도남점","address":"대구광역시 북구 도남중앙로7길 20-55 (국우동)1층","phone":"","hours":"10:00–23:00","openingDate":"20230914","region":"대구","options":["주차"],"source":"㈜아성다이소 공식 매장검색","sourceUrl":"https://www.daiso.co.kr/cs/shop"}},{"type":"Feature","geometry":{"type":"Point","coordinates":[128.547223888723,35.8544180339938]},"properties":{"name":"대구감삼점","address":"대구광역시 달서구 달구벌대로 1657 (감삼동)1~2층","phone":"1522-4400","hours":"10:00–22:00","openingDate":"20100613","region":"대구","options":["주차","출입구 경사로","심카드","포인트 적립가능","포인트 사용가능","매장픽업"],"source":"㈜아성다이소 공식 매장검색","sourceUrl":"https://www.daiso.co.kr/cs/shop"}},{"type":"Feature","geometry":{"type":"Point","coordinates":[128.415874714599,35.6615029429916]},"properties":{"name":"대구구지점","address":"대구광역시 달성군 구지면 창리로 1111~2층","phone":"1522-4400","hours":"10:00–22:00","openingDate":"20251212","region":"대구","options":["주차","엘리베이터","포토 스티커","네임 스티커","포인트 적립가능","포인트 사용가능","매장픽업"],"source":"㈜아성다이소 공식 매장검색","sourceUrl":"https://www.daiso.co.kr/cs/shop"}},{"type":"Feature","geometry":{"type":"Point","coordinates":[128.517102013662,35.8950673483567]},"properties":{"name":"대구금호지구점","address":"대구광역시 북구 한강로8길 22-2(금호동)1~2층","phone":"053-322-9977","hours":"10:00–22:00","openingDate":"20161101","region":"대구","options":["주차","포인트 적립가능","포인트 사용가능","고유가지원금"],"source":"㈜아성다이소 공식 매장검색","sourceUrl":"https://www.daiso.co.kr/cs/shop"}},{"type":"Feature","geometry":{"type":"Point","coordinates":[128.550999942348,35.8625181741898]},"properties":{"name":"대구내당점","address":"대구광역시 서구 평리로 250(내당동)1층","phone":"053-566-6016","hours":"09:30–22:00","openingDate":"20111206","region":"대구","options":["주차","포인트 적립가능","포인트 사용가능","고유가지원금"],"source":"㈜아성다이소 공식 매장검색","sourceUrl":"https://www.daiso.co.kr/cs/shop"}},{"type":"Feature","geometry":{"type":"Point","coordinates":[128.562671096456,35.8600038220714]},"properties":{"name":"대구내당중앙점","address":"대구광역시 서구 달구벌대로 1811(내당동)1층","phone":"053-563-8232","hours":"10:00–22:00","openingDate":"20121017","region":"대구","options":["주차","포인트 적립가능","포인트 사용가능","고유가지원금"],"source":"㈜아성다이소 공식 매장검색","sourceUrl":"https://www.daiso.co.kr/cs/shop"}},{"type":"Feature","geometry":{"type":"Point","coordinates":[128.445478719551,35.7283714532641]},"properties":{"name":"대구논공점","address":"대구광역시 달성군 논공읍 용호로 261층","phone":"053-615-0177","hours":"10:00–22:00","openingDate":"20130521","region":"대구","options":["주차","포인트 적립가능","포인트 사용가능","고유가지원금"],"source":"㈜아성다이소 공식 매장검색","sourceUrl":"https://www.daiso.co.kr/cs/shop"}},{"type":"Feature","geometry":{"type":"Point","coordinates":[128.534351502842,35.8078187870501]},"properties":{"name":"대구대곡지구점","address":"대구광역시 달서구 도원로서길 3-14 (도원동)1층","phone":"053-641-6016","hours":"09:00–22:00","openingDate":"20210430","region":"대구","options":["주차","포인트 적립가능","포인트 사용가능"],"source":"㈜아성다이소 공식 매장검색","sourceUrl":"https://www.daiso.co.kr/cs/shop"}},{"type":"Feature","geometry":{"type":"Point","coordinates":[128.463928056711,35.8562172449907]},"properties":{"name":"대구대실역점","address":"대구광역시 달성군 다사읍 대실역남로 18B1~1층","phone":"1522-4400","hours":"10:00–22:00","openingDate":"20250425","region":"대구","options":["주차","현금없는매장","포인트 적립가능","포인트 사용가능","매장픽업"],"source":"㈜아성다이소 공식 매장검색","sourceUrl":"https://www.daiso.co.kr/cs/shop"}},{"type":"Feature","geometry":{"type":"Point","coordinates":[128.611289512107,35.8808355826175]},"properties":{"name":"대구대현점","address":"대구광역시 북구 신암로 111 (대현동)1~2층","phone":"1522-4400","hours":"10:00–22:00","openingDate":"20180813","region":"대구","options":["주차","출입구 경사로","네임 스티커","심카드","포인트 적립가능","포인트 사용가능","매장픽업"],"source":"㈜아성다이소 공식 매장검색","sourceUrl":"https://www.daiso.co.kr/cs/shop"}},{"type":"Feature","geometry":{"type":"Point","coordinates":[128.595852198507,35.8711113143473]},"properties":{"name":"대구동성로본점","address":"대구광역시 중구 동성로 48-1 (동성로2가)B1~4층","phone":"1522-4400","hours":"10:00–22:00","openingDate":"20160513","region":"대구","options":["출입구 경사로","포토 스티커","네임 스티커","심카드","택스리펀드","포인트 적립가능","포인트 사용가능","매장픽업"],"source":"㈜아성다이소 공식 매장검색","sourceUrl":"https://www.daiso.co.kr/cs/shop"}},{"type":"Feature","geometry":{"type":"Point","coordinates":[128.623920746756,35.8298000871177]},"properties":{"name":"대구두산오거리점","address":"대구광역시 수성구 무학로 142 (두산동)1~2층","phone":"1522-4400","hours":"10:00–22:00","openingDate":"20180106","region":"대구","options":["주차","출입구 경사로","네임 스티커","심카드","포인트 적립가능","포인트 사용가능","매장픽업"],"source":"㈜아성다이소 공식 매장검색","sourceUrl":"https://www.daiso.co.kr/cs/shop"}},{"type":"Feature","geometry":{"type":"Point","coordinates":[128.617065849571,35.8407554726441]},"properties":{"name":"대구들안길네거리점","address":"대구광역시 수성구 청수로 81 (황금동)1~3층","phone":"1522-4400","hours":"10:00–22:00","openingDate":"20210129","region":"대구","options":["주차","엘리베이터","네임 스티커","포인트 적립가능","포인트 사용가능","매장픽업"],"source":"㈜아성다이소 공식 매장검색","sourceUrl":"https://www.daiso.co.kr/cs/shop"}},{"type":"Feature","geometry":{"type":"Point","coordinates":[128.54441340132,35.9041594810956]},"properties":{"name":"대구매천시장역점","address":"대구광역시 북구 매천로18길 29 (매천동)1~3층","phone":"1522-4400","hours":"10:00–22:00","openingDate":"20240412","region":"대구","options":["주차","엘리베이터","네임 스티커","포인트 적립가능","포인트 사용가능","매장픽업"],"source":"㈜아성다이소 공식 매장검색","sourceUrl":"https://www.daiso.co.kr/cs/shop"}},{"type":"Feature","geometry":{"type":"Point","coordinates":[128.590209459953,35.8562464445213]},"properties":{"name":"대구명덕네거리점","address":"대구광역시 남구 중앙대로 255 (대명동)1~3층","phone":"1522-4400","hours":"10:00–22:00","openingDate":"20180731","region":"대구","options":["주차","출입구 경사로","포토 스티커","네임 스티커","심카드","포인트 적립가능","포인트 사용가능","매장픽업"],"source":"㈜아성다이소 공식 매장검색","sourceUrl":"https://www.daiso.co.kr/cs/shop"}},{"type":"Feature","geometry":{"type":"Point","coordinates":[128.49136878013,35.8377831523657]},"properties":{"name":"대구모다아울렛(가맹)점","address":"대구광역시 달서구 달서대로 431(호림동)1~2층","phone":"053-582-6016","hours":"09:30–21:30","openingDate":"20180630","region":"대구","options":["주차","포인트 적립가능","포인트 사용가능","고유가지원금"],"source":"㈜아성다이소 공식 매장검색","sourceUrl":"https://www.daiso.co.kr/cs/shop"}},{"type":"Feature","geometry":{"type":"Point","coordinates":[128.713976646272,35.8656717954396]},"properties":{"name":"대구반야월점","address":"대구광역시 동구 안심로 266 (동호동)1~2층","phone":"1522-4400","hours":"10:00–22:00","openingDate":"20181122","region":"대구","options":["주차","엘리베이터","네임 스티커","심카드","포인트 적립가능","포인트 사용가능","매장픽업"],"source":"㈜아성다이소 공식 매장검색","sourceUrl":"https://www.daiso.co.kr/cs/shop"}},{"type":"Feature","geometry":{"type":"Point","coordinates":[128.593340834492,35.8644213158621]},"properties":{"name":"대구반월당(환승)역점","address":"대구광역시 중구 달구벌대로 지하2100(덕산동)B3층","phone":"1522-4400","hours":"10:00–22:00","openingDate":"20220210","region":"대구","options":["포토 스티커","네임 스티커","포인트 적립가능","포인트 사용가능","매장픽업"],"source":"㈜아성다이소 공식 매장검색","sourceUrl":"https://www.daiso.co.kr/cs/shop"}},{"type":"Feature","geometry":{"type":"Point","coordinates":[128.664914901367,35.8820899153961]},"properties":{"name":"대구방촌시장점","address":"대구광역시 동구 동촌로45길 3(방촌동)1층","phone":"053-984-6016","hours":"10:00–22:00","openingDate":"20161124","region":"대구","options":["주차","포인트 적립가능","포인트 사용가능"],"source":"㈜아성다이소 공식 매장검색","sourceUrl":"https://www.daiso.co.kr/cs/shop"}},{"type":"Feature","geometry":{"type":"Point","coordinates":[128.621614261897,35.8923656099558]},"properties":{"name":"대구복현점","address":"대구광역시 북구 동북로 290 (복현동)1~2층","phone":"1522-4400","hours":"10:00–22:00","openingDate":"20101126","region":"대구","options":["주차","포토 스티커","네임 스티커","심카드","택스리펀드","포인트 적립가능","포인트 사용가능","매장픽업"],"source":"㈜아성다이소 공식 매장검색","sourceUrl":"https://www.daiso.co.kr/cs/shop"}},{"type":"Feature","geometry":{"type":"Point","coordinates":[128.537603230602,35.844148465582]},"properties":{"name":"대구본리점","address":"대구광역시 달서구 와룡로 130 (감삼동)1~3층","phone":"1522-4400","hours":"10:00–22:00","openingDate":"20170623","region":"대구","options":["주차","엘리베이터","네임 스티커","심카드","포인트 적립가능","포인트 사용가능","매장픽업"],"source":"㈜아성다이소 공식 매장검색","sourceUrl":"https://www.daiso.co.kr/cs/shop"}},{"type":"Feature","geometry":{"type":"Point","coordinates":[128.570324362723,35.871822944501]},"properties":{"name":"대구비산네거리점","address":"대구광역시 서구 국채보상로 362 (비산동)1층","phone":"1522-4400","hours":"10:00–22:00","openingDate":"20110731","region":"대구","options":["주차","심카드","포인트 적립가능","포인트 사용가능","매장픽업"],"source":"㈜아성다이소 공식 매장검색","sourceUrl":"https://www.daiso.co.kr/cs/shop"}},{"type":"Feature","geometry":{"type":"Point","coordinates":[128.609661106553,35.9062792349039]},"properties":{"name":"대구산격유통단지점","address":"대구광역시 북구 유통단지로 60 (산격동)B2~1층","phone":"1522-4400","hours":"10:00–22:00","openingDate":"20250930","region":"대구","options":["주차","택스리펀드","포인트 적립가능","포인트 사용가능","매장픽업"],"source":"㈜아성다이소 공식 매장검색","sourceUrl":"https://www.daiso.co.kr/cs/shop"}},{"type":"Feature","geometry":{"type":"Point","coordinates":[128.598685806583,35.8647493199528]},"properties":{"name":"대구삼덕점","address":"대구광역시 중구 달구벌대로 2147 (삼덕동1가)1~3층","phone":"1522-4400","hours":"10:00–22:00","openingDate":"20260918","region":"대구","options":["주차","출입구 경사로","엘리베이터","현금없는매장","포인트 적립가능","포인트 사용가능"],"source":"㈜아성다이소 공식 매장검색","sourceUrl":"https://www.daiso.co.kr/cs/shop"}},{"type":"Feature","geometry":{"type":"Point","coordinates":[128.537081873651,35.819104707178]},"properties":{"name":"대구상인네거리점","address":"대구광역시 달서구 월배로 219 (상인동)1~2층","phone":"1522-4400","hours":"10:00–22:00","openingDate":"20170929","region":"대구","options":["주차","출입구 경사로","포토 스티커","네임 스티커","심카드","포인트 적립가능","포인트 사용가능","매장픽업"],"source":"㈜아성다이소 공식 매장검색","sourceUrl":"https://www.daiso.co.kr/cs/shop"}},{"type":"Feature","geometry":{"type":"Point","coordinates":[128.557476097604,35.8379320850074]},"properties":{"name":"대구서부점","address":"대구광역시 달서구 구마로 265 (성당동)1~2층","phone":"1522-4400","hours":"10:00–22:00","openingDate":"20100115","region":"대구","options":["주차","출입구 경사로","네임 스티커","심카드","포인트 적립가능","포인트 사용가능","매장픽업"],"source":"㈜아성다이소 공식 매장검색","sourceUrl":"https://www.daiso.co.kr/cs/shop"}},{"type":"Feature","geometry":{"type":"Point","coordinates":[128.497802811092,35.8732771436702]},"properties":{"name":"대구서재점","address":"대구광역시 달성군 다사읍 서재로 1101층","phone":"1522-4400","hours":"10:00–22:00","openingDate":"20180621","region":"대구","options":["주차","출입구 경사로","심카드","포인트 적립가능","포인트 사용가능","매장픽업"],"source":"㈜아성다이소 공식 매장검색","sourceUrl":"https://www.daiso.co.kr/cs/shop"}},{"type":"Feature","geometry":{"type":"Point","coordinates":[128.510310551033,35.8550628916445]},"properties":{"name":"대구성서이곡점","address":"대구광역시 달서구 이곡공원로 26 (이곡동)1~3층","phone":"1522-4400","hours":"10:00–22:00","openingDate":"20120526","region":"대구","options":["주차","출입구 경사로","네임 스티커","심카드","포인트 적립가능","포인트 사용가능","매장픽업"],"source":"㈜아성다이소 공식 매장검색","sourceUrl":"https://www.daiso.co.kr/cs/shop"}},{"type":"Feature","geometry":{"type":"Point","coordinates":[128.639296904121,35.8591872679071]},"properties":{"name":"대구수성구청역점","address":"대구광역시 수성구 달구벌대로 2529 (범어동)1~3층","phone":"1522-4400","hours":"10:00–22:00","openingDate":"20190315","region":"대구","options":["주차","엘리베이터","네임 스티커","심카드","포인트 적립가능","포인트 사용가능","매장픽업"],"source":"㈜아성다이소 공식 매장검색","sourceUrl":"https://www.daiso.co.kr/cs/shop"}},{"type":"Feature","geometry":{"type":"Point","coordinates":[128.617660507087,35.8539635396746]},"properties":{"name":"대구수성시장네거리점","address":"대구광역시 수성구 명덕로 436(수성동3가)1~2층","phone":"053-767-6105","hours":"09:00–22:00","openingDate":"20150314","region":"대구","options":["주차","포인트 적립가능","포인트 사용가능","고유가지원금"],"source":"㈜아성다이소 공식 매장검색","sourceUrl":"https://www.daiso.co.kr/cs/shop"}},{"type":"Feature","geometry":{"type":"Point","coordinates":[128.699444091411,35.8417920827594]},"properties":{"name":"대구시지2호점","address":"대구광역시 수성구 달구벌대로 3132 (시지동)1~3층","phone":"1522-4400","hours":"10:00–22:00","openingDate":"20210108","region":"대구","options":["주차","출입구 경사로","엘리베이터","네임 스티커","포인트 적립가능","포인트 사용가능","매장픽업"],"source":"㈜아성다이소 공식 매장검색","sourceUrl":"https://www.daiso.co.kr/cs/shop"}},{"type":"Feature","geometry":{"type":"Point","coordinates":[128.582728730961,35.8641497070966]},"properties":{"name":"대구신남역점","address":"대구광역시 중구 남산로 84(남산동)1층","phone":"053-256-6016","hours":"10:00–22:00","openingDate":"20160822","region":"대구","options":["주차","포인트 적립가능","포인트 사용가능","고유가지원금"],"source":"㈜아성다이소 공식 매장검색","sourceUrl":"https://www.daiso.co.kr/cs/shop"}},{"type":"Feature","geometry":{"type":"Point","coordinates":[128.494976010501,35.8557908946317]},"properties":{"name":"대구신당점","address":"대구광역시 달서구 계대동문로 23-1 (신당동)1~4층","phone":"1522-4400","hours":"10:00–22:00","openingDate":"20110502","region":"대구","options":["출입구 경사로","엘리베이터","포토 스티커","심카드","포인트 적립가능","포인트 사용가능","매장픽업"],"source":"㈜아성다이소 공식 매장검색","sourceUrl":"https://www.daiso.co.kr/cs/shop"}},{"type":"Feature","geometry":{"type":"Point","coordinates":[128.528557106253,35.8260497168255]},"properties":{"name":"대구신월성점","address":"대구광역시 달서구 조암로 8 (월성동)1~3층","phone":"1522-4400","hours":"10:00–22:00","openingDate":"20160903","region":"대구","options":["주차","네임 스티커","심카드","포인트 적립가능","포인트 사용가능","매장픽업"],"source":"㈜아성다이소 공식 매장검색","sourceUrl":"https://www.daiso.co.kr/cs/shop"}},{"type":"Feature","geometry":{"type":"Point","coordinates":[128.572478937418,35.8415841314671]},"properties":{"name":"대구안지랑점","address":"대구광역시 남구 두류공원로 45(대명동)1~2층","phone":"053-657-6502","hours":"10:00–22:00","openingDate":"20180201","region":"대구","options":["주차","포인트 적립가능","포인트 사용가능","고유가지원금"],"source":"㈜아성다이소 공식 매장검색","sourceUrl":"https://www.daiso.co.kr/cs/shop"}},{"type":"Feature","geometry":{"type":"Point","coordinates":[128.595266645482,35.8747071725349]},"properties":{"name":"대구역점","address":"대구광역시 중구 태평로 160 (북성로1가)B2~B1층","phone":"1522-4400","hours":"10:00–22:00","openingDate":"20250918","region":"대구","options":["주차","엘리베이터","포인트 적립가능","포인트 사용가능","매장픽업"],"source":"㈜아성다이소 공식 매장검색","sourceUrl":"https://www.daiso.co.kr/cs/shop"}},{"type":"Feature","geometry":{"type":"Point","coordinates":[128.63092401878,35.9415094219148]},"properties":{"name":"대구연경지구점","address":"대구광역시 동구 동화천로 405 (지묘동)1~2층","phone":"053-985-6016","hours":"10:00–22:00","openingDate":"20210317","region":"대구","options":["포인트 적립가능","포인트 사용가능","고유가지원금"],"source":"㈜아성다이소 공식 매장검색","sourceUrl":"https://www.daiso.co.kr/cs/shop"}},{"type":"Feature","geometry":{"type":"Point","coordinates":[128.435813274053,35.7807104939848]},"properties":{"name":"대구옥포점","address":"대구광역시 달성군 옥포읍 돌미로 101~2층","phone":"","hours":"10:00–22:00","openingDate":"20160527","region":"대구","options":["주차","포인트 적립가능","포인트 사용가능","고유가지원금"],"source":"㈜아성다이소 공식 매장검색","sourceUrl":"https://www.daiso.co.kr/cs/shop"}},{"type":"Feature","geometry":{"type":"Point","coordinates":[128.550931125539,35.8206342853852]},"properties":{"name":"대구월촌점","address":"대구광역시 달서구 송현로 4(송현동)1~2층","phone":"053-657-6050","hours":"10:00–22:00","openingDate":"20180605","region":"대구","options":["주차","포인트 적립가능","포인트 사용가능","고유가지원금"],"source":"㈜아성다이소 공식 매장검색","sourceUrl":"https://www.daiso.co.kr/cs/shop"}},{"type":"Feature","geometry":{"type":"Point","coordinates":[128.470197328451,35.6939150540508]},"properties":{"name":"대구유가점","address":"대구광역시 달성군 유가읍 테크노순환로12길 31~2층","phone":"1522-4400","hours":"10:00–22:00","openingDate":"20190627","region":"대구","options":["주차","엘리베이터","현금없는매장","네임 스티커","심카드","포인트 적립가능","포인트 사용가능","매장픽업"],"source":"㈜아성다이소 공식 매장검색","sourceUrl":"https://www.daiso.co.kr/cs/shop"}},{"type":"Feature","geometry":{"type":"Point","coordinates":[128.696956723988,35.8632459500563]},"properties":{"name":"대구율하점","address":"대구광역시 동구 안심로22길 50 (율하동)1~2층","phone":"1522-4400","hours":"10:00–22:00","openingDate":"20110914","region":"대구","options":["주차","포인트 적립가능","포인트 사용가능","매장픽업"],"source":"㈜아성다이소 공식 매장검색","sourceUrl":"https://www.daiso.co.kr/cs/shop"}},{"type":"Feature","geometry":{"type":"Point","coordinates":[128.638452591256,35.9223234047733]},"properties":{"name":"대구이시아폴리스점","address":"대구광역시 동구 팔공로51길 21-1 (봉무동)1층","phone":"053-985-1127","hours":"10:00–22:00","openingDate":"20160311","region":"대구","options":["포인트 적립가능","포인트 사용가능","고유가지원금"],"source":"㈜아성다이소 공식 매장검색","sourceUrl":"https://www.daiso.co.kr/cs/shop"}},{"type":"Feature","geometry":{"type":"Point","coordinates":[128.463758308365,35.8596943746375]},"properties":{"name":"대구죽곡점","address":"대구광역시 달성군 다사읍 달구벌대로 8551층","phone":"1522-4400","hours":"10:00–22:00","openingDate":"20120210","region":"대구","options":["출입구 경사로","심카드","포인트 적립가능","포인트 사용가능","매장픽업"],"source":"㈜아성다이소 공식 매장검색","sourceUrl":"https://www.daiso.co.kr/cs/shop"}},{"type":"Feature","geometry":{"type":"Point","coordinates":[128.53548247158,35.8503293905828]},"properties":{"name":"대구죽전네거리점","address":"대구광역시 달서구 달구벌대로 1541-1 (죽전동)1~2층","phone":"1522-4400","hours":"10:00–22:00","openingDate":"20180530","region":"대구","options":["주차","출입구 경사로","엘리베이터","포토 스티커","네임 스티커","심카드","포인트 적립가능","포인트 사용가능","매장픽업"],"source":"㈜아성다이소 공식 매장검색","sourceUrl":"https://www.daiso.co.kr/cs/shop"}},{"type":"Feature","geometry":{"type":"Point","coordinates":[128.593296913547,35.8690730613163]},"properties":{"name":"대구중앙로점","address":"대구광역시 중구 중앙대로 403(남일동)1~2층","phone":"1522-4400","hours":"10:00–22:00","openingDate":"20221013","region":"대구","options":["출입구 경사로","포토 스티커","택스리펀드","포인트 적립가능","포인트 사용가능","매장픽업"],"source":"㈜아성다이소 공식 매장검색","sourceUrl":"https://www.daiso.co.kr/cs/shop"}},{"type":"Feature","geometry":{"type":"Point","coordinates":[128.520200186103,35.8138206489073]},"properties":{"name":"대구진천점","address":"대구광역시 달서구 월배로 51 (유천동, 진천역AK그랑폴리스)2층","phone":"1522-4400","hours":"10:00–22:00","openingDate":"20170203","region":"대구","options":["주차","포토 스티커","네임 스티커","심카드","포인트 적립가능","포인트 사용가능","매장픽업"],"source":"㈜아성다이소 공식 매장검색","sourceUrl":"https://www.daiso.co.kr/cs/shop"}},{"type":"Feature","geometry":{"type":"Point","coordinates":[128.55582421552,35.9315915041097]},"properties":{"name":"대구칠곡2지구점","address":"대구광역시 북구 구암로 138(구암동)1층","phone":"053-312-0102","hours":"10:00–22:00","openingDate":"20140524","region":"대구","options":["주차","포인트 적립가능","포인트 사용가능","고유가지원금"],"source":"㈜아성다이소 공식 매장검색","sourceUrl":"https://www.daiso.co.kr/cs/shop"}},{"type":"Feature","geometry":{"type":"Point","coordinates":[128.563882115767,35.9421822965921]},"properties":{"name":"대구칠곡3지구점","address":"대구광역시 북구 학정로 422 (구암동)1~3층","phone":"1522-4400","hours":"10:00–22:00","openingDate":"20120923","region":"대구","options":["주차","포토 스티커","네임 스티커","심카드","포인트 적립가능","포인트 사용가능","매장픽업"],"source":"㈜아성다이소 공식 매장검색","sourceUrl":"https://www.daiso.co.kr/cs/shop"}},{"type":"Feature","geometry":{"type":"Point","coordinates":[128.547901559785,35.9315036213154]},"properties":{"name":"대구칠곡네거리점","address":"대구광역시 북구 칠곡중앙대로 401 (태전동)1층","phone":"1522-4400","hours":"10:00–22:00","openingDate":"20130329","region":"대구","options":["주차","출입구 경사로","심카드","포인트 적립가능","포인트 사용가능","매장픽업"],"source":"㈜아성다이소 공식 매장검색","sourceUrl":"https://www.daiso.co.kr/cs/shop"}},{"type":"Feature","geometry":{"type":"Point","coordinates":[128.596190323007,35.8800231708815]},"properties":{"name":"대구칠성점","address":"대구광역시 북구 중앙대로 528 (칠성동2가)1~4층","phone":"1522-4400","hours":"10:00–22:00","openingDate":"20190906","region":"대구","options":["주차","엘리베이터","네임 스티커","심카드","포인트 적립가능","포인트 사용가능","매장픽업"],"source":"㈜아성다이소 공식 매장검색","sourceUrl":"https://www.daiso.co.kr/cs/shop"}},{"type":"Feature","geometry":{"type":"Point","coordinates":[128.59146427963,35.8894829965633]},"properties":{"name":"대구침산점","address":"대구광역시 북구 침산로 148 (침산동)2층","phone":"1522-4400","hours":"10:00–22:00","openingDate":"20250620","region":"대구","options":["주차","엘리베이터","포토 스티커","네임 스티커","포인트 적립가능","포인트 사용가능","매장픽업"],"source":"㈜아성다이소 공식 매장검색","sourceUrl":"https://www.daiso.co.kr/cs/shop"}},{"type":"Feature","geometry":{"type":"Point","coordinates":[128.548018361626,35.9186035331801]},"properties":{"name":"대구태전역점","address":"대구광역시 북구 칠곡중앙대로 254(태전동)1층","phone":"053-313-6016","hours":"10:00–22:00","openingDate":"20160624","region":"대구","options":["주차","포인트 적립가능","포인트 사용가능","고유가지원금"],"source":"㈜아성다이소 공식 매장검색","sourceUrl":"https://www.daiso.co.kr/cs/shop"}},{"type":"Feature","geometry":{"type":"Point","coordinates":[128.450449064313,35.6887794504931]},"properties":{"name":"대구테크노폴리스점","address":"대구광역시 달성군 현풍읍 테크노대로 321~2층","phone":"1522-4400","hours":"10:00–22:00","openingDate":"20161021","region":"대구","options":["주차","엘리베이터","네임 스티커","심카드","포인트 적립가능","포인트 사용가능","매장픽업"],"source":"㈜아성다이소 공식 매장검색","sourceUrl":"https://www.daiso.co.kr/cs/shop"}},{"type":"Feature","geometry":{"type":"Point","coordinates":[128.568146598834,35.8884497728371]},"properties":{"name":"대구팔달시장역점","address":"대구광역시 서구 팔달로 168(비산동)1층","phone":"053-352-6016","hours":"10:00–22:00","openingDate":"20161005","region":"대구","options":["주차","포인트 적립가능","포인트 사용가능","고유가지원금"],"source":"㈜아성다이소 공식 매장검색","sourceUrl":"https://www.daiso.co.kr/cs/shop"}},{"type":"Feature","geometry":{"type":"Point","coordinates":[128.554424667574,35.8752343491563]},"properties":{"name":"대구평리광명네거리점","address":"대구광역시 서구 서대구로 195(평리동)B1층","phone":"053-525-6016","hours":"10:00–22:00","openingDate":"20160805","region":"대구","options":["주차","포인트 적립가능","포인트 사용가능","고유가지원금"],"source":"㈜아성다이소 공식 매장검색","sourceUrl":"https://www.daiso.co.kr/cs/shop"}},{"type":"Feature","geometry":{"type":"Point","coordinates":[128.492556090856,35.8011148348333]},"properties":{"name":"대구화원점","address":"대구광역시 달성군 화원읍 성화로 21~3층","phone":"1522-4400","hours":"10:00–22:00","openingDate":"20220617","region":"대구","options":["주차","엘리베이터","네임 스티커","포인트 적립가능","포인트 사용가능","매장픽업"],"source":"㈜아성다이소 공식 매장검색","sourceUrl":"https://www.daiso.co.kr/cs/shop"}},{"type":"Feature","geometry":{"type":"Point","coordinates":[128.635940006132,35.871855451882]},"properties":{"name":"대구효신네거리2호점","address":"대구광역시 수성구 화랑로 82 (만촌동)1~4층","phone":"1522-4400","hours":"10:00–22:00","openingDate":"20180217","region":"대구","options":["출입구 경사로","심카드","포인트 적립가능","포인트 사용가능","매장픽업"],"source":"㈜아성다이소 공식 매장검색","sourceUrl":"https://www.daiso.co.kr/cs/shop"}},{"type":"Feature","geometry":{"type":"Point","coordinates":[128.62732526467,35.8774298682917]},"properties":{"name":"동대구역점","address":"대구광역시 동구 동대구로 지하 530 (신천동)B2~B1층","phone":"1522-4400","hours":"10:00–22:00","openingDate":"20190717","region":"대구","options":["포토 스티커","네임 스티커","심카드","포인트 적립가능","포인트 사용가능","매장픽업"],"source":"㈜아성다이소 공식 매장검색","sourceUrl":"https://www.daiso.co.kr/cs/shop"}},{"type":"Feature","geometry":{"type":"Point","coordinates":[128.548972635661,35.932989571394]},"properties":{"name":"동아아울렛강북점","address":"대구광역시 북구 칠곡중앙대로 416 (읍내동)B1층","phone":"1522-4400","hours":"10:00–22:00","openingDate":"20260626","region":"대구","options":["주차","엘리베이터","현금없는매장","포인트 적립가능","포인트 사용가능"],"source":"㈜아성다이소 공식 매장검색","sourceUrl":"https://www.daiso.co.kr/cs/shop"}},{"type":"Feature","geometry":{"type":"Point","coordinates":[128.693330946688,35.8684630267062]},"properties":{"name":"롯데마트대구점","address":"대구광역시 동구 안심로 80 (율하동)B1층","phone":"","hours":"10:00–22:00","openingDate":"20100715","region":"대구","options":[],"source":"㈜아성다이소 공식 매장검색","sourceUrl":"https://www.daiso.co.kr/cs/shop"}},{"type":"Feature","geometry":{"type":"Point","coordinates":[128.611622538069,35.8456148609386]},"properties":{"name":"롯데슈퍼수성점","address":"대구광역시 수성구 수성로 227 (중동)1층","phone":"","hours":"09:00–23:00","openingDate":"20071017","region":"대구","options":[],"source":"㈜아성다이소 공식 매장검색","sourceUrl":"https://www.daiso.co.kr/cs/shop"}},{"type":"Feature","geometry":{"type":"Point","coordinates":[128.633426593421,35.8414481807691]},"properties":{"name":"롯데슈퍼프리미엄황금점","address":"대구광역시 수성구 청수로 235 (황금동, 캐슬골드파크 2단지)B1층","phone":"","hours":"08:00–23:00","openingDate":"20240523","region":"대구","options":["주차"],"source":"㈜아성다이소 공식 매장검색","sourceUrl":"https://www.daiso.co.kr/cs/shop"}},{"type":"Feature","geometry":{"type":"Point","coordinates":[128.631399122308,35.8212756124202]},"properties":{"name":"목련시장점","address":"대구광역시 수성구 용학로 212 (지산동)B1~2층","phone":"1522-4400","hours":"10:00–22:00","openingDate":"20070519","region":"대구","options":["주차","출입구 경사로","심카드","포인트 적립가능","포인트 사용가능","매장픽업"],"source":"㈜아성다이소 공식 매장검색","sourceUrl":"https://www.daiso.co.kr/cs/shop"}},{"type":"Feature","geometry":{"type":"Point","coordinates":[128.622008850606,35.8619408282229]},"properties":{"name":"범어센트럴푸르지오점","address":"대구광역시 수성구 범어천로 167(수성동4가)1~2층","phone":"053-754-6016","hours":"10:00–22:00","openingDate":"20170207","region":"대구","options":["주차","포인트 적립가능","포인트 사용가능","고유가지원금"],"source":"㈜아성다이소 공식 매장검색","sourceUrl":"https://www.daiso.co.kr/cs/shop"}},{"type":"Feature","geometry":{"type":"Point","coordinates":[128.583141246507,35.833485789576]},"properties":{"name":"앞산순환로점","address":"대구광역시 남구 앞산순환로 535 (대명동)B1~1층","phone":"053-652-6016","hours":"10:00–22:00","openingDate":"20191001","region":"대구","options":["주차","포인트 적립가능","포인트 사용가능","고유가지원금"],"source":"㈜아성다이소 공식 매장검색","sourceUrl":"https://www.daiso.co.kr/cs/shop"}},{"type":"Feature","geometry":{"type":"Point","coordinates":[128.588319891158,35.8446102464514]},"properties":{"name":"영대병원역점","address":"대구광역시 남구 대명로 297 (대명동)1층","phone":"053-626-5665","hours":"09:00–22:00","openingDate":"20120511","region":"대구","options":["포인트 적립가능","포인트 사용가능","고유가지원금"],"source":"㈜아성다이소 공식 매장검색","sourceUrl":"https://www.daiso.co.kr/cs/shop"}},{"type":"Feature","geometry":{"type":"Point","coordinates":[128.49590651858,35.8001216450451]},"properties":{"name":"우리할인마트명곡점","address":"대구광역시 달성군 화원읍 명천로 2061층","phone":"","hours":"08:00–22:00","openingDate":"20220617","region":"대구","options":["주차"],"source":"㈜아성다이소 공식 매장검색","sourceUrl":"https://www.daiso.co.kr/cs/shop"}},{"type":"Feature","geometry":{"type":"Point","coordinates":[128.727433746817,35.8708526747902]},"properties":{"name":"이마트대구반야월점","address":"대구광역시 동구 안심로 389-2 (신서동)2층","phone":"","hours":"10:00–22:00","openingDate":"20191018","region":"대구","options":["주차"],"source":"㈜아성다이소 공식 매장검색","sourceUrl":"https://www.daiso.co.kr/cs/shop"}},{"type":"Feature","geometry":{"type":"Point","coordinates":[128.593343449093,35.8617317263409]},"properties":{"name":"탑마트대구점","address":"대구광역시 중구 중앙대로66길 20 (남산동, 반월당효성해링턴플레이스)B2층","phone":"","hours":"10:00–23:00","openingDate":"20170901","region":"대구","options":["주차"],"source":"㈜아성다이소 공식 매장검색","sourceUrl":"https://www.daiso.co.kr/cs/shop"}},{"type":"Feature","geometry":{"type":"Point","coordinates":[128.610094004512,35.8992939488842]},"properties":{"name":"하나로마트북대구농협점","address":"대구광역시 북구 동북로 160 (산격동)1층","phone":"","hours":"09:30–20:30","openingDate":"20260710","region":"대구","options":["주차"],"source":"㈜아성다이소 공식 매장검색","sourceUrl":"https://www.daiso.co.kr/cs/shop"}},{"type":"Feature","geometry":{"type":"Point","coordinates":[128.626546626841,35.8707298223024]},"properties":{"name":"현대시티아울렛대구점","address":"대구광역시 동구 동대구로 454 (신천동)8층","phone":"","hours":"10:30–21:00","openingDate":"20190609","region":"대구","options":["주차"],"source":"㈜아성다이소 공식 매장검색","sourceUrl":"https://www.daiso.co.kr/cs/shop"}},{"type":"Feature","geometry":{"type":"Point","coordinates":[128.527405810027,35.8494536056911]},"properties":{"name":"홈플러스성서점","address":"대구광역시 달서구 달구벌대로 1467 (용산동)B1층","phone":"1522-4400","hours":"10:00–22:00","openingDate":"20210210","region":"대구","options":["주차","포인트 적립가능","포인트 사용가능"],"source":"㈜아성다이소 공식 매장검색","sourceUrl":"https://www.daiso.co.kr/cs/shop"}},{"type":"Feature","geometry":{"type":"Point","coordinates":[128.555967217928,35.9448499076512]},"properties":{"name":"홈플러스칠곡점","address":"대구광역시 북구 동암로12길 8 (동천동)2층","phone":"1522-4400","hours":"10:00–22:00","openingDate":"20171116","region":"대구","options":["주차","포인트 적립가능","포인트 사용가능"],"source":"㈜아성다이소 공식 매장검색","sourceUrl":"https://www.daiso.co.kr/cs/shop"}},{"type":"Feature","geometry":{"type":"Point","coordinates":[127.344039589561,36.3537391187102]},"properties":{"name":"NC대전유성점","address":"대전광역시 유성구 계룡로 119 (봉명동)B1층","phone":"1522-4400","hours":"10:30–21:00","openingDate":"20241031","region":"대전","options":["주차","포인트 적립가능","포인트 사용가능"],"source":"㈜아성다이소 공식 매장검색","sourceUrl":"https://www.daiso.co.kr/cs/shop"}},{"type":"Feature","geometry":{"type":"Point","coordinates":[127.430245055803,36.3690334203314]},"properties":{"name":"e에브리데이법동점","address":"대전광역시 대덕구 동춘당로 178(법동, 보람아파트)B2층","phone":"","hours":"10:00–23:00","openingDate":"20230310","region":"대전","options":["주차"],"source":"㈜아성다이소 공식 매장검색","sourceUrl":"https://www.daiso.co.kr/cs/shop"}},{"type":"Feature","geometry":{"type":"Point","coordinates":[127.454525133638,36.3284130942266]},"properties":{"name":"e에브리데이용방점","address":"대전 동구 계족로140번길 183 (용운동, 덕림코아빌딩)1층","phone":"","hours":"10:00–22:00","openingDate":"20190123","region":"대전","options":["주차"],"source":"㈜아성다이소 공식 매장검색","sourceUrl":"https://www.daiso.co.kr/cs/shop"}},{"type":"Feature","geometry":{"type":"Point","coordinates":[127.349497058183,36.3047651958663]},"properties":{"name":"대전가수원점","address":"대전광역시 서구 계백로 1135 (가수원동)2층","phone":"1522-4400","hours":"10:00–22:00","openingDate":"20170304","region":"대전","options":["주차","엘리베이터","포토 스티커","네임 스티커","심카드","포인트 적립가능","포인트 사용가능","매장픽업"],"source":"㈜아성다이소 공식 매장검색","sourceUrl":"https://www.daiso.co.kr/cs/shop"}},{"type":"Feature","geometry":{"type":"Point","coordinates":[127.454168263795,36.3037019987136]},"properties":{"name":"대전가오점","address":"대전광역시 동구 대전로 417 (가오동)1층","phone":"1522-4400","hours":"10:00–22:00","openingDate":"20180630","region":"대전","options":["주차","네임 스티커","심카드","포인트 적립가능","포인트 사용가능","매장픽업"],"source":"㈜아성다이소 공식 매장검색","sourceUrl":"https://www.daiso.co.kr/cs/shop"}},{"type":"Feature","geometry":{"type":"Point","coordinates":[127.367737521776,36.3503807812087]},"properties":{"name":"대전갈마2호점","address":"대전광역시 서구 신갈마로 187 (갈마동)B1~3층","phone":"1522-4400","hours":"10:00–22:00","openingDate":"20180619","region":"대전","options":["출입구 경사로","네임 스티커","심카드","포인트 적립가능","포인트 사용가능","매장픽업"],"source":"㈜아성다이소 공식 매장검색","sourceUrl":"https://www.daiso.co.kr/cs/shop"}},{"type":"Feature","geometry":{"type":"Point","coordinates":[127.369647747819,36.3461362980473]},"properties":{"name":"대전갈마점","address":"대전광역시 서구 갈마로 69 (갈마동)1~2층","phone":"042-524-6016","hours":"10:00–22:00","openingDate":"20190701","region":"대전","options":["포인트 적립가능","포인트 사용가능","고유가지원금"],"source":"㈜아성다이소 공식 매장검색","sourceUrl":"https://www.daiso.co.kr/cs/shop"}},{"type":"Feature","geometry":{"type":"Point","coordinates":[127.375974031749,36.2980773038482]},"properties":{"name":"대전과학기술대점","address":"대전광역시 서구 복수남로 49(복수동)1층","phone":"042-584-2156","hours":"10:00–22:00","openingDate":"20150612","region":"대전","options":["주차","포인트 적립가능","포인트 사용가능","고유가지원금"],"source":"㈜아성다이소 공식 매장검색","sourceUrl":"https://www.daiso.co.kr/cs/shop"}},{"type":"Feature","geometry":{"type":"Point","coordinates":[127.335640096917,36.2991356451357]},"properties":{"name":"대전관저점","address":"대전 서구 관저중로80번길 21~2층","phone":"042-545-9749","hours":"10:00–22:00","openingDate":"20160602","region":"대전","options":["포인트 적립가능","포인트 사용가능","고유가지원금"],"source":"㈜아성다이소 공식 매장검색","sourceUrl":"https://www.daiso.co.kr/cs/shop"}},{"type":"Feature","geometry":{"type":"Point","coordinates":[127.391040787882,36.4269396731633]},"properties":{"name":"대전관평점","address":"대전광역시 유성구 테크노중앙로 47(관평동)1~2층","phone":"1522-4400","hours":"10:00–22:00","openingDate":"20211223","region":"대전","options":["주차","엘리베이터","포토 스티커","네임 스티커","포인트 적립가능","포인트 사용가능","매장픽업"],"source":"㈜아성다이소 공식 매장검색","sourceUrl":"https://www.daiso.co.kr/cs/shop"}},{"type":"Feature","geometry":{"type":"Point","coordinates":[127.377610154886,36.3403545999924]},"properties":{"name":"대전괴정점","address":"대전광역시 서구 괴정로 30 (괴정동)B1층","phone":"1522-4400","hours":"10:00–22:00","openingDate":"20240418","region":"대전","options":["주차","출입구 경사로","엘리베이터","포토 스티커","네임 스티커","포인트 적립가능","포인트 사용가능","매장픽업"],"source":"㈜아성다이소 공식 매장검색","sourceUrl":"https://www.daiso.co.kr/cs/shop"}},{"type":"Feature","geometry":{"type":"Point","coordinates":[127.331037102885,36.3568432694062]},"properties":{"name":"대전구암점","address":"대전광역시 유성구 유성대로 707 (구암동)1~3층","phone":"1522-4400","hours":"10:00–22:00","openingDate":"20250628","region":"대전","options":["주차","출입구 경사로","엘리베이터","포인트 적립가능","포인트 사용가능","매장픽업"],"source":"㈜아성다이소 공식 매장검색","sourceUrl":"https://www.daiso.co.kr/cs/shop"}},{"type":"Feature","geometry":{"type":"Point","coordinates":[127.371344866321,36.3343759965427]},"properties":{"name":"대전내동점","address":"대전광역시 서구 동서대로 979(내동)1~3층","phone":"042-528-6016","hours":"09:30–22:00","openingDate":"20170701","region":"대전","options":["주차","포인트 적립가능","포인트 사용가능","고유가지원금"],"source":"㈜아성다이소 공식 매장검색","sourceUrl":"https://www.daiso.co.kr/cs/shop"}},{"type":"Feature","geometry":{"type":"Point","coordinates":[127.305660493742,36.3785882703476]},"properties":{"name":"대전노은3지구점","address":"대전광역시 유성구 지족로148번길 39-27 (지족동)1~2층","phone":"1522-4400","hours":"10:00–22:00","openingDate":"20240620","region":"대전","options":["네임 스티커","포인트 적립가능","포인트 사용가능"],"source":"㈜아성다이소 공식 매장검색","sourceUrl":"https://www.daiso.co.kr/cs/shop"}},{"type":"Feature","geometry":{"type":"Point","coordinates":[127.31914461827,36.3748408971408]},"properties":{"name":"대전노은점","address":"대전광역시 유성구 은구비남로33번길 59 (지족동)1~3층","phone":"1522-4400","hours":"10:00–22:00","openingDate":"20100423","region":"대전","options":["엘리베이터","현금없는매장","네임 스티커","심카드","포인트 적립가능","포인트 사용가능","매장픽업"],"source":"㈜아성다이소 공식 매장검색","sourceUrl":"https://www.daiso.co.kr/cs/shop"}},{"type":"Feature","geometry":{"type":"Point","coordinates":[127.378317636659,36.316358939726]},"properties":{"name":"대전도마2호점","address":"대전광역시 서구 제비네1길 4 (도마동)1~2층","phone":"1522-4400","hours":"10:00–22:00","openingDate":"20180921","region":"대전","options":["주차","출입구 경사로","엘리베이터","네임 스티커","심카드","포인트 적립가능","포인트 사용가능","매장픽업"],"source":"㈜아성다이소 공식 매장검색","sourceUrl":"https://www.daiso.co.kr/cs/shop"}},{"type":"Feature","geometry":{"type":"Point","coordinates":[127.376899391806,36.352145663605]},"properties":{"name":"대전둔산타임월드점","address":"대전 서구 둔산로 25 (둔산동)B1~2층","phone":"1522-4400","hours":"10:00–22:00","openingDate":"20120120","region":"대전","options":["주차","출입구 경사로","엘리베이터","포토 스티커","심카드","포인트 적립가능","포인트 사용가능","매장픽업"],"source":"㈜아성다이소 공식 매장검색","sourceUrl":"https://www.daiso.co.kr/cs/shop"}},{"type":"Feature","geometry":{"type":"Point","coordinates":[127.408250776224,36.3154424601537]},"properties":{"name":"대전문화점","address":"대전광역시 중구 문화로 210 (문화동)1~3층","phone":"1522-4400","hours":"10:00–22:00","openingDate":"20190216","region":"대전","options":["엘리베이터","네임 스티커","심카드","포인트 적립가능","포인트 사용가능","매장픽업"],"source":"㈜아성다이소 공식 매장검색","sourceUrl":"https://www.daiso.co.kr/cs/shop"}},{"type":"Feature","geometry":{"type":"Point","coordinates":[127.314351027883,36.3932954562812]},"properties":{"name":"대전반석점","address":"대전광역시 유성구 북유성대로316번길 11 (반석동)1층","phone":"1522-4400","hours":"10:00–22:00","openingDate":"20170915","region":"대전","options":["주차","엘리베이터","네임 스티커","심카드","포인트 적립가능","포인트 사용가능","매장픽업"],"source":"㈜아성다이소 공식 매장검색","sourceUrl":"https://www.daiso.co.kr/cs/shop"}},{"type":"Feature","geometry":{"type":"Point","coordinates":[127.370539549262,36.3238783249645]},"properties":{"name":"대전배재대점","address":"대전광역시 서구 배재로172번길 3 (도마동)1~2층","phone":"1522-4400","hours":"10:00–22:00","openingDate":"20130520","region":"대전","options":["출입구 경사로","포토 스티커","심카드","포인트 적립가능","포인트 사용가능","매장픽업"],"source":"㈜아성다이소 공식 매장검색","sourceUrl":"https://www.daiso.co.kr/cs/shop"}},{"type":"Feature","geometry":{"type":"Point","coordinates":[127.45101067352,36.3478866372309]},"properties":{"name":"대전보건대점","address":"대전광역시 동구 우암로 324(가양동)1~2층","phone":"042-637-6370","hours":"09:00–22:00","openingDate":"20150506","region":"대전","options":["주차","포인트 적립가능","포인트 사용가능","고유가지원금"],"source":"㈜아성다이소 공식 매장검색","sourceUrl":"https://www.daiso.co.kr/cs/shop"}},{"type":"Feature","geometry":{"type":"Point","coordinates":[127.43797922555,36.3500708902354]},"properties":{"name":"대전본점","address":"대전광역시 동구 동서대로1695번길 8 (용전동)1~5층","phone":"1522-4400","hours":"10:00–22:00","openingDate":"20161029","region":"대전","options":["주차","엘리베이터","포토 스티커","네임 스티커","심카드","택스리펀드","포인트 적립가능","포인트 사용가능","매장픽업"],"source":"㈜아성다이소 공식 매장검색","sourceUrl":"https://www.daiso.co.kr/cs/shop"}},{"type":"Feature","geometry":{"type":"Point","coordinates":[127.467322530917,36.2813298719291]},"properties":{"name":"대전산내점","address":"대전광역시 동구 산내로 1321(낭월동)1층","phone":"042-285-0400","hours":"09:00–22:00","openingDate":"20180601","region":"대전","options":["주차","포인트 적립가능","포인트 사용가능","고유가지원금"],"source":"㈜아성다이소 공식 매장검색","sourceUrl":"https://www.daiso.co.kr/cs/shop"}},{"type":"Feature","geometry":{"type":"Point","coordinates":[127.385921095564,36.3034619868251]},"properties":{"name":"대전산성점","address":"대전광역시 중구 대둔산로 381 (산성동)1~2층","phone":"042-581-0307","hours":"10:00–22:00","openingDate":"20190121","region":"대전","options":["주차","포인트 적립가능","포인트 사용가능","고유가지원금"],"source":"㈜아성다이소 공식 매장검색","sourceUrl":"https://www.daiso.co.kr/cs/shop"}},{"type":"Feature","geometry":{"type":"Point","coordinates":[127.335066906834,36.3468859369701]},"properties":{"name":"대전상대점","address":"대전광역시 유성구 월드컵대로316번길 30 (상대동)1층","phone":"042-368-9393","hours":"10:00–22:00","openingDate":"20161101","region":"대전","options":["포인트 적립가능","포인트 사용가능","고유가지원금"],"source":"㈜아성다이소 공식 매장검색","sourceUrl":"https://www.daiso.co.kr/cs/shop"}},{"type":"Feature","geometry":{"type":"Point","coordinates":[127.389474982204,36.349655944379]},"properties":{"name":"대전시청점","address":"대전광역시 서구 둔산중로32번길 47 (둔산동)1~5층","phone":"1522-4400","hours":"10:00–22:00","openingDate":"20180307","region":"대전","options":["엘리베이터","포토 스티커","심카드","포인트 적립가능","포인트 사용가능","매장픽업"],"source":"㈜아성다이소 공식 매장검색","sourceUrl":"https://www.daiso.co.kr/cs/shop"}},{"type":"Feature","geometry":{"type":"Point","coordinates":[127.34982574112,36.3867273259451]},"properties":{"name":"대전신성점","address":"대전광역시 유성구 신성남로 43(신성동)1~2층","phone":"042-863-6016","hours":"09:30–22:00","openingDate":"20180801","region":"대전","options":["포인트 적립가능","포인트 사용가능","고유가지원금"],"source":"㈜아성다이소 공식 매장검색","sourceUrl":"https://www.daiso.co.kr/cs/shop"}},{"type":"Feature","geometry":{"type":"Point","coordinates":[127.428743463265,36.4501151421833]},"properties":{"name":"대전신탄진점","address":"대전광역시 대덕구 신탄진로 811(신탄진동)B1~1층","phone":"042-935-8985","hours":"09:00–22:00","openingDate":"20150706","region":"대전","options":["포인트 적립가능","포인트 사용가능"],"source":"㈜아성다이소 공식 매장검색","sourceUrl":"https://www.daiso.co.kr/cs/shop"}},{"type":"Feature","geometry":{"type":"Point","coordinates":[127.407613871827,36.3213955683428]},"properties":{"name":"대전오류점","address":"대전광역시 중구 계백로 1693 (오류동)1~2층","phone":"1522-4400","hours":"10:00–22:00","openingDate":"20100706","region":"대전","options":["주차","출입구 경사로","심카드","포인트 적립가능","포인트 사용가능","매장픽업"],"source":"㈜아성다이소 공식 매장검색","sourceUrl":"https://www.daiso.co.kr/cs/shop"}},{"type":"Feature","geometry":{"type":"Point","coordinates":[127.391312709609,36.3394430467127]},"properties":{"name":"대전용문점","address":"대전광역시 서구 계룡로 622 (용문동)B1~2층","phone":"1522-4400","hours":"10:00–22:00","openingDate":"20090721","region":"대전","options":["출입구 경사로","네임 스티커","심카드","포인트 적립가능","포인트 사용가능","매장픽업"],"source":"㈜아성다이소 공식 매장검색","sourceUrl":"https://www.daiso.co.kr/cs/shop"}},{"type":"Feature","geometry":{"type":"Point","coordinates":[127.3356356225069,36.299130701209315]},"properties":{"name":"대전원내점","address":"대전 유성구 진잠로92번길 85 (원내동)1~2층","phone":"042-544-6680","hours":"08:00–22:00","openingDate":"20210327","region":"대전","options":["주차","포인트 적립가능","포인트 사용가능","고유가지원금"],"source":"㈜아성다이소 공식 매장검색","sourceUrl":"https://www.daiso.co.kr/cs/shop"}},{"type":"Feature","geometry":{"type":"Point","coordinates":[127.363371178191,36.355968086367]},"properties":{"name":"대전월평점","address":"대전광역시 서구 월평로 58 (월평동)1~2층","phone":"042-488-9281","hours":"10:00–22:00","openingDate":"20250601","region":"대전","options":["주차","포인트 적립가능","포인트 사용가능","고유가지원금"],"source":"㈜아성다이소 공식 매장검색","sourceUrl":"https://www.daiso.co.kr/cs/shop"}},{"type":"Feature","geometry":{"type":"Point","coordinates":[127.342234795069,36.3545332805735]},"properties":{"name":"대전유성온천역점","address":"대전광역시 유성구 대학로 10 (봉명동)1~4층","phone":"1522-4400","hours":"10:00–22:00","openingDate":"20170820","region":"대전","options":["엘리베이터","심카드","포인트 적립가능","포인트 사용가능","매장픽업"],"source":"㈜아성다이소 공식 매장검색","sourceUrl":"https://www.daiso.co.kr/cs/shop"}},{"type":"Feature","geometry":{"type":"Point","coordinates":[127.400692077107,36.3990396005576]},"properties":{"name":"대전전민점","address":"대전광역시 유성구 전민로70번길 5(전민동)1~2층","phone":"042-861-6016","hours":"10:00–22:00","openingDate":"20151121","region":"대전","options":["주차","포인트 적립가능","포인트 사용가능","고유가지원금"],"source":"㈜아성다이소 공식 매장검색","sourceUrl":"https://www.daiso.co.kr/cs/shop"}},{"type":"Feature","geometry":{"type":"Point","coordinates":[127.338215064646,36.3699660731531]},"properties":{"name":"대전죽동점","address":"대전광역시 유성구 죽동로 291(죽동)1~3층","phone":"042-867-6016","hours":"10:00–21:30","openingDate":"20161105","region":"대전","options":["주차","포인트 적립가능","포인트 사용가능","고유가지원금"],"source":"㈜아성다이소 공식 매장검색","sourceUrl":"https://www.daiso.co.kr/cs/shop"}},{"type":"Feature","geometry":{"type":"Point","coordinates":[127.426680990147,36.3586488470096]},"properties":{"name":"대전중리본점","address":"대전광역시 대덕구 한밭대로 1154 (중리동)1~5층","phone":"1522-4400","hours":"10:00–22:00","openingDate":"20250614","region":"대전","options":["주차","출입구 경사로","엘리베이터","포토 스티커","네임 스티커","택스리펀드","포인트 적립가능","포인트 사용가능","매장픽업"],"source":"㈜아성다이소 공식 매장검색","sourceUrl":"https://www.daiso.co.kr/cs/shop"}},{"type":"Feature","geometry":{"type":"Point","coordinates":[127.415367956542,36.3367013208044]},"properties":{"name":"대전중촌네거리점","address":"대전광역시 중구 대종로 625 (중촌동)B1~5층","phone":"1522-4400","hours":"10:00–22:00","openingDate":"20160703","region":"대전","options":["주차","포토 스티커","네임 스티커","심카드","포인트 적립가능","포인트 사용가능","매장픽업"],"source":"㈜아성다이소 공식 매장검색","sourceUrl":"https://www.daiso.co.kr/cs/shop"}},{"type":"Feature","geometry":{"type":"Point","coordinates":[127.394942689362,36.3245843006876]},"properties":{"name":"대전태평점","address":"대전광역시 중구 태평로 80 (태평동, 삼부아파트1단지)B1~1층","phone":"1522-4400","hours":"10:00–22:00","openingDate":"20130220","region":"대전","options":["주차","출입구 경사로","네임 스티커","심카드","포인트 적립가능","포인트 사용가능","매장픽업"],"source":"㈜아성다이소 공식 매장검색","sourceUrl":"https://www.daiso.co.kr/cs/shop"}},{"type":"Feature","geometry":{"type":"Point","coordinates":[127.453922953303,36.3169692684082]},"properties":{"name":"대전판암점","address":"대전광역시 동구 옥천로 122(판암동)1~2층","phone":"042-285-5900","hours":"10:00–22:00","openingDate":"20171201","region":"대전","options":["주차","포인트 적립가능","포인트 사용가능"],"source":"㈜아성다이소 공식 매장검색","sourceUrl":"https://www.daiso.co.kr/cs/shop"}},{"type":"Feature","geometry":{"type":"Point","coordinates":[127.298055349528,36.3496975168798]},"properties":{"name":"대전한밭대점","address":"대전광역시 유성구 학하서로121번길 55-13 (덕명동)1층","phone":"042-825-5990","hours":"10:00–22:00","openingDate":"20180413","region":"대전","options":["주차","포인트 적립가능","포인트 사용가능","고유가지원금"],"source":"㈜아성다이소 공식 매장검색","sourceUrl":"https://www.daiso.co.kr/cs/shop"}},{"type":"Feature","geometry":{"type":"Point","coordinates":[127.386979426622,36.4269265013269]},"properties":{"name":"롯데마트대덕테크노점","address":"대전광역시 유성구 테크노중앙로 14 (관평동)2층","phone":"","hours":"10:00–23:00","openingDate":"20071115","region":"대전","options":[],"source":"㈜아성다이소 공식 매장검색","sourceUrl":"https://www.daiso.co.kr/cs/shop"}},{"type":"Feature","geometry":{"type":"Point","coordinates":[127.321530697408,36.3843600701071]},"properties":{"name":"롯데마트대전노은점","address":"대전광역시 유성구 북유성대로 206 (하기동)1층","phone":"","hours":"10:00–23:00","openingDate":"20081023","region":"대전","options":[],"source":"㈜아성다이소 공식 매장검색","sourceUrl":"https://www.daiso.co.kr/cs/shop"}},{"type":"Feature","geometry":{"type":"Point","coordinates":[127.324821574327,36.3005166711376]},"properties":{"name":"롯데마트서대전점","address":"대전광역시 유성구 유성대로 26-37 (원내동)2층","phone":"1522-4400","hours":"10:00–22:00","openingDate":"20011227","region":"대전","options":["포인트 적립가능"],"source":"㈜아성다이소 공식 매장검색","sourceUrl":"https://www.daiso.co.kr/cs/shop"}},{"type":"Feature","geometry":{"type":"Point","coordinates":[127.409616148139,36.3378398024415]},"properties":{"name":"롯데슈퍼중촌점","address":"대전광역시 중구 목중로 50 (중촌동)1층","phone":"","hours":"10:00–23:00","openingDate":"20230422","region":"대전","options":["주차"],"source":"㈜아성다이소 공식 매장검색","sourceUrl":"https://www.daiso.co.kr/cs/shop"}},{"type":"Feature","geometry":{"type":"Point","coordinates":[127.362920657362,36.3577019635918]},"properties":{"name":"이마트트레이더스월평점","address":"대전광역시 서구 한밭대로 580 (월평동)2층","phone":"1522-4400","hours":"10:00–22:00","openingDate":"20241115","region":"대전","options":["주차","포인트 적립가능","포인트 사용가능"],"source":"㈜아성다이소 공식 매장검색","sourceUrl":"https://www.daiso.co.kr/cs/shop"}},{"type":"Feature","geometry":{"type":"Point","coordinates":[127.457985837078,36.3069678174478]},"properties":{"name":"패션아일랜드대전점","address":"대전광역시 동구 은어송로 72 (가오동)2층","phone":"1522-4400","hours":"10:00–22:00","openingDate":"20100813","region":"대전","options":["주차","엘리베이터","포토 스티커","심카드","포인트 적립가능","포인트 사용가능","매장픽업"],"source":"㈜아성다이소 공식 매장검색","sourceUrl":"https://www.daiso.co.kr/cs/shop"}},{"type":"Feature","geometry":{"type":"Point","coordinates":[127.37844614325,36.2885908554605]},"properties":{"name":"하나로클럽대전점","address":"대전광역시 중구 대둔산로199번길 43 (안영동)1층","phone":"","hours":"09:00–22:00","openingDate":"20130327","region":"대전","options":["주차"],"source":"㈜아성다이소 공식 매장검색","sourceUrl":"https://www.daiso.co.kr/cs/shop"}},{"type":"Feature","geometry":{"type":"Point","coordinates":[127.354171588147,36.3584023856827]},"properties":{"name":"홈플러스유성점","address":"대전광역시 유성구 한밭대로 502(봉명동)1층","phone":"1522-4400","hours":"10:00–22:00","openingDate":"20220622","region":"대전","options":["주차","포인트 적립가능","포인트 사용가능"],"source":"㈜아성다이소 공식 매장검색","sourceUrl":"https://www.daiso.co.kr/cs/shop"}},{"type":"Feature","geometry":{"type":"Point","coordinates":[129.111216765972,35.1342294576999]},"properties":{"name":"*롯데슈퍼부산용호점","address":"부산광역시 남구 분포로 145 (용호동, 더블유)B1층","phone":"1522-4400","hours":"10:00–22:00","openingDate":"20190823","region":"부산","options":["주차","포인트 적립가능","포인트 사용가능"],"source":"㈜아성다이소 공식 매장검색","sourceUrl":"https://www.daiso.co.kr/cs/shop"}},{"type":"Feature","geometry":{"type":"Point","coordinates":[129.024787790921,35.2109128711899]},"properties":{"name":"GS슈퍼만덕점","address":"부산광역시 북구 덕천로 188 (만덕동)1층","phone":"","hours":"10:00–22:00","openingDate":"20241217","region":"부산","options":["주차"],"source":"㈜아성다이소 공식 매장검색","sourceUrl":"https://www.daiso.co.kr/cs/shop"}},{"type":"Feature","geometry":{"type":"Point","coordinates":[129.101840748609,35.2063535756832]},"properties":{"name":"GS슈퍼명장점","address":"부산광역시 동래구 반송로 291 (명장동)1층","phone":"","hours":"10:00–23:00","openingDate":"20000720","region":"부산","options":[],"source":"㈜아성다이소 공식 매장검색","sourceUrl":"https://www.daiso.co.kr/cs/shop"}},{"type":"Feature","geometry":{"type":"Point","coordinates":[129.166519366422,35.3354024518041]},"properties":{"name":"GS슈퍼정관신도시점","address":"부산광역시 기장군 정관읍 모전1길 141층","phone":"","hours":"10:00–23:00","openingDate":"20240730","region":"부산","options":["주차"],"source":"㈜아성다이소 공식 매장검색","sourceUrl":"https://www.daiso.co.kr/cs/shop"}},{"type":"Feature","geometry":{"type":"Point","coordinates":[129.118204017457,35.1995552754463]},"properties":{"name":"e에브리데이부산반여점","address":"부산광역시 해운대구 선수촌로 65-7 (반여동)1층","phone":"","hours":"10:00–23:00","openingDate":"20240221","region":"부산","options":["주차"],"source":"㈜아성다이소 공식 매장검색","sourceUrl":"https://www.daiso.co.kr/cs/shop"}},{"type":"Feature","geometry":{"type":"Point","coordinates":[129.020721602797,35.1474528963284]},"properties":{"name":"구)성황리마트개금점","address":"부산광역시 부산진구 복지로 61 (개금동)1~2층","phone":"1522-4400","hours":"10:00–22:00","openingDate":"20190517","region":"부산","options":["주차","포인트 적립가능","포인트 사용가능"],"source":"㈜아성다이소 공식 매장검색","sourceUrl":"https://www.daiso.co.kr/cs/shop"}},{"type":"Feature","geometry":{"type":"Point","coordinates":[128.995892327202,35.1985350647221]},"properties":{"name":"구포구남점","address":"부산광역시 북구 백양대로 1041 (구포동)1~3층","phone":"1522-4400","hours":"10:00–22:00","openingDate":"20160512","region":"부산","options":["출입구 경사로","심카드","포인트 적립가능","포인트 사용가능","매장픽업"],"source":"㈜아성다이소 공식 매장검색","sourceUrl":"https://www.daiso.co.kr/cs/shop"}},{"type":"Feature","geometry":{"type":"Point","coordinates":[129.077479742123,35.2117079891013]},"properties":{"name":"롯데마트동래점","address":"부산광역시 동래구 중앙대로 1393 (온천동)1층","phone":"1522-4400","hours":"10:00–22:00","openingDate":"20080529","region":"부산","options":["포인트 적립가능"],"source":"㈜아성다이소 공식 매장검색","sourceUrl":"https://www.daiso.co.kr/cs/shop"}},{"type":"Feature","geometry":{"type":"Point","coordinates":[129.049315888877,35.1633069816999]},"properties":{"name":"롯데마트부산점","address":"부산광역시 부산진구 신천대로 241 (부암동)2층","phone":"1522-4400","hours":"10:00–22:00","openingDate":"20260807","region":"부산","options":["주차","포인트 적립가능"],"source":"㈜아성다이소 공식 매장검색","sourceUrl":"https://www.daiso.co.kr/cs/shop"}},{"type":"Feature","geometry":{"type":"Point","coordinates":[128.968358334702,35.1275983422866]},"properties":{"name":"롯데마트사상점","address":"부산광역시 사상구 낙동대로 733 (엄궁동)3층","phone":"","hours":"10:00–22:00","openingDate":"20260821","region":"부산","options":["주차","포인트 적립가능"],"source":"㈜아성다이소 공식 매장검색","sourceUrl":"https://www.daiso.co.kr/cs/shop"}},{"type":"Feature","geometry":{"type":"Point","coordinates":[128.972309975324,35.0847834645652]},"properties":{"name":"롯데마트사하점","address":"부산광역시 사하구 을숙도대로 610 (장림동)2층","phone":"","hours":"10:00–23:00","openingDate":"20010420","region":"부산","options":[],"source":"㈜아성다이소 공식 매장검색","sourceUrl":"https://www.daiso.co.kr/cs/shop"}},{"type":"Feature","geometry":{"type":"Point","coordinates":[129.013014537455,35.2351671492048]},"properties":{"name":"롯데마트화명점","address":"부산광역시 북구 화명대로 47 (화명동)2층","phone":"","hours":"10:00–23:00","openingDate":"20170117","region":"부산","options":["주차"],"source":"㈜아성다이소 공식 매장검색","sourceUrl":"https://www.daiso.co.kr/cs/shop"}},{"type":"Feature","geometry":{"type":"Point","coordinates":[129.106753929158,35.1818752375289]},"properties":{"name":"롯데슈퍼연산점","address":"부산광역시 연제구 과정로 115 (연산동)1층","phone":"","hours":"09:30–23:00","openingDate":"20061021","region":"부산","options":[],"source":"㈜아성다이소 공식 매장검색","sourceUrl":"https://www.daiso.co.kr/cs/shop"}},{"type":"Feature","geometry":{"type":"Point","coordinates":[129.221857368122,35.254688609698]},"properties":{"name":"메가마트기장점","address":"부산 기장군 일광면 기장대로 6731층","phone":"","hours":"10:00–22:00","openingDate":"20190130","region":"부산","options":["주차"],"source":"㈜아성다이소 공식 매장검색","sourceUrl":"https://www.daiso.co.kr/cs/shop"}},{"type":"Feature","geometry":{"type":"Point","coordinates":[129.081136713476,35.2045508431721]},"properties":{"name":"메가마트동래점","address":"부산광역시 동래구 충렬대로 197 (명륜동)1층","phone":"","hours":"10:00–22:00","openingDate":"20190906","region":"부산","options":["주차"],"source":"㈜아성다이소 공식 매장검색","sourceUrl":"https://www.daiso.co.kr/cs/shop"}},{"type":"Feature","geometry":{"type":"Point","coordinates":[128.967732825201,35.0813367242679]},"properties":{"name":"미진마트부산장림점","address":"부산광역시 사하구 장림번영로 19(장림동)2층","phone":"051-263-7988","hours":"08:30–22:30","openingDate":"20150211","region":"부산","options":["포인트 적립가능","포인트 사용가능"],"source":"㈜아성다이소 공식 매장검색","sourceUrl":"https://www.daiso.co.kr/cs/shop"}},{"type":"Feature","geometry":{"type":"Point","coordinates":[129.024360888058,35.1534873691192]},"properties":{"name":"부산개금점","address":"부산광역시 부산진구 가야대로 477 (개금동)1~3층","phone":"1522-4400","hours":"10:00–22:00","openingDate":"20190811","region":"부산","options":["엘리베이터","포토 스티커","심카드","포인트 적립가능","포인트 사용가능","매장픽업"],"source":"㈜아성다이소 공식 매장검색","sourceUrl":"https://www.daiso.co.kr/cs/shop"}},{"type":"Feature","geometry":{"type":"Point","coordinates":[129.072709065667,35.1826488821699]},"properties":{"name":"부산거제시장점","address":"부산광역시 연제구 거제시장로14번길 43 (거제동, 동성상가)B1층","phone":"1522-4400","hours":"10:00–22:00","openingDate":"20210423","region":"부산","options":["출입구 경사로","포인트 적립가능","포인트 사용가능","매장픽업"],"source":"㈜아성다이소 공식 매장검색","sourceUrl":"https://www.daiso.co.kr/cs/shop"}},{"type":"Feature","geometry":{"type":"Point","coordinates":[129.099825367555,35.1369167202614]},"properties":{"name":"부산경성대점","address":"부산광역시 남구 수영로 306 (대연동)B1~1층","phone":"1522-4400","hours":"10:00–22:00","openingDate":"20160429","region":"부산","options":["포토 스티커","네임 스티커","심카드","택스리펀드","포인트 적립가능","포인트 사용가능","매장픽업"],"source":"㈜아성다이소 공식 매장검색","sourceUrl":"https://www.daiso.co.kr/cs/shop"}},{"type":"Feature","geometry":{"type":"Point","coordinates":[128.991861173691,35.0994299147379]},"properties":{"name":"부산괴정점","address":"부산광역시 사하구 낙동대로 229 (괴정동)1~5층","phone":"1522-4400","hours":"10:00–22:00","openingDate":"20210219","region":"부산","options":["엘리베이터","포토 스티커","네임 스티커","포인트 적립가능","포인트 사용가능","매장픽업"],"source":"㈜아성다이소 공식 매장검색","sourceUrl":"https://www.daiso.co.kr/cs/shop"}},{"type":"Feature","geometry":{"type":"Point","coordinates":[129.080316618916,35.1926914407936]},"properties":{"name":"부산교대점","address":"부산광역시 연제구 중앙대로 1178 (거제동)1~3층","phone":"1522-4400","hours":"10:00–22:00","openingDate":"20230831","region":"부산","options":["주차","엘리베이터","현금없는매장","포토 스티커","포인트 적립가능","포인트 사용가능","매장픽업"],"source":"㈜아성다이소 공식 매장검색","sourceUrl":"https://www.daiso.co.kr/cs/shop"}},{"type":"Feature","geometry":{"type":"Point","coordinates":[129.090361701996,35.2468275374654]},"properties":{"name":"부산구서점","address":"부산광역시 금정구 구서로 8 (구서동)1~2층","phone":"1522-4400","hours":"10:00–22:00","openingDate":"20160330","region":"부산","options":["출입구 경사로","심카드","포인트 적립가능","포인트 사용가능","매장픽업"],"source":"㈜아성다이소 공식 매장검색","sourceUrl":"https://www.daiso.co.kr/cs/shop"}},{"type":"Feature","geometry":{"type":"Point","coordinates":[129.027448338094,35.0989802164928]},"properties":{"name":"부산국제시장점","address":"부산광역시 중구 중구로 13 (부평동1가)1층","phone":"1522-4400","hours":"10:00–22:00","openingDate":"20161006","region":"부산","options":["포토 스티커","심카드","택스리펀드","포인트 적립가능","포인트 사용가능","매장픽업"],"source":"㈜아성다이소 공식 매장검색","sourceUrl":"https://www.daiso.co.kr/cs/shop"}},{"type":"Feature","geometry":{"type":"Point","coordinates":[129.091025831539,35.2520867623382]},"properties":{"name":"부산금정점","address":"부산광역시 금정구 중앙대로 1879(구서동)1층","phone":"1522-4400","hours":"10:00–22:00","openingDate":"20211204","region":"부산","options":["주차","출입구 경사로","현금없는매장","포인트 적립가능","포인트 사용가능"],"source":"㈜아성다이소 공식 매장검색","sourceUrl":"https://www.daiso.co.kr/cs/shop"}},{"type":"Feature","geometry":{"type":"Point","coordinates":[129.216275740029,35.2434118579569]},"properties":{"name":"부산기장본점","address":"부산광역시 기장군 기장읍 차성동로 63B1~1층","phone":"1522-4400","hours":"10:00–22:00","openingDate":"20190316","region":"부산","options":["포토 스티커","네임 스티커","심카드","포인트 적립가능","포인트 사용가능","매장픽업"],"source":"㈜아성다이소 공식 매장검색","sourceUrl":"https://www.daiso.co.kr/cs/shop"}},{"type":"Feature","geometry":{"type":"Point","coordinates":[129.091312246261,35.262146679655]},"properties":{"name":"부산남산점","address":"부산광역시 금정구 중앙대로 1989 (남산동)1층","phone":"1522-4400","hours":"10:00–22:00","openingDate":"20240727","region":"부산","options":["주차","엘리베이터","포토 스티커","네임 스티커","포인트 적립가능","포인트 사용가능","매장픽업"],"source":"㈜아성다이소 공식 매장검색","sourceUrl":"https://www.daiso.co.kr/cs/shop"}},{"type":"Feature","geometry":{"type":"Point","coordinates":[129.030924661683,35.0984642149107]},"properties":{"name":"부산남포점","address":"부산광역시 중구 구덕로 46 (남포동4가)1~4층","phone":"1522-4400","hours":"10:00–22:00","openingDate":"20140705","region":"부산","options":["포토 스티커","네임 스티커","심카드","택스리펀드","포인트 적립가능","포인트 사용가능","매장픽업"],"source":"㈜아성다이소 공식 매장검색","sourceUrl":"https://www.daiso.co.kr/cs/shop"}},{"type":"Feature","geometry":{"type":"Point","coordinates":[128.855118940158,35.0905781503358]},"properties":{"name":"부산녹산공단점","address":"부산광역시 강서구 녹산산단335로 24-10(송정동)1층","phone":"0507-1333-8922","hours":"09:00–22:00","openingDate":"20220915","region":"부산","options":["주차","포인트 적립가능","포인트 사용가능","고유가지원금"],"source":"㈜아성다이소 공식 매장검색","sourceUrl":"https://www.daiso.co.kr/cs/shop"}},{"type":"Feature","geometry":{"type":"Point","coordinates":[128.981847234285,35.0609198192795]},"properties":{"name":"부산다대2호점","address":"부산 사하구 다송로72번길 501층","phone":"1522-4400","hours":"10:00–22:00","openingDate":"20260312","region":"부산","options":["주차","현금없는매장","포토 스티커","네임 스티커","포인트 적립가능","포인트 사용가능","매장픽업"],"source":"㈜아성다이소 공식 매장검색","sourceUrl":"https://www.daiso.co.kr/cs/shop"}},{"type":"Feature","geometry":{"type":"Point","coordinates":[128.970203978852,35.0548313175663]},"properties":{"name":"부산다대점","address":"부산광역시 사하구 윤공단로 4 (다대동)B1~2층","phone":"1522-4400","hours":"10:00–22:00","openingDate":"20210331","region":"부산","options":["주차","엘리베이터","포토 스티커","네임 스티커","포인트 적립가능","포인트 사용가능","매장픽업"],"source":"㈜아성다이소 공식 매장검색","sourceUrl":"https://www.daiso.co.kr/cs/shop"}},{"type":"Feature","geometry":{"type":"Point","coordinates":[128.976639954338,35.102291384773]},"properties":{"name":"부산당리점","address":"부산광역시 사하구 낙동대로 375 (당리동)1~2층","phone":"1522-4400","hours":"10:00–22:00","openingDate":"20260627","region":"부산","options":["주차","현금없는매장","포토 스티커","네임 스티커","포인트 적립가능","포인트 사용가능"],"source":"㈜아성다이소 공식 매장검색","sourceUrl":"https://www.daiso.co.kr/cs/shop"}},{"type":"Feature","geometry":{"type":"Point","coordinates":[129.086727499859,35.1345847564469]},"properties":{"name":"부산대연점","address":"부산광역시 남구 수영로 184 (대연동)1~2층","phone":"1522-4400","hours":"10:00–22:00","openingDate":"20200710","region":"부산","options":["네임 스티커","심카드","포인트 적립가능","포인트 사용가능","매장픽업"],"source":"㈜아성다이소 공식 매장검색","sourceUrl":"https://www.daiso.co.kr/cs/shop"}},{"type":"Feature","geometry":{"type":"Point","coordinates":[129.088908363779,35.2298869444385]},"properties":{"name":"부산대점","address":"부산광역시 금정구 장전온천천로 55 (장전동)1~4층","phone":"1522-4400","hours":"10:00–22:00","openingDate":"20141015","region":"부산","options":["출입구 경사로","엘리베이터","포토 스티커","심카드","택스리펀드","포인트 적립가능","포인트 사용가능","매장픽업"],"source":"㈜아성다이소 공식 매장검색","sourceUrl":"https://www.daiso.co.kr/cs/shop"}},{"type":"Feature","geometry":{"type":"Point","coordinates":[129.005821934833,35.2093620985423]},"properties":{"name":"부산덕천점","address":"부산광역시 북구 백양대로 1200 (덕천동)B2~1층","phone":"1522-4400","hours":"10:00–22:00","openingDate":"20120331","region":"부산","options":["주차","출입구 경사로","심카드","포인트 적립가능","포인트 사용가능","매장픽업"],"source":"㈜아성다이소 공식 매장검색","sourceUrl":"https://www.daiso.co.kr/cs/shop"}},{"type":"Feature","geometry":{"type":"Point","coordinates":[128.983354056155,35.1728624408989]},"properties":{"name":"부산덕포점","address":"부산광역시 사상구 사상로 313 (덕포동)1~3층","phone":"1522-4400","hours":"10:00–22:00","openingDate":"20260227","region":"부산","options":["주차","엘리베이터","포토 스티커","네임 스티커","포인트 적립가능","포인트 사용가능","매장픽업"],"source":"㈜아성다이소 공식 매장검색","sourceUrl":"https://www.daiso.co.kr/cs/shop"}},{"type":"Feature","geometry":{"type":"Point","coordinates":[129.07750124692,35.2027190757863]},"properties":{"name":"부산동래역점","address":"부산광역시 동래구 중앙대로 1295 (온천동)1~3층","phone":"1522-4400","hours":"10:00–22:00","openingDate":"20180918","region":"부산","options":["주차","출입구 경사로","엘리베이터","포토 스티커","네임 스티커","심카드","포인트 적립가능","포인트 사용가능","매장픽업"],"source":"㈜아성다이소 공식 매장검색","sourceUrl":"https://www.daiso.co.kr/cs/shop"}},{"type":"Feature","geometry":{"type":"Point","coordinates":[128.966193311332,35.1134836369995]},"properties":{"name":"부산동아대점","address":"부산광역시 사하구 낙동대로516번길 56 (하단동)1~2층","phone":"1522-4400","hours":"10:00–22:00","openingDate":"20110501","region":"부산","options":["주차","현금없는매장","심카드","포인트 적립가능","포인트 사용가능"],"source":"㈜아성다이소 공식 매장검색","sourceUrl":"https://www.daiso.co.kr/cs/shop"}},{"type":"Feature","geometry":{"type":"Point","coordinates":[129.034074917748,35.2098403910764]},"properties":{"name":"부산만덕점","address":"부산광역시 북구 덕천로 275 (만덕동)B1~4층","phone":"1522-4400","hours":"10:00–22:00","openingDate":"20190331","region":"부산","options":["출입구 경사로","엘리베이터","네임 스티커","심카드","포인트 적립가능","포인트 사용가능"],"source":"㈜아성다이소 공식 매장검색","sourceUrl":"https://www.daiso.co.kr/cs/shop"}},{"type":"Feature","geometry":{"type":"Point","coordinates":[128.918908754426,35.0985035303611]},"properties":{"name":"부산명지국제신도시점","address":"부산광역시 강서구 명지국제8로 237 (명지동)1~3층","phone":"1522-4400","hours":"10:00–22:00","openingDate":"20190130","region":"부산","options":["주차","출입구 경사로","엘리베이터","포토 스티커","네임 스티커","심카드","포인트 적립가능","포인트 사용가능","매장픽업"],"source":"㈜아성다이소 공식 매장검색","sourceUrl":"https://www.daiso.co.kr/cs/shop"}},{"type":"Feature","geometry":{"type":"Point","coordinates":[128.903942840745,35.0811673251011]},"properties":{"name":"부산명지오션시티점","address":"부산광역시 강서구 명지오션시티4로 87 (명지동)1~4층","phone":"1522-4400","hours":"10:00–22:00","openingDate":"20190228","region":"부산","options":["주차","엘리베이터","포토 스티커","네임 스티커","심카드","포인트 적립가능","포인트 사용가능","매장픽업"],"source":"㈜아성다이소 공식 매장검색","sourceUrl":"https://www.daiso.co.kr/cs/shop"}},{"type":"Feature","geometry":{"type":"Point","coordinates":[129.072922689407,35.1366867262003]},"properties":{"name":"부산문현점","address":"부산광역시 남구 수영로 45 (문현동)1층","phone":"1522-4400","hours":"10:00–22:00","openingDate":"20130427","region":"부산","options":["네임 스티커","심카드","포인트 적립가능","포인트 사용가능","매장픽업"],"source":"㈜아성다이소 공식 매장검색","sourceUrl":"https://www.daiso.co.kr/cs/shop"}},{"type":"Feature","geometry":{"type":"Point","coordinates":[129.146704349835,35.2268293898269]},"properties":{"name":"부산반송점","address":"부산광역시 해운대구 반송로 824(반송동)1층","phone":"1522-4400","hours":"10:00–22:00","openingDate":"20211224","region":"부산","options":["주차","네임 스티커","포인트 적립가능","포인트 사용가능","매장픽업"],"source":"㈜아성다이소 공식 매장검색","sourceUrl":"https://www.daiso.co.kr/cs/shop"}},{"type":"Feature","geometry":{"type":"Point","coordinates":[129.121283632183,35.2053805893661]},"properties":{"name":"부산반여본점","address":"부산광역시 해운대구 선수촌로 136 (반여동)B1~3층","phone":"1522-4400","hours":"10:00–22:00","openingDate":"20160819","region":"부산","options":["출입구 경사로","네임 스티커","심카드","포인트 적립가능","포인트 사용가능","매장픽업"],"source":"㈜아성다이소 공식 매장검색","sourceUrl":"https://www.daiso.co.kr/cs/shop"}},{"type":"Feature","geometry":{"type":"Point","coordinates":[129.031582492906,35.1609318399633]},"properties":{"name":"부산백양점","address":"부산광역시 부산진구 백양관문로 20 (당감동)1층","phone":"051-897-7678","hours":"10:00–22:00","openingDate":"20190519","region":"부산","options":["포인트 적립가능","포인트 사용가능","고유가지원금"],"source":"㈜아성다이소 공식 매장검색","sourceUrl":"https://www.daiso.co.kr/cs/shop"}},{"type":"Feature","geometry":{"type":"Point","coordinates":[129.05896461013,35.1447666205641]},"properties":{"name":"부산범천점","address":"부산광역시 부산진구 범일로 163 (범천동)B1~2층","phone":"1522-4400","hours":"10:00–22:00","openingDate":"20230721","region":"부산","options":["출입구 경사로","포토 스티커","포인트 적립가능","포인트 사용가능","매장픽업"],"source":"㈜아성다이소 공식 매장검색","sourceUrl":"https://www.daiso.co.kr/cs/shop"}},{"type":"Feature","geometry":{"type":"Point","coordinates":[129.015772727222,35.1120446860632]},"properties":{"name":"부산서대신점","address":"부산광역시 서구 구덕로321번길 15(서대신동2가)1층","phone":"051-245-0115","hours":"10:00–22:00","openingDate":"20150905","region":"부산","options":["포인트 적립가능","포인트 사용가능","고유가지원금"],"source":"㈜아성다이소 공식 매장검색","sourceUrl":"https://www.daiso.co.kr/cs/shop"}},{"type":"Feature","geometry":{"type":"Point","coordinates":[129.108150707209,35.2134848100027]},"properties":{"name":"부산서동역점","address":"부산광역시 금정구 반송로 400 (서동)1~4층","phone":"1522-4400","hours":"10:00–22:00","openingDate":"20200430","region":"부산","options":["주차","엘리베이터","포토 스티커","심카드","포인트 적립가능","포인트 사용가능","매장픽업"],"source":"㈜아성다이소 공식 매장검색","sourceUrl":"https://www.daiso.co.kr/cs/shop"}},{"type":"Feature","geometry":{"type":"Point","coordinates":[129.058888110326,35.1547841717047]},"properties":{"name":"부산서면2호점","address":"부산광역시 부산진구 중앙대로 693 (부전동)1~4층","phone":"1522-4400","hours":"10:00–22:00","openingDate":"20170113","region":"부산","options":["포토 스티커","네임 스티커","심카드","택스리펀드","포인트 적립가능","포인트 사용가능","매장픽업"],"source":"㈜아성다이소 공식 매장검색","sourceUrl":"https://www.daiso.co.kr/cs/shop"}},{"type":"Feature","geometry":{"type":"Point","coordinates":[129.061485081415,35.1556787355]},"properties":{"name":"부산서면점","address":"부산광역시 부산진구 중앙대로702번길 43 (부전동)B1층","phone":"1522-4400","hours":"10:00–22:00","openingDate":"20120926","region":"부산","options":["포토 스티커","심카드","택스리펀드","포인트 적립가능","포인트 사용가능","매장픽업"],"source":"㈜아성다이소 공식 매장검색","sourceUrl":"https://www.daiso.co.kr/cs/shop"}},{"type":"Feature","geometry":{"type":"Point","coordinates":[129.13158500122,35.1729576549741]},"properties":{"name":"부산센텀시티점","address":"부산광역시 해운대구 센텀5로 55 (우동)1~2층","phone":"1522-4400","hours":"10:00–22:00","openingDate":"20210409","region":"부산","options":["주차","현금없는매장","포토 스티커","네임 스티커","택스리펀드","포인트 적립가능","포인트 사용가능","매장픽업"],"source":"㈜아성다이소 공식 매장검색","sourceUrl":"https://www.daiso.co.kr/cs/shop"}},{"type":"Feature","geometry":{"type":"Point","coordinates":[129.022924973587,35.0787637032665]},"properties":{"name":"부산송도점","address":"부산광역시 서구 송도해변로 192 (암남동, 송도힐스테이트이진베이시티아파트)1~3층","phone":"1522-4400","hours":"10:00–22:00","openingDate":"20251121","region":"부산","options":["주차","엘리베이터","포토 스티커","네임 스티커","택스리펀드","포인트 적립가능","포인트 사용가능","매장픽업"],"source":"㈜아성다이소 공식 매장검색","sourceUrl":"https://www.daiso.co.kr/cs/shop"}},{"type":"Feature","geometry":{"type":"Point","coordinates":[129.114318688107,35.1682444152776]},"properties":{"name":"부산수영점","address":"부산광역시 수영구 연수로 411 (수영동)1~3층","phone":"1522-4400","hours":"10:00–22:00","openingDate":"20131227","region":"부산","options":["출입구 경사로","포토 스티커","심카드","포인트 적립가능","포인트 사용가능","매장픽업"],"source":"㈜아성다이소 공식 매장검색","sourceUrl":"https://www.daiso.co.kr/cs/shop"}},{"type":"Feature","geometry":{"type":"Point","coordinates":[129.047473366797,35.1305271472171]},"properties":{"name":"부산수정점","address":"부산광역시 동구 진성로 22 (수정동)1~2층","phone":"051-462-3330","hours":"10:00–22:00","openingDate":"20200610","region":"부산","options":["포인트 적립가능","포인트 사용가능"],"source":"㈜아성다이소 공식 매장검색","sourceUrl":"https://www.daiso.co.kr/cs/shop"}},{"type":"Feature","geometry":{"type":"Point","coordinates":[129.236072800234,35.3249413082094]},"properties":{"name":"부산신세계프리미엄아울렛점","address":"부산광역시 기장군 장안읍 정관로 1133B1층","phone":"1522-4400","hours":"10:30–20:30","openingDate":"20241130","region":"부산","options":["엘리베이터","포인트 적립가능","포인트 사용가능"],"source":"㈜아성다이소 공식 매장검색","sourceUrl":"https://www.daiso.co.kr/cs/shop"}},{"type":"Feature","geometry":{"type":"Point","coordinates":[129.097903585093,35.1984361729433]},"properties":{"name":"부산안락교차로점","address":"부산광역시 동래구 충렬대로 355(안락동)1~3층","phone":"1522-4400","hours":"10:00–22:00","openingDate":"20220527","region":"부산","options":["주차","엘리베이터","네임 스티커","포인트 적립가능","포인트 사용가능","매장픽업"],"source":"㈜아성다이소 공식 매장검색","sourceUrl":"https://www.daiso.co.kr/cs/shop"}},{"type":"Feature","geometry":{"type":"Point","coordinates":[128.98098582427,35.1631461622437]},"properties":{"name":"부산애플아울렛점","address":"부산광역시 사상구 사상로 201(괘법동)3층","phone":"1522-4400","hours":"10:00–22:00","openingDate":"20220223","region":"부산","options":["출입구 경사로","엘리베이터","포토 스티커","네임 스티커","포인트 적립가능","포인트 사용가능","매장픽업"],"source":"㈜아성다이소 공식 매장검색","sourceUrl":"https://www.daiso.co.kr/cs/shop"}},{"type":"Feature","geometry":{"type":"Point","coordinates":[129.069959785405,35.1708454246551]},"properties":{"name":"부산양정점","address":"부산광역시 부산진구 중앙대로 904 (양정동)1~3층","phone":"1522-4400","hours":"10:00–22:00","openingDate":"20110527","region":"부산","options":["포토 스티커","심카드","포인트 적립가능","포인트 사용가능","매장픽업"],"source":"㈜아성다이소 공식 매장검색","sourceUrl":"https://www.daiso.co.kr/cs/shop"}},{"type":"Feature","geometry":{"type":"Point","coordinates":[129.038962605386,35.1144357353391]},"properties":{"name":"부산역점","address":"부산광역시 동구 중앙대로 191 (초량동)1~6층","phone":"1522-4400","hours":"10:00–22:00","openingDate":"20260625","region":"부산","options":["주차","엘리베이터","현금없는매장","포토 스티커","네임 스티커","택스리펀드","포인트 적립가능","포인트 사용가능"],"source":"㈜아성다이소 공식 매장검색","sourceUrl":"https://www.daiso.co.kr/cs/shop"}},{"type":"Feature","geometry":{"type":"Point","coordinates":[129.080888052408,35.1874771849385]},"properties":{"name":"부산연산교차로점","address":"부산광역시 연제구 중앙대로 1119 (연산동)1층","phone":"1522-4400","hours":"10:00–22:00","openingDate":"20171025","region":"부산","options":["심카드","택스리펀드","포인트 적립가능","포인트 사용가능","매장픽업"],"source":"㈜아성다이소 공식 매장검색","sourceUrl":"https://www.daiso.co.kr/cs/shop"}},{"type":"Feature","geometry":{"type":"Point","coordinates":[129.090076912707,35.1917594970016]},"properties":{"name":"부산연산본점","address":"부산광역시 연제구 과정로 356 (연산동)1~3층","phone":"1522-4400","hours":"10:00–22:00","openingDate":"20180803","region":"부산","options":["주차","출입구 경사로","엘리베이터","포토 스티커","네임 스티커","심카드","포인트 적립가능","포인트 사용가능","매장픽업"],"source":"㈜아성다이소 공식 매장검색","sourceUrl":"https://www.daiso.co.kr/cs/shop"}},{"type":"Feature","geometry":{"type":"Point","coordinates":[129.106724510163,35.1854208724831]},"properties":{"name":"부산연산토곡2호점","address":"부산광역시 연제구 과정로 157 (연산동)1~2층","phone":"1522-4400","hours":"10:00–22:00","openingDate":"20200626","region":"부산","options":["주차","엘리베이터","네임 스티커","심카드","포인트 적립가능","포인트 사용가능","매장픽업"],"source":"㈜아성다이소 공식 매장검색","sourceUrl":"https://www.daiso.co.kr/cs/shop"}},{"type":"Feature","geometry":{"type":"Point","coordinates":[129.082583112573,35.1746683105427]},"properties":{"name":"부산연제점","address":"부산광역시 연제구 연수로 110 (연산동, 연산 경동메르빌아파트)1~2층","phone":"1522-4400","hours":"10:00–22:00","openingDate":"20151222","region":"부산","options":["네임 스티커","심카드","포인트 적립가능","포인트 사용가능","매장픽업"],"source":"㈜아성다이소 공식 매장검색","sourceUrl":"https://www.daiso.co.kr/cs/shop"}},{"type":"Feature","geometry":{"type":"Point","coordinates":[129.071900636026,35.075905661444]},"properties":{"name":"부산영도동삼점","address":"부산광역시 영도구 동삼로 23 (동삼동)B1~1층","phone":"1522-4400","hours":"10:00–22:00","openingDate":"20130730","region":"부산","options":["출입구 경사로","심카드","포인트 적립가능","포인트 사용가능","매장픽업"],"source":"㈜아성다이소 공식 매장검색","sourceUrl":"https://www.daiso.co.kr/cs/shop"}},{"type":"Feature","geometry":{"type":"Point","coordinates":[129.11243690088,35.1203653513079]},"properties":{"name":"부산용호점","address":"부산광역시 남구 용호로 133 (용호동)1~2층","phone":"1522-4400","hours":"10:00–22:00","openingDate":"20161021","region":"부산","options":["주차","출입구 경사로","엘리베이터","네임 스티커","심카드","포인트 적립가능","포인트 사용가능","매장픽업"],"source":"㈜아성다이소 공식 매장검색","sourceUrl":"https://www.daiso.co.kr/cs/shop"}},{"type":"Feature","geometry":{"type":"Point","coordinates":[129.222448336431,35.2583226813662]},"properties":{"name":"부산일광신도시점","address":"부산광역시 기장군 일광읍 해빛1로 951~2층","phone":"1522-4400","hours":"10:00–22:00","openingDate":"20250110","region":"부산","options":["주차","엘리베이터","현금없는매장","포토 스티커","네임 스티커","포인트 적립가능","포인트 사용가능","매장픽업"],"source":"㈜아성다이소 공식 매장검색","sourceUrl":"https://www.daiso.co.kr/cs/shop"}},{"type":"Feature","geometry":{"type":"Point","coordinates":[128.973065570095,35.0808737090539]},"properties":{"name":"부산장림점","address":"부산광역시 사하구 장림번영로 71(장림동)1~2층","phone":"051-265-3456","hours":"10:00–22:00","openingDate":"20170528","region":"부산","options":["주차","포인트 적립가능","포인트 사용가능","고유가지원금"],"source":"㈜아성다이소 공식 매장검색","sourceUrl":"https://www.daiso.co.kr/cs/shop"}},{"type":"Feature","geometry":{"type":"Point","coordinates":[129.281896441312,35.3288888349366]},"properties":{"name":"부산장안길천점","address":"부산광역시 기장군 장안읍 길천길 1-21층","phone":"051-727-4491","hours":"10:00–22:00","openingDate":"20221028","region":"부산","options":["주차","포인트 적립가능","포인트 사용가능","고유가지원금"],"source":"㈜아성다이소 공식 매장검색","sourceUrl":"https://www.daiso.co.kr/cs/shop"}},{"type":"Feature","geometry":{"type":"Point","coordinates":[129.170708331176,35.3344886935253]},"properties":{"name":"부산정관신도시2호점","address":"부산광역시 기장군 정관읍 모전로 1011~3층","phone":"1522-4400","hours":"10:00–22:00","openingDate":"20260212","region":"부산","options":["주차","엘리베이터","포토 스티커","네임 스티커","포인트 적립가능","포인트 사용가능"],"source":"㈜아성다이소 공식 매장검색","sourceUrl":"https://www.daiso.co.kr/cs/shop"}},{"type":"Feature","geometry":{"type":"Point","coordinates":[129.178607832857,35.3218093791582]},"properties":{"name":"부산정관신도시점","address":"부산광역시 기장군 정관읍 정관7로 341~3층","phone":"1522-4400","hours":"10:00–22:00","openingDate":"20170407","region":"부산","options":["주차","출입구 경사로","엘리베이터","포토 스티커","네임 스티커","심카드","포인트 적립가능","포인트 사용가능","매장픽업"],"source":"㈜아성다이소 공식 매장검색","sourceUrl":"https://www.daiso.co.kr/cs/shop"}},{"type":"Feature","geometry":{"type":"Point","coordinates":[129.066936639245,35.1918103256024]},"properties":{"name":"부산종합운동장점","address":"부산광역시 연제구 아시아드대로 81 (거제동)1~5층","phone":"1522-4400","hours":"10:00–22:00","openingDate":"20170617","region":"부산","options":["출입구 경사로","엘리베이터","포토 스티커","네임 스티커","심카드","포인트 적립가능","포인트 사용가능","매장픽업"],"source":"㈜아성다이소 공식 매장검색","sourceUrl":"https://www.daiso.co.kr/cs/shop"}},{"type":"Feature","geometry":{"type":"Point","coordinates":[129.002066558894,35.1500902390171]},"properties":{"name":"부산주례역점","address":"부산광역시 사상구 가야대로 270 (주례동)1~5층","phone":"1522-4400","hours":"10:00–22:00","openingDate":"20180309","region":"부산","options":["출입구 경사로","엘리베이터","네임 스티커","심카드","포인트 적립가능","포인트 사용가능","매장픽업"],"source":"㈜아성다이소 공식 매장검색","sourceUrl":"https://www.daiso.co.kr/cs/shop"}},{"type":"Feature","geometry":{"type":"Point","coordinates":[128.995991051558,35.1557931167053]},"properties":{"name":"부산주례점","address":"부산광역시 사상구 백양대로 526 (주례동, 경동 리인)1~4층","phone":"1522-4400","hours":"10:00–22:00","openingDate":"20170714","region":"부산","options":["엘리베이터","네임 스티커","심카드","포인트 적립가능","포인트 사용가능","매장픽업"],"source":"㈜아성다이소 공식 매장검색","sourceUrl":"https://www.daiso.co.kr/cs/shop"}},{"type":"Feature","geometry":{"type":"Point","coordinates":[128.831009014885,35.1504138689404]},"properties":{"name":"부산지사동점","address":"부산광역시 강서구 과학산단2로20번길 2(지사동)1~2층","phone":"051-972-0332","hours":"10:00–22:00","openingDate":"20220504","region":"부산","options":["주차","포인트 적립가능","포인트 사용가능","고유가지원금"],"source":"㈜아성다이소 공식 매장검색","sourceUrl":"https://www.daiso.co.kr/cs/shop"}},{"type":"Feature","geometry":{"type":"Point","coordinates":[129.038669063801,35.1198157118159]},"properties":{"name":"부산초량점","address":"부산광역시 동구 초량상로 91 (초량동)1~2층","phone":"051-467-8833","hours":"10:00–22:00","openingDate":"20141129","region":"부산","options":["포인트 적립가능","포인트 사용가능"],"source":"㈜아성다이소 공식 매장검색","sourceUrl":"https://www.daiso.co.kr/cs/shop"}},{"type":"Feature","geometry":{"type":"Point","coordinates":[129.052553938141,35.1797031199073]},"properties":{"name":"부산초읍점","address":"부산광역시 부산진구 성지로 104 (초읍동)1~2층","phone":"1522-4400","hours":"10:00–22:00","openingDate":"20190619","region":"부산","options":["엘리베이터","네임 스티커","심카드","포인트 적립가능","포인트 사용가능","매장픽업"],"source":"㈜아성다이소 공식 매장검색","sourceUrl":"https://www.daiso.co.kr/cs/shop"}},{"type":"Feature","geometry":{"type":"Point","coordinates":[128.963468782133,35.1065624536036]},"properties":{"name":"부산하단2호점","address":"부산광역시 사하구 낙동남로1389번길 1 (하단동)1~2층","phone":"1522-4400","hours":"10:00–22:00","openingDate":"20140221","region":"부산","options":["네임 스티커","심카드","포인트 적립가능","포인트 사용가능","매장픽업"],"source":"㈜아성다이소 공식 매장검색","sourceUrl":"https://www.daiso.co.kr/cs/shop"}},{"type":"Feature","geometry":{"type":"Point","coordinates":[128.977923997582,35.138499232724]},"properties":{"name":"부산학장동점","address":"부산광역시 사상구 대동로 95 (학장동)1층","phone":"1522-4400","hours":"10:00–22:00","openingDate":"20180430","region":"부산","options":["주차","출입구 경사로","엘리베이터","네임 스티커","심카드","포인트 적립가능","포인트 사용가능","매장픽업"],"source":"㈜아성다이소 공식 매장검색","sourceUrl":"https://www.daiso.co.kr/cs/shop"}},{"type":"Feature","geometry":{"type":"Point","coordinates":[128.987964075024,35.1407093980685]},"properties":{"name":"부산학장점","address":"부산광역시 사상구 학감대로 109-10 (학장동)1층","phone":"051-328-1088","hours":"09:00–22:00","openingDate":"20160627","region":"부산","options":["주차","포인트 적립가능","포인트 사용가능","고유가지원금"],"source":"㈜아성다이소 공식 매장검색","sourceUrl":"https://www.daiso.co.kr/cs/shop"}},{"type":"Feature","geometry":{"type":"Point","coordinates":[129.143328681551,35.157037795554]},"properties":{"name":"부산해운대마린시티점","address":"부산광역시 해운대구 마린시티2로 38 (우동, 해운대아이파크)B4~2층","phone":"1522-4400","hours":"10:00–22:00","openingDate":"20241225","region":"부산","options":["주차","엘리베이터","포토 스티커","네임 스티커","택스리펀드","포인트 적립가능","포인트 사용가능","매장픽업"],"source":"㈜아성다이소 공식 매장검색","sourceUrl":"https://www.daiso.co.kr/cs/shop"}},{"type":"Feature","geometry":{"type":"Point","coordinates":[129.174637560342,35.1690152776534]},"properties":{"name":"부산해운대장산본점","address":"부산광역시 해운대구 해운대로 785 (좌동)1~2층","phone":"1522-4400","hours":"10:00–22:00","openingDate":"20171124","region":"부산","options":["출입구 경사로","포토 스티커","네임 스티커","심카드","택스리펀드","포인트 적립가능","포인트 사용가능","매장픽업"],"source":"㈜아성다이소 공식 매장검색","sourceUrl":"https://www.daiso.co.kr/cs/shop"}},{"type":"Feature","geometry":{"type":"Point","coordinates":[129.159731527639,35.1629620964909]},"properties":{"name":"부산해운대점","address":"부산광역시 해운대구 구남로 11 (우동)1~3층","phone":"1522-4400","hours":"10:00–22:00","openingDate":"20130524","region":"부산","options":["포토 스티커","심카드","택스리펀드","포인트 적립가능","포인트 사용가능","매장픽업"],"source":"㈜아성다이소 공식 매장검색","sourceUrl":"https://www.daiso.co.kr/cs/shop"}},{"type":"Feature","geometry":{"type":"Point","coordinates":[129.011660831476,35.2270424412064]},"properties":{"name":"부산화명2호점","address":"부산광역시 북구 금곡대로 208 (화명동)1~4층","phone":"1522-4400","hours":"10:00–22:00","openingDate":"20170430","region":"부산","options":["엘리베이터","포토 스티커","네임 스티커","심카드","포인트 적립가능","포인트 사용가능","매장픽업"],"source":"㈜아성다이소 공식 매장검색","sourceUrl":"https://www.daiso.co.kr/cs/shop"}},{"type":"Feature","geometry":{"type":"Point","coordinates":[129.01448527267,35.2403062293287]},"properties":{"name":"부산화명점","address":"부산광역시 북구 금곡대로 358 (화명동)B1~2층","phone":"1522-4400","hours":"10:00–22:00","openingDate":"20110514","region":"부산","options":["포토 스티커","네임 스티커","심카드","포인트 적립가능","포인트 사용가능","매장픽업"],"source":"㈜아성다이소 공식 매장검색","sourceUrl":"https://www.daiso.co.kr/cs/shop"}},{"type":"Feature","geometry":{"type":"Point","coordinates":[129.056107713345,35.1575723846694]},"properties":{"name":"서면지하상가중앙몰점","address":"부산광역시 부산진구 가야대로 지하 777 (부전동)B1층","phone":"1522-4400","hours":"10:00–22:00","openingDate":"20190614","region":"부산","options":["택스리펀드","포인트 적립가능","포인트 사용가능","매장픽업"],"source":"㈜아성다이소 공식 매장검색","sourceUrl":"https://www.daiso.co.kr/cs/shop"}},{"type":"Feature","geometry":{"type":"Point","coordinates":[129.041497493658,35.0912020924546]},"properties":{"name":"영도대교점","address":"부산광역시 영도구 태종로 98 (대교동2가, 모닝아일랜드)1~2층","phone":"1522-4400","hours":"10:00–22:00","openingDate":"20101230","region":"부산","options":["네임 스티커","심카드","포인트 적립가능","포인트 사용가능","매장픽업"],"source":"㈜아성다이소 공식 매장검색","sourceUrl":"https://www.daiso.co.kr/cs/shop"}},{"type":"Feature","geometry":{"type":"Point","coordinates":[129.064238587702,35.1443053954842]},"properties":{"name":"이마트문현점","address":"부산광역시 남구 전포대로91번길 47 (문현동)3층","phone":"","hours":"10:00–22:00","openingDate":"20240830","region":"부산","options":["주차","포인트 적립가능","포인트 사용가능"],"source":"㈜아성다이소 공식 매장검색","sourceUrl":"https://www.daiso.co.kr/cs/shop"}},{"type":"Feature","geometry":{"type":"Point","coordinates":[128.978888681143,35.1642365382579]},"properties":{"name":"이마트사상점","address":"부산광역시 사상구 광장로 17 (괘법동)2층","phone":"1522-4400","hours":"10:00–23:00","openingDate":"20220929","region":"부산","options":["주차"],"source":"㈜아성다이소 공식 매장검색","sourceUrl":"https://www.daiso.co.kr/cs/shop"}},{"type":"Feature","geometry":{"type":"Point","coordinates":[129.167373764158,35.1660208153462]},"properties":{"name":"이마트해운대점","address":"부산광역시 해운대구 좌동순환로 511 (중동)2층","phone":"1522-4400","hours":"10:00–22:00","openingDate":"20251030","region":"부산","options":["주차","택스리펀드","포인트 적립가능","포인트 사용가능"],"source":"㈜아성다이소 공식 매장검색","sourceUrl":"https://www.daiso.co.kr/cs/shop"}},{"type":"Feature","geometry":{"type":"Point","coordinates":[129.058614831268,35.1412817256576]},"properties":{"name":"커넥트현대부산점","address":"부산광역시 동구 범일로 125 (범일동)8층","phone":"1522-4400","hours":"10:30–21:00","openingDate":"20240904","region":"부산","options":["주차","택스리펀드","포인트 적립가능","포인트 사용가능"],"source":"㈜아성다이소 공식 매장검색","sourceUrl":"https://www.daiso.co.kr/cs/shop"}},{"type":"Feature","geometry":{"type":"Point","coordinates":[128.996106196606,35.091897472622]},"properties":{"name":"탑마트감천점","address":"부산광역시 사하구 감천로 29(감천동)1층","phone":"","hours":"09:00–22:00","openingDate":"20211011","region":"부산","options":["주차"],"source":"㈜아성다이소 공식 매장검색","sourceUrl":"https://www.daiso.co.kr/cs/shop"}},{"type":"Feature","geometry":{"type":"Point","coordinates":[129.110611408174,35.2167113636007]},"properties":{"name":"탑마트금사점","address":"부산광역시 금정구 공단서로 22 (금사동)1층","phone":"","hours":"09:00–22:00","openingDate":"20250523","region":"부산","options":["주차"],"source":"㈜아성다이소 공식 매장검색","sourceUrl":"https://www.daiso.co.kr/cs/shop"}},{"type":"Feature","geometry":{"type":"Point","coordinates":[129.150490913555,35.229680657517]},"properties":{"name":"탑마트반송점","address":"부산광역시 해운대구 윗반송로 8 (반송동)1층","phone":"","hours":"09:00–22:00","openingDate":"20070810","region":"부산","options":[],"source":"㈜아성다이소 공식 매장검색","sourceUrl":"https://www.daiso.co.kr/cs/shop"}},{"type":"Feature","geometry":{"type":"Point","coordinates":[128.982905647804,35.0624960884416]},"properties":{"name":"탑마트신다대포점","address":"부산광역시 사하구 다송로 58 (다대동)1층","phone":"","hours":"09:00–22:00","openingDate":"20031009","region":"부산","options":[],"source":"㈜아성다이소 공식 매장검색","sourceUrl":"https://www.daiso.co.kr/cs/shop"}},{"type":"Feature","geometry":{"type":"Point","coordinates":[128.962307288339,35.0971241116909]},"properties":{"name":"탑마트신평점","address":"부산광역시 사하구 하신중앙로 210 (신평동)1층","phone":"","hours":"08:30–22:00","openingDate":"20060825","region":"부산","options":[],"source":"㈜아성다이소 공식 매장검색","sourceUrl":"https://www.daiso.co.kr/cs/shop"}},{"type":"Feature","geometry":{"type":"Point","coordinates":[129.070791726903,35.0784083246849]},"properties":{"name":"탑마트영도동삼2호점","address":"부산광역시 영도구 동삼로 56 (동삼동)1층","phone":"","hours":"09:00–22:00","openingDate":"20080124","region":"부산","options":[],"source":"㈜아성다이소 공식 매장검색","sourceUrl":"https://www.daiso.co.kr/cs/shop"}},{"type":"Feature","geometry":{"type":"Point","coordinates":[129.011217935615,35.2500241776512]},"properties":{"name":"하나로마트부산(화명)점","address":"부산광역시 북구 금곡대로 469 (금곡동)2층","phone":"1522-4400","hours":"09:00–22:00","openingDate":"20040507","region":"부산","options":["주차","포인트 적립가능","포인트 사용가능"],"source":"㈜아성다이소 공식 매장검색","sourceUrl":"https://www.daiso.co.kr/cs/shop"}},{"type":"Feature","geometry":{"type":"Point","coordinates":[129.110513917198,35.1118766156357]},"properties":{"name":"하나로마트용호점","address":"부산광역시 남구 용호로 228 (용호동)1층","phone":"","hours":"10:00–22:00","openingDate":"20250606","region":"부산","options":["주차"],"source":"㈜아성다이소 공식 매장검색","sourceUrl":"https://www.daiso.co.kr/cs/shop"}},{"type":"Feature","geometry":{"type":"Point","coordinates":[129.027155401595,35.0971403188699]},"properties":{"name":"하나로마트자갈치점","address":"부산광역시 중구 구덕로 73 (남포동6가)2층","phone":"","hours":"08:00–22:00","openingDate":"20250301","region":"부산","options":["주차"],"source":"㈜아성다이소 공식 매장검색","sourceUrl":"https://www.daiso.co.kr/cs/shop"}},{"type":"Feature","geometry":{"type":"Point","coordinates":[129.062337271125,35.1628250361107]},"properties":{"name":"하나로클럽부전점","address":"부산광역시 부산진구 중앙대로783번길 14(부전동)2층","phone":"","hours":"09:00–22:00","openingDate":"20230301","region":"부산","options":["주차"],"source":"㈜아성다이소 공식 매장검색","sourceUrl":"https://www.daiso.co.kr/cs/shop"}},{"type":"Feature","geometry":{"type":"Point","coordinates":[129.08557677639,35.2212896964575]},"properties":{"name":"홈플러스동래점","address":"부산 동래구 중앙대로 1523B2층","phone":"1522-4400","hours":"10:00–22:00","openingDate":"20231103","region":"부산","options":["주차","포인트 적립가능","포인트 사용가능"],"source":"㈜아성다이소 공식 매장검색","sourceUrl":"https://www.daiso.co.kr/cs/shop"}},{"type":"Feature","geometry":{"type":"Point","coordinates":[129.133691863258,35.1709132429029]},"properties":{"name":"홈플러스센텀시티점","address":"부산광역시 해운대구 센텀동로 6 (우동)3층","phone":"1522-4400","hours":"10:00–22:00","openingDate":"20151210","region":"부산","options":["주차","포인트 적립가능","포인트 사용가능"],"source":"㈜아성다이소 공식 매장검색","sourceUrl":"https://www.daiso.co.kr/cs/shop"}},{"type":"Feature","geometry":{"type":"Point","coordinates":[126.949015489778,37.4793391334088]},"properties":{"name":"GS슈퍼관악점","address":"서울특별시 관악구 쑥고개로 111 (봉천동)1층","phone":"","hours":"10:00–22:00","openingDate":"20020815","region":"서울","options":[],"source":"㈜아성다이소 공식 매장검색","sourceUrl":"https://www.daiso.co.kr/cs/shop"}},{"type":"Feature","geometry":{"type":"Point","coordinates":[127.144792941447,37.5510625291986]},"properties":{"name":"GS슈퍼명일점","address":"서울특별시 강동구 양재대로 1630 (명일동)1층","phone":"","hours":"10:00–22:00","openingDate":"20030514","region":"서울","options":[],"source":"㈜아성다이소 공식 매장검색","sourceUrl":"https://www.daiso.co.kr/cs/shop"}},{"type":"Feature","geometry":{"type":"Point","coordinates":[126.910204415222,37.5778922394602]},"properties":{"name":"GS슈퍼북가좌점","address":"서울특별시 서대문구 응암로 54 (북가좌동)B1층","phone":"","hours":"10:00–23:00","openingDate":"20021029","region":"서울","options":[],"source":"㈜아성다이소 공식 매장검색","sourceUrl":"https://www.daiso.co.kr/cs/shop"}},{"type":"Feature","geometry":{"type":"Point","coordinates":[126.840498784915,37.559933531546]},"properties":{"name":"NC강서점","address":"서울특별시 강서구 강서로56길 17 (등촌동)8층","phone":"1522-4400","hours":"10:30–21:00","openingDate":"20260905","region":"서울","options":["주차","포인트 적립가능","포인트 사용가능"],"source":"㈜아성다이소 공식 매장검색","sourceUrl":"https://www.daiso.co.kr/cs/shop"}},{"type":"Feature","geometry":{"type":"Point","coordinates":[126.882773011925,37.5011601442131]},"properties":{"name":"NC신구로점","address":"서울특별시 구로구 구로중앙로 152 (구로동)2층","phone":"","hours":"10:30–21:00","openingDate":"20230715","region":"서울","options":["주차","포인트 적립가능","포인트 사용가능"],"source":"㈜아성다이소 공식 매장검색","sourceUrl":"https://www.daiso.co.kr/cs/shop"}},{"type":"Feature","geometry":{"type":"Point","coordinates":[126.915904667901,37.5713138623931]},"properties":{"name":"e에브리데이남가좌점","address":"서울특별시 서대문구 수색로2길 39 (남가좌동, DMC금호리첸시아)B1층","phone":"","hours":"10:00–23:00","openingDate":"20240406","region":"서울","options":["주차"],"source":"㈜아성다이소 공식 매장검색","sourceUrl":"https://www.daiso.co.kr/cs/shop"}},{"type":"Feature","geometry":{"type":"Point","coordinates":[127.059796702239,37.4534623774845]},"properties":{"name":"e에브리데이내곡점","address":"서울특별시 서초구 청계산로9길 70(내곡동)1층","phone":"1522-4400","hours":"10:00–23:00","openingDate":"20220623","region":"서울","options":["주차"],"source":"㈜아성다이소 공식 매장검색","sourceUrl":"https://www.daiso.co.kr/cs/shop"}},{"type":"Feature","geometry":{"type":"Point","coordinates":[127.140290598327,37.5249677176279]},"properties":{"name":"e에브리데이둔촌포레온점","address":"서울특별시 강동구 양재대로 1300 (둔촌동, 올림픽파크포레온)B1층","phone":"","hours":"10:00–23:00","openingDate":"20250530","region":"서울","options":["주차"],"source":"㈜아성다이소 공식 매장검색","sourceUrl":"https://www.daiso.co.kr/cs/shop"}},{"type":"Feature","geometry":{"type":"Point","coordinates":[126.921348530876,37.5803770223812]},"properties":{"name":"e에브리데이명지대점","address":"서울특별시 서대문구 거북골로 34(남가좌동)1층","phone":"","hours":"10:00–23:00","openingDate":"20220414","region":"서울","options":["주차"],"source":"㈜아성다이소 공식 매장검색","sourceUrl":"https://www.daiso.co.kr/cs/shop"}},{"type":"Feature","geometry":{"type":"Point","coordinates":[126.90960294998,37.4998139228913]},"properties":{"name":"e에브리데이신풍역점","address":"서울특별시 영등포구 신풍로 28 (신길동, 비스타동원)B1층","phone":"","hours":"10:00–22:00","openingDate":"20241120","region":"서울","options":["주차"],"source":"㈜아성다이소 공식 매장검색","sourceUrl":"https://www.daiso.co.kr/cs/shop"}},{"type":"Feature","geometry":{"type":"Point","coordinates":[127.061885756308,37.5984917221]},"properties":{"name":"e에브리데이이문점","address":"서울특별시 동대문구 이문로 136 (이문동)B1층","phone":"","hours":"10:00–22:00","openingDate":"20250227","region":"서울","options":["주차"],"source":"㈜아성다이소 공식 매장검색","sourceUrl":"https://www.daiso.co.kr/cs/shop"}},{"type":"Feature","geometry":{"type":"Point","coordinates":[127.12047915947,37.4938424154689]},"properties":{"name":"가락시장역점","address":"서울특별시 송파구 중대로 109 (가락동)B1층","phone":"1522-4400","hours":"10:00–22:00","openingDate":"20150703","region":"서울","options":["심카드","포인트 적립가능","포인트 사용가능","매장픽업"],"source":"㈜아성다이소 공식 매장검색","sourceUrl":"https://www.daiso.co.kr/cs/shop"}},{"type":"Feature","geometry":{"type":"Point","coordinates":[126.855217713123,37.5603547931652]},"properties":{"name":"가양역2호점","address":"서울특별시 강서구 화곡로 418 (등촌동)1~5층","phone":"1522-4400","hours":"10:00–22:00","openingDate":"20110228","region":"서울","options":["엘리베이터","네임 스티커","심카드","포인트 적립가능","포인트 사용가능","매장픽업"],"source":"㈜아성다이소 공식 매장검색","sourceUrl":"https://www.daiso.co.kr/cs/shop"}},{"type":"Feature","geometry":{"type":"Point","coordinates":[126.915753367707,37.5691637999403]},"properties":{"name":"가좌역점","address":"서울특별시 서대문구 수색로 26 (남가좌동)1~3층","phone":"1522-4400","hours":"10:00–22:00","openingDate":"20161210","region":"서울","options":["엘리베이터","네임 스티커","심카드","포인트 적립가능","포인트 사용가능","매장픽업"],"source":"㈜아성다이소 공식 매장검색","sourceUrl":"https://www.daiso.co.kr/cs/shop"}},{"type":"Feature","geometry":{"type":"Point","coordinates":[127.006834366246,37.5064357442307]},"properties":{"name":"강남고속버스터미널2호점","address":"서울특별시 서초구 신반포로 194 (반포동)1층","phone":"1522-4400","hours":"10:00–22:00","openingDate":"20250926","region":"서울","options":["택스리펀드","포인트 적립가능","포인트 사용가능"],"source":"㈜아성다이소 공식 매장검색","sourceUrl":"https://www.daiso.co.kr/cs/shop"}},{"type":"Feature","geometry":{"type":"Point","coordinates":[127.006834366246,37.5064357442307]},"properties":{"name":"강남고속버스터미널점","address":"서울특별시 서초구 신반포로 194 (반포동)B1층","phone":"1522-4400","hours":"10:00–22:00","openingDate":"20161209","region":"서울","options":["주차","포토 스티커","네임 스티커","심카드","택스리펀드","포인트 적립가능","포인트 사용가능"],"source":"㈜아성다이소 공식 매장검색","sourceUrl":"https://www.daiso.co.kr/cs/shop"}},{"type":"Feature","geometry":{"type":"Point","coordinates":[127.04130142966,37.5171892352971]},"properties":{"name":"강남구청역점","address":"서울특별시 강남구 학동로 지하 346 (삼성동)B1층","phone":"1522-4400","hours":"10:00–22:00","openingDate":"20160423","region":"서울","options":["심카드","포인트 적립가능","포인트 사용가능","매장픽업"],"source":"㈜아성다이소 공식 매장검색","sourceUrl":"https://www.daiso.co.kr/cs/shop"}},{"type":"Feature","geometry":{"type":"Point","coordinates":[127.100161667344,37.466384584183]},"properties":{"name":"강남세곡점","address":"서울특별시 강남구 헌릉로569길 21-36 (세곡동)1층","phone":"02-445-4102","hours":"10:00–22:00","openingDate":"20191116","region":"서울","options":["주차","포인트 적립가능","포인트 사용가능","고유가지원금"],"source":"㈜아성다이소 공식 매장검색","sourceUrl":"https://www.daiso.co.kr/cs/shop"}},{"type":"Feature","geometry":{"type":"Point","coordinates":[127.028991540151,37.4988253733783]},"properties":{"name":"강남역2호점","address":"서울특별시 강남구 테헤란로 109 (역삼동)B1층","phone":"1522-4400","hours":"10:00–22:00","openingDate":"20100228","region":"서울","options":["출입구 경사로","심카드","택스리펀드","포인트 적립가능","포인트 사용가능","매장픽업"],"source":"㈜아성다이소 공식 매장검색","sourceUrl":"https://www.daiso.co.kr/cs/shop"}},{"type":"Feature","geometry":{"type":"Point","coordinates":[127.026984908497,37.5003941401087]},"properties":{"name":"강남역점","address":"서울특별시 강남구 강남대로 422 (역삼동)B3~B1층","phone":"1522-4400","hours":"10:00–22:00","openingDate":"20250930","region":"서울","options":["주차","엘리베이터","포토 스티커","네임 스티커","택스리펀드","포인트 적립가능","포인트 사용가능"],"source":"㈜아성다이소 공식 매장검색","sourceUrl":"https://www.daiso.co.kr/cs/shop"}},{"type":"Feature","geometry":{"type":"Point","coordinates":[127.027025644226,37.640180135219]},"properties":{"name":"강북구청사거리점","address":"서울특별시 강북구 한천로 1038 (수유동)1~2층","phone":"1522-4400","hours":"10:00–22:00","openingDate":"20180720","region":"서울","options":["포토 스티커","네임 스티커","심카드","택스리펀드","포인트 적립가능","포인트 사용가능","매장픽업"],"source":"㈜아성다이소 공식 매장검색","sourceUrl":"https://www.daiso.co.kr/cs/shop"}},{"type":"Feature","geometry":{"type":"Point","coordinates":[126.858255129585,37.49399577225]},"properties":{"name":"개봉역남부점","address":"서울특별시 구로구 남부순환로97길 3 (개봉동)B1층","phone":"1522-4400","hours":"10:00–22:00","openingDate":"20161026","region":"서울","options":["네임 스티커","심카드","포인트 적립가능","포인트 사용가능","매장픽업"],"source":"㈜아성다이소 공식 매장검색","sourceUrl":"https://www.daiso.co.kr/cs/shop"}},{"type":"Feature","geometry":{"type":"Point","coordinates":[126.859029376899,37.4950263686092]},"properties":{"name":"개봉역점","address":"서울특별시 구로구 경인로40길 41 (개봉동)B1~1층","phone":"1522-4400","hours":"10:00–22:00","openingDate":"20101214","region":"서울","options":["네임 스티커","심카드","포인트 적립가능","포인트 사용가능","매장픽업"],"source":"㈜아성다이소 공식 매장검색","sourceUrl":"https://www.daiso.co.kr/cs/shop"}},{"type":"Feature","geometry":{"type":"Point","coordinates":[127.0611746831,37.4825134167189]},"properties":{"name":"개포동점","address":"서울특별시 강남구 선릉로 30 (개포동)B1층","phone":"1522-4400","hours":"10:00–22:00","openingDate":"20231013","region":"서울","options":["현금없는매장","포토 스티커","포인트 적립가능","포인트 사용가능"],"source":"㈜아성다이소 공식 매장검색","sourceUrl":"https://www.daiso.co.kr/cs/shop"}},{"type":"Feature","geometry":{"type":"Point","coordinates":[127.145001973053,37.4939024396114]},"properties":{"name":"거여점","address":"서울특별시 송파구 거마로 12(거여동)B1층","phone":"02-403-3001","hours":"10:00–22:00","openingDate":"20180525","region":"서울","options":["주차","포인트 적립가능","포인트 사용가능","고유가지원금"],"source":"㈜아성다이소 공식 매장검색","sourceUrl":"https://www.daiso.co.kr/cs/shop"}},{"type":"Feature","geometry":{"type":"Point","coordinates":[127.068481030029,37.5409180841466]},"properties":{"name":"건대입구점","address":"서울특별시 광진구 아차산로 225 (화양동)B1층","phone":"1522-4400","hours":"10:00–22:00","openingDate":"20130212","region":"서울","options":["심카드","택스리펀드","포인트 적립가능","포인트 사용가능","매장픽업"],"source":"㈜아성다이소 공식 매장검색","sourceUrl":"https://www.daiso.co.kr/cs/shop"}},{"type":"Feature","geometry":{"type":"Point","coordinates":[127.071136774445,37.5415995620032]},"properties":{"name":"건대점","address":"서울특별시 광진구 능동로 117 (화양동)1층","phone":"1522-4400","hours":"10:00–22:00","openingDate":"20260829","region":"서울","options":["현금없는매장","포인트 적립가능","포인트 사용가능"],"source":"㈜아성다이소 공식 매장검색","sourceUrl":"https://www.daiso.co.kr/cs/shop"}},{"type":"Feature","geometry":{"type":"Point","coordinates":[127.020948040998,37.6026965054255]},"properties":{"name":"경기마트정릉점","address":"서울특별시 성북구 길음로9길 50(길음동, 길음뉴타운)1층","phone":"02-942-6500","hours":"08:30–22:00","openingDate":"20140320","region":"서울","options":["주차"],"source":"㈜아성다이소 공식 매장검색","sourceUrl":"https://www.daiso.co.kr/cs/shop"}},{"type":"Feature","geometry":{"type":"Point","coordinates":[127.038004580324,37.5789620035398]},"properties":{"name":"경동시장점","address":"서울특별시 동대문구 고산자로 441(제기동)B1층","phone":"0507-1488-1012","hours":"09:30–21:30","openingDate":"20181022","region":"서울","options":["주차","포인트 적립가능","포인트 사용가능","고유가지원금"],"source":"㈜아성다이소 공식 매장검색","sourceUrl":"https://www.daiso.co.kr/cs/shop"}},{"type":"Feature","geometry":{"type":"Point","coordinates":[126.972859321085,37.576377886406]},"properties":{"name":"경복궁역점","address":"서울특별시 종로구 자하문로2길 4 (적선동)1~3층","phone":"1522-4400","hours":"10:00–22:00","openingDate":"20160121","region":"서울","options":["포토 스티커","심카드","택스리펀드","포인트 적립가능","포인트 사용가능","매장픽업"],"source":"㈜아성다이소 공식 매장검색","sourceUrl":"https://www.daiso.co.kr/cs/shop"}},{"type":"Feature","geometry":{"type":"Point","coordinates":[127.155514976018,37.5539246973821]},"properties":{"name":"고덕점","address":"서울특별시 강동구 동남로75길 13-7 (명일동)B1~1층","phone":"1522-4400","hours":"10:00–22:00","openingDate":"20120616","region":"서울","options":["엘리베이터","심카드","포인트 적립가능","포인트 사용가능","매장픽업"],"source":"㈜아성다이소 공식 매장검색","sourceUrl":"https://www.daiso.co.kr/cs/shop"}},{"type":"Feature","geometry":{"type":"Point","coordinates":[126.862833580926,37.5037992525197]},"properties":{"name":"고척동점","address":"서울특별시 구로구 중앙로 64(고척동)1층","phone":"02-2689-6016","hours":"10:00–22:00","openingDate":"20170418","region":"서울","options":["주차","포인트 적립가능","포인트 사용가능","고유가지원금"],"source":"㈜아성다이소 공식 매장검색","sourceUrl":"https://www.daiso.co.kr/cs/shop"}},{"type":"Feature","geometry":{"type":"Point","coordinates":[126.95950602146,37.4886505222551]},"properties":{"name":"관악식자재마트점","address":"서울특별시 관악구 청림3길 10 (봉천동, 서희스타힐스)B1층","phone":"","hours":"08:00–23:00","openingDate":"20160218","region":"서울","options":["주차"],"source":"㈜아성다이소 공식 매장검색","sourceUrl":"https://www.daiso.co.kr/cs/shop"}},{"type":"Feature","geometry":{"type":"Point","coordinates":[127.01657607757,37.4942200198785]},"properties":{"name":"교대역점","address":"서울특별시 서초구 서초대로 320 (서초동)B1층","phone":"1522-4400","hours":"10:00–22:00","openingDate":"20180613","region":"서울","options":["주차","엘리베이터","현금없는매장","심카드","택스리펀드","포인트 적립가능","포인트 사용가능","매장픽업"],"source":"㈜아성다이소 공식 매장검색","sourceUrl":"https://www.daiso.co.kr/cs/shop"}},{"type":"Feature","geometry":{"type":"Point","coordinates":[126.889426432894,37.4959226148349]},"properties":{"name":"구로구청점","address":"서울특별시 구로구 가마산로 263 (구로동)B1층","phone":"02-858-6016","hours":"10:00–22:00","openingDate":"20170501","region":"서울","options":["포인트 적립가능","포인트 사용가능","고유가지원금"],"source":"㈜아성다이소 공식 매장검색","sourceUrl":"https://www.daiso.co.kr/cs/shop"}},{"type":"Feature","geometry":{"type":"Point","coordinates":[126.902040823296,37.4843700404201]},"properties":{"name":"구로디지털단지역점","address":"서울특별시 구로구 시흥대로 575 (구로동)1~4층","phone":"1522-4400","hours":"10:00–22:00","openingDate":"20240510","region":"서울","options":["엘리베이터","포토 스티커","네임 스티커","택스리펀드","포인트 적립가능","포인트 사용가능","매장픽업"],"source":"㈜아성다이소 공식 매장검색","sourceUrl":"https://www.daiso.co.kr/cs/shop"}},{"type":"Feature","geometry":{"type":"Point","coordinates":[126.888665559746,37.4900128276175]},"properties":{"name":"구로시장점","address":"서울특별시 구로구 구로동로26길 82 (구로동)1~2층","phone":"1522-4400","hours":"10:00–22:00","openingDate":"20091224","region":"서울","options":["심카드","포인트 적립가능","포인트 사용가능","매장픽업"],"source":"㈜아성다이소 공식 매장검색","sourceUrl":"https://www.daiso.co.kr/cs/shop"}},{"type":"Feature","geometry":{"type":"Point","coordinates":[126.916922625495,37.6117763263516]},"properties":{"name":"구산역점","address":"서울특별시 은평구 연서로 143 (갈현동)1~3층","phone":"1522-4400","hours":"10:00–22:00","openingDate":"20250328","region":"서울","options":["엘리베이터","포토 스티커","네임 스티커","포인트 적립가능","포인트 사용가능","매장픽업"],"source":"㈜아성다이소 공식 매장검색","sourceUrl":"https://www.daiso.co.kr/cs/shop"}},{"type":"Feature","geometry":{"type":"Point","coordinates":[127.084729138015,37.5365395861807]},"properties":{"name":"구의역점","address":"서울특별시 광진구 아차산로 378 (자양동)B1~2층","phone":"1522-4400","hours":"10:00–22:00","openingDate":"20110212","region":"서울","options":["출입구 경사로","엘리베이터","포토 스티커","네임 스티커","심카드","포인트 적립가능","포인트 사용가능","매장픽업"],"source":"㈜아성다이소 공식 매장검색","sourceUrl":"https://www.daiso.co.kr/cs/shop"}},{"type":"Feature","geometry":{"type":"Point","coordinates":[127.079702343554,37.5567339275651]},"properties":{"name":"군자역점","address":"서울특별시 광진구 천호대로 556 (능동)1층","phone":"1522-4400","hours":"10:00–22:00","openingDate":"20090514","region":"서울","options":["주차","출입구 경사로","심카드","포인트 적립가능","포인트 사용가능","매장픽업"],"source":"㈜아성다이소 공식 매장검색","sourceUrl":"https://www.daiso.co.kr/cs/shop"}},{"type":"Feature","geometry":{"type":"Point","coordinates":[126.932559379744,37.5458361570522]},"properties":{"name":"굿모닝마트마포점","address":"서울특별시 마포구 토정로 193 (구수동)1층","phone":"","hours":"10:00–23:00","openingDate":"20040524","region":"서울","options":[],"source":"㈜아성다이소 공식 매장검색","sourceUrl":"https://www.daiso.co.kr/cs/shop"}},{"type":"Feature","geometry":{"type":"Point","coordinates":[126.942941762759,37.5916067956367]},"properties":{"name":"굿모닝마트유진점","address":"서울특별시 서대문구 통일로 484 (홍제동)1층","phone":"1522-4400","hours":"10:00–23:00","openingDate":"20040814","region":"서울","options":[],"source":"㈜아성다이소 공식 매장검색","sourceUrl":"https://www.daiso.co.kr/cs/shop"}},{"type":"Feature","geometry":{"type":"Point","coordinates":[126.858951804044,37.5330706883775]},"properties":{"name":"굿모닝마트화곡점","address":"서울특별시 강서구 등촌로5길 80 (화곡동)1층","phone":"","hours":"10:00–22:00","openingDate":"20030725","region":"서울","options":[],"source":"㈜아성다이소 공식 매장검색","sourceUrl":"https://www.daiso.co.kr/cs/shop"}},{"type":"Feature","geometry":{"type":"Point","coordinates":[127.021545351371,37.5478851126482]},"properties":{"name":"금호금남시장점","address":"서울특별시 성동구 독서당로 292 (금호동4가)1층","phone":"02-2298-6015","hours":"10:00–22:00","openingDate":"20190602","region":"서울","options":["주차","포인트 적립가능","포인트 사용가능","고유가지원금"],"source":"㈜아성다이소 공식 매장검색","sourceUrl":"https://www.daiso.co.kr/cs/shop"}},{"type":"Feature","geometry":{"type":"Point","coordinates":[127.140649990322,37.5388178309053]},"properties":{"name":"길동점","address":"서울특별시 강동구 양재대로 1490 (길동)1~3층","phone":"1522-4400","hours":"10:00–22:00","openingDate":"20080912","region":"서울","options":["심카드","포인트 적립가능","포인트 사용가능","매장픽업"],"source":"㈜아성다이소 공식 매장검색","sourceUrl":"https://www.daiso.co.kr/cs/shop"}},{"type":"Feature","geometry":{"type":"Point","coordinates":[126.847442851913,37.5309937216972]},"properties":{"name":"까치산2호점","address":"서울특별시 강서구 강서로 34 (화곡동)1~3층","phone":"1522-4400","hours":"10:00–22:00","openingDate":"20121109","region":"서울","options":["네임 스티커","심카드","포인트 적립가능","포인트 사용가능","매장픽업"],"source":"㈜아성다이소 공식 매장검색","sourceUrl":"https://www.daiso.co.kr/cs/shop"}},{"type":"Feature","geometry":{"type":"Point","coordinates":[126.96630071002,37.4757029967126]},"properties":{"name":"낙성대점","address":"서울특별시 관악구 남부순환로 1960 (봉천동)B1~4층","phone":"1522-4400","hours":"10:00–22:00","openingDate":"20190224","region":"서울","options":["주차","출입구 경사로","포토 스티커","네임 스티커","심카드","포인트 적립가능","포인트 사용가능","매장픽업"],"source":"㈜아성다이소 공식 매장검색","sourceUrl":"https://www.daiso.co.kr/cs/shop"}},{"type":"Feature","geometry":{"type":"Point","coordinates":[126.914206776158,37.4814595127091]},"properties":{"name":"난곡사거리점","address":"서울특별시 관악구 남부순환로 1474 (신림동)1~2층","phone":"1522-4400","hours":"10:00–22:00","openingDate":"20120508","region":"서울","options":["출입구 경사로","심카드","포인트 적립가능","포인트 사용가능","매장픽업"],"source":"㈜아성다이소 공식 매장검색","sourceUrl":"https://www.daiso.co.kr/cs/shop"}},{"type":"Feature","geometry":{"type":"Point","coordinates":[127.016208730523,37.48556823488]},"properties":{"name":"남부터미널점","address":"서울특별시 서초구 서초중앙로 36 (서초동)B1~1층","phone":"1522-4400","hours":"10:00–22:00","openingDate":"20120824","region":"서울","options":["네임 스티커","심카드","택스리펀드","포인트 적립가능","포인트 사용가능","매장픽업"],"source":"㈜아성다이소 공식 매장검색","sourceUrl":"https://www.daiso.co.kr/cs/shop"}},{"type":"Feature","geometry":{"type":"Point","coordinates":[126.973057051642,37.4840142876256]},"properties":{"name":"남성역점","address":"서울특별시 동작구 사당로17가길 16 (사당동)B1층","phone":"02-532-5473","hours":"10:00–22:00","openingDate":"20150601","region":"서울","options":["포인트 적립가능","포인트 사용가능","고유가지원금"],"source":"㈜아성다이소 공식 매장검색","sourceUrl":"https://www.daiso.co.kr/cs/shop"}},{"type":"Feature","geometry":{"type":"Point","coordinates":[126.971894293496,37.5422089700722]},"properties":{"name":"남영역점","address":"서울특별시 용산구 한강대로77길 12 (갈월동)B1층","phone":"1522-4400","hours":"10:00–22:00","openingDate":"20110331","region":"서울","options":["주차","출입구 경사로","심카드","포인트 적립가능","포인트 사용가능","매장픽업"],"source":"㈜아성다이소 공식 매장검색","sourceUrl":"https://www.daiso.co.kr/cs/shop"}},{"type":"Feature","geometry":{"type":"Point","coordinates":[126.993205936407,37.4872781837223]},"properties":{"name":"내방역점","address":"서울특별시 서초구 서초대로24길 3 (방배동)1~3층","phone":"1522-4400","hours":"10:00–22:00","openingDate":"20091130","region":"서울","options":["출입구 경사로","현금없는매장","심카드","포인트 적립가능","포인트 사용가능","매장픽업"],"source":"㈜아성다이소 공식 매장검색","sourceUrl":"https://www.daiso.co.kr/cs/shop"}},{"type":"Feature","geometry":{"type":"Point","coordinates":[126.944007081257,37.5128549427149]},"properties":{"name":"노량진점","address":"서울특별시 동작구 만양로 105 (노량진동)2층","phone":"1522-4400","hours":"10:00–22:00","openingDate":"20240914","region":"서울","options":["주차","엘리베이터","포토 스티커","네임 스티커","택스리펀드","포인트 적립가능","포인트 사용가능","매장픽업"],"source":"㈜아성다이소 공식 매장검색","sourceUrl":"https://www.daiso.co.kr/cs/shop"}},{"type":"Feature","geometry":{"type":"Point","coordinates":[127.062451047074,37.6554979250604]},"properties":{"name":"노원문화의거리점","address":"서울특별시 노원구 노해로79길 6-19 (상계동)2층","phone":"1522-4400","hours":"10:00–22:00","openingDate":"20180909","region":"서울","options":["주차","엘리베이터","포토 스티커","네임 스티커","심카드","포인트 적립가능","포인트 사용가능","매장픽업"],"source":"㈜아성다이소 공식 매장검색","sourceUrl":"https://www.daiso.co.kr/cs/shop"}},{"type":"Feature","geometry":{"type":"Point","coordinates":[127.061324512782,37.6530537904638]},"properties":{"name":"노원본점","address":"서울특별시 노원구 동일로 1392 (상계동)B1~1층","phone":"1522-4400","hours":"10:00–22:00","openingDate":"20131210","region":"서울","options":["출입구 경사로","엘리베이터","심카드","포인트 적립가능","포인트 사용가능","매장픽업"],"source":"㈜아성다이소 공식 매장검색","sourceUrl":"https://www.daiso.co.kr/cs/shop"}},{"type":"Feature","geometry":{"type":"Point","coordinates":[127.054233759933,37.5652248597338]},"properties":{"name":"답십리점","address":"서울특별시 성동구 천호대로 308 (용답동)B1~1층","phone":"1522-4400","hours":"10:00–22:00","openingDate":"20130810","region":"서울","options":["출입구 경사로","포토 스티커","네임 스티커","심카드","택스리펀드","포인트 적립가능","포인트 사용가능","매장픽업"],"source":"㈜아성다이소 공식 매장검색","sourceUrl":"https://www.daiso.co.kr/cs/shop"}},{"type":"Feature","geometry":{"type":"Point","coordinates":[127.08149381016,37.6701892350804]},"properties":{"name":"당고개역점","address":"서울특별시 노원구 덕릉로126길 2(상계동)B1~1층","phone":"1522-4400","hours":"10:00–22:00","openingDate":"20220111","region":"서울","options":["주차","엘리베이터","네임 스티커","포인트 적립가능","포인트 사용가능"],"source":"㈜아성다이소 공식 매장검색","sourceUrl":"https://www.daiso.co.kr/cs/shop"}},{"type":"Feature","geometry":{"type":"Point","coordinates":[126.900990572741,37.534107128558]},"properties":{"name":"당산점","address":"서울특별시 영등포구 양평로 49 (당산동5가)B1~1층","phone":"1522-4400","hours":"10:00–22:00","openingDate":"20080326","region":"서울","options":["출입구 경사로","현금없는매장","심카드","포인트 적립가능","포인트 사용가능"],"source":"㈜아성다이소 공식 매장검색","sourceUrl":"https://www.daiso.co.kr/cs/shop"}},{"type":"Feature","geometry":{"type":"Point","coordinates":[126.899021008362,37.4945695144155]},"properties":{"name":"대림2호점","address":"서울특별시 영등포구 도림로 157 (대림동)1~4층","phone":"1522-4400","hours":"10:00–22:00","openingDate":"20170923","region":"서울","options":["출입구 경사로","엘리베이터","심카드","포인트 적립가능","포인트 사용가능","매장픽업"],"source":"㈜아성다이소 공식 매장검색","sourceUrl":"https://www.daiso.co.kr/cs/shop"}},{"type":"Feature","geometry":{"type":"Point","coordinates":[126.907821825149,37.4899432805842]},"properties":{"name":"대림사거리점","address":"서울특별시 동작구 시흥대로 654 (신대방동)B1층","phone":"02-848-0719","hours":"10:00–22:00","openingDate":"20160502","region":"서울","options":["포인트 적립가능","포인트 사용가능","고유가지원금"],"source":"㈜아성다이소 공식 매장검색","sourceUrl":"https://www.daiso.co.kr/cs/shop"}},{"type":"Feature","geometry":{"type":"Point","coordinates":[126.907785020768,37.4959665730744]},"properties":{"name":"대림썬프라자점","address":"서울특별시 영등포구 신길로 39(대림동)3층","phone":"1522-4400","hours":"10:00–22:00","openingDate":"20220729","region":"서울","options":["주차","엘리베이터","네임 스티커","포인트 적립가능","포인트 사용가능","매장픽업"],"source":"㈜아성다이소 공식 매장검색","sourceUrl":"https://www.daiso.co.kr/cs/shop"}},{"type":"Feature","geometry":{"type":"Point","coordinates":[126.926240355701,37.5124124321853]},"properties":{"name":"대방남부점","address":"서울특별시 동작구 노량진로 4 (대방동)1층","phone":"1522-4400","hours":"10:00–22:00","openingDate":"20130129","region":"서울","options":["주차","출입구 경사로","심카드","포인트 적립가능","포인트 사용가능","매장픽업"],"source":"㈜아성다이소 공식 매장검색","sourceUrl":"https://www.daiso.co.kr/cs/shop"}},{"type":"Feature","geometry":{"type":"Point","coordinates":[126.916945928789,37.512493750083]},"properties":{"name":"대신시장점","address":"서울특별시 영등포구 도신로 235 (신길동)B1층","phone":"02-831-2135","hours":"10:00–22:00","openingDate":"20160930","region":"서울","options":["포인트 적립가능","포인트 사용가능","고유가지원금"],"source":"㈜아성다이소 공식 매장검색","sourceUrl":"https://www.daiso.co.kr/cs/shop"}},{"type":"Feature","geometry":{"type":"Point","coordinates":[127.019442435578,37.6200429651128]},"properties":{"name":"대지시장점","address":"서울특별시 강북구 솔샘로 239 (미아동)B1~1층","phone":"1522-4400","hours":"10:00–22:00","openingDate":"20210413","region":"서울","options":["엘리베이터","포인트 적립가능","포인트 사용가능","매장픽업"],"source":"㈜아성다이소 공식 매장검색","sourceUrl":"https://www.daiso.co.kr/cs/shop"}},{"type":"Feature","geometry":{"type":"Point","coordinates":[127.062951852624,37.4938813994708]},"properties":{"name":"대치역사거리점","address":"서울특별시 강남구 삼성로 155 (대치동)B1층","phone":"1522-4400","hours":"10:00–22:00","openingDate":"20240628","region":"서울","options":["주차","출입구 경사로","엘리베이터","현금없는매장","포인트 적립가능","포인트 사용가능","매장픽업"],"source":"㈜아성다이소 공식 매장검색","sourceUrl":"https://www.daiso.co.kr/cs/shop"}},{"type":"Feature","geometry":{"type":"Point","coordinates":[127.001927386196,37.5835080325331]},"properties":{"name":"대학로점","address":"서울특별시 종로구 대학로 138-2 (혜화동)B1~4층","phone":"1522-4400","hours":"10:00–22:00","openingDate":"20190420","region":"서울","options":["출입구 경사로","엘리베이터","포토 스티커","네임 스티커","심카드","택스리펀드","포인트 적립가능","포인트 사용가능","매장픽업"],"source":"㈜아성다이소 공식 매장검색","sourceUrl":"https://www.daiso.co.kr/cs/shop"}},{"type":"Feature","geometry":{"type":"Point","coordinates":[127.013316978524,37.651278094753]},"properties":{"name":"덕성여대점","address":"서울특별시 도봉구 삼양로 538-5 (쌍문동)2층","phone":"02-998-4812","hours":"10:00–22:00","openingDate":"20201010","region":"서울","options":["주차","포인트 적립가능","포인트 사용가능","고유가지원금"],"source":"㈜아성다이소 공식 매장검색","sourceUrl":"https://www.daiso.co.kr/cs/shop"}},{"type":"Feature","geometry":{"type":"Point","coordinates":[127.040020426262,37.49182096882]},"properties":{"name":"도곡점","address":"서울특별시 강남구 도곡로 188 (도곡동)B1~1층","phone":"1522-4400","hours":"10:00–22:00","openingDate":"20180330","region":"서울","options":["현금없는매장","심카드","포인트 적립가능","포인트 사용가능"],"source":"㈜아성다이소 공식 매장검색","sourceUrl":"https://www.daiso.co.kr/cs/shop"}},{"type":"Feature","geometry":{"type":"Point","coordinates":[126.897489343069,37.4698086627095]},"properties":{"name":"독산점","address":"서울특별시 금천구 시흥대로 403 (독산동)B1~2층","phone":"1522-4400","hours":"10:00–22:00","openingDate":"20100531","region":"서울","options":["엘리베이터","포토 스티커","네임 스티커","심카드","포인트 적립가능","포인트 사용가능","매장픽업"],"source":"㈜아성다이소 공식 매장검색","sourceUrl":"https://www.daiso.co.kr/cs/shop"}},{"type":"Feature","geometry":{"type":"Point","coordinates":[127.058181234512,37.6118210492704]},"properties":{"name":"돌곶이역점","address":"서울특별시 성북구 화랑로 265 (장위동, H하우스 장위)1~2층","phone":"1522-4400","hours":"10:00–22:00","openingDate":"20260204","region":"서울","options":["주차","엘리베이터","포토 스티커","네임 스티커","포인트 적립가능","포인트 사용가능","매장픽업"],"source":"㈜아성다이소 공식 매장검색","sourceUrl":"https://www.daiso.co.kr/cs/shop"}},{"type":"Feature","geometry":{"type":"Point","coordinates":[127.009978209284,37.570277425343]},"properties":{"name":"동대문점","address":"서울특별시 종로구 율곡로 309 (창신동)1층","phone":"1522-4400","hours":"10:00–22:00","openingDate":"20140530","region":"서울","options":["심카드","택스리펀드","포인트 적립가능","포인트 사용가능","매장픽업"],"source":"㈜아성다이소 공식 매장검색","sourceUrl":"https://www.daiso.co.kr/cs/shop"}},{"type":"Feature","geometry":{"type":"Point","coordinates":[127.042804915036,37.604155972621]},"properties":{"name":"동덕여대점","address":"서울특별시 성북구 장월로1길 113(하월곡동)2~3층","phone":"070-8846-0877","hours":"10:00–22:00","openingDate":"20161117","region":"서울","options":["포인트 적립가능","포인트 사용가능","고유가지원금"],"source":"㈜아성다이소 공식 매장검색","sourceUrl":"https://www.daiso.co.kr/cs/shop"}},{"type":"Feature","geometry":{"type":"Point","coordinates":[127.016000015149,37.5740562569508]},"properties":{"name":"동묘점","address":"서울특별시 종로구 종로 347 (숭인동, 롯데캐슬 천지인)B1~1층","phone":"1522-4400","hours":"10:00–22:00","openingDate":"20160617","region":"서울","options":["주차","네임 스티커","심카드","택스리펀드","포인트 적립가능","포인트 사용가능","매장픽업"],"source":"㈜아성다이소 공식 매장검색","sourceUrl":"https://www.daiso.co.kr/cs/shop"}},{"type":"Feature","geometry":{"type":"Point","coordinates":[127.076227867061,37.5937199701831]},"properties":{"name":"동부시장점","address":"서울특별시 중랑구 망우로 212 (상봉동)B1~1층","phone":"070-4100-3320","hours":"10:00–22:00","openingDate":"20150620","region":"서울","options":["포인트 적립가능","포인트 사용가능","고유가지원금"],"source":"㈜아성다이소 공식 매장검색","sourceUrl":"https://www.daiso.co.kr/cs/shop"}},{"type":"Feature","geometry":{"type":"Point","coordinates":[127.135616051172,37.5273952498819]},"properties":{"name":"둔촌동역점","address":"서울특별시 강동구 양재대로 1355 (성내동)B1층","phone":"1522-4400","hours":"10:00–22:00","openingDate":"20180512","region":"서울","options":["주차","네임 스티커","심카드","포인트 적립가능","포인트 사용가능","매장픽업"],"source":"㈜아성다이소 공식 매장검색","sourceUrl":"https://www.daiso.co.kr/cs/shop"}},{"type":"Feature","geometry":{"type":"Point","coordinates":[127.04512444582,37.5476939315842]},"properties":{"name":"뚝섬역점","address":"서울특별시 성동구 아차산로 6 (성수동1가)B1층","phone":"1522-4400","hours":"10:00–22:00","openingDate":"20240831","region":"서울","options":["주차","엘리베이터","포토 스티커","네임 스티커","택스리펀드","포인트 적립가능","포인트 사용가능","매장픽업"],"source":"㈜아성다이소 공식 매장검색","sourceUrl":"https://www.daiso.co.kr/cs/shop"}},{"type":"Feature","geometry":{"type":"Point","coordinates":[127.007079629799,37.5657600422078]},"properties":{"name":"롯데던던동대문점","address":"서울특별시 중구 을지로 264 (을지로6가)3층","phone":"1522-4400","hours":"10:30–21:00","openingDate":"20240927","region":"서울","options":["주차","택스리펀드","포인트 적립가능","포인트 사용가능"],"source":"㈜아성다이소 공식 매장검색","sourceUrl":"https://www.daiso.co.kr/cs/shop"}},{"type":"Feature","geometry":{"type":"Point","coordinates":[126.896265163559,37.4609911113644]},"properties":{"name":"롯데마트금천점","address":"서울특별시 금천구 시흥대로 315 (독산동)B1층","phone":"","hours":"10:00–23:00","openingDate":"20181213","region":"서울","options":[],"source":"㈜아성다이소 공식 매장검색","sourceUrl":"https://www.daiso.co.kr/cs/shop"}},{"type":"Feature","geometry":{"type":"Point","coordinates":[126.801570320177,37.562144131501]},"properties":{"name":"롯데마트김포공항점","address":"서울특별시 강서구 하늘길 지하 77 (방화동)B1층","phone":"","hours":"09:30–00:00","openingDate":"20220806","region":"서울","options":["주차"],"source":"㈜아성다이소 공식 매장검색","sourceUrl":"https://www.daiso.co.kr/cs/shop"}},{"type":"Feature","geometry":{"type":"Point","coordinates":[126.895673628058,37.4706228483117]},"properties":{"name":"롯데마트맥스금천점","address":"서울특별시 금천구 두산로 71 (독산동)1층","phone":"1522-4400","hours":"10:00–22:00","openingDate":"20230527","region":"서울","options":["주차","포인트 적립가능"],"source":"㈜아성다이소 공식 매장검색","sourceUrl":"https://www.daiso.co.kr/cs/shop"}},{"type":"Feature","geometry":{"type":"Point","coordinates":[127.017747047824,37.6255182619776]},"properties":{"name":"롯데마트삼양점","address":"서울특별시 강북구 삼양로 247 (미아동)B1층","phone":"","hours":"10:00–23:00","openingDate":"20111007","region":"서울","options":["주차"],"source":"㈜아성다이소 공식 매장검색","sourceUrl":"https://www.daiso.co.kr/cs/shop"}},{"type":"Feature","geometry":{"type":"Point","coordinates":[126.891572019703,37.5260658911576]},"properties":{"name":"롯데마트서울양평점","address":"서울특별시 영등포구 선유로 138 (양평동3가)B2층","phone":"","hours":"10:00–23:00","openingDate":"20170427","region":"서울","options":["주차"],"source":"㈜아성다이소 공식 매장검색","sourceUrl":"https://www.daiso.co.kr/cs/shop"}},{"type":"Feature","geometry":{"type":"Point","coordinates":[126.969512319976,37.5574468761736]},"properties":{"name":"롯데마트서울역점","address":"서울특별시 중구 청파로 426 (봉래동2가)3층","phone":"","hours":"10:00–00:00","openingDate":"20180401","region":"서울","options":[],"source":"㈜아성다이소 공식 매장검색","sourceUrl":"https://www.daiso.co.kr/cs/shop"}},{"type":"Feature","geometry":{"type":"Point","coordinates":[127.005381592272,37.4904950346372]},"properties":{"name":"롯데마트서초점","address":"서울특별시 서초구 서초대로38길 12 (서초동, 마제스타시티, 힐스테이트 서리풀)B2층","phone":"","hours":"10:00–23:00","openingDate":"20190715","region":"서울","options":["주차"],"source":"㈜아성다이소 공식 매장검색","sourceUrl":"https://www.daiso.co.kr/cs/shop"}},{"type":"Feature","geometry":{"type":"Point","coordinates":[127.104446890835,37.5137519612953]},"properties":{"name":"롯데마트월드타워점","address":"서울특별시 송파구 올림픽로 300 (신천동)B2층","phone":"1522-4400","hours":"10:00–22:00","openingDate":"20190222","region":"서울","options":["주차"],"source":"㈜아성다이소 공식 매장검색","sourceUrl":"https://www.daiso.co.kr/cs/shop"}},{"type":"Feature","geometry":{"type":"Point","coordinates":[127.070940893709,37.6467905319279]},"properties":{"name":"롯데마트중계점","address":"서울특별시 노원구 노원로 330 (중계동)2층","phone":"02-952-6017","hours":"10:00–22:00","openingDate":"20030620","region":"서울","options":[],"source":"㈜아성다이소 공식 매장검색","sourceUrl":"https://www.daiso.co.kr/cs/shop"}},{"type":"Feature","geometry":{"type":"Point","coordinates":[127.028745897371,37.556567759443]},"properties":{"name":"롯데마트행당역점","address":"서울특별시 성동구 행당로 84 (행당동)B2층","phone":"","hours":"10:00–22:00","openingDate":"20100824","region":"서울","options":[],"source":"㈜아성다이소 공식 매장검색","sourceUrl":"https://www.daiso.co.kr/cs/shop"}},{"type":"Feature","geometry":{"type":"Point","coordinates":[126.917900261732,37.6375366740938]},"properties":{"name":"롯데몰은평점","address":"서울특별시 은평구 통일로 1050 (진관동)B1층","phone":"02-6975-5320","hours":"10:00–22:00","openingDate":"20161201","region":"서울","options":["주차","포인트 적립가능","포인트 사용가능"],"source":"㈜아성다이소 공식 매장검색","sourceUrl":"https://www.daiso.co.kr/cs/shop"}},{"type":"Feature","geometry":{"type":"Point","coordinates":[126.904683469106,37.5278167645388]},"properties":{"name":"롯데빅마켓영등포점","address":"서울특별시 영등포구 영중로 125 (영등포동8가)1층","phone":"1522-4400","hours":"10:00–22:00","openingDate":"20180911","region":"서울","options":["주차","포인트 적립가능"],"source":"㈜아성다이소 공식 매장검색","sourceUrl":"https://www.daiso.co.kr/cs/shop"}},{"type":"Feature","geometry":{"type":"Point","coordinates":[127.125329676879,37.5030761926619]},"properties":{"name":"롯데슈퍼가락점","address":"서울특별시 송파구 오금로36길 8 (가락동)B1층","phone":"","hours":"10:00–23:00","openingDate":"20100519","region":"서울","options":[],"source":"㈜아성다이소 공식 매장검색","sourceUrl":"https://www.daiso.co.kr/cs/shop"}},{"type":"Feature","geometry":{"type":"Point","coordinates":[126.922063807625,37.6186902335511]},"properties":{"name":"롯데슈퍼범서점","address":"서울특별시 은평구 통일로 842 (불광동)2층","phone":"","hours":"09:00–23:00","openingDate":"20040916","region":"서울","options":[],"source":"㈜아성다이소 공식 매장검색","sourceUrl":"https://www.daiso.co.kr/cs/shop"}},{"type":"Feature","geometry":{"type":"Point","coordinates":[127.133266146111,37.5153388210257]},"properties":{"name":"롯데슈퍼올림픽점","address":"서울특별시 송파구 양재대로 1220 (방이동)1층","phone":"","hours":"10:00–22:00","openingDate":"20210515","region":"서울","options":["주차"],"source":"㈜아성다이소 공식 매장검색","sourceUrl":"https://www.daiso.co.kr/cs/shop"}},{"type":"Feature","geometry":{"type":"Point","coordinates":[126.825252880539,37.5647750742195]},"properties":{"name":"마곡나루역점","address":"서울특별시 강서구 마곡중앙로 143 (마곡동)B1층","phone":"1522-4400","hours":"10:00–22:00","openingDate":"20251128","region":"서울","options":["주차","엘리베이터","포토 스티커","네임 스티커","택스리펀드","포인트 적립가능","포인트 사용가능","매장픽업"],"source":"㈜아성다이소 공식 매장검색","sourceUrl":"https://www.daiso.co.kr/cs/shop"}},{"type":"Feature","geometry":{"type":"Point","coordinates":[126.885080837326,37.4784457675388]},"properties":{"name":"마리오아울렛점","address":"서울특별시 금천구 벚꽃로 266 (가산동)10층","phone":"1522-4400","hours":"10:30–21:30","openingDate":"20141003","region":"서울","options":["주차","엘리베이터","네임 스티커","심카드","택스리펀드","포인트 적립가능","포인트 사용가능","매장픽업"],"source":"㈜아성다이소 공식 매장검색","sourceUrl":"https://www.daiso.co.kr/cs/shop"}},{"type":"Feature","geometry":{"type":"Point","coordinates":[127.098351137589,37.5991657770242]},"properties":{"name":"망우2호점","address":"서울특별시 중랑구 망우로 416 (망우동)1~3층","phone":"1522-4400","hours":"10:00–22:00","openingDate":"20121025","region":"서울","options":["주차","출입구 경사로","엘리베이터","포토 스티커","네임 스티커","심카드","포인트 적립가능","포인트 사용가능","매장픽업"],"source":"㈜아성다이소 공식 매장검색","sourceUrl":"https://www.daiso.co.kr/cs/shop"}},{"type":"Feature","geometry":{"type":"Point","coordinates":[127.047198914992,37.4866152698895]},"properties":{"name":"매봉역점","address":"서울 강남구 남부순환로 2748B1층","phone":"1522-4400","hours":"10:00–22:00","openingDate":"20180417","region":"서울","options":["주차","엘리베이터","포토 스티커","네임 스티커","심카드","포인트 적립가능","포인트 사용가능","매장픽업"],"source":"㈜아성다이소 공식 매장검색","sourceUrl":"https://www.daiso.co.kr/cs/shop"}},{"type":"Feature","geometry":{"type":"Point","coordinates":[127.077604207473,37.6097597648497]},"properties":{"name":"먹골역점","address":"서울특별시 중랑구 동일로 889 (묵동)1~2층","phone":"1522-4400","hours":"10:00–22:00","openingDate":"20111115","region":"서울","options":["출입구 경사로","심카드","포인트 적립가능","포인트 사용가능","매장픽업"],"source":"㈜아성다이소 공식 매장검색","sourceUrl":"https://www.daiso.co.kr/cs/shop"}},{"type":"Feature","geometry":{"type":"Point","coordinates":[126.98459819839069,37.56388562825043]},"properties":{"name":"명동본점","address":"서울특별시 중구 명동길 43 (명동1가)B1~1층","phone":"1522-4400","hours":"10:00–22:00","openingDate":"20131031","region":"서울","options":["포토 스티커","네임 스티커","심카드","택스리펀드","포인트 적립가능","포인트 사용가능","매장픽업"],"source":"㈜아성다이소 공식 매장검색","sourceUrl":"https://www.daiso.co.kr/cs/shop"}},{"type":"Feature","geometry":{"type":"Point","coordinates":[126.986743744821,37.5607463660316]},"properties":{"name":"명동역점","address":"서울특별시 중구 퇴계로 134-1(남산동3가)B1~12층","phone":"1522-4400","hours":"10:00–22:00","openingDate":"20230228","region":"서울","options":["출입구 경사로","엘리베이터","포토 스티커","네임 스티커","택스리펀드","포인트 적립가능","포인트 사용가능"],"source":"㈜아성다이소 공식 매장검색","sourceUrl":"https://www.daiso.co.kr/cs/shop"}},{"type":"Feature","geometry":{"type":"Point","coordinates":[126.864284430668,37.5484138360947]},"properties":{"name":"목동깨비시장점","address":"서울특별시 양천구 목동중앙북로4길 6 (목동)B1층","phone":"1522-4400","hours":"10:00–22:00","openingDate":"20231230","region":"서울","options":["주차","포토 스티커","네임 스티커","포인트 적립가능","포인트 사용가능","매장픽업"],"source":"㈜아성다이소 공식 매장검색","sourceUrl":"https://www.daiso.co.kr/cs/shop"}},{"type":"Feature","geometry":{"type":"Point","coordinates":[126.863297865971,37.5334847631785]},"properties":{"name":"목동사거리점","address":"서울특별시 강서구 등촌로5길 2 (화곡동)B1층","phone":"02-2653-6016","hours":"10:00–22:00","openingDate":"20190526","region":"서울","options":["주차","포인트 적립가능","포인트 사용가능"],"source":"㈜아성다이소 공식 매장검색","sourceUrl":"https://www.daiso.co.kr/cs/shop"}},{"type":"Feature","geometry":{"type":"Point","coordinates":[126.86394263991,37.5258922323904]},"properties":{"name":"목동역점","address":"서울특별시 양천구 오목로 238 (신정동, 론드사옥)B1~1층","phone":"1522-4400","hours":"10:00–22:00","openingDate":"20081027","region":"서울","options":["출입구 경사로","현금없는매장","심카드","포인트 적립가능","포인트 사용가능","매장픽업"],"source":"㈜아성다이소 공식 매장검색","sourceUrl":"https://www.daiso.co.kr/cs/shop"}},{"type":"Feature","geometry":{"type":"Point","coordinates":[127.123087289463,37.486359565989]},"properties":{"name":"문정역점","address":"서울특별시 송파구 문정로 1 (문정동, 문정역 마에스트로)B1층","phone":"1522-4400","hours":"10:00–22:00","openingDate":"20240614","region":"서울","options":["주차","엘리베이터","현금없는매장","포토 스티커","네임 스티커","포인트 적립가능","포인트 사용가능","매장픽업"],"source":"㈜아성다이소 공식 매장검색","sourceUrl":"https://www.daiso.co.kr/cs/shop"}},{"type":"Feature","geometry":{"type":"Point","coordinates":[127.030649608849,37.6095747937536]},"properties":{"name":"미아사거리점","address":"서울특별시 강북구 월계로 3 (미아동)1~3층","phone":"1522-4400","hours":"10:00–22:00","openingDate":"20170203","region":"서울","options":["주차","포토 스티커","네임 스티커","심카드","택스리펀드","포인트 적립가능","포인트 사용가능","매장픽업"],"source":"㈜아성다이소 공식 매장검색","sourceUrl":"https://www.daiso.co.kr/cs/shop"}},{"type":"Feature","geometry":{"type":"Point","coordinates":[127.027472059353,37.6220391287049]},"properties":{"name":"미아역점","address":"서울특별시 강북구 도봉로 147 (미아동)1~3층","phone":"1522-4400","hours":"10:00–22:00","openingDate":"20240420","region":"서울","options":["주차","엘리베이터","포토 스티커","네임 스티커","포인트 적립가능","포인트 사용가능","매장픽업"],"source":"㈜아성다이소 공식 매장검색","sourceUrl":"https://www.daiso.co.kr/cs/shop"}},{"type":"Feature","geometry":{"type":"Point","coordinates":[126.818746797278,37.5527985069967]},"properties":{"name":"바다마트강서점","address":"서울특별시 강서구 발산로 24 (외발산동)2층","phone":"","hours":"05:00–21:00","openingDate":"20170624","region":"서울","options":["주차"],"source":"㈜아성다이소 공식 매장검색","sourceUrl":"https://www.daiso.co.kr/cs/shop"}},{"type":"Feature","geometry":{"type":"Point","coordinates":[126.838431360202,37.5580304294577]},"properties":{"name":"발산역점","address":"서울특별시 강서구 공항대로 280 (내발산동)1~3층","phone":"1522-4400","hours":"10:00–22:00","openingDate":"20151221","region":"서울","options":["포토 스티커","네임 스티커","심카드","택스리펀드","포인트 적립가능","포인트 사용가능","매장픽업"],"source":"㈜아성다이소 공식 매장검색","sourceUrl":"https://www.daiso.co.kr/cs/shop"}},{"type":"Feature","geometry":{"type":"Point","coordinates":[126.996941455417,37.4814648523396]},"properties":{"name":"방배역점","address":"서울특별시 서초구 효령로 117 (방배동)B1층","phone":"1522-4400","hours":"10:00–22:00","openingDate":"20110720","region":"서울","options":["현금없는매장","심카드","포인트 적립가능","포인트 사용가능"],"source":"㈜아성다이소 공식 매장검색","sourceUrl":"https://www.daiso.co.kr/cs/shop"}},{"type":"Feature","geometry":{"type":"Point","coordinates":[127.114004961766,37.5117593828743]},"properties":{"name":"방이시장점","address":"서울특별시 송파구 백제고분로48길 5 (방이동)1~3층","phone":"1522-4400","hours":"10:00–22:00","openingDate":"20130620","region":"서울","options":["출입구 경사로","심카드","포인트 적립가능","포인트 사용가능","매장픽업"],"source":"㈜아성다이소 공식 매장검색","sourceUrl":"https://www.daiso.co.kr/cs/shop"}},{"type":"Feature","geometry":{"type":"Point","coordinates":[127.043421875698,37.6666360174378]},"properties":{"name":"방학역점","address":"서울특별시 도봉구 도봉로 696 (방학동)1~2층","phone":"1522-4400","hours":"10:00–22:00","openingDate":"20151126","region":"서울","options":["주차","네임 스티커","심카드","포인트 적립가능","포인트 사용가능","매장픽업"],"source":"㈜아성다이소 공식 매장검색","sourceUrl":"https://www.daiso.co.kr/cs/shop"}},{"type":"Feature","geometry":{"type":"Point","coordinates":[126.811227835462,37.5721773156387]},"properties":{"name":"방화사거리점","address":"서울특별시 강서구 금낭화로 75(방화동)B1층","phone":"02-2666-6016","hours":"10:00–22:00","openingDate":"20170416","region":"서울","options":["주차","포인트 적립가능","포인트 사용가능","고유가지원금"],"source":"㈜아성다이소 공식 매장검색","sourceUrl":"https://www.daiso.co.kr/cs/shop"}},{"type":"Feature","geometry":{"type":"Point","coordinates":[127.096616975335,37.502018806027]},"properties":{"name":"배명사거리점","address":"서울특별시 송파구 삼학사로 53(삼전동)B1층","phone":"02-412-8982","hours":"10:00–22:00","openingDate":"20160429","region":"서울","options":["주차","포인트 적립가능","포인트 사용가능","고유가지원금"],"source":"㈜아성다이소 공식 매장검색","sourceUrl":"https://www.daiso.co.kr/cs/shop"}},{"type":"Feature","geometry":{"type":"Point","coordinates":[127.039410708924,37.6284742878356]},"properties":{"name":"번동점","address":"서울특별시 강북구 오현로 190 (번동)1층","phone":"02-982-6016","hours":"09:00–22:00","openingDate":"20210101","region":"서울","options":["주차","포인트 적립가능","포인트 사용가능","고유가지원금"],"source":"㈜아성다이소 공식 매장검색","sourceUrl":"https://www.daiso.co.kr/cs/shop"}},{"type":"Feature","geometry":{"type":"Point","coordinates":[126.924094714271,37.4912751024086]},"properties":{"name":"보라매점","address":"서울특별시 동작구 보라매로5가길 16 (신대방동, 보라매아카데미타워)B1층","phone":"1522-4400","hours":"10:00–22:00","openingDate":"20160627","region":"서울","options":["주차","엘리베이터","포토 스티커","네임 스티커","심카드","포인트 적립가능","포인트 사용가능","매장픽업"],"source":"㈜아성다이소 공식 매장검색","sourceUrl":"https://www.daiso.co.kr/cs/shop"}},{"type":"Feature","geometry":{"type":"Point","coordinates":[126.942476303643,37.4825806638858]},"properties":{"name":"봉천2호점","address":"서울특별시 관악구 남부순환로 1731 (봉천동)1~3층","phone":"1522-4400","hours":"10:00–22:00","openingDate":"20121125","region":"서울","options":["출입구 경사로","심카드","포인트 적립가능","포인트 사용가능","매장픽업"],"source":"㈜아성다이소 공식 매장검색","sourceUrl":"https://www.daiso.co.kr/cs/shop"}},{"type":"Feature","geometry":{"type":"Point","coordinates":[126.953098728924,37.4825638239353]},"properties":{"name":"봉천본점","address":"서울특별시 관악구 관악로 195 (봉천동, 관악위버폴리스)B1층","phone":"1522-4400","hours":"10:00–22:00","openingDate":"20210430","region":"서울","options":["주차","엘리베이터","포토 스티커","네임 스티커","택스리펀드","포인트 적립가능","포인트 사용가능","매장픽업"],"source":"㈜아성다이소 공식 매장검색","sourceUrl":"https://www.daiso.co.kr/cs/shop"}},{"type":"Feature","geometry":{"type":"Point","coordinates":[126.928838475621,37.6109210559579]},"properties":{"name":"불광역점","address":"서울특별시 은평구 통일로67길 3 (대조동)B1~1층","phone":"1522-4400","hours":"10:00–22:00","openingDate":"20070617","region":"서울","options":["심카드","포인트 적립가능","포인트 사용가능","매장픽업"],"source":"㈜아성다이소 공식 매장검색","sourceUrl":"https://www.daiso.co.kr/cs/shop"}},{"type":"Feature","geometry":{"type":"Point","coordinates":[127.038394194396,37.5614417528647]},"properties":{"name":"비트플렉스왕십리역점","address":"서울특별시 성동구 왕십리광장로 17 (행당동)3층","phone":"1522-4400","hours":"10:00–22:00","openingDate":"20170714","region":"서울","options":["주차","엘리베이터","포토 스티커","네임 스티커","심카드","택스리펀드","포인트 적립가능","매장픽업"],"source":"㈜아성다이소 공식 매장검색","sourceUrl":"https://www.daiso.co.kr/cs/shop"}},{"type":"Feature","geometry":{"type":"Point","coordinates":[127.086315342927,37.5785584174746]},"properties":{"name":"사가정2호점","address":"서울특별시 중랑구 면목로 290 (면목동)1~3층","phone":"1522-4400","hours":"10:00–22:00","openingDate":"20151222","region":"서울","options":["출입구 경사로","네임 스티커","심카드","포인트 적립가능","포인트 사용가능","매장픽업"],"source":"㈜아성다이소 공식 매장검색","sourceUrl":"https://www.daiso.co.kr/cs/shop"}},{"type":"Feature","geometry":{"type":"Point","coordinates":[126.981456221124,37.4804179959561]},"properties":{"name":"사당1호점","address":"서울특별시 동작구 동작대로 43 (사당동)B1층","phone":"1522-4400","hours":"10:00–22:00","openingDate":"20120831","region":"서울","options":["주차","현금없는매장","네임 스티커","심카드","포인트 적립가능","포인트 사용가능","매장픽업"],"source":"㈜아성다이소 공식 매장검색","sourceUrl":"https://www.daiso.co.kr/cs/shop"}},{"type":"Feature","geometry":{"type":"Point","coordinates":[126.977359747922,37.4769344303083]},"properties":{"name":"사당2호점","address":"서울특별시 동작구 남부순환로 2057 (사당동)1~2층","phone":"1522-4400","hours":"10:00–22:00","openingDate":"20140903","region":"서울","options":["현금없는매장","심카드","포인트 적립가능","포인트 사용가능","매장픽업"],"source":"㈜아성다이소 공식 매장검색","sourceUrl":"https://www.daiso.co.kr/cs/shop"}},{"type":"Feature","geometry":{"type":"Point","coordinates":[127.018710982852,37.6243207914361]},"properties":{"name":"삼양시장점","address":"서울특별시 강북구 삼양로 234 (미아동)1~2층","phone":"1522-4400","hours":"10:00–22:00","openingDate":"20130820","region":"서울","options":["엘리베이터","심카드","포인트 적립가능","포인트 사용가능","매장픽업"],"source":"㈜아성다이소 공식 매장검색","sourceUrl":"https://www.daiso.co.kr/cs/shop"}},{"type":"Feature","geometry":{"type":"Point","coordinates":[127.07387117358,37.6607839634325]},"properties":{"name":"상계1호점","address":"서울특별시 노원구 한글비석로22길 30-1 (중계동)1~3층","phone":"1522-4400","hours":"10:00–22:00","openingDate":"20100730","region":"서울","options":["심카드","포인트 적립가능","포인트 사용가능","매장픽업"],"source":"㈜아성다이소 공식 매장검색","sourceUrl":"https://www.daiso.co.kr/cs/shop"}},{"type":"Feature","geometry":{"type":"Point","coordinates":[127.065967816119,37.664667281503]},"properties":{"name":"상계보람점","address":"서울특별시 노원구 한글비석로 470 (상계동)1~2층","phone":"1522-4400","hours":"10:00–22:00","openingDate":"20120609","region":"서울","options":["주차","출입구 경사로","심카드","포인트 적립가능","포인트 사용가능","매장픽업"],"source":"㈜아성다이소 공식 매장검색","sourceUrl":"https://www.daiso.co.kr/cs/shop"}},{"type":"Feature","geometry":{"type":"Point","coordinates":[126.948341437745,37.5028147684905]},"properties":{"name":"상도점","address":"서울특별시 동작구 상도로 277 (상도1동)1~3층","phone":"1522-4400","hours":"10:00–22:00","openingDate":"20131018","region":"서울","options":["출입구 경사로","네임 스티커","심카드","택스리펀드","포인트 적립가능","포인트 사용가능","매장픽업"],"source":"㈜아성다이소 공식 매장검색","sourceUrl":"https://www.daiso.co.kr/cs/shop"}},{"type":"Feature","geometry":{"type":"Point","coordinates":[127.084327394309,37.5963126501004]},"properties":{"name":"상봉역점","address":"서울특별시 중랑구 망우로 287 (상봉동)1~3층","phone":"1522-4400","hours":"10:00–22:00","openingDate":"20130530","region":"서울","options":["출입구 경사로","심카드","포인트 적립가능","포인트 사용가능","매장픽업"],"source":"㈜아성다이소 공식 매장검색","sourceUrl":"https://www.daiso.co.kr/cs/shop"}},{"type":"Feature","geometry":{"type":"Point","coordinates":[127.028663185379,37.5642988731507]},"properties":{"name":"상왕십리역점","address":"서울특별시 성동구 왕십리로 373 (하왕십리동)B1~2층","phone":"1522-4400","hours":"10:00–22:00","openingDate":"20180717","region":"서울","options":["주차","엘리베이터","포토 스티커","네임 스티커","심카드","택스리펀드","포인트 적립가능","포인트 사용가능","매장픽업"],"source":"㈜아성다이소 공식 매장검색","sourceUrl":"https://www.daiso.co.kr/cs/shop"}},{"type":"Feature","geometry":{"type":"Point","coordinates":[127.16967893433,37.5574405229047]},"properties":{"name":"상일동역점","address":"서울특별시 강동구 고덕로 399 (고덕동, 고덕센트럴푸르지오)B1층","phone":"1522-4400","hours":"10:00–22:00","openingDate":"20210619","region":"서울","options":["주차","엘리베이터","포토 스티커","네임 스티커","포인트 적립가능","포인트 사용가능","매장픽업"],"source":"㈜아성다이소 공식 매장검색","sourceUrl":"https://www.daiso.co.kr/cs/shop"}},{"type":"Feature","geometry":{"type":"Point","coordinates":[126.95429729739,37.4803623180231]},"properties":{"name":"서울대입구점","address":"서울특별시 관악구 남부순환로 1840 (봉천동)B1~1층","phone":"1522-4400","hours":"10:00–22:00","openingDate":"20121015","region":"서울","options":["출입구 경사로","포토 스티커","네임 스티커","심카드","택스리펀드","포인트 적립가능","포인트 사용가능","매장픽업"],"source":"㈜아성다이소 공식 매장검색","sourceUrl":"https://www.daiso.co.kr/cs/shop"}},{"type":"Feature","geometry":{"type":"Point","coordinates":[126.976627149878,37.5647034150206]},"properties":{"name":"서울시청광장점","address":"서울특별시 중구 세종대로 93 (태평로2가)1~2층","phone":"1522-4400","hours":"10:00–22:00","openingDate":"20190314","region":"서울","options":["심카드","택스리펀드","포인트 적립가능","포인트 사용가능"],"source":"㈜아성다이소 공식 매장검색","sourceUrl":"https://www.daiso.co.kr/cs/shop"}},{"type":"Feature","geometry":{"type":"Point","coordinates":[126.891021037809,37.5280403794609]},"properties":{"name":"서울양평동점","address":"서울특별시 영등포구 선유로 157 (양평동3가)B1~3층","phone":"1522-4400","hours":"10:00–22:00","openingDate":"20240426","region":"서울","options":["출입구 경사로","엘리베이터","현금없는매장","포토 스티커","네임 스티커","포인트 적립가능","포인트 사용가능"],"source":"㈜아성다이소 공식 매장검색","sourceUrl":"https://www.daiso.co.kr/cs/shop"}},{"type":"Feature","geometry":{"type":"Point","coordinates":[126.969526329341,37.5547278494914]},"properties":{"name":"서울역점","address":"서울특별시 중구 한강대로 405(봉래동2가)1층","phone":"1522-4400","hours":"10:00–22:00","openingDate":"20220602","region":"서울","options":["포토 스티커","택스리펀드","포인트 적립가능","포인트 사용가능"],"source":"㈜아성다이소 공식 매장검색","sourceUrl":"https://www.daiso.co.kr/cs/shop"}},{"type":"Feature","geometry":{"type":"Point","coordinates":[127.064436681005,37.6156906988613]},"properties":{"name":"석계역점","address":"서울특별시 노원구 석계로 9(월계동)B1층","phone":"0507-1304-5394","hours":"10:00–22:00","openingDate":"20150730","region":"서울","options":["포인트 적립가능","포인트 사용가능","고유가지원금"],"source":"㈜아성다이소 공식 매장검색","sourceUrl":"https://www.daiso.co.kr/cs/shop"}},{"type":"Feature","geometry":{"type":"Point","coordinates":[127.107601343872,37.5014034753373]},"properties":{"name":"석촌점","address":"서울특별시 송파구 가락로 103 (석촌동)1층","phone":"1522-4400","hours":"10:00–22:00","openingDate":"20120217","region":"서울","options":["주차","네임 스티커","심카드","포인트 적립가능","포인트 사용가능","매장픽업"],"source":"㈜아성다이소 공식 매장검색","sourceUrl":"https://www.daiso.co.kr/cs/shop"}},{"type":"Feature","geometry":{"type":"Point","coordinates":[127.051627322774,37.5049127733133]},"properties":{"name":"선릉점","address":"서울특별시 강남구 테헤란로 414 (대치동)B1층","phone":"1522-4400","hours":"10:00–22:00","openingDate":"20160826","region":"서울","options":["엘리베이터","심카드","택스리펀드","포인트 적립가능","포인트 사용가능","매장픽업"],"source":"㈜아성다이소 공식 매장검색","sourceUrl":"https://www.daiso.co.kr/cs/shop"}},{"type":"Feature","geometry":{"type":"Point","coordinates":[126.893420460707,37.5381315240488]},"properties":{"name":"선유도역점","address":"서울특별시 영등포구 양평로 지하 124(양평동5가)B1층","phone":"02-2068-6019","hours":"10:00–22:00","openingDate":"20150601","region":"서울","options":["포인트 적립가능","포인트 사용가능","고유가지원금"],"source":"㈜아성다이소 공식 매장검색","sourceUrl":"https://www.daiso.co.kr/cs/shop"}},{"type":"Feature","geometry":{"type":"Point","coordinates":[126.931776254273,37.4999426964441]},"properties":{"name":"성대시장점","address":"서울특별시 동작구 상도로 102 (상도동)1~2층","phone":"1522-4400","hours":"10:00–22:00","openingDate":"20100630","region":"서울","options":["주차","출입구 경사로","포토 스티커","네임 스티커","심카드","포인트 적립가능","포인트 사용가능","매장픽업"],"source":"㈜아성다이소 공식 매장검색","sourceUrl":"https://www.daiso.co.kr/cs/shop"}},{"type":"Feature","geometry":{"type":"Point","coordinates":[127.055104789531,37.5371594440377]},"properties":{"name":"성수2가점","address":"서울특별시 성동구 성덕정길 106(성수동2가)1층","phone":"02-465-1331","hours":"10:00–22:00","openingDate":"20130702","region":"서울","options":["주차","포인트 적립가능","포인트 사용가능","고유가지원금"],"source":"㈜아성다이소 공식 매장검색","sourceUrl":"https://www.daiso.co.kr/cs/shop"}},{"type":"Feature","geometry":{"type":"Point","coordinates":[127.016824265035,37.5917961624181]},"properties":{"name":"성신여대역점","address":"서울특별시 성북구 동소문로20나길 2 (동선동1가)1~3층","phone":"1522-4400","hours":"10:00–22:00","openingDate":"20111217","region":"서울","options":["네임 스티커","심카드","택스리펀드","포인트 적립가능","포인트 사용가능","매장픽업"],"source":"㈜아성다이소 공식 매장검색","sourceUrl":"https://www.daiso.co.kr/cs/shop"}},{"type":"Feature","geometry":{"type":"Point","coordinates":[126.918058479434,37.4742854376103]},"properties":{"name":"세이브마트난곡점","address":"서울특별시 관악구 난곡로 220 (신림동)1층","phone":"02-838-6016","hours":"09:00–22:00","openingDate":"20041028","region":"서울","options":[],"source":"㈜아성다이소 공식 매장검색","sourceUrl":"https://www.daiso.co.kr/cs/shop"}},{"type":"Feature","geometry":{"type":"Point","coordinates":[127.068031447588,37.6381599163108]},"properties":{"name":"세이브존노원점","address":"서울 노원구 한글비석로 57B1층","phone":"1522-4400","hours":"10:00–21:00","openingDate":"20080318","region":"서울","options":[],"source":"㈜아성다이소 공식 매장검색","sourceUrl":"https://www.daiso.co.kr/cs/shop"}},{"type":"Feature","geometry":{"type":"Point","coordinates":[126.810280495789,37.5611463611113]},"properties":{"name":"송정역점","address":"서울 강서구 공항대로 28B1층","phone":"02-2661-7001","hours":"10:00–22:00","openingDate":"20230201","region":"서울","options":["포인트 적립가능","포인트 사용가능"],"source":"㈜아성다이소 공식 매장검색","sourceUrl":"https://www.daiso.co.kr/cs/shop"}},{"type":"Feature","geometry":{"type":"Point","coordinates":[127.107424843787,37.5146092082496]},"properties":{"name":"송파구청점","address":"서울특별시 송파구 오금로 87 (방이동)B1층","phone":"1522-4400","hours":"10:00–22:00","openingDate":"20190621","region":"서울","options":["주차","네임 스티커","심카드","택스리펀드","포인트 적립가능","포인트 사용가능","매장픽업"],"source":"㈜아성다이소 공식 매장검색","sourceUrl":"https://www.daiso.co.kr/cs/shop"}},{"type":"Feature","geometry":{"type":"Point","coordinates":[127.12233235424684,37.481244155992336]},"properties":{"name":"송파파크하비오점","address":"서울특별시 송파구 송파대로 111 (문정동, 파크하비오)1~2층","phone":"1522-4400","hours":"10:00–22:00","openingDate":"20170325","region":"서울","options":["주차","포토 스티커","심카드","택스리펀드","포인트 적립가능","포인트 사용가능","매장픽업"],"source":"㈜아성다이소 공식 매장검색","sourceUrl":"https://www.daiso.co.kr/cs/shop"}},{"type":"Feature","geometry":{"type":"Point","coordinates":[127.026128675843,37.6380345518337]},"properties":{"name":"수유본점","address":"서울특별시 강북구 도봉로 342 (번동)B1층","phone":"1522-4400","hours":"10:00–22:00","openingDate":"20210630","region":"서울","options":["주차","엘리베이터","포토 스티커","네임 스티커","택스리펀드","포인트 적립가능","포인트 사용가능","매장픽업"],"source":"㈜아성다이소 공식 매장검색","sourceUrl":"https://www.daiso.co.kr/cs/shop"}},{"type":"Feature","geometry":{"type":"Point","coordinates":[127.022668132796,37.6307289053601]},"properties":{"name":"수유시장2호점","address":"서울특별시 강북구 도봉로67길 18 (수유동)B1~1층","phone":"1522-4400","hours":"10:00–22:00","openingDate":"20250523","region":"서울","options":["주차","엘리베이터","포토 스티커","네임 스티커","택스리펀드","포인트 적립가능","포인트 사용가능","매장픽업"],"source":"㈜아성다이소 공식 매장검색","sourceUrl":"https://www.daiso.co.kr/cs/shop"}},{"type":"Feature","geometry":{"type":"Point","coordinates":[127.024422935028,37.6317067557155]},"properties":{"name":"수유시장점","address":"서울특별시 강북구 도봉로 260 (미아동)1층","phone":"1522-4400","hours":"10:00–22:00","openingDate":"20070923","region":"서울","options":["주차","출입구 경사로","심카드","포인트 적립가능","포인트 사용가능","매장픽업"],"source":"㈜아성다이소 공식 매장검색","sourceUrl":"https://www.daiso.co.kr/cs/shop"}},{"type":"Feature","geometry":{"type":"Point","coordinates":[127.071432147214,37.5390373908314]},"properties":{"name":"스타시티건대점","address":"서울특별시 광진구 능동로 92 (자양동)B2층","phone":"1522-4400","hours":"10:00–22:00","openingDate":"20260227","region":"서울","options":["주차","현금없는매장","택스리펀드","포인트 적립가능","포인트 사용가능"],"source":"㈜아성다이소 공식 매장검색","sourceUrl":"https://www.daiso.co.kr/cs/shop"}},{"type":"Feature","geometry":{"type":"Point","coordinates":[126.901248278856,37.4544284428997]},"properties":{"name":"시흥사거리점","address":"서울특별시 금천구 시흥대로 230 (시흥동)B1~1층","phone":"1522-4400","hours":"10:00–22:00","openingDate":"20150826","region":"서울","options":["주차","출입구 경사로","심카드","포인트 적립가능","포인트 사용가능","매장픽업"],"source":"㈜아성다이소 공식 매장검색","sourceUrl":"https://www.daiso.co.kr/cs/shop"}},{"type":"Feature","geometry":{"type":"Point","coordinates":[126.84155975837,37.5175700629641]},"properties":{"name":"신곡시장점","address":"서울특별시 양천구 신월로 160 (신월동)B1~1층","phone":"1522-4400","hours":"10:00–22:00","openingDate":"20111022","region":"서울","options":["심카드","포인트 적립가능","포인트 사용가능","매장픽업"],"source":"㈜아성다이소 공식 매장검색","sourceUrl":"https://www.daiso.co.kr/cs/shop"}},{"type":"Feature","geometry":{"type":"Point","coordinates":[126.909004418725,37.5056431485847]},"properties":{"name":"신길점","address":"서울특별시 영등포구 가마산로 476 (신길동)3층","phone":"1522-4400","hours":"10:00–22:00","openingDate":"20251225","region":"서울","options":["주차","엘리베이터","포토 스티커","네임 스티커","포인트 적립가능","포인트 사용가능","매장픽업"],"source":"㈜아성다이소 공식 매장검색","sourceUrl":"https://www.daiso.co.kr/cs/shop"}},{"type":"Feature","geometry":{"type":"Point","coordinates":[126.920383076779,37.4977886500163]},"properties":{"name":"신대방점","address":"서울특별시 동작구 여의대방로 122 (신대방동)1~2층","phone":"1522-4400","hours":"10:00–22:00","openingDate":"20230527","region":"서울","options":["주차","엘리베이터","현금없는매장","포토 스티커","포인트 적립가능","포인트 사용가능","매장픽업"],"source":"㈜아성다이소 공식 매장검색","sourceUrl":"https://www.daiso.co.kr/cs/shop"}},{"type":"Feature","geometry":{"type":"Point","coordinates":[126.892135860271,37.5063356980857]},"properties":{"name":"신도림점","address":"서울특별시 구로구 새말로 110 (구로동)1층","phone":"1522-4400","hours":"10:00–22:00","openingDate":"20231116","region":"서울","options":["포인트 적립가능","포인트 사용가능","매장픽업"],"source":"㈜아성다이소 공식 매장검색","sourceUrl":"https://www.daiso.co.kr/cs/shop"}},{"type":"Feature","geometry":{"type":"Point","coordinates":[126.930252917369,37.4825754320038]},"properties":{"name":"신림3호점","address":"서울특별시 관악구 신림로 318 (신림동, 청암두산위브센티움)B1층","phone":"1522-4400","hours":"10:00–22:00","openingDate":"20150517","region":"서울","options":["주차","엘리베이터","포토 스티커","네임 스티커","심카드","포인트 적립가능","포인트 사용가능","매장픽업"],"source":"㈜아성다이소 공식 매장검색","sourceUrl":"https://www.daiso.co.kr/cs/shop"}},{"type":"Feature","geometry":{"type":"Point","coordinates":[126.929945820012,37.4859846659272]},"properties":{"name":"신림역1호점","address":"서울특별시 관악구 신림로 354 (신림동)1층","phone":"1522-4400","hours":"10:00–22:00","openingDate":"20071114","region":"서울","options":["출입구 경사로","현금없는매장","심카드","포인트 적립가능","포인트 사용가능","매장픽업"],"source":"㈜아성다이소 공식 매장검색","sourceUrl":"https://www.daiso.co.kr/cs/shop"}},{"type":"Feature","geometry":{"type":"Point","coordinates":[126.933622722906,37.4713801679052]},"properties":{"name":"신림점","address":"서울특별시 관악구 호암로 605 (신림동)B1~2층","phone":"1522-4400","hours":"10:00–22:00","openingDate":"20060415","region":"서울","options":["출입구 경사로","심카드","택스리펀드","포인트 적립가능","포인트 사용가능","매장픽업"],"source":"㈜아성다이소 공식 매장검색","sourceUrl":"https://www.daiso.co.kr/cs/shop"}},{"type":"Feature","geometry":{"type":"Point","coordinates":[126.816524550899,37.5676833982563]},"properties":{"name":"신방화역점","address":"서울특별시 강서구 방화대로 지하 301 (방화동)1층","phone":"02-2666-3316","hours":"10:00–22:00","openingDate":"20150301","region":"서울","options":["포인트 적립가능","포인트 사용가능"],"source":"㈜아성다이소 공식 매장검색","sourceUrl":"https://www.daiso.co.kr/cs/shop"}},{"type":"Feature","geometry":{"type":"Point","coordinates":[127.022909352532,37.5196025262771]},"properties":{"name":"신사가로수길점","address":"서울특별시 강남구 가로수길 25 (신사동)B1~4층","phone":"1522-4400","hours":"10:00–22:00","openingDate":"20260731","region":"서울","options":["출입구 경사로","엘리베이터","포토 스티커","네임 스티커","포인트 적립가능","포인트 사용가능"],"source":"㈜아성다이소 공식 매장검색","sourceUrl":"https://www.daiso.co.kr/cs/shop"}},{"type":"Feature","geometry":{"type":"Point","coordinates":[127.020156384142,37.5158678284786]},"properties":{"name":"신사역점","address":"서울특별시 강남구 강남대로 606 (논현동)B1층","phone":"1522-4400","hours":"10:00–22:00","openingDate":"20190920","region":"서울","options":["네임 스티커","심카드","택스리펀드","포인트 적립가능","포인트 사용가능","매장픽업"],"source":"㈜아성다이소 공식 매장검색","sourceUrl":"https://www.daiso.co.kr/cs/shop"}},{"type":"Feature","geometry":{"type":"Point","coordinates":[126.833571060858,37.5226595591182]},"properties":{"name":"신월우성상가점","address":"서울특별시 양천구 지양로 78 (신월동)1층","phone":"02-2603-6016","hours":"10:00–22:00","openingDate":"20130624","region":"서울","options":["포인트 적립가능","포인트 사용가능","고유가지원금"],"source":"㈜아성다이소 공식 매장검색","sourceUrl":"https://www.daiso.co.kr/cs/shop"}},{"type":"Feature","geometry":{"type":"Point","coordinates":[126.853354016155,37.5214483428871]},"properties":{"name":"신정네거리점","address":"서울특별시 양천구 신월로 291 (신정동)1~2층","phone":"1522-4400","hours":"10:00–22:00","openingDate":"20080202","region":"서울","options":["주차","네임 스티커","심카드","포인트 적립가능","포인트 사용가능","매장픽업"],"source":"㈜아성다이소 공식 매장검색","sourceUrl":"https://www.daiso.co.kr/cs/shop"}},{"type":"Feature","geometry":{"type":"Point","coordinates":[126.938066232779,37.5583059230426]},"properties":{"name":"신촌명물거리점","address":"서울특별시 서대문구 명물길 27 (창천동)B1~1층","phone":"1522-4400","hours":"10:00–22:00","openingDate":"20161218","region":"서울","options":["주차","포토 스티커","네임 스티커","심카드","택스리펀드","포인트 적립가능","포인트 사용가능","매장픽업"],"source":"㈜아성다이소 공식 매장검색","sourceUrl":"https://www.daiso.co.kr/cs/shop"}},{"type":"Feature","geometry":{"type":"Point","coordinates":[126.935539064832,37.5553118177651]},"properties":{"name":"신촌본점","address":"서울특별시 마포구 신촌로 90 (노고산동)B1~3층","phone":"1522-4400","hours":"10:00–22:00","openingDate":"20160108","region":"서울","options":["포토 스티커","네임 스티커","심카드","택스리펀드","포인트 적립가능","포인트 사용가능","매장픽업"],"source":"㈜아성다이소 공식 매장검색","sourceUrl":"https://www.daiso.co.kr/cs/shop"}},{"type":"Feature","geometry":{"type":"Point","coordinates":[127.034774527626,37.6587841298241]},"properties":{"name":"쌍문세라믹사거리점","address":"서울특별시 도봉구 도당로 7 (쌍문동)B1층","phone":"1522-4400","hours":"10:00–22:00","openingDate":"20180713","region":"서울","options":["네임 스티커","심카드","포인트 적립가능","포인트 사용가능","매장픽업"],"source":"㈜아성다이소 공식 매장검색","sourceUrl":"https://www.daiso.co.kr/cs/shop"}},{"type":"Feature","geometry":{"type":"Point","coordinates":[127.034875027166,37.6495248832508]},"properties":{"name":"쌍문역점","address":"서울특별시 도봉구 도봉로 491 (쌍문동)B1~2층","phone":"1522-4400","hours":"10:00–22:00","openingDate":"20110317","region":"서울","options":["심카드","포인트 적립가능","포인트 사용가능","매장픽업"],"source":"㈜아성다이소 공식 매장검색","sourceUrl":"https://www.daiso.co.kr/cs/shop"}},{"type":"Feature","geometry":{"type":"Point","coordinates":[127.090109352302,37.5520148574659]},"properties":{"name":"아차산역2호점","address":"서울특별시 광진구 천호대로 661 (구의동)1~3층","phone":"1522-4400","hours":"10:00–22:00","openingDate":"20170610","region":"서울","options":["주차","출입구 경사로","포토 스티커","네임 스티커","심카드","포인트 적립가능","포인트 사용가능","매장픽업"],"source":"㈜아성다이소 공식 매장검색","sourceUrl":"https://www.daiso.co.kr/cs/shop"}},{"type":"Feature","geometry":{"type":"Point","coordinates":[126.984366285383,37.576315820328]},"properties":{"name":"안국역2호점","address":"서울특별시 종로구 율곡로 45 (안국동)B1층","phone":"1522-4400","hours":"10:00–22:00","openingDate":"20150512","region":"서울","options":["심카드","택스리펀드","포인트 적립가능","포인트 사용가능"],"source":"㈜아성다이소 공식 매장검색","sourceUrl":"https://www.daiso.co.kr/cs/shop"}},{"type":"Feature","geometry":{"type":"Point","coordinates":[127.029728957428,37.5839619191362]},"properties":{"name":"안암점","address":"서울특별시 성북구 고려대로24길 51(안암동5가)1~2층","phone":"1522-4400","hours":"10:00–22:00","openingDate":"20110610","region":"서울","options":["네임 스티커","심카드","택스리펀드","포인트 적립가능","포인트 사용가능","매장픽업"],"source":"㈜아성다이소 공식 매장검색","sourceUrl":"https://www.daiso.co.kr/cs/shop"}},{"type":"Feature","geometry":{"type":"Point","coordinates":[127.127468969573,37.5507484120264]},"properties":{"name":"암사역점","address":"서울특별시 강동구 올림픽로 779 (암사동)B1층","phone":"1522-4400","hours":"10:00–22:00","openingDate":"20150902","region":"서울","options":["주차","심카드","포인트 적립가능","포인트 사용가능","매장픽업"],"source":"㈜아성다이소 공식 매장검색","sourceUrl":"https://www.daiso.co.kr/cs/shop"}},{"type":"Feature","geometry":{"type":"Point","coordinates":[127.028952132655,37.527091413813]},"properties":{"name":"압구정역점","address":"서울특별시 강남구 논현로 878 (신사동)B1층","phone":"1522-4400","hours":"10:00–22:00","openingDate":"20180930","region":"서울","options":["포토 스티커","심카드","택스리펀드","포인트 적립가능","포인트 사용가능","매장픽업"],"source":"㈜아성다이소 공식 매장검색","sourceUrl":"https://www.daiso.co.kr/cs/shop"}},{"type":"Feature","geometry":{"type":"Point","coordinates":[127.036674496114,37.4844741553292]},"properties":{"name":"양재2호점","address":"서울특별시 서초구 남부순환로 2614 (양재동, 한솔로이젠트)B1층","phone":"1522-4400","hours":"10:00–22:00","openingDate":"20090422","region":"서울","options":["엘리베이터","네임 스티커","심카드","포인트 적립가능","포인트 사용가능","매장픽업"],"source":"㈜아성다이소 공식 매장검색","sourceUrl":"https://www.daiso.co.kr/cs/shop"}},{"type":"Feature","geometry":{"type":"Point","coordinates":[127.095692162256,37.535725176732]},"properties":{"name":"엔터식스강변점","address":"서울특별시 광진구 광나루로56길 85 (구의동)1층","phone":"1522-4400","hours":"10:00–21:30","openingDate":"20231221","region":"서울","options":["주차","엘리베이터","포토 스티커","네임 스티커","포인트 적립가능","포인트 사용가능"],"source":"㈜아성다이소 공식 매장검색","sourceUrl":"https://www.daiso.co.kr/cs/shop"}},{"type":"Feature","geometry":{"type":"Point","coordinates":[126.926015454826,37.5232244200932]},"properties":{"name":"여의도점","address":"서울특별시 영등포구 여의나루로 61 (여의도동)B1층","phone":"1522-4400","hours":"10:00–22:00","openingDate":"20180723","region":"서울","options":["네임 스티커","심카드","택스리펀드","포인트 적립가능","포인트 사용가능","매장픽업"],"source":"㈜아성다이소 공식 매장검색","sourceUrl":"https://www.daiso.co.kr/cs/shop"}},{"type":"Feature","geometry":{"type":"Point","coordinates":[126.92270929003,37.6199308676115]},"properties":{"name":"연신내점","address":"서울특별시 은평구 연서로 253 (불광동)1층","phone":"1522-4400","hours":"10:00–22:00","openingDate":"20060928","region":"서울","options":["심카드","포인트 적립가능","포인트 사용가능","매장픽업"],"source":"㈜아성다이소 공식 매장검색","sourceUrl":"https://www.daiso.co.kr/cs/shop"}},{"type":"Feature","geometry":{"type":"Point","coordinates":[126.929783976193,37.5658134361358]},"properties":{"name":"연희동점","address":"서울특별시 서대문구 연희로 83(연희동)1~2층","phone":"1522-4400","hours":"10:00–22:00","openingDate":"20220526","region":"서울","options":["네임 스티커","택스리펀드","포인트 적립가능","포인트 사용가능","매장픽업"],"source":"㈜아성다이소 공식 매장검색","sourceUrl":"https://www.daiso.co.kr/cs/shop"}},{"type":"Feature","geometry":{"type":"Point","coordinates":[126.874538741651,37.5472872158845]},"properties":{"name":"염창역점","address":"서울특별시 강서구 공항대로 627 (염창동)B2층","phone":"1522-4400","hours":"10:00–22:00","openingDate":"20091124","region":"서울","options":["출입구 경사로","엘리베이터","네임 스티커","심카드","포인트 적립가능","포인트 사용가능","매장픽업"],"source":"㈜아성다이소 공식 매장검색","sourceUrl":"https://www.daiso.co.kr/cs/shop"}},{"type":"Feature","geometry":{"type":"Point","coordinates":[127.023823242641,37.5099952118083]},"properties":{"name":"영동프라자점","address":"서울특별시 강남구 강남대로128길 20 (논현동)1~2층","phone":"1522-4400","hours":"10:00–22:00","openingDate":"20101124","region":"서울","options":["주차","출입구 경사로","심카드","포인트 적립가능","포인트 사용가능","매장픽업"],"source":"㈜아성다이소 공식 매장검색","sourceUrl":"https://www.daiso.co.kr/cs/shop"}},{"type":"Feature","geometry":{"type":"Point","coordinates":[126.895089288901,37.5221227690157]},"properties":{"name":"영등포구청점","address":"서울특별시 영등포구 당산로 83 (당산동2가, 한화포레나당산)B1층","phone":"1522-4400","hours":"10:00–22:00","openingDate":"20230713","region":"서울","options":["주차","엘리베이터","포토 스티커","포인트 적립가능","포인트 사용가능","매장픽업"],"source":"㈜아성다이소 공식 매장검색","sourceUrl":"https://www.daiso.co.kr/cs/shop"}},{"type":"Feature","geometry":{"type":"Point","coordinates":[126.906215359028,37.5179856230448]},"properties":{"name":"영등포역점","address":"서울특별시 영등포구 영중로 18 (영등포동3가)1~3층","phone":"1522-4400","hours":"10:00–22:00","openingDate":"20210529","region":"서울","options":["택스리펀드","포인트 적립가능","포인트 사용가능","매장픽업"],"source":"㈜아성다이소 공식 매장검색","sourceUrl":"https://www.daiso.co.kr/cs/shop"}},{"type":"Feature","geometry":{"type":"Point","coordinates":[127.1383471337,37.5052089391565]},"properties":{"name":"오금동점","address":"서울특별시 송파구 동남로29길 4 (오금동)1~2층","phone":"1522-4400","hours":"10:00–22:00","openingDate":"20230421","region":"서울","options":["주차","네임 스티커","포인트 적립가능","포인트 사용가능","매장픽업"],"source":"㈜아성다이소 공식 매장검색","sourceUrl":"https://www.daiso.co.kr/cs/shop"}},{"type":"Feature","geometry":{"type":"Point","coordinates":[126.843878743863,37.4963925247832]},"properties":{"name":"오류동점","address":"서울특별시 구로구 경인로 209 (오류동)1~2층","phone":"1522-4400","hours":"10:00–22:00","openingDate":"20080420","region":"서울","options":["출입구 경사로","심카드","택스리펀드","포인트 적립가능","포인트 사용가능","매장픽업"],"source":"㈜아성다이소 공식 매장검색","sourceUrl":"https://www.daiso.co.kr/cs/shop"}},{"type":"Feature","geometry":{"type":"Point","coordinates":[126.875143110053,37.5237531022074]},"properties":{"name":"오목교점","address":"서울특별시 양천구 오목로 344 (목동)B2층","phone":"1522-4400","hours":"10:00–22:00","openingDate":"20150430","region":"서울","options":["주차","출입구 경사로","엘리베이터","현금없는매장","심카드","포인트 적립가능","포인트 사용가능","매장픽업"],"source":"㈜아성다이소 공식 매장검색","sourceUrl":"https://www.daiso.co.kr/cs/shop"}},{"type":"Feature","geometry":{"type":"Point","coordinates":[127.018329991576,37.5410468905674]},"properties":{"name":"옥수역점","address":"서울특별시 성동구 동호로 21 (옥수동)1층","phone":"1522-4400","hours":"10:00–22:00","openingDate":"20200428","region":"서울","options":["출입구 경사로","네임 스티커","심카드","포인트 적립가능","포인트 사용가능","매장픽업"],"source":"㈜아성다이소 공식 매장검색","sourceUrl":"https://www.daiso.co.kr/cs/shop"}},{"type":"Feature","geometry":{"type":"Point","coordinates":[127.061891632365,37.5958792952577]},"properties":{"name":"외대역점","address":"서울특별시 동대문구 휘경로 15 (이문동)B1~1층","phone":"1522-4400","hours":"10:00–22:00","openingDate":"20130618","region":"서울","options":["포토 스티커","심카드","택스리펀드","포인트 적립가능","포인트 사용가능","매장픽업"],"source":"㈜아성다이소 공식 매장검색","sourceUrl":"https://www.daiso.co.kr/cs/shop"}},{"type":"Feature","geometry":{"type":"Point","coordinates":[126.964300393659,37.5297680649234]},"properties":{"name":"용산아이파크몰점","address":"서울특별시 용산구 한강대로21나길 17 (한강로3가)B1층","phone":"1522-4400","hours":"10:00–22:00","openingDate":"20130125","region":"서울","options":["주차","엘리베이터","포토 스티커","심카드","택스리펀드","포인트 적립가능","포인트 사용가능","매장픽업"],"source":"㈜아성다이소 공식 매장검색","sourceUrl":"https://www.daiso.co.kr/cs/shop"}},{"type":"Feature","geometry":{"type":"Point","coordinates":[126.835941270275,37.5496000614643]},"properties":{"name":"우장산역점","address":"서울특별시 강서구 강서로 267 (내발산동)B2층","phone":"1522-4400","hours":"10:00–22:00","openingDate":"20091019","region":"서울","options":["주차","엘리베이터","네임 스티커","심카드","포인트 적립가능","포인트 사용가능","매장픽업"],"source":"㈜아성다이소 공식 매장검색","sourceUrl":"https://www.daiso.co.kr/cs/shop"}},{"type":"Feature","geometry":{"type":"Point","coordinates":[127.14228123329,37.4771943991724]},"properties":{"name":"위례본점","address":"서울특별시 송파구 위례광장로 136 (장지동, 위례아이파크)B1층","phone":"1522-4400","hours":"10:00–22:00","openingDate":"20160527","region":"서울","options":["주차","출입구 경사로","엘리베이터","현금없는매장","포토 스티커","네임 스티커","심카드","포인트 적립가능","포인트 사용가능","매장픽업"],"source":"㈜아성다이소 공식 매장검색","sourceUrl":"https://www.daiso.co.kr/cs/shop"}},{"type":"Feature","geometry":{"type":"Point","coordinates":[126.92210707734,37.6010968281802]},"properties":{"name":"응암2호점","address":"서울특별시 은평구 응암로 335 (응암동)1~2층","phone":"1522-4400","hours":"10:00–22:00","openingDate":"20240316","region":"서울","options":["포토 스티커","포인트 적립가능","포인트 사용가능","매장픽업"],"source":"㈜아성다이소 공식 매장검색","sourceUrl":"https://www.daiso.co.kr/cs/shop"}},{"type":"Feature","geometry":{"type":"Point","coordinates":[126.915301473226,37.5987638005334]},"properties":{"name":"응암역점","address":"서울특별시 은평구 은평로 68 (신사동)B1~1층","phone":"1522-4400","hours":"10:00–22:00","openingDate":"20081118","region":"서울","options":["출입구 경사로","네임 스티커","심카드","포인트 적립가능","포인트 사용가능","매장픽업"],"source":"㈜아성다이소 공식 매장검색","sourceUrl":"https://www.daiso.co.kr/cs/shop"}},{"type":"Feature","geometry":{"type":"Point","coordinates":[126.94632173155,37.5570713640316]},"properties":{"name":"이대역점","address":"서울특별시 서대문구 신촌로 183 (대현동)B1층","phone":"1522-4400","hours":"10:00–22:00","openingDate":"20080930","region":"서울","options":["주차","엘리베이터","네임 스티커","심카드","택스리펀드","포인트 적립가능","포인트 사용가능","매장픽업"],"source":"㈜아성다이소 공식 매장검색","sourceUrl":"https://www.daiso.co.kr/cs/shop"}},{"type":"Feature","geometry":{"type":"Point","coordinates":[127.157332910007,37.5666602103625]},"properties":{"name":"이마트고덕점","address":"서울특별시 강동구 고덕비즈밸리로 51 (고덕동)B1층","phone":"1522-4400","hours":"10:00–22:00","openingDate":"20250417","region":"서울","options":["주차","포인트 적립가능","포인트 사용가능"],"source":"㈜아성다이소 공식 매장검색","sourceUrl":"https://www.daiso.co.kr/cs/shop"}},{"type":"Feature","geometry":{"type":"Point","coordinates":[126.87035534357,37.5260837006075]},"properties":{"name":"이마트목동점","address":"서울특별시 양천구 오목로 299 (목동, 목동트라팰리스)B1층","phone":"1522-4400","hours":"10:00–22:00","openingDate":"20250124","region":"서울","options":["주차","포인트 적립가능","포인트 사용가능"],"source":"㈜아성다이소 공식 매장검색","sourceUrl":"https://www.daiso.co.kr/cs/shop"}},{"type":"Feature","geometry":{"type":"Point","coordinates":[127.077557139207,37.6138393830212]},"properties":{"name":"이마트묵동점","address":"서울특별시 중랑구 동일로 932 (묵동, 묵동자이아파트)B1층","phone":"","hours":"10:00–22:00","openingDate":"20240120","region":"서울","options":["주차"],"source":"㈜아성다이소 공식 매장검색","sourceUrl":"https://www.daiso.co.kr/cs/shop"}},{"type":"Feature","geometry":{"type":"Point","coordinates":[126.898724662348,37.5796242995394]},"properties":{"name":"이마트수색점","address":"서울특별시 은평구 수색로 217 (수색동, 디엠씨 자이1단지)4층","phone":"","hours":"10:00–22:00","openingDate":"20230519","region":"서울","options":["주차"],"source":"㈜아성다이소 공식 매장검색","sourceUrl":"https://www.daiso.co.kr/cs/shop"}},{"type":"Feature","geometry":{"type":"Point","coordinates":[126.890227293528,37.5070438414784]},"properties":{"name":"이마트신도림점","address":"서울특별시 구로구 새말로 97 (구로동)B2층","phone":"","hours":"10:00–22:00","openingDate":"20250710","region":"서울","options":["주차"],"source":"㈜아성다이소 공식 매장검색","sourceUrl":"https://www.daiso.co.kr/cs/shop"}},{"type":"Feature","geometry":{"type":"Point","coordinates":[126.828515227561,37.5397558351393]},"properties":{"name":"이마트신월점","address":"서울특별시 양천구 화곡로 59(신월동)1층","phone":"1522-4400","hours":"10:00–22:00","openingDate":"20220610","region":"서울","options":["주차"],"source":"㈜아성다이소 공식 매장검색","sourceUrl":"https://www.daiso.co.kr/cs/shop"}},{"type":"Feature","geometry":{"type":"Point","coordinates":[127.125146170477,37.5387290509448]},"properties":{"name":"이마트천호점","address":"서울특별시 강동구 천호대로 1017 (천호동)3층","phone":"1522-4400","hours":"10:00–22:00","openingDate":"20230616","region":"서울","options":["주차"],"source":"㈜아성다이소 공식 매장검색","sourceUrl":"https://www.daiso.co.kr/cs/shop"}},{"type":"Feature","geometry":{"type":"Point","coordinates":[127.030990445726,37.6050587642973]},"properties":{"name":"이마트하월곡점","address":"서울특별시 성북구 종암로 167 (하월곡동, 동일하이빌뉴시티)B1층","phone":"1522-4400","hours":"10:00–22:00","openingDate":"20231123","region":"서울","options":["주차","포인트 적립가능","포인트 사용가능"],"source":"㈜아성다이소 공식 매장검색","sourceUrl":"https://www.daiso.co.kr/cs/shop"}},{"type":"Feature","geometry":{"type":"Point","coordinates":[126.981872316455,37.4877641634087]},"properties":{"name":"이수점","address":"서울특별시 동작구 동작대로 123 (사당동)1층","phone":"1522-4400","hours":"10:00–22:00","openingDate":"20200919","region":"서울","options":["심카드","포인트 적립가능","포인트 사용가능","매장픽업"],"source":"㈜아성다이소 공식 매장검색","sourceUrl":"https://www.daiso.co.kr/cs/shop"}},{"type":"Feature","geometry":{"type":"Point","coordinates":[127.128499316444,37.5409734434557]},"properties":{"name":"이스턴스퀘어강동천호점","address":"서울특별시 강동구 올림픽로78길 60 (천호동, 강동 밀레니얼 중흥S-클래스)B1층","phone":"1522-4400","hours":"10:00–22:00","openingDate":"20250329","region":"서울","options":["주차","엘리베이터","포토 스티커","네임 스티커","택스리펀드","포인트 적립가능","포인트 사용가능","매장픽업"],"source":"㈜아성다이소 공식 매장검색","sourceUrl":"https://www.daiso.co.kr/cs/shop"}},{"type":"Feature","geometry":{"type":"Point","coordinates":[127.087852468702,37.5366104651759]},"properties":{"name":"이스트폴구의점","address":"서울특별시 광진구 아차산로 402 (자양동)B1층","phone":"","hours":"10:00–22:00","openingDate":"20250815","region":"서울","options":["주차","택스리펀드","포인트 적립가능","포인트 사용가능"],"source":"㈜아성다이소 공식 매장검색","sourceUrl":"https://www.daiso.co.kr/cs/shop"}},{"type":"Feature","geometry":{"type":"Point","coordinates":[126.990190373063,37.5346187277401]},"properties":{"name":"이태원점","address":"서울특별시 용산구 이태원로15길 1 (이태원동)B1~1층","phone":"1522-4400","hours":"10:00–22:00","openingDate":"20180413","region":"서울","options":["주차","출입구 경사로","포토 스티커","심카드","택스리펀드","포인트 적립가능","포인트 사용가능","매장픽업"],"source":"㈜아성다이소 공식 매장검색","sourceUrl":"https://www.daiso.co.kr/cs/shop"}},{"type":"Feature","geometry":{"type":"Point","coordinates":[127.084459720088,37.4840224010593]},"properties":{"name":"일원역점","address":"서울특별시 강남구 일원로 115(일원동)B1층","phone":"1522-4400","hours":"10:00–22:00","openingDate":"20220714","region":"서울","options":["주차","출입구 경사로","현금없는매장","네임 스티커","포인트 적립가능","포인트 사용가능","매장픽업"],"source":"㈜아성다이소 공식 매장검색","sourceUrl":"https://www.daiso.co.kr/cs/shop"}},{"type":"Feature","geometry":{"type":"Point","coordinates":[127.086663272778,37.50850394306]},"properties":{"name":"잠실점","address":"서울특별시 송파구 석촌호수로 88 (잠실동)1~2층","phone":"1522-4400","hours":"10:00–22:00","openingDate":"20070610","region":"서울","options":["주차","출입구 경사로","네임 스티커","심카드","포인트 적립가능","포인트 사용가능","매장픽업"],"source":"㈜아성다이소 공식 매장검색","sourceUrl":"https://www.daiso.co.kr/cs/shop"}},{"type":"Feature","geometry":{"type":"Point","coordinates":[127.078828856299,37.5113715616315]},"properties":{"name":"잠실종합운동장역점","address":"서울특별시 송파구 올림픽로 74 (잠실동, 잠실월드메르디앙)B1층","phone":"1522-4400","hours":"10:00–22:00","openingDate":"20180120","region":"서울","options":["엘리베이터","현금없는매장","심카드","포인트 적립가능","포인트 사용가능","매장픽업"],"source":"㈜아성다이소 공식 매장검색","sourceUrl":"https://www.daiso.co.kr/cs/shop"}},{"type":"Feature","geometry":{"type":"Point","coordinates":[127.071122094113,37.5718765929284]},"properties":{"name":"장안사거리점","address":"서울특별시 동대문구 장한로25길 2 (장안동)B1~2층","phone":"1522-4400","hours":"10:00–22:00","openingDate":"20110929","region":"서울","options":["주차","네임 스티커","심카드","포인트 적립가능","포인트 사용가능","매장픽업"],"source":"㈜아성다이소 공식 매장검색","sourceUrl":"https://www.daiso.co.kr/cs/shop"}},{"type":"Feature","geometry":{"type":"Point","coordinates":[127.065498788097,37.5623569528356]},"properties":{"name":"장한평역점","address":"서울 동대문구 장한로 10B2~1층","phone":"1522-4400","hours":"10:00–22:00","openingDate":"20191017","region":"서울","options":["심카드","택스리펀드","포인트 적립가능","포인트 사용가능","매장픽업"],"source":"㈜아성다이소 공식 매장검색","sourceUrl":"https://www.daiso.co.kr/cs/shop"}},{"type":"Feature","geometry":{"type":"Point","coordinates":[127.058490570165,37.5778572110041]},"properties":{"name":"전농점","address":"서울특별시 동대문구 사가정로 121(전농동)1~2층","phone":"070-7739-3320","hours":"09:30–22:00","openingDate":"20140621","region":"서울","options":["포인트 적립가능","포인트 사용가능","고유가지원금"],"source":"㈜아성다이소 공식 매장검색","sourceUrl":"https://www.daiso.co.kr/cs/shop"}},{"type":"Feature","geometry":{"type":"Point","coordinates":[127.011158203587,37.6054438749583]},"properties":{"name":"정릉시장점","address":"서울특별시 성북구 보국문로 9 (정릉동)1~2층","phone":"1522-4400","hours":"10:00–22:00","openingDate":"20130915","region":"서울","options":["심카드","택스리펀드","포인트 적립가능","포인트 사용가능","매장픽업"],"source":"㈜아성다이소 공식 매장검색","sourceUrl":"https://www.daiso.co.kr/cs/shop"}},{"type":"Feature","geometry":{"type":"Point","coordinates":[126.987359941594,37.5699036176606]},"properties":{"name":"종로본점","address":"서울특별시 종로구 삼일대로 395 (종로2가)1~2층","phone":"1522-4400","hours":"10:00–22:00","openingDate":"20210514","region":"서울","options":["포토 스티커","택스리펀드","포인트 적립가능","포인트 사용가능","매장픽업"],"source":"㈜아성다이소 공식 매장검색","sourceUrl":"https://www.daiso.co.kr/cs/shop"}},{"type":"Feature","geometry":{"type":"Point","coordinates":[127.034048709129,37.5985727721209]},"properties":{"name":"종암점","address":"서울특별시 성북구 종암로21길 3(종암동)B1~1층","phone":"070-7565-3320","hours":"10:00–22:00","openingDate":"20130720","region":"서울","options":["주차","포인트 적립가능","포인트 사용가능","고유가지원금"],"source":"㈜아성다이소 공식 매장검색","sourceUrl":"https://www.daiso.co.kr/cs/shop"}},{"type":"Feature","geometry":{"type":"Point","coordinates":[127.076973642943,37.6492349017795]},"properties":{"name":"중계동점","address":"서울특별시 노원구 한글비석로 242 (중계동)B1~1층","phone":"1522-4400","hours":"10:00–22:00","openingDate":"20100118","region":"서울","options":["출입구 경사로","엘리베이터","포인트 적립가능","포인트 사용가능","매장픽업"],"source":"㈜아성다이소 공식 매장검색","sourceUrl":"https://www.daiso.co.kr/cs/shop"}},{"type":"Feature","geometry":{"type":"Point","coordinates":[127.064166413458,37.6459751467144]},"properties":{"name":"중계역점","address":"서울특별시 노원구 동일로 1308(중계동)B1층","phone":"1522-4400","hours":"10:00–22:00","openingDate":"20210830","region":"서울","options":["주차","네임 스티커","포인트 적립가능","포인트 사용가능","매장픽업"],"source":"㈜아성다이소 공식 매장검색","sourceUrl":"https://www.daiso.co.kr/cs/shop"}},{"type":"Feature","geometry":{"type":"Point","coordinates":[127.081423198791,37.5665332523101]},"properties":{"name":"중곡역점","address":"서울특별시 광진구 면목로 147 (중곡동)B1~2층","phone":"1522-4400","hours":"10:00–22:00","openingDate":"20170112","region":"서울","options":["출입구 경사로","심카드","포인트 적립가능","포인트 사용가능","매장픽업"],"source":"㈜아성다이소 공식 매장검색","sourceUrl":"https://www.daiso.co.kr/cs/shop"}},{"type":"Feature","geometry":{"type":"Point","coordinates":[127.036719100414,37.6427874882547]},"properties":{"name":"창동3호점","address":"서울특별시 도봉구 덕릉로63가길 68(창동)1층","phone":"02-900-8033","hours":"10:00–22:00","openingDate":"20131222","region":"서울","options":["주차","포인트 적립가능","포인트 사용가능","고유가지원금"],"source":"㈜아성다이소 공식 매장검색","sourceUrl":"https://www.daiso.co.kr/cs/shop"}},{"type":"Feature","geometry":{"type":"Point","coordinates":[126.837554817274,37.487534583609]},"properties":{"name":"천왕역점","address":"서울특별시 구로구 오리로 1165 (오류동)2층","phone":"1522-4400","hours":"10:00–22:00","openingDate":"20250927","region":"서울","options":["주차","현금없는매장","포토 스티커","네임 스티커","포인트 적립가능","포인트 사용가능","매장픽업"],"source":"㈜아성다이소 공식 매장검색","sourceUrl":"https://www.daiso.co.kr/cs/shop"}},{"type":"Feature","geometry":{"type":"Point","coordinates":[127.124151797401,37.5380977789536]},"properties":{"name":"천호본점","address":"서울특별시 강동구 천호대로 1012 (성내동)B1층","phone":"1522-4400","hours":"10:00–22:00","openingDate":"20180817","region":"서울","options":["주차","포토 스티커","네임 스티커","심카드","포인트 적립가능","포인트 사용가능","매장픽업"],"source":"㈜아성다이소 공식 매장검색","sourceUrl":"https://www.daiso.co.kr/cs/shop"}},{"type":"Feature","geometry":{"type":"Point","coordinates":[127.03707080116,37.5233752133923]},"properties":{"name":"청담도산공원점","address":"서울특별시 강남구 도산대로49길 9 (신사동)B2~B1층","phone":"1522-4400","hours":"10:00–22:00","openingDate":"20260821","region":"서울","options":["엘리베이터","포토 스티커","네임 스티커","포인트 적립가능","포인트 사용가능"],"source":"㈜아성다이소 공식 매장검색","sourceUrl":"https://www.daiso.co.kr/cs/shop"}},{"type":"Feature","geometry":{"type":"Point","coordinates":[127.044639162142,37.5802429667153]},"properties":{"name":"청량리역점","address":"서울특별시 동대문구 왕산로 195 (청량리동)1~5층","phone":"1522-4400","hours":"09:00–22:00","openingDate":"20190514","region":"서울","options":["엘리베이터","네임 스티커","심카드","택스리펀드","포인트 적립가능","포인트 사용가능","매장픽업"],"source":"㈜아성다이소 공식 매장검색","sourceUrl":"https://www.daiso.co.kr/cs/shop"}},{"type":"Feature","geometry":{"type":"Point","coordinates":[127.06143093386147,37.51115087356354]},"properties":{"name":"코엑스몰점","address":"서울특별시 강남구 봉은사로 524 (삼성동)B1층","phone":"1522-4400","hours":"10:00–22:00","openingDate":"20170701","region":"서울","options":["주차","엘리베이터","포토 스티커","네임 스티커","심카드","포인트 적립가능"],"source":"㈜아성다이소 공식 매장검색","sourceUrl":"https://www.daiso.co.kr/cs/shop"}},{"type":"Feature","geometry":{"type":"Point","coordinates":[126.887331650246,37.4764394057239]},"properties":{"name":"퍼블릭가산점","address":"서울특별시 금천구 디지털로 178 (가산동)B1층","phone":"1522-4400","hours":"10:00–22:00","openingDate":"20240928","region":"서울","options":["주차","엘리베이터","현금없는매장","포토 스티커","네임 스티커","포인트 적립가능","포인트 사용가능","매장픽업"],"source":"㈜아성다이소 공식 매장검색","sourceUrl":"https://www.daiso.co.kr/cs/shop"}},{"type":"Feature","geometry":{"type":"Point","coordinates":[127.044786556599,37.4769176597084]},"properties":{"name":"포이사거리점","address":"서울특별시 서초구 논현로 79 (양재동)B1층","phone":"1522-4400","hours":"10:00–22:00","openingDate":"20260724","region":"서울","options":["주차","현금없는매장","포토 스티커","네임 스티커","포인트 적립가능","포인트 사용가능"],"source":"㈜아성다이소 공식 매장검색","sourceUrl":"https://www.daiso.co.kr/cs/shop"}},{"type":"Feature","geometry":{"type":"Point","coordinates":[126.812196662173,37.5767908662697]},"properties":{"name":"하나로마트방화점","address":"서울특별시 강서구 금낭화로 127 (방화동)B1층","phone":"1522-4400","hours":"09:30–21:30","openingDate":"20051223","region":"서울","options":[],"source":"㈜아성다이소 공식 매장검색","sourceUrl":"https://www.daiso.co.kr/cs/shop"}},{"type":"Feature","geometry":{"type":"Point","coordinates":[126.902907755863,37.4801331328431]},"properties":{"name":"하나로마트서울서남부농협점","address":"서울특별시 관악구 남부순환로 1369 (신림동)2층","phone":"1522-4400","hours":"10:00–22:00","openingDate":"20260730","region":"서울","options":["주차","포인트 적립가능","포인트 사용가능"],"source":"㈜아성다이소 공식 매장검색","sourceUrl":"https://www.daiso.co.kr/cs/shop"}},{"type":"Feature","geometry":{"type":"Point","coordinates":[127.120399895825,37.5294051174033]},"properties":{"name":"하나로마트성내점","address":"서울특별시 강동구 올림픽로 528(성내동)B1층","phone":"","hours":"10:00–21:00","openingDate":"20230211","region":"서울","options":["주차"],"source":"㈜아성다이소 공식 매장검색","sourceUrl":"https://www.daiso.co.kr/cs/shop"}},{"type":"Feature","geometry":{"type":"Point","coordinates":[127.050831341385,37.655110585923]},"properties":{"name":"하나로마트창동점","address":"서울특별시 도봉구 마들로11길 20 (창동)B1층","phone":"","hours":"08:00–00:00","openingDate":"20041203","region":"서울","options":[],"source":"㈜아성다이소 공식 매장검색","sourceUrl":"https://www.daiso.co.kr/cs/shop"}},{"type":"Feature","geometry":{"type":"Point","coordinates":[127.043530153585,37.4632288044056]},"properties":{"name":"하나로클럽양재점","address":"서울특별시 서초구 청계산로 10 (양재동)1층","phone":"","hours":"00:00–00:00","openingDate":"20050818","region":"서울","options":[],"source":"㈜아성다이소 공식 매장검색","sourceUrl":"https://www.daiso.co.kr/cs/shop"}},{"type":"Feature","geometry":{"type":"Point","coordinates":[127.007754033776,37.5889189769659]},"properties":{"name":"한성대입구역2호점","address":"서울특별시 성북구 동소문로 14 (동소문동2가)B1~4층","phone":"1522-4400","hours":"10:00–22:00","openingDate":"20180818","region":"서울","options":["엘리베이터","네임 스티커","심카드","포인트 적립가능","포인트 사용가능","매장픽업"],"source":"㈜아성다이소 공식 매장검색","sourceUrl":"https://www.daiso.co.kr/cs/shop"}},{"type":"Feature","geometry":{"type":"Point","coordinates":[127.052736077626,37.4958391534271]},"properties":{"name":"한티역점","address":"서울특별시 강남구 선릉로 227(도곡동)2층","phone":"1522-4400","hours":"10:00–22:00","openingDate":"20211008","region":"서울","options":["출입구 경사로","포토 스티커","네임 스티커","포인트 적립가능","포인트 사용가능"],"source":"㈜아성다이소 공식 매장검색","sourceUrl":"https://www.daiso.co.kr/cs/shop"}},{"type":"Feature","geometry":{"type":"Point","coordinates":[126.917340784878,37.5483807257248]},"properties":{"name":"합정동점","address":"서울특별시 마포구 독막로 33-1 (합정동)1~4층","phone":"1522-4400","hours":"10:00–22:00","openingDate":"20190524","region":"서울","options":["출입구 경사로","엘리베이터","포토 스티커","네임 스티커","심카드","택스리펀드","포인트 적립가능","포인트 사용가능","매장픽업"],"source":"㈜아성다이소 공식 매장검색","sourceUrl":"https://www.daiso.co.kr/cs/shop"}},{"type":"Feature","geometry":{"type":"Point","coordinates":[127.124961768886,37.4776148442516]},"properties":{"name":"현대시티몰가든파이브점","address":"서울특별시 송파구 충민로 66 (문정동)2층","phone":"","hours":"10:00–20:30","openingDate":"20180405","region":"서울","options":["주차"],"source":"㈜아성다이소 공식 매장검색","sourceUrl":"https://www.daiso.co.kr/cs/shop"}},{"type":"Feature","geometry":{"type":"Point","coordinates":[127.007666479829,37.568734553218]},"properties":{"name":"현대시티아울렛동대문점","address":"서울특별시 중구 장충단로13길 20 (을지로6가)B1층","phone":"","hours":"10:30–21:00","openingDate":"20180126","region":"서울","options":["주차"],"source":"㈜아성다이소 공식 매장검색","sourceUrl":"https://www.daiso.co.kr/cs/shop"}},{"type":"Feature","geometry":{"type":"Point","coordinates":[126.998705946565,37.5833093721377]},"properties":{"name":"혜화점","address":"서울특별시 종로구 창경궁로 239 (명륜2가)1~3층","phone":"1522-4400","hours":"10:00–22:00","openingDate":"20110122","region":"서울","options":["출입구 경사로","심카드","택스리펀드","포인트 적립가능","포인트 사용가능"],"source":"㈜아성다이소 공식 매장검색","sourceUrl":"https://www.daiso.co.kr/cs/shop"}},{"type":"Feature","geometry":{"type":"Point","coordinates":[127.14225531407,37.5457145865749]},"properties":{"name":"홈플러스강동점","address":"서울 강동구 양재대로 15712층","phone":"1522-4400","hours":"10:00–22:00","openingDate":"20190131","region":"서울","options":["주차","포인트 적립가능","포인트 사용가능"],"source":"㈜아성다이소 공식 매장검색","sourceUrl":"https://www.daiso.co.kr/cs/shop"}},{"type":"Feature","geometry":{"type":"Point","coordinates":[126.854819012937,37.5584699599397]},"properties":{"name":"홈플러스강서점","address":"서울특별시 강서구 화곡로 398 (등촌동)3층","phone":"1522-4400","hours":"10:00–22:00","openingDate":"20241011","region":"서울","options":["주차","포인트 적립가능","포인트 사용가능"],"source":"㈜아성다이소 공식 매장검색","sourceUrl":"https://www.daiso.co.kr/cs/shop"}},{"type":"Feature","geometry":{"type":"Point","coordinates":[127.043598783853,37.6648602093274]},"properties":{"name":"홈플러스방학점","address":"서울특별시 도봉구 도봉로 678 (방학동)B1층","phone":"1522-4400","hours":"10:00–22:00","openingDate":"20231009","region":"서울","options":["주차","포인트 적립가능","포인트 사용가능"],"source":"㈜아성다이소 공식 매장검색","sourceUrl":"https://www.daiso.co.kr/cs/shop"}},{"type":"Feature","geometry":{"type":"Point","coordinates":[127.091624142481,37.5983328190955]},"properties":{"name":"홈플러스상봉점","address":"서울특별시 중랑구 망우로 353 (상봉동, 상봉 프레미어스 엠코)B2층","phone":"1522-4400","hours":"10:00–22:00","openingDate":"20240426","region":"서울","options":["주차","택스리펀드","포인트 적립가능","포인트 사용가능"],"source":"㈜아성다이소 공식 매장검색","sourceUrl":"https://www.daiso.co.kr/cs/shop"}},{"type":"Feature","geometry":{"type":"Point","coordinates":[127.093597352593,37.6159839060513]},"properties":{"name":"홈플러스신내점","address":"서울특별시 중랑구 신내로 201(신내동)2층","phone":"1522-4400","hours":"10:00–22:00","openingDate":"20221209","region":"서울","options":["주차","포인트 적립가능"],"source":"㈜아성다이소 공식 매장검색","sourceUrl":"https://www.daiso.co.kr/cs/shop"}},{"type":"Feature","geometry":{"type":"Point","coordinates":[126.895880210522,37.5182396969791]},"properties":{"name":"홈플러스영등포점","address":"서울특별시 영등포구 당산로 42 (문래동3가)2층","phone":"1522-4400","hours":"10:00–22:00","openingDate":"20150616","region":"서울","options":["주차","포인트 적립가능","포인트 사용가능"],"source":"㈜아성다이소 공식 매장검색","sourceUrl":"https://www.daiso.co.kr/cs/shop"}},{"type":"Feature","geometry":{"type":"Point","coordinates":[127.040463515854,37.6018277386458]},"properties":{"name":"홈플러스월곡점","address":"서울특별시 성북구 화랑로 76 (하월곡동)B2층","phone":"1522-4400","hours":"10:00–22:00","openingDate":"20141002","region":"서울","options":["주차","포인트 적립가능","포인트 사용가능"],"source":"㈜아성다이소 공식 매장검색","sourceUrl":"https://www.daiso.co.kr/cs/shop"}},{"type":"Feature","geometry":{"type":"Point","coordinates":[126.897273034482,37.5682884450841]},"properties":{"name":"홈플러스월드컵점","address":"서울특별시 마포구 월드컵로 240 (성산동)2층","phone":"1522-4400","hours":"10:00–22:00","openingDate":"20241031","region":"서울","options":["주차","택스리펀드","포인트 적립가능","포인트 사용가능"],"source":"㈜아성다이소 공식 매장검색","sourceUrl":"https://www.daiso.co.kr/cs/shop"}},{"type":"Feature","geometry":{"type":"Point","coordinates":[127.068668049616,37.6398580838556]},"properties":{"name":"홈플러스중계점","address":"서울특별시 노원구 동일로204가길 12 (중계동)1층","phone":"1522-4400","hours":"10:00–22:00","openingDate":"20200218","region":"서울","options":["주차","포인트 적립가능","포인트 사용가능"],"source":"㈜아성다이소 공식 매장검색","sourceUrl":"https://www.daiso.co.kr/cs/shop"}},{"type":"Feature","geometry":{"type":"Point","coordinates":[126.925587805723,37.5577610029874]},"properties":{"name":"홍대2호점","address":"서울특별시 마포구 양화로 182 (동교동)1~7층","phone":"1522-4400","hours":"10:00–22:00","openingDate":"20181215","region":"서울","options":["주차","엘리베이터","포토 스티커","네임 스티커","심카드","택스리펀드","포인트 적립가능","포인트 사용가능"],"source":"㈜아성다이소 공식 매장검색","sourceUrl":"https://www.daiso.co.kr/cs/shop"}},{"type":"Feature","geometry":{"type":"Point","coordinates":[126.921965798065,37.5544056031357]},"properties":{"name":"홍대입구점","address":"서울특별시 마포구 홍익로 25 (서교동)B2층","phone":"1522-4400","hours":"10:00–22:00","openingDate":"20210514","region":"서울","options":["주차","포토 스티커","네임 스티커","택스리펀드","포인트 적립가능","포인트 사용가능","매장픽업"],"source":"㈜아성다이소 공식 매장검색","sourceUrl":"https://www.daiso.co.kr/cs/shop"}},{"type":"Feature","geometry":{"type":"Point","coordinates":[126.943849906806,37.5886701766902]},"properties":{"name":"홍제역(3호선)점","address":"서울특별시 서대문구 통일로 지하 440-1 (홍제동)B1층","phone":"1522-4400","hours":"10:00–22:00","openingDate":"20110928","region":"서울","options":["포토 스티커","네임 스티커","심카드","포인트 적립가능","포인트 사용가능","매장픽업"],"source":"㈜아성다이소 공식 매장검색","sourceUrl":"https://www.daiso.co.kr/cs/shop"}},{"type":"Feature","geometry":{"type":"Point","coordinates":[126.837079459773,37.5343201577945]},"properties":{"name":"화곡대림점","address":"서울특별시 강서구 월정로30길 21 (화곡동)1~3층","phone":"02-2607-3858","hours":"09:00–22:00","openingDate":"20170114","region":"서울","options":["포인트 적립가능","포인트 사용가능"],"source":"㈜아성다이소 공식 매장검색","sourceUrl":"https://www.daiso.co.kr/cs/shop"}},{"type":"Feature","geometry":{"type":"Point","coordinates":[126.839166396503,37.5418323076538]},"properties":{"name":"화곡역점","address":"서울특별시 강서구 화곡로 161 (화곡동)B1~1층","phone":"1522-4400","hours":"10:00–22:00","openingDate":"20090505","region":"서울","options":["주차","포토 스티커","네임 스티커","심카드","포인트 적립가능","포인트 사용가능","매장픽업"],"source":"㈜아성다이소 공식 매장검색","sourceUrl":"https://www.daiso.co.kr/cs/shop"}},{"type":"Feature","geometry":{"type":"Point","coordinates":[127.070893899291,37.5476409071786]},"properties":{"name":"화양동점","address":"서울특별시 광진구 광나루로 370 (화양동)B2~1층","phone":"1522-4400","hours":"10:00–22:00","openingDate":"20191115","region":"서울","options":["주차","포토 스티커","심카드","택스리펀드","포인트 적립가능","포인트 사용가능","매장픽업"],"source":"㈜아성다이소 공식 매장검색","sourceUrl":"https://www.daiso.co.kr/cs/shop"}},{"type":"Feature","geometry":{"type":"Point","coordinates":[127.056710422532,37.5901434817754]},"properties":{"name":"회기역점","address":"서울특별시 동대문구 회기로 187(휘경동)1~2층","phone":"070-8259-3320","hours":"09:30–23:00","openingDate":"20090321","region":"서울","options":["포인트 적립가능","포인트 사용가능"],"source":"㈜아성다이소 공식 매장검색","sourceUrl":"https://www.daiso.co.kr/cs/shop"}},{"type":"Feature","geometry":{"type":"Point","coordinates":[126.960855566696,37.5388468091828]},"properties":{"name":"효창공원역점","address":"서울특별시 용산구 효창원로 119(용문동)1층","phone":"02-715-5001","hours":"10:00–22:00","openingDate":"20110421","region":"서울","options":["포인트 적립가능","포인트 사용가능","고유가지원금"],"source":"㈜아성다이소 공식 매장검색","sourceUrl":"https://www.daiso.co.kr/cs/shop"}},{"type":"Feature","geometry":{"type":"Point","coordinates":[126.962259192031,37.50781349616]},"properties":{"name":"흑석점","address":"서울특별시 동작구 서달로 161-1(흑석동)1층","phone":"02-3280-6733","hours":"10:00–22:00","openingDate":"20140112","region":"서울","options":["포인트 적립가능","포인트 사용가능","고유가지원금"],"source":"㈜아성다이소 공식 매장검색","sourceUrl":"https://www.daiso.co.kr/cs/shop"}},{"type":"Feature","geometry":{"type":"Point","coordinates":[127.261002509068,36.4878789621189]},"properties":{"name":"세종나성점","address":"세종특별자치시 나성로 96(나성동)2층","phone":"1522-4400","hours":"10:00–22:00","openingDate":"20230218","region":"세종","options":["주차","엘리베이터","포토 스티커","네임 스티커","포인트 적립가능","포인트 사용가능","매장픽업"],"source":"㈜아성다이소 공식 매장검색","sourceUrl":"https://www.daiso.co.kr/cs/shop"}},{"type":"Feature","geometry":{"type":"Point","coordinates":[127.317671436055,36.498815755525]},"properties":{"name":"세종반곡점","address":"세종특별자치시 시청대로 547 (반곡동, 수루배마을9단지)2층","phone":"1522-4400","hours":"10:00–22:00","openingDate":"20241016","region":"세종","options":["주차","엘리베이터","현금없는매장","포토 스티커","네임 스티커","포인트 적립가능","포인트 사용가능","매장픽업"],"source":"㈜아성다이소 공식 매장검색","sourceUrl":"https://www.daiso.co.kr/cs/shop"}},{"type":"Feature","geometry":{"type":"Point","coordinates":[127.304051659505,36.4852393748826]},"properties":{"name":"세종법원로점","address":"세종특별자치시 소담로 70 (소담동)2층","phone":"1522-4400","hours":"10:00–22:00","openingDate":"20210204","region":"세종","options":["주차","엘리베이터","현금없는매장","포토 스티커","네임 스티커","포인트 적립가능","포인트 사용가능","매장픽업"],"source":"㈜아성다이소 공식 매장검색","sourceUrl":"https://www.daiso.co.kr/cs/shop"}},{"type":"Feature","geometry":{"type":"Point","coordinates":[127.241037472993,36.5116348822129]},"properties":{"name":"세종본점","address":"세종특별자치시 세종로 1215 (고운동)1~3층","phone":"1522-4400","hours":"10:00–22:00","openingDate":"20190323","region":"세종","options":["주차","출입구 경사로","엘리베이터","현금없는매장","포토 스티커","네임 스티커","심카드","포인트 적립가능","포인트 사용가능","매장픽업"],"source":"㈜아성다이소 공식 매장검색","sourceUrl":"https://www.daiso.co.kr/cs/shop"}},{"type":"Feature","geometry":{"type":"Point","coordinates":[127.365720876419,36.5295661658398]},"properties":{"name":"세종부강점","address":"세종특별자치시 부강면 부강로 411~2층","phone":"044-864-4959","hours":"09:00–22:00","openingDate":"20230225","region":"세종","options":["주차","포인트 적립가능","포인트 사용가능","고유가지원금"],"source":"㈜아성다이소 공식 매장검색","sourceUrl":"https://www.daiso.co.kr/cs/shop"}},{"type":"Feature","geometry":{"type":"Point","coordinates":[127.277222179129,36.4732788550834]},"properties":{"name":"세종시청점","address":"세종특별자치시 대평로 71 (대평동)2층","phone":"1522-4400","hours":"10:00–22:00","openingDate":"20180401","region":"세종","options":["주차","엘리베이터","현금없는매장","포토 스티커","심카드","포인트 적립가능","포인트 사용가능","매장픽업"],"source":"㈜아성다이소 공식 매장검색","sourceUrl":"https://www.daiso.co.kr/cs/shop"}},{"type":"Feature","geometry":{"type":"Point","coordinates":[127.256904102361,36.4906871212038]},"properties":{"name":"세종첫마을점","address":"세종특별자치시 한누리대로 296 (나성동)2층","phone":"1522-4400","hours":"10:00–22:00","openingDate":"20180624","region":"세종","options":["주차","엘리베이터","현금없는매장","포토 스티커","네임 스티커","심카드","포인트 적립가능","포인트 사용가능","매장픽업"],"source":"㈜아성다이소 공식 매장검색","sourceUrl":"https://www.daiso.co.kr/cs/shop"}},{"type":"Feature","geometry":{"type":"Point","coordinates":[127.299588113042,36.59236823953]},"properties":{"name":"조치원본점","address":"세종특별자치시 조치원읍 충현로 341~2층","phone":"1522-4400","hours":"10:00–22:00","openingDate":"20210731","region":"세종","options":["주차","엘리베이터","포토 스티커","네임 스티커","포인트 적립가능","포인트 사용가능","매장픽업"],"source":"㈜아성다이소 공식 매장검색","sourceUrl":"https://www.daiso.co.kr/cs/shop"}},{"type":"Feature","geometry":{"type":"Point","coordinates":[127.298874258259,36.6010344032847]},"properties":{"name":"조치원점","address":"세종특별자치시 조치원읍 조치원4길 71~2층","phone":"1522-4400","hours":"10:00–22:00","openingDate":"20120629","region":"세종","options":["출입구 경사로","심카드","포인트 적립가능","포인트 사용가능"],"source":"㈜아성다이소 공식 매장검색","sourceUrl":"https://www.daiso.co.kr/cs/shop"}},{"type":"Feature","geometry":{"type":"Point","coordinates":[129.315908483993,35.5339781077673]},"properties":{"name":"롯데마트울산점","address":"울산광역시 남구 삼산로 74 (달동)B1층","phone":"1522-4400","hours":"10:00–23:00","openingDate":"20070615","region":"울산","options":[],"source":"㈜아성다이소 공식 매장검색","sourceUrl":"https://www.daiso.co.kr/cs/shop"}},{"type":"Feature","geometry":{"type":"Point","coordinates":[129.359024977244,35.5760045694204]},"properties":{"name":"롯데마트울산진장점","address":"울산광역시 북구 진장유통로 64 (진장동)1층","phone":"","hours":"10:00–23:00","openingDate":"20060511","region":"울산","options":[],"source":"㈜아성다이소 공식 매장검색","sourceUrl":"https://www.daiso.co.kr/cs/shop"}},{"type":"Feature","geometry":{"type":"Point","coordinates":[129.117597574347,35.5463397141505]},"properties":{"name":"메가마트언양점","address":"울산광역시 울주군 삼남면 반구대로 6121층","phone":"1522-4400","hours":"09:00–22:00","openingDate":"20190628","region":"울산","options":["주차"],"source":"㈜아성다이소 공식 매장검색","sourceUrl":"https://www.daiso.co.kr/cs/shop"}},{"type":"Feature","geometry":{"type":"Point","coordinates":[129.439400615002,35.6268968689636]},"properties":{"name":"울산강동산하점","address":"울산 북구 산음4길 30 (산하동)1~2층","phone":"052-260-6248","hours":"10:00–22:00","openingDate":"20200821","region":"울산","options":["주차","포인트 적립가능","포인트 사용가능","고유가지원금"],"source":"㈜아성다이소 공식 매장검색","sourceUrl":"https://www.daiso.co.kr/cs/shop"}},{"type":"Feature","geometry":{"type":"Point","coordinates":[129.240432833619,35.5764046676061]},"properties":{"name":"울산구영점","address":"울산광역시 울주군 범서읍 구영로 681~2층","phone":"052-245-2229","hours":"10:00–22:00","openingDate":"20180517","region":"울산","options":["주차","포인트 적립가능","포인트 사용가능","고유가지원금"],"source":"㈜아성다이소 공식 매장검색","sourceUrl":"https://www.daiso.co.kr/cs/shop"}},{"type":"Feature","geometry":{"type":"Point","coordinates":[129.259690450471,35.5570357769812]},"properties":{"name":"울산굴화점","address":"울산광역시 울주군 범서읍 울밀로 28501~4층","phone":"052-222-4282","hours":"10:00–22:00","openingDate":"20180907","region":"울산","options":["주차","포인트 적립가능","포인트 사용가능","고유가지원금"],"source":"㈜아성다이소 공식 매장검색","sourceUrl":"https://www.daiso.co.kr/cs/shop"}},{"type":"Feature","geometry":{"type":"Point","coordinates":[129.424794771914,35.5393192215902]},"properties":{"name":"울산남목점","address":"울산광역시 동구 방어진순환도로 1133 (서부동)B1~1층","phone":"1522-4400","hours":"10:00–22:00","openingDate":"20111217","region":"울산","options":["출입구 경사로","심카드","포인트 적립가능","포인트 사용가능","매장픽업"],"source":"㈜아성다이소 공식 매장검색","sourceUrl":"https://www.daiso.co.kr/cs/shop"}},{"type":"Feature","geometry":{"type":"Point","coordinates":[129.280465264053,35.4121344743244]},"properties":{"name":"울산남창점","address":"울산광역시 울주군 온양읍 대운길 181~2층","phone":"052-238-6157","hours":"10:00–22:00","openingDate":"20160810","region":"울산","options":["주차","포인트 적립가능","포인트 사용가능","고유가지원금"],"source":"㈜아성다이소 공식 매장검색","sourceUrl":"https://www.daiso.co.kr/cs/shop"}},{"type":"Feature","geometry":{"type":"Point","coordinates":[129.309660375183,35.43644800395]},"properties":{"name":"울산덕신점","address":"울산광역시 울주군 온산읍 온덕2길 501~2층","phone":"052-238-4471","hours":"10:00–22:00","openingDate":"20050621","region":"울산","options":["포인트 적립가능","포인트 사용가능","고유가지원금"],"source":"㈜아성다이소 공식 매장검색","sourceUrl":"https://www.daiso.co.kr/cs/shop"}},{"type":"Feature","geometry":{"type":"Point","coordinates":[129.261454623927,35.5457846089899]},"properties":{"name":"울산무거점","address":"울산광역시 남구 대학로 126 (무거동)1~3층","phone":"1522-4400","hours":"10:00–22:00","openingDate":"20130426","region":"울산","options":["출입구 경사로","포토 스티커","네임 스티커","심카드","포인트 적립가능","포인트 사용가능","매장픽업"],"source":"㈜아성다이소 공식 매장검색","sourceUrl":"https://www.daiso.co.kr/cs/shop"}},{"type":"Feature","geometry":{"type":"Point","coordinates":[129.413065374805,35.4847447785502]},"properties":{"name":"울산방어점","address":"울산광역시 동구 화문로 33 (방어동)1~2층","phone":"1522-4400","hours":"10:00–22:00","openingDate":"20160323","region":"울산","options":["출입구 경사로","심카드","포인트 적립가능","포인트 사용가능","매장픽업"],"source":"㈜아성다이소 공식 매장검색","sourceUrl":"https://www.daiso.co.kr/cs/shop"}},{"type":"Feature","geometry":{"type":"Point","coordinates":[129.3432972853,35.5690477551358]},"properties":{"name":"울산병영점","address":"울산광역시 중구 곽남길 4 (남외동)1~3층","phone":"1522-4400","hours":"10:00–22:00","openingDate":"20171125","region":"울산","options":["출입구 경사로","네임 스티커","심카드","포인트 적립가능","포인트 사용가능","매장픽업"],"source":"㈜아성다이소 공식 매장검색","sourceUrl":"https://www.daiso.co.kr/cs/shop"}},{"type":"Feature","geometry":{"type":"Point","coordinates":[129.340535559705,35.5371117143024]},"properties":{"name":"울산삼산본점","address":"울산광역시 남구 화합로 138-1 (삼산동)1~3층","phone":"1522-4400","hours":"10:00–22:00","openingDate":"20171027","region":"울산","options":["주차","출입구 경사로","엘리베이터","포토 스티커","심카드","포인트 적립가능","포인트 사용가능","매장픽업"],"source":"㈜아성다이소 공식 매장검색","sourceUrl":"https://www.daiso.co.kr/cs/shop"}},{"type":"Feature","geometry":{"type":"Point","coordinates":[129.334150296622,35.6294748848893]},"properties":{"name":"울산상안동점","address":"울산광역시 북구 천곡남로 13-10 (천곡동)1~2층","phone":"052-297-7767","hours":"10:00–22:00","openingDate":"20130418","region":"울산","options":["포인트 적립가능","포인트 사용가능","고유가지원금"],"source":"㈜아성다이소 공식 매장검색","sourceUrl":"https://www.daiso.co.kr/cs/shop"}},{"type":"Feature","geometry":{"type":"Point","coordinates":[129.344717440522,35.5838388223299]},"properties":{"name":"울산서동점","address":"울산광역시 중구 동천서로 56 (서동)1~3층","phone":"1522-4400","hours":"10:00–22:00","openingDate":"20190116","region":"울산","options":["주차","현금없는매장","네임 스티커","심카드","포인트 적립가능","포인트 사용가능","매장픽업"],"source":"㈜아성다이소 공식 매장검색","sourceUrl":"https://www.daiso.co.kr/cs/shop"}},{"type":"Feature","geometry":{"type":"Point","coordinates":[129.321944949496,35.5542689259459]},"properties":{"name":"울산성남점","address":"울산광역시 중구 시계탑거리 23 (옥교동)1~3층","phone":"1522-4400","hours":"10:00–22:00","openingDate":"20060820","region":"울산","options":["출입구 경사로","포토 스티커","심카드","포인트 적립가능","포인트 사용가능","매장픽업"],"source":"㈜아성다이소 공식 매장검색","sourceUrl":"https://www.daiso.co.kr/cs/shop"}},{"type":"Feature","geometry":{"type":"Point","coordinates":[129.317378078287,35.5762498550484]},"properties":{"name":"울산성안점","address":"울산광역시 중구 성안로 180 (성안동)1~2층","phone":"052-212-3600","hours":"10:00–22:00","openingDate":"20190426","region":"울산","options":["포인트 적립가능","포인트 사용가능","고유가지원금"],"source":"㈜아성다이소 공식 매장검색","sourceUrl":"https://www.daiso.co.kr/cs/shop"}},{"type":"Feature","geometry":{"type":"Point","coordinates":[129.312232826764,35.5418914350767]},"properties":{"name":"울산신정점","address":"울산광역시 남구 월평로 60 (신정동)1~4층","phone":"1522-4400","hours":"10:00–22:00","openingDate":"20190420","region":"울산","options":["출입구 경사로","엘리베이터","네임 스티커","심카드","포인트 적립가능","포인트 사용가능","매장픽업"],"source":"㈜아성다이소 공식 매장검색","sourceUrl":"https://www.daiso.co.kr/cs/shop"}},{"type":"Feature","geometry":{"type":"Point","coordinates":[129.347286292323,35.6379705420842]},"properties":{"name":"울산신천점","address":"울산광역시 북구 호계로 400 (신천동)1~3층","phone":"1522-4400","hours":"10:00–22:00","openingDate":"20181121","region":"울산","options":["주차","출입구 경사로","엘리베이터","포토 스티커","네임 스티커","심카드","포인트 적립가능","포인트 사용가능","매장픽업"],"source":"㈜아성다이소 공식 매장검색","sourceUrl":"https://www.daiso.co.kr/cs/shop"}},{"type":"Feature","geometry":{"type":"Point","coordinates":[129.116990111102,35.5670626990219]},"properties":{"name":"울산언양점","address":"울산광역시 울주군 언양읍 헌양길 1751~2층","phone":"1522-4400","hours":"10:00–22:00","openingDate":"20260103","region":"울산","options":["주차","출입구 경사로","포인트 적립가능","포인트 사용가능"],"source":"㈜아성다이소 공식 매장검색","sourceUrl":"https://www.daiso.co.kr/cs/shop"}},{"type":"Feature","geometry":{"type":"Point","coordinates":[129.388944066814,35.5363448156916]},"properties":{"name":"울산염포점","address":"울산광역시 북구 염포로 625(염포동)2층","phone":"052-287-7575","hours":"09:30–22:00","openingDate":"20170823","region":"울산","options":["주차","포인트 적립가능","포인트 사용가능","고유가지원금"],"source":"㈜아성다이소 공식 매장검색","sourceUrl":"https://www.daiso.co.kr/cs/shop"}},{"type":"Feature","geometry":{"type":"Point","coordinates":[129.292655924453,35.5341679666055]},"properties":{"name":"울산옥동점","address":"울산광역시 남구 문수로 362(옥동, 옥동디아채주상복합아파트)1층","phone":"052-912-4489","hours":"10:00–22:00","openingDate":"20170215","region":"울산","options":["주차","포인트 적립가능","포인트 사용가능","고유가지원금"],"source":"㈜아성다이소 공식 매장검색","sourceUrl":"https://www.daiso.co.kr/cs/shop"}},{"type":"Feature","geometry":{"type":"Point","coordinates":[129.379343887601,35.5570828366214]},"properties":{"name":"울산율동점","address":"울산광역시 북구 율동로 2 (양정동)1~2층","phone":"","hours":"10:00–22:00","openingDate":"20240530","region":"울산","options":["주차","포인트 적립가능","포인트 사용가능","고유가지원금"],"source":"㈜아성다이소 공식 매장검색","sourceUrl":"https://www.daiso.co.kr/cs/shop"}},{"type":"Feature","geometry":{"type":"Point","coordinates":[129.427960488106,35.4970784803585]},"properties":{"name":"울산일산지점","address":"울산광역시 동구 방어진순환도로 620 (일산동)1~3층","phone":"1522-4400","hours":"10:00–22:00","openingDate":"20120111","region":"울산","options":["출입구 경사로","포토 스티커","심카드","포인트 적립가능","포인트 사용가능","매장픽업"],"source":"㈜아성다이소 공식 매장검색","sourceUrl":"https://www.daiso.co.kr/cs/shop"}},{"type":"Feature","geometry":{"type":"Point","coordinates":[129.35517006532,35.5604266701652]},"properties":{"name":"울산진장점","address":"울산광역시 북구 염포로 144 (진장동)1층","phone":"052-283-2005","hours":"09:30–22:00","openingDate":"20180420","region":"울산","options":["주차","포인트 적립가능","포인트 사용가능","고유가지원금"],"source":"㈜아성다이소 공식 매장검색","sourceUrl":"https://www.daiso.co.kr/cs/shop"}},{"type":"Feature","geometry":{"type":"Point","coordinates":[129.230075394663,35.5620260625553]},"properties":{"name":"울산천상점","address":"울산광역시 울주군 범서읍 천상길 141~2층","phone":"052-245-0870","hours":"10:00–22:00","openingDate":"20150829","region":"울산","options":["포인트 적립가능","포인트 사용가능","고유가지원금"],"source":"㈜아성다이소 공식 매장검색","sourceUrl":"https://www.daiso.co.kr/cs/shop"}},{"type":"Feature","geometry":{"type":"Point","coordinates":[129.321919110368,35.5269828679847]},"properties":{"name":"울산타임스퀘어점","address":"울산광역시 남구 수암로 138 (야음동)2층","phone":"052-269-3300","hours":"10:00–22:00","openingDate":"20200212","region":"울산","options":["주차","포인트 적립가능","포인트 사용가능"],"source":"㈜아성다이소 공식 매장검색","sourceUrl":"https://www.daiso.co.kr/cs/shop"}},{"type":"Feature","geometry":{"type":"Point","coordinates":[129.308663070715,35.5537090012063]},"properties":{"name":"울산태화루점","address":"울산광역시 중구 명륜로 15 (태화동)1~4층","phone":"1522-4400","hours":"10:00–22:00","openingDate":"20190506","region":"울산","options":["엘리베이터","네임 스티커","심카드","포인트 적립가능","포인트 사용가능","매장픽업"],"source":"㈜아성다이소 공식 매장검색","sourceUrl":"https://www.daiso.co.kr/cs/shop"}},{"type":"Feature","geometry":{"type":"Point","coordinates":[129.296198202358,35.5523855107403]},"properties":{"name":"울산태화점","address":"울산광역시 중구 신기15길 4(태화동)1층","phone":"052-245-7233","hours":"10:00–22:00","openingDate":"20160116","region":"울산","options":["주차","포인트 적립가능","포인트 사용가능","고유가지원금"],"source":"㈜아성다이소 공식 매장검색","sourceUrl":"https://www.daiso.co.kr/cs/shop"}},{"type":"Feature","geometry":{"type":"Point","coordinates":[129.343066445214,35.5593391579184]},"properties":{"name":"울산학성점","address":"울산광역시 중구 염포로 13(반구동)1~2층","phone":"052-296-4549","hours":"10:00–22:00","openingDate":"20150417","region":"울산","options":["주차","포인트 적립가능","포인트 사용가능","고유가지원금"],"source":"㈜아성다이소 공식 매장검색","sourceUrl":"https://www.daiso.co.kr/cs/shop"}},{"type":"Feature","geometry":{"type":"Point","coordinates":[129.352573670881,35.6263450687042]},"properties":{"name":"울산호계점","address":"울산광역시 북구 호계로 254(호계동)1층","phone":"052-292-6177","hours":"10:00–22:00","openingDate":"20160926","region":"울산","options":["주차","포인트 적립가능","포인트 사용가능","고유가지원금"],"source":"㈜아성다이소 공식 매장검색","sourceUrl":"https://www.daiso.co.kr/cs/shop"}},{"type":"Feature","geometry":{"type":"Point","coordinates":[129.366336361611,35.5940486203335]},"properties":{"name":"울산화봉점","address":"울산광역시 북구 화산중앙로 86 (화봉동)1~3층","phone":"1522-4400","hours":"10:00–22:00","openingDate":"20190905","region":"울산","options":["주차","출입구 경사로","엘리베이터","포토 스티커","네임 스티커","심카드","포인트 적립가능","포인트 사용가능","매장픽업"],"source":"㈜아성다이소 공식 매장검색","sourceUrl":"https://www.daiso.co.kr/cs/shop"}},{"type":"Feature","geometry":{"type":"Point","coordinates":[129.121332244345,35.558445822725]},"properties":{"name":"울주삼남교동점","address":"울산광역시 울주군 삼남읍 중평로 381~3층","phone":"1522-4400","hours":"10:00–22:00","openingDate":"20260205","region":"울산","options":["주차","엘리베이터","현금없는매장","포토 스티커","네임 스티커","포인트 적립가능","포인트 사용가능","매장픽업"],"source":"㈜아성다이소 공식 매장검색","sourceUrl":"https://www.daiso.co.kr/cs/shop"}},{"type":"Feature","geometry":{"type":"Point","coordinates":[129.348929346708,35.6347842137181]},"properties":{"name":"하나로마트농소농협점","address":"울산광역시 북구 매곡로 7 (신천동)2층","phone":"1522-4400","hours":"09:30–21:30","openingDate":"20260911","region":"울산","options":["주차","포인트 적립가능","포인트 사용가능"],"source":"㈜아성다이소 공식 매장검색","sourceUrl":"https://www.daiso.co.kr/cs/shop"}},{"type":"Feature","geometry":{"type":"Point","coordinates":[129.358752467814,35.5791108635468]},"properties":{"name":"하나로클럽울산점","address":"울산광역시 북구 진장유통로 90 (진장동)1층","phone":"1522-4400","hours":"09:00–22:00","openingDate":"20190720","region":"울산","options":["주차"],"source":"㈜아성다이소 공식 매장검색","sourceUrl":"https://www.daiso.co.kr/cs/shop"}},{"type":"Feature","geometry":{"type":"Point","coordinates":[129.432846335117,35.5282670220746]},"properties":{"name":"현대서부상가울산점","address":"울산광역시 동구 방어진순환도로 975 (서부동)B1층","phone":"1522-4400","hours":"10:00–22:00","openingDate":"20170127","region":"울산","options":["주차","포인트 적립가능","포인트 사용가능"],"source":"㈜아성다이소 공식 매장검색","sourceUrl":"https://www.daiso.co.kr/cs/shop"}},{"type":"Feature","geometry":{"type":"Point","coordinates":[126.71392685156,37.5030907331669]},"properties":{"name":"GS슈퍼부평산곡점","address":"인천광역시 부평구 원적로432번길 10 (산곡동)1층","phone":"","hours":"10:00–23:00","openingDate":"20240127","region":"인천","options":["주차"],"source":"㈜아성다이소 공식 매장검색","sourceUrl":"https://www.daiso.co.kr/cs/shop"}},{"type":"Feature","geometry":{"type":"Point","coordinates":[126.678294262449,37.4064862836631]},"properties":{"name":"GS슈퍼연수점","address":"인천광역시 연수구 원인재로 88 (동춘동, 대우삼환아파트)B1층","phone":"","hours":"10:00–22:00","openingDate":"20241207","region":"인천","options":["주차"],"source":"㈜아성다이소 공식 매장검색","sourceUrl":"https://www.daiso.co.kr/cs/shop"}},{"type":"Feature","geometry":{"type":"Point","coordinates":[126.664179494561,37.4421652878524]},"properties":{"name":"GS슈퍼학익점","address":"인천광역시 미추홀구 소성로 146 (학익동)1층","phone":"","hours":"09:30–23:00","openingDate":"20020626","region":"인천","options":[],"source":"㈜아성다이소 공식 매장검색","sourceUrl":"https://www.daiso.co.kr/cs/shop"}},{"type":"Feature","geometry":{"type":"Point","coordinates":[126.506411870172,37.4771802907829]},"properties":{"name":"e에브리데이인천영종점","address":"인천광역시 중구 흰바위로 284(운남동)2층","phone":"","hours":"10:00–23:00","openingDate":"20220906","region":"인천","options":["주차"],"source":"㈜아성다이소 공식 매장검색","sourceUrl":"https://www.daiso.co.kr/cs/shop"}},{"type":"Feature","geometry":{"type":"Point","coordinates":[126.693974192634,37.4654083554229]},"properties":{"name":"간석역북부점","address":"인천광역시 남동구 석정로 524(간석동)1~3층","phone":"1522-4400","hours":"10:00–22:00","openingDate":"20221105","region":"인천","options":["주차","엘리베이터","포토 스티커","포인트 적립가능","포인트 사용가능","매장픽업"],"source":"㈜아성다이소 공식 매장검색","sourceUrl":"https://www.daiso.co.kr/cs/shop"}},{"type":"Feature","geometry":{"type":"Point","coordinates":[126.708961837099,37.4601446831959]},"properties":{"name":"간석점","address":"인천광역시 남동구 남동대로 860 (간석동, 간석래미안자이아파트)1층","phone":"1522-4400","hours":"10:00–22:00","openingDate":"20080808","region":"인천","options":["주차","네임 스티커","심카드","포인트 적립가능","포인트 사용가능","매장픽업"],"source":"㈜아성다이소 공식 매장검색","sourceUrl":"https://www.daiso.co.kr/cs/shop"}},{"type":"Feature","geometry":{"type":"Point","coordinates":[126.491751795726,37.7424649135156]},"properties":{"name":"강화본점","address":"인천광역시 강화군 강화읍 중앙로 61~3층","phone":"1522-4400","hours":"10:00–22:00","openingDate":"20180920","region":"인천","options":["엘리베이터","네임 스티커","심카드","포인트 적립가능","포인트 사용가능","매장픽업"],"source":"㈜아성다이소 공식 매장검색","sourceUrl":"https://www.daiso.co.kr/cs/shop"}},{"type":"Feature","geometry":{"type":"Point","coordinates":[126.494314122168,37.6373903477386]},"properties":{"name":"강화온수리점","address":"인천광역시 강화군 길상면 길상로 2941~2층","phone":"1522-4400","hours":"10:00–22:00","openingDate":"20250221","region":"인천","options":["주차","엘리베이터","현금없는매장","포인트 적립가능","포인트 사용가능","매장픽업"],"source":"㈜아성다이소 공식 매장검색","sourceUrl":"https://www.daiso.co.kr/cs/shop"}},{"type":"Feature","geometry":{"type":"Point","coordinates":[126.723047286963,37.5378031402658]},"properties":{"name":"경인교대역점","address":"인천광역시 계양구 계양대로 158 (계산동)1층","phone":"032-544-6017","hours":"10:00–22:00","openingDate":"20200601","region":"인천","options":["포인트 적립가능","포인트 사용가능","고유가지원금"],"source":"㈜아성다이소 공식 매장검색","sourceUrl":"https://www.daiso.co.kr/cs/shop"}},{"type":"Feature","geometry":{"type":"Point","coordinates":[126.630211236439,37.4750773508977]},"properties":{"name":"동인천점","address":"인천광역시 중구 자유공원로 7 (인현동)1층","phone":"032-766-9492","hours":"10:00–22:00","openingDate":"20210306","region":"인천","options":["포인트 적립가능","포인트 사용가능","고유가지원금"],"source":"㈜아성다이소 공식 매장검색","sourceUrl":"https://www.daiso.co.kr/cs/shop"}},{"type":"Feature","geometry":{"type":"Point","coordinates":[126.664575413242,37.5945319694685]},"properties":{"name":"롯데마트검단점","address":"인천광역시 서구 원당대로 581 (마전동)B1층","phone":"","hours":"10:00–23:00","openingDate":"20091224","region":"인천","options":[],"source":"㈜아성다이소 공식 매장검색","sourceUrl":"https://www.daiso.co.kr/cs/shop"}},{"type":"Feature","geometry":{"type":"Point","coordinates":[126.736003459808,37.5408492649713]},"properties":{"name":"롯데마트계양점","address":"인천광역시 계양구 장제로 822 (계산동)2층","phone":"","hours":"10:00–23:00","openingDate":"20120912","region":"인천","options":["주차"],"source":"㈜아성다이소 공식 매장검색","sourceUrl":"https://www.daiso.co.kr/cs/shop"}},{"type":"Feature","geometry":{"type":"Point","coordinates":[126.72335064425,37.4895676659869]},"properties":{"name":"롯데마트부평역점","address":"인천광역시 부평구 광장로 16 (부평동)4층","phone":"","hours":"10:00–23:00","openingDate":"20040625","region":"인천","options":[],"source":"㈜아성다이소 공식 매장검색","sourceUrl":"https://www.daiso.co.kr/cs/shop"}},{"type":"Feature","geometry":{"type":"Point","coordinates":[126.704074784237,37.5050118176597]},"properties":{"name":"롯데마트부평점","address":"인천광역시 부평구 마장로 296 (산곡동)B1층","phone":"1522-4400","hours":"10:00–23:00","openingDate":"20061222","region":"인천","options":[],"source":"㈜아성다이소 공식 매장검색","sourceUrl":"https://www.daiso.co.kr/cs/shop"}},{"type":"Feature","geometry":{"type":"Point","coordinates":[126.73309338626,37.508381141658]},"properties":{"name":"롯데마트삼산점","address":"인천광역시 부평구 체육관로 14 (삼산동)B2층","phone":"1522-4400","hours":"10:00–22:00","openingDate":"20071213","region":"인천","options":[],"source":"㈜아성다이소 공식 매장검색","sourceUrl":"https://www.daiso.co.kr/cs/shop"}},{"type":"Feature","geometry":{"type":"Point","coordinates":[126.643324144809,37.3883143496354]},"properties":{"name":"롯데마트송도점","address":"인천광역시 연수구 컨벤시아대로 177 (송도동)2층","phone":"","hours":"10:00–23:00","openingDate":"20131219","region":"인천","options":["주차"],"source":"㈜아성다이소 공식 매장검색","sourceUrl":"https://www.daiso.co.kr/cs/shop"}},{"type":"Feature","geometry":{"type":"Point","coordinates":[126.675170319693,37.4151223595393]},"properties":{"name":"롯데마트연수점","address":"인천광역시 연수구 청능대로 87 (청학동)1층","phone":"1522-4400","hours":"10:00–22:00","openingDate":"20010726","region":"인천","options":["포인트 적립가능"],"source":"㈜아성다이소 공식 매장검색","sourceUrl":"https://www.daiso.co.kr/cs/shop"}},{"type":"Feature","geometry":{"type":"Point","coordinates":[126.491214087233,37.4926741879123]},"properties":{"name":"롯데마트영종도점","address":"인천광역시 중구 흰바위로 51 (운서동)2층","phone":"","hours":"10:00–22:30","openingDate":"20061221","region":"인천","options":[],"source":"㈜아성다이소 공식 매장검색","sourceUrl":"https://www.daiso.co.kr/cs/shop"}},{"type":"Feature","geometry":{"type":"Point","coordinates":[126.647834439125,37.5302994074011]},"properties":{"name":"롯데마트청라점","address":"인천광역시 서구 청라커낼로 252 (청라동, 청라 롯데캐슬)B1층","phone":"","hours":"10:00–23:00","openingDate":"20121212","region":"인천","options":["주차"],"source":"㈜아성다이소 공식 매장검색","sourceUrl":"https://www.daiso.co.kr/cs/shop"}},{"type":"Feature","geometry":{"type":"Point","coordinates":[126.668112752413,37.5161711915353]},"properties":{"name":"롯데슈퍼신현점(레)","address":"인천광역시 서구 염곡로 351 (신현동)1층","phone":"","hours":"10:00–22:00","openingDate":"20030530","region":"인천","options":[],"source":"㈜아성다이소 공식 매장검색","sourceUrl":"https://www.daiso.co.kr/cs/shop"}},{"type":"Feature","geometry":{"type":"Point","coordinates":[126.672819572061,37.4069721358084]},"properties":{"name":"롯데슈퍼연수점","address":"인천광역시 연수구 앵고개로 266 (동춘동)1층","phone":"","hours":"10:00–23:00","openingDate":"20050428","region":"인천","options":[],"source":"㈜아성다이소 공식 매장검색","sourceUrl":"https://www.daiso.co.kr/cs/shop"}},{"type":"Feature","geometry":{"type":"Point","coordinates":[124.693646523803,37.9737205181353]},"properties":{"name":"백령로점","address":"인천광역시 옹진군 백령면 백령로 503-91층","phone":"032-836-7500","hours":"07:00–21:30","openingDate":"20170228","region":"인천","options":["포인트 적립가능","포인트 사용가능","고유가지원금"],"source":"㈜아성다이소 공식 매장검색","sourceUrl":"https://www.daiso.co.kr/cs/shop"}},{"type":"Feature","geometry":{"type":"Point","coordinates":[126.741450701599,37.5481442556141]},"properties":{"name":"병방시장점","address":"인천 계양구 장제로 916B1층","phone":"032-541-6588","hours":"09:00–22:00","openingDate":"20180430","region":"인천","options":["주차","포인트 적립가능","포인트 사용가능"],"source":"㈜아성다이소 공식 매장검색","sourceUrl":"https://www.daiso.co.kr/cs/shop"}},{"type":"Feature","geometry":{"type":"Point","coordinates":[126.735480846211,37.4856848136806]},"properties":{"name":"부개제일식자재마트점","address":"인천광역시 부평구 동수로 153(부개동)2층","phone":"032-361-8795","hours":"08:30–22:30","openingDate":"20140619","region":"인천","options":["주차"],"source":"㈜아성다이소 공식 매장검색","sourceUrl":"https://www.daiso.co.kr/cs/shop"}},{"type":"Feature","geometry":{"type":"Point","coordinates":[126.725043420372,37.4909380817675]},"properties":{"name":"부평2호점","address":"인천광역시 부평구 경원대로 1404 (부평동)B1~1층","phone":"1522-4400","hours":"10:00–22:00","openingDate":"20160525","region":"인천","options":["주차","출입구 경사로","포토 스티커","네임 스티커","심카드","포인트 적립가능","포인트 사용가능","매장픽업"],"source":"㈜아성다이소 공식 매장검색","sourceUrl":"https://www.daiso.co.kr/cs/shop"}},{"type":"Feature","geometry":{"type":"Point","coordinates":[126.724931048497,37.4878475531378]},"properties":{"name":"부평역남부점","address":"인천 부평구 경인로 947 (부평동, 태성메디칼)1~3층","phone":"1522-4400","hours":"10:00–22:00","openingDate":"20170531","region":"인천","options":["주차","출입구 경사로","네임 스티커","심카드","포인트 적립가능","포인트 사용가능","매장픽업"],"source":"㈜아성다이소 공식 매장검색","sourceUrl":"https://www.daiso.co.kr/cs/shop"}},{"type":"Feature","geometry":{"type":"Point","coordinates":[126.722291360781,37.4932660574479]},"properties":{"name":"부평중앙점","address":"인천광역시 부평구 부평대로 21 (부평동)B1층","phone":"1522-4400","hours":"10:00–22:00","openingDate":"20231220","region":"인천","options":["주차","엘리베이터","포토 스티커","포인트 적립가능","포인트 사용가능","매장픽업"],"source":"㈜아성다이소 공식 매장검색","sourceUrl":"https://www.daiso.co.kr/cs/shop"}},{"type":"Feature","geometry":{"type":"Point","coordinates":[126.661250200464,37.3798178241708]},"properties":{"name":"송도트리플스트리트점","address":"인천광역시 연수구 송도과학로16번길 33-4(송도동)1층","phone":"1522-4400","hours":"10:30–22:00","openingDate":"20170630","region":"인천","options":["주차","엘리베이터","포토 스티커","네임 스티커","심카드","택스리펀드","포인트 적립가능","포인트 사용가능","매장픽업"],"source":"㈜아성다이소 공식 매장검색","sourceUrl":"https://www.daiso.co.kr/cs/shop"}},{"type":"Feature","geometry":{"type":"Point","coordinates":[126.628046315118,37.4703523512849]},"properties":{"name":"신포국제시장점","address":"인천광역시 중구 우현로 34(답동)1층","phone":"032-765-6763","hours":"09:30–22:00","openingDate":"20211211","region":"인천","options":["포인트 적립가능","포인트 사용가능","고유가지원금"],"source":"㈜아성다이소 공식 매장검색","sourceUrl":"https://www.daiso.co.kr/cs/shop"}},{"type":"Feature","geometry":{"type":"Point","coordinates":[126.550815416086,37.4957006491003]},"properties":{"name":"영종하늘도시점","address":"인천광역시 중구 운중로 158 (중산동)1~2층","phone":"1522-4400","hours":"10:00–22:00","openingDate":"20181208","region":"인천","options":["주차","엘리베이터","네임 스티커","심카드","포인트 적립가능","포인트 사용가능","매장픽업"],"source":"㈜아성다이소 공식 매장검색","sourceUrl":"https://www.daiso.co.kr/cs/shop"}},{"type":"Feature","geometry":{"type":"Point","coordinates":[126.736896747731,37.5310380372084]},"properties":{"name":"이마트계양점","address":"인천광역시 계양구 봉오대로 785 (작전동)B1층","phone":"","hours":"10:00–23:00","openingDate":"20241031","region":"인천","options":["주차"],"source":"㈜아성다이소 공식 매장검색","sourceUrl":"https://www.daiso.co.kr/cs/shop"}},{"type":"Feature","geometry":{"type":"Point","coordinates":[126.629174282372,37.4665513085898]},"properties":{"name":"이마트동인천점","address":"인천광역시 중구 인중로 134 (신생동)2층","phone":"1522-4400","hours":"10:00–22:00","openingDate":"20240912","region":"인천","options":["주차","포인트 적립가능","포인트 사용가능"],"source":"㈜아성다이소 공식 매장검색","sourceUrl":"https://www.daiso.co.kr/cs/shop"}},{"type":"Feature","geometry":{"type":"Point","coordinates":[126.707884341114,37.4396232177682]},"properties":{"name":"이마트트레이더스구월점","address":"인천광역시 남동구 매소홀로 759 (구월동)1층","phone":"1522-4400","hours":"10:00–22:00","openingDate":"20250911","region":"인천","options":["주차","포인트 적립가능","포인트 사용가능"],"source":"㈜아성다이소 공식 매장검색","sourceUrl":"https://www.daiso.co.kr/cs/shop"}},{"type":"Feature","geometry":{"type":"Point","coordinates":[126.669712892236,37.5264792307329]},"properties":{"name":"인천가정동점","address":"인천광역시 서구 염곡로 468 (가정동)1~3층","phone":"1522-4400","hours":"10:00–22:00","openingDate":"20181006","region":"인천","options":["주차","현금없는매장","네임 스티커","심카드","포인트 적립가능","포인트 사용가능","매장픽업"],"source":"㈜아성다이소 공식 매장검색","sourceUrl":"https://www.daiso.co.kr/cs/shop"}},{"type":"Feature","geometry":{"type":"Point","coordinates":[126.681875747605,37.4949512799338]},"properties":{"name":"인천가좌시장점","address":"인천광역시 서구 원적로 91 (가좌동)B1~1층","phone":"1522-4400","hours":"10:00–22:00","openingDate":"20130331","region":"인천","options":["네임 스티커","심카드","포인트 적립가능","포인트 사용가능","매장픽업"],"source":"㈜아성다이소 공식 매장검색","sourceUrl":"https://www.daiso.co.kr/cs/shop"}},{"type":"Feature","geometry":{"type":"Point","coordinates":[126.726669123068,37.5176438827361]},"properties":{"name":"인천갈산점","address":"인천광역시 부평구 주부토로 253 (갈산동)1~3층","phone":"032-361-9670","hours":"10:00–22:00","openingDate":"20140923","region":"인천","options":["포인트 적립가능","포인트 사용가능","고유가지원금"],"source":"㈜아성다이소 공식 매장검색","sourceUrl":"https://www.daiso.co.kr/cs/shop"}},{"type":"Feature","geometry":{"type":"Point","coordinates":[126.672796748771,37.5119043293049]},"properties":{"name":"인천강남시장점","address":"인천광역시 서구 가정로 304(석남동)1~2층","phone":"032-578-6016","hours":"10:00–22:00","openingDate":"20180729","region":"인천","options":["포인트 적립가능","포인트 사용가능","고유가지원금"],"source":"㈜아성다이소 공식 매장검색","sourceUrl":"https://www.daiso.co.kr/cs/shop"}},{"type":"Feature","geometry":{"type":"Point","coordinates":[126.657426885404,37.6026004980209]},"properties":{"name":"인천검단사거리역점","address":"인천광역시 서구 완정로 172 (마전동)B1층","phone":"1522-4400","hours":"10:00–22:00","openingDate":"20181124","region":"인천","options":["주차","엘리베이터","포토 스티커","네임 스티커","심카드","포인트 적립가능","포인트 사용가능","매장픽업"],"source":"㈜아성다이소 공식 매장검색","sourceUrl":"https://www.daiso.co.kr/cs/shop"}},{"type":"Feature","geometry":{"type":"Point","coordinates":[126.708907628287,37.5913526419801]},"properties":{"name":"인천검단신도시점","address":"인천광역시 서구 원당대로 966 (당하동, 금강펜테리움더시글로1차)1~2층","phone":"1522-4400","hours":"10:00–22:00","openingDate":"20250320","region":"인천","options":["주차","포토 스티커","네임 스티커","포인트 적립가능","포인트 사용가능","매장픽업"],"source":"㈜아성다이소 공식 매장검색","sourceUrl":"https://www.daiso.co.kr/cs/shop"}},{"type":"Feature","geometry":{"type":"Point","coordinates":[126.67680475787,37.5653166150911]},"properties":{"name":"인천검암점","address":"인천광역시 서구 승학로512번길 1 (검암동)1~2층","phone":"1522-4400","hours":"10:00–22:00","openingDate":"20130616","region":"인천","options":["출입구 경사로","네임 스티커","심카드","포인트 적립가능","포인트 사용가능","매장픽업"],"source":"㈜아성다이소 공식 매장검색","sourceUrl":"https://www.daiso.co.kr/cs/shop"}},{"type":"Feature","geometry":{"type":"Point","coordinates":[126.727808947082,37.5436211388685]},"properties":{"name":"인천계산1호점","address":"인천광역시 계양구 경명대로 1087 (계산동)1~2층","phone":"1522-4400","hours":"10:00–22:00","openingDate":"20120728","region":"인천","options":["출입구 경사로","심카드","포인트 적립가능","포인트 사용가능","매장픽업"],"source":"㈜아성다이소 공식 매장검색","sourceUrl":"https://www.daiso.co.kr/cs/shop"}},{"type":"Feature","geometry":{"type":"Point","coordinates":[126.723421597652,37.5438927760544]},"properties":{"name":"인천계산삼거리점","address":"인천광역시 계양구 경명대로 1049 (계산동)B1층","phone":"1522-4400","hours":"10:00–22:00","openingDate":"20160705","region":"인천","options":["주차","엘리베이터","네임 스티커","심카드","포인트 적립가능","포인트 사용가능","매장픽업"],"source":"㈜아성다이소 공식 매장검색","sourceUrl":"https://www.daiso.co.kr/cs/shop"}},{"type":"Feature","geometry":{"type":"Point","coordinates":[126.738564827585,37.5386544569355]},"properties":{"name":"인천계양구청점","address":"인천광역시 계양구 오조산로 85(용종동)1층","phone":"1522-4400","hours":"10:00–22:00","openingDate":"20220630","region":"인천","options":["주차","현금없는매장","포토 스티커","네임 스티커","포인트 적립가능","포인트 사용가능","매장픽업"],"source":"㈜아성다이소 공식 매장검색","sourceUrl":"https://www.daiso.co.kr/cs/shop"}},{"type":"Feature","geometry":{"type":"Point","coordinates":[126.70433986378,37.4433145002894]},"properties":{"name":"인천구월본점","address":"인천광역시 남동구 인하로 517(구월동)1~2층","phone":"1522-4400","hours":"10:00–22:00","openingDate":"20220820","region":"인천","options":["주차","현금없는매장","네임 스티커","포인트 적립가능","포인트 사용가능","매장픽업"],"source":"㈜아성다이소 공식 매장검색","sourceUrl":"https://www.daiso.co.kr/cs/shop"}},{"type":"Feature","geometry":{"type":"Point","coordinates":[126.725644566742,37.398888507125]},"properties":{"name":"인천논현본점","address":"인천광역시 남동구 논고개로 85 (논현동)1~3층","phone":"1522-4400","hours":"10:00–22:00","openingDate":"20161109","region":"인천","options":["주차","엘리베이터","포토 스티커","네임 스티커","심카드","포인트 적립가능","포인트 사용가능","매장픽업"],"source":"㈜아성다이소 공식 매장검색","sourceUrl":"https://www.daiso.co.kr/cs/shop"}},{"type":"Feature","geometry":{"type":"Point","coordinates":[126.721301617798,37.4015283362448]},"properties":{"name":"인천논현점","address":"인천광역시 남동구 논고개로123번길 45 (논현동)1~2층","phone":"1522-4400","hours":"10:00–22:00","openingDate":"20111007","region":"인천","options":["주차","현금없는매장","네임 스티커","심카드","포인트 적립가능","포인트 사용가능","매장픽업"],"source":"㈜아성다이소 공식 매장검색","sourceUrl":"https://www.daiso.co.kr/cs/shop"}},{"type":"Feature","geometry":{"type":"Point","coordinates":[126.674925872537,37.5939779912092]},"properties":{"name":"인천당하점","address":"인천광역시 서구 원당대로 663 (마전동)1~2층","phone":"1522-4400","hours":"10:00–22:00","openingDate":"20110130","region":"인천","options":["주차","출입구 경사로","포토 스티커","네임 스티커","심카드","포인트 적립가능","포인트 사용가능","매장픽업"],"source":"㈜아성다이소 공식 매장검색","sourceUrl":"https://www.daiso.co.kr/cs/shop"}},{"type":"Feature","geometry":{"type":"Point","coordinates":[126.636861446948,37.3824843702962]},"properties":{"name":"인천대입구역점","address":"인천광역시 연수구 벤처로 10 (송도동)2층","phone":"1522-4400","hours":"10:00–22:00","openingDate":"20210512","region":"인천","options":["주차","엘리베이터","현금없는매장","네임 스티커","택스리펀드","포인트 적립가능","포인트 사용가능"],"source":"㈜아성다이소 공식 매장검색","sourceUrl":"https://www.daiso.co.kr/cs/shop"}},{"type":"Feature","geometry":{"type":"Point","coordinates":[126.668628333392,37.4730946944473]},"properties":{"name":"인천도화동점","address":"인천광역시 미추홀구 염전로 254 (도화동)1~3층","phone":"1522-4400","hours":"10:00–22:00","openingDate":"20180623","region":"인천","options":["주차","출입구 경사로","엘리베이터","포토 스티커","네임 스티커","심카드","포인트 적립가능","포인트 사용가능","매장픽업"],"source":"㈜아성다이소 공식 매장검색","sourceUrl":"https://www.daiso.co.kr/cs/shop"}},{"type":"Feature","geometry":{"type":"Point","coordinates":[126.66704822839,37.4086523674774]},"properties":{"name":"인천동춘점","address":"인천광역시 연수구 먼우금로83번길 12(동춘동, 건영아파트)B1층","phone":"032-822-8628","hours":"10:00–22:00","openingDate":"20161117","region":"인천","options":["주차","포인트 적립가능","포인트 사용가능","고유가지원금"],"source":"㈜아성다이소 공식 매장검색","sourceUrl":"https://www.daiso.co.kr/cs/shop"}},{"type":"Feature","geometry":{"type":"Point","coordinates":[126.737883512095,37.4436642232594]},"properties":{"name":"인천만수3지구점","address":"인천광역시 남동구 장승남로 51(만수동)1~2층","phone":"032-765-4700","hours":"10:00–22:00","openingDate":"20121105","region":"인천","options":["포인트 적립가능","포인트 사용가능","고유가지원금"],"source":"㈜아성다이소 공식 매장검색","sourceUrl":"https://www.daiso.co.kr/cs/shop"}},{"type":"Feature","geometry":{"type":"Point","coordinates":[126.725375607662,37.4558463250556]},"properties":{"name":"인천만수5동점","address":"인천광역시 남동구 구월로 311 (만수동)B1층","phone":"1522-4400","hours":"10:00–22:00","openingDate":"20250319","region":"인천","options":["주차","엘리베이터","포토 스티커","네임 스티커","포인트 적립가능","포인트 사용가능","매장픽업"],"source":"㈜아성다이소 공식 매장검색","sourceUrl":"https://www.daiso.co.kr/cs/shop"}},{"type":"Feature","geometry":{"type":"Point","coordinates":[126.737306380057,37.4634142686311]},"properties":{"name":"인천만수점","address":"인천광역시 남동구 만수로94번길 5 (만수동)B1층","phone":"032-466-1046","hours":"10:00–22:00","openingDate":"20101116","region":"인천","options":["포인트 적립가능","포인트 사용가능"],"source":"㈜아성다이소 공식 매장검색","sourceUrl":"https://www.daiso.co.kr/cs/shop"}},{"type":"Feature","geometry":{"type":"Point","coordinates":[126.721361706786,37.455300828466]},"properties":{"name":"인천모래내시장점","address":"인천광역시 남동구 복개서로97번길 19 (구월동)1~3층","phone":"1522-4400","hours":"10:00–22:00","openingDate":"20090928","region":"인천","options":["포토 스티커","네임 스티커","심카드","포인트 적립가능","포인트 사용가능","매장픽업"],"source":"㈜아성다이소 공식 매장검색","sourceUrl":"https://www.daiso.co.kr/cs/shop"}},{"type":"Feature","geometry":{"type":"Point","coordinates":[126.734980637276,37.5037650492197]},"properties":{"name":"인천부개3동점","address":"인천광역시 부평구 길주남로 120-1(부개동)1~2층","phone":"070-4224-3456","hours":"09:00–22:30","openingDate":"20170120","region":"인천","options":["주차","포인트 적립가능","포인트 사용가능"],"source":"㈜아성다이소 공식 매장검색","sourceUrl":"https://www.daiso.co.kr/cs/shop"}},{"type":"Feature","geometry":{"type":"Point","coordinates":[126.726195618803,37.4967420545817]},"properties":{"name":"인천부평시장점","address":"인천 부평구 부흥로316번길 33B1층","phone":"032-514-6016","hours":"10:00–22:00","openingDate":"20160129","region":"인천","options":["주차","포인트 적립가능","포인트 사용가능"],"source":"㈜아성다이소 공식 매장검색","sourceUrl":"https://www.daiso.co.kr/cs/shop"}},{"type":"Feature","geometry":{"type":"Point","coordinates":[126.68363742927,37.6129111223837]},"properties":{"name":"인천불로동점","address":"인천광역시 서구 검단로 747 (불로동)1~2층","phone":"1522-4400","hours":"10:00–22:00","openingDate":"20180429","region":"인천","options":["주차","출입구 경사로","엘리베이터","현금없는매장","네임 스티커","심카드","포인트 적립가능","포인트 사용가능","매장픽업"],"source":"㈜아성다이소 공식 매장검색","sourceUrl":"https://www.daiso.co.kr/cs/shop"}},{"type":"Feature","geometry":{"type":"Point","coordinates":[126.703824453719,37.5080869407335]},"properties":{"name":"인천산곡역점","address":"인천광역시 부평구 마장로 338(산곡동)B1~2층","phone":"1522-4400","hours":"10:00–22:00","openingDate":"20221209","region":"인천","options":["주차","출입구 경사로","엘리베이터","포토 스티커","포인트 적립가능","포인트 사용가능","매장픽업"],"source":"㈜아성다이소 공식 매장검색","sourceUrl":"https://www.daiso.co.kr/cs/shop"}},{"type":"Feature","geometry":{"type":"Point","coordinates":[126.703308261518,37.5129440248837]},"properties":{"name":"인천산곡점","address":"인천광역시 부평구 세월천로 55(산곡동)B1층","phone":"032-511-6016","hours":"08:00–23:00","openingDate":"20170912","region":"인천","options":["주차","포인트 적립가능","포인트 사용가능"],"source":"㈜아성다이소 공식 매장검색","sourceUrl":"https://www.daiso.co.kr/cs/shop"}},{"type":"Feature","geometry":{"type":"Point","coordinates":[126.750705369042,37.4224647010004]},"properties":{"name":"인천서창점","address":"인천광역시 남동구 서창방산로 55 (서창동)1~2층","phone":"1522-4400","hours":"10:00–22:00","openingDate":"20161211","region":"인천","options":["주차","엘리베이터","포토 스티커","네임 스티커","심카드","포인트 적립가능","포인트 사용가능","매장픽업"],"source":"㈜아성다이소 공식 매장검색","sourceUrl":"https://www.daiso.co.kr/cs/shop"}},{"type":"Feature","geometry":{"type":"Point","coordinates":[126.671866075548,37.5036940782749]},"properties":{"name":"인천석남동점","address":"인천광역시 서구 가정로 211 (석남동)1~4층","phone":"1522-4400","hours":"10:00–22:00","openingDate":"20180728","region":"인천","options":["엘리베이터","네임 스티커","심카드","포인트 적립가능","포인트 사용가능","매장픽업"],"source":"㈜아성다이소 공식 매장검색","sourceUrl":"https://www.daiso.co.kr/cs/shop"}},{"type":"Feature","geometry":{"type":"Point","coordinates":[126.689203312634,37.4594369046983]},"properties":{"name":"인천석바위점","address":"인천광역시 미추홀구 경원대로 857-1 (주안동)1~2층","phone":"1522-4400","hours":"10:00–22:00","openingDate":"20111121","region":"인천","options":["출입구 경사로","심카드","포인트 적립가능","포인트 사용가능","매장픽업"],"source":"㈜아성다이소 공식 매장검색","sourceUrl":"https://www.daiso.co.kr/cs/shop"}},{"type":"Feature","geometry":{"type":"Point","coordinates":[126.651896915729,37.396611332624]},"properties":{"name":"인천송도1호점","address":"인천광역시 연수구 컨벤시아대로 55 (송도동, 송도이안)1~2층","phone":"1522-4400","hours":"10:00–22:00","openingDate":"20120817","region":"인천","options":["주차","포토 스티커","네임 스티커","심카드","택스리펀드","포인트 적립가능","포인트 사용가능","매장픽업"],"source":"㈜아성다이소 공식 매장검색","sourceUrl":"https://www.daiso.co.kr/cs/shop"}},{"type":"Feature","geometry":{"type":"Point","coordinates":[126.647732816181,37.3970486983345]},"properties":{"name":"인천송도2호점","address":"인천광역시 연수구 신송로 165-17 (송도동)B1~1층","phone":"1522-4400","hours":"10:00–22:00","openingDate":"20240731","region":"인천","options":["주차","출입구 경사로","현금없는매장","포토 스티커","네임 스티커","포인트 적립가능","포인트 사용가능","매장픽업"],"source":"㈜아성다이소 공식 매장검색","sourceUrl":"https://www.daiso.co.kr/cs/shop"}},{"type":"Feature","geometry":{"type":"Point","coordinates":[126.644627226235,37.4771770509992]},"properties":{"name":"인천송림점","address":"인천광역시 동구 샛골로 165 (송림동)1~2층","phone":"1522-4400","hours":"10:00–22:00","openingDate":"20110330","region":"인천","options":["출입구 경사로","심카드","포인트 적립가능","포인트 사용가능"],"source":"㈜아성다이소 공식 매장검색","sourceUrl":"https://www.daiso.co.kr/cs/shop"}},{"type":"Feature","geometry":{"type":"Point","coordinates":[126.680365444021,37.4506412846237]},"properties":{"name":"인천신기사거리점","address":"인천광역시 미추홀구 미추홀대로 594 (주안동)B1~1층","phone":"1522-4400","hours":"10:00–22:00","openingDate":"20170318","region":"인천","options":["주차","네임 스티커","심카드","포인트 적립가능","포인트 사용가능","매장픽업"],"source":"㈜아성다이소 공식 매장검색","sourceUrl":"https://www.daiso.co.kr/cs/shop"}},{"type":"Feature","geometry":{"type":"Point","coordinates":[126.677007951582,37.5418425778279]},"properties":{"name":"인천심곡동점","address":"인천광역시 서구 서곶로 272 (심곡동)1~4층","phone":"1522-4400","hours":"10:00–22:00","openingDate":"20181031","region":"인천","options":["엘리베이터","네임 스티커","심카드","포인트 적립가능","포인트 사용가능","매장픽업"],"source":"㈜아성다이소 공식 매장검색","sourceUrl":"https://www.daiso.co.kr/cs/shop"}},{"type":"Feature","geometry":{"type":"Point","coordinates":[126.603801412899,37.4559062829511]},"properties":{"name":"인천연안부두점","address":"인천 중구 연안부두로 17-2 (항동7가)1~2층","phone":"032-881-2047","hours":"08:00–22:00","openingDate":"20221112","region":"인천","options":["포인트 적립가능","포인트 사용가능","고유가지원금"],"source":"㈜아성다이소 공식 매장검색","sourceUrl":"https://www.daiso.co.kr/cs/shop"}},{"type":"Feature","geometry":{"type":"Point","coordinates":[126.692161255348,37.4755643950953]},"properties":{"name":"인천열우물사거리점","address":"인천광역시 부평구 경원대로 1041(십정동)1~2층","phone":"1522-4400","hours":"10:00–22:00","openingDate":"20210813","region":"인천","options":["주차","출입구 경사로","엘리베이터","현금없는매장","네임 스티커","포인트 적립가능","포인트 사용가능","매장픽업"],"source":"㈜아성다이소 공식 매장검색","sourceUrl":"https://www.daiso.co.kr/cs/shop"}},{"type":"Feature","geometry":{"type":"Point","coordinates":[126.647263278634,37.424622419431]},"properties":{"name":"인천옥련시장점","address":"인천광역시 연수구 독배로40번길 43 (옥련동)B1~2층","phone":"1522-4400","hours":"10:00–22:00","openingDate":"20120928","region":"인천","options":["출입구 경사로","네임 스티커","심카드","포인트 적립가능","포인트 사용가능","매장픽업"],"source":"㈜아성다이소 공식 매장검색","sourceUrl":"https://www.daiso.co.kr/cs/shop"}},{"type":"Feature","geometry":{"type":"Point","coordinates":[126.638544975932,37.4527867283954]},"properties":{"name":"인천용현5동점","address":"인천광역시 미추홀구 토금남로 30 (용현동)1~3층","phone":"032-891-6016","hours":"10:00–22:00","openingDate":"20150330","region":"인천","options":["포인트 적립가능","포인트 사용가능"],"source":"㈜아성다이소 공식 매장검색","sourceUrl":"https://www.daiso.co.kr/cs/shop"}},{"type":"Feature","geometry":{"type":"Point","coordinates":[126.649029810543,37.4578312715439]},"properties":{"name":"인천용현시장점","address":"인천광역시 미추홀구 독배로 429-1(용현동)1~2층","phone":"032-888-7078","hours":"10:00–22:00","openingDate":"20180410","region":"인천","options":["포인트 적립가능","포인트 사용가능","고유가지원금"],"source":"㈜아성다이소 공식 매장검색","sourceUrl":"https://www.daiso.co.kr/cs/shop"}},{"type":"Feature","geometry":{"type":"Point","coordinates":[126.493104006711,37.4947572201185]},"properties":{"name":"인천운서동점","address":"인천광역시 중구 영종대로 124 (운서동)1~3층","phone":"1522-4400","hours":"10:00–22:00","openingDate":"20190406","region":"인천","options":["주차","네임 스티커","심카드","택스리펀드","포인트 적립가능","포인트 사용가능","매장픽업"],"source":"㈜아성다이소 공식 매장검색","sourceUrl":"https://www.daiso.co.kr/cs/shop"}},{"type":"Feature","geometry":{"type":"Point","coordinates":[126.733709528815,37.528572788038]},"properties":{"name":"인천작전동점","address":"인천광역시 계양구 장제로 682 (작전동)1~3층","phone":"1522-4400","hours":"10:00–22:00","openingDate":"20251205","region":"인천","options":["주차","출입구 경사로","엘리베이터","포토 스티커","네임 스티커","포인트 적립가능","포인트 사용가능","매장픽업"],"source":"㈜아성다이소 공식 매장검색","sourceUrl":"https://www.daiso.co.kr/cs/shop"}},{"type":"Feature","geometry":{"type":"Point","coordinates":[126.681381198441,37.4643933339683]},"properties":{"name":"인천주안역점","address":"인천광역시 미추홀구 주안로 103-14 (주안동)B1~3층","phone":"1522-4400","hours":"10:00–22:00","openingDate":"20190821","region":"인천","options":["엘리베이터","포토 스티커","네임 스티커","심카드","포인트 적립가능","포인트 사용가능","매장픽업"],"source":"㈜아성다이소 공식 매장검색","sourceUrl":"https://www.daiso.co.kr/cs/shop"}},{"type":"Feature","geometry":{"type":"Point","coordinates":[126.645724498503,37.5320884231377]},"properties":{"name":"인천청라2호점","address":"인천광역시 서구 청라커낼로260번길 11 (청라동)1~2층","phone":"1522-4400","hours":"10:00–22:00","openingDate":"20180620","region":"인천","options":["주차","현금없는매장","네임 스티커","심카드","포인트 적립가능","포인트 사용가능","매장픽업"],"source":"㈜아성다이소 공식 매장검색","sourceUrl":"https://www.daiso.co.kr/cs/shop"}},{"type":"Feature","geometry":{"type":"Point","coordinates":[126.656824882252,37.5333948505516]},"properties":{"name":"인천청라3호점","address":"인천광역시 서해구 청라에메랄드로 94 (청라동)1층","phone":"1522-4400","hours":"10:00–22:00","openingDate":"20260807","region":"인천","options":["주차","현금없는매장","포토 스티커","네임 스티커","포인트 적립가능","포인트 사용가능"],"source":"㈜아성다이소 공식 매장검색","sourceUrl":"https://www.daiso.co.kr/cs/shop"}},{"type":"Feature","geometry":{"type":"Point","coordinates":[126.670341797347,37.4231601899542]},"properties":{"name":"인천청학동점","address":"인천광역시 연수구 용담로 11 (청학동)B1층","phone":"032-821-6016","hours":"10:00–22:00","openingDate":"20190408","region":"인천","options":["주차","포인트 적립가능","포인트 사용가능","고유가지원금"],"source":"㈜아성다이소 공식 매장검색","sourceUrl":"https://www.daiso.co.kr/cs/shop"}},{"type":"Feature","geometry":{"type":"Point","coordinates":[126.708729397782,37.403179964695]},"properties":{"name":"인천호구포점","address":"인천광역시 남동구 논현로 20 (논현동)2층","phone":"032-428-5500","hours":"09:00–22:00","openingDate":"20190612","region":"인천","options":["포인트 적립가능","포인트 사용가능","고유가지원금"],"source":"㈜아성다이소 공식 매장검색","sourceUrl":"https://www.daiso.co.kr/cs/shop"}},{"type":"Feature","geometry":{"type":"Point","coordinates":[126.656306868613,37.4515037008635]},"properties":{"name":"인하대점","address":"인천광역시 미추홀구 인하로 71 (용현동)B1~4층","phone":"1522-4400","hours":"10:00–22:00","openingDate":"20150914","region":"인천","options":["현금없는매장","포토 스티커","심카드","택스리펀드","포인트 적립가능","포인트 사용가능","매장픽업"],"source":"㈜아성다이소 공식 매장검색","sourceUrl":"https://www.daiso.co.kr/cs/shop"}},{"type":"Feature","geometry":{"type":"Point","coordinates":[126.722569611095,37.5303126519591]},"properties":{"name":"작전역점","address":"인천광역시 계양구 계양대로 지하 73 (작전동)1층","phone":"1522-4400","hours":"10:00–22:00","openingDate":"20071003","region":"인천","options":["현금없는매장","네임 스티커","심카드","포인트 적립가능","포인트 사용가능","매장픽업"],"source":"㈜아성다이소 공식 매장검색","sourceUrl":"https://www.daiso.co.kr/cs/shop"}},{"type":"Feature","geometry":{"type":"Point","coordinates":[126.673366893105,37.5189181195988]},"properties":{"name":"정서진중앙시장점","address":"인천광역시 서구 가정로 382 (가정동)B1층","phone":"032-575-6016","hours":"10:00–22:00","openingDate":"20140813","region":"인천","options":["주차","포인트 적립가능","포인트 사용가능","고유가지원금"],"source":"㈜아성다이소 공식 매장검색","sourceUrl":"https://www.daiso.co.kr/cs/shop"}},{"type":"Feature","geometry":{"type":"Point","coordinates":[126.656487575771,37.4646505677171]},"properties":{"name":"제물포역점","address":"인천광역시 미추홀구 수봉로 15-1(숭의동)1~3층","phone":"032-881-1128","hours":"10:00–22:00","openingDate":"20110325","region":"인천","options":["포인트 적립가능","포인트 사용가능","고유가지원금"],"source":"㈜아성다이소 공식 매장검색","sourceUrl":"https://www.daiso.co.kr/cs/shop"}},{"type":"Feature","geometry":{"type":"Point","coordinates":[126.677526840235,37.4587516672774]},"properties":{"name":"주안시민지하상가점","address":"인천광역시 미추홀구 경인로 지하 343(주안동)B1층","phone":"032-875-6016","hours":"10:00–22:00","openingDate":"20160901","region":"인천","options":["포인트 적립가능","포인트 사용가능","고유가지원금"],"source":"㈜아성다이소 공식 매장검색","sourceUrl":"https://www.daiso.co.kr/cs/shop"}},{"type":"Feature","geometry":{"type":"Point","coordinates":[126.680603833441,37.4649825668815]},"properties":{"name":"주안역점","address":"인천광역시 미추홀구 주안로 95-19 (주안동)2층","phone":"1522-4400","hours":"10:00–22:00","openingDate":"20071027","region":"인천","options":["주차","엘리베이터","심카드","포인트 적립가능"],"source":"㈜아성다이소 공식 매장검색","sourceUrl":"https://www.daiso.co.kr/cs/shop"}},{"type":"Feature","geometry":{"type":"Point","coordinates":[126.670737253422,37.4976472852329]},"properties":{"name":"홈플러스가좌점","address":"인천광역시 서구 가정로151번길 11 (가좌동)3층","phone":"1522-4400","hours":"10:00–22:00","openingDate":"20191215","region":"인천","options":["주차","포인트 적립가능","포인트 사용가능"],"source":"㈜아성다이소 공식 매장검색","sourceUrl":"https://www.daiso.co.kr/cs/shop"}},{"type":"Feature","geometry":{"type":"Point","coordinates":[126.689107821779,37.4695876807099]},"properties":{"name":"홈플러스간석점","address":"인천광역시 남동구 경원대로 971 (간석동)2층","phone":"1522-4400","hours":"10:00–22:00","openingDate":"20120712","region":"인천","options":["주차","포인트 적립가능","포인트 사용가능"],"source":"㈜아성다이소 공식 매장검색","sourceUrl":"https://www.daiso.co.kr/cs/shop"}},{"type":"Feature","geometry":{"type":"Point","coordinates":[126.701948519989,37.4517352890955]},"properties":{"name":"홈플러스구월점","address":"인천광역시 남동구 예술로 198 (구월동)B1층","phone":"1522-4400","hours":"10:00–22:00","openingDate":"20191201","region":"인천","options":["주차","포인트 적립가능","포인트 사용가능"],"source":"㈜아성다이소 공식 매장검색","sourceUrl":"https://www.daiso.co.kr/cs/shop"}},{"type":"Feature","geometry":{"type":"Point","coordinates":[126.656372166201,37.3802255186684]},"properties":{"name":"홈플러스송도점","address":"인천광역시 연수구 송도국제대로 165(송도동)B1층","phone":"1522-4400","hours":"10:00–22:00","openingDate":"20221018","region":"인천","options":["주차","포인트 적립가능","포인트 사용가능"],"source":"㈜아성다이소 공식 매장검색","sourceUrl":"https://www.daiso.co.kr/cs/shop"}},{"type":"Feature","geometry":{"type":"Point","coordinates":[126.650849261836,37.4470674411551]},"properties":{"name":"홈플러스인하점","address":"인천광역시 미추홀구 소성로 6 (용현동)1층","phone":"1522-4400","hours":"10:00–22:00","openingDate":"20191201","region":"인천","options":["주차","포인트 적립가능","포인트 사용가능"],"source":"㈜아성다이소 공식 매장검색","sourceUrl":"https://www.daiso.co.kr/cs/shop"}},{"type":"Feature","geometry":{"type":"Point","coordinates":[126.648742007629,37.5323738625825]},"properties":{"name":"홈플러스청라점","address":"인천광역시 서구 중봉대로 587(청라동)1층","phone":"1522-4400","hours":"10:00–22:00","openingDate":"20220216","region":"인천","options":["주차","포인트 적립가능","포인트 사용가능"],"source":"㈜아성다이소 공식 매장검색","sourceUrl":"https://www.daiso.co.kr/cs/shop"}},{"type":"Feature","geometry":{"type":"Point","coordinates":[126.767153620951,34.63799296945]},"properties":{"name":"강진중앙점","address":"전라남도 강진군 강진읍 중앙로 88B1~1층","phone":"061-433-8057","hours":"09:00–22:00","openingDate":"20220727","region":"전남","options":["포인트 적립가능","포인트 사용가능","고유가지원금"],"source":"㈜아성다이소 공식 매장검색","sourceUrl":"https://www.daiso.co.kr/cs/shop"}},{"type":"Feature","geometry":{"type":"Point","coordinates":[127.289479841785,34.6096698465173]},"properties":{"name":"고흥점","address":"전라남도 고흥군 고흥읍 고흥로 1796-81층","phone":"061-835-0588","hours":"09:00–22:00","openingDate":"20150228","region":"전남","options":["주차","포인트 적립가능","포인트 사용가능","고유가지원금"],"source":"㈜아성다이소 공식 매장검색","sourceUrl":"https://www.daiso.co.kr/cs/shop"}},{"type":"Feature","geometry":{"type":"Point","coordinates":[127.134167933667,35.2752705150459]},"properties":{"name":"곡성옥과점","address":"전라남도 곡성군 옥과면 대학로 128 (천지팰리스)1층","phone":"061-363-2600","hours":"09:00–22:00","openingDate":"20190703","region":"전남","options":["주차","포인트 적립가능","포인트 사용가능","고유가지원금"],"source":"㈜아성다이소 공식 매장검색","sourceUrl":"https://www.daiso.co.kr/cs/shop"}},{"type":"Feature","geometry":{"type":"Point","coordinates":[127.583562555451,34.9790505354477]},"properties":{"name":"광양(가맹)점","address":"전라남도 광양시 광양읍 칠성로 451~2층","phone":"061-763-6789","hours":"10:00–22:00","openingDate":"20131024","region":"전남","options":["주차","포인트 적립가능","포인트 사용가능","고유가지원금"],"source":"㈜아성다이소 공식 매장검색","sourceUrl":"https://www.daiso.co.kr/cs/shop"}},{"type":"Feature","geometry":{"type":"Point","coordinates":[127.698499554818,34.9324406000167]},"properties":{"name":"광양중동점","address":"전라남도 광양시 중마중앙로 26 (중동)1~2층","phone":"1522-4400","hours":"10:00–22:00","openingDate":"20230926","region":"전남","options":["엘리베이터","포토 스티커","포인트 적립가능","포인트 사용가능","매장픽업"],"source":"㈜아성다이소 공식 매장검색","sourceUrl":"https://www.daiso.co.kr/cs/shop"}},{"type":"Feature","geometry":{"type":"Point","coordinates":[127.590807327158,34.9698132274315]},"properties":{"name":"광양터미널점","address":"전라남도 광양시 광양읍 순광로 6881~2층","phone":"","hours":"10:00–22:00","openingDate":"20250314","region":"전남","options":["주차","포토 스티커","네임 스티커","포인트 적립가능","포인트 사용가능","매장픽업"],"source":"㈜아성다이소 공식 매장검색","sourceUrl":"https://www.daiso.co.kr/cs/shop"}},{"type":"Feature","geometry":{"type":"Point","coordinates":[127.468062758548,35.2095420204416]},"properties":{"name":"구례점","address":"전라남도 구례군 구례읍 중앙로 221층","phone":"061-781-8988","hours":"09:00–22:00","openingDate":"20130913","region":"전남","options":["주차","포인트 적립가능","포인트 사용가능","고유가지원금"],"source":"㈜아성다이소 공식 매장검색","sourceUrl":"https://www.daiso.co.kr/cs/shop"}},{"type":"Feature","geometry":{"type":"Point","coordinates":[126.850430337,35.0404105093238]},"properties":{"name":"나주남평점","address":"전라남도 나주시 남평읍 강변2길 5-91~2층","phone":"061-334-2459","hours":"10:00–22:00","openingDate":"20211120","region":"전남","options":["포인트 적립가능","포인트 사용가능"],"source":"㈜아성다이소 공식 매장검색","sourceUrl":"https://www.daiso.co.kr/cs/shop"}},{"type":"Feature","geometry":{"type":"Point","coordinates":[126.721412326108,35.050753726887]},"properties":{"name":"나주동신대점","address":"전라남도 나주시 건재로 191 (대호동)1~3층","phone":"061-332-3390","hours":"09:30–22:00","openingDate":"20200304","region":"전남","options":["포인트 적립가능","포인트 사용가능","고유가지원금"],"source":"㈜아성다이소 공식 매장검색","sourceUrl":"https://www.daiso.co.kr/cs/shop"}},{"type":"Feature","geometry":{"type":"Point","coordinates":[126.720363524091,35.0361012934086]},"properties":{"name":"나주성북점","address":"전라남도 나주시 영산로 5411 (성북동)1~2층","phone":"1522-4400","hours":"10:00–22:00","openingDate":"20260626","region":"전남","options":["주차","엘리베이터","포토 스티커","네임 스티커","포인트 적립가능","포인트 사용가능"],"source":"㈜아성다이소 공식 매장검색","sourceUrl":"https://www.daiso.co.kr/cs/shop"}},{"type":"Feature","geometry":{"type":"Point","coordinates":[126.785547468978,35.0207979229337]},"properties":{"name":"나주혁신점","address":"전라남도 나주시 빛가람로 676 (빛가람동)1~3층","phone":"1522-4400","hours":"10:00–22:00","openingDate":"20171207","region":"전남","options":["주차","엘리베이터","포토 스티커","네임 스티커","심카드","포인트 적립가능","포인트 사용가능","매장픽업"],"source":"㈜아성다이소 공식 매장검색","sourceUrl":"https://www.daiso.co.kr/cs/shop"}},{"type":"Feature","geometry":{"type":"Point","coordinates":[126.951981253455,35.3106921425106]},"properties":{"name":"담빛지구점","address":"전라남도 담양군 담양읍 태왕2로 14-41~2층","phone":"","hours":"10:00–22:00","openingDate":"20210903","region":"전남","options":["주차","포인트 적립가능","포인트 사용가능","고유가지원금"],"source":"㈜아성다이소 공식 매장검색","sourceUrl":"https://www.daiso.co.kr/cs/shop"}},{"type":"Feature","geometry":{"type":"Point","coordinates":[127.695815797391,34.936364070457]},"properties":{"name":"동광양점","address":"전라남도 광양시 광장로 142-8 (중동)1~2층","phone":"1522-4400","hours":"10:00–22:00","openingDate":"20130718","region":"전남","options":["출입구 경사로","포토 스티커","심카드","포인트 적립가능","포인트 사용가능","매장픽업"],"source":"㈜아성다이소 공식 매장검색","sourceUrl":"https://www.daiso.co.kr/cs/shop"}},{"type":"Feature","geometry":{"type":"Point","coordinates":[126.712910850706,35.0132355425778]},"properties":{"name":"롯데마트나주점","address":"전라남도 나주시 내동길 15 (송월동)1층","phone":"","hours":"10:00–22:00","openingDate":"20120503","region":"전남","options":["주차"],"source":"㈜아성다이소 공식 매장검색","sourceUrl":"https://www.daiso.co.kr/cs/shop"}},{"type":"Feature","geometry":{"type":"Point","coordinates":[126.46470959323,34.8034866385383]},"properties":{"name":"롯데마트남악점","address":"전라남도 무안군 삼향읍 남악로162번길 802층","phone":"","hours":"10:00–22:00","openingDate":"20170624","region":"전남","options":["주차"],"source":"㈜아성다이소 공식 매장검색","sourceUrl":"https://www.daiso.co.kr/cs/shop"}},{"type":"Feature","geometry":{"type":"Point","coordinates":[126.429467564879,34.7972464161629]},"properties":{"name":"롯데마트맥스목포점","address":"전라남도 목포시 원형서로 15(상동)2층","phone":"","hours":"10:00–22:00","openingDate":"20220127","region":"전남","options":["주차"],"source":"㈜아성다이소 공식 매장검색","sourceUrl":"https://www.daiso.co.kr/cs/shop"}},{"type":"Feature","geometry":{"type":"Point","coordinates":[127.721529461492,34.7283772530329]},"properties":{"name":"롯데마트여수점","address":"전라남도 여수시 국포1로 36 (국동)1층","phone":"","hours":"10:00–22:00","openingDate":"20060706","region":"전남","options":[],"source":"㈜아성다이소 공식 매장검색","sourceUrl":"https://www.daiso.co.kr/cs/shop"}},{"type":"Feature","geometry":{"type":"Point","coordinates":[127.651473773031,34.7768419949869]},"properties":{"name":"롯데마트여천점","address":"전라남도 여수시 무선로 187 (선원동)2층","phone":"","hours":"10:00–22:00","openingDate":"20090819","region":"전남","options":[],"source":"㈜아성다이소 공식 매장검색","sourceUrl":"https://www.daiso.co.kr/cs/shop"}},{"type":"Feature","geometry":{"type":"Point","coordinates":[126.393019886978,34.8030459009223]},"properties":{"name":"목포광장점","address":"전라남도 목포시 영산로 243 (용당동)1~2층","phone":"1522-4400","hours":"10:00–22:00","openingDate":"20111122","region":"전남","options":["출입구 경사로","심카드","포인트 적립가능","포인트 사용가능","매장픽업"],"source":"㈜아성다이소 공식 매장검색","sourceUrl":"https://www.daiso.co.kr/cs/shop"}},{"type":"Feature","geometry":{"type":"Point","coordinates":[126.430353220817,34.9104192187884]},"properties":{"name":"목포대점","address":"전라남도 무안군 청계면 도림길 641~2층","phone":"061-453-3994","hours":"10:00–22:00","openingDate":"20170228","region":"전남","options":["주차","포인트 적립가능","포인트 사용가능","고유가지원금"],"source":"㈜아성다이소 공식 매장검색","sourceUrl":"https://www.daiso.co.kr/cs/shop"}},{"type":"Feature","geometry":{"type":"Point","coordinates":[126.421552871247,34.8154816175001]},"properties":{"name":"목포본점","address":"전라남도 목포시 석현로 2 (석현동)1~3층","phone":"1522-4400","hours":"10:00–22:00","openingDate":"20180822","region":"전남","options":["주차","포토 스티커","네임 스티커","심카드","포인트 적립가능","포인트 사용가능","매장픽업"],"source":"㈜아성다이소 공식 매장검색","sourceUrl":"https://www.daiso.co.kr/cs/shop"}},{"type":"Feature","geometry":{"type":"Point","coordinates":[126.372460490133,34.8073195090334]},"properties":{"name":"목포북항2호점","address":"전라남도 목포시 청호로 188 (산정동)1층","phone":"061-980-9597","hours":"10:00–22:00","openingDate":"20231014","region":"전남","options":["포인트 적립가능","포인트 사용가능","고유가지원금"],"source":"㈜아성다이소 공식 매장검색","sourceUrl":"https://www.daiso.co.kr/cs/shop"}},{"type":"Feature","geometry":{"type":"Point","coordinates":[126.42936540238,34.7986409403947]},"properties":{"name":"목포상동점","address":"전남 목포시 통일대로 42 (상동)1~2층","phone":"1522-4400","hours":"10:00–22:00","openingDate":"20220831","region":"전남","options":["출입구 경사로","엘리베이터","네임 스티커","포인트 적립가능","포인트 사용가능","매장픽업"],"source":"㈜아성다이소 공식 매장검색","sourceUrl":"https://www.daiso.co.kr/cs/shop"}},{"type":"Feature","geometry":{"type":"Point","coordinates":[126.38394024929,34.7922657409728]},"properties":{"name":"목포시내점","address":"전라남도 목포시 수문로20번길 4-1(창평동)B1~4층","phone":"061-243-8585","hours":"09:00–22:00","openingDate":"20220225","region":"전남","options":["포인트 적립가능","포인트 사용가능","고유가지원금"],"source":"㈜아성다이소 공식 매장검색","sourceUrl":"https://www.daiso.co.kr/cs/shop"}},{"type":"Feature","geometry":{"type":"Point","coordinates":[126.381477128592,34.80915611054]},"properties":{"name":"목포연산점","address":"전라남도 목포시 연산로 135 (연산동)1~2층","phone":"1522-4400","hours":"10:00–22:00","openingDate":"20210415","region":"전남","options":["주차","엘리베이터","네임 스티커","포인트 적립가능","포인트 사용가능","매장픽업"],"source":"㈜아성다이소 공식 매장검색","sourceUrl":"https://www.daiso.co.kr/cs/shop"}},{"type":"Feature","geometry":{"type":"Point","coordinates":[126.446698772435,34.8117313898479]},"properties":{"name":"목포옥암점","address":"전라남도 목포시 후광대로 128 (옥암동)B1~2층","phone":"1522-4400","hours":"10:00–22:00","openingDate":"20170728","region":"전남","options":["주차","출입구 경사로","포토 스티커","네임 스티커","심카드","포인트 적립가능","포인트 사용가능","매장픽업"],"source":"㈜아성다이소 공식 매장검색","sourceUrl":"https://www.daiso.co.kr/cs/shop"}},{"type":"Feature","geometry":{"type":"Point","coordinates":[126.399835085979,34.8173565255537]},"properties":{"name":"목포용해점","address":"전남 목포시 용당로 3441층","phone":"061-274-7000","hours":"10:00–22:00","openingDate":"20210731","region":"전남","options":["포인트 적립가능","포인트 사용가능"],"source":"㈜아성다이소 공식 매장검색","sourceUrl":"https://www.daiso.co.kr/cs/shop"}},{"type":"Feature","geometry":{"type":"Point","coordinates":[126.423790039701,34.8019817503084]},"properties":{"name":"목포하당점","address":"전라남도 목포시 비파로51번길 30 (상동)1~3층","phone":"1522-4400","hours":"10:00–22:00","openingDate":"20110630","region":"전남","options":["출입구 경사로","포토 스티커","네임 스티커","심카드","포인트 적립가능","포인트 사용가능","매장픽업"],"source":"㈜아성다이소 공식 매장검색","sourceUrl":"https://www.daiso.co.kr/cs/shop"}},{"type":"Feature","geometry":{"type":"Point","coordinates":[126.464251994066,34.8050803710306]},"properties":{"name":"무안남악점","address":"전라남도 무안군 삼향읍 남악로 2341~2층","phone":"1522-4400","hours":"10:00–22:00","openingDate":"20230524","region":"전남","options":["주차","포토 스티커","포인트 적립가능","포인트 사용가능","매장픽업"],"source":"㈜아성다이소 공식 매장검색","sourceUrl":"https://www.daiso.co.kr/cs/shop"}},{"type":"Feature","geometry":{"type":"Point","coordinates":[126.473137238193,34.9864476755784]},"properties":{"name":"무안성남점","address":"전라남도 무안군 무안읍 면성1길 1311~2층","phone":"061-453-7773","hours":"09:00–22:00","openingDate":"20121201","region":"전남","options":["주차","포인트 적립가능","포인트 사용가능"],"source":"㈜아성다이소 공식 매장검색","sourceUrl":"https://www.daiso.co.kr/cs/shop"}},{"type":"Feature","geometry":{"type":"Point","coordinates":[127.343979607963,34.8458504591538]},"properties":{"name":"벌교점","address":"전라남도 보성군 벌교읍 채동선로 2681층","phone":"","hours":"08:00–22:00","openingDate":"20180401","region":"전남","options":["주차","포인트 적립가능","포인트 사용가능","고유가지원금"],"source":"㈜아성다이소 공식 매장검색","sourceUrl":"https://www.daiso.co.kr/cs/shop"}},{"type":"Feature","geometry":{"type":"Point","coordinates":[127.082410245576,34.7681468814445]},"properties":{"name":"보성점","address":"전라남도 보성군 보성읍 현충로 99-11~2층","phone":"061-852-4977","hours":"09:00–22:00","openingDate":"20170311","region":"전남","options":["주차","포인트 적립가능","포인트 사용가능","고유가지원금"],"source":"㈜아성다이소 공식 매장검색","sourceUrl":"https://www.daiso.co.kr/cs/shop"}},{"type":"Feature","geometry":{"type":"Point","coordinates":[126.377986148453,34.748123430868]},"properties":{"name":"삼호용당점","address":"전라남도 영암군 삼호읍 신항1로 7-121층","phone":"061-463-3005","hours":"10:00–22:00","openingDate":"20250930","region":"전남","options":["주차","포인트 적립가능","포인트 사용가능","고유가지원금"],"source":"㈜아성다이소 공식 매장검색","sourceUrl":"https://www.daiso.co.kr/cs/shop"}},{"type":"Feature","geometry":{"type":"Point","coordinates":[127.482592308491,34.973905552948]},"properties":{"name":"순천대점","address":"전라남도 순천시 중앙로 320 (가곡동)1~2층","phone":"061-753-2255","hours":"10:00–22:00","openingDate":"20180306","region":"전남","options":["포인트 적립가능","포인트 사용가능","고유가지원금"],"source":"㈜아성다이소 공식 매장검색","sourceUrl":"https://www.daiso.co.kr/cs/shop"}},{"type":"Feature","geometry":{"type":"Point","coordinates":[127.504480400589,34.9877148840542]},"properties":{"name":"순천서면점","address":"전라남도 순천시 서면 삼산로 2911~2층","phone":"1522-4400","hours":"10:00–22:00","openingDate":"20240605","region":"전남","options":["주차","엘리베이터","현금없는매장","네임 스티커","포인트 적립가능","포인트 사용가능","매장픽업"],"source":"㈜아성다이소 공식 매장검색","sourceUrl":"https://www.daiso.co.kr/cs/shop"}},{"type":"Feature","geometry":{"type":"Point","coordinates":[127.548156471569,34.9340374153837]},"properties":{"name":"순천신대점","address":"전라남도 순천시 해룡면 향매로 791~2층","phone":"061-722-2022","hours":"09:00–22:00","openingDate":"20160407","region":"전남","options":["포인트 적립가능","포인트 사용가능"],"source":"㈜아성다이소 공식 매장검색","sourceUrl":"https://www.daiso.co.kr/cs/shop"}},{"type":"Feature","geometry":{"type":"Point","coordinates":[127.494463626048,34.9344708825659]},"properties":{"name":"순천오천점","address":"전라남도 순천시 오천6길 10(오천동)1~2층","phone":"061-746-8989","hours":"10:00–22:00","openingDate":"20190101","region":"전남","options":["포인트 적립가능","포인트 사용가능","고유가지원금"],"source":"㈜아성다이소 공식 매장검색","sourceUrl":"https://www.daiso.co.kr/cs/shop"}},{"type":"Feature","geometry":{"type":"Point","coordinates":[127.520919704508,34.9662855140374]},"properties":{"name":"순천왕지점","address":"전라남도 순천시 백강로 367 (조례동)2층","phone":"1522-4400","hours":"10:00–22:00","openingDate":"20210513","region":"전남","options":["주차","엘리베이터","포토 스티커","네임 스티커","포인트 적립가능","포인트 사용가능","매장픽업"],"source":"㈜아성다이소 공식 매장검색","sourceUrl":"https://www.daiso.co.kr/cs/shop"}},{"type":"Feature","geometry":{"type":"Point","coordinates":[127.520811629122,34.9510560461311]},"properties":{"name":"순천점","address":"전라남도 순천시 연향3로 43(연향동)1~3층","phone":"061-723-0878","hours":"09:00–23:00","openingDate":"20070224","region":"전남","options":["주차","포인트 적립가능","포인트 사용가능"],"source":"㈜아성다이소 공식 매장검색","sourceUrl":"https://www.daiso.co.kr/cs/shop"}},{"type":"Feature","geometry":{"type":"Point","coordinates":[127.517550188069,34.9605088487608]},"properties":{"name":"순천조례점","address":"전라남도 순천시 신월큰길 33 (조례동)1~2층","phone":"","hours":"10:00–22:00","openingDate":"20200901","region":"전남","options":["포인트 적립가능","포인트 사용가능","고유가지원금"],"source":"㈜아성다이소 공식 매장검색","sourceUrl":"https://www.daiso.co.kr/cs/shop"}},{"type":"Feature","geometry":{"type":"Point","coordinates":[127.484509652875,34.9535728423235]},"properties":{"name":"순천중앙시장점","address":"전라남도 순천시 중앙시장길 7 (남내동)1~3층","phone":"1522-4400","hours":"10:00–22:00","openingDate":"20160707","region":"전남","options":["출입구 경사로","포토 스티커","심카드","포인트 적립가능","포인트 사용가능","매장픽업"],"source":"㈜아성다이소 공식 매장검색","sourceUrl":"https://www.daiso.co.kr/cs/shop"}},{"type":"Feature","geometry":{"type":"Point","coordinates":[127.508840114132,34.9417833707841]},"properties":{"name":"순천풍덕점","address":"전라남도 순천시 팔마로 197-6 (덕암동)1~2층","phone":"1522-4400","hours":"10:00–22:00","openingDate":"20181129","region":"전남","options":["주차","출입구 경사로","엘리베이터","포토 스티커","네임 스티커","심카드","포인트 적립가능","포인트 사용가능","매장픽업"],"source":"㈜아성다이소 공식 매장검색","sourceUrl":"https://www.daiso.co.kr/cs/shop"}},{"type":"Feature","geometry":{"type":"Point","coordinates":[127.732629958071,34.7413923364325]},"properties":{"name":"여수교동점","address":"전라남도 여수시 진남상가길 40 (교동)1~2층","phone":"1522-4400","hours":"10:00–22:00","openingDate":"20100424","region":"전남","options":["출입구 경사로","심카드","포인트 적립가능","포인트 사용가능","매장픽업"],"source":"㈜아성다이소 공식 매장검색","sourceUrl":"https://www.daiso.co.kr/cs/shop"}},{"type":"Feature","geometry":{"type":"Point","coordinates":[127.750517306667,34.7205612285528]},"properties":{"name":"여수돌산점","address":"전남 여수시 돌산읍 강남로 51 (우두리)1~3층","phone":"061-644-1116","hours":"10:00–22:00","openingDate":"20210917","region":"전남","options":["포인트 적립가능","포인트 사용가능","고유가지원금"],"source":"㈜아성다이소 공식 매장검색","sourceUrl":"https://www.daiso.co.kr/cs/shop"}},{"type":"Feature","geometry":{"type":"Point","coordinates":[127.708855220916,34.7604373803043]},"properties":{"name":"여수문수점","address":"전라남도 여수시 좌수영로 341 (문수동)1~2층","phone":"1522-4400","hours":"10:00–22:00","openingDate":"20250628","region":"전남","options":["주차","엘리베이터","포토 스티커","네임 스티커","포인트 적립가능","포인트 사용가능","매장픽업"],"source":"㈜아성다이소 공식 매장검색","sourceUrl":"https://www.daiso.co.kr/cs/shop"}},{"type":"Feature","geometry":{"type":"Point","coordinates":[127.705597640358,34.770538124824]},"properties":{"name":"여수미평점","address":"전라남도 여수시 미평10길 1-1(미평동)1~2층","phone":"061-654-6067","hours":"10:00–22:00","openingDate":"20160715","region":"전남","options":["주차","포인트 적립가능","포인트 사용가능","고유가지원금"],"source":"㈜아성다이소 공식 매장검색","sourceUrl":"https://www.daiso.co.kr/cs/shop"}},{"type":"Feature","geometry":{"type":"Point","coordinates":[127.693640336485,34.7838814764534]},"properties":{"name":"여수봉계점","address":"전라남도 여수시 좌수영로 682-1(봉계동)1층","phone":"061-685-1405","hours":"09:00–22:00","openingDate":"20220609","region":"전남","options":["포인트 적립가능","포인트 사용가능","고유가지원금"],"source":"㈜아성다이소 공식 매장검색","sourceUrl":"https://www.daiso.co.kr/cs/shop"}},{"type":"Feature","geometry":{"type":"Point","coordinates":[127.669021025432,34.759042502422]},"properties":{"name":"여수신기점","address":"전라남도 여수시 망마로 57(신기동)1~2층","phone":"061-682-5005","hours":"09:30–22:00","openingDate":"20130110","region":"전남","options":["주차","포인트 적립가능","포인트 사용가능","고유가지원금"],"source":"㈜아성다이소 공식 매장검색","sourceUrl":"https://www.daiso.co.kr/cs/shop"}},{"type":"Feature","geometry":{"type":"Point","coordinates":[127.712610449977,34.7274431748525]},"properties":{"name":"여수신월점","address":"전라남도 여수시 신월로 611 (신월동)1층","phone":"061-662-0050","hours":"10:00–22:00","openingDate":"20190530","region":"전남","options":["포인트 적립가능","포인트 사용가능","고유가지원금"],"source":"㈜아성다이소 공식 매장검색","sourceUrl":"https://www.daiso.co.kr/cs/shop"}},{"type":"Feature","geometry":{"type":"Point","coordinates":[127.706984311502,34.7542707253521]},"properties":{"name":"여수여서점","address":"전라남도 여수시 여문문화1길 2 (여서동)1~3층","phone":"1522-4400","hours":"10:00–22:00","openingDate":"20110525","region":"전남","options":["출입구 경사로","포토 스티커","심카드","포인트 적립가능","포인트 사용가능","매장픽업"],"source":"㈜아성다이소 공식 매장검색","sourceUrl":"https://www.daiso.co.kr/cs/shop"}},{"type":"Feature","geometry":{"type":"Point","coordinates":[127.663325738331,34.7647444431235]},"properties":{"name":"여수여천점","address":"전라남도 여수시 시청로 34 (학동)1~2층","phone":"1522-4400","hours":"10:00–22:00","openingDate":"20150724","region":"전남","options":["주차","출입구 경사로","네임 스티커","심카드","포인트 적립가능","포인트 사용가능","매장픽업"],"source":"㈜아성다이소 공식 매장검색","sourceUrl":"https://www.daiso.co.kr/cs/shop"}},{"type":"Feature","geometry":{"type":"Point","coordinates":[127.678933476044,34.7491231911347]},"properties":{"name":"여수웅천점","address":"전라남도 여수시 신월로 96 (웅천동)2층","phone":"1522-4400","hours":"10:00–22:00","openingDate":"20190726","region":"전남","options":["주차","엘리베이터","포토 스티커","네임 스티커","심카드","포인트 적립가능","포인트 사용가능","매장픽업"],"source":"㈜아성다이소 공식 매장검색","sourceUrl":"https://www.daiso.co.kr/cs/shop"}},{"type":"Feature","geometry":{"type":"Point","coordinates":[127.744882829981,34.739875150677]},"properties":{"name":"여수종화점","address":"전라남도 여수시 이순신광장로 209 (종화동)1~4층","phone":"061-665-1011","hours":"09:30–22:00","openingDate":"20181203","region":"전남","options":["포인트 적립가능","포인트 사용가능","고유가지원금"],"source":"㈜아성다이소 공식 매장검색","sourceUrl":"https://www.daiso.co.kr/cs/shop"}},{"type":"Feature","geometry":{"type":"Point","coordinates":[127.635086595735,34.7611011157377]},"properties":{"name":"여수죽림점","address":"전라남도 여수시 소라면 죽림중앙로 7-111~4층","phone":"1522-4400","hours":"10:00–22:00","openingDate":"20220430","region":"전남","options":["주차","엘리베이터","네임 스티커","포인트 적립가능","포인트 사용가능","매장픽업"],"source":"㈜아성다이소 공식 매장검색","sourceUrl":"https://www.daiso.co.kr/cs/shop"}},{"type":"Feature","geometry":{"type":"Point","coordinates":[126.452919415228,35.3561475278938]},"properties":{"name":"영광법성포점","address":"전라남도 영광군 법성면 영광로 131층","phone":"061-356-2292","hours":"08:00–22:00","openingDate":"20190720","region":"전남","options":["주차","포인트 적립가능","포인트 사용가능","고유가지원금"],"source":"㈜아성다이소 공식 매장검색","sourceUrl":"https://www.daiso.co.kr/cs/shop"}},{"type":"Feature","geometry":{"type":"Point","coordinates":[126.505070217911,35.276520618826]},"properties":{"name":"영광점","address":"전라남도 영광군 영광읍 천년로 1504-11~2층","phone":"061-351-4568","hours":"09:00–22:00","openingDate":"20121006","region":"전남","options":["주차","포인트 적립가능","포인트 사용가능","고유가지원금"],"source":"㈜아성다이소 공식 매장검색","sourceUrl":"https://www.daiso.co.kr/cs/shop"}},{"type":"Feature","geometry":{"type":"Point","coordinates":[126.460128126612,34.7508372958161]},"properties":{"name":"영암대불산단점","address":"전라남도 영암군 삼호읍 대불주거로 1261층","phone":"061-461-1041","hours":"10:00–22:00","openingDate":"20230513","region":"전남","options":["포인트 적립가능","포인트 사용가능"],"source":"㈜아성다이소 공식 매장검색","sourceUrl":"https://www.daiso.co.kr/cs/shop"}},{"type":"Feature","geometry":{"type":"Point","coordinates":[126.702791242633,34.7993204081003]},"properties":{"name":"영암점","address":"전라남도 영암군 영암읍 낭주로 1241~2층","phone":"061-473-2200","hours":"09:00–21:00","openingDate":"20220708","region":"전남","options":["포인트 적립가능","포인트 사용가능","고유가지원금"],"source":"㈜아성다이소 공식 매장검색","sourceUrl":"https://www.daiso.co.kr/cs/shop"}},{"type":"Feature","geometry":{"type":"Point","coordinates":[126.747526370174,34.3208454242097]},"properties":{"name":"완도점","address":"전라남도 완도군 완도읍 개포로 1811층","phone":"061-555-1002","hours":"09:00–22:00","openingDate":"20200701","region":"전남","options":["주차","포인트 적립가능","포인트 사용가능","고유가지원금"],"source":"㈜아성다이소 공식 매장검색","sourceUrl":"https://www.daiso.co.kr/cs/shop"}},{"type":"Feature","geometry":{"type":"Point","coordinates":[126.780244023044,35.2949307022633]},"properties":{"name":"장성점","address":"전남 장성군 장성읍 역전로 281층","phone":"061-393-1476","hours":"00:00–00:00","openingDate":"20180413","region":"전남","options":["주차","포인트 적립가능","포인트 사용가능","고유가지원금"],"source":"㈜아성다이소 공식 매장검색","sourceUrl":"https://www.daiso.co.kr/cs/shop"}},{"type":"Feature","geometry":{"type":"Point","coordinates":[126.906501391959,34.6775082392369]},"properties":{"name":"장흥점","address":"전라남도 장흥군 장흥읍 동교2길 6-11~2층","phone":"061-864-5057","hours":"09:00–22:00","openingDate":"20120918","region":"전남","options":["주차","포인트 적립가능","포인트 사용가능","고유가지원금"],"source":"㈜아성다이소 공식 매장검색","sourceUrl":"https://www.daiso.co.kr/cs/shop"}},{"type":"Feature","geometry":{"type":"Point","coordinates":[127.290902302418,35.281499589423]},"properties":{"name":"전남곡성점","address":"전라남도 곡성군 곡성읍 군청로 471층","phone":"061-362-9559","hours":"09:00–22:00","openingDate":"20200415","region":"전남","options":["포인트 적립가능","포인트 사용가능","고유가지원금"],"source":"㈜아성다이소 공식 매장검색","sourceUrl":"https://www.daiso.co.kr/cs/shop"}},{"type":"Feature","geometry":{"type":"Point","coordinates":[126.2655526912,34.4793298356124]},"properties":{"name":"진도점","address":"전라남도 진도군 진도읍 쌍정1길 6-301층","phone":"061-543-5533","hours":"09:00–22:00","openingDate":"20160407","region":"전남","options":["주차","포인트 적립가능","포인트 사용가능","고유가지원금"],"source":"㈜아성다이소 공식 매장검색","sourceUrl":"https://www.daiso.co.kr/cs/shop"}},{"type":"Feature","geometry":{"type":"Point","coordinates":[127.589706734727,34.9720595661609]},"properties":{"name":"하나로마트광양점","address":"전라남도 광양시 광양읍 신재로 101층","phone":"","hours":"08:00–22:00","openingDate":"20060623","region":"전남","options":[],"source":"㈜아성다이소 공식 매장검색","sourceUrl":"https://www.daiso.co.kr/cs/shop"}},{"type":"Feature","geometry":{"type":"Point","coordinates":[127.72252023907,34.9635637467778]},"properties":{"name":"하나로마트광영점","address":"전라남도 광양시 광포로 46 (광영동)2층","phone":"","hours":"09:00–22:00","openingDate":"20260507","region":"전남","options":["주차"],"source":"㈜아성다이소 공식 매장검색","sourceUrl":"https://www.daiso.co.kr/cs/shop"}},{"type":"Feature","geometry":{"type":"Point","coordinates":[126.785162710648,35.0169652121265]},"properties":{"name":"하나로마트금천농협빛가람점","address":"전남광주통합특별시 나주시 중야2길 24 (빛가람동)2층","phone":"","hours":"09:00–21:00","openingDate":"20260808","region":"전남","options":["주차"],"source":"㈜아성다이소 공식 매장검색","sourceUrl":"https://www.daiso.co.kr/cs/shop"}},{"type":"Feature","geometry":{"type":"Point","coordinates":[126.520475217034,35.0627505897726]},"properties":{"name":"함평점","address":"전라남도 함평군 함평읍 서부길 951~2층","phone":"061-324-4141","hours":"09:00–22:00","openingDate":"20200827","region":"전남","options":["포인트 적립가능","포인트 사용가능","고유가지원금"],"source":"㈜아성다이소 공식 매장검색","sourceUrl":"https://www.daiso.co.kr/cs/shop"}},{"type":"Feature","geometry":{"type":"Point","coordinates":[126.598076459188,34.5721927772919]},"properties":{"name":"해남중앙점","address":"전라남도 해남군 해남읍 중앙1로 1701~2층","phone":"","hours":"10:00–22:00","openingDate":"20180803","region":"전남","options":["주차","포인트 적립가능","포인트 사용가능"],"source":"㈜아성다이소 공식 매장검색","sourceUrl":"https://www.daiso.co.kr/cs/shop"}},{"type":"Feature","geometry":{"type":"Point","coordinates":[127.694140701816,34.9285053189819]},"properties":{"name":"홈플러스광양점","address":"전라남도 광양시 항만11로 70 (중동)1층","phone":"1522-4400","hours":"10:00–22:00","openingDate":"20140811","region":"전남","options":["주차","포인트 적립가능","포인트 사용가능"],"source":"㈜아성다이소 공식 매장검색","sourceUrl":"https://www.daiso.co.kr/cs/shop"}},{"type":"Feature","geometry":{"type":"Point","coordinates":[126.989754419016,35.0606226876501]},"properties":{"name":"화순점","address":"전라남도 화순군 화순읍 중앙로 751~2층","phone":"061-375-7222","hours":"10:00–22:00","openingDate":"20150403","region":"전남","options":["주차","포인트 적립가능","포인트 사용가능"],"source":"㈜아성다이소 공식 매장검색","sourceUrl":"https://www.daiso.co.kr/cs/shop"}},{"type":"Feature","geometry":{"type":"Point","coordinates":[126.697459488262,35.434983422671]},"properties":{"name":"고창점","address":"전라북도 고창군 고창읍 중앙로 2001층","phone":"063-564-1462","hours":"09:30–22:00","openingDate":"20220402","region":"전북","options":["포인트 적립가능","포인트 사용가능"],"source":"㈜아성다이소 공식 매장검색","sourceUrl":"https://www.daiso.co.kr/cs/shop"}},{"type":"Feature","geometry":{"type":"Point","coordinates":[126.7340073805129,35.98316072123793]},"properties":{"name":"군산경암점","address":"전라북도 군산시 구암3.1로 149 (경암동)1층","phone":"1522-4400","hours":"10:00–22:00","openingDate":"20230531","region":"전북","options":["주차","포토 스티커","포인트 적립가능","포인트 사용가능","매장픽업"],"source":"㈜아성다이소 공식 매장검색","sourceUrl":"https://www.daiso.co.kr/cs/shop"}},{"type":"Feature","geometry":{"type":"Point","coordinates":[126.701168087602,35.9619580464297]},"properties":{"name":"군산나운2동사거리점","address":"전라북도 군산시 공단대로 372(나운동)1~2층","phone":"063-471-1191","hours":"09:00–22:00","openingDate":"20130727","region":"전북","options":["주차","포인트 적립가능","포인트 사용가능","고유가지원금"],"source":"㈜아성다이소 공식 매장검색","sourceUrl":"https://www.daiso.co.kr/cs/shop"}},{"type":"Feature","geometry":{"type":"Point","coordinates":[126.697182257803,35.9687556244174]},"properties":{"name":"군산나운점","address":"전라북도 군산시 대학로 271 (나운동)1층","phone":"1522-4400","hours":"10:00–22:00","openingDate":"20100401","region":"전북","options":["심카드","포인트 적립가능","포인트 사용가능","매장픽업"],"source":"㈜아성다이소 공식 매장검색","sourceUrl":"https://www.daiso.co.kr/cs/shop"}},{"type":"Feature","geometry":{"type":"Point","coordinates":[126.68639440958,35.9452009698566]},"properties":{"name":"군산대점","address":"전라북도 군산시 황룡로 10(미룡동)1~2층","phone":"063-468-0803","hours":"10:00–22:00","openingDate":"20150821","region":"전북","options":["주차","포인트 적립가능","포인트 사용가능","고유가지원금"],"source":"㈜아성다이소 공식 매장검색","sourceUrl":"https://www.daiso.co.kr/cs/shop"}},{"type":"Feature","geometry":{"type":"Point","coordinates":[126.714503158283,35.9695300661083]},"properties":{"name":"군산본점","address":"전북특별자치도 군산시 문화로 80 (수송동)1~2층","phone":"1522-4400","hours":"10:00–22:00","openingDate":"20250530","region":"전북","options":["주차","출입구 경사로","엘리베이터","포토 스티커","네임 스티커","택스리펀드","포인트 적립가능","포인트 사용가능","매장픽업"],"source":"㈜아성다이소 공식 매장검색","sourceUrl":"https://www.daiso.co.kr/cs/shop"}},{"type":"Feature","geometry":{"type":"Point","coordinates":[126.678401662606,35.973821624097]},"properties":{"name":"군산소룡점","address":"전라북도 군산시 공단대로 629 (소룡동)1~3층","phone":"1522-4400","hours":"10:00–22:00","openingDate":"20230729","region":"전북","options":["엘리베이터","포토 스티커","포인트 적립가능","포인트 사용가능","매장픽업"],"source":"㈜아성다이소 공식 매장검색","sourceUrl":"https://www.daiso.co.kr/cs/shop"}},{"type":"Feature","geometry":{"type":"Point","coordinates":[126.558706870261,35.9456558897894]},"properties":{"name":"군산오식도점","address":"전북특별자치도 군산시 새만금북로 203 (오식도동)1~3층","phone":"063-467-2079","hours":"10:00–22:00","openingDate":"20250308","region":"전북","options":["주차","포인트 적립가능","포인트 사용가능"],"source":"㈜아성다이소 공식 매장검색","sourceUrl":"https://www.daiso.co.kr/cs/shop"}},{"type":"Feature","geometry":{"type":"Point","coordinates":[126.716141465396,35.9636662797083]},"properties":{"name":"군산점","address":"전라북도 군산시 수송로 188 (수송동)1~2층","phone":"1522-4400","hours":"10:00–22:00","openingDate":"20160331","region":"전북","options":["주차","엘리베이터","포토 스티커","네임 스티커","심카드","포인트 적립가능","포인트 사용가능","매장픽업"],"source":"㈜아성다이소 공식 매장검색","sourceUrl":"https://www.daiso.co.kr/cs/shop"}},{"type":"Feature","geometry":{"type":"Point","coordinates":[126.716319263446,35.9844636714123]},"properties":{"name":"군산중앙로점","address":"전라북도 군산시 중앙로 122 (중앙로2가)1층","phone":"1522-4400","hours":"10:00–22:00","openingDate":"20180521","region":"전북","options":["주차","출입구 경사로","심카드","포인트 적립가능","포인트 사용가능","매장픽업"],"source":"㈜아성다이소 공식 매장검색","sourceUrl":"https://www.daiso.co.kr/cs/shop"}},{"type":"Feature","geometry":{"type":"Point","coordinates":[126.883173771549,35.8060317986027]},"properties":{"name":"김제서암점","address":"전라북도 김제시 남북로 247 (서암동)1~2층","phone":"1522-4400","hours":"10:00–22:00","openingDate":"20230505","region":"전북","options":["주차","출입구 경사로","엘리베이터","포토 스티커","네임 스티커","포인트 적립가능","포인트 사용가능","매장픽업"],"source":"㈜아성다이소 공식 매장검색","sourceUrl":"https://www.daiso.co.kr/cs/shop"}},{"type":"Feature","geometry":{"type":"Point","coordinates":[126.901279670595,35.8000959084597]},"properties":{"name":"김제점","address":"전라북도 김제시 도작로 59 (신풍동)1~2층","phone":"1522-4400","hours":"10:00–22:00","openingDate":"20131206","region":"전북","options":["주차","네임 스티커","심카드","포인트 적립가능","포인트 사용가능","매장픽업"],"source":"㈜아성다이소 공식 매장검색","sourceUrl":"https://www.daiso.co.kr/cs/shop"}},{"type":"Feature","geometry":{"type":"Point","coordinates":[127.38331585685,35.4060490573002]},"properties":{"name":"남원광한루점","address":"전라북도 남원시 남문로 476(쌍교동)1~2층","phone":"063-626-8777","hours":"09:00–22:00","openingDate":"20180131","region":"전북","options":["주차","포인트 적립가능","포인트 사용가능","고유가지원금"],"source":"㈜아성다이소 공식 매장검색","sourceUrl":"https://www.daiso.co.kr/cs/shop"}},{"type":"Feature","geometry":{"type":"Point","coordinates":[127.394026442683,35.415305890597]},"properties":{"name":"남원본점","address":"전라북도 남원시 용성로 197-9 (도통동)1~2층","phone":"1522-4400","hours":"10:00–22:00","openingDate":"20200423","region":"전북","options":["엘리베이터","네임 스티커","포인트 적립가능","포인트 사용가능","매장픽업"],"source":"㈜아성다이소 공식 매장검색","sourceUrl":"https://www.daiso.co.kr/cs/shop"}},{"type":"Feature","geometry":{"type":"Point","coordinates":[127.603996734005,35.4636919469884]},"properties":{"name":"남원인월점","address":"전라북도 남원시 인월면 인월1길 791~2층","phone":"063-636-9390","hours":"09:00–22:00","openingDate":"20220723","region":"전북","options":["주차","포인트 적립가능","포인트 사용가능","고유가지원금"],"source":"㈜아성다이소 공식 매장검색","sourceUrl":"https://www.daiso.co.kr/cs/shop"}},{"type":"Feature","geometry":{"type":"Point","coordinates":[126.716412235016,35.9647983311767]},"properties":{"name":"롯데마트군산점","address":"전라북도 군산시 수송로 185 (수송동)3층","phone":"","hours":"10:00–23:00","openingDate":"20070223","region":"전북","options":["포인트 적립가능"],"source":"㈜아성다이소 공식 매장검색","sourceUrl":"https://www.daiso.co.kr/cs/shop"}},{"type":"Feature","geometry":{"type":"Point","coordinates":[127.392489728266,35.4233142013668]},"properties":{"name":"롯데마트남원점","address":"전라북도 남원시 춘향로 96 (향교동)1층","phone":"","hours":"10:00–23:00","openingDate":"20121213","region":"전북","options":["주차"],"source":"㈜아성다이소 공식 매장검색","sourceUrl":"https://www.daiso.co.kr/cs/shop"}},{"type":"Feature","geometry":{"type":"Point","coordinates":[126.974127336703,35.9590561720892]},"properties":{"name":"롯데마트익산점","address":"전라북도 익산시 무왕로 1053 (영등동)2층","phone":"","hours":"10:00–23:00","openingDate":"20230412","region":"전북","options":["주차"],"source":"㈜아성다이소 공식 매장검색","sourceUrl":"https://www.daiso.co.kr/cs/shop"}},{"type":"Feature","geometry":{"type":"Point","coordinates":[127.102755902803,35.8171749590025]},"properties":{"name":"롯데마트전주점","address":"전라북도 전주시 완산구 바우배기2길 11 (효자동2가)B1층","phone":"","hours":"10:00–23:00","openingDate":"20081127","region":"전북","options":[],"source":"㈜아성다이소 공식 매장검색","sourceUrl":"https://www.daiso.co.kr/cs/shop"}},{"type":"Feature","geometry":{"type":"Point","coordinates":[126.839791033222,35.5793445255395]},"properties":{"name":"롯데마트정읍점","address":"전라북도 정읍시 벚꽃로 85 (농소동)B1층","phone":"","hours":"10:00–23:00","openingDate":"20091222","region":"전북","options":[],"source":"㈜아성다이소 공식 매장검색","sourceUrl":"https://www.daiso.co.kr/cs/shop"}},{"type":"Feature","geometry":{"type":"Point","coordinates":[126.739141074108,35.9764130987124]},"properties":{"name":"롯데몰군산점","address":"전라북도 군산시 조촌로 130 (조촌동)3층","phone":"1522-4400","hours":"10:00–21:00","openingDate":"20180427","region":"전북","options":["주차","포인트 적립가능","포인트 사용가능"],"source":"㈜아성다이소 공식 매장검색","sourceUrl":"https://www.daiso.co.kr/cs/shop"}},{"type":"Feature","geometry":{"type":"Point","coordinates":[127.663907707085,36.0046373876659]},"properties":{"name":"무주점","address":"전라북도 무주군 무주읍 한풍루로 3471층","phone":"063-323-7789","hours":"10:00–22:00","openingDate":"20230610","region":"전북","options":["주차","포인트 적립가능","포인트 사용가능","고유가지원금"],"source":"㈜아성다이소 공식 매장검색","sourceUrl":"https://www.daiso.co.kr/cs/shop"}},{"type":"Feature","geometry":{"type":"Point","coordinates":[126.737068193629,35.7249347677697]},"properties":{"name":"부안점","address":"전라북도 부안군 부안읍 석정로 2341~2층","phone":"063-583-7218","hours":"09:00–22:00","openingDate":"20120915","region":"전북","options":["주차","포인트 적립가능","포인트 사용가능"],"source":"㈜아성다이소 공식 매장검색","sourceUrl":"https://www.daiso.co.kr/cs/shop"}},{"type":"Feature","geometry":{"type":"Point","coordinates":[127.071324665009,35.9121530196806]},"properties":{"name":"삼례점","address":"전라북도 완주군 삼례읍 삼례로 3961층","phone":"063-291-9848","hours":"10:00–22:00","openingDate":"20220416","region":"전북","options":["포인트 적립가능","포인트 사용가능","고유가지원금"],"source":"㈜아성다이소 공식 매장검색","sourceUrl":"https://www.daiso.co.kr/cs/shop"}},{"type":"Feature","geometry":{"type":"Point","coordinates":[127.140367316099,35.3770038035857]},"properties":{"name":"순창점","address":"전라북도 순창군 순창읍 장류로 3471~2층","phone":"063-653-9933","hours":"09:00–22:00","openingDate":"20101127","region":"전북","options":["포인트 적립가능","포인트 사용가능","고유가지원금"],"source":"㈜아성다이소 공식 매장검색","sourceUrl":"https://www.daiso.co.kr/cs/shop"}},{"type":"Feature","geometry":{"type":"Point","coordinates":[127.12555049139,35.9584028882484]},"properties":{"name":"완주봉동점","address":"전북특별자치도 완주군 봉동읍 과학로 10011~2층","phone":"1522-4400","hours":"10:00–22:00","openingDate":"20251121","region":"전북","options":["엘리베이터","포토 스티커","네임 스티커","포인트 적립가능","포인트 사용가능","매장픽업"],"source":"㈜아성다이소 공식 매장검색","sourceUrl":"https://www.daiso.co.kr/cs/shop"}},{"type":"Feature","geometry":{"type":"Point","coordinates":[127.023747165831,35.8276956675613]},"properties":{"name":"완주이서점","address":"전북특별자치도 완주군 이서면 지사제로 71층","phone":"","hours":"10:00–22:00","openingDate":"20240925","region":"전북","options":["포인트 적립가능","포인트 사용가능","고유가지원금"],"source":"㈜아성다이소 공식 매장검색","sourceUrl":"https://www.daiso.co.kr/cs/shop"}},{"type":"Feature","geometry":{"type":"Point","coordinates":[126.94385258577,35.946269837748]},"properties":{"name":"익산모현점","address":"전라북도 익산시 고현로 106-4 (모현동1가)1~3층","phone":"1522-4400","hours":"10:00–22:00","openingDate":"20111118","region":"전북","options":["네임 스티커","심카드","포인트 적립가능","포인트 사용가능","매장픽업"],"source":"㈜아성다이소 공식 매장검색","sourceUrl":"https://www.daiso.co.kr/cs/shop"}},{"type":"Feature","geometry":{"type":"Point","coordinates":[126.941430289798,35.951394310091]},"properties":{"name":"익산배산점","address":"전라북도 익산시 배산로 156 (모현동1가)1~3층","phone":"1522-4400","hours":"10:00–22:00","openingDate":"20190508","region":"전북","options":["주차","엘리베이터","포토 스티커","네임 스티커","심카드","포인트 적립가능","포인트 사용가능","매장픽업"],"source":"㈜아성다이소 공식 매장검색","sourceUrl":"https://www.daiso.co.kr/cs/shop"}},{"type":"Feature","geometry":{"type":"Point","coordinates":[126.994722051339,35.9599193486713]},"properties":{"name":"익산부송점","address":"전라북도 익산시 무왕로 1242 (부송동)1~2층","phone":"1522-4400","hours":"10:00–22:00","openingDate":"20210220","region":"전북","options":["주차","네임 스티커","포인트 적립가능","포인트 사용가능","매장픽업"],"source":"㈜아성다이소 공식 매장검색","sourceUrl":"https://www.daiso.co.kr/cs/shop"}},{"type":"Feature","geometry":{"type":"Point","coordinates":[126.977264855175,35.9588086059798]},"properties":{"name":"익산영등점","address":"전라북도 익산시 무왕로 1085 (영등동)1~5층","phone":"1522-4400","hours":"10:00–22:00","openingDate":"20150327","region":"전북","options":["포토 스티커","네임 스티커","심카드","포인트 적립가능","포인트 사용가능","매장픽업"],"source":"㈜아성다이소 공식 매장검색","sourceUrl":"https://www.daiso.co.kr/cs/shop"}},{"type":"Feature","geometry":{"type":"Point","coordinates":[126.956322643357,35.9309870589009]},"properties":{"name":"익산인화동점","address":"전라북도 익산시 서동로 31(인화동2가, 인화동 제이파크)1층","phone":"063-853-1230","hours":"09:30–22:00","openingDate":"20160913","region":"전북","options":["포인트 적립가능","포인트 사용가능","고유가지원금"],"source":"㈜아성다이소 공식 매장검색","sourceUrl":"https://www.daiso.co.kr/cs/shop"}},{"type":"Feature","geometry":{"type":"Point","coordinates":[126.961410046683,36.0739788449058]},"properties":{"name":"익산함열점","address":"전북특별자치도 익산시 함열읍 함낭로 487-61층","phone":"063-862-1007","hours":"10:00–22:00","openingDate":"20250125","region":"전북","options":["주차","포인트 적립가능","포인트 사용가능","고유가지원금"],"source":"㈜아성다이소 공식 매장검색","sourceUrl":"https://www.daiso.co.kr/cs/shop"}},{"type":"Feature","geometry":{"type":"Point","coordinates":[126.945707568366,35.9989657936835]},"properties":{"name":"익산황등점","address":"전라북도 익산시 황등면 황등로 741층","phone":"063-842-9988","hours":"10:00–22:00","openingDate":"20171207","region":"전북","options":["주차","포인트 적립가능","포인트 사용가능","고유가지원금"],"source":"㈜아성다이소 공식 매장검색","sourceUrl":"https://www.daiso.co.kr/cs/shop"}},{"type":"Feature","geometry":{"type":"Point","coordinates":[127.279398118241,35.6128154623755]},"properties":{"name":"임실점","address":"전라북도 임실군 임실읍 중동로 71층","phone":"063-644-6016","hours":"10:00–22:00","openingDate":"20160812","region":"전북","options":["주차","포인트 적립가능","포인트 사용가능","고유가지원금"],"source":"㈜아성다이소 공식 매장검색","sourceUrl":"https://www.daiso.co.kr/cs/shop"}},{"type":"Feature","geometry":{"type":"Point","coordinates":[127.519486072366,35.6501841378778]},"properties":{"name":"장수점","address":"전라북도 장수군 장수읍 장천로 2041층","phone":"063-351-0888","hours":"10:00–22:00","openingDate":"20190101","region":"전북","options":["포인트 적립가능","포인트 사용가능","고유가지원금"],"source":"㈜아성다이소 공식 매장검색","sourceUrl":"https://www.daiso.co.kr/cs/shop"}},{"type":"Feature","geometry":{"type":"Point","coordinates":[127.076572387923,35.8723346471189]},"properties":{"name":"전주동산점","address":"전라북도 전주시 덕진구 쪽구름1길 2 (여의동2가)1층","phone":"063-211-2819","hours":"10:00–22:00","openingDate":"20160414","region":"전북","options":["포인트 적립가능","포인트 사용가능","고유가지원금"],"source":"㈜아성다이소 공식 매장검색","sourceUrl":"https://www.daiso.co.kr/cs/shop"}},{"type":"Feature","geometry":{"type":"Point","coordinates":[127.143993924596,35.8323573367546]},"properties":{"name":"전주모래내점","address":"전라북도 전주시 덕진구 안덕원로 143(진북동)1~2층","phone":"063-271-4566","hours":"09:00–21:00","openingDate":"20180113","region":"전북","options":["주차","포인트 적립가능","포인트 사용가능","고유가지원금"],"source":"㈜아성다이소 공식 매장검색","sourceUrl":"https://www.daiso.co.kr/cs/shop"}},{"type":"Feature","geometry":{"type":"Point","coordinates":[127.146258824202,35.8196496435699]},"properties":{"name":"전주본점","address":"전라북도 전주시 완산구 팔달로 195 (고사동)1~3층","phone":"1522-4400","hours":"10:00–22:00","openingDate":"20200918","region":"전북","options":["엘리베이터","포토 스티커","네임 스티커","심카드","포인트 적립가능","포인트 사용가능","매장픽업"],"source":"㈜아성다이소 공식 매장검색","sourceUrl":"https://www.daiso.co.kr/cs/shop"}},{"type":"Feature","geometry":{"type":"Point","coordinates":[127.107594188642,35.7926672878824]},"properties":{"name":"전주삼천점","address":"전북특별자치도 전주시 완산구 천잠로 27 (삼천동2가)1~3층","phone":"1522-4400","hours":"10:00–22:00","openingDate":"20241130","region":"전북","options":["주차","엘리베이터","포토 스티커","네임 스티커","포인트 적립가능","포인트 사용가능","매장픽업"],"source":"㈜아성다이소 공식 매장검색","sourceUrl":"https://www.daiso.co.kr/cs/shop"}},{"type":"Feature","geometry":{"type":"Point","coordinates":[127.123217388102,35.8257888059908]},"properties":{"name":"전주서신2호점","address":"전라북도 전주시 완산구 백제대로 364 (서신동)1~2층","phone":"1522-4400","hours":"10:00–22:00","openingDate":"20190622","region":"전북","options":["주차","엘리베이터","네임 스티커","심카드","포인트 적립가능","포인트 사용가능","매장픽업"],"source":"㈜아성다이소 공식 매장검색","sourceUrl":"https://www.daiso.co.kr/cs/shop"}},{"type":"Feature","geometry":{"type":"Point","coordinates":[127.11449711463,35.8607693468606]},"properties":{"name":"전주송천1가행복점","address":"전라북도 전주시 덕진구 시천로 17(송천동1가)1~2층","phone":"063-255-3778","hours":"10:00–22:00","openingDate":"20180125","region":"전북","options":["주차","포인트 적립가능","포인트 사용가능","고유가지원금"],"source":"㈜아성다이소 공식 매장검색","sourceUrl":"https://www.daiso.co.kr/cs/shop"}},{"type":"Feature","geometry":{"type":"Point","coordinates":[127.127306841471,35.8643681411243]},"properties":{"name":"전주송천점","address":"전라북도 전주시 덕진구 천마산로 53 (송천동2가)1~3층","phone":"1522-4400","hours":"10:00–22:00","openingDate":"20160929","region":"전북","options":["주차","네임 스티커","심카드","포인트 적립가능","포인트 사용가능","매장픽업"],"source":"㈜아성다이소 공식 매장검색","sourceUrl":"https://www.daiso.co.kr/cs/shop"}},{"type":"Feature","geometry":{"type":"Point","coordinates":[127.109363042532,35.8148865059947]},"properties":{"name":"전주신시가지2호점","address":"전라북도 전주시 완산구 홍산중앙로 14(효자동3가)1~2층","phone":"1522-4400","hours":"10:00–22:00","openingDate":"20220430","region":"전북","options":["주차","현금없는매장","네임 스티커","포인트 적립가능","포인트 사용가능","매장픽업"],"source":"㈜아성다이소 공식 매장검색","sourceUrl":"https://www.daiso.co.kr/cs/shop"}},{"type":"Feature","geometry":{"type":"Point","coordinates":[127.102233207524,35.8248846045738]},"properties":{"name":"전주신시가지점","address":"전라북도 전주시 완산구 유연로 154 (효자동3가)1~2층","phone":"1522-4400","hours":"10:00–22:00","openingDate":"20180625","region":"전북","options":["주차","네임 스티커","심카드","포인트 적립가능","포인트 사용가능","매장픽업"],"source":"㈜아성다이소 공식 매장검색","sourceUrl":"https://www.daiso.co.kr/cs/shop"}},{"type":"Feature","geometry":{"type":"Point","coordinates":[127.125472929581,35.8753596751803]},"properties":{"name":"전주에코시티점","address":"전라북도 전주시 덕진구 과학로 65 (송천동2가)1~3층","phone":"1522-4400","hours":"10:00–22:00","openingDate":"20190405","region":"전북","options":["주차","엘리베이터","현금없는매장","포토 스티커","네임 스티커","심카드","포인트 적립가능","포인트 사용가능","매장픽업"],"source":"㈜아성다이소 공식 매장검색","sourceUrl":"https://www.daiso.co.kr/cs/shop"}},{"type":"Feature","geometry":{"type":"Point","coordinates":[127.151700112848,35.8460000076225]},"properties":{"name":"전주우아점","address":"전라북도 전주시 덕진구 백제대로 758 (인후동2가)1~2층","phone":"063-243-6016","hours":"10:00–22:00","openingDate":"20160612","region":"전북","options":["주차","포인트 적립가능","포인트 사용가능","고유가지원금"],"source":"㈜아성다이소 공식 매장검색","sourceUrl":"https://www.daiso.co.kr/cs/shop"}},{"type":"Feature","geometry":{"type":"Point","coordinates":[127.159001882571,35.8299300771986]},"properties":{"name":"전주인후2호점","address":"전라북도 전주시 덕진구 견훤로 203 (인후동1가)1~3층","phone":"1522-4400","hours":"10:00–22:00","openingDate":"20180316","region":"전북","options":["출입구 경사로","엘리베이터","네임 스티커","심카드","포인트 적립가능","포인트 사용가능","매장픽업"],"source":"㈜아성다이소 공식 매장검색","sourceUrl":"https://www.daiso.co.kr/cs/shop"}},{"type":"Feature","geometry":{"type":"Point","coordinates":[127.132062951945,35.7945112237619]},"properties":{"name":"전주평화사거리점","address":"전라북도 전주시 완산구 모악로 4763 (평화동1가)1~4층","phone":"1522-4400","hours":"10:00–22:00","openingDate":"20170413","region":"전북","options":["출입구 경사로","엘리베이터","네임 스티커","심카드","포인트 적립가능","포인트 사용가능","매장픽업"],"source":"㈜아성다이소 공식 매장검색","sourceUrl":"https://www.daiso.co.kr/cs/shop"}},{"type":"Feature","geometry":{"type":"Point","coordinates":[127.13239792586,35.7869796189629]},"properties":{"name":"전주평화점","address":"전라북도 전주시 완산구 소대배기로 20 (평화동2가)1~2층","phone":"1522-4400","hours":"10:00–22:00","openingDate":"20130516","region":"전북","options":["출입구 경사로","심카드","포인트 적립가능","포인트 사용가능","매장픽업"],"source":"㈜아성다이소 공식 매장검색","sourceUrl":"https://www.daiso.co.kr/cs/shop"}},{"type":"Feature","geometry":{"type":"Point","coordinates":[127.060569269844,35.8380940933976]},"properties":{"name":"전주혁신도시점","address":"전라북도 전주시 덕진구 기지로 78(중동)1~2층","phone":"063-226-7782","hours":"10:00–22:00","openingDate":"20160524","region":"전북","options":["주차","포인트 적립가능","포인트 사용가능","고유가지원금"],"source":"㈜아성다이소 공식 매장검색","sourceUrl":"https://www.daiso.co.kr/cs/shop"}},{"type":"Feature","geometry":{"type":"Point","coordinates":[127.154111981725,35.85913065643]},"properties":{"name":"전주호성점","address":"전라북도 전주시 덕진구 동부대로 803(호성동1가)1층","phone":"063-244-7575","hours":"10:00–22:00","openingDate":"20170422","region":"전북","options":["주차","포인트 적립가능","포인트 사용가능","고유가지원금"],"source":"㈜아성다이소 공식 매장검색","sourceUrl":"https://www.daiso.co.kr/cs/shop"}},{"type":"Feature","geometry":{"type":"Point","coordinates":[127.11157473286,35.8048349534375]},"properties":{"name":"전주효자2호점","address":"전북 전주시 완산구 용머리로 10 (효자동1가)1~2층","phone":"1522-4400","hours":"10:00–22:00","openingDate":"20221203","region":"전북","options":["주차","포토 스티커","네임 스티커","포인트 적립가능","포인트 사용가능","매장픽업"],"source":"㈜아성다이소 공식 매장검색","sourceUrl":"https://www.daiso.co.kr/cs/shop"}},{"type":"Feature","geometry":{"type":"Point","coordinates":[126.861066100731,35.5575801588336]},"properties":{"name":"정읍시기점","address":"전북특별자치도 정읍시 정읍남로 1458 (시기동)1~2층","phone":"1522-4400","hours":"10:00–22:00","openingDate":"20241109","region":"전북","options":["주차","엘리베이터","포토 스티커","네임 스티커","포인트 적립가능","포인트 사용가능","매장픽업"],"source":"㈜아성다이소 공식 매장검색","sourceUrl":"https://www.daiso.co.kr/cs/shop"}},{"type":"Feature","geometry":{"type":"Point","coordinates":[126.846052166337,35.5717318622196]},"properties":{"name":"정읍점","address":"전라북도 정읍시 서부로 39(연지동)1층","phone":"063-533-6016","hours":"08:00–22:00","openingDate":"20220301","region":"전북","options":["주차","포인트 적립가능","포인트 사용가능"],"source":"㈜아성다이소 공식 매장검색","sourceUrl":"https://www.daiso.co.kr/cs/shop"}},{"type":"Feature","geometry":{"type":"Point","coordinates":[127.424129998589,35.782472386205]},"properties":{"name":"진안점","address":"전라북도 진안군 진안읍 진무로 969-31층","phone":"063-940-9889","hours":"09:00–22:00","openingDate":"20220716","region":"전북","options":["주차","포인트 적립가능","포인트 사용가능","고유가지원금"],"source":"㈜아성다이소 공식 매장검색","sourceUrl":"https://www.daiso.co.kr/cs/shop"}},{"type":"Feature","geometry":{"type":"Point","coordinates":[127.07810194213533,35.8530613333138]},"properties":{"name":"하나로마트전주점","address":"전북특별자치도 전주시 덕진구 비석날로 20 (여의동)B1~1층","phone":"1522-4400","hours":"10:00–22:00","openingDate":"20260507","region":"전북","options":["주차","포인트 적립가능","포인트 사용가능"],"source":"㈜아성다이소 공식 매장검색","sourceUrl":"https://www.daiso.co.kr/cs/shop"}},{"type":"Feature","geometry":{"type":"Point","coordinates":[127.114252579284,35.8065975609313]},"properties":{"name":"홈플러스전주효자점","address":"전북특별자치도 전주시 완산구 용머리로 31 (효자동1가)B1층","phone":"1522-4400","hours":"10:00–22:00","openingDate":"20250123","region":"전북","options":["주차","포인트 적립가능","포인트 사용가능"],"source":"㈜아성다이소 공식 매장검색","sourceUrl":"https://www.daiso.co.kr/cs/shop"}},{"type":"Feature","geometry":{"type":"Point","coordinates":[126.481834000763,33.4824421892687]},"properties":{"name":"롯데마트제주점","address":"제주특별자치도 제주시 연북로 1 (노형동)2층","phone":"","hours":"10:00–22:00","openingDate":"20080424","region":"제주","options":[],"source":"㈜아성다이소 공식 매장검색","sourceUrl":"https://www.daiso.co.kr/cs/shop"}},{"type":"Feature","geometry":{"type":"Point","coordinates":[126.713868247245,33.2822557682753]},"properties":{"name":"서귀포남원점","address":"제주특별자치도 서귀포시 남원읍 일주동로 71731~2층","phone":"064-726-0007","hours":"10:00–22:00","openingDate":"20210918","region":"제주","options":["주차","포인트 적립가능","포인트 사용가능","고유가지원금"],"source":"㈜아성다이소 공식 매장검색","sourceUrl":"https://www.daiso.co.kr/cs/shop"}},{"type":"Feature","geometry":{"type":"Point","coordinates":[126.335684617973,33.3102240075145]},"properties":{"name":"서귀포동광점","address":"제주특별자치도 서귀포시 안덕면 신화역사로 4471~2층","phone":"064-792-7748","hours":"10:00–22:00","openingDate":"20200410","region":"제주","options":["주차","포인트 적립가능","포인트 사용가능"],"source":"㈜아성다이소 공식 매장검색","sourceUrl":"https://www.daiso.co.kr/cs/shop"}},{"type":"Feature","geometry":{"type":"Point","coordinates":[126.249949765186,33.2296707322133]},"properties":{"name":"서귀포모슬포점","address":"제주특별자치도 서귀포시 대정읍 일주서로 26241~3층","phone":"1522-4400","hours":"10:00–22:00","openingDate":"20250731","region":"제주","options":["주차","엘리베이터","포토 스티커","네임 스티커","포인트 적립가능","포인트 사용가능","매장픽업"],"source":"㈜아성다이소 공식 매장검색","sourceUrl":"https://www.daiso.co.kr/cs/shop"}},{"type":"Feature","geometry":{"type":"Point","coordinates":[126.569431284401,33.2532597648282]},"properties":{"name":"서귀포점","address":"제주특별자치도 서귀포시 동홍서로 49(동홍동)1~2층","phone":"064-763-1331","hours":"10:00–22:00","openingDate":"20060417","region":"제주","options":["포인트 적립가능","포인트 사용가능"],"source":"㈜아성다이소 공식 매장검색","sourceUrl":"https://www.daiso.co.kr/cs/shop"}},{"type":"Feature","geometry":{"type":"Point","coordinates":[126.404480914504,33.258908011594]},"properties":{"name":"서귀포중문점","address":"제주특별자치도 서귀포시 일주서로 996 (색달동)1~3층","phone":"1522-4400","hours":"10:00–22:00","openingDate":"20200513","region":"제주","options":["주차","엘리베이터","포토 스티커","네임 스티커","심카드","택스리펀드","포인트 적립가능","포인트 사용가능","매장픽업"],"source":"㈜아성다이소 공식 매장검색","sourceUrl":"https://www.daiso.co.kr/cs/shop"}},{"type":"Feature","geometry":{"type":"Point","coordinates":[126.829432650476,33.3268715917934]},"properties":{"name":"서귀포표선점","address":"제주특별자치도 서귀포시 표선면 표선중앙로58번길 221~2층","phone":"064-787-0001","hours":"10:00–22:00","openingDate":"20170922","region":"제주","options":["주차","포인트 적립가능","포인트 사용가능","고유가지원금"],"source":"㈜아성다이소 공식 매장검색","sourceUrl":"https://www.daiso.co.kr/cs/shop"}},{"type":"Feature","geometry":{"type":"Point","coordinates":[126.514905694781,33.2476645007288]},"properties":{"name":"서귀포혁신도시점","address":"제주특별자치도 서귀포시 일주동로 9153 (법환동)B1~2층","phone":"1522-4400","hours":"10:00–22:00","openingDate":"20240524","region":"제주","options":["주차","엘리베이터","포토 스티커","네임 스티커","택스리펀드","포인트 적립가능","포인트 사용가능","매장픽업"],"source":"㈜아성다이소 공식 매장검색","sourceUrl":"https://www.daiso.co.kr/cs/shop"}},{"type":"Feature","geometry":{"type":"Point","coordinates":[126.4802473266,33.4834509185512]},"properties":{"name":"제주노형점","address":"제주특별자치도 제주시 1100로 3325 (노형동)1~4층","phone":"1522-4400","hours":"10:00–22:00","openingDate":"20170223","region":"제주","options":["주차","엘리베이터","포토 스티커","네임 스티커","심카드","택스리펀드","포인트 적립가능","포인트 사용가능","매장픽업"],"source":"㈜아성다이소 공식 매장검색","sourceUrl":"https://www.daiso.co.kr/cs/shop"}},{"type":"Feature","geometry":{"type":"Point","coordinates":[126.526567474103,33.479814478159]},"properties":{"name":"제주도남점","address":"제주특별자치도 제주시 연북로 424(도남동)1층","phone":"1522-4400","hours":"10:00–22:00","openingDate":"20220318","region":"제주","options":["주차","출입구 경사로","현금없는매장","포토 스티커","네임 스티커","포인트 적립가능","포인트 사용가능","매장픽업"],"source":"㈜아성다이소 공식 매장검색","sourceUrl":"https://www.daiso.co.kr/cs/shop"}},{"type":"Feature","geometry":{"type":"Point","coordinates":[126.526511001839,33.5128644912115]},"properties":{"name":"제주동문시장점","address":"제주특별자치도 제주시 관덕로 68 (일도일동)1~4층","phone":"1522-4400","hours":"10:00–22:00","openingDate":"20130411","region":"제주","options":["출입구 경사로","엘리베이터","포토 스티커","네임 스티커","심카드","택스리펀드","포인트 적립가능","포인트 사용가능","매장픽업"],"source":"㈜아성다이소 공식 매장검색","sourceUrl":"https://www.daiso.co.kr/cs/shop"}},{"type":"Feature","geometry":{"type":"Point","coordinates":[126.552045062557,33.5037591551603]},"properties":{"name":"제주본점","address":"제주특별자치도 제주시 남광로 220 (건입동)1~3층","phone":"1522-4400","hours":"10:00–22:00","openingDate":"20090131","region":"제주","options":["주차","현금없는매장","네임 스티커","심카드","포인트 적립가능","포인트 사용가능","매장픽업"],"source":"㈜아성다이소 공식 매장검색","sourceUrl":"https://www.daiso.co.kr/cs/shop"}},{"type":"Feature","geometry":{"type":"Point","coordinates":[126.596984368925,33.4886870576472]},"properties":{"name":"제주봉개점","address":"제주특별자치도 제주시 번영로 526(봉개동)1층","phone":"064-727-2322","hours":"09:00–22:00","openingDate":"20220611","region":"제주","options":["포인트 적립가능","포인트 사용가능","고유가지원금"],"source":"㈜아성다이소 공식 매장검색","sourceUrl":"https://www.daiso.co.kr/cs/shop"}},{"type":"Feature","geometry":{"type":"Point","coordinates":[126.589985529169,33.5213496981897]},"properties":{"name":"제주삼양점","address":"제주특별자치도 제주시 일주동로 422 (삼양이동)B1~3층","phone":"1522-4400","hours":"10:00–22:00","openingDate":"20251128","region":"제주","options":["주차","엘리베이터","현금없는매장","포토 스티커","네임 스티커","택스리펀드","포인트 적립가능","포인트 사용가능","매장픽업"],"source":"㈜아성다이소 공식 매장검색","sourceUrl":"https://www.daiso.co.kr/cs/shop"}},{"type":"Feature","geometry":{"type":"Point","coordinates":[126.853051234536,33.5222789628322]},"properties":{"name":"제주세화점","address":"제주특별자치도 제주시 구좌읍 일주동로 3126[*미고시]1~2층","phone":"064-751-0007","hours":"10:00–22:00","openingDate":"20200307","region":"제주","options":["주차","포인트 적립가능","포인트 사용가능","고유가지원금"],"source":"㈜아성다이소 공식 매장검색","sourceUrl":"https://www.daiso.co.kr/cs/shop"}},{"type":"Feature","geometry":{"type":"Point","coordinates":[126.529460110128,33.5006307636064]},"properties":{"name":"제주시청점","address":"제주특별자치도 제주시 중앙로 213 (이도이동)1~7층","phone":"1522-4400","hours":"10:00–22:00","openingDate":"20190312","region":"제주","options":["엘리베이터","포토 스티커","네임 스티커","심카드","택스리펀드","포인트 적립가능","포인트 사용가능","매장픽업"],"source":"㈜아성다이소 공식 매장검색","sourceUrl":"https://www.daiso.co.kr/cs/shop"}},{"type":"Feature","geometry":{"type":"Point","coordinates":[126.320472435386,33.4608564762545]},"properties":{"name":"제주애월점","address":"제주특별자치도 제주시 애월읍 애원로 381~4층","phone":"1522-4400","hours":"10:00–22:00","openingDate":"20200717","region":"제주","options":["주차","엘리베이터","포토 스티커","네임 스티커","심카드","택스리펀드","포인트 적립가능","포인트 사용가능","매장픽업"],"source":"㈜아성다이소 공식 매장검색","sourceUrl":"https://www.daiso.co.kr/cs/shop"}},{"type":"Feature","geometry":{"type":"Point","coordinates":[126.486790323496,33.4935070425069]},"properties":{"name":"제주연동본점","address":"제주특별자치도 제주시 일주서로 7864 (연동)1~2층","phone":"1522-4400","hours":"10:00–22:00","openingDate":"20240223","region":"제주","options":["주차","엘리베이터","포토 스티커","네임 스티커","택스리펀드","포인트 적립가능","포인트 사용가능","매장픽업"],"source":"㈜아성다이소 공식 매장검색","sourceUrl":"https://www.daiso.co.kr/cs/shop"}},{"type":"Feature","geometry":{"type":"Point","coordinates":[126.496865932105,33.4879334270823]},"properties":{"name":"제주연동점","address":"제주특별자치도 제주시 신대로 105 (연동)B1~3층","phone":"1522-4400","hours":"10:00–22:00","openingDate":"20161208","region":"제주","options":["출입구 경사로","포토 스티커","네임 스티커","심카드","택스리펀드","포인트 적립가능","포인트 사용가능","매장픽업"],"source":"㈜아성다이소 공식 매장검색","sourceUrl":"https://www.daiso.co.kr/cs/shop"}},{"type":"Feature","geometry":{"type":"Point","coordinates":[126.493386636591,33.5194738203287]},"properties":{"name":"제주용담해안도로점","address":"제주특별자치도 제주시 서해안로 510 (용담삼동)1~2층","phone":"064-742-0880","hours":"10:00–22:00","openingDate":"20210801","region":"제주","options":["포인트 적립가능","포인트 사용가능","고유가지원금"],"source":"㈜아성다이소 공식 매장검색","sourceUrl":"https://www.daiso.co.kr/cs/shop"}},{"type":"Feature","geometry":{"type":"Point","coordinates":[126.542096059768,33.5042252423383]},"properties":{"name":"제주일도점","address":"제주특별자치도 제주시 고마로 115 (일도이동)1층","phone":"1522-4400","hours":"10:00–22:00","openingDate":"20160526","region":"제주","options":["주차","포토 스티커","네임 스티커","심카드","포인트 적립가능","포인트 사용가능","매장픽업"],"source":"㈜아성다이소 공식 매장검색","sourceUrl":"https://www.daiso.co.kr/cs/shop"}},{"type":"Feature","geometry":{"type":"Point","coordinates":[126.408648557804,33.4842093466505]},"properties":{"name":"제주하귀점","address":"제주특별자치도 제주시 애월읍 하귀로 1211~2층","phone":"064-747-5551","hours":"09:30–22:00","openingDate":"20190111","region":"제주","options":["주차","포인트 적립가능","포인트 사용가능"],"source":"㈜아성다이소 공식 매장검색","sourceUrl":"https://www.daiso.co.kr/cs/shop"}},{"type":"Feature","geometry":{"type":"Point","coordinates":[126.263811792124,33.4099820213239]},"properties":{"name":"제주한림점","address":"제주특별자치도 제주시 한림읍 한림상로 1012층","phone":"1522-4400","hours":"10:00–22:00","openingDate":"20251220","region":"제주","options":["주차","엘리베이터","포토 스티커","네임 스티커","택스리펀드","포인트 적립가능","포인트 사용가능","매장픽업"],"source":"㈜아성다이소 공식 매장검색","sourceUrl":"https://www.daiso.co.kr/cs/shop"}},{"type":"Feature","geometry":{"type":"Point","coordinates":[126.667658372328,33.5368388693223]},"properties":{"name":"제주함덕점","address":"제주특별자치도 제주시 조천읍 일주동로 11861~2층","phone":"1522-4400","hours":"10:00–22:00","openingDate":"20221119","region":"제주","options":["주차","엘리베이터","포토 스티커","네임 스티커","택스리펀드","포인트 적립가능","포인트 사용가능","매장픽업"],"source":"㈜아성다이소 공식 매장검색","sourceUrl":"https://www.daiso.co.kr/cs/shop"}},{"type":"Feature","geometry":{"type":"Point","coordinates":[126.572307593664,33.519780746096]},"properties":{"name":"제주화북점","address":"제주특별자치도 제주시 일주동로 254 (화북일동)1층","phone":"1522-4400","hours":"10:00–22:00","openingDate":"20120215","region":"제주","options":["주차","출입구 경사로","네임 스티커","심카드","포인트 적립가능","포인트 사용가능","매장픽업"],"source":"㈜아성다이소 공식 매장검색","sourceUrl":"https://www.daiso.co.kr/cs/shop"}},{"type":"Feature","geometry":{"type":"Point","coordinates":[126.46735621044,33.4876047228034]},"properties":{"name":"하나로마트노형점","address":"제주특별자치도 제주시 월광로 77 (노형동)2층","phone":"","hours":"08:30–22:00","openingDate":"20250516","region":"제주","options":["주차"],"source":"㈜아성다이소 공식 매장검색","sourceUrl":"https://www.daiso.co.kr/cs/shop"}},{"type":"Feature","geometry":{"type":"Point","coordinates":[126.644286163576,33.5280850196902]},"properties":{"name":"하나로마트조천점","address":"제주특별자치도 제주시 조천읍 조천우회로 3252층","phone":"","hours":"08:30–22:00","openingDate":"20240620","region":"제주","options":["주차"],"source":"㈜아성다이소 공식 매장검색","sourceUrl":"https://www.daiso.co.kr/cs/shop"}},{"type":"Feature","geometry":{"type":"Point","coordinates":[126.559934556059,33.2604859888121]},"properties":{"name":"홈플러스서귀포점","address":"제주특별자치도 서귀포시 중앙로 180 (동홍동)1층","phone":"1522-4400","hours":"10:00–22:00","openingDate":"20201023","region":"제주","options":["주차","포인트 적립가능","포인트 사용가능"],"source":"㈜아성다이소 공식 매장검색","sourceUrl":"https://www.daiso.co.kr/cs/shop"}},{"type":"Feature","geometry":{"type":"Point","coordinates":[127.134187537574,36.4554868219186]},"properties":{"name":"GS슈퍼공주점","address":"충청남도 공주시 무령로 310 (옥룡동)1층","phone":"","hours":"09:00–22:00","openingDate":"20231116","region":"충남","options":["주차"],"source":"㈜아성다이소 공식 매장검색","sourceUrl":"https://www.daiso.co.kr/cs/shop"}},{"type":"Feature","geometry":{"type":"Point","coordinates":[126.633949887767,36.8967219113133]},"properties":{"name":"GS슈퍼당진점","address":"충청남도 당진시 당진중앙2로 185-50 (읍내동)1층","phone":"","hours":"09:00–22:00","openingDate":"20050521","region":"충남","options":[],"source":"㈜아성다이소 공식 매장검색","sourceUrl":"https://www.daiso.co.kr/cs/shop"}},{"type":"Feature","geometry":{"type":"Point","coordinates":[127.260618203811,36.2658221156634]},"properties":{"name":"계룡대실지구점","address":"충청남도 계룡시 두마면 대실남북1길 311~2층","phone":"1522-4400","hours":"10:00–22:00","openingDate":"20220714","region":"충남","options":["주차","엘리베이터","현금없는매장","포토 스티커","네임 스티커","포인트 적립가능","포인트 사용가능","매장픽업"],"source":"㈜아성다이소 공식 매장검색","sourceUrl":"https://www.daiso.co.kr/cs/shop"}},{"type":"Feature","geometry":{"type":"Point","coordinates":[127.240968814163,36.2889562987242]},"properties":{"name":"계룡점","address":"충청남도 계룡시 엄사면 번영로 401층","phone":"1522-4400","hours":"10:00–22:00","openingDate":"20100316","region":"충남","options":["출입구 경사로","심카드","포인트 적립가능","포인트 사용가능"],"source":"㈜아성다이소 공식 매장검색","sourceUrl":"https://www.daiso.co.kr/cs/shop"}},{"type":"Feature","geometry":{"type":"Point","coordinates":[127.132764635481,36.47150343308]},"properties":{"name":"공주신관점","address":"충청남도 공주시 번영1로 37 (신관동)1~2층","phone":"1522-4400","hours":"10:00–22:00","openingDate":"20170210","region":"충남","options":["출입구 경사로","포토 스티커","네임 스티커","심카드","포인트 적립가능","포인트 사용가능","매장픽업"],"source":"㈜아성다이소 공식 매장검색","sourceUrl":"https://www.daiso.co.kr/cs/shop"}},{"type":"Feature","geometry":{"type":"Point","coordinates":[127.12460684615,36.4569764690984]},"properties":{"name":"공주점","address":"충청남도 공주시 웅진로 185-1 (산성동)1~2층","phone":"1522-4400","hours":"10:00–22:00","openingDate":"20101012","region":"충남","options":["출입구 경사로","심카드","포인트 적립가능","포인트 사용가능"],"source":"㈜아성다이소 공식 매장검색","sourceUrl":"https://www.daiso.co.kr/cs/shop"}},{"type":"Feature","geometry":{"type":"Point","coordinates":[127.491374708115,36.1098294796698]},"properties":{"name":"금산2호점","address":"충청남도 금산군 금산읍 금산로 15281~2층","phone":"1522-4400","hours":"10:00–22:00","openingDate":"20171104","region":"충남","options":["출입구 경사로","네임 스티커","심카드","포인트 적립가능","포인트 사용가능","매장픽업"],"source":"㈜아성다이소 공식 매장검색","sourceUrl":"https://www.daiso.co.kr/cs/shop"}},{"type":"Feature","geometry":{"type":"Point","coordinates":[126.680754106325,36.6570394514602]},"properties":{"name":"내포신도시점","address":"충청남도 홍성군 홍북읍 청사로150번길 201~3층","phone":"1522-4400","hours":"10:00–22:00","openingDate":"20190228","region":"충남","options":["주차","엘리베이터","포토 스티커","네임 스티커","심카드","포인트 적립가능","포인트 사용가능","매장픽업"],"source":"㈜아성다이소 공식 매장검색","sourceUrl":"https://www.daiso.co.kr/cs/shop"}},{"type":"Feature","geometry":{"type":"Point","coordinates":[127.097826410679,36.1842337134171]},"properties":{"name":"논산내동점","address":"충청남도 논산시 시민로 193 (내동)1~3층","phone":"1522-4400","hours":"10:00–22:00","openingDate":"20181117","region":"충남","options":["주차","엘리베이터","포토 스티커","네임 스티커","심카드","포인트 적립가능","포인트 사용가능","매장픽업"],"source":"㈜아성다이소 공식 매장검색","sourceUrl":"https://www.daiso.co.kr/cs/shop"}},{"type":"Feature","geometry":{"type":"Point","coordinates":[127.08834110955,36.2010960445334]},"properties":{"name":"논산오거리점","address":"충청남도 논산시 중앙로 414 (취암동)1층","phone":"041-734-6016","hours":"10:00–22:00","openingDate":"20200601","region":"충남","options":["포인트 적립가능","포인트 사용가능","고유가지원금"],"source":"㈜아성다이소 공식 매장검색","sourceUrl":"https://www.daiso.co.kr/cs/shop"}},{"type":"Feature","geometry":{"type":"Point","coordinates":[127.085065483298,36.2062240982888]},"properties":{"name":"논산점","address":"충청남도 논산시 해월로167번길 8-10 (반월동)1~2층","phone":"1522-4400","hours":"10:00–22:00","openingDate":"20100528","region":"충남","options":["출입구 경사로","심카드","포인트 적립가능","포인트 사용가능","매장픽업"],"source":"㈜아성다이소 공식 매장검색","sourceUrl":"https://www.daiso.co.kr/cs/shop"}},{"type":"Feature","geometry":{"type":"Point","coordinates":[126.635602696517,36.8972909857115]},"properties":{"name":"당진본점","address":"충청남도 당진시 당진중앙2로 221 (읍내동)1~3층","phone":"1522-4400","hours":"10:00–22:00","openingDate":"20170120","region":"충남","options":["주차","출입구 경사로","엘리베이터","포토 스티커","네임 스티커","심카드","포인트 적립가능","포인트 사용가능","매장픽업"],"source":"㈜아성다이소 공식 매장검색","sourceUrl":"https://www.daiso.co.kr/cs/shop"}},{"type":"Feature","geometry":{"type":"Point","coordinates":[126.681624041202,36.9024477107286]},"properties":{"name":"당진시곡점","address":"충청남도 당진시 서해로 6260 (시곡동)1~3층","phone":"1522-4400","hours":"10:00–22:00","openingDate":"20180829","region":"충남","options":["주차","엘리베이터","네임 스티커","심카드","포인트 적립가능","포인트 사용가능","매장픽업"],"source":"㈜아성다이소 공식 매장검색","sourceUrl":"https://www.daiso.co.kr/cs/shop"}},{"type":"Feature","geometry":{"type":"Point","coordinates":[126.758169894457,36.884766546508]},"properties":{"name":"당진신평점","address":"충청남도 당진시 신평면 거산3거리길 871층","phone":"041-363-6016","hours":"10:00–22:00","openingDate":"20220527","region":"충남","options":["주차","포인트 적립가능","포인트 사용가능","고유가지원금"],"source":"㈜아성다이소 공식 매장검색","sourceUrl":"https://www.daiso.co.kr/cs/shop"}},{"type":"Feature","geometry":{"type":"Point","coordinates":[126.692175566266,36.9649106101426]},"properties":{"name":"당진유곡점","address":"충남 당진시 송산면 유곡로 541층","phone":"041-355-4042","hours":"10:00–22:00","openingDate":"20230629","region":"충남","options":["주차","포인트 적립가능","포인트 사용가능","고유가지원금"],"source":"㈜아성다이소 공식 매장검색","sourceUrl":"https://www.daiso.co.kr/cs/shop"}},{"type":"Feature","geometry":{"type":"Point","coordinates":[126.627581873413,36.897707021179]},"properties":{"name":"당진읍내점","address":"충남 당진시 서해로 5760-11~4층","phone":"1522-4400","hours":"10:00–22:00","openingDate":"20260911","region":"충남","options":["주차","출입구 경사로","엘리베이터","현금없는매장","포인트 적립가능","포인트 사용가능"],"source":"㈜아성다이소 공식 매장검색","sourceUrl":"https://www.daiso.co.kr/cs/shop"}},{"type":"Feature","geometry":{"type":"Point","coordinates":[126.771720668515,36.8110827236961]},"properties":{"name":"당진합덕점","address":"충청남도 당진시 우강면 면천로 16851층","phone":"041-363-0068","hours":"10:00–22:00","openingDate":"20250530","region":"충남","options":["주차","포인트 적립가능","포인트 사용가능","고유가지원금"],"source":"㈜아성다이소 공식 매장검색","sourceUrl":"https://www.daiso.co.kr/cs/shop"}},{"type":"Feature","geometry":{"type":"Point","coordinates":[126.646259954098,36.9057741781123]},"properties":{"name":"롯데마트당진점","address":"충청남도 당진시 정안로 20 (원당동)1층","phone":"","hours":"10:00–22:00","openingDate":"20081113","region":"충남","options":[],"source":"㈜아성다이소 공식 매장검색","sourceUrl":"https://www.daiso.co.kr/cs/shop"}},{"type":"Feature","geometry":{"type":"Point","coordinates":[126.438296536035,36.7737230623394]},"properties":{"name":"롯데마트서산점","address":"충청남도 서산시 충의로 27 (예천동)B1층","phone":"","hours":"10:00–22:00","openingDate":"20070630","region":"충남","options":[],"source":"㈜아성다이소 공식 매장검색","sourceUrl":"https://www.daiso.co.kr/cs/shop"}},{"type":"Feature","geometry":{"type":"Point","coordinates":[127.015900817212,36.7846406948284]},"properties":{"name":"롯데마트아산터미널점","address":"충청남도 아산시 번영로 225 (모종동)B2층","phone":"","hours":"10:00–23:00","openingDate":"20131219","region":"충남","options":["주차"],"source":"㈜아성다이소 공식 매장검색","sourceUrl":"https://www.daiso.co.kr/cs/shop"}},{"type":"Feature","geometry":{"type":"Point","coordinates":[126.601110844361,36.3603769734891]},"properties":{"name":"롯데슈퍼보령점","address":"충청남도 보령시 지장골길 118 (죽정동)1층","phone":"","hours":"10:00–23:00","openingDate":"20231223","region":"충남","options":["주차"],"source":"㈜아성다이소 공식 매장검색","sourceUrl":"https://www.daiso.co.kr/cs/shop"}},{"type":"Feature","geometry":{"type":"Point","coordinates":[127.158596078076,36.8155129249448]},"properties":{"name":"롯데슈퍼신부점","address":"충청남도 천안시 동남구 신부7길 5-1(신부동)1층","phone":"","hours":"10:00–23:00","openingDate":"20230121","region":"충남","options":["주차"],"source":"㈜아성다이소 공식 매장검색","sourceUrl":"https://www.daiso.co.kr/cs/shop"}},{"type":"Feature","geometry":{"type":"Point","coordinates":[126.861836267966,36.2712834499787]},"properties":{"name":"부여규암점","address":"충청남도 부여군 규암면 흥수로 7251층","phone":"041-836-0692","hours":"10:00–22:00","openingDate":"20221224","region":"충남","options":["주차","포인트 적립가능","포인트 사용가능","고유가지원금"],"source":"㈜아성다이소 공식 매장검색","sourceUrl":"https://www.daiso.co.kr/cs/shop"}},{"type":"Feature","geometry":{"type":"Point","coordinates":[126.909724336255,36.2799739568294]},"properties":{"name":"부여점","address":"충남 부여군 부여읍 부여로 5-81~2층","phone":"041-835-2020","hours":"10:00–22:00","openingDate":"20190219","region":"충남","options":["포인트 적립가능","포인트 사용가능","고유가지원금"],"source":"㈜아성다이소 공식 매장검색","sourceUrl":"https://www.daiso.co.kr/cs/shop"}},{"type":"Feature","geometry":{"type":"Point","coordinates":[126.429768792582,36.9412991049388]},"properties":{"name":"서산대산점","address":"충청남도 서산시 대산읍 충의로 19931~2층","phone":"1522-4400","hours":"10:00–22:00","openingDate":"20181020","region":"충남","options":["엘리베이터","포토 스티커","심카드","포인트 적립가능","포인트 사용가능","매장픽업"],"source":"㈜아성다이소 공식 매장검색","sourceUrl":"https://www.daiso.co.kr/cs/shop"}},{"type":"Feature","geometry":{"type":"Point","coordinates":[126.456799406115,36.7837701548732]},"properties":{"name":"서산동부시장점","address":"충남 서산시 고운로 1931~4층","phone":"1522-4400","hours":"10:00–22:00","openingDate":"20190208","region":"충남","options":["출입구 경사로","엘리베이터","포토 스티커","심카드","포인트 적립가능","포인트 사용가능","매장픽업"],"source":"㈜아성다이소 공식 매장검색","sourceUrl":"https://www.daiso.co.kr/cs/shop"}},{"type":"Feature","geometry":{"type":"Point","coordinates":[126.454108465867,36.7690548714633]},"properties":{"name":"서산본점","address":"충남 서산시 서해로 3374 (석남동)1~4층","phone":"1522-4400","hours":"10:00–22:00","openingDate":"20220115","region":"충남","options":["주차","출입구 경사로","엘리베이터","포토 스티커","네임 스티커","포인트 적립가능","포인트 사용가능","매장픽업"],"source":"㈜아성다이소 공식 매장검색","sourceUrl":"https://www.daiso.co.kr/cs/shop"}},{"type":"Feature","geometry":{"type":"Point","coordinates":[126.698288371585,36.0136601825718]},"properties":{"name":"서천장항점","address":"충청남도 서천군 장항읍 장서로 63(골든 팰리스)1층","phone":"041-956-0609","hours":"10:00–21:00","openingDate":"20140302","region":"충남","options":["주차","포인트 적립가능","포인트 사용가능","고유가지원금"],"source":"㈜아성다이소 공식 매장검색","sourceUrl":"https://www.daiso.co.kr/cs/shop"}},{"type":"Feature","geometry":{"type":"Point","coordinates":[126.692240470452,36.0766162380899]},"properties":{"name":"서천점","address":"충청남도 서천군 서천읍 서천로 671층","phone":"041-951-5590","hours":"09:30–21:30","openingDate":"20181108","region":"충남","options":["주차","포인트 적립가능","포인트 사용가능","고유가지원금"],"source":"㈜아성다이소 공식 매장검색","sourceUrl":"https://www.daiso.co.kr/cs/shop"}},{"type":"Feature","geometry":{"type":"Point","coordinates":[126.953663402631,36.7850337290719]},"properties":{"name":"아산남성점","address":"충청남도 아산시 신창면 천우물로 23-51~2층","phone":"1522-4400","hours":"10:00–22:00","openingDate":"20250327","region":"충남","options":["주차","엘리베이터","포토 스티커","네임 스티커","포인트 적립가능","포인트 사용가능","매장픽업"],"source":"㈜아성다이소 공식 매장검색","sourceUrl":"https://www.daiso.co.kr/cs/shop"}},{"type":"Feature","geometry":{"type":"Point","coordinates":[127.05962353537,36.9232540783575]},"properties":{"name":"아산둔포점","address":"충청남도 아산시 둔포면 아산밸리중앙로 1061~2층","phone":"1522-4400","hours":"10:00–22:00","openingDate":"20230118","region":"충남","options":["출입구 경사로","엘리베이터","택스리펀드","포인트 적립가능","포인트 사용가능","매장픽업"],"source":"㈜아성다이소 공식 매장검색","sourceUrl":"https://www.daiso.co.kr/cs/shop"}},{"type":"Feature","geometry":{"type":"Point","coordinates":[127.023871205073,36.7771777641431]},"properties":{"name":"아산모종점","address":"충남 아산시 모종남로12번길 50 (모종동)1~4층","phone":"1522-4400","hours":"10:00–22:00","openingDate":"20180530","region":"충남","options":["주차","엘리베이터","포토 스티커","네임 스티커","심카드","포인트 적립가능","포인트 사용가능","매장픽업"],"source":"㈜아성다이소 공식 매장검색","sourceUrl":"https://www.daiso.co.kr/cs/shop"}},{"type":"Feature","geometry":{"type":"Point","coordinates":[126.99006420443,36.7837525726929]},"properties":{"name":"아산방축점","address":"충청남도 아산시 온천대로 1368(방축동)1층","phone":"1522-4400","hours":"10:00–22:00","openingDate":"20221221","region":"충남","options":["주차","네임 스티커","포인트 적립가능","포인트 사용가능","매장픽업"],"source":"㈜아성다이소 공식 매장검색","sourceUrl":"https://www.daiso.co.kr/cs/shop"}},{"type":"Feature","geometry":{"type":"Point","coordinates":[127.053749547767,36.7752804485315]},"properties":{"name":"아산배방점","address":"충청남도 아산시 배방읍 배방로14번길 51~2층","phone":"1522-4400","hours":"10:00–22:00","openingDate":"20190430","region":"충남","options":["엘리베이터","네임 스티커","심카드","포인트 적립가능","포인트 사용가능","매장픽업"],"source":"㈜아성다이소 공식 매장검색","sourceUrl":"https://www.daiso.co.kr/cs/shop"}},{"type":"Feature","geometry":{"type":"Point","coordinates":[126.934052254538,36.7768373882963]},"properties":{"name":"아산순천향대점","address":"충청남도 아산시 신창면 온천대로 8271~2층","phone":"041-531-6819","hours":"09:00–22:00","openingDate":"20190415","region":"충남","options":["주차","포인트 적립가능","포인트 사용가능","고유가지원금"],"source":"㈜아성다이소 공식 매장검색","sourceUrl":"https://www.daiso.co.kr/cs/shop"}},{"type":"Feature","geometry":{"type":"Point","coordinates":[127.009381420193,36.770398975553]},"properties":{"name":"아산용화점","address":"충청남도 아산시 남부로 246 (용화동)2층","phone":"1522-4400","hours":"10:00–22:00","openingDate":"20250829","region":"충남","options":["주차","엘리베이터","현금없는매장","포인트 적립가능","포인트 사용가능","매장픽업"],"source":"㈜아성다이소 공식 매장검색","sourceUrl":"https://www.daiso.co.kr/cs/shop"}},{"type":"Feature","geometry":{"type":"Point","coordinates":[126.883069872842,36.8701509914365]},"properties":{"name":"아산인주점","address":"충청남도 아산시 인주면 아산만로 16881층","phone":"041-533-3938","hours":"10:00–22:00","openingDate":"20210706","region":"충남","options":["포인트 적립가능","포인트 사용가능","고유가지원금"],"source":"㈜아성다이소 공식 매장검색","sourceUrl":"https://www.daiso.co.kr/cs/shop"}},{"type":"Feature","geometry":{"type":"Point","coordinates":[127.086908390329,36.7960920045093]},"properties":{"name":"아산장재2호점","address":"충청남도 아산시 배방읍 이순신대로 7712층","phone":"1522-4400","hours":"10:00–22:00","openingDate":"20260814","region":"충남","options":["주차","엘리베이터","현금없는매장","포토 스티커","네임 스티커","포인트 적립가능","포인트 사용가능"],"source":"㈜아성다이소 공식 매장검색","sourceUrl":"https://www.daiso.co.kr/cs/shop"}},{"type":"Feature","geometry":{"type":"Point","coordinates":[127.092783501073,36.7824028874592]},"properties":{"name":"아산장재점","address":"충청남도 아산시 배방읍 용연로 156-201~3층","phone":"1522-4400","hours":"10:00–22:00","openingDate":"20221210","region":"충남","options":["엘리베이터","현금없는매장","포토 스티커","네임 스티커","포인트 적립가능","포인트 사용가능","매장픽업"],"source":"㈜아성다이소 공식 매장검색","sourceUrl":"https://www.daiso.co.kr/cs/shop"}},{"type":"Feature","geometry":{"type":"Point","coordinates":[127.003559072192,36.7822620389903]},"properties":{"name":"아산점","address":"충청남도 아산시 온궁로 27-1 (온천동)1~4층","phone":"1522-4400","hours":"10:00–22:00","openingDate":"20090929","region":"충남","options":["엘리베이터","포토 스티커","네임 스티커","심카드","포인트 적립가능","포인트 사용가능","매장픽업"],"source":"㈜아성다이소 공식 매장검색","sourceUrl":"https://www.daiso.co.kr/cs/shop"}},{"type":"Feature","geometry":{"type":"Point","coordinates":[127.06287176315,36.7971812656674]},"properties":{"name":"아산탕정점","address":"충청남도 아산시 탕정면 탕정면로 54-181~3층","phone":"1522-4400","hours":"10:00–22:00","openingDate":"20180929","region":"충남","options":["엘리베이터","네임 스티커","심카드","포인트 적립가능","포인트 사용가능","매장픽업"],"source":"㈜아성다이소 공식 매장검색","sourceUrl":"https://www.daiso.co.kr/cs/shop"}},{"type":"Feature","geometry":{"type":"Point","coordinates":[127.029061228589,36.8968102078718]},"properties":{"name":"아산퍼스트빌리지점","address":"충청남도 아산시 둔포면 해위안길 1271층","phone":"041-536-0688","hours":"10:00–21:00","openingDate":"20230916","region":"충남","options":["주차","포인트 적립가능","포인트 사용가능","고유가지원금"],"source":"㈜아성다이소 공식 매장검색","sourceUrl":"https://www.daiso.co.kr/cs/shop"}},{"type":"Feature","geometry":{"type":"Point","coordinates":[126.343401195915,36.5140623496671]},"properties":{"name":"안면도점","address":"충청남도 태안군 안면읍 방포로 351층","phone":"041-672-0828","hours":"10:00–22:00","openingDate":"20200925","region":"충남","options":["주차","포인트 적립가능","포인트 사용가능","고유가지원금"],"source":"㈜아성다이소 공식 매장검색","sourceUrl":"https://www.daiso.co.kr/cs/shop"}},{"type":"Feature","geometry":{"type":"Point","coordinates":[126.829929028038,36.6932107690083]},"properties":{"name":"예산산성점","address":"충청남도 예산군 예산읍 역전로 1551층","phone":"041-334-0020","hours":"08:30–22:00","openingDate":"20100122","region":"충남","options":["주차","포인트 적립가능","포인트 사용가능","고유가지원금"],"source":"㈜아성다이소 공식 매장검색","sourceUrl":"https://www.daiso.co.kr/cs/shop"}},{"type":"Feature","geometry":{"type":"Point","coordinates":[126.588650652853,36.3440112264787]},"properties":{"name":"이마트보령점","address":"충청남도 보령시 해안로 25 (궁촌동)1층","phone":"","hours":"10:00–22:00","openingDate":"20230708","region":"충남","options":["주차"],"source":"㈜아성다이소 공식 매장검색","sourceUrl":"https://www.daiso.co.kr/cs/shop"}},{"type":"Feature","geometry":{"type":"Point","coordinates":[126.47878039666,36.7883763640477]},"properties":{"name":"이마트서산점","address":"충청남도 서산시 서해로 3685 (잠홍동)B2층","phone":"","hours":"10:00–23:00","openingDate":"20251002","region":"충남","options":["주차"],"source":"㈜아성다이소 공식 매장검색","sourceUrl":"https://www.daiso.co.kr/cs/shop"}},{"type":"Feature","geometry":{"type":"Point","coordinates":[127.165096061013,36.797138269514]},"properties":{"name":"천안구성점","address":"충청남도 천안시 동남구 천안대로 548 (구성동)1~2층","phone":"1522-4400","hours":"10:00–22:00","openingDate":"20231214","region":"충남","options":["주차","엘리베이터","포토 스티커","포인트 적립가능","포인트 사용가능","매장픽업"],"source":"㈜아성다이소 공식 매장검색","sourceUrl":"https://www.daiso.co.kr/cs/shop"}},{"type":"Feature","geometry":{"type":"Point","coordinates":[127.101429867826,36.7984279064312]},"properties":{"name":"천안모다펜타포트점","address":"충청남도 천안시 서북구 공원로 196 (불당동, 펜타포트)B2층","phone":"1522-4400","hours":"11:00–21:00","openingDate":"20260627","region":"충남","options":["주차","엘리베이터","현금없는매장","포인트 적립가능","포인트 사용가능"],"source":"㈜아성다이소 공식 매장검색","sourceUrl":"https://www.daiso.co.kr/cs/shop"}},{"type":"Feature","geometry":{"type":"Point","coordinates":[127.298467510877,36.7593126022093]},"properties":{"name":"천안병천점","address":"충청남도 천안시 동남구 병천면 아우내순대길 16-91~2층","phone":"041-622-6016","hours":"10:00–22:00","openingDate":"20230111","region":"충남","options":["주차","포인트 적립가능","포인트 사용가능","고유가지원금"],"source":"㈜아성다이소 공식 매장검색","sourceUrl":"https://www.daiso.co.kr/cs/shop"}},{"type":"Feature","geometry":{"type":"Point","coordinates":[127.154733689706,36.8184815815228]},"properties":{"name":"천안본점","address":"충청남도 천안시 동남구 만남로 24 (신부동)2~3층","phone":"1522-4400","hours":"10:00–22:00","openingDate":"20170107","region":"충남","options":["포토 스티커","네임 스티커","심카드","포인트 적립가능","포인트 사용가능","매장픽업"],"source":"㈜아성다이소 공식 매장검색","sourceUrl":"https://www.daiso.co.kr/cs/shop"}},{"type":"Feature","geometry":{"type":"Point","coordinates":[127.107217366734,36.8231961658]},"properties":{"name":"천안불당2호점","address":"충청남도 천안시 서북구 불당24로 45-9 (불당동)1~3층","phone":"1522-4400","hours":"10:00–22:00","openingDate":"20180726","region":"충남","options":["주차","현금없는매장","네임 스티커","심카드","포인트 적립가능","포인트 사용가능","매장픽업"],"source":"㈜아성다이소 공식 매장검색","sourceUrl":"https://www.daiso.co.kr/cs/shop"}},{"type":"Feature","geometry":{"type":"Point","coordinates":[127.106178627684,36.8056393266062]},"properties":{"name":"천안불당점","address":"충청남도 천안시 서북구 불당34길 8 (불당동)1~4층","phone":"1522-4400","hours":"10:00–22:00","openingDate":"20190127","region":"충남","options":["주차","엘리베이터","현금없는매장","포토 스티커","네임 스티커","심카드","포인트 적립가능","포인트 사용가능","매장픽업"],"source":"㈜아성다이소 공식 매장검색","sourceUrl":"https://www.daiso.co.kr/cs/shop"}},{"type":"Feature","geometry":{"type":"Point","coordinates":[127.196746620605,36.8676581088365]},"properties":{"name":"천안성거점","address":"충청남도 천안시 서북구 성거읍 성거길 161~2층","phone":"041-568-2299","hours":"10:00–22:00","openingDate":"20160730","region":"충남","options":["주차","포인트 적립가능","포인트 사용가능","고유가지원금"],"source":"㈜아성다이소 공식 매장검색","sourceUrl":"https://www.daiso.co.kr/cs/shop"}},{"type":"Feature","geometry":{"type":"Point","coordinates":[127.137312567635,36.8240465955491]},"properties":{"name":"천안성정2호점","address":"충청남도 천안시 서북구 서부17길 4 (성정동)B1~3층","phone":"1522-4400","hours":"10:00–22:00","openingDate":"20161209","region":"충남","options":["출입구 경사로","포토 스티커","심카드","포인트 적립가능","포인트 사용가능","매장픽업"],"source":"㈜아성다이소 공식 매장검색","sourceUrl":"https://www.daiso.co.kr/cs/shop"}},{"type":"Feature","geometry":{"type":"Point","coordinates":[127.128651987365,36.9116299548468]},"properties":{"name":"천안성환점","address":"충청남도 천안시 서북구 성환읍 성환1로 1901~2층","phone":"041-587-7208","hours":"10:00–22:00","openingDate":"20180414","region":"충남","options":["주차","포인트 적립가능","포인트 사용가능","고유가지원금"],"source":"㈜아성다이소 공식 매장검색","sourceUrl":"https://www.daiso.co.kr/cs/shop"}},{"type":"Feature","geometry":{"type":"Point","coordinates":[127.151297815789,36.8598662301324]},"properties":{"name":"천안신당점","address":"충청남도 천안시 서북구 천안대로 1331 (신당동)1~2층","phone":"1522-4400","hours":"10:00–22:00","openingDate":"20250320","region":"충남","options":["주차","엘리베이터","현금없는매장","포토 스티커","네임 스티커","포인트 적립가능","포인트 사용가능","매장픽업"],"source":"㈜아성다이소 공식 매장검색","sourceUrl":"https://www.daiso.co.kr/cs/shop"}},{"type":"Feature","geometry":{"type":"Point","coordinates":[127.128160702254,36.7857399323089]},"properties":{"name":"천안신방점","address":"충청남도 천안시 동남구 남부대로 92 (신방동)1~2층","phone":"1522-4400","hours":"10:00–22:00","openingDate":"20260529","region":"충남","options":["주차","엘리베이터","현금없는매장","포토 스티커","네임 스티커","포인트 적립가능","포인트 사용가능"],"source":"㈜아성다이소 공식 매장검색","sourceUrl":"https://www.daiso.co.kr/cs/shop"}},{"type":"Feature","geometry":{"type":"Point","coordinates":[127.177031650667,36.8306421954649]},"properties":{"name":"천안안서점","address":"충청남도 천안시 동남구 각원사길 46(안서동)1~2층","phone":"041-565-7070","hours":"10:00–22:00","openingDate":"20180224","region":"충남","options":["주차","포인트 적립가능","포인트 사용가능","고유가지원금"],"source":"㈜아성다이소 공식 매장검색","sourceUrl":"https://www.daiso.co.kr/cs/shop"}},{"type":"Feature","geometry":{"type":"Point","coordinates":[127.222137051269,36.9106356292722]},"properties":{"name":"천안입장점","address":"충청남도 천안시 서북구 입장면 석재길 111~2층","phone":"041-417-0063","hours":"10:00–22:00","openingDate":"20241207","region":"충남","options":["포인트 적립가능","포인트 사용가능","고유가지원금"],"source":"㈜아성다이소 공식 매장검색","sourceUrl":"https://www.daiso.co.kr/cs/shop"}},{"type":"Feature","geometry":{"type":"Point","coordinates":[127.149734444717,36.8006577987163]},"properties":{"name":"천안중앙시장점","address":"충청남도 천안시 동남구 사직로 6-1 (사직동)1~3층","phone":"1522-4400","hours":"10:00–22:00","openingDate":"20120810","region":"충남","options":["출입구 경사로","심카드","포인트 적립가능","포인트 사용가능","매장픽업"],"source":"㈜아성다이소 공식 매장검색","sourceUrl":"https://www.daiso.co.kr/cs/shop"}},{"type":"Feature","geometry":{"type":"Point","coordinates":[127.149366660571,36.8771468437794]},"properties":{"name":"천안직산점","address":"충청남도 천안시 서북구 직산읍 봉주로 251층","phone":"041-588-4567","hours":"10:00–22:00","openingDate":"20150531","region":"충남","options":["주차","포인트 적립가능","포인트 사용가능","고유가지원금"],"source":"㈜아성다이소 공식 매장검색","sourceUrl":"https://www.daiso.co.kr/cs/shop"}},{"type":"Feature","geometry":{"type":"Point","coordinates":[127.104030281386,36.8409673950653]},"properties":{"name":"천안차암점","address":"충청남도 천안시 서북구 3공단6로 58-8 (차암동)1~2층","phone":"041-622-1588","hours":"10:00–22:00","openingDate":"20171014","region":"충남","options":["주차","포인트 적립가능","포인트 사용가능","고유가지원금"],"source":"㈜아성다이소 공식 매장검색","sourceUrl":"https://www.daiso.co.kr/cs/shop"}},{"type":"Feature","geometry":{"type":"Point","coordinates":[127.152851688175,36.7813351366986]},"properties":{"name":"천안청수지구점","address":"충청남도 천안시 동남구 남부대로 322 (청당동)1~2층","phone":"1522-4400","hours":"10:00–22:00","openingDate":"20180209","region":"충남","options":["주차","네임 스티커","심카드","포인트 적립가능","포인트 사용가능","매장픽업"],"source":"㈜아성다이소 공식 매장검색","sourceUrl":"https://www.daiso.co.kr/cs/shop"}},{"type":"Feature","geometry":{"type":"Point","coordinates":[127.103977001688,36.7255146153572]},"properties":{"name":"천안풍세점","address":"충청남도 천안시 동남구 풍세면 풍세산단4로 12-101층","phone":"050-71370-7717","hours":"10:00–22:00","openingDate":"20250425","region":"충남","options":["포인트 적립가능","포인트 사용가능","고유가지원금"],"source":"㈜아성다이소 공식 매장검색","sourceUrl":"https://www.daiso.co.kr/cs/shop"}},{"type":"Feature","geometry":{"type":"Point","coordinates":[126.802144167187,36.4521183910768]},"properties":{"name":"청양점","address":"충청남도 청양군 청양읍 중앙로 211층","phone":"041-943-6944","hours":"09:30–21:30","openingDate":"20190905","region":"충남","options":["주차","포인트 적립가능","포인트 사용가능","고유가지원금"],"source":"㈜아성다이소 공식 매장검색","sourceUrl":"https://www.daiso.co.kr/cs/shop"}},{"type":"Feature","geometry":{"type":"Point","coordinates":[126.605168309912,36.3486473435189]},"properties":{"name":"충남보령점","address":"충청남도 보령시 큰오랏1길 8 (동대동)B1~3층","phone":"1522-4400","hours":"10:00–22:00","openingDate":"20130308","region":"충남","options":["주차","출입구 경사로","포토 스티커","네임 스티커","심카드","포인트 적립가능","포인트 사용가능","매장픽업"],"source":"㈜아성다이소 공식 매장검색","sourceUrl":"https://www.daiso.co.kr/cs/shop"}},{"type":"Feature","geometry":{"type":"Point","coordinates":[126.666180704438,36.6009201996557]},"properties":{"name":"충남홍성본점","address":"충청남도 홍성군 홍성읍 내포로 8B1층","phone":"1522-4400","hours":"10:00–22:00","openingDate":"20120606","region":"충남","options":["포토 스티커","심카드","포인트 적립가능","포인트 사용가능","매장픽업"],"source":"㈜아성다이소 공식 매장검색","sourceUrl":"https://www.daiso.co.kr/cs/shop"}},{"type":"Feature","geometry":{"type":"Point","coordinates":[126.304075280979,36.7481693869641]},"properties":{"name":"태안터미널점","address":"충청남도 태안군 태안읍 동백로 3091~4층","phone":"1522-4400","hours":"10:00–22:00","openingDate":"20110505","region":"충남","options":["주차","출입구 경사로","엘리베이터","포토 스티커","심카드","포인트 적립가능","포인트 사용가능","매장픽업"],"source":"㈜아성다이소 공식 매장검색","sourceUrl":"https://www.daiso.co.kr/cs/shop"}},{"type":"Feature","geometry":{"type":"Point","coordinates":[126.319480943073,36.7521998183334]},"properties":{"name":"태안평천점","address":"충청남도 태안군 태안읍 서해로 19311~2층","phone":"1522-4400","hours":"10:00–22:00","openingDate":"20240511","region":"충남","options":["주차","엘리베이터","포토 스티커","네임 스티커","포인트 적립가능","포인트 사용가능","매장픽업"],"source":"㈜아성다이소 공식 매장검색","sourceUrl":"https://www.daiso.co.kr/cs/shop"}},{"type":"Feature","geometry":{"type":"Point","coordinates":[127.103426873203,36.1773115282107]},"properties":{"name":"하나로마트논산내동점","address":"충청남도 논산시 대학로 48 (내동)2층","phone":"1522-4400","hours":"08:00–22:00","openingDate":"20260716","region":"충남","options":["주차","포인트 적립가능","포인트 사용가능"],"source":"㈜아성다이소 공식 매장검색","sourceUrl":"https://www.daiso.co.kr/cs/shop"}},{"type":"Feature","geometry":{"type":"Point","coordinates":[126.615577036096,36.3550886328153]},"properties":{"name":"하나로마트대천농협점","address":"충청남도 보령시 동대로 34 (동대동)2층","phone":"","hours":"08:30–22:00","openingDate":"20260821","region":"충남","options":["주차"],"source":"㈜아성다이소 공식 매장검색","sourceUrl":"https://www.daiso.co.kr/cs/shop"}},{"type":"Feature","geometry":{"type":"Point","coordinates":[127.063610177289,36.7749747921861]},"properties":{"name":"하나로마트아산배방점","address":"충청남도 아산시 배방읍 모산로 186-41층","phone":"","hours":"09:00–22:00","openingDate":"20210901","region":"충남","options":["주차"],"source":"㈜아성다이소 공식 매장검색","sourceUrl":"https://www.daiso.co.kr/cs/shop"}},{"type":"Feature","geometry":{"type":"Point","coordinates":[126.663462287727,36.6092580821207]},"properties":{"name":"홍성2호점","address":"충남 홍성군 홍성읍 도청대로 521~2층","phone":"","hours":"10:00–22:00","openingDate":"20250828","region":"충남","options":["주차","엘리베이터","포토 스티커","네임 스티커","포인트 적립가능","포인트 사용가능","매장픽업"],"source":"㈜아성다이소 공식 매장검색","sourceUrl":"https://www.daiso.co.kr/cs/shop"}},{"type":"Feature","geometry":{"type":"Point","coordinates":[126.655617666246,36.594808269549]},"properties":{"name":"홍성점","address":"충청남도 홍성군 홍성읍 충서로1322번길 231층","phone":"041-631-6543","hours":"10:00–22:00","openingDate":"20110409","region":"충남","options":["주차","포인트 적립가능","포인트 사용가능","고유가지원금"],"source":"㈜아성다이소 공식 매장검색","sourceUrl":"https://www.daiso.co.kr/cs/shop"}},{"type":"Feature","geometry":{"type":"Point","coordinates":[126.676313860442,36.6010394368146]},"properties":{"name":"홍성터미널점","address":"충청남도 홍성군 홍성읍 조양로247번길 91층","phone":"1522-4400","hours":"10:30–21:00","openingDate":"20200911","region":"충남","options":["주차","포토 스티커","포인트 적립가능","포인트 사용가능"],"source":"㈜아성다이소 공식 매장검색","sourceUrl":"https://www.daiso.co.kr/cs/shop"}},{"type":"Feature","geometry":{"type":"Point","coordinates":[127.57889747174,36.7806531118172]},"properties":{"name":"GS슈퍼증평점","address":"충청북도 증평군 증평읍 창신로 541층","phone":"","hours":"10:00–23:00","openingDate":"20020608","region":"충북","options":[],"source":"㈜아성다이소 공식 매장검색","sourceUrl":"https://www.daiso.co.kr/cs/shop"}},{"type":"Feature","geometry":{"type":"Point","coordinates":[127.443563277383,36.85375013245]},"properties":{"name":"GS슈퍼진천점","address":"충청북도 진천군 진천읍 남산길 781층","phone":"","hours":"10:00–23:00","openingDate":"20030722","region":"충북","options":[],"source":"㈜아성다이소 공식 매장검색","sourceUrl":"https://www.daiso.co.kr/cs/shop"}},{"type":"Feature","geometry":{"type":"Point","coordinates":[127.431132637649,36.6262174870853]},"properties":{"name":"NC청주점","address":"충청북도 청주시 흥덕구 2순환로 1233 (가경동)4층","phone":"1522-4400","hours":"10:30–21:00","openingDate":"20260410","region":"충북","options":["주차","포인트 적립가능","포인트 사용가능"],"source":"㈜아성다이소 공식 매장검색","sourceUrl":"https://www.daiso.co.kr/cs/shop"}},{"type":"Feature","geometry":{"type":"Point","coordinates":[127.451917693415,36.7336747967487]},"properties":{"name":"e에브리데이오창산단점","address":"충북 청주시 청원구 오창읍 주성1길 18-6 (주성리)2층","phone":"1522-4400","hours":"10:00–23:00","openingDate":"20221110","region":"충북","options":["주차"],"source":"㈜아성다이소 공식 매장검색","sourceUrl":"https://www.daiso.co.kr/cs/shop"}},{"type":"Feature","geometry":{"type":"Point","coordinates":[127.923492630985,36.9568373969586]},"properties":{"name":"e에브리데이충주호암점","address":"충북 충주시 호암수청4길 51층","phone":"","hours":"00:00–00:00","openingDate":"20251107","region":"충북","options":["주차"],"source":"㈜아성다이소 공식 매장검색","sourceUrl":"https://www.daiso.co.kr/cs/shop"}},{"type":"Feature","geometry":{"type":"Point","coordinates":[127.442728605189,36.9895595431268]},"properties":{"name":"광혜원점","address":"충청북도 진천군 광혜원면 중리1길 211층","phone":"043-535-5979","hours":"09:00–22:00","openingDate":"20150428","region":"충북","options":["주차","포인트 적립가능","포인트 사용가능","고유가지원금"],"source":"㈜아성다이소 공식 매장검색","sourceUrl":"https://www.daiso.co.kr/cs/shop"}},{"type":"Feature","geometry":{"type":"Point","coordinates":[127.794633125497,36.807281719886]},"properties":{"name":"괴산읍점","address":"충청북도 괴산군 괴산읍 읍내로 272-71~2층","phone":"","hours":"10:00–22:00","openingDate":"20260228","region":"충북","options":["주차","포인트 적립가능","포인트 사용가능","고유가지원금"],"source":"㈜아성다이소 공식 매장검색","sourceUrl":"https://www.daiso.co.kr/cs/shop"}},{"type":"Feature","geometry":{"type":"Point","coordinates":[127.516131833982,36.6204146139246]},"properties":{"name":"롯데마트상당점","address":"충청북도 청주시 상당구 용암북로160번길 60 (용암동)1층","phone":"","hours":"10:00–23:00","openingDate":"20100601","region":"충북","options":[],"source":"㈜아성다이소 공식 매장검색","sourceUrl":"https://www.daiso.co.kr/cs/shop"}},{"type":"Feature","geometry":{"type":"Point","coordinates":[128.200773271226,37.1401241453539]},"properties":{"name":"롯데마트제천점","address":"충청북도 제천시 용두대로 111 (하소동)1층","phone":"","hours":"10:00–22:00","openingDate":"20101202","region":"충북","options":[],"source":"㈜아성다이소 공식 매장검색","sourceUrl":"https://www.daiso.co.kr/cs/shop"}},{"type":"Feature","geometry":{"type":"Point","coordinates":[127.914326360924,36.9825745231851]},"properties":{"name":"롯데마트충주점","address":"충청북도 충주시 충원대로 626 (칠금동)2층","phone":"1522-4400","hours":"10:00–22:00","openingDate":"20060609","region":"충북","options":["포인트 적립가능"],"source":"㈜아성다이소 공식 매장검색","sourceUrl":"https://www.daiso.co.kr/cs/shop"}},{"type":"Feature","geometry":{"type":"Point","coordinates":[128.223763440545,37.151996411623]},"properties":{"name":"롯데슈퍼제천장락점","address":"충청북도 제천시 청전대로 231 (장락동)1층","phone":"","hours":"10:00–23:00","openingDate":"20050127","region":"충북","options":[],"source":"㈜아성다이소 공식 매장검색","sourceUrl":"https://www.daiso.co.kr/cs/shop"}},{"type":"Feature","geometry":{"type":"Point","coordinates":[127.721250238088,36.4887541350451]},"properties":{"name":"보은점","address":"충청북도 보은군 보은읍 남부로 45491층","phone":"","hours":"10:00–22:00","openingDate":"20260829","region":"충북","options":["주차","포인트 적립가능","포인트 사용가능"],"source":"㈜아성다이소 공식 매장검색","sourceUrl":"https://www.daiso.co.kr/cs/shop"}},{"type":"Feature","geometry":{"type":"Point","coordinates":[127.421852256755,36.6400323338699]},"properties":{"name":"서청주점","address":"충청북도 청주시 흥덕구 2순환로 1060 (비하동)1~2층","phone":"1522-4400","hours":"10:00–22:00","openingDate":"20161224","region":"충북","options":["주차","엘리베이터","현금없는매장","네임 스티커","심카드","포인트 적립가능","포인트 사용가능","매장픽업"],"source":"㈜아성다이소 공식 매장검색","sourceUrl":"https://www.daiso.co.kr/cs/shop"}},{"type":"Feature","geometry":{"type":"Point","coordinates":[127.825631110571,37.0168519577409]},"properties":{"name":"서충주점","address":"충청북도 충주시 중앙탑면 원앙9길 18-21층","phone":"043-842-0011","hours":"10:00–22:00","openingDate":"20200406","region":"충북","options":["주차","포인트 적립가능","포인트 사용가능","고유가지원금"],"source":"㈜아성다이소 공식 매장검색","sourceUrl":"https://www.daiso.co.kr/cs/shop"}},{"type":"Feature","geometry":{"type":"Point","coordinates":[128.194093140818,37.1727502686047]},"properties":{"name":"세명대학교점","address":"충청북도 제천시 대학로 276 (신월동)1~2층","phone":"","hours":"10:00–22:00","openingDate":"20260219","region":"충북","options":["주차","포인트 적립가능","포인트 사용가능"],"source":"㈜아성다이소 공식 매장검색","sourceUrl":"https://www.daiso.co.kr/cs/shop"}},{"type":"Feature","geometry":{"type":"Point","coordinates":[127.781597958333,36.1734281445747]},"properties":{"name":"영동점","address":"충청북도 영동군 영동읍 계산로 411층","phone":"043-745-6016","hours":"10:00–22:00","openingDate":"20170225","region":"충북","options":["주차","포인트 적립가능","포인트 사용가능","고유가지원금"],"source":"㈜아성다이소 공식 매장검색","sourceUrl":"https://www.daiso.co.kr/cs/shop"}},{"type":"Feature","geometry":{"type":"Point","coordinates":[127.452579454715,36.7399681876442]},"properties":{"name":"오창2산단점","address":"충청북도 청주시 청원구 오창읍 공항로 10291~2층","phone":"1522-4400","hours":"10:00–22:00","openingDate":"20260731","region":"충북","options":["주차","엘리베이터","현금없는매장","포토 스티커","네임 스티커","포인트 적립가능","포인트 사용가능"],"source":"㈜아성다이소 공식 매장검색","sourceUrl":"https://www.daiso.co.kr/cs/shop"}},{"type":"Feature","geometry":{"type":"Point","coordinates":[127.430147361105,36.7133454382879]},"properties":{"name":"오창점","address":"충청북도 청주시 청원구 오창읍 중심상업로 301~2층","phone":"1522-4400","hours":"10:00–22:00","openingDate":"20160818","region":"충북","options":["주차","포토 스티커","네임 스티커","심카드","포인트 적립가능","포인트 사용가능","매장픽업"],"source":"㈜아성다이소 공식 매장검색","sourceUrl":"https://www.daiso.co.kr/cs/shop"}},{"type":"Feature","geometry":{"type":"Point","coordinates":[127.568529373657,36.3035072808527]},"properties":{"name":"옥천점","address":"충청북도 옥천군 옥천읍 삼양로 841~2층","phone":"043-731-6016","hours":"09:00–21:00","openingDate":"20160130","region":"충북","options":["주차","포인트 적립가능","포인트 사용가능"],"source":"㈜아성다이소 공식 매장검색","sourceUrl":"https://www.daiso.co.kr/cs/shop"}},{"type":"Feature","geometry":{"type":"Point","coordinates":[127.64355523124,37.1144436253645]},"properties":{"name":"음성감곡점","address":"충청북도 음성군 감곡면 장감로 2231층","phone":"043-883-0458","hours":"09:00–22:00","openingDate":"20160227","region":"충북","options":["주차","포인트 적립가능","포인트 사용가능","고유가지원금"],"source":"㈜아성다이소 공식 매장검색","sourceUrl":"https://www.daiso.co.kr/cs/shop"}},{"type":"Feature","geometry":{"type":"Point","coordinates":[127.491616440375,36.96472126026]},"properties":{"name":"음성대소점","address":"충청북도 음성군 대소면 대화길 31층","phone":"043-878-4593","hours":"10:00–22:00","openingDate":"20220325","region":"충북","options":["주차","포인트 적립가능","포인트 사용가능"],"source":"㈜아성다이소 공식 매장검색","sourceUrl":"https://www.daiso.co.kr/cs/shop"}},{"type":"Feature","geometry":{"type":"Point","coordinates":[127.499547272158,37.019168089235]},"properties":{"name":"음성삼성점","address":"충청북도 음성군 삼성면 덕정로62번길 15-91층","phone":"043-883-2003","hours":"10:00–22:00","openingDate":"20170311","region":"충북","options":["포인트 적립가능","포인트 사용가능","고유가지원금"],"source":"㈜아성다이소 공식 매장검색","sourceUrl":"https://www.daiso.co.kr/cs/shop"}},{"type":"Feature","geometry":{"type":"Point","coordinates":[127.694198365347,36.9335768492999]},"properties":{"name":"음성점","address":"충청북도 음성군 음성읍 시장로 641~2층","phone":"043-873-3120","hours":"08:00–22:00","openingDate":"20130405","region":"충북","options":["주차","포인트 적립가능","포인트 사용가능","고유가지원금"],"source":"㈜아성다이소 공식 매장검색","sourceUrl":"https://www.daiso.co.kr/cs/shop"}},{"type":"Feature","geometry":{"type":"Point","coordinates":[127.54721161146,36.905737508706]},"properties":{"name":"음성혁신도시점","address":"충청북도 음성군 맹동면 원중로 13631~2층","phone":"1522-4400","hours":"10:00–22:00","openingDate":"20170810","region":"충북","options":["네임 스티커","심카드","포인트 적립가능","포인트 사용가능","매장픽업"],"source":"㈜아성다이소 공식 매장검색","sourceUrl":"https://www.daiso.co.kr/cs/shop"}},{"type":"Feature","geometry":{"type":"Point","coordinates":[127.92379241038,36.9721614710214]},"properties":{"name":"이마트충주점","address":"충청북도 충주시 중원대로 3420 (문화동)2층","phone":"","hours":"","openingDate":"20250717","region":"충북","options":["주차"],"source":"㈜아성다이소 공식 매장검색","sourceUrl":"https://www.daiso.co.kr/cs/shop"}},{"type":"Feature","geometry":{"type":"Point","coordinates":[128.224525768305,37.1243031743452]},"properties":{"name":"제천본점","address":"충청북도 제천시 장평천로 1 (강제동)1~3층","phone":"1522-4400","hours":"10:00–22:00","openingDate":"20171117","region":"충북","options":["엘리베이터","포토 스티커","네임 스티커","심카드","포인트 적립가능","포인트 사용가능","매장픽업"],"source":"㈜아성다이소 공식 매장검색","sourceUrl":"https://www.daiso.co.kr/cs/shop"}},{"type":"Feature","geometry":{"type":"Point","coordinates":[128.213971211962,37.1471465602269]},"properties":{"name":"제천청전점","address":"충청북도 제천시 의림대로 221 (청전동)1~2층","phone":"043-651-9696","hours":"10:00–22:00","openingDate":"20200627","region":"충북","options":["포인트 적립가능","포인트 사용가능","고유가지원금"],"source":"㈜아성다이소 공식 매장검색","sourceUrl":"https://www.daiso.co.kr/cs/shop"}},{"type":"Feature","geometry":{"type":"Point","coordinates":[127.579804956282,36.7824515277466]},"properties":{"name":"증평점","address":"충청북도 증평군 증평읍 중앙로 1821층","phone":"043-838-0550","hours":"09:00–22:00","openingDate":"20170610","region":"충북","options":["주차","포인트 적립가능","포인트 사용가능","고유가지원금"],"source":"㈜아성다이소 공식 매장검색","sourceUrl":"https://www.daiso.co.kr/cs/shop"}},{"type":"Feature","geometry":{"type":"Point","coordinates":[127.510220419309,36.9131552392557]},"properties":{"name":"진천덕산점","address":"충청북도 진천군 덕산읍 덕금로 8361층","phone":"043-5340-1234","hours":"09:00–22:00","openingDate":"20180801","region":"충북","options":["주차","포인트 적립가능","포인트 사용가능","고유가지원금"],"source":"㈜아성다이소 공식 매장검색","sourceUrl":"https://www.daiso.co.kr/cs/shop"}},{"type":"Feature","geometry":{"type":"Point","coordinates":[127.443781520913,36.8640941725686]},"properties":{"name":"진천점","address":"충청북도 진천군 진천읍 중앙동로 1641~2층","phone":"1522-4400","hours":"10:00–22:00","openingDate":"20231202","region":"충북","options":["주차","엘리베이터","포토 스티커","포인트 적립가능","포인트 사용가능","매장픽업"],"source":"㈜아성다이소 공식 매장검색","sourceUrl":"https://www.daiso.co.kr/cs/shop"}},{"type":"Feature","geometry":{"type":"Point","coordinates":[127.530190075712,36.7195785172666]},"properties":{"name":"청원내수점","address":"충청북도 청주시 청원구 내수읍 내수로 636-11층","phone":"043-213-8385","hours":"09:00–22:00","openingDate":"20121026","region":"충북","options":["주차","포인트 적립가능","포인트 사용가능","고유가지원금"],"source":"㈜아성다이소 공식 매장검색","sourceUrl":"https://www.daiso.co.kr/cs/shop"}},{"type":"Feature","geometry":{"type":"Point","coordinates":[127.440680958944,36.6304224661667]},"properties":{"name":"청주가경복대시장점","address":"충청북도 청주시 흥덕구 복대로 155 (복대동)B1~1층","phone":"043-235-8942","hours":"10:00–22:00","openingDate":"20201101","region":"충북","options":["포인트 적립가능","포인트 사용가능","고유가지원금"],"source":"㈜아성다이소 공식 매장검색","sourceUrl":"https://www.daiso.co.kr/cs/shop"}},{"type":"Feature","geometry":{"type":"Point","coordinates":[127.429620404587,36.6260693965897]},"properties":{"name":"청주강서점","address":"충청북도 청주시 흥덕구 가로수로1164번길 41-56 (강서동)1~3층","phone":"1522-4400","hours":"10:00–22:00","openingDate":"20190719","region":"충북","options":["주차","엘리베이터","포토 스티커","네임 스티커","심카드","포인트 적립가능","포인트 사용가능","매장픽업"],"source":"㈜아성다이소 공식 매장검색","sourceUrl":"https://www.daiso.co.kr/cs/shop"}},{"type":"Feature","geometry":{"type":"Point","coordinates":[127.465711215685,36.6251674738712]},"properties":{"name":"청주개신오거리점","address":"충청북도 청주시 서원구 모충로 15 (개신동)1층","phone":"043-221-6016","hours":"10:00–22:00","openingDate":"20171101","region":"충북","options":["주차","포인트 적립가능","포인트 사용가능","고유가지원금"],"source":"㈜아성다이소 공식 매장검색","sourceUrl":"https://www.daiso.co.kr/cs/shop"}},{"type":"Feature","geometry":{"type":"Point","coordinates":[127.505785489716,36.6291859666624]},"properties":{"name":"청주금천점","address":"충청북도 청주시 상당구 중고개로 311 (금천동)1층","phone":"1522-4400","hours":"10:00–22:00","openingDate":"20110118","region":"충북","options":["심카드","포인트 적립가능","포인트 사용가능","매장픽업"],"source":"㈜아성다이소 공식 매장검색","sourceUrl":"https://www.daiso.co.kr/cs/shop"}},{"type":"Feature","geometry":{"type":"Point","coordinates":[127.517316896419,36.617164777422]},"properties":{"name":"청주동남지구점","address":"충청북도 청주시 상당구 중고개로141번길 11-9 (용암동)2층","phone":"","hours":"10:00–22:00","openingDate":"20241004","region":"충북","options":["주차","출입구 경사로","엘리베이터","현금없는매장","포토 스티커","네임 스티커","포인트 적립가능","포인트 사용가능","매장픽업"],"source":"㈜아성다이소 공식 매장검색","sourceUrl":"https://www.daiso.co.kr/cs/shop"}},{"type":"Feature","geometry":{"type":"Point","coordinates":[127.503307768521,36.6027604415665]},"properties":{"name":"청주방서점","address":"충청북도 청주시 상당구 단재로 309 (방서동)[*미고시]1~3층","phone":"1522-4400","hours":"10:00–22:00","openingDate":"20210630","region":"충북","options":["주차","엘리베이터","포토 스티커","네임 스티커","포인트 적립가능","포인트 사용가능","매장픽업"],"source":"㈜아성다이소 공식 매장검색","sourceUrl":"https://www.daiso.co.kr/cs/shop"}},{"type":"Feature","geometry":{"type":"Point","coordinates":[127.489501895356,36.634959296933]},"properties":{"name":"청주본점","address":"충청북도 청주시 상당구 성안로 19-2 (북문로1가)B2~3층","phone":"1522-4400","hours":"10:00–22:00","openingDate":"20170330","region":"충북","options":["주차","엘리베이터","포토 스티커","네임 스티커","심카드","택스리펀드","포인트 적립가능","포인트 사용가능","매장픽업"],"source":"㈜아성다이소 공식 매장검색","sourceUrl":"https://www.daiso.co.kr/cs/shop"}},{"type":"Feature","geometry":{"type":"Point","coordinates":[127.457169361817,36.6526306485299]},"properties":{"name":"청주봉명점","address":"충청북도 청주시 흥덕구 덕암로30번길 8(봉명동)1~2층","phone":"043-263-7776","hours":"09:00–22:00","openingDate":"20180428","region":"충북","options":["주차","포인트 적립가능","포인트 사용가능","고유가지원금"],"source":"㈜아성다이소 공식 매장검색","sourceUrl":"https://www.daiso.co.kr/cs/shop"}},{"type":"Feature","geometry":{"type":"Point","coordinates":[127.485582084401,36.6123176821277]},"properties":{"name":"청주분평2호점","address":"충청북도 청주시 서원구 청남로 2018 (분평동)1~3층","phone":"1522-4400","hours":"10:00–22:00","openingDate":"20180711","region":"충북","options":["주차","네임 스티커","심카드","포인트 적립가능","포인트 사용가능","매장픽업"],"source":"㈜아성다이소 공식 매장검색","sourceUrl":"https://www.daiso.co.kr/cs/shop"}},{"type":"Feature","geometry":{"type":"Point","coordinates":[127.489294213657,36.6070914311138]},"properties":{"name":"청주분평점","address":"충청북도 청주시 서원구 1순환로 1109(분평동)1~2층","phone":"1522-4400","hours":"10:00–22:00","openingDate":"20120922","region":"충북","options":["주차","출입구 경사로","심카드","포인트 적립가능","포인트 사용가능"],"source":"㈜아성다이소 공식 매장검색","sourceUrl":"https://www.daiso.co.kr/cs/shop"}},{"type":"Feature","geometry":{"type":"Point","coordinates":[127.461022852717,36.6346415355557]},"properties":{"name":"청주사창점","address":"충청북도 청주시 서원구 사직대로 122(사창동)1~2층","phone":"1522-4400","hours":"10:00–22:00","openingDate":"20211022","region":"충북","options":["주차","엘리베이터","포토 스티커","네임 스티커","포인트 적립가능","포인트 사용가능","매장픽업"],"source":"㈜아성다이소 공식 매장검색","sourceUrl":"https://www.daiso.co.kr/cs/shop"}},{"type":"Feature","geometry":{"type":"Point","coordinates":[127.470003295723,36.6160630726824]},"properties":{"name":"청주산남2호점","address":"충청북도 청주시 서원구 1순환로 892 (산남동)1~3층","phone":"1522-4400","hours":"10:00–22:00","openingDate":"20170421","region":"충북","options":["주차","엘리베이터","포토 스티커","네임 스티커","심카드","포인트 적립가능","포인트 사용가능","매장픽업"],"source":"㈜아성다이소 공식 매장검색","sourceUrl":"https://www.daiso.co.kr/cs/shop"}},{"type":"Feature","geometry":{"type":"Point","coordinates":[127.435864167006,36.6425500209696]},"properties":{"name":"청주송정점","address":"충북 청주시 흥덕구 공단로 1371~2층","phone":"","hours":"10:00–22:00","openingDate":"20241225","region":"충북","options":["주차","엘리베이터","현금없는매장","포토 스티커","네임 스티커","포인트 적립가능","포인트 사용가능"],"source":"㈜아성다이소 공식 매장검색","sourceUrl":"https://www.daiso.co.kr/cs/shop"}},{"type":"Feature","geometry":{"type":"Point","coordinates":[127.470538839337,36.6540688680858]},"properties":{"name":"청주신봉네거리점","address":"충청북도 청주시 흥덕구 사운로 301 (신봉동)1~2층","phone":"1522-4400","hours":"10:00–22:00","openingDate":"20170630","region":"충북","options":["주차","네임 스티커","심카드","포인트 적립가능","포인트 사용가능","매장픽업"],"source":"㈜아성다이소 공식 매장검색","sourceUrl":"https://www.daiso.co.kr/cs/shop"}},{"type":"Feature","geometry":{"type":"Point","coordinates":[127.326731028387,36.6321728688672]},"properties":{"name":"청주오송점","address":"충청북도 청주시 흥덕구 오송읍 오송생명로 1581~3층","phone":"1522-4400","hours":"10:00–22:00","openingDate":"20190331","region":"충북","options":["엘리베이터","현금없는매장","네임 스티커","심카드","포인트 적립가능","포인트 사용가능","매장픽업"],"source":"㈜아성다이소 공식 매장검색","sourceUrl":"https://www.daiso.co.kr/cs/shop"}},{"type":"Feature","geometry":{"type":"Point","coordinates":[127.377565378,36.6641261905905]},"properties":{"name":"청주옥산점","address":"충청북도 청주시 흥덕구 옥산면 옥산시내1길 581~2층","phone":"043-263-2353","hours":"08:30–22:00","openingDate":"20180731","region":"충북","options":["주차","포인트 적립가능","포인트 사용가능","고유가지원금"],"source":"㈜아성다이소 공식 매장검색","sourceUrl":"https://www.daiso.co.kr/cs/shop"}},{"type":"Feature","geometry":{"type":"Point","coordinates":[127.505805478183,36.6292677944069]},"properties":{"name":"청주용정점","address":"충청북도 청주시 상당구 1순환로 1496 (용정동)1~3층","phone":"1522-4400","hours":"10:00–22:00","openingDate":"20250710","region":"충북","options":["주차","엘리베이터","현금없는매장","포토 스티커","네임 스티커","포인트 적립가능","포인트 사용가능","매장픽업"],"source":"㈜아성다이소 공식 매장검색","sourceUrl":"https://www.daiso.co.kr/cs/shop"}},{"type":"Feature","geometry":{"type":"Point","coordinates":[127.485768161693,36.6496310549175]},"properties":{"name":"청주우암점","address":"충청북도 청주시 청원구 직지대로 858(우암동)1~2층","phone":"043-225-0425","hours":"10:00–22:00","openingDate":"20160206","region":"충북","options":["포인트 적립가능","포인트 사용가능","고유가지원금"],"source":"㈜아성다이소 공식 매장검색","sourceUrl":"https://www.daiso.co.kr/cs/shop"}},{"type":"Feature","geometry":{"type":"Point","coordinates":[127.493633111939,36.6648701734059]},"properties":{"name":"청주율량2지구점","address":"충청북도 청주시 청원구 충청대로 98 (율량동)1~2층","phone":"1522-4400","hours":"10:00–22:00","openingDate":"20160415","region":"충북","options":["포토 스티커","네임 스티커","심카드","택스리펀드","포인트 적립가능","포인트 사용가능","매장픽업"],"source":"㈜아성다이소 공식 매장검색","sourceUrl":"https://www.daiso.co.kr/cs/shop"}},{"type":"Feature","geometry":{"type":"Point","coordinates":[127.48517645769,36.6676686700636]},"properties":{"name":"청주율량점","address":"충청북도 청주시 청원구 공항로 119(율량동)1~2층","phone":"043-214-8739","hours":"09:30–22:00","openingDate":"20120701","region":"충북","options":["주차","포인트 적립가능","포인트 사용가능","고유가지원금"],"source":"㈜아성다이소 공식 매장검색","sourceUrl":"https://www.daiso.co.kr/cs/shop"}},{"type":"Feature","geometry":{"type":"Point","coordinates":[127.497024314767,36.6778098859695]},"properties":{"name":"청주주중점","address":"충청북도 청주시 청원구 충청대로 233 (주중동)1~2층","phone":"1522-4400","hours":"10:00–22:00","openingDate":"20240815","region":"충북","options":["엘리베이터","현금없는매장","포토 스티커","네임 스티커","포인트 적립가능","포인트 사용가능","매장픽업"],"source":"㈜아성다이소 공식 매장검색","sourceUrl":"https://www.daiso.co.kr/cs/shop"}},{"type":"Feature","geometry":{"type":"Point","coordinates":[128.369602907809,36.9845775784967]},"properties":{"name":"충북단양점","address":"충북 단양군 단양읍 삼봉로 312-11~2층","phone":"043-421-3421","hours":"09:00–21:00","openingDate":"20160701","region":"충북","options":["포인트 적립가능","포인트 사용가능","고유가지원금"],"source":"㈜아성다이소 공식 매장검색","sourceUrl":"https://www.daiso.co.kr/cs/shop"}},{"type":"Feature","geometry":{"type":"Point","coordinates":[127.928585340081,36.9818823020667]},"properties":{"name":"충주법원사거리점","address":"충청북도 충주시 국원대로 118 (교현동)1~3층","phone":"1522-4400","hours":"10:00–22:00","openingDate":"20180422","region":"충북","options":["주차","출입구 경사로","엘리베이터","포토 스티커","심카드","포인트 적립가능","포인트 사용가능","매장픽업"],"source":"㈜아성다이소 공식 매장검색","sourceUrl":"https://www.daiso.co.kr/cs/shop"}},{"type":"Feature","geometry":{"type":"Point","coordinates":[127.947360017354,36.9638840232268]},"properties":{"name":"충주용산점","address":"충청북도 충주시 남산1길 8 (용산동)B1~1층","phone":"1522-4400","hours":"10:00–22:00","openingDate":"20231025","region":"충북","options":["주차","출입구 경사로","포토 스티커","포인트 적립가능","포인트 사용가능","매장픽업"],"source":"㈜아성다이소 공식 매장검색","sourceUrl":"https://www.daiso.co.kr/cs/shop"}},{"type":"Feature","geometry":{"type":"Point","coordinates":[127.929797206978,36.973196579822]},"properties":{"name":"충주점","address":"충청북도 충주시 충인2길 1 (충의동)1~2층","phone":"1522-4400","hours":"10:00–22:00","openingDate":"20130515","region":"충북","options":["출입구 경사로","심카드","포인트 적립가능","포인트 사용가능","매장픽업"],"source":"㈜아성다이소 공식 매장검색","sourceUrl":"https://www.daiso.co.kr/cs/shop"}},{"type":"Feature","geometry":{"type":"Point","coordinates":[127.92080483505,36.9870400712615]},"properties":{"name":"충주칠금점","address":"충청북도 충주시 번영대로 30 (칠금동)1~2층","phone":"043-854-4555","hours":"10:00–22:00","openingDate":"20190108","region":"충북","options":["주차","포인트 적립가능","포인트 사용가능"],"source":"㈜아성다이소 공식 매장검색","sourceUrl":"https://www.daiso.co.kr/cs/shop"}},{"type":"Feature","geometry":{"type":"Point","coordinates":[127.488006387024,36.6081914975547]},"properties":{"name":"하나로마트분평점","address":"충청북도 청주시 서원구 분평로 26 (분평동)1층","phone":"","hours":"10:00–22:00","openingDate":"20230728","region":"충북","options":["주차"],"source":"㈜아성다이소 공식 매장검색","sourceUrl":"https://www.daiso.co.kr/cs/shop"}},{"type":"Feature","geometry":{"type":"Point","coordinates":[127.506441357245,36.6058437271912]},"properties":{"name":"하나로클럽청주점","address":"충청북도 청주시 상당구 무농정로 28 (방서동)1층","phone":"","hours":"09:00–23:00","openingDate":"20050901","region":"충북","options":[],"source":"㈜아성다이소 공식 매장검색","sourceUrl":"https://www.daiso.co.kr/cs/shop"}},{"type":"Feature","geometry":{"type":"Point","coordinates":[127.442238420125,36.6154343869329]},"properties":{"name":"홈플러스청주점","address":"충청북도 청주시 흥덕구 서부로 1291 (가경동)2층","phone":"1522-4400","hours":"10:00–22:00","openingDate":"20180606","region":"충북","options":["주차","포인트 적립가능","포인트 사용가능"],"source":"㈜아성다이소 공식 매장검색","sourceUrl":"https://www.daiso.co.kr/cs/shop"}}]}