{"type":"FeatureCollection","metadata":{"source":"농협경제지주 공식 전국마트찾기","sourceUrl":"https://www.nhhanaro.co.kr/nahh_70005.do?id=nahh001_010100000000","retrievedAt":"2026-09-26T15:31:20+09:00","asOf":"2026-09-26","count":2132,"missingOfficialDetails":10},"features":[{"type":"Feature","geometry":{"type":"Point","coordinates":[128.954217,37.727003]},"properties":{"id":"8808983611433","name":"강릉농협 하나로마트 강동점","address":"","phone":"033-645-7451","hours":"08:30 ~ 20:00","region":"강원","district":"강릉시","facilities":[],"source":"농협경제지주 공식 전국마트찾기","sourceUrl":"https://www.nhhanaro.co.kr/nahh_70005.do?id=nahh001_010100000000"}},{"type":"Feature","geometry":{"type":"Point","coordinates":[128.848067,37.521188]},"properties":{"id":"8808983611341","name":"강릉농협 하나로마트 고단점","address":"","phone":"033-647-8603","hours":"09:00 ~ 18:00","region":"강원","district":"강릉시","facilities":["은행"],"source":"농협경제지주 공식 전국마트찾기","sourceUrl":"https://www.nhhanaro.co.kr/nahh_70005.do?id=nahh001_010100000000"}},{"type":"Feature","geometry":{"type":"Point","coordinates":[128.882882,37.719963]},"properties":{"id":"8808983611464","name":"강릉농협 하나로마트 구정점","address":"","phone":"033-644-7581","hours":"09:00 ~ 19:00","region":"강원","district":"강릉시","facilities":[],"source":"농협경제지주 공식 전국마트찾기","sourceUrl":"https://www.nhhanaro.co.kr/nahh_70005.do?id=nahh001_010100000000"}},{"type":"Feature","geometry":{"type":"Point","coordinates":[128.777394,37.586424]},"properties":{"id":"8808983611334","name":"강릉농협 하나로마트 대기점","address":"","phone":"033-647-2621","hours":"09:00 ~ 18:00","region":"강원","district":"강릉시","facilities":["은행"],"source":"농협경제지주 공식 전국마트찾기","sourceUrl":"https://www.nhhanaro.co.kr/nahh_70005.do?id=nahh001_010100000000"}},{"type":"Feature","geometry":{"type":"Point","coordinates":[128.901561,37.754304]},"properties":{"id":"8808983611389","name":"강릉농협 하나로마트 사업소","address":"","phone":"033-645-0363","hours":"09:00 ~ 22:00","region":"강원","district":"강릉시","facilities":["은행"],"source":"농협경제지주 공식 전국마트찾기","sourceUrl":"https://www.nhhanaro.co.kr/nahh_70005.do?id=nahh001_010100000000"}},{"type":"Feature","geometry":{"type":"Point","coordinates":[128.832511,37.719248]},"properties":{"id":"8808983611426","name":"강릉농협 하나로마트 성산점","address":"","phone":"033-641-9351","hours":"08:30 ~ 20:00","region":"강원","district":"강릉시","facilities":["은행"],"source":"농협경제지주 공식 전국마트찾기","sourceUrl":"https://www.nhhanaro.co.kr/nahh_70005.do?id=nahh001_010100000000"}},{"type":"Feature","geometry":{"type":"Point","coordinates":[128.837562,37.672116]},"properties":{"id":"8808983611327","name":"강릉농협 하나로마트 왕산점","address":"","phone":"033-648-8020","hours":"09:00 ~ 18:00","region":"강원","district":"강릉시","facilities":["은행"],"source":"농협경제지주 공식 전국마트찾기","sourceUrl":"https://www.nhhanaro.co.kr/nahh_70005.do?id=nahh001_010100000000"}},{"type":"Feature","geometry":{"type":"Point","coordinates":[128.89181,37.756937]},"properties":{"id":"8808983611419","name":"강릉농협 하나로마트 임당점","address":"","phone":"033-645-9710","hours":"09:00 ~ 20:00","region":"강원","district":"강릉시","facilities":["은행"],"source":"농협경제지주 공식 전국마트찾기","sourceUrl":"https://www.nhhanaro.co.kr/nahh_70005.do?id=nahh001_010100000000"}},{"type":"Feature","geometry":{"type":"Point","coordinates":[129.033312,37.688133]},"properties":{"id":"8808983611440","name":"강릉농협 하나로마트 정동점","address":"","phone":"033-644-5575","hours":"08:40 ~ 19:00","region":"강원","district":"강릉시","facilities":["은행"],"source":"농협경제지주 공식 전국마트찾기","sourceUrl":"https://www.nhhanaro.co.kr/nahh_70005.do?id=nahh001_010100000000"}},{"type":"Feature","geometry":{"type":"Point","coordinates":[128.849323,37.823574]},"properties":{"id":"8808983611310","name":"강릉사천농협 하나로마트 본점","address":"","phone":"033-641-8253","hours":"08:30 ~ 19:30","region":"강원","district":"강릉시","facilities":["은행"],"source":"농협경제지주 공식 전국마트찾기","sourceUrl":"https://www.nhhanaro.co.kr/nahh_70005.do?id=nahh001_010100000000"}},{"type":"Feature","geometry":{"type":"Point","coordinates":[128.886901,37.757307]},"properties":{"id":"8808983611471","name":"강릉원예농협 하나로마트","address":"","phone":"033-647-5573","hours":"08:30 ~ 22:00","region":"강원","district":"강릉시","facilities":["은행"],"source":"농협경제지주 공식 전국마트찾기","sourceUrl":"https://www.nhhanaro.co.kr/nahh_70005.do?id=nahh001_010100000000"}},{"type":"Feature","geometry":{"type":"Point","coordinates":[128.897997,37.754241]},"properties":{"id":"8808983611488","name":"강릉원예농협 하나로마트 금학점","address":"","phone":"033-646-5801","hours":"08:30 ~ 20:00","region":"강원","district":"강릉시","facilities":["은행"],"source":"농협경제지주 공식 전국마트찾기","sourceUrl":"https://www.nhhanaro.co.kr/nahh_70005.do?id=nahh001_010100000000"}},{"type":"Feature","geometry":{"type":"Point","coordinates":[128.916037,37.779781]},"properties":{"id":"8808983307312","name":"강릉원예농협 하나로마트 초당점","address":"","phone":"033-653-8912","hours":"하절기 09:00 ~ 21:00 · 동절기 00:00 ~ 00:00","region":"강원","district":"강릉시","facilities":["은행"],"source":"농협경제지주 공식 전국마트찾기","sourceUrl":"https://www.nhhanaro.co.kr/nahh_70005.do?id=nahh001_010100000000"}},{"type":"Feature","geometry":{"type":"Point","coordinates":[128.8965349,37.7428837]},"properties":{"id":"8808983328126","name":"강릉원예농협 하나로마트강남점","address":"","phone":"033-647-5576","hours":"00:00 ~ 00:00","region":"강원","district":"강릉시","facilities":["주유소","은행","식자재"],"source":"농협경제지주 공식 전국마트찾기","sourceUrl":"https://www.nhhanaro.co.kr/nahh_70005.do?id=nahh001_010100000000"}},{"type":"Feature","geometry":{"type":"Point","coordinates":[128.93258,37.77952]},"properties":{"id":"8808983338422","name":"강릉축산농협 하나로마트 송정해안로점","address":"","phone":"033-653-9112","hours":"하절기 09:00 ~ 22:00 · 동절기 09:00 ~ 21:00","region":"강원","district":"강릉시","facilities":["은행"],"source":"농협경제지주 공식 전국마트찾기","sourceUrl":"https://www.nhhanaro.co.kr/nahh_70005.do?id=nahh001_010100000000"}},{"type":"Feature","geometry":{"type":"Point","coordinates":[128.880719,37.741279]},"properties":{"id":"8808983617565","name":"강릉축협 하나로마트 내곡점","address":"","phone":"033-655-9995","hours":"09:00 ~ 22:00","region":"강원","district":"강릉시","facilities":["은행"],"source":"농협경제지주 공식 전국마트찾기","sourceUrl":"https://www.nhhanaro.co.kr/nahh_70005.do?id=nahh001_010100000000"}},{"type":"Feature","geometry":{"type":"Point","coordinates":[128.899545,37.752769]},"properties":{"id":"8808983617107","name":"강릉축협 하나로마트 성남점","address":"","phone":"033-646-0006","hours":"08:30 ~ 19:00","region":"강원","district":"강릉시","facilities":["은행"],"source":"농협경제지주 공식 전국마트찾기","sourceUrl":"https://www.nhhanaro.co.kr/nahh_70005.do?id=nahh001_010100000000"}},{"type":"Feature","geometry":{"type":"Point","coordinates":[128.913132,37.7539663]},"properties":{"id":"8808983327037","name":"강릉축협 하나로마트 입암점","address":"","phone":"033-655-4005","hours":"하절기 09:00 ~ 22:00 · 동절기 09:00 ~ 21:00","region":"강원","district":"강릉시","facilities":["은행"],"source":"농협경제지주 공식 전국마트찾기","sourceUrl":"https://www.nhhanaro.co.kr/nahh_70005.do?id=nahh001_010100000000"}},{"type":"Feature","geometry":{"type":"Point","coordinates":[128.92453,37.757126]},"properties":{"id":"8808983617442","name":"강원양돈농협 성덕지점 하나로마트","address":"","phone":"033-647-2215","hours":"08:30 ~ 21:00","region":"강원","district":"강릉시","facilities":[],"source":"농협경제지주 공식 전국마트찾기","sourceUrl":"https://www.nhhanaro.co.kr/nahh_70005.do?id=nahh001_010100000000"}},{"type":"Feature","geometry":{"type":"Point","coordinates":[128.911803,37.77056]},"properties":{"id":"8808983617428","name":"강원양돈농협 송정지점 하나로마트","address":"","phone":"033-651-2212","hours":"08:30 ~ 21:00","region":"강원","district":"강릉시","facilities":["은행"],"source":"농협경제지주 공식 전국마트찾기","sourceUrl":"https://www.nhhanaro.co.kr/nahh_70005.do?id=nahh001_010100000000"}},{"type":"Feature","geometry":{"type":"Point","coordinates":[128.86945,37.7571]},"properties":{"id":"8808983328287","name":"강원양돈농협 유천지점 하나로마트","address":"","phone":"033-648-2212","hours":"08:30 ~ 22:00","region":"강원","district":"강릉시","facilities":[],"source":"농협경제지주 공식 전국마트찾기","sourceUrl":"https://www.nhhanaro.co.kr/nahh_70005.do?id=nahh001_010100000000"}},{"type":"Feature","geometry":{"type":"Point","coordinates":[128.895426,37.753756]},"properties":{"id":"8808983617503","name":"강원양돈농협 하나로마트 대학로점","address":"","phone":"033-655-2212","hours":"08:30 ~ 22:00","region":"강원","district":"강릉시","facilities":[],"source":"농협경제지주 공식 전국마트찾기","sourceUrl":"https://www.nhhanaro.co.kr/nahh_70005.do?id=nahh001_010100000000"}},{"type":"Feature","geometry":{"type":"Point","coordinates":[128.877269,37.763335]},"properties":{"id":"8808983617404","name":"강원양돈농협 하나로마트 본점","address":"","phone":"033-655-2216","hours":"08:30 ~ 22:00","region":"강원","district":"강릉시","facilities":[],"source":"농협경제지주 공식 전국마트찾기","sourceUrl":"https://www.nhhanaro.co.kr/nahh_70005.do?id=nahh001_010100000000"}},{"type":"Feature","geometry":{"type":"Point","coordinates":[128.83592,37.858827]},"properties":{"id":"8808983611457","name":"북강릉농협 하나로마트 연곡점","address":"","phone":"033-660-6149","hours":"하절기 08:00 ~ 21:00 · 동절기 00:00 ~ 00:00","region":"강원","district":"강릉시","facilities":[],"source":"농협경제지주 공식 전국마트찾기","sourceUrl":"https://www.nhhanaro.co.kr/nahh_70005.do?id=nahh001_010100000000"}},{"type":"Feature","geometry":{"type":"Point","coordinates":[128.825503,37.887688]},"properties":{"id":"8808983611372","name":"북강릉농협 하나로마트 주문진점","address":"","phone":"033-662-7855","hours":"08:00 ~ 21:30","region":"강원","district":"강릉시","facilities":["은행"],"source":"농협경제지주 공식 전국마트찾기","sourceUrl":"https://www.nhhanaro.co.kr/nahh_70005.do?id=nahh001_010100000000"}},{"type":"Feature","geometry":{"type":"Point","coordinates":[129.035084,37.60917]},"properties":{"id":"8808983611303","name":"옥계농협 하나로마트 본점","address":"","phone":"033-534-0776","hours":"08:00 ~ 21:00","region":"강원","district":"강릉시","facilities":[],"source":"농협경제지주 공식 전국마트찾기","sourceUrl":"https://www.nhhanaro.co.kr/nahh_70005.do?id=nahh001_010100000000"}},{"type":"Feature","geometry":{"type":"Point","coordinates":[128.454759,38.44674]},"properties":{"id":"8808983611143","name":"거진농협 하나로마트 본점","address":"","phone":"033-682-1697","hours":"하절기 08:30 ~ 19:00 · 동절기 09:00 ~ 19:00","region":"강원","district":"고성군","facilities":["은행"],"source":"농협경제지주 공식 전국마트찾기","sourceUrl":"https://www.nhhanaro.co.kr/nahh_70005.do?id=nahh001_010100000000"}},{"type":"Feature","geometry":{"type":"Point","coordinates":[128.424216,38.499334]},"properties":{"id":"8808983611136","name":"거진농협 하나로마트 현내점","address":"","phone":"033-682-0158","hours":"08:30 ~ 19:00","region":"강원","district":"고성군","facilities":[],"source":"농협경제지주 공식 전국마트찾기","sourceUrl":"https://www.nhhanaro.co.kr/nahh_70005.do?id=nahh001_010100000000"}},{"type":"Feature","geometry":{"type":"Point","coordinates":[128.451493,38.446563]},"properties":{"id":"8808983617558","name":"고성축협 하나로마트 거진점","address":"","phone":"033-682-7201","hours":"08:30 ~ 20:00","region":"강원","district":"고성군","facilities":[],"source":"농협경제지주 공식 전국마트찾기","sourceUrl":"https://www.nhhanaro.co.kr/nahh_70005.do?id=nahh001_010100000000"}},{"type":"Feature","geometry":{"type":"Point","coordinates":[128.469785,38.380606]},"properties":{"id":"8808983611181","name":"금강농협 하나로마트 본점","address":"","phone":"033-681-2294","hours":"하절기 09:00 ~ 19:30 · 동절기 09:00 ~ 19:00","region":"강원","district":"고성군","facilities":["주유소","은행"],"source":"농협경제지주 공식 전국마트찾기","sourceUrl":"https://www.nhhanaro.co.kr/nahh_70005.do?id=nahh001_010100000000"}},{"type":"Feature","geometry":{"type":"Point","coordinates":[128.524837,38.329722]},"properties":{"id":"8808983611198","name":"금강농협 하나로마트 죽왕점","address":"","phone":"033-637-0062","hours":"하절기 09:00 ~ 20:00 · 동절기 09:00 ~ 19:00","region":"강원","district":"고성군","facilities":["은행"],"source":"농협경제지주 공식 전국마트찾기","sourceUrl":"https://www.nhhanaro.co.kr/nahh_70005.do?id=nahh001_010100000000"}},{"type":"Feature","geometry":{"type":"Point","coordinates":[128.543567,38.292418]},"properties":{"id":"8808983611174","name":"토성농협 하나로마트 백촌점","address":"","phone":"033-632-1521","hours":"08:00 ~ 18:00","region":"강원","district":"고성군","facilities":["은행"],"source":"농협경제지주 공식 전국마트찾기","sourceUrl":"https://www.nhhanaro.co.kr/nahh_70005.do?id=nahh001_010100000000"}},{"type":"Feature","geometry":{"type":"Point","coordinates":[128.559024,38.256731]},"properties":{"id":"8808983611150","name":"토성농협 하나로마트 본점","address":"","phone":"033-633-5839","hours":"09:00 ~ 20:00","region":"강원","district":"고성군","facilities":["은행"],"source":"농협경제지주 공식 전국마트찾기","sourceUrl":"https://www.nhhanaro.co.kr/nahh_70005.do?id=nahh001_010100000000"}},{"type":"Feature","geometry":{"type":"Point","coordinates":[128.55513,38.273534]},"properties":{"id":"8808983611167","name":"토성농협 하나로마트 아야진점","address":"","phone":"033-633-5835","hours":"08:30 ~ 19:30","region":"강원","district":"고성군","facilities":[],"source":"농협경제지주 공식 전국마트찾기","sourceUrl":"https://www.nhhanaro.co.kr/nahh_70005.do?id=nahh001_010100000000"}},{"type":"Feature","geometry":{"type":"Point","coordinates":[129.111115,37.4868167]},"properties":{"id":"8808983332536","name":"동해농협 하나로마트 본점","address":"","phone":"033-522-0775","hours":"09:00 ~ 22:00","region":"강원","district":"동해시","facilities":["은행","식자재"],"source":"농협경제지주 공식 전국마트찾기","sourceUrl":"https://www.nhhanaro.co.kr/nahh_70005.do?id=nahh001_010100000000"}},{"type":"Feature","geometry":{"type":"Point","coordinates":[129.107849,37.492654]},"properties":{"id":"8808983611549","name":"동해농협 하나로마트 북삼점","address":"","phone":"033-521-9152","hours":"09:00 ~ 18:00","region":"강원","district":"동해시","facilities":["은행"],"source":"농협경제지주 공식 전국마트찾기","sourceUrl":"https://www.nhhanaro.co.kr/nahh_70005.do?id=nahh001_010100000000"}},{"type":"Feature","geometry":{"type":"Point","coordinates":[129.126693,37.482421]},"properties":{"id":"8808983611556","name":"동해농협 하나로마트 북평점","address":"","phone":"033-522-3143","hours":"09:00 ~ 20:00","region":"강원","district":"동해시","facilities":["은행"],"source":"농협경제지주 공식 전국마트찾기","sourceUrl":"https://www.nhhanaro.co.kr/nahh_70005.do?id=nahh001_010100000000"}},{"type":"Feature","geometry":{"type":"Point","coordinates":[129.124148,37.496681]},"properties":{"id":"8808983611525","name":"동해농협 하나로마트 송정점","address":"","phone":"033-522-5786","hours":"09:00 ~ 18:00","region":"강원","district":"동해시","facilities":["은행"],"source":"농협경제지주 공식 전국마트찾기","sourceUrl":"https://www.nhhanaro.co.kr/nahh_70005.do?id=nahh001_010100000000"}},{"type":"Feature","geometry":{"type":"Point","coordinates":[129.114198,37.520401]},"properties":{"id":"8808983611532","name":"동해농협 하나로마트 천곡점","address":"","phone":"033-533-9213","hours":"09:00 ~ 20:00","region":"강원","district":"동해시","facilities":["은행"],"source":"농협경제지주 공식 전국마트찾기","sourceUrl":"https://www.nhhanaro.co.kr/nahh_70005.do?id=nahh001_010100000000"}},{"type":"Feature","geometry":{"type":"Point","coordinates":[129.11118,37.523646]},"properties":{"id":"8808983617381","name":"동해삼척태백축협 하나로마트 천곡점","address":"","phone":"033-532-4713","hours":"하절기 09:00 ~ 20:00 · 동절기 00:00 ~ 00:00","region":"강원","district":"동해시","facilities":["은행"],"source":"농협경제지주 공식 전국마트찾기","sourceUrl":"https://www.nhhanaro.co.kr/nahh_70005.do?id=nahh001_010100000000"}},{"type":"Feature","geometry":{"type":"Point","coordinates":[129.102213,37.543147]},"properties":{"id":"8808983611693","name":"묵호농협 하나로마트 본점","address":"","phone":"033-532-3772","hours":"하절기 08:00 ~ 19:00 · 동절기 00:00 ~ 00:00","region":"강원","district":"동해시","facilities":["은행"],"source":"농협경제지주 공식 전국마트찾기","sourceUrl":"https://www.nhhanaro.co.kr/nahh_70005.do?id=nahh001_010100000000"}},{"type":"Feature","geometry":{"type":"Point","coordinates":[129.102842,37.538222]},"properties":{"id":"8808983611686","name":"묵호농협 하나로마트 부곡점","address":"","phone":"033-533-8007","hours":"08:00 ~ 21:00","region":"강원","district":"동해시","facilities":["은행"],"source":"농협경제지주 공식 전국마트찾기","sourceUrl":"https://www.nhhanaro.co.kr/nahh_70005.do?id=nahh001_010100000000"}},{"type":"Feature","geometry":{"type":"Point","coordinates":[129.1051332,37.5307515]},"properties":{"id":"8808983325880","name":"묵호농협 하나로마트 평릉점","address":"","phone":"033-535-0014","hours":"하절기 09:00 ~ 21:00 · 동절기 00:00 ~ 00:00","region":"강원","district":"동해시","facilities":["주유소","은행","식자재"],"source":"농협경제지주 공식 전국마트찾기","sourceUrl":"https://www.nhhanaro.co.kr/nahh_70005.do?id=nahh001_010100000000"}},{"type":"Feature","geometry":{"type":"Point","coordinates":[129.225616,37.382006]},"properties":{"id":"8808983611617","name":"근덕농협 하나로마트 본점","address":"","phone":"033-572-3900","hours":"08:00 ~ 19:00","region":"강원","district":"삼척시","facilities":[],"source":"농협경제지주 공식 전국마트찾기","sourceUrl":"https://www.nhhanaro.co.kr/nahh_70005.do?id=nahh001_010100000000"}},{"type":"Feature","geometry":{"type":"Point","coordinates":[129.044106,37.23535]},"properties":{"id":"8808983611594","name":"도계농협 하나로마트 본점","address":"","phone":"033-541-0064","hours":"하절기 08:40 ~ 20:00 · 동절기 08:40 ~ 19:00","region":"강원","district":"삼척시","facilities":["주유소","은행"],"source":"농협경제지주 공식 전국마트찾기","sourceUrl":"https://www.nhhanaro.co.kr/nahh_70005.do?id=nahh001_010100000000"}},{"type":"Feature","geometry":{"type":"Point","coordinates":[129.167432,37.442533]},"properties":{"id":"8808983617497","name":"동해삼척태백축협 하나로마트 본점","address":"","phone":"033-573-5031","hours":"09:00 ~ 21:00","region":"강원","district":"삼척시","facilities":["은행"],"source":"농협경제지주 공식 전국마트찾기","sourceUrl":"https://www.nhhanaro.co.kr/nahh_70005.do?id=nahh001_010100000000"}},{"type":"Feature","geometry":{"type":"Point","coordinates":[129.171319,37.443927]},"properties":{"id":"8808983617206","name":"동해삼척태백축협 하나로마트 제2판매장","address":"","phone":"033-573-5610","hours":"09:00 ~ 21:00","region":"강원","district":"삼척시","facilities":["은행"],"source":"농협경제지주 공식 전국마트찾기","sourceUrl":"https://www.nhhanaro.co.kr/nahh_70005.do?id=nahh001_010100000000"}},{"type":"Feature","geometry":{"type":"Point","coordinates":[129.112832,37.416127]},"properties":{"id":"8808983611679","name":"삼척농협 하나로마트 미로점","address":"","phone":"033-573-0429","hours":"08:30 ~ 18:00","region":"강원","district":"삼척시","facilities":["은행"],"source":"농협경제지주 공식 전국마트찾기","sourceUrl":"https://www.nhhanaro.co.kr/nahh_70005.do?id=nahh001_010100000000"}},{"type":"Feature","geometry":{"type":"Point","coordinates":[129.175317,37.448825]},"properties":{"id":"8808983611518","name":"삼척농협 하나로마트 사업소","address":"","phone":"033-572-2184","hours":"09:00 ~ 22:00","region":"강원","district":"삼척시","facilities":[],"source":"농협경제지주 공식 전국마트찾기","sourceUrl":"https://www.nhhanaro.co.kr/nahh_70005.do?id=nahh001_010100000000"}},{"type":"Feature","geometry":{"type":"Point","coordinates":[129.172102,37.434035]},"properties":{"id":"8808983611501","name":"삼척농협 하나로마트 사직점","address":"","phone":"033-572-8505","hours":"하절기 08:30 ~ 17:50 · 동절기 00:00 ~ 00:00","region":"강원","district":"삼척시","facilities":[],"source":"농협경제지주 공식 전국마트찾기","sourceUrl":"https://www.nhhanaro.co.kr/nahh_70005.do?id=nahh001_010100000000"}},{"type":"Feature","geometry":{"type":"Point","coordinates":[129.1641353,37.4661463]},"properties":{"id":"8808983333397","name":"삼척농협 하나로마트 이사부점","address":"","phone":"033-575-2490","hours":"09:00 ~ 21:00","region":"강원","district":"삼척시","facilities":["은행"],"source":"농협경제지주 공식 전국마트찾기","sourceUrl":"https://www.nhhanaro.co.kr/nahh_70005.do?id=nahh001_010100000000"}},{"type":"Feature","geometry":{"type":"Point","coordinates":[128.943005,37.351069]},"properties":{"id":"8808983611655","name":"삼척농협 하나로마트 하장점","address":"","phone":"033-552-0040","hours":"하절기 09:00 ~ 18:00 · 동절기 00:00 ~ 00:00","region":"강원","district":"삼척시","facilities":[],"source":"농협경제지주 공식 전국마트찾기","sourceUrl":"https://www.nhhanaro.co.kr/nahh_70005.do?id=nahh001_010100000000"}},{"type":"Feature","geometry":{"type":"Point","coordinates":[129.205067,37.150779]},"properties":{"id":"8808983611631","name":"원덕농협 하나로마트 가곡점","address":"","phone":"033-572-6856","hours":"하절기 08:40 ~ 17:00 · 동절기 08:40 ~ 16:30","region":"강원","district":"삼척시","facilities":["은행"],"source":"농협경제지주 공식 전국마트찾기","sourceUrl":"https://www.nhhanaro.co.kr/nahh_70005.do?id=nahh001_010100000000"}},{"type":"Feature","geometry":{"type":"Point","coordinates":[129.33591,37.17593]},"properties":{"id":"8808983611624","name":"원덕농협 하나로마트 본점","address":"","phone":"033-572-6853","hours":"하절기 08:30 ~ 20:30 · 동절기 08:30 ~ 19:00","region":"강원","district":"삼척시","facilities":[],"source":"농협경제지주 공식 전국마트찾기","sourceUrl":"https://www.nhhanaro.co.kr/nahh_70005.do?id=nahh001_010100000000"}},{"type":"Feature","geometry":{"type":"Point","coordinates":[129.342151,37.233969]},"properties":{"id":"8808983611648","name":"원덕농협 하나로마트 임원점","address":"","phone":"033-572-6855","hours":"하절기 08:40 ~ 17:00 · 동절기 08:40 ~ 16:30","region":"강원","district":"삼척시","facilities":["은행"],"source":"농협경제지주 공식 전국마트찾기","sourceUrl":"https://www.nhhanaro.co.kr/nahh_70005.do?id=nahh001_010100000000"}},{"type":"Feature","geometry":{"type":"Point","coordinates":[128.589205,38.206373]},"properties":{"id":"8808983611266","name":"속초농협 하나로마트 중앙시장점","address":"","phone":"033-633-1508","hours":"10:00 ~ 20:00","region":"강원","district":"속초시","facilities":[],"source":"농협경제지주 공식 전국마트찾기","sourceUrl":"https://www.nhhanaro.co.kr/nahh_70005.do?id=nahh001_010100000000"}},{"type":"Feature","geometry":{"type":"Point","coordinates":[128.578984,38.194567]},"properties":{"id":"8808983305684","name":"속초농협하나로마트 엑스포점","address":"","phone":"033-630-1500","hours":"하절기 09:00 ~ 22:00 · 동절기 00:00 ~ 00:00","region":"강원","district":"속초시","facilities":["주유소","은행","식자재"],"source":"농협경제지주 공식 전국마트찾기","sourceUrl":"https://www.nhhanaro.co.kr/nahh_70005.do?id=nahh001_010100000000"}},{"type":"Feature","geometry":{"type":"Point","coordinates":[128.0338673,38.1097607]},"properties":{"id":"8808983611020","name":"양구농협 하나로마트 국토정중앙점","address":"","phone":"033-481-4051","hours":"하절기 09:00 ~ 18:00 · 동절기 00:00 ~ 00:00","region":"강원","district":"양구군","facilities":["은행"],"source":"농협경제지주 공식 전국마트찾기","sourceUrl":"https://www.nhhanaro.co.kr/nahh_70005.do?id=nahh001_010100000000"}},{"type":"Feature","geometry":{"type":"Point","coordinates":[128.045463,38.202391]},"properties":{"id":"8808983611051","name":"양구농협 하나로마트 동면지점","address":"","phone":"033-481-8095","hours":"08:00 ~ 20:00","region":"강원","district":"양구군","facilities":["은행"],"source":"농협경제지주 공식 전국마트찾기","sourceUrl":"https://www.nhhanaro.co.kr/nahh_70005.do?id=nahh001_010100000000"}},{"type":"Feature","geometry":{"type":"Point","coordinates":[127.948419,38.208633]},"properties":{"id":"8808983611037","name":"양구농협 하나로마트 방산점","address":"","phone":"033-481-8151","hours":"08:30 ~ 18:00","region":"강원","district":"양구군","facilities":["은행"],"source":"농협경제지주 공식 전국마트찾기","sourceUrl":"https://www.nhhanaro.co.kr/nahh_70005.do?id=nahh001_010100000000"}},{"type":"Feature","geometry":{"type":"Point","coordinates":[127.992484,38.096751]},"properties":{"id":"8808983322827","name":"양구농협 하나로마트 정중앙점","address":"","phone":"033-481-2089","hours":"하절기 08:00 ~ 22:00 · 동절기 08:00 ~ 21:00","region":"강원","district":"양구군","facilities":["은행"],"source":"농협경제지주 공식 전국마트찾기","sourceUrl":"https://www.nhhanaro.co.kr/nahh_70005.do?id=nahh001_010100000000"}},{"type":"Feature","geometry":{"type":"Point","coordinates":[128.139113,38.287567]},"properties":{"id":"8808983611044","name":"양구농협 하나로마트 해안점","address":"","phone":"033-481-0790","hours":"08:00 ~ 20:00","region":"강원","district":"양구군","facilities":[],"source":"농협경제지주 공식 전국마트찾기","sourceUrl":"https://www.nhhanaro.co.kr/nahh_70005.do?id=nahh001_010100000000"}},{"type":"Feature","geometry":{"type":"Point","coordinates":[128.624873,38.116524]},"properties":{"id":"8808983611228","name":"강현농협 하나로마트 낙산점","address":"","phone":"033-671-8952","hours":"08:30 ~ 21:00","region":"강원","district":"양양군","facilities":["은행"],"source":"농협경제지주 공식 전국마트찾기","sourceUrl":"https://www.nhhanaro.co.kr/nahh_70005.do?id=nahh001_010100000000"}},{"type":"Feature","geometry":{"type":"Point","coordinates":[128.607063,38.154035]},"properties":{"id":"8808983611211","name":"강현농협 하나로마트 본점","address":"","phone":"033-671-5810","hours":"08:00 ~ 19:30","region":"강원","district":"양양군","facilities":[],"source":"농협경제지주 공식 전국마트찾기","sourceUrl":"https://www.nhhanaro.co.kr/nahh_70005.do?id=nahh001_010100000000"}},{"type":"Feature","geometry":{"type":"Point","coordinates":[128.585041,38.071112]},"properties":{"id":"8808983611259","name":"서광농협 하나로마트 본점","address":"","phone":"033-672-2954","hours":"08:00 ~ 19:00","region":"강원","district":"양양군","facilities":["은행"],"source":"농협경제지주 공식 전국마트찾기","sourceUrl":"https://www.nhhanaro.co.kr/nahh_70005.do?id=nahh001_010100000000"}},{"type":"Feature","geometry":{"type":"Point","coordinates":[128.623649,38.07577]},"properties":{"id":"8808983617176","name":"속초양양축협 하나로마트 본점","address":"","phone":"033-670-3228","hours":"08:00 ~ 20:00","region":"강원","district":"양양군","facilities":["은행"],"source":"농협경제지주 공식 전국마트찾기","sourceUrl":"https://www.nhhanaro.co.kr/nahh_70005.do?id=nahh001_010100000000"}},{"type":"Feature","geometry":{"type":"Point","coordinates":[128.613281,38.074897]},"properties":{"id":"8808983611242","name":"양양농협 하나로마트 본점","address":"","phone":"033-671-0074","hours":"08:30 ~ 21:00","region":"강원","district":"양양군","facilities":[],"source":"농협경제지주 공식 전국마트찾기","sourceUrl":"https://www.nhhanaro.co.kr/nahh_70005.do?id=nahh001_010100000000"}},{"type":"Feature","geometry":{"type":"Point","coordinates":[128.75891,37.972298]},"properties":{"id":"8808983611235","name":"하조대농협 하나로마트 본점","address":"","phone":"033-671-6311","hours":"08:00 ~ 21:00","region":"강원","district":"양양군","facilities":["은행"],"source":"농협경제지주 공식 전국마트찾기","sourceUrl":"https://www.nhhanaro.co.kr/nahh_70005.do?id=nahh001_010100000000"}},{"type":"Feature","geometry":{"type":"Point","coordinates":[128.722796,38.019873]},"properties":{"id":"8808983611297","name":"하조대농협 하나로마트 현북점","address":"","phone":"033-672-1008","hours":"08:00 ~ 21:00","region":"강원","district":"양양군","facilities":["은행"],"source":"농협경제지주 공식 전국마트찾기","sourceUrl":"https://www.nhhanaro.co.kr/nahh_70005.do?id=nahh001_010100000000"}},{"type":"Feature","geometry":{"type":"Point","coordinates":[128.63531,37.103379]},"properties":{"id":"8808983610702","name":"영월농협 하나로마트 김삿갓점","address":"","phone":"033-373-4405","hours":"09:00 ~ 18:00","region":"강원","district":"영월군","facilities":["은행"],"source":"농협경제지주 공식 전국마트찾기","sourceUrl":"https://www.nhhanaro.co.kr/nahh_70005.do?id=nahh001_010100000000"}},{"type":"Feature","geometry":{"type":"Point","coordinates":[128.693253,37.170332]},"properties":{"id":"8808983610719","name":"영월농협 하나로마트 산솔점","address":"","phone":"033-373-4405","hours":"하절기 09:00 ~ 18:00 · 동절기 00:00 ~ 00:00","region":"강원","district":"영월군","facilities":["은행"],"source":"농협경제지주 공식 전국마트찾기","sourceUrl":"https://www.nhhanaro.co.kr/nahh_70005.do?id=nahh001_010100000000"}},{"type":"Feature","geometry":{"type":"Point","coordinates":[128.467936,37.183305]},"properties":{"id":"8808983610689","name":"영월농협하나로마트","address":"","phone":"033-373-4405","hours":"하절기 09:00 ~ 21:00 · 동절기 09:00 ~ 20:00","region":"강원","district":"영월군","facilities":["은행"],"source":"농협경제지주 공식 전국마트찾기","sourceUrl":"https://www.nhhanaro.co.kr/nahh_70005.do?id=nahh001_010100000000"}},{"type":"Feature","geometry":{"type":"Point","coordinates":[128.407223,37.190881]},"properties":{"id":"8808983610740","name":"한반도농협 하나로마트 남면점","address":"","phone":"033-372-4034","hours":"08:00 ~ 18:00","region":"강원","district":"영월군","facilities":["은행"],"source":"농협경제지주 공식 전국마트찾기","sourceUrl":"https://www.nhhanaro.co.kr/nahh_70005.do?id=nahh001_010100000000"}},{"type":"Feature","geometry":{"type":"Point","coordinates":[128.271091,37.2699505]},"properties":{"id":"8808983610696","name":"한반도농협 하나로마트 사업소","address":"","phone":"033-372-8545","hours":"하절기 08:00 ~ 21:00 · 동절기 08:30 ~ 20:00","region":"강원","district":"영월군","facilities":[],"source":"농협경제지주 공식 전국마트찾기","sourceUrl":"https://www.nhhanaro.co.kr/nahh_70005.do?id=nahh001_010100000000"}},{"type":"Feature","geometry":{"type":"Point","coordinates":[128.32732,37.235374]},"properties":{"id":"8808983610733","name":"한반도농협 하나로마트 신천점","address":"","phone":"033-372-6071","hours":"08:00 ~ 18:00","region":"강원","district":"영월군","facilities":[],"source":"농협경제지주 공식 전국마트찾기","sourceUrl":"https://www.nhhanaro.co.kr/nahh_70005.do?id=nahh001_010100000000"}},{"type":"Feature","geometry":{"type":"Point","coordinates":[128.320499,37.181595]},"properties":{"id":"8808983610726","name":"한반도농협 하나로마트 쌍용점","address":"","phone":"033-372-5055","hours":"08:30 ~ 18:00","region":"강원","district":"영월군","facilities":["은행"],"source":"농협경제지주 공식 전국마트찾기","sourceUrl":"https://www.nhhanaro.co.kr/nahh_70005.do?id=nahh001_010100000000"}},{"type":"Feature","geometry":{"type":"Point","coordinates":[127.883923,37.169942]},"properties":{"id":"8808983610566","name":"남원주농협 하나로마트 귀래점","address":"","phone":"033-762-4049","hours":"하절기 08:00 ~ 19:00 · 동절기 00:00 ~ 00:00","region":"강원","district":"원주시","facilities":[],"source":"농협경제지주 공식 전국마트찾기","sourceUrl":"https://www.nhhanaro.co.kr/nahh_70005.do?id=nahh001_010100000000"}},{"type":"Feature","geometry":{"type":"Point","coordinates":[127.919602,37.303184]},"properties":{"id":"8808983610573","name":"남원주농협 하나로마트 본점","address":"","phone":"033-737-8888","hours":"하절기 08:30 ~ 22:00 · 동절기 00:00 ~ 00:00","region":"강원","district":"원주시","facilities":["주유소","은행"],"source":"농협경제지주 공식 전국마트찾기","sourceUrl":"https://www.nhhanaro.co.kr/nahh_70005.do?id=nahh001_010100000000"}},{"type":"Feature","geometry":{"type":"Point","coordinates":[127.815779,37.30688]},"properties":{"id":"8808983610535","name":"문막농협 하나로마트","address":"","phone":"033-734-2160","hours":"하절기 08:30 ~ 22:00 · 동절기 00:00 ~ 00:00","region":"강원","district":"원주시","facilities":[],"source":"농협경제지주 공식 전국마트찾기","sourceUrl":"https://www.nhhanaro.co.kr/nahh_70005.do?id=nahh001_010100000000"}},{"type":"Feature","geometry":{"type":"Point","coordinates":[127.830048,37.327546]},"properties":{"id":"8808983610542","name":"문막농협 하나로마트 동화점","address":"","phone":"033-734-2180","hours":"80:30 ~ 22:00","region":"강원","district":"원주시","facilities":[],"source":"농협경제지주 공식 전국마트찾기","sourceUrl":"https://www.nhhanaro.co.kr/nahh_70005.do?id=nahh001_010100000000"}},{"type":"Feature","geometry":{"type":"Point","coordinates":[127.749254,37.208806]},"properties":{"id":"8808983610559","name":"문막농협 하나로마트 부론점","address":"","phone":"033-731-5627","hours":"09:00 ~ 20:00","region":"강원","district":"원주시","facilities":[],"source":"농협경제지주 공식 전국마트찾기","sourceUrl":"https://www.nhhanaro.co.kr/nahh_70005.do?id=nahh001_010100000000"}},{"type":"Feature","geometry":{"type":"Point","coordinates":[127.991929,37.431123]},"properties":{"id":"8808983610481","name":"소초농협 하나로마트 본점","address":"","phone":"033-732-7383","hours":"08:30 ~ 19:00","region":"강원","district":"원주시","facilities":["은행"],"source":"농협경제지주 공식 전국마트찾기","sourceUrl":"https://www.nhhanaro.co.kr/nahh_70005.do?id=nahh001_010100000000"}},{"type":"Feature","geometry":{"type":"Point","coordinates":[127.974788,37.398645]},"properties":{"id":"8808983610498","name":"소초농협 하나로마트 장양점","address":"","phone":"033-747-7063","hours":"하절기 08:30 ~ 18:00 · 동절기 00:00 ~ 00:00","region":"강원","district":"원주시","facilities":["은행"],"source":"농협경제지주 공식 전국마트찾기","sourceUrl":"https://www.nhhanaro.co.kr/nahh_70005.do?id=nahh001_010100000000"}},{"type":"Feature","geometry":{"type":"Point","coordinates":[127.930289,37.347508]},"properties":{"id":"8808983610634","name":"원주농협 하나로마트 단계점","address":"","phone":"033-741-5566","hours":"09:00 ~ 21:00","region":"강원","district":"원주시","facilities":["은행"],"source":"농협경제지주 공식 전국마트찾기","sourceUrl":"https://www.nhhanaro.co.kr/nahh_70005.do?id=nahh001_010100000000"}},{"type":"Feature","geometry":{"type":"Point","coordinates":[127.950729,37.348671]},"properties":{"id":"8808983323879","name":"원주농협 하나로마트 중앙점","address":"","phone":"033-746-6101","hours":"하절기 09:00 ~ 19:00 · 동절기 00:00 ~ 00:00","region":"강원","district":"원주시","facilities":["은행"],"source":"농협경제지주 공식 전국마트찾기","sourceUrl":"https://www.nhhanaro.co.kr/nahh_70005.do?id=nahh001_010100000000"}},{"type":"Feature","geometry":{"type":"Point","coordinates":[127.777515,37.363972]},"properties":{"id":"8808983610528","name":"원주농협 하나로마트 지정점","address":"","phone":"033-732-9293","hours":"09:00 ~ 18:00","region":"강원","district":"원주시","facilities":["은행"],"source":"농협경제지주 공식 전국마트찾기","sourceUrl":"https://www.nhhanaro.co.kr/nahh_70005.do?id=nahh001_010100000000"}},{"type":"Feature","geometry":{"type":"Point","coordinates":[127.97325,37.340199]},"properties":{"id":"8808983307053","name":"원주농협 하나로마트 행구점","address":"","phone":"033-732-5030","hours":"09:00 ~ 21:00","region":"강원","district":"원주시","facilities":[],"source":"농협경제지주 공식 전국마트찾기","sourceUrl":"https://www.nhhanaro.co.kr/nahh_70005.do?id=nahh001_010100000000"}},{"type":"Feature","geometry":{"type":"Point","coordinates":[127.925214,37.411438]},"properties":{"id":"8808983610504","name":"원주농협 하나로마트 호저점","address":"","phone":"033-732-6420","hours":"08:30 ~ 18:00","region":"강원","district":"원주시","facilities":["은행"],"source":"농협경제지주 공식 전국마트찾기","sourceUrl":"https://www.nhhanaro.co.kr/nahh_70005.do?id=nahh001_010100000000"}},{"type":"Feature","geometry":{"type":"Point","coordinates":[128.082691,37.228768]},"properties":{"id":"8808983610603","name":"원주신림농협 하나로마트 본점","address":"","phone":"033-763-7411","hours":"08:00 ~ 19:00","region":"강원","district":"원주시","facilities":["은행"],"source":"농협경제지주 공식 전국마트찾기","sourceUrl":"https://www.nhhanaro.co.kr/nahh_70005.do?id=nahh001_010100000000"}},{"type":"Feature","geometry":{"type":"Point","coordinates":[128.1900274,37.2620664]},"properties":{"id":"8808983610597","name":"원주신림농협 하나로마트 황둔점","address":"","phone":"033-764-6075","hours":"하절기 08:40 ~ 18:00 · 동절기 00:00 ~ 00:00","region":"강원","district":"원주시","facilities":["주유소","은행"],"source":"농협경제지주 공식 전국마트찾기","sourceUrl":"https://www.nhhanaro.co.kr/nahh_70005.do?id=nahh001_010100000000"}},{"type":"Feature","geometry":{"type":"Point","coordinates":[127.981586,37.324721]},"properties":{"id":"8808983328300","name":"원주원예농협 하나로마트 혁신도시점","address":"","phone":"033-742-3333","hours":"00:00 ~ 00:00","region":"강원","district":"원주시","facilities":["주유소","문화센터","은행","식자재"],"source":"농협경제지주 공식 전국마트찾기","sourceUrl":"https://www.nhhanaro.co.kr/nahh_70005.do?id=nahh001_010100000000"}},{"type":"Feature","geometry":{"type":"Point","coordinates":[127.938624,37.340925]},"properties":{"id":"8808983610641","name":"원주원예농협 하나로클럽","address":"","phone":"033-749-8888","hours":"09:00 ~ 22:00","region":"강원","district":"원주시","facilities":["은행"],"source":"농협경제지주 공식 전국마트찾기","sourceUrl":"https://www.nhhanaro.co.kr/nahh_70005.do?id=nahh001_010100000000"}},{"type":"Feature","geometry":{"type":"Point","coordinates":[127.942663,37.357012]},"properties":{"id":"8808983617077","name":"원주축산농협 하나로마트","address":"","phone":"033-738-0000","hours":"하절기 09:00 ~ 22:00 · 동절기 00:00 ~ 00:00","region":"강원","district":"원주시","facilities":["은행"],"source":"농협경제지주 공식 전국마트찾기","sourceUrl":"https://www.nhhanaro.co.kr/nahh_70005.do?id=nahh001_010100000000"}},{"type":"Feature","geometry":{"type":"Point","coordinates":[127.8726745,37.3822288]},"properties":{"id":"8808983330549","name":"원주축산농협축산물판매장","address":"","phone":"033-738-6557","hours":"하절기 10:00 ~ 18:00 · 동절기 00:00 ~ 00:00","region":"강원","district":"원주시","facilities":["은행"],"source":"농협경제지주 공식 전국마트찾기","sourceUrl":"https://www.nhhanaro.co.kr/nahh_70005.do?id=nahh001_010100000000"}},{"type":"Feature","geometry":{"type":"Point","coordinates":[127.964772,37.320165]},"properties":{"id":"8808983610580","name":"판부농협 하나로마트","address":"","phone":"033-769-0200","hours":"08:00 ~ 21:00","region":"강원","district":"원주시","facilities":["은행"],"source":"농협경제지주 공식 전국마트찾기","sourceUrl":"https://www.nhhanaro.co.kr/nahh_70005.do?id=nahh001_010100000000"}},{"type":"Feature","geometry":{"type":"Point","coordinates":[128.317936,37.954999]},"properties":{"id":"8808983611129","name":"기린농협 하나로마트 본점","address":"","phone":"033-461-5016","hours":"08:00 ~ 21:00","region":"강원","district":"인제군","facilities":[],"source":"농협경제지주 공식 전국마트찾기","sourceUrl":"https://www.nhhanaro.co.kr/nahh_70005.do?id=nahh001_010100000000"}},{"type":"Feature","geometry":{"type":"Point","coordinates":[128.174014,38.067484]},"properties":{"id":"8808983611105","name":"인제농협 하나로마트 본점","address":"","phone":"033-461-2572","hours":"08:30 ~ 22:00","region":"강원","district":"인제군","facilities":[],"source":"농협경제지주 공식 전국마트찾기","sourceUrl":"https://www.nhhanaro.co.kr/nahh_70005.do?id=nahh001_010100000000"}},{"type":"Feature","geometry":{"type":"Point","coordinates":[128.20971,38.223323]},"properties":{"id":"8808983611075","name":"인제농협 하나로마트 서화점","address":"","phone":"033-460-0977","hours":"09:00 ~ 19:00","region":"강원","district":"인제군","facilities":[],"source":"농협경제지주 공식 전국마트찾기","sourceUrl":"https://www.nhhanaro.co.kr/nahh_70005.do?id=nahh001_010100000000"}},{"type":"Feature","geometry":{"type":"Point","coordinates":[128.07985,37.968746]},"properties":{"id":"8808983611082","name":"인제농협 하나로마트 신남점","address":"","phone":"033-460-0960","hours":"08:30 ~ 19:00","region":"강원","district":"인제군","facilities":[],"source":"농협경제지주 공식 전국마트찾기","sourceUrl":"https://www.nhhanaro.co.kr/nahh_70005.do?id=nahh001_010100000000"}},{"type":"Feature","geometry":{"type":"Point","coordinates":[128.203142,38.120316]},"properties":{"id":"8808983611068","name":"인제농협 하나로마트 원통점","address":"","phone":"033-461-3280","hours":"08:30 ~ 22:00","region":"강원","district":"인제군","facilities":[],"source":"농협경제지주 공식 전국마트찾기","sourceUrl":"https://www.nhhanaro.co.kr/nahh_70005.do?id=nahh001_010100000000"}},{"type":"Feature","geometry":{"type":"Point","coordinates":[128.665899,37.448909]},"properties":{"id":"8808983610924","name":"여량농협 하나로마트 나전점","address":"","phone":"033-562-3006","hours":"08:00 ~ 19:00","region":"강원","district":"정선군","facilities":["은행"],"source":"농협경제지주 공식 전국마트찾기","sourceUrl":"https://www.nhhanaro.co.kr/nahh_70005.do?id=nahh001_010100000000"}},{"type":"Feature","geometry":{"type":"Point","coordinates":[128.72379,37.471429]},"properties":{"id":"8808983610917","name":"여량농협 하나로마트 본점","address":"","phone":"033-562-4030","hours":"08:00 ~ 19:00","region":"강원","district":"정선군","facilities":[],"source":"농협경제지주 공식 전국마트찾기","sourceUrl":"https://www.nhhanaro.co.kr/nahh_70005.do?id=nahh001_010100000000"}},{"type":"Feature","geometry":{"type":"Point","coordinates":[128.64443,37.21706]},"properties":{"id":"8808983610863","name":"예미농협 하나로마트 본점","address":"","phone":"033-378-0083","hours":"09:00 ~ 19:00","region":"강원","district":"정선군","facilities":["은행"],"source":"농협경제지주 공식 전국마트찾기","sourceUrl":"https://www.nhhanaro.co.kr/nahh_70005.do?id=nahh001_010100000000"}},{"type":"Feature","geometry":{"type":"Point","coordinates":[128.850432,37.49431]},"properties":{"id":"8808983610931","name":"임계농협 하나로마트 본점","address":"","phone":"033-562-6145","hours":"08:00 ~ 19:00","region":"강원","district":"정선군","facilities":["은행"],"source":"농협경제지주 공식 전국마트찾기","sourceUrl":"https://www.nhhanaro.co.kr/nahh_70005.do?id=nahh001_010100000000"}},{"type":"Feature","geometry":{"type":"Point","coordinates":[128.739306,37.267193]},"properties":{"id":"8808983610894","name":"정선농협 하나로마트 남면점","address":"","phone":"033-591-1023","hours":"09:00 ~ 19:00","region":"강원","district":"정선군","facilities":["은행"],"source":"농협경제지주 공식 전국마트찾기","sourceUrl":"https://www.nhhanaro.co.kr/nahh_70005.do?id=nahh001_010100000000"}},{"type":"Feature","geometry":{"type":"Point","coordinates":[128.665398,37.379511]},"properties":{"id":"8808983610870","name":"정선농협 하나로마트 본점","address":"","phone":"033-563-2577","hours":"08:30 ~ 20:00","region":"강원","district":"정선군","facilities":["은행"],"source":"농협경제지주 공식 전국마트찾기","sourceUrl":"https://www.nhhanaro.co.kr/nahh_70005.do?id=nahh001_010100000000"}},{"type":"Feature","geometry":{"type":"Point","coordinates":[128.671179,37.38074]},"properties":{"id":"8808983610900","name":"정선농협 하나로마트 중부점","address":"","phone":"033-563-2388","hours":"09:00 ~ 19:00","region":"강원","district":"정선군","facilities":["은행"],"source":"농협경제지주 공식 전국마트찾기","sourceUrl":"https://www.nhhanaro.co.kr/nahh_70005.do?id=nahh001_010100000000"}},{"type":"Feature","geometry":{"type":"Point","coordinates":[128.788768,37.338438]},"properties":{"id":"8808983610887","name":"정선농협 하나로마트 화암점","address":"","phone":"033-562-2058","hours":"08:30 ~ 19:00","region":"강원","district":"정선군","facilities":["은행"],"source":"농협경제지주 공식 전국마트찾기","sourceUrl":"https://www.nhhanaro.co.kr/nahh_70005.do?id=nahh001_010100000000"}},{"type":"Feature","geometry":{"type":"Point","coordinates":[128.662618,37.379319]},"properties":{"id":"8808983617299","name":"평창영월정선축협 하나로마트 정선점","address":"","phone":"033-563-2346","hours":"08:00 ~ 20:00","region":"강원","district":"정선군","facilities":[],"source":"농협경제지주 공식 전국마트찾기","sourceUrl":"https://www.nhhanaro.co.kr/nahh_70005.do?id=nahh001_010100000000"}},{"type":"Feature","geometry":{"type":"Point","coordinates":[127.437617,38.238191]},"properties":{"id":"8808983610955","name":"김화농협 하나로마트 본점","address":"","phone":"033-458-2086","hours":"08:00 ~ 20:00","region":"강원","district":"철원군","facilities":[],"source":"농협경제지주 공식 전국마트찾기","sourceUrl":"https://www.nhhanaro.co.kr/nahh_70005.do?id=nahh001_010100000000"}},{"type":"Feature","geometry":{"type":"Point","coordinates":[127.219493,38.209266]},"properties":{"id":"8808983610962","name":"동송농협 하나로마트 본점","address":"","phone":"033-455-0433","hours":"08:30 ~ 20:00","region":"강원","district":"철원군","facilities":[],"source":"농협경제지주 공식 전국마트찾기","sourceUrl":"https://www.nhhanaro.co.kr/nahh_70005.do?id=nahh001_010100000000"}},{"type":"Feature","geometry":{"type":"Point","coordinates":[127.30989,38.145575]},"properties":{"id":"8808983610948","name":"동철원농협 하나로마트","address":"","phone":"033-452-6222","hours":"08:30 ~ 20:00","region":"강원","district":"철원군","facilities":["주유소","은행"],"source":"농협경제지주 공식 전국마트찾기","sourceUrl":"https://www.nhhanaro.co.kr/nahh_70005.do?id=nahh001_010100000000"}},{"type":"Feature","geometry":{"type":"Point","coordinates":[127.623741,37.73349]},"properties":{"id":"8808983610191","name":"남산농협 하나로마트 광판점","address":"","phone":"033-263-2522","hours":"08:30 ~ 21:00","region":"강원","district":"춘천시","facilities":["은행"],"source":"농협경제지주 공식 전국마트찾기","sourceUrl":"https://www.nhhanaro.co.kr/nahh_70005.do?id=nahh001_010100000000"}},{"type":"Feature","geometry":{"type":"Point","coordinates":[127.647739,37.787843]},"properties":{"id":"8808983610184","name":"남산농협 하나로마트 본점","address":"","phone":"033-261-1941","hours":"09:00 ~ 21:00","region":"강원","district":"춘천시","facilities":[],"source":"농협경제지주 공식 전국마트찾기","sourceUrl":"https://www.nhhanaro.co.kr/nahh_70005.do?id=nahh001_010100000000"}},{"type":"Feature","geometry":{"type":"Point","coordinates":[127.753492,37.892036]},"properties":{"id":"8808983301266","name":"동면농협 하나로마트 장학점","address":"","phone":"033-252-3950","hours":"09:00 ~ 21:00","region":"강원","district":"춘천시","facilities":["은행"],"source":"농협경제지주 공식 전국마트찾기","sourceUrl":"https://www.nhhanaro.co.kr/nahh_70005.do?id=nahh001_010100000000"}},{"type":"Feature","geometry":{"type":"Point","coordinates":[127.750822,37.854359]},"properties":{"id":"8808983610122","name":"동춘천농협 하나로마트 거두점","address":"","phone":"033-264-1401","hours":"09:00 ~ 22:00","region":"강원","district":"춘천시","facilities":[],"source":"농협경제지주 공식 전국마트찾기","sourceUrl":"https://www.nhhanaro.co.kr/nahh_70005.do?id=nahh001_010100000000"}},{"type":"Feature","geometry":{"type":"Point","coordinates":[127.716109,37.817942]},"properties":{"id":"8808983610115","name":"동춘천농협 하나로마트 김유정점","address":"","phone":"033-262-8904","hours":"09:00 ~ 18:00","region":"강원","district":"춘천시","facilities":["은행"],"source":"농협경제지주 공식 전국마트찾기","sourceUrl":"https://www.nhhanaro.co.kr/nahh_70005.do?id=nahh001_010100000000"}},{"type":"Feature","geometry":{"type":"Point","coordinates":[127.795202,37.754276]},"properties":{"id":"8808983610153","name":"동춘천농협 하나로마트 동산점","address":"","phone":"033-262-2014","hours":"09:00 ~ 18:00","region":"강원","district":"춘천시","facilities":["은행"],"source":"농협경제지주 공식 전국마트찾기","sourceUrl":"https://www.nhhanaro.co.kr/nahh_70005.do?id=nahh001_010100000000"}},{"type":"Feature","geometry":{"type":"Point","coordinates":[127.760715,37.838386]},"properties":{"id":"8808983321479","name":"동춘천농협 하나로마트 학곡점","address":"","phone":"033-262-5700","hours":"09:00 ~ 21:00","region":"강원","district":"춘천시","facilities":["은행"],"source":"농협경제지주 공식 전국마트찾기","sourceUrl":"https://www.nhhanaro.co.kr/nahh_70005.do?id=nahh001_010100000000"}},{"type":"Feature","geometry":{"type":"Point","coordinates":[127.693679,37.897023]},"properties":{"id":"8808983610047","name":"서춘천농협 하나로마트 본점","address":"","phone":"033-243-8011","hours":"08:00 ~ 19:00","region":"강원","district":"춘천시","facilities":[],"source":"농협경제지주 공식 전국마트찾기","sourceUrl":"https://www.nhhanaro.co.kr/nahh_70005.do?id=nahh001_010100000000"}},{"type":"Feature","geometry":{"type":"Point","coordinates":[127.745542,37.925789]},"properties":{"id":"8808983610023","name":"신북농협 하나로마트","address":"","phone":"033-243-9720","hours":"08:30 ~ 21:00","region":"강원","district":"춘천시","facilities":[],"source":"농협경제지주 공식 전국마트찾기","sourceUrl":"https://www.nhhanaro.co.kr/nahh_70005.do?id=nahh001_010100000000"}},{"type":"Feature","geometry":{"type":"Point","coordinates":[127.704175,37.987574]},"properties":{"id":"8808983610177","name":"신북농협 하나로마트 고탄점","address":"","phone":"033-244-1083","hours":"08:30 ~ 18:00","region":"강원","district":"춘천시","facilities":["은행"],"source":"농협경제지주 공식 전국마트찾기","sourceUrl":"https://www.nhhanaro.co.kr/nahh_70005.do?id=nahh001_010100000000"}},{"type":"Feature","geometry":{"type":"Point","coordinates":[127.885187,37.987259]},"properties":{"id":"8808983610016","name":"신북농협 하나로마트 북산점","address":"","phone":"033-243-3277","hours":"09:00 ~ 18:00","region":"강원","district":"춘천시","facilities":["은행"],"source":"농협경제지주 공식 전국마트찾기","sourceUrl":"https://www.nhhanaro.co.kr/nahh_70005.do?id=nahh001_010100000000"}},{"type":"Feature","geometry":{"type":"Point","coordinates":[127.641145,38.0328819]},"properties":{"id":"8808983610160","name":"신북농협 하나로마트 사북점","address":"","phone":"033-243-1045","hours":"하절기 09:00 ~ 19:00 · 동절기 00:00 ~ 00:00","region":"강원","district":"춘천시","facilities":[],"source":"농협경제지주 공식 전국마트찾기","sourceUrl":"https://www.nhhanaro.co.kr/nahh_70005.do?id=nahh001_010100000000"}},{"type":"Feature","geometry":{"type":"Point","coordinates":[127.723611,37.883518]},"properties":{"id":"8808983610108","name":"춘천농협 하나로마트 본점","address":"","phone":"033-253-8030","hours":"09:00 ~ 21:00","region":"강원","district":"춘천시","facilities":["은행"],"source":"농협경제지주 공식 전국마트찾기","sourceUrl":"https://www.nhhanaro.co.kr/nahh_70005.do?id=nahh001_010100000000"}},{"type":"Feature","geometry":{"type":"Point","coordinates":[127.781931,37.910266]},"properties":{"id":"8808983610146","name":"춘천동면농협 하나로마트 본점","address":"","phone":"033-242-7730","hours":"09:00 ~ 18:00","region":"강원","district":"춘천시","facilities":[],"source":"농협경제지주 공식 전국마트찾기","sourceUrl":"https://www.nhhanaro.co.kr/nahh_70005.do?id=nahh001_010100000000"}},{"type":"Feature","geometry":{"type":"Point","coordinates":[127.728951,37.9122519]},"properties":{"id":"8808983332345","name":"춘천원예농협 하나로마트","address":"","phone":"033-243-6101","hours":"09:00 ~ 22:00","region":"강원","district":"춘천시","facilities":["주유소","은행"],"source":"농협경제지주 공식 전국마트찾기","sourceUrl":"https://www.nhhanaro.co.kr/nahh_70005.do?id=nahh001_010100000000"}},{"type":"Feature","geometry":{"type":"Point","coordinates":[127.719484,37.86265]},"properties":{"id":"8808983617459","name":"춘천축협 하나로마트 강남점","address":"","phone":"033-264-3802","hours":"09:00 ~ 22:00","region":"강원","district":"춘천시","facilities":["은행"],"source":"농협경제지주 공식 전국마트찾기","sourceUrl":"https://www.nhhanaro.co.kr/nahh_70005.do?id=nahh001_010100000000"}},{"type":"Feature","geometry":{"type":"Point","coordinates":[127.743454,37.888339]},"properties":{"id":"8808983617022","name":"춘천축협 하나로마트 공단점","address":"","phone":"033-252-3217","hours":"09:00 ~ 22:00","region":"강원","district":"춘천시","facilities":["은행"],"source":"농협경제지주 공식 전국마트찾기","sourceUrl":"https://www.nhhanaro.co.kr/nahh_70005.do?id=nahh001_010100000000"}},{"type":"Feature","geometry":{"type":"Point","coordinates":[127.737563,37.853681]},"properties":{"id":"8808983300818","name":"춘천축협 하나로마트 퇴계점","address":"","phone":"033-264-3800","hours":"09:00 ~ 23:00","region":"강원","district":"춘천시","facilities":[],"source":"농협경제지주 공식 전국마트찾기","sourceUrl":"https://www.nhhanaro.co.kr/nahh_70005.do?id=nahh001_010100000000"}},{"type":"Feature","geometry":{"type":"Point","coordinates":[128.988054,37.15959]},"properties":{"id":"8808983617312","name":"동해삼척태백축협 하나로마트 상장점","address":"","phone":"033-553-4000","hours":"09:00 ~ 20:00","region":"강원","district":"태백시","facilities":["은행"],"source":"농협경제지주 공식 전국마트찾기","sourceUrl":"https://www.nhhanaro.co.kr/nahh_70005.do?id=nahh001_010100000000"}},{"type":"Feature","geometry":{"type":"Point","coordinates":[128.990647,37.162479]},"properties":{"id":"8808983611587","name":"태백농협 하나로마트 상장점","address":"","phone":"033-552-2746","hours":"09:00 ~ 18:00","region":"강원","district":"태백시","facilities":["은행"],"source":"농협경제지주 공식 전국마트찾기","sourceUrl":"https://www.nhhanaro.co.kr/nahh_70005.do?id=nahh001_010100000000"}},{"type":"Feature","geometry":{"type":"Point","coordinates":[129.008965,37.103104]},"properties":{"id":"8808983611815","name":"태백농협 하나로마트 장성점","address":"","phone":"033-581-6743","hours":"08:20 ~ 19:00","region":"강원","district":"태백시","facilities":["은행"],"source":"농협경제지주 공식 전국마트찾기","sourceUrl":"https://www.nhhanaro.co.kr/nahh_70005.do?id=nahh001_010100000000"}},{"type":"Feature","geometry":{"type":"Point","coordinates":[128.992414,37.173592]},"properties":{"id":"8808983611563","name":"태백농협 하나로마트 황지지점","address":"","phone":"033-552-2747","hours":"하절기 09:00 ~ 19:00 · 동절기 00:00 ~ 00:00","region":"강원","district":"태백시","facilities":["은행"],"source":"농협경제지주 공식 전국마트찾기","sourceUrl":"https://www.nhhanaro.co.kr/nahh_70005.do?id=nahh001_010100000000"}},{"type":"Feature","geometry":{"type":"Point","coordinates":[128.9861997,37.1656801]},"properties":{"id":"8808983328423","name":"태백농협하나로마트 본점","address":"","phone":"033-550-4736","hours":"하절기 09:00 ~ 22:00 · 동절기 00:00 ~ 00:00","region":"강원","district":"태백시","facilities":["은행"],"source":"농협경제지주 공식 전국마트찾기","sourceUrl":"https://www.nhhanaro.co.kr/nahh_70005.do?id=nahh001_010100000000"}},{"type":"Feature","geometry":{"type":"Point","coordinates":[128.703654,37.673513]},"properties":{"id":"8808983610849","name":"대관령농협 하나로마트","address":"","phone":"033-335-5961","hours":"하절기 08:00 ~ 21:00 · 동절기 08:30 ~ 21:00","region":"강원","district":"평창군","facilities":[],"source":"농협경제지주 공식 전국마트찾기","sourceUrl":"https://www.nhhanaro.co.kr/nahh_70005.do?id=nahh001_010100000000"}},{"type":"Feature","geometry":{"type":"Point","coordinates":[128.602299,37.670695]},"properties":{"id":"8808983610832","name":"대관령농협 하나로마트 유천점","address":"","phone":"033-332-6267","hours":"하절기 08:00 ~ 18:30 · 동절기 08:30 ~ 18:00","region":"강원","district":"평창군","facilities":["은행"],"source":"농협경제지주 공식 전국마트찾기","sourceUrl":"https://www.nhhanaro.co.kr/nahh_70005.do?id=nahh001_010100000000"}},{"type":"Feature","geometry":{"type":"Point","coordinates":[128.68146,37.68648]},"properties":{"id":"8808983332307","name":"대관령원예농협 하나로마트","address":"","phone":"033-335-5880","hours":"하절기 08:00 ~ 21:00 · 동절기 09:00 ~ 21:00","region":"강원","district":"평창군","facilities":[],"source":"농협경제지주 공식 전국마트찾기","sourceUrl":"https://www.nhhanaro.co.kr/nahh_70005.do?id=nahh001_010100000000"}},{"type":"Feature","geometry":{"type":"Point","coordinates":[128.454748,37.498434]},"properties":{"id":"8808983611907","name":"대화농협 하나로마트","address":"","phone":"033-333-2724","hours":"08:00 ~ 20:00","region":"강원","district":"평창군","facilities":[],"source":"농협경제지주 공식 전국마트찾기","sourceUrl":"https://www.nhhanaro.co.kr/nahh_70005.do?id=nahh001_010100000000"}},{"type":"Feature","geometry":{"type":"Point","coordinates":[128.378281,37.61076]},"properties":{"id":"8808983610801","name":"봉평농협 하나로마트","address":"","phone":"033-335-2122","hours":"하절기 08:00 ~ 21:00 · 동절기 08:00 ~ 20:30","region":"강원","district":"평창군","facilities":[],"source":"농협경제지주 공식 전국마트찾기","sourceUrl":"https://www.nhhanaro.co.kr/nahh_70005.do?id=nahh001_010100000000"}},{"type":"Feature","geometry":{"type":"Point","coordinates":[128.555806,37.634936]},"properties":{"id":"8808983610818","name":"진부농협 하나로마트 중앙점","address":"","phone":"033-335-8244","hours":"07:30 ~ 22:00","region":"강원","district":"평창군","facilities":["은행"],"source":"농협경제지주 공식 전국마트찾기","sourceUrl":"https://www.nhhanaro.co.kr/nahh_70005.do?id=nahh001_010100000000"}},{"type":"Feature","geometry":{"type":"Point","coordinates":[128.305657,37.45221]},"properties":{"id":"8808983610788","name":"평창농협 하나로마트 계촌점","address":"","phone":"033-332-4609","hours":"08:30 ~ 18:00","region":"강원","district":"평창군","facilities":[],"source":"농협경제지주 공식 전국마트찾기","sourceUrl":"https://www.nhhanaro.co.kr/nahh_70005.do?id=nahh001_010100000000"}},{"type":"Feature","geometry":{"type":"Point","coordinates":[128.498265,37.341307]},"properties":{"id":"8808983610764","name":"평창농협 하나로마트 미탄점","address":"","phone":"033-332-3710","hours":"08:30 ~ 18:30","region":"강원","district":"평창군","facilities":[],"source":"농협경제지주 공식 전국마트찾기","sourceUrl":"https://www.nhhanaro.co.kr/nahh_70005.do?id=nahh001_010100000000"}},{"type":"Feature","geometry":{"type":"Point","coordinates":[128.326397,37.4522]},"properties":{"id":"8808983610771","name":"평창농협 하나로마트 방림점","address":"","phone":"033-332-1106","hours":"하절기 08:00 ~ 18:00 · 동절기 00:00 ~ 00:00","region":"강원","district":"평창군","facilities":["은행"],"source":"농협경제지주 공식 전국마트찾기","sourceUrl":"https://www.nhhanaro.co.kr/nahh_70005.do?id=nahh001_010100000000"}},{"type":"Feature","geometry":{"type":"Point","coordinates":[128.382713,37.366842]},"properties":{"id":"8808983610757","name":"평창농협 하나로마트 본점","address":"","phone":"033-332-2533","hours":"08:00 ~ 22:00","region":"강원","district":"평창군","facilities":[],"source":"농협경제지주 공식 전국마트찾기","sourceUrl":"https://www.nhhanaro.co.kr/nahh_70005.do?id=nahh001_010100000000"}},{"type":"Feature","geometry":{"type":"Point","coordinates":[128.390454,37.368186]},"properties":{"id":"8808983617251","name":"평창축협 하나로마트 본점","address":"","phone":"033-334-2315","hours":"08:00 ~ 21:00","region":"강원","district":"평창군","facilities":["은행"],"source":"농협경제지주 공식 전국마트찾기","sourceUrl":"https://www.nhhanaro.co.kr/nahh_70005.do?id=nahh001_010100000000"}},{"type":"Feature","geometry":{"type":"Point","coordinates":[128.559184,37.636731]},"properties":{"id":"8808983617268","name":"평창축협 하나로마트 진부점","address":"","phone":"033-335-2332","hours":"07:30 ~ 21:30","region":"강원","district":"평창군","facilities":[],"source":"농협경제지주 공식 전국마트찾기","sourceUrl":"https://www.nhhanaro.co.kr/nahh_70005.do?id=nahh001_010100000000"}},{"type":"Feature","geometry":{"type":"Point","coordinates":[128.390775,37.7722118]},"properties":{"id":"8808983610375","name":"내면농협 하나로마트 본점","address":"","phone":"033-432-2904","hours":"하절기 08:00 ~ 20:00 · 동절기 08:00 ~ 19:00","region":"강원","district":"홍천군","facilities":["은행"],"source":"농협경제지주 공식 전국마트찾기","sourceUrl":"https://www.nhhanaro.co.kr/nahh_70005.do?id=nahh001_010100000000"}},{"type":"Feature","geometry":{"type":"Point","coordinates":[128.0897622,37.8164196]},"properties":{"id":"8808983610290","name":"내촌농협 하나로마트","address":"","phone":"033-433-3013","hours":"08:00 ~ 20:00","region":"강원","district":"홍천군","facilities":["주유소","은행"],"source":"농협경제지주 공식 전국마트찾기","sourceUrl":"https://www.nhhanaro.co.kr/nahh_70005.do?id=nahh001_010100000000"}},{"type":"Feature","geometry":{"type":"Point","coordinates":[128.187267,37.7121]},"properties":{"id":"8808983610306","name":"서석농협 하나로마트 본점","address":"","phone":"033-433-4079","hours":"08:00 ~ 21:00","region":"강원","district":"홍천군","facilities":["은행"],"source":"농협경제지주 공식 전국마트찾기","sourceUrl":"https://www.nhhanaro.co.kr/nahh_70005.do?id=nahh001_010100000000"}},{"type":"Feature","geometry":{"type":"Point","coordinates":[127.662832,37.681879]},"properties":{"id":"8808983610351","name":"서홍천농협 하나로마트 두미지점","address":"","phone":"033-434-1880","hours":"하절기 08:00 ~ 21:00 · 동절기 00:00 ~ 00:00","region":"강원","district":"홍천군","facilities":[],"source":"농협경제지주 공식 전국마트찾기","sourceUrl":"https://www.nhhanaro.co.kr/nahh_70005.do?id=nahh001_010100000000"}},{"type":"Feature","geometry":{"type":"Point","coordinates":[127.606443,37.674802]},"properties":{"id":"8808983610368","name":"서홍천농협 하나로마트 모곡점","address":"","phone":"033-434-1008","hours":"09:00 ~ 18:00","region":"강원","district":"홍천군","facilities":["은행"],"source":"농협경제지주 공식 전국마트찾기","sourceUrl":"https://www.nhhanaro.co.kr/nahh_70005.do?id=nahh001_010100000000"}},{"type":"Feature","geometry":{"type":"Point","coordinates":[127.766315,37.6222]},"properties":{"id":"8808983610337","name":"홍천남면농협 하나로마트 본점","address":"","phone":"033-432-8414","hours":"08:00 ~ 22:00","region":"강원","district":"홍천군","facilities":[],"source":"농협경제지주 공식 전국마트찾기","sourceUrl":"https://www.nhhanaro.co.kr/nahh_70005.do?id=nahh001_010100000000"}},{"type":"Feature","geometry":{"type":"Point","coordinates":[127.899067,37.693122]},"properties":{"id":"8808983611884","name":"홍천농협 하나로마트 동부점","address":"","phone":"033-432-7006","hours":"09:00 ~ 22:00","region":"강원","district":"홍천군","facilities":["은행"],"source":"농협경제지주 공식 전국마트찾기","sourceUrl":"https://www.nhhanaro.co.kr/nahh_70005.do?id=nahh001_010100000000"}},{"type":"Feature","geometry":{"type":"Point","coordinates":[128.021445,37.868199]},"properties":{"id":"8808983610276","name":"홍천농협 하나로마트 두촌점","address":"","phone":"033-435-3611","hours":"08:00 ~ 19:00","region":"강원","district":"홍천군","facilities":["은행"],"source":"농협경제지주 공식 전국마트찾기","sourceUrl":"https://www.nhhanaro.co.kr/nahh_70005.do?id=nahh001_010100000000"}},{"type":"Feature","geometry":{"type":"Point","coordinates":[127.852357,37.706399]},"properties":{"id":"8808983610238","name":"홍천농협 하나로마트 북방점","address":"","phone":"033-434-5049","hours":"08:30 ~ 18:00","region":"강원","district":"홍천군","facilities":["은행"],"source":"농협경제지주 공식 전국마트찾기","sourceUrl":"https://www.nhhanaro.co.kr/nahh_70005.do?id=nahh001_010100000000"}},{"type":"Feature","geometry":{"type":"Point","coordinates":[127.876173,37.6828101]},"properties":{"id":"8808983301358","name":"홍천농협 하나로마트 연봉점","address":"","phone":"033-433-9925","hours":"09:00 ~ 22:00","region":"강원","district":"홍천군","facilities":["은행","식자재"],"source":"농협경제지주 공식 전국마트찾기","sourceUrl":"https://www.nhhanaro.co.kr/nahh_70005.do?id=nahh001_010100000000"}},{"type":"Feature","geometry":{"type":"Point","coordinates":[127.881544,37.688825]},"properties":{"id":"8808983610252","name":"홍천농협하나로마트본점","address":"","phone":"033-433-1057","hours":"하절기 08:00 ~ 22:00 · 동절기 00:00 ~ 00:00","region":"강원","district":"홍천군","facilities":[],"source":"농협경제지주 공식 전국마트찾기","sourceUrl":"https://www.nhhanaro.co.kr/nahh_70005.do?id=nahh001_010100000000"}},{"type":"Feature","geometry":{"type":"Point","coordinates":[128.022512,37.638874]},"properties":{"id":"8808983610320","name":"홍천동면농협 하나로마트 좌운점","address":"","phone":"033-435-3616","hours":"08:30 ~ 18:00","region":"강원","district":"홍천군","facilities":["은행"],"source":"농협경제지주 공식 전국마트찾기","sourceUrl":"https://www.nhhanaro.co.kr/nahh_70005.do?id=nahh001_010100000000"}},{"type":"Feature","geometry":{"type":"Point","coordinates":[127.929218,37.6794136]},"properties":{"id":"8808983610313","name":"홍천영귀미농협 하나로마트본점","address":"","phone":"033-436-6054","hours":"하절기 08:30 ~ 20:00 · 동절기 08:30 ~ 19:00","region":"강원","district":"홍천군","facilities":["주유소","은행"],"source":"농협경제지주 공식 전국마트찾기","sourceUrl":"https://www.nhhanaro.co.kr/nahh_70005.do?id=nahh001_010100000000"}},{"type":"Feature","geometry":{"type":"Point","coordinates":[127.90345,37.6995]},"properties":{"id":"8808983329536","name":"홍천축산농협 하나로마트 갈마로점","address":"","phone":"033-434-4500","hours":"하절기 08:00 ~ 22:00 · 동절기 08:00 ~ 21:00","region":"강원","district":"홍천군","facilities":["은행"],"source":"농협경제지주 공식 전국마트찾기","sourceUrl":"https://www.nhhanaro.co.kr/nahh_70005.do?id=nahh001_010100000000"}},{"type":"Feature","geometry":{"type":"Point","coordinates":[127.967805,37.771362]},"properties":{"id":"8808983610283","name":"화촌농협 하나로마트 본점","address":"","phone":"033-432-2883","hours":"08:30 ~ 20:00","region":"강원","district":"홍천군","facilities":[],"source":"농협경제지주 공식 전국마트찾기","sourceUrl":"https://www.nhhanaro.co.kr/nahh_70005.do?id=nahh001_010100000000"}},{"type":"Feature","geometry":{"type":"Point","coordinates":[127.815896,38.053215]},"properties":{"id":"8808983610986","name":"간동농협 하나로마트 본점","address":"","phone":"033-442-5034","hours":"08:00 ~ 20:00","region":"강원","district":"화천군","facilities":[],"source":"농협경제지주 공식 전국마트찾기","sourceUrl":"https://www.nhhanaro.co.kr/nahh_70005.do?id=nahh001_010100000000"}},{"type":"Feature","geometry":{"type":"Point","coordinates":[127.70465,38.104651]},"properties":{"id":"8808983611006","name":"화천농협 하나로마트 본점","address":"","phone":"033-442-2495","hours":"08:00 ~ 20:00","region":"강원","district":"화천군","facilities":[],"source":"농협경제지주 공식 전국마트찾기","sourceUrl":"https://www.nhhanaro.co.kr/nahh_70005.do?id=nahh001_010100000000"}},{"type":"Feature","geometry":{"type":"Point","coordinates":[127.962657,37.535544]},"properties":{"id":"8808983610429","name":"공근농협 하나로마트","address":"","phone":"033-342-8654","hours":"08:00 ~ 20:00","region":"강원","district":"횡성군","facilities":[],"source":"농협경제지주 공식 전국마트찾기","sourceUrl":"https://www.nhhanaro.co.kr/nahh_70005.do?id=nahh001_010100000000"}},{"type":"Feature","geometry":{"type":"Point","coordinates":[129.082081,37.347698]},"properties":{"id":"8808983611600","name":"도계농협 하나로마트 신기점","address":"","phone":"033-541-1574","hours":"08:00 ~ 18:00","region":"강원","district":"횡성군","facilities":["은행"],"source":"농협경제지주 공식 전국마트찾기","sourceUrl":"https://www.nhhanaro.co.kr/nahh_70005.do?id=nahh001_010100000000"}},{"type":"Feature","geometry":{"type":"Point","coordinates":[128.064904,37.459364]},"properties":{"id":"8808983610399","name":"동횡성농협 하나로마트","address":"","phone":"033-345-9008","hours":"08:00 ~ 21:00","region":"강원","district":"횡성군","facilities":[],"source":"농협경제지주 공식 전국마트찾기","sourceUrl":"https://www.nhhanaro.co.kr/nahh_70005.do?id=nahh001_010100000000"}},{"type":"Feature","geometry":{"type":"Point","coordinates":[128.107933,37.558406]},"properties":{"id":"8808983610450","name":"동횡성농협 하나로마트 갑천점","address":"","phone":"033-342-9131","hours":"08:00 ~ 19:00","region":"강원","district":"횡성군","facilities":[],"source":"농협경제지주 공식 전국마트찾기","sourceUrl":"https://www.nhhanaro.co.kr/nahh_70005.do?id=nahh001_010100000000"}},{"type":"Feature","geometry":{"type":"Point","coordinates":[128.149488,37.583131]},"properties":{"id":"8808983610467","name":"동횡성농협 하나로마트 청일점","address":"","phone":"033-342-5550","hours":"08:00 ~ 19:00","region":"강원","district":"횡성군","facilities":[],"source":"농협경제지주 공식 전국마트찾기","sourceUrl":"https://www.nhhanaro.co.kr/nahh_70005.do?id=nahh001_010100000000"}},{"type":"Feature","geometry":{"type":"Point","coordinates":[128.218106,37.5112222]},"properties":{"id":"8808983610382","name":"둔내농협 하나로마트 본점","address":"","phone":"033-340-8949","hours":"08:00 ~ 21:00","region":"강원","district":"횡성군","facilities":["주유소","은행"],"source":"농협경제지주 공식 전국마트찾기","sourceUrl":"https://www.nhhanaro.co.kr/nahh_70005.do?id=nahh001_010100000000"}},{"type":"Feature","geometry":{"type":"Point","coordinates":[127.849964,37.486743]},"properties":{"id":"8808983610436","name":"서원농협 하나로마트 본점","address":"","phone":"033-344-6014","hours":"09:00 ~ 19:00","region":"강원","district":"횡성군","facilities":[],"source":"농협경제지주 공식 전국마트찾기","sourceUrl":"https://www.nhhanaro.co.kr/nahh_70005.do?id=nahh001_010100000000"}},{"type":"Feature","geometry":{"type":"Point","coordinates":[127.884742,37.52642]},"properties":{"id":"8808983610443","name":"서원농협 하나로마트 유현점","address":"","phone":"033-344-6021","hours":"08:00 ~ 21:00","region":"강원","district":"횡성군","facilities":["은행"],"source":"농협경제지주 공식 전국마트찾기","sourceUrl":"https://www.nhhanaro.co.kr/nahh_70005.do?id=nahh001_010100000000"}},{"type":"Feature","geometry":{"type":"Point","coordinates":[128.1285962,37.3600377]},"properties":{"id":"8808983610412","name":"안흥농협 하나로마트 강림점","address":"","phone":"033-342-7057","hours":"하절기 08:00 ~ 19:00 · 동절기 08:00 ~ 18:00","region":"강원","district":"횡성군","facilities":[],"source":"농협경제지주 공식 전국마트찾기","sourceUrl":"https://www.nhhanaro.co.kr/nahh_70005.do?id=nahh001_010100000000"}},{"type":"Feature","geometry":{"type":"Point","coordinates":[128.156875,37.4127082]},"properties":{"id":"8808983610405","name":"안흥농협 하나로마트 본점","address":"","phone":"033-342-4098","hours":"08:00 ~ 20:00","region":"강원","district":"횡성군","facilities":[],"source":"농협경제지주 공식 전국마트찾기","sourceUrl":"https://www.nhhanaro.co.kr/nahh_70005.do?id=nahh001_010100000000"}},{"type":"Feature","geometry":{"type":"Point","coordinates":[127.988056,37.488693]},"properties":{"id":"8808983610474","name":"횡성농협 하나로마트 본점","address":"","phone":"033-344-2914","hours":"09:00 ~ 21:00","region":"강원","district":"횡성군","facilities":[],"source":"농협경제지주 공식 전국마트찾기","sourceUrl":"https://www.nhhanaro.co.kr/nahh_70005.do?id=nahh001_010100000000"}},{"type":"Feature","geometry":{"type":"Point","coordinates":[128.206409,37.502111]},"properties":{"id":"8808983617169","name":"횡성축협 하나로마트 둔내점","address":"","phone":"033-342-1203","hours":"08:30 ~ 20:00","region":"강원","district":"횡성군","facilities":[],"source":"농협경제지주 공식 전국마트찾기","sourceUrl":"https://www.nhhanaro.co.kr/nahh_70005.do?id=nahh001_010100000000"}},{"type":"Feature","geometry":{"type":"Point","coordinates":[127.981374,37.483818]},"properties":{"id":"8808983617473","name":"횡성축협 하나로마트 본점","address":"","phone":"033-343-9906","hours":"08:00 ~ 21:30","region":"강원","district":"횡성군","facilities":["은행"],"source":"농협경제지주 공식 전국마트찾기","sourceUrl":"https://www.nhhanaro.co.kr/nahh_70005.do?id=nahh001_010100000000"}},{"type":"Feature","geometry":{"type":"Point","coordinates":[127.5140513,37.8303235]},"properties":{"id":"8808983622590","name":"가평군농협 하나로마트 가평점","address":"","phone":"031-581-2390","hours":"09:00 ~ 21:00","region":"경기","district":"가평","facilities":[],"source":"농협경제지주 공식 전국마트찾기","sourceUrl":"https://www.nhhanaro.co.kr/nahh_70005.do?id=nahh001_010100000000"}},{"type":"Feature","geometry":{"type":"Point","coordinates":[127.548992,37.883916]},"properties":{"id":"8808983623900","name":"가평군농협 하나로마트 북면점","address":"","phone":"031-582-2160","hours":"09:00 ~ 19:00","region":"경기","district":"가평","facilities":[],"source":"농협경제지주 공식 전국마트찾기","sourceUrl":"https://www.nhhanaro.co.kr/nahh_70005.do?id=nahh001_010100000000"}},{"type":"Feature","geometry":{"type":"Point","coordinates":[127.4915697,37.6777928]},"properties":{"id":"8808983622606","name":"가평군농협 하나로마트 설악점","address":"","phone":"031-585-8135","hours":"09:00 ~ 21:00","region":"경기","district":"가평","facilities":[],"source":"농협경제지주 공식 전국마트찾기","sourceUrl":"https://www.nhhanaro.co.kr/nahh_70005.do?id=nahh001_010100000000"}},{"type":"Feature","geometry":{"type":"Point","coordinates":[127.515107,37.813925]},"properties":{"id":"8808983323688","name":"가평군농협 하나로마트 자라섬점","address":"","phone":"031-582-9720","hours":"09:00 ~ 19:00","region":"경기","district":"가평","facilities":[],"source":"농협경제지주 공식 전국마트찾기","sourceUrl":"https://www.nhhanaro.co.kr/nahh_70005.do?id=nahh001_010100000000"}},{"type":"Feature","geometry":{"type":"Point","coordinates":[127.34881,37.817754]},"properties":{"id":"8808983624020","name":"가평군농협 하나로마트 조종점","address":"","phone":"031-585-7750","hours":"09:00 ~ 21:00","region":"경기","district":"가평","facilities":["은행"],"source":"농협경제지주 공식 전국마트찾기","sourceUrl":"https://www.nhhanaro.co.kr/nahh_70005.do?id=nahh001_010100000000"}},{"type":"Feature","geometry":{"type":"Point","coordinates":[127.41526,37.735019]},"properties":{"id":"8808983623832","name":"가평군농협 하나로마트 청평점","address":"","phone":"031-584-3346","hours":"09:00 ~ 21:00","region":"경기","district":"가평","facilities":[],"source":"농협경제지주 공식 전국마트찾기","sourceUrl":"https://www.nhhanaro.co.kr/nahh_70005.do?id=nahh001_010100000000"}},{"type":"Feature","geometry":{"type":"Point","coordinates":[126.844846,37.665441]},"properties":{"id":"8808983627311","name":"고양축협 하나로마트 본점","address":"","phone":"031-965-0018","hours":"09:00 ~ 20:00","region":"경기","district":"고양","facilities":[],"source":"농협경제지주 공식 전국마트찾기","sourceUrl":"https://www.nhhanaro.co.kr/nahh_70005.do?id=nahh001_010100000000"}},{"type":"Feature","geometry":{"type":"Point","coordinates":[126.898865,37.648632]},"properties":{"id":"8808983324197","name":"농협 하나로마트 삼송점","address":"","phone":"02-300-4900","hours":"하절기 09:00 ~ 22:00 · 동절기 00:00 ~ 00:00","region":"경기","district":"고양","facilities":["은행"],"source":"농협경제지주 공식 전국마트찾기","sourceUrl":"https://www.nhhanaro.co.kr/nahh_70005.do?id=nahh001_010100000000"}},{"type":"Feature","geometry":{"type":"Point","coordinates":[126.863984,37.687342]},"properties":{"id":"8808983621944","name":"벽제농협 로컬푸드직매장","address":"","phone":"031-962-1873","hours":"하절기 09:00 ~ 21:00 · 동절기 09:00 ~ 20:00","region":"경기","district":"고양","facilities":["은행"],"source":"농협경제지주 공식 전국마트찾기","sourceUrl":"https://www.nhhanaro.co.kr/nahh_70005.do?id=nahh001_010100000000"}},{"type":"Feature","geometry":{"type":"Point","coordinates":[126.758176,37.682193]},"properties":{"id":"8808983621890","name":"송포농협 로컬푸드직매장 대화점","address":"","phone":"031-918-5949","hours":"09:00 ~ 19:00","region":"경기","district":"고양","facilities":["은행"],"source":"농협경제지주 공식 전국마트찾기","sourceUrl":"https://www.nhhanaro.co.kr/nahh_70005.do?id=nahh001_010100000000"}},{"type":"Feature","geometry":{"type":"Point","coordinates":[126.832192,37.658514]},"properties":{"id":"8808983621876","name":"송포농협 하나로마트 가좌점","address":"","phone":"031-923-0063","hours":"09:00 ~ 19:00","region":"경기","district":"고양","facilities":["은행"],"source":"농협경제지주 공식 전국마트찾기","sourceUrl":"https://www.nhhanaro.co.kr/nahh_70005.do?id=nahh001_010100000000"}},{"type":"Feature","geometry":{"type":"Point","coordinates":[126.934841,37.6523216]},"properties":{"id":"8808983307435","name":"신도농협 로컬푸드직매장 효자점","address":"","phone":"02-381-0100","hours":"08:30 ~ 19:00","region":"경기","district":"고양","facilities":["은행"],"source":"농협경제지주 공식 전국마트찾기","sourceUrl":"https://www.nhhanaro.co.kr/nahh_70005.do?id=nahh001_010100000000"}},{"type":"Feature","geometry":{"type":"Point","coordinates":[126.876157,37.587572]},"properties":{"id":"8808983623993","name":"신도농협 하나로마트 대덕점","address":"","phone":"02-3156-5740","hours":"09:00 ~ 17:00","region":"경기","district":"고양","facilities":["은행"],"source":"농협경제지주 공식 전국마트찾기","sourceUrl":"https://www.nhhanaro.co.kr/nahh_70005.do?id=nahh001_010100000000"}},{"type":"Feature","geometry":{"type":"Point","coordinates":[126.894289,37.653031]},"properties":{"id":"8808983622033","name":"신도농협 하나로마트 본점","address":"","phone":"02-381-7761","hours":"09:00 ~ 19:00","region":"경기","district":"고양","facilities":["은행"],"source":"농협경제지주 공식 전국마트찾기","sourceUrl":"https://www.nhhanaro.co.kr/nahh_70005.do?id=nahh001_010100000000"}},{"type":"Feature","geometry":{"type":"Point","coordinates":[126.889579,37.626866]},"properties":{"id":"8808983622026","name":"신도농협 하나로마트 용두점","address":"","phone":"02-3158-5758","hours":"09:00 ~ 19:00","region":"경기","district":"고양","facilities":["은행"],"source":"농협경제지주 공식 전국마트찾기","sourceUrl":"https://www.nhhanaro.co.kr/nahh_70005.do?id=nahh001_010100000000"}},{"type":"Feature","geometry":{"type":"Point","coordinates":[126.838479,37.657216]},"properties":{"id":"8808983621968","name":"원당농협 로컬푸드직매장 성사점","address":"","phone":"031-966-6251","hours":"하절기 06:00 ~ 19:00 · 동절기 07:00 ~ 19:00","region":"경기","district":"고양","facilities":["은행"],"source":"농협경제지주 공식 전국마트찾기","sourceUrl":"https://www.nhhanaro.co.kr/nahh_70005.do?id=nahh001_010100000000"}},{"type":"Feature","geometry":{"type":"Point","coordinates":[126.8434,37.65335]},"properties":{"id":"8808983332017","name":"원당농협 로컬푸드직매장 원당역점","address":"","phone":"031-965-5975","hours":"08:00 ~ 20:00","region":"경기","district":"고양","facilities":["은행"],"source":"농협경제지주 공식 전국마트찾기","sourceUrl":"https://www.nhhanaro.co.kr/nahh_70005.do?id=nahh001_010100000000"}},{"type":"Feature","geometry":{"type":"Point","coordinates":[126.771323,37.686557]},"properties":{"id":"8808983621814","name":"일산농협 로컬푸드직매장 2호점","address":"","phone":"031-975-8322","hours":"09:00 ~ 19:00","region":"경기","district":"고양","facilities":["은행"],"source":"농협경제지주 공식 전국마트찾기","sourceUrl":"https://www.nhhanaro.co.kr/nahh_70005.do?id=nahh001_010100000000"}},{"type":"Feature","geometry":{"type":"Point","coordinates":[126.799511,37.66389]},"properties":{"id":"8808983621821","name":"일산농협 하나로마트 풍산점","address":"","phone":"031-906-3666","hours":"09:00 ~ 19:00","region":"경기","district":"고양","facilities":["은행"],"source":"농협경제지주 공식 전국마트찾기","sourceUrl":"https://www.nhhanaro.co.kr/nahh_70005.do?id=nahh001_010100000000"}},{"type":"Feature","geometry":{"type":"Point","coordinates":[126.831518,37.614727]},"properties":{"id":"8808983621791","name":"지도농협 로컬푸드직매장 무원점","address":"","phone":"031-971-2302","hours":"09:00 ~ 19:00","region":"경기","district":"고양","facilities":["은행"],"source":"농협경제지주 공식 전국마트찾기","sourceUrl":"https://www.nhhanaro.co.kr/nahh_70005.do?id=nahh001_010100000000"}},{"type":"Feature","geometry":{"type":"Point","coordinates":[126.82733,37.63921]},"properties":{"id":"8808983332673","name":"지도농협 로컬푸드직매장 화수점","address":"","phone":"031-969-5345","hours":"09:00 ~ 19:00","region":"경기","district":"고양","facilities":[],"source":"농협경제지주 공식 전국마트찾기","sourceUrl":"https://www.nhhanaro.co.kr/nahh_70005.do?id=nahh001_010100000000"}},{"type":"Feature","geometry":{"type":"Point","coordinates":[126.836379,37.646536]},"properties":{"id":"8808983621807","name":"지도농협 하나로마트 화정점","address":"","phone":"031-967-6013","hours":"09:00 ~ 19:00","region":"경기","district":"고양","facilities":["은행"],"source":"농협경제지주 공식 전국마트찾기","sourceUrl":"https://www.nhhanaro.co.kr/nahh_70005.do?id=nahh001_010100000000"}},{"type":"Feature","geometry":{"type":"Point","coordinates":[126.747813,37.68294]},"properties":{"id":"8808983120119","name":"하나로마트 고양점","address":"","phone":"031-910-9100","hours":"09:00 ~ 23:00","region":"경기","district":"고양","facilities":["주유소","식자재"],"source":"농협경제지주 공식 전국마트찾기","sourceUrl":"https://www.nhhanaro.co.kr/nahh_70005.do?id=nahh001_010100000000"}},{"type":"Feature","geometry":{"type":"Point","coordinates":[126.747813,37.68294]},"properties":{"id":"8808983130118","name":"하나로마트 고양점(식자재)","address":"","phone":"031-910-9015","hours":"07:00 ~ 23:00","region":"경기","district":"고양","facilities":["식자재"],"source":"농협경제지주 공식 전국마트찾기","sourceUrl":"https://www.nhhanaro.co.kr/nahh_70005.do?id=nahh001_010100000000"}},{"type":"Feature","geometry":{"type":"Point","coordinates":[126.998253,37.433678]},"properties":{"id":"8808983621500","name":"과천농협 하나로마트","address":"","phone":"02-500-3333","hours":"09:30 ~ 20:00","region":"경기","district":"과천","facilities":[],"source":"농협경제지주 공식 전국마트찾기","sourceUrl":"https://www.nhhanaro.co.kr/nahh_70005.do?id=nahh001_010100000000"}},{"type":"Feature","geometry":{"type":"Point","coordinates":[126.880516,37.4633315]},"properties":{"id":"8808983621326","name":"광명농협 하나로마트","address":"","phone":"02-895-9400","hours":"하절기 10:00 ~ 19:00 · 동절기 00:00 ~ 00:00","region":"경기","district":"광명","facilities":[],"source":"농협경제지주 공식 전국마트찾기","sourceUrl":"https://www.nhhanaro.co.kr/nahh_70005.do?id=nahh001_010100000000"}},{"type":"Feature","geometry":{"type":"Point","coordinates":[126.882303,37.4483136]},"properties":{"id":"8808983333342","name":"광명농협 하나로마트 가리대점","address":"","phone":"02-896-4204","hours":"10:00 ~ 20:00","region":"경기","district":"광명","facilities":[],"source":"농협경제지주 공식 전국마트찾기","sourceUrl":"https://www.nhhanaro.co.kr/nahh_70005.do?id=nahh001_010100000000"}},{"type":"Feature","geometry":{"type":"Point","coordinates":[127.404492,37.366638]},"properties":{"id":"8808983622170","name":"곤지암농협 하나로마트 만선점","address":"","phone":"031-762-8400","hours":"09:00 ~ 20:00","region":"경기","district":"광주","facilities":[],"source":"농협경제지주 공식 전국마트찾기","sourceUrl":"https://www.nhhanaro.co.kr/nahh_70005.do?id=nahh001_010100000000"}},{"type":"Feature","geometry":{"type":"Point","coordinates":[127.33922,37.349341]},"properties":{"id":"8808983622163","name":"곤지암농협 하나로마트 본점","address":"","phone":"031-763-8036","hours":"09:00 ~ 21:00","region":"경기","district":"광주","facilities":["은행"],"source":"농협경제지주 공식 전국마트찾기","sourceUrl":"https://www.nhhanaro.co.kr/nahh_70005.do?id=nahh001_010100000000"}},{"type":"Feature","geometry":{"type":"Point","coordinates":[127.256522,37.413188]},"properties":{"id":"8808983622040","name":"광주농협 하나로마트","address":"","phone":"031-768-3600","hours":"09:00 ~ 21:00","region":"경기","district":"광주","facilities":["은행"],"source":"농협경제지주 공식 전국마트찾기","sourceUrl":"https://www.nhhanaro.co.kr/nahh_70005.do?id=nahh001_010100000000"}},{"type":"Feature","geometry":{"type":"Point","coordinates":[127.33127,37.305179]},"properties":{"id":"8808983622149","name":"도척농협 하나로마트 본점","address":"","phone":"031-762-8028","hours":"09:00 ~ 20:00","region":"경기","district":"광주","facilities":[],"source":"농협경제지주 공식 전국마트찾기","sourceUrl":"https://www.nhhanaro.co.kr/nahh_70005.do?id=nahh001_010100000000"}},{"type":"Feature","geometry":{"type":"Point","coordinates":[127.247161,37.370967]},"properties":{"id":"8808983622088","name":"오포농협 하나로마트 매양점","address":"","phone":"031-766-5788","hours":"09:00 ~ 20:00","region":"경기","district":"광주","facilities":["은행"],"source":"농협경제지주 공식 전국마트찾기","sourceUrl":"https://www.nhhanaro.co.kr/nahh_70005.do?id=nahh001_010100000000"}},{"type":"Feature","geometry":{"type":"Point","coordinates":[127.231651,37.369588]},"properties":{"id":"8808983622071","name":"오포농협 하나로마트 본점","address":"","phone":"031-766-0011","hours":"09:00 ~ 20:00","region":"경기","district":"광주","facilities":["은행"],"source":"농협경제지주 공식 전국마트찾기","sourceUrl":"https://www.nhhanaro.co.kr/nahh_70005.do?id=nahh001_010100000000"}},{"type":"Feature","geometry":{"type":"Point","coordinates":[127.159045,37.359443]},"properties":{"id":"8808983622101","name":"오포농협 하나로마트 신현점","address":"","phone":"031-718-3855","hours":"09:00 ~ 20:00","region":"경기","district":"광주","facilities":["은행"],"source":"농협경제지주 공식 전국마트찾기","sourceUrl":"https://www.nhhanaro.co.kr/nahh_70005.do?id=nahh001_010100000000"}},{"type":"Feature","geometry":{"type":"Point","coordinates":[127.311742,37.36481]},"properties":{"id":"8808983622132","name":"초월농협 하나로마트","address":"","phone":"031-798-4983","hours":"09:00 ~ 22:00","region":"경기","district":"광주","facilities":[],"source":"농협경제지주 공식 전국마트찾기","sourceUrl":"https://www.nhhanaro.co.kr/nahh_70005.do?id=nahh001_010100000000"}},{"type":"Feature","geometry":{"type":"Point","coordinates":[127.309455,37.470078]},"properties":{"id":"8808983623481","name":"퇴촌농협 하나로마트","address":"","phone":"031-768-7707","hours":"09:00 ~ 20:30","region":"경기","district":"광주","facilities":[],"source":"농협경제지주 공식 전국마트찾기","sourceUrl":"https://www.nhhanaro.co.kr/nahh_70005.do?id=nahh001_010100000000"}},{"type":"Feature","geometry":{"type":"Point","coordinates":[127.1434258,37.6171609]},"properties":{"id":"8808983341637","name":"구리농협 하나로마트","address":"","phone":"031-564-2597","hours":"하절기 09:00 ~ 21:00 · 동절기 00:00 ~ 00:00","region":"경기","district":"구리","facilities":["은행"],"source":"농협경제지주 공식 전국마트찾기","sourceUrl":"https://www.nhhanaro.co.kr/nahh_70005.do?id=nahh001_010100000000"}},{"type":"Feature","geometry":{"type":"Point","coordinates":[127.116213,37.570087]},"properties":{"id":"8808983620404","name":"구리농협 하나로마트 본점","address":"","phone":"031-564-2597","hours":"09:00 ~ 18:00","region":"경기","district":"구리","facilities":["은행"],"source":"농협경제지주 공식 전국마트찾기","sourceUrl":"https://www.nhhanaro.co.kr/nahh_70005.do?id=nahh001_010100000000"}},{"type":"Feature","geometry":{"type":"Point","coordinates":[127.141027,37.591752]},"properties":{"id":"8808983620381","name":"구리농협 하나로마트 수평점","address":"","phone":"031-551-9364","hours":"하절기 09:00 ~ 20:00 · 동절기 00:00 ~ 00:00","region":"경기","district":"구리","facilities":["은행"],"source":"농협경제지주 공식 전국마트찾기","sourceUrl":"https://www.nhhanaro.co.kr/nahh_70005.do?id=nahh001_010100000000"}},{"type":"Feature","geometry":{"type":"Point","coordinates":[126.929193,37.365668]},"properties":{"id":"8808983621456","name":"군포농협 하나로마트 본점","address":"","phone":"031-396-9922","hours":"09:30 ~ 20:00","region":"경기","district":"군포","facilities":["은행"],"source":"농협경제지주 공식 전국마트찾기","sourceUrl":"https://www.nhhanaro.co.kr/nahh_70005.do?id=nahh001_010100000000"}},{"type":"Feature","geometry":{"type":"Point","coordinates":[126.7530479,37.6057974]},"properties":{"id":"8808983329215","name":"김포고촌농협로컬푸드직매장","address":"","phone":"031-986-4312","hours":"09:00 ~ 20:00","region":"경기","district":"김포","facilities":["문화센터","은행"],"source":"농협경제지주 공식 전국마트찾기","sourceUrl":"https://www.nhhanaro.co.kr/nahh_70005.do?id=nahh001_010100000000"}},{"type":"Feature","geometry":{"type":"Point","coordinates":[126.712808,37.631723]},"properties":{"id":"8808983623405","name":"김포농협 하나로마트&로컬푸드","address":"","phone":"031-998-7933","hours":"09:30 ~ 21:00","region":"경기","district":"김포","facilities":["문화센터","은행"],"source":"농협경제지주 공식 전국마트찾기","sourceUrl":"https://www.nhhanaro.co.kr/nahh_70005.do?id=nahh001_010100000000"}},{"type":"Feature","geometry":{"type":"Point","coordinates":[126.5998541,37.6897854]},"properties":{"id":"8808983326764","name":"김포파주인삼농협 하나로마트","address":"","phone":"031-987-0171","hours":"08:30 ~ 21:00","region":"경기","district":"김포","facilities":[],"source":"농협경제지주 공식 전국마트찾기","sourceUrl":"https://www.nhhanaro.co.kr/nahh_70005.do?id=nahh001_010100000000"}},{"type":"Feature","geometry":{"type":"Point","coordinates":[126.581152,37.650067]},"properties":{"id":"8808983623450","name":"신김포농협 하나로마트 대곶점","address":"","phone":"031-981-7155","hours":"08:00 ~ 21:00","region":"경기","district":"김포","facilities":["은행"],"source":"농협경제지주 공식 전국마트찾기","sourceUrl":"https://www.nhhanaro.co.kr/nahh_70005.do?id=nahh001_010100000000"}},{"type":"Feature","geometry":{"type":"Point","coordinates":[126.598591,37.692289]},"properties":{"id":"8808983623436","name":"신김포농협 하나로마트 본점","address":"","phone":"031-981-4733","hours":"08:00 ~ 21:00","region":"경기","district":"김포","facilities":[],"source":"농협경제지주 공식 전국마트찾기","sourceUrl":"https://www.nhhanaro.co.kr/nahh_70005.do?id=nahh001_010100000000"}},{"type":"Feature","geometry":{"type":"Point","coordinates":[126.635545,37.719365]},"properties":{"id":"8808983623467","name":"신김포농협 하나로마트 하성점","address":"","phone":"031-980-4020","hours":"08:00 ~ 21:00","region":"경기","district":"김포","facilities":["은행"],"source":"농협경제지주 공식 전국마트찾기","sourceUrl":"https://www.nhhanaro.co.kr/nahh_70005.do?id=nahh001_010100000000"}},{"type":"Feature","geometry":{"type":"Point","coordinates":[126.6434685,37.6506624]},"properties":{"id":"8808983331171","name":"신김포농협로컬푸드","address":"","phone":"031-996-5438","hours":"08:00 ~ 20:00","region":"경기","district":"김포","facilities":["은행"],"source":"농협경제지주 공식 전국마트찾기","sourceUrl":"https://www.nhhanaro.co.kr/nahh_70005.do?id=nahh001_010100000000"}},{"type":"Feature","geometry":{"type":"Point","coordinates":[126.681673,37.657351]},"properties":{"id":"8808983323411","name":"하나로마트 김포점","address":"","phone":"031-996-5271","hours":"하절기 09:00 ~ 22:00 · 동절기 00:00 ~ 00:00","region":"경기","district":"김포","facilities":[],"source":"농협경제지주 공식 전국마트찾기","sourceUrl":"https://www.nhhanaro.co.kr/nahh_70005.do?id=nahh001_010100000000"}},{"type":"Feature","geometry":{"type":"Point","coordinates":[127.305479,37.646509]},"properties":{"id":"8808983627410","name":"남양주축협 하나로마트 마석점","address":"","phone":"031-594-2883","hours":"09:00 ~ 21:00","region":"경기","district":"남양주","facilities":[],"source":"농협경제지주 공식 전국마트찾기","sourceUrl":"https://www.nhhanaro.co.kr/nahh_70005.do?id=nahh001_010100000000"}},{"type":"Feature","geometry":{"type":"Point","coordinates":[127.20984,37.634554]},"properties":{"id":"8808983620442","name":"미금농협 하나로마트 본점","address":"","phone":"031-592-5509","hours":"09:30 ~ 20:00","region":"경기","district":"남양주","facilities":["은행"],"source":"농협경제지주 공식 전국마트찾기","sourceUrl":"https://www.nhhanaro.co.kr/nahh_70005.do?id=nahh001_010100000000"}},{"type":"Feature","geometry":{"type":"Point","coordinates":[127.129489,37.650009]},"properties":{"id":"8808983323602","name":"별내농협 하나로마트 본점","address":"","phone":"031-527-2671","hours":"09:00 ~ 21:00","region":"경기","district":"남양주","facilities":[],"source":"농협경제지주 공식 전국마트찾기","sourceUrl":"https://www.nhhanaro.co.kr/nahh_70005.do?id=nahh001_010100000000"}},{"type":"Feature","geometry":{"type":"Point","coordinates":[127.117473,37.708712]},"properties":{"id":"8808983620343","name":"별내농협 하나로마트 청학점","address":"","phone":"031-841-4007","hours":"09:00 ~ 21:00","region":"경기","district":"남양주","facilities":["은행"],"source":"농협경제지주 공식 전국마트찾기","sourceUrl":"https://www.nhhanaro.co.kr/nahh_70005.do?id=nahh001_010100000000"}},{"type":"Feature","geometry":{"type":"Point","coordinates":[127.326476,37.704298]},"properties":{"id":"8808983620558","name":"수동농협 하나로마트","address":"","phone":"031-593-6580","hours":"08:30 ~ 22:00","region":"경기","district":"남양주","facilities":[],"source":"농협경제지주 공식 전국마트찾기","sourceUrl":"https://www.nhhanaro.co.kr/nahh_70005.do?id=nahh001_010100000000"}},{"type":"Feature","geometry":{"type":"Point","coordinates":[127.213333,37.586975]},"properties":{"id":"8808983620459","name":"와부농협 하나로마트","address":"","phone":"031-577-4008","hours":"09:00 ~ 21:00","region":"경기","district":"남양주","facilities":["은행"],"source":"농협경제지주 공식 전국마트찾기","sourceUrl":"https://www.nhhanaro.co.kr/nahh_70005.do?id=nahh001_010100000000"}},{"type":"Feature","geometry":{"type":"Point","coordinates":[127.177848,37.659925]},"properties":{"id":"8808983620480","name":"진건농협 하나로마트","address":"","phone":"031-528-4300","hours":"08:30 ~ 22:00","region":"경기","district":"남양주","facilities":[],"source":"농협경제지주 공식 전국마트찾기","sourceUrl":"https://www.nhhanaro.co.kr/nahh_70005.do?id=nahh001_010100000000"}},{"type":"Feature","geometry":{"type":"Point","coordinates":[127.183361,37.719432]},"properties":{"id":"8808983620497","name":"진접농협 하나로마트","address":"","phone":"031-571-4275","hours":"09:00 ~ 20:00","region":"경기","district":"남양주","facilities":[],"source":"농협경제지주 공식 전국마트찾기","sourceUrl":"https://www.nhhanaro.co.kr/nahh_70005.do?id=nahh001_010100000000"}},{"type":"Feature","geometry":{"type":"Point","coordinates":[127.186097,37.710981]},"properties":{"id":"8808983320557","name":"진접농협 하나로마트 연평점","address":"","phone":"031-567-8605","hours":"09:00 ~ 22:00","region":"경기","district":"남양주","facilities":[],"source":"농협경제지주 공식 전국마트찾기","sourceUrl":"https://www.nhhanaro.co.kr/nahh_70005.do?id=nahh001_010100000000"}},{"type":"Feature","geometry":{"type":"Point","coordinates":[127.150806,37.626755]},"properties":{"id":"8808983331881","name":"하나로마트 다산역점","address":"","phone":"031-562-5111","hours":"10:00 ~ 22:00","region":"경기","district":"남양주","facilities":[],"source":"농협경제지주 공식 전국마트찾기","sourceUrl":"https://www.nhhanaro.co.kr/nahh_70005.do?id=nahh001_010100000000"}},{"type":"Feature","geometry":{"type":"Point","coordinates":[127.308708,37.65143]},"properties":{"id":"8808983620534","name":"화도농협 하나로마트","address":"","phone":"031-594-8803","hours":"하절기 08:00 ~ 22:00 · 동절기 00:00 ~ 00:00","region":"경기","district":"남양주","facilities":[],"source":"농협경제지주 공식 전국마트찾기","sourceUrl":"https://www.nhhanaro.co.kr/nahh_70005.do?id=nahh001_010100000000"}},{"type":"Feature","geometry":{"type":"Point","coordinates":[127.2910285,37.6512288]},"properties":{"id":"8808983330730","name":"화도농협 하나로마트 녹촌점","address":"","phone":"031-594-5950","hours":"08:30 ~ 21:00","region":"경기","district":"남양주","facilities":["은행"],"source":"농협경제지주 공식 전국마트찾기","sourceUrl":"https://www.nhhanaro.co.kr/nahh_70005.do?id=nahh001_010100000000"}},{"type":"Feature","geometry":{"type":"Point","coordinates":[127.052195,37.899579]},"properties":{"id":"8808983620152","name":"동두천농협 하나로마트","address":"","phone":"031-861-3304","hours":"09:00 ~ 22:00","region":"경기","district":"동두천","facilities":[],"source":"농협경제지주 공식 전국마트찾기","sourceUrl":"https://www.nhhanaro.co.kr/nahh_70005.do?id=nahh001_010100000000"}},{"type":"Feature","geometry":{"type":"Point","coordinates":[126.776441,37.500253]},"properties":{"id":"8808983621708","name":"부천농협 하나로마트 본점","address":"","phone":"032-321-3675","hours":"하절기 09:00 ~ 19:00 · 동절기 00:00 ~ 00:00","region":"경기","district":"부천","facilities":["은행"],"source":"농협경제지주 공식 전국마트찾기","sourceUrl":"https://www.nhhanaro.co.kr/nahh_70005.do?id=nahh001_010100000000"}},{"type":"Feature","geometry":{"type":"Point","coordinates":[126.778265,37.482008]},"properties":{"id":"8808983321202","name":"부천시흥원예농협 하나로마트","address":"","phone":"032-668-2220","hours":"하절기 09:00 ~ 19:00 · 동절기 00:00 ~ 00:00","region":"경기","district":"부천","facilities":["은행"],"source":"농협경제지주 공식 전국마트찾기","sourceUrl":"https://www.nhhanaro.co.kr/nahh_70005.do?id=nahh001_010100000000"}},{"type":"Feature","geometry":{"type":"Point","coordinates":[126.805168,37.526425]},"properties":{"id":"8808983621722","name":"오정농협 하나로마트","address":"","phone":"032-673-2175","hours":"하절기 09:00 ~ 19:00 · 동절기 00:00 ~ 00:00","region":"경기","district":"부천","facilities":[],"source":"농협경제지주 공식 전국마트찾기","sourceUrl":"https://www.nhhanaro.co.kr/nahh_70005.do?id=nahh001_010100000000"}},{"type":"Feature","geometry":{"type":"Point","coordinates":[126.803241,37.472812]},"properties":{"id":"8808983440019","name":"하나로마트 소사점","address":"","phone":"032-351-9100","hours":"09:30 ~ 22:00","region":"경기","district":"부천","facilities":[],"source":"농협경제지주 공식 전국마트찾기","sourceUrl":"https://www.nhhanaro.co.kr/nahh_70005.do?id=nahh001_010100000000"}},{"type":"Feature","geometry":{"type":"Point","coordinates":[127.105147,37.421826]},"properties":{"id":"8808983622286","name":"성남농협 하나로마트 대왕점","address":"","phone":"031-758-9421","hours":"09:00 ~ 21:00","region":"경기","district":"성남","facilities":["은행"],"source":"농협경제지주 공식 전국마트찾기","sourceUrl":"https://www.nhhanaro.co.kr/nahh_70005.do?id=nahh001_010100000000"}},{"type":"Feature","geometry":{"type":"Point","coordinates":[127.129239,37.409643]},"properties":{"id":"8808983622293","name":"성남농협 하나로마트 야탑역점","address":"","phone":"031-703-7054","hours":"09:00 ~ 19:00","region":"경기","district":"성남","facilities":["은행"],"source":"농협경제지주 공식 전국마트찾기","sourceUrl":"https://www.nhhanaro.co.kr/nahh_70005.do?id=nahh001_010100000000"}},{"type":"Feature","geometry":{"type":"Point","coordinates":[127.097881,37.389873]},"properties":{"id":"8808983622309","name":"판교낙생농협 하나로마트","address":"","phone":"031-781-1055","hours":"하절기 09:00 ~ 22:00 · 동절기 00:00 ~ 00:00","region":"경기","district":"성남","facilities":["은행"],"source":"농협경제지주 공식 전국마트찾기","sourceUrl":"https://www.nhhanaro.co.kr/nahh_70005.do?id=nahh001_010100000000"}},{"type":"Feature","geometry":{"type":"Point","coordinates":[127.1066614,37.3387265]},"properties":{"id":"8808983120010","name":"하나로마트 성남점","address":"","phone":"031-738-9000","hours":"하절기 09:00 ~ 23:00 · 동절기 00:00 ~ 00:00","region":"경기","district":"성남","facilities":["주유소","은행"],"source":"농협경제지주 공식 전국마트찾기","sourceUrl":"https://www.nhhanaro.co.kr/nahh_70005.do?id=nahh001_010100000000"}},{"type":"Feature","geometry":{"type":"Point","coordinates":[127.1066614,37.3387265]},"properties":{"id":"8808923130019","name":"하나로마트 성남점(식자재)","address":"","phone":"031-738-9000","hours":"하절기 07:00 ~ 00:00 · 동절기 00:00 ~ 00:00","region":"경기","district":"성남","facilities":["주유소","은행","식자재"],"source":"농협경제지주 공식 전국마트찾기","sourceUrl":"https://www.nhhanaro.co.kr/nahh_70005.do?id=nahh001_010100000000"}},{"type":"Feature","geometry":{"type":"Point","coordinates":[126.98467,37.290071]},"properties":{"id":"8808983320731","name":"서울경기양돈축협 하나로마트 정천점","address":"","phone":"031-295-4550","hours":"09:00 ~ 22:30","region":"경기","district":"수원","facilities":[],"source":"농협경제지주 공식 전국마트찾기","sourceUrl":"https://www.nhhanaro.co.kr/nahh_70005.do?id=nahh001_010100000000"}},{"type":"Feature","geometry":{"type":"Point","coordinates":[127.008876,37.259748]},"properties":{"id":"8808983623917","name":"수원농협 하나로마트 세류점","address":"","phone":"031-235-4123","hours":"09:00 ~ 21:00","region":"경기","district":"수원","facilities":["은행"],"source":"농협경제지주 공식 전국마트찾기","sourceUrl":"https://www.nhhanaro.co.kr/nahh_70005.do?id=nahh001_010100000000"}},{"type":"Feature","geometry":{"type":"Point","coordinates":[127.077193,37.252379]},"properties":{"id":"8808983621197","name":"수원농협 하나로마트 영통점","address":"","phone":"031-206-4674","hours":"09:00 ~ 21:00","region":"경기","district":"수원","facilities":[],"source":"농협경제지주 공식 전국마트찾기","sourceUrl":"https://www.nhhanaro.co.kr/nahh_70005.do?id=nahh001_010100000000"}},{"type":"Feature","geometry":{"type":"Point","coordinates":[127.048694,37.265084]},"properties":{"id":"8808983627014","name":"수원축협 하나로마트","address":"","phone":"031-224-8555","hours":"10:00 ~ 21:00","region":"경기","district":"수원","facilities":[],"source":"농협경제지주 공식 전국마트찾기","sourceUrl":"https://www.nhhanaro.co.kr/nahh_70005.do?id=nahh001_010100000000"}},{"type":"Feature","geometry":{"type":"Point","coordinates":[126.9329558,37.27543]},"properties":{"id":"8808983331836","name":"하나로마트 수원금곡점","address":"","phone":"031-278-7873","hours":"10:00 ~ 21:00","region":"경기","district":"수원","facilities":[],"source":"농협경제지주 공식 전국마트찾기","sourceUrl":"https://www.nhhanaro.co.kr/nahh_70005.do?id=nahh001_010100000000"}},{"type":"Feature","geometry":{"type":"Point","coordinates":[126.966049,37.282728]},"properties":{"id":"8808983120317","name":"하나로마트 수원점","address":"","phone":"031-299-9006","hours":"09:00 ~ 22:00","region":"경기","district":"수원","facilities":["문화센터","은행","식자재"],"source":"농협경제지주 공식 전국마트찾기","sourceUrl":"https://www.nhhanaro.co.kr/nahh_70005.do?id=nahh001_010100000000"}},{"type":"Feature","geometry":{"type":"Point","coordinates":[126.966049,37.282728]},"properties":{"id":"8808983130316","name":"하나로마트 수원점(식자재)","address":"","phone":"031-299-9900","hours":"07:00 ~ 23:00","region":"경기","district":"수원","facilities":["문화센터","은행","식자재"],"source":"농협경제지주 공식 전국마트찾기","sourceUrl":"https://www.nhhanaro.co.kr/nahh_70005.do?id=nahh001_010100000000"}},{"type":"Feature","geometry":{"type":"Point","coordinates":[126.791234,37.3729702]},"properties":{"id":"8808983332994","name":"군자농협 하나로마트 장현점","address":"","phone":"031-435-0031","hours":"09:00 ~ 19:00","region":"경기","district":"시흥","facilities":["은행","식자재"],"source":"농협경제지주 공식 전국마트찾기","sourceUrl":"https://www.nhhanaro.co.kr/nahh_70005.do?id=nahh001_010100000000"}},{"type":"Feature","geometry":{"type":"Point","coordinates":[126.8168029,37.420935]},"properties":{"id":"8808983332659","name":"부천시흥원예농협 로컬푸드직매장","address":"","phone":"031-311-8600","hours":"10:00 ~ 20:00","region":"경기","district":"시흥","facilities":["식자재"],"source":"농협경제지주 공식 전국마트찾기","sourceUrl":"https://www.nhhanaro.co.kr/nahh_70005.do?id=nahh001_010100000000"}},{"type":"Feature","geometry":{"type":"Point","coordinates":[126.809959012,37.448838428]},"properties":{"id":"8808983331782","name":"부천축협시흥로컬푸드직매장&하나로마트","address":"","phone":"031-311-2012","hours":"10:00 ~ 19:00","region":"경기","district":"시흥","facilities":["은행"],"source":"농협경제지주 공식 전국마트찾기","sourceUrl":"https://www.nhhanaro.co.kr/nahh_70005.do?id=nahh001_010100000000"}},{"type":"Feature","geometry":{"type":"Point","coordinates":[126.785283,37.443047]},"properties":{"id":"8808983621296","name":"북시흥농협 하나로마트","address":"","phone":"031-313-9085","hours":"하절기 09:00 ~ 21:00 · 동절기 00:00 ~ 00:00","region":"경기","district":"시흥","facilities":[],"source":"농협경제지주 공식 전국마트찾기","sourceUrl":"https://www.nhhanaro.co.kr/nahh_70005.do?id=nahh001_010100000000"}},{"type":"Feature","geometry":{"type":"Point","coordinates":[126.8566838,37.3934296]},"properties":{"id":"8808983332567","name":"안양원예농협 로컬푸드직매장","address":"","phone":"031-402-1600","hours":"하절기 10:00 ~ 20:00 · 동절기 10:00 ~ 19:00","region":"경기","district":"시흥","facilities":[],"source":"농협경제지주 공식 전국마트찾기","sourceUrl":"https://www.nhhanaro.co.kr/nahh_70005.do?id=nahh001_010100000000"}},{"type":"Feature","geometry":{"type":"Point","coordinates":[126.58895,37.241]},"properties":{"id":"8808983331034","name":"군자농협 하나로마트 대부점","address":"","phone":"032-880-1600","hours":"하절기 09:00 ~ 19:00 · 동절기 00:00 ~ 00:00","region":"경기","district":"안산","facilities":["식자재"],"source":"농협경제지주 공식 전국마트찾기","sourceUrl":"https://www.nhhanaro.co.kr/nahh_70005.do?id=nahh001_010100000000"}},{"type":"Feature","geometry":{"type":"Point","coordinates":[126.812779,37.334858]},"properties":{"id":"8808983621401","name":"군자농협 하나로마트 본점","address":"","phone":"031-483-3212","hours":"09:00 ~ 19:00","region":"경기","district":"안산","facilities":["은행"],"source":"농협경제지주 공식 전국마트찾기","sourceUrl":"https://www.nhhanaro.co.kr/nahh_70005.do?id=nahh001_010100000000"}},{"type":"Feature","geometry":{"type":"Point","coordinates":[126.873539,37.289246]},"properties":{"id":"8808983620992","name":"반월농협 로컬푸드 직매장","address":"","phone":"031-501-5237","hours":"하절기 09:00 ~ 19:00 · 동절기 00:00 ~ 00:00","region":"경기","district":"안산","facilities":[],"source":"농협경제지주 공식 전국마트찾기","sourceUrl":"https://www.nhhanaro.co.kr/nahh_70005.do?id=nahh001_010100000000"}},{"type":"Feature","geometry":{"type":"Point","coordinates":[126.8307688,37.3841702]},"properties":{"id":"8808983331546","name":"안산농협 연꽃로컬푸드","address":"","phone":"031-487-8989","hours":"10:00 ~ 20:00","region":"경기","district":"안산","facilities":["주유소","은행"],"source":"농협경제지주 공식 전국마트찾기","sourceUrl":"https://www.nhhanaro.co.kr/nahh_70005.do?id=nahh001_010100000000"}},{"type":"Feature","geometry":{"type":"Point","coordinates":[126.844363,37.327584]},"properties":{"id":"8808983621449","name":"안산농협 하나로마트","address":"","phone":"031-482-4756","hours":"하절기 09:30 ~ 19:30 · 동절기 09:30 ~ 18:30","region":"경기","district":"안산","facilities":["은행"],"source":"농협경제지주 공식 전국마트찾기","sourceUrl":"https://www.nhhanaro.co.kr/nahh_70005.do?id=nahh001_010100000000"}},{"type":"Feature","geometry":{"type":"Point","coordinates":[127.260733,37.085745]},"properties":{"id":"8808983623320","name":"고삼농협 하나로마트","address":"","phone":"031-674-1314","hours":"하절기 08:30 ~ 19:00 · 동절기 08:30 ~ 18:00","region":"경기","district":"안성","facilities":["은행"],"source":"농협경제지주 공식 전국마트찾기","sourceUrl":"https://www.nhhanaro.co.kr/nahh_70005.do?id=nahh001_010100000000"}},{"type":"Feature","geometry":{"type":"Point","coordinates":[127.322067,37.001071]},"properties":{"id":"8808983623337","name":"금광농협 하나로마트","address":"","phone":"031-672-3770","hours":"08:00 ~ 19:00","region":"경기","district":"안성","facilities":["은행"],"source":"농협경제지주 공식 전국마트찾기","sourceUrl":"https://www.nhhanaro.co.kr/nahh_70005.do?id=nahh001_010100000000"}},{"type":"Feature","geometry":{"type":"Point","coordinates":[127.303832,36.983853]},"properties":{"id":"8808983623344","name":"금광농협 하나로마트 개산점","address":"","phone":"031-674-3774","hours":"08:20 ~ 18:30","region":"경기","district":"안성","facilities":[],"source":"농협경제지주 공식 전국마트찾기","sourceUrl":"https://www.nhhanaro.co.kr/nahh_70005.do?id=nahh001_010100000000"}},{"type":"Feature","geometry":{"type":"Point","coordinates":[127.253405,37.014041]},"properties":{"id":"8808983623313","name":"대덕농협 하나로마트","address":"","phone":"031-676-1773","hours":"하절기 08:30 ~ 22:00 · 동절기 00:00 ~ 00:00","region":"경기","district":"안성","facilities":[],"source":"농협경제지주 공식 전국마트찾기","sourceUrl":"https://www.nhhanaro.co.kr/nahh_70005.do?id=nahh001_010100000000"}},{"type":"Feature","geometry":{"type":"Point","coordinates":[127.224617,37.00052]},"properties":{"id":"8808983623306","name":"대덕농협 하나로마트 내리점","address":"","phone":"031-675-1761","hours":"하절기 08:30 ~ 22:00 · 동절기 00:00 ~ 00:00","region":"경기","district":"안성","facilities":["은행"],"source":"농협경제지주 공식 전국마트찾기","sourceUrl":"https://www.nhhanaro.co.kr/nahh_70005.do?id=nahh001_010100000000"}},{"type":"Feature","geometry":{"type":"Point","coordinates":[127.217883,36.979064]},"properties":{"id":"8808983623214","name":"미양농협 하나로마트","address":"","phone":"031-672-8770","hours":"08:00 ~ 21:00","region":"경기","district":"안성","facilities":["은행"],"source":"농협경제지주 공식 전국마트찾기","sourceUrl":"https://www.nhhanaro.co.kr/nahh_70005.do?id=nahh001_010100000000"}},{"type":"Feature","geometry":{"type":"Point","coordinates":[127.285636,37.01259]},"properties":{"id":"8808983623269","name":"보개농협 하나로마트","address":"","phone":"031-677-0774","hours":"하절기 08:00 ~ 19:00 · 동절기 00:00 ~ 00:00","region":"경기","district":"안성","facilities":[],"source":"농협경제지주 공식 전국마트찾기","sourceUrl":"https://www.nhhanaro.co.kr/nahh_70005.do?id=nahh001_010100000000"}},{"type":"Feature","geometry":{"type":"Point","coordinates":[127.37515,37.074319]},"properties":{"id":"8808983623283","name":"삼죽농협 하나로마트","address":"","phone":"031-672-4770","hours":"08:00 ~ 20:00","region":"경기","district":"안성","facilities":["은행"],"source":"농협경제지주 공식 전국마트찾기","sourceUrl":"https://www.nhhanaro.co.kr/nahh_70005.do?id=nahh001_010100000000"}},{"type":"Feature","geometry":{"type":"Point","coordinates":[127.172351,37.009863]},"properties":{"id":"8808983300825","name":"서안성농협 하나로마트 본점","address":"","phone":"031-618-2371","hours":"09:00 ~ 22:00","region":"경기","district":"안성","facilities":["은행"],"source":"농협경제지주 공식 전국마트찾기","sourceUrl":"https://www.nhhanaro.co.kr/nahh_70005.do?id=nahh001_010100000000"}},{"type":"Feature","geometry":{"type":"Point","coordinates":[127.129949,37.039036]},"properties":{"id":"8808983623276","name":"서안성농협 하나로마트 원곡점","address":"","phone":"031-655-8950","hours":"09:00 ~ 20:00","region":"경기","district":"안성","facilities":["은행"],"source":"농협경제지주 공식 전국마트찾기","sourceUrl":"https://www.nhhanaro.co.kr/nahh_70005.do?id=nahh001_010100000000"}},{"type":"Feature","geometry":{"type":"Point","coordinates":[127.1735629,36.9966967]},"properties":{"id":"8808983340586","name":"서안성농협 하나로마트 중앙점","address":"","phone":"031-618-3371","hours":"하절기 09:00 ~ 21:00 · 동절기 09:00 ~ 20:00","region":"경기","district":"안성","facilities":[],"source":"농협경제지주 공식 전국마트찾기","sourceUrl":"https://www.nhhanaro.co.kr/nahh_70005.do?id=nahh001_010100000000"}},{"type":"Feature","geometry":{"type":"Point","coordinates":[127.258664,36.943379]},"properties":{"id":"8808983623351","name":"서운농협 하나로마트","address":"","phone":"031-672-9770","hours":"08:00 ~ 19:00","region":"경기","district":"안성","facilities":["은행"],"source":"농협경제지주 공식 전국마트찾기","sourceUrl":"https://www.nhhanaro.co.kr/nahh_70005.do?id=nahh001_010100000000"}},{"type":"Feature","geometry":{"type":"Point","coordinates":[127.265697,37.007197]},"properties":{"id":"8808983623368","name":"안성농협 하나로마트","address":"","phone":"031-677-1888","hours":"07:00 ~ 22:00","region":"경기","district":"안성","facilities":[],"source":"농협경제지주 공식 전국마트찾기","sourceUrl":"https://www.nhhanaro.co.kr/nahh_70005.do?id=nahh001_010100000000"}},{"type":"Feature","geometry":{"type":"Point","coordinates":[127.19817,37.009031]},"properties":{"id":"8808983629032","name":"안성인삼농협 하나로마트","address":"","phone":"031-651-7380","hours":"09:00 ~ 20:00","region":"경기","district":"안성","facilities":["은행"],"source":"농협경제지주 공식 전국마트찾기","sourceUrl":"https://www.nhhanaro.co.kr/nahh_70005.do?id=nahh001_010100000000"}},{"type":"Feature","geometry":{"type":"Point","coordinates":[127.267975,36.988729]},"properties":{"id":"8808983302812","name":"안성축협 하나로마트","address":"","phone":"031-8046-8040","hours":"09:00 ~ 22:00","region":"경기","district":"안성","facilities":["은행"],"source":"농협경제지주 공식 전국마트찾기","sourceUrl":"https://www.nhhanaro.co.kr/nahh_70005.do?id=nahh001_010100000000"}},{"type":"Feature","geometry":{"type":"Point","coordinates":[127.266354,37.014753]},"properties":{"id":"8808983627304","name":"안성축협 하나로마트 당왕동지점","address":"","phone":"031-8046-1691","hours":"08:00 ~ 21:00","region":"경기","district":"안성","facilities":["은행"],"source":"농협경제지주 공식 전국마트찾기","sourceUrl":"https://www.nhhanaro.co.kr/nahh_70005.do?id=nahh001_010100000000"}},{"type":"Feature","geometry":{"type":"Point","coordinates":[127.195147,37.059131]},"properties":{"id":"8808983623252","name":"양성농협 하나로마트","address":"","phone":"031-672-2774","hours":"07:30 ~ 20:00","region":"경기","district":"안성","facilities":[],"source":"농협경제지주 공식 전국마트찾기","sourceUrl":"https://www.nhhanaro.co.kr/nahh_70005.do?id=nahh001_010100000000"}},{"type":"Feature","geometry":{"type":"Point","coordinates":[127.476431,37.089543]},"properties":{"id":"8808983623221","name":"일죽농협 하나로마트","address":"","phone":"031-672-2824","hours":"08:00 ~ 22:00","region":"경기","district":"안성","facilities":["은행"],"source":"농협경제지주 공식 전국마트찾기","sourceUrl":"https://www.nhhanaro.co.kr/nahh_70005.do?id=nahh001_010100000000"}},{"type":"Feature","geometry":{"type":"Point","coordinates":[127.433199,37.120226]},"properties":{"id":"8808983623238","name":"일죽농협 하나로마트 방은점","address":"","phone":"031-672-5774","hours":"08:30 ~ 18:00","region":"경기","district":"안성","facilities":[],"source":"농협경제지주 공식 전국마트찾기","sourceUrl":"https://www.nhhanaro.co.kr/nahh_70005.do?id=nahh001_010100000000"}},{"type":"Feature","geometry":{"type":"Point","coordinates":[127.427516,37.075358]},"properties":{"id":"8808983623290","name":"죽산농협 하나로마트","address":"","phone":"031-676-6773","hours":"하절기 08:00 ~ 21:00 · 동절기 08:00 ~ 20:00","region":"경기","district":"안성","facilities":["주유소","문화센터","은행"],"source":"농협경제지주 공식 전국마트찾기","sourceUrl":"https://www.nhhanaro.co.kr/nahh_70005.do?id=nahh001_010100000000"}},{"type":"Feature","geometry":{"type":"Point","coordinates":[126.960785,37.397271]},"properties":{"id":"8808983621234","name":"안양농협 하나로마트","address":"","phone":"031-380-0781","hours":"10:00 ~ 20:00","region":"경기","district":"안양","facilities":["은행"],"source":"농협경제지주 공식 전국마트찾기","sourceUrl":"https://www.nhhanaro.co.kr/nahh_70005.do?id=nahh001_010100000000"}},{"type":"Feature","geometry":{"type":"Point","coordinates":[126.933185,37.397845]},"properties":{"id":"8808983621227","name":"안양농협 하나로마트 비산점","address":"","phone":"031-468-1133","hours":"10:00 ~ 19:30","region":"경기","district":"안양","facilities":["은행"],"source":"농협경제지주 공식 전국마트찾기","sourceUrl":"https://www.nhhanaro.co.kr/nahh_70005.do?id=nahh001_010100000000"}},{"type":"Feature","geometry":{"type":"Point","coordinates":[126.917084,37.404592]},"properties":{"id":"8808983627021","name":"안양축협 하나로마트 안양점","address":"","phone":"031-469-8628","hours":"09:00 ~ 20:00","region":"경기","district":"안양","facilities":["은행"],"source":"농협경제지주 공식 전국마트찾기","sourceUrl":"https://www.nhhanaro.co.kr/nahh_70005.do?id=nahh001_010100000000"}},{"type":"Feature","geometry":{"type":"Point","coordinates":[126.98389,37.826101]},"properties":{"id":"8808983620121","name":"광적농협 하나로마트","address":"","phone":"031-837-0083","hours":"하절기 08:30 ~ 19:00 · 동절기 00:00 ~ 00:00","region":"경기","district":"양주","facilities":[],"source":"농협경제지주 공식 전국마트찾기","sourceUrl":"https://www.nhhanaro.co.kr/nahh_70005.do?id=nahh001_010100000000"}},{"type":"Feature","geometry":{"type":"Point","coordinates":[127.072324,37.801575]},"properties":{"id":"8808983327662","name":"농협양주유통센터","address":"","phone":"031-530-8700","hours":"하절기 09:00 ~ 22:00 · 동절기 00:00 ~ 00:00","region":"경기","district":"양주","facilities":["주유소","문화센터","식자재"],"source":"농협경제지주 공식 전국마트찾기","sourceUrl":"https://www.nhhanaro.co.kr/nahh_70005.do?id=nahh001_010100000000"}},{"type":"Feature","geometry":{"type":"Point","coordinates":[126.989195,37.793638]},"properties":{"id":"8808983620114","name":"백석농협 하나로마트","address":"","phone":"031-879-4161","hours":"08:30 ~ 22:00","region":"경기","district":"양주","facilities":[],"source":"농협경제지주 공식 전국마트찾기","sourceUrl":"https://www.nhhanaro.co.kr/nahh_70005.do?id=nahh001_010100000000"}},{"type":"Feature","geometry":{"type":"Point","coordinates":[126.976557,37.89443]},"properties":{"id":"8808983620190","name":"양주남면농협 하나로마트","address":"","phone":"031-863-5753","hours":"08:30 ~ 21:00","region":"경기","district":"양주","facilities":[],"source":"농협경제지주 공식 전국마트찾기","sourceUrl":"https://www.nhhanaro.co.kr/nahh_70005.do?id=nahh001_010100000000"}},{"type":"Feature","geometry":{"type":"Point","coordinates":[127.079755,37.796444]},"properties":{"id":"8808983302621","name":"양주농협 하나로마트","address":"","phone":"031-848-8460","hours":"09:00 ~ 22:00","region":"경기","district":"양주","facilities":[],"source":"농협경제지주 공식 전국마트찾기","sourceUrl":"https://www.nhhanaro.co.kr/nahh_70005.do?id=nahh001_010100000000"}},{"type":"Feature","geometry":{"type":"Point","coordinates":[127.023442,37.874441]},"properties":{"id":"8808983620206","name":"은현농협 하나로마트","address":"","phone":"031-861-2007","hours":"08:00 ~ 20:00","region":"경기","district":"양주","facilities":["주유소","은행"],"source":"농협경제지주 공식 전국마트찾기","sourceUrl":"https://www.nhhanaro.co.kr/nahh_70005.do?id=nahh001_010100000000"}},{"type":"Feature","geometry":{"type":"Point","coordinates":[126.9412416,37.7162415]},"properties":{"id":"8808983620145","name":"장흥농협 하나로마트","address":"","phone":"031-855-6144","hours":"09:00 ~ 20:00","region":"경기","district":"양주","facilities":["은행"],"source":"농협경제지주 공식 전국마트찾기","sourceUrl":"https://www.nhhanaro.co.kr/nahh_70005.do?id=nahh001_010100000000"}},{"type":"Feature","geometry":{"type":"Point","coordinates":[126.976302,37.719113]},"properties":{"id":"8808983620138","name":"장흥농협 하나로마트 송추점","address":"","phone":"031-826-4071","hours":"08:30 ~ 21:00","region":"경기","district":"양주","facilities":["은행"],"source":"농협경제지주 공식 전국마트찾기","sourceUrl":"https://www.nhhanaro.co.kr/nahh_70005.do?id=nahh001_010100000000"}},{"type":"Feature","geometry":{"type":"Point","coordinates":[127.072324,37.801575]},"properties":{"id":"8808983327679","name":"하나로마트 양주점(식자재)","address":"","phone":"031-530-8700","hours":"07:30 ~ 22:00","region":"경기","district":"양주","facilities":["주유소","문화센터","식자재"],"source":"농협경제지주 공식 전국마트찾기","sourceUrl":"https://www.nhhanaro.co.kr/nahh_70005.do?id=nahh001_010100000000"}},{"type":"Feature","geometry":{"type":"Point","coordinates":[127.062633,37.843035]},"properties":{"id":"8808983620176","name":"회천농협 하나로마트","address":"","phone":"031-858-5030","hours":"09:00 ~ 22:00","region":"경기","district":"양주","facilities":[],"source":"농협경제지주 공식 전국마트찾기","sourceUrl":"https://www.nhhanaro.co.kr/nahh_70005.do?id=nahh001_010100000000"}},{"type":"Feature","geometry":{"type":"Point","coordinates":[127.536666,37.426548]},"properties":{"id":"8808983622668","name":"개군농협 하나로마트","address":"","phone":"031-772-0333","hours":"08:00 ~ 21:00","region":"경기","district":"양평","facilities":[],"source":"농협경제지주 공식 전국마트찾기","sourceUrl":"https://www.nhhanaro.co.kr/nahh_70005.do?id=nahh001_010100000000"}},{"type":"Feature","geometry":{"type":"Point","coordinates":[127.755848,37.417058]},"properties":{"id":"8808983622743","name":"양동농협 하나로마트","address":"","phone":"031-773-1395","hours":"08:00 ~ 21:00","region":"경기","district":"양평","facilities":["주유소"],"source":"농협경제지주 공식 전국마트찾기","sourceUrl":"https://www.nhhanaro.co.kr/nahh_70005.do?id=nahh001_010100000000"}},{"type":"Feature","geometry":{"type":"Point","coordinates":[127.3189,37.54055]},"properties":{"id":"8808983332260","name":"양서농협 두물머리 로컬푸드직매장","address":"","phone":"031-774-5944","hours":"하절기 09:00 ~ 19:00 · 동절기 00:00 ~ 00:00","region":"경기","district":"양평","facilities":[],"source":"농협경제지주 공식 전국마트찾기","sourceUrl":"https://www.nhhanaro.co.kr/nahh_70005.do?id=nahh001_010100000000"}},{"type":"Feature","geometry":{"type":"Point","coordinates":[127.402026,37.513555]},"properties":{"id":"8808983622675","name":"양서농협 하나로마트 국수점","address":"","phone":"031-771-1905","hours":"하절기 08:30 ~ 20:00 · 동절기 00:00 ~ 00:00","region":"경기","district":"양평","facilities":["은행"],"source":"농협경제지주 공식 전국마트찾기","sourceUrl":"https://www.nhhanaro.co.kr/nahh_70005.do?id=nahh001_010100000000"}},{"type":"Feature","geometry":{"type":"Point","coordinates":[127.318976,37.545787]},"properties":{"id":"8808983622699","name":"양서농협 하나로마트 본점","address":"","phone":"031-770-6870","hours":"하절기 08:30 ~ 20:30 · 동절기 00:00 ~ 00:00","region":"경기","district":"양평","facilities":["은행"],"source":"농협경제지주 공식 전국마트찾기","sourceUrl":"https://www.nhhanaro.co.kr/nahh_70005.do?id=nahh001_010100000000"}},{"type":"Feature","geometry":{"type":"Point","coordinates":[127.352047,37.602875]},"properties":{"id":"8808983622682","name":"양서농협 하나로마트 서종점","address":"","phone":"031-771-1013","hours":"하절기 08:30 ~ 20:30 · 동절기 00:00 ~ 00:00","region":"경기","district":"양평","facilities":["은행"],"source":"농협경제지주 공식 전국마트찾기","sourceUrl":"https://www.nhhanaro.co.kr/nahh_70005.do?id=nahh001_010100000000"}},{"type":"Feature","geometry":{"type":"Point","coordinates":[127.484796,37.4796766]},"properties":{"id":"8808983330228","name":"양평농협 하나로마트 강상점","address":"","phone":"031-771-0442","hours":"08:30 ~ 20:00","region":"경기","district":"양평","facilities":["주유소","은행"],"source":"농협경제지주 공식 전국마트찾기","sourceUrl":"https://www.nhhanaro.co.kr/nahh_70005.do?id=nahh001_010100000000"}},{"type":"Feature","geometry":{"type":"Point","coordinates":[127.4164568,37.4984103]},"properties":{"id":"8808983335032","name":"양평농협 하나로마트 강하점","address":"","phone":"031-775-0415","hours":"08:30 ~ 20:00","region":"경기","district":"양평","facilities":["은행"],"source":"농협경제지주 공식 전국마트찾기","sourceUrl":"https://www.nhhanaro.co.kr/nahh_70005.do?id=nahh001_010100000000"}},{"type":"Feature","geometry":{"type":"Point","coordinates":[127.502771,37.4913146]},"properties":{"id":"8808983623702","name":"양평농협 하나로마트 사업본부","address":"","phone":"031-775-0411","hours":"하절기 08:00 ~ 20:30 · 동절기 08:00 ~ 20:00","region":"경기","district":"양평","facilities":["식자재"],"source":"농협경제지주 공식 전국마트찾기","sourceUrl":"https://www.nhhanaro.co.kr/nahh_70005.do?id=nahh001_010100000000"}},{"type":"Feature","geometry":{"type":"Point","coordinates":[127.459244,37.5203411]},"properties":{"id":"8808983327167","name":"양평농협 하나로마트 옥천점","address":"","phone":"031-775-0414","hours":"08:30 ~ 20:00","region":"경기","district":"양평","facilities":["주유소"],"source":"농협경제지주 공식 전국마트찾기","sourceUrl":"https://www.nhhanaro.co.kr/nahh_70005.do?id=nahh001_010100000000"}},{"type":"Feature","geometry":{"type":"Point","coordinates":[127.673135,37.540207]},"properties":{"id":"8808983622712","name":"용문농협 하나로마트 단월점","address":"","phone":"031-773-0258","hours":"08:00 ~ 18:00","region":"경기","district":"양평","facilities":[],"source":"농협경제지주 공식 전국마트찾기","sourceUrl":"https://www.nhhanaro.co.kr/nahh_70005.do?id=nahh001_010100000000"}},{"type":"Feature","geometry":{"type":"Point","coordinates":[127.593736,37.485031]},"properties":{"id":"8808983622705","name":"용문농협 하나로마트 본점","address":"","phone":"031-773-3153","hours":"하절기 08:00 ~ 20:00 · 동절기 08:00 ~ 21:00","region":"경기","district":"양평","facilities":[],"source":"농협경제지주 공식 전국마트찾기","sourceUrl":"https://www.nhhanaro.co.kr/nahh_70005.do?id=nahh001_010100000000"}},{"type":"Feature","geometry":{"type":"Point","coordinates":[127.613216,37.417488]},"properties":{"id":"8808983622736","name":"지평농협 하나로마트 곡수점","address":"","phone":"031-773-7037","hours":"09:00 ~ 18:00","region":"경기","district":"양평","facilities":["은행"],"source":"농협경제지주 공식 전국마트찾기","sourceUrl":"https://www.nhhanaro.co.kr/nahh_70005.do?id=nahh001_010100000000"}},{"type":"Feature","geometry":{"type":"Point","coordinates":[127.636032,37.474545]},"properties":{"id":"8808983622729","name":"지평농협 하나로마트 본점","address":"","phone":"031-775-7550","hours":"하절기 08:30 ~ 20:30 · 동절기 08:30 ~ 20:00","region":"경기","district":"양평","facilities":[],"source":"농협경제지주 공식 전국마트찾기","sourceUrl":"https://www.nhhanaro.co.kr/nahh_70005.do?id=nahh001_010100000000"}},{"type":"Feature","geometry":{"type":"Point","coordinates":[127.710422,37.554622]},"properties":{"id":"8808983622750","name":"청운농협 하나로마트","address":"","phone":"031-773-9814","hours":"08:00 ~ 19:00","region":"경기","district":"양평","facilities":[],"source":"농협경제지주 공식 전국마트찾기","sourceUrl":"https://www.nhhanaro.co.kr/nahh_70005.do?id=nahh001_010100000000"}},{"type":"Feature","geometry":{"type":"Point","coordinates":[127.543313,37.207642]},"properties":{"id":"8808983620244","name":"가남농협 하나로마트","address":"","phone":"031-885-9526","hours":"09:00 ~ 22:00","region":"경기","district":"여주","facilities":["은행"],"source":"농협경제지주 공식 전국마트찾기","sourceUrl":"https://www.nhhanaro.co.kr/nahh_70005.do?id=nahh001_010100000000"}},{"type":"Feature","geometry":{"type":"Point","coordinates":[127.535106,37.400987]},"properties":{"id":"8808983620275","name":"금사농협 하나로마트","address":"","phone":"031-883-3418","hours":"08:30 ~ 21:00","region":"경기","district":"여주","facilities":[],"source":"농협경제지주 공식 전국마트찾기","sourceUrl":"https://www.nhhanaro.co.kr/nahh_70005.do?id=nahh001_010100000000"}},{"type":"Feature","geometry":{"type":"Point","coordinates":[127.457048,37.410287]},"properties":{"id":"8808983620282","name":"금사농협 하나로마트 산북점","address":"","phone":"031-883-3415","hours":"09:00 ~ 19:00","region":"경기","district":"여주","facilities":["은행"],"source":"농협경제지주 공식 전국마트찾기","sourceUrl":"https://www.nhhanaro.co.kr/nahh_70005.do?id=nahh001_010100000000"}},{"type":"Feature","geometry":{"type":"Point","coordinates":[127.586286,37.373865]},"properties":{"id":"8808983620299","name":"대신농협 하나로마트","address":"","phone":"031-883-3611","hours":"하절기 09:00 ~ 20:00 · 동절기 00:00 ~ 00:00","region":"경기","district":"여주","facilities":[],"source":"농협경제지주 공식 전국마트찾기","sourceUrl":"https://www.nhhanaro.co.kr/nahh_70005.do?id=nahh001_010100000000"}},{"type":"Feature","geometry":{"type":"Point","coordinates":[127.67984,37.32893]},"properties":{"id":"8808983620312","name":"동여주농협 하나로마트","address":"","phone":"031-884-2503","hours":"하절기 08:00 ~ 20:30 · 동절기 08:00 ~ 20:00","region":"경기","district":"여주","facilities":["은행"],"source":"농협경제지주 공식 전국마트찾기","sourceUrl":"https://www.nhhanaro.co.kr/nahh_70005.do?id=nahh001_010100000000"}},{"type":"Feature","geometry":{"type":"Point","coordinates":[127.575288,37.2991878]},"properties":{"id":"8808983620251","name":"세종대왕농협 하나로마트","address":"","phone":"031-883-4321","hours":"하절기 08:30 ~ 20:30 · 동절기 08:30 ~ 20:00","region":"경기","district":"여주","facilities":["주유소","은행"],"source":"농협경제지주 공식 전국마트찾기","sourceUrl":"https://www.nhhanaro.co.kr/nahh_70005.do?id=nahh001_010100000000"}},{"type":"Feature","geometry":{"type":"Point","coordinates":[127.629857,37.29801]},"properties":{"id":"8808983620220","name":"여주농협 하나로마트 사업소","address":"","phone":"031-883-3045","hours":"08:00 ~ 22:00","region":"경기","district":"여주","facilities":[],"source":"농협경제지주 공식 전국마트찾기","sourceUrl":"https://www.nhhanaro.co.kr/nahh_70005.do?id=nahh001_010100000000"}},{"type":"Feature","geometry":{"type":"Point","coordinates":[127.645391,37.302356]},"properties":{"id":"8808983627342","name":"여주축산농협 하나로마트","address":"","phone":"031-886-2471","hours":"하절기 08:00 ~ 22:00 · 동절기 09:00 ~ 22:00","region":"경기","district":"여주","facilities":["은행","식자재"],"source":"농협경제지주 공식 전국마트찾기","sourceUrl":"https://www.nhhanaro.co.kr/nahh_70005.do?id=nahh001_010100000000"}},{"type":"Feature","geometry":{"type":"Point","coordinates":[127.661509,37.207056]},"properties":{"id":"8808983620237","name":"점동농협 하나로마트","address":"","phone":"031-883-6004","hours":"08:30 ~ 20:00","region":"경기","district":"여주","facilities":[],"source":"농협경제지주 공식 전국마트찾기","sourceUrl":"https://www.nhhanaro.co.kr/nahh_70005.do?id=nahh001_010100000000"}},{"type":"Feature","geometry":{"type":"Point","coordinates":[127.555607,37.330041]},"properties":{"id":"8808983620268","name":"흥천농협 하나로마트","address":"","phone":"031-882-0088","hours":"08:00 ~ 20:00","region":"경기","district":"여주","facilities":[],"source":"농협경제지주 공식 전국마트찾기","sourceUrl":"https://www.nhhanaro.co.kr/nahh_70005.do?id=nahh001_010100000000"}},{"type":"Feature","geometry":{"type":"Point","coordinates":[127.076318,38.1015]},"properties":{"id":"8808983622392","name":"연천농협 하나로마트","address":"","phone":"031-834-2088","hours":"08:30 ~ 21:00","region":"경기","district":"연천","facilities":[],"source":"농협경제지주 공식 전국마트찾기","sourceUrl":"https://www.nhhanaro.co.kr/nahh_70005.do?id=nahh001_010100000000"}},{"type":"Feature","geometry":{"type":"Point","coordinates":[127.106779,38.184218]},"properties":{"id":"8808983622408","name":"연천농협 하나로마트 신서점","address":"","phone":"031-834-8039","hours":"09:00 ~ 20:00","region":"경기","district":"연천","facilities":["은행"],"source":"농협경제지주 공식 전국마트찾기","sourceUrl":"https://www.nhhanaro.co.kr/nahh_70005.do?id=nahh001_010100000000"}},{"type":"Feature","geometry":{"type":"Point","coordinates":[127.021286,38.058439]},"properties":{"id":"8808983307114","name":"임진농협 하나로마트","address":"","phone":"031-833-6500","hours":"08:30 ~ 21:00","region":"경기","district":"연천","facilities":[],"source":"농협경제지주 공식 전국마트찾기","sourceUrl":"https://www.nhhanaro.co.kr/nahh_70005.do?id=nahh001_010100000000"}},{"type":"Feature","geometry":{"type":"Point","coordinates":[127.067158,38.020142]},"properties":{"id":"8808983623924","name":"전곡농협 하나로마트","address":"","phone":"031-832-8548","hours":"08:30 ~ 22:00","region":"경기","district":"연천","facilities":["은행"],"source":"농협경제지주 공식 전국마트찾기","sourceUrl":"https://www.nhhanaro.co.kr/nahh_70005.do?id=nahh001_010100000000"}},{"type":"Feature","geometry":{"type":"Point","coordinates":[126.913855,38.032232]},"properties":{"id":"8808983622347","name":"전곡농협 하나로마트 백학점","address":"","phone":"031-835-5555","hours":"08:00 ~ 18:00","region":"경기","district":"연천","facilities":["은행"],"source":"농협경제지주 공식 전국마트찾기","sourceUrl":"https://www.nhhanaro.co.kr/nahh_70005.do?id=nahh001_010100000000"}},{"type":"Feature","geometry":{"type":"Point","coordinates":[127.06835,37.152847]},"properties":{"id":"8808983620732","name":"오산농협 하나로마트 본점","address":"","phone":"031-372-2116","hours":"09:00 ~ 22:00","region":"경기","district":"오산","facilities":[],"source":"농협경제지주 공식 전국마트찾기","sourceUrl":"https://www.nhhanaro.co.kr/nahh_70005.do?id=nahh001_010100000000"}},{"type":"Feature","geometry":{"type":"Point","coordinates":[127.036276,37.184877]},"properties":{"id":"8808983620756","name":"오산농협 하나로마트 세마대점","address":"","phone":"031-372-3116","hours":"09:00 ~ 18:00","region":"경기","district":"오산","facilities":[],"source":"농협경제지주 공식 전국마트찾기","sourceUrl":"https://www.nhhanaro.co.kr/nahh_70005.do?id=nahh001_010100000000"}},{"type":"Feature","geometry":{"type":"Point","coordinates":[127.11418,37.294499]},"properties":{"id":"8808983623146","name":"구성농협 하나로마트","address":"","phone":"031-283-9483","hours":"09:00 ~ 21:00","region":"경기","district":"용인","facilities":[],"source":"농협경제지주 공식 전국마트찾기","sourceUrl":"https://www.nhhanaro.co.kr/nahh_70005.do?id=nahh001_010100000000"}},{"type":"Feature","geometry":{"type":"Point","coordinates":[127.105515,37.25475]},"properties":{"id":"8808983623108","name":"기흥농협 하나로마트","address":"","phone":"031-284-2097","hours":"09:00 ~ 21:00","region":"경기","district":"용인","facilities":["은행"],"source":"농협경제지주 공식 전국마트찾기","sourceUrl":"https://www.nhhanaro.co.kr/nahh_70005.do?id=nahh001_010100000000"}},{"type":"Feature","geometry":{"type":"Point","coordinates":[127.149767,37.113549]},"properties":{"id":"8808983623061","name":"남사농협 하나로마트","address":"","phone":"031-339-1553","hours":"08:00 ~ 20:00","region":"경기","district":"용인","facilities":[],"source":"농협경제지주 공식 전국마트찾기","sourceUrl":"https://www.nhhanaro.co.kr/nahh_70005.do?id=nahh001_010100000000"}},{"type":"Feature","geometry":{"type":"Point","coordinates":[127.248734,37.335537]},"properties":{"id":"8808983623030","name":"모현농협 하나로마트","address":"","phone":"031-339-4923","hours":"09:00 ~ 21:00","region":"경기","district":"용인","facilities":[],"source":"농협경제지주 공식 전국마트찾기","sourceUrl":"https://www.nhhanaro.co.kr/nahh_70005.do?id=nahh001_010100000000"}},{"type":"Feature","geometry":{"type":"Point","coordinates":[127.178164,37.343232]},"properties":{"id":"8808983623016","name":"모현농협 하나로마트 능원점","address":"","phone":"031-333-8577","hours":"09:00 ~ 19:00","region":"경기","district":"용인","facilities":[],"source":"농협경제지주 공식 전국마트찾기","sourceUrl":"https://www.nhhanaro.co.kr/nahh_70005.do?id=nahh001_010100000000"}},{"type":"Feature","geometry":{"type":"Point","coordinates":[127.374124,37.164913]},"properties":{"id":"8808983623078","name":"백암농협 하나로마트","address":"","phone":"031-334-4036","hours":"09:00 ~ 22:00","region":"경기","district":"용인","facilities":[],"source":"농협경제지주 공식 전국마트찾기","sourceUrl":"https://www.nhhanaro.co.kr/nahh_70005.do?id=nahh001_010100000000"}},{"type":"Feature","geometry":{"type":"Point","coordinates":[127.096379,37.3226974]},"properties":{"id":"8808983329437","name":"수지농협로컬푸드직매장","address":"","phone":"031-263-6817","hours":"09:00 ~ 20:00","region":"경기","district":"용인","facilities":["은행"],"source":"농협경제지주 공식 전국마트찾기","sourceUrl":"https://www.nhhanaro.co.kr/nahh_70005.do?id=nahh001_010100000000"}},{"type":"Feature","geometry":{"type":"Point","coordinates":[127.094026,37.3450808]},"properties":{"id":"8808983333021","name":"수지농협하나로마트 동천점","address":"","phone":"031-896-9996","hours":"09:00 ~ 21:00","region":"경기","district":"용인","facilities":["문화센터","은행"],"source":"농협경제지주 공식 전국마트찾기","sourceUrl":"https://www.nhhanaro.co.kr/nahh_70005.do?id=nahh001_010100000000"}},{"type":"Feature","geometry":{"type":"Point","coordinates":[127.202024,37.235228]},"properties":{"id":"8808983622972","name":"용인농협 파머스마켓","address":"","phone":"031-321-7100","hours":"09:00 ~ 22:00","region":"경기","district":"용인","facilities":[],"source":"농협경제지주 공식 전국마트찾기","sourceUrl":"https://www.nhhanaro.co.kr/nahh_70005.do?id=nahh001_010100000000"}},{"type":"Feature","geometry":{"type":"Point","coordinates":[127.282529,37.234932]},"properties":{"id":"8808983622934","name":"용인농협 파머스마켓 양지점","address":"","phone":"031-338-1212","hours":"09:00 ~ 21:00","region":"경기","district":"용인","facilities":[],"source":"농협경제지주 공식 전국마트찾기","sourceUrl":"https://www.nhhanaro.co.kr/nahh_70005.do?id=nahh001_010100000000"}},{"type":"Feature","geometry":{"type":"Point","coordinates":[127.2193722,37.2439795]},"properties":{"id":"8808983334271","name":"용인축산농협 하나로마트","address":"","phone":"031-335-9900","hours":"09:00 ~ 21:00","region":"경기","district":"용인","facilities":["문화센터","은행"],"source":"농협경제지주 공식 전국마트찾기","sourceUrl":"https://www.nhhanaro.co.kr/nahh_70005.do?id=nahh001_010100000000"}},{"type":"Feature","geometry":{"type":"Point","coordinates":[127.309822,37.164709]},"properties":{"id":"8808983623085","name":"원삼농협 하나로마트 본점","address":"","phone":"031-339-2042","hours":"08:00 ~ 21:00","region":"경기","district":"용인","facilities":["은행"],"source":"농협경제지주 공식 전국마트찾기","sourceUrl":"https://www.nhhanaro.co.kr/nahh_70005.do?id=nahh001_010100000000"}},{"type":"Feature","geometry":{"type":"Point","coordinates":[127.326671,37.194588]},"properties":{"id":"8808983623092","name":"원삼농협 하나로마트 원일점","address":"","phone":"031-332-8056","hours":"08:00 ~ 19:00","region":"경기","district":"용인","facilities":["은행"],"source":"농협경제지주 공식 전국마트찾기","sourceUrl":"https://www.nhhanaro.co.kr/nahh_70005.do?id=nahh001_010100000000"}},{"type":"Feature","geometry":{"type":"Point","coordinates":[127.205824,37.189964]},"properties":{"id":"8808983623054","name":"이동농협 하나로마트","address":"","phone":"031-336-4422","hours":"09:00 ~ 22:00","region":"경기","district":"용인","facilities":[],"source":"농협경제지주 공식 전국마트찾기","sourceUrl":"https://www.nhhanaro.co.kr/nahh_70005.do?id=nahh001_010100000000"}},{"type":"Feature","geometry":{"type":"Point","coordinates":[127.229882,37.276368]},"properties":{"id":"8808983623009","name":"포곡농협 하나로마트 본점","address":"","phone":"031-334-2860","hours":"09:00 ~ 22:00","region":"경기","district":"용인","facilities":["은행"],"source":"농협경제지주 공식 전국마트찾기","sourceUrl":"https://www.nhhanaro.co.kr/nahh_70005.do?id=nahh001_010100000000"}},{"type":"Feature","geometry":{"type":"Point","coordinates":[127.06813,37.296245]},"properties":{"id":"8808983323169","name":"하나로마트 광교점","address":"","phone":"031-212-7110","hours":"09:00 ~ 22:00","region":"경기","district":"용인","facilities":[],"source":"농협경제지주 공식 전국마트찾기","sourceUrl":"https://www.nhhanaro.co.kr/nahh_70005.do?id=nahh001_010100000000"}},{"type":"Feature","geometry":{"type":"Point","coordinates":[127.136092,37.266106]},"properties":{"id":"8808983440026","name":"하나로마트 용인점","address":"","phone":"031-289-0600","hours":"08:30 ~ 22:00","region":"경기","district":"용인","facilities":[],"source":"농협경제지주 공식 전국마트찾기","sourceUrl":"https://www.nhhanaro.co.kr/nahh_70005.do?id=nahh001_010100000000"}},{"type":"Feature","geometry":{"type":"Point","coordinates":[126.949851,37.319566]},"properties":{"id":"8808983621340","name":"의왕농협 하나로마트 부곡점","address":"","phone":"031-461-4088","hours":"09:00 ~ 20:00","region":"경기","district":"의왕","facilities":[],"source":"농협경제지주 공식 전국마트찾기","sourceUrl":"https://www.nhhanaro.co.kr/nahh_70005.do?id=nahh001_010100000000"}},{"type":"Feature","geometry":{"type":"Point","coordinates":[126.985014,37.396148]},"properties":{"id":"8808983321783","name":"의왕농협 하나로마트 포일점","address":"","phone":"031-449-4602","hours":"09:30 ~ 20:00","region":"경기","district":"의왕","facilities":["은행"],"source":"농협경제지주 공식 전국마트찾기","sourceUrl":"https://www.nhhanaro.co.kr/nahh_70005.do?id=nahh001_010100000000"}},{"type":"Feature","geometry":{"type":"Point","coordinates":[127.0383,37.746413]},"properties":{"id":"8808983620046","name":"의정부농협 하나로마트 가능점","address":"","phone":"031-879-6471","hours":"09:30 ~ 20:00","region":"경기","district":"의정부","facilities":["은행"],"source":"농협경제지주 공식 전국마트찾기","sourceUrl":"https://www.nhhanaro.co.kr/nahh_70005.do?id=nahh001_010100000000"}},{"type":"Feature","geometry":{"type":"Point","coordinates":[127.096442,37.7459633]},"properties":{"id":"8808983326818","name":"의정부농협 하나로마트 송양점","address":"","phone":"031-853-6531","hours":"09:30 ~ 20:00","region":"경기","district":"의정부","facilities":["은행"],"source":"농협경제지주 공식 전국마트찾기","sourceUrl":"https://www.nhhanaro.co.kr/nahh_70005.do?id=nahh001_010100000000"}},{"type":"Feature","geometry":{"type":"Point","coordinates":[127.495448,37.22392]},"properties":{"id":"8808983622842","name":"대월농협 하나로마트","address":"","phone":"031-632-1834","hours":"08:00 ~ 20:00","region":"경기","district":"이천","facilities":[],"source":"농협경제지주 공식 전국마트찾기","sourceUrl":"https://www.nhhanaro.co.kr/nahh_70005.do?id=nahh001_010100000000"}},{"type":"Feature","geometry":{"type":"Point","coordinates":[127.450829,37.22182]},"properties":{"id":"8808983622866","name":"대월농협 하나로마트 단월점","address":"","phone":"031-633-5806","hours":"08:00 ~ 18:00","region":"경기","district":"이천","facilities":["은행"],"source":"농협경제지주 공식 전국마트찾기","sourceUrl":"https://www.nhhanaro.co.kr/nahh_70005.do?id=nahh001_010100000000"}},{"type":"Feature","geometry":{"type":"Point","coordinates":[127.502107,37.241222]},"properties":{"id":"8808983300894","name":"도드람양돈협 하나로마트","address":"","phone":"031-637-8750","hours":"09:00 ~ 22:00","region":"경기","district":"이천","facilities":["은행"],"source":"농협경제지주 공식 전국마트찾기","sourceUrl":"https://www.nhhanaro.co.kr/nahh_70005.do?id=nahh001_010100000000"}},{"type":"Feature","geometry":{"type":"Point","coordinates":[127.352944,37.253315]},"properties":{"id":"8808983622835","name":"마장농협 하나로마트","address":"","phone":"031-634-2217","hours":"08:30 ~ 20:00","region":"경기","district":"이천","facilities":[],"source":"농협경제지주 공식 전국마트찾기","sourceUrl":"https://www.nhhanaro.co.kr/nahh_70005.do?id=nahh001_010100000000"}},{"type":"Feature","geometry":{"type":"Point","coordinates":[127.479306,37.168981]},"properties":{"id":"8808983622873","name":"모가농협 하나로마트","address":"","phone":"031-632-8530","hours":"08:00 ~ 21:00","region":"경기","district":"이천","facilities":[],"source":"농협경제지주 공식 전국마트찾기","sourceUrl":"https://www.nhhanaro.co.kr/nahh_70005.do?id=nahh001_010100000000"}},{"type":"Feature","geometry":{"type":"Point","coordinates":[127.448075,37.200775]},"properties":{"id":"8808983622880","name":"모가농협 하나로마트 마옥점","address":"","phone":"031-633-6740","hours":"08:00 ~ 19:30","region":"경기","district":"이천","facilities":["은행"],"source":"농협경제지주 공식 전국마트찾기","sourceUrl":"https://www.nhhanaro.co.kr/nahh_70005.do?id=nahh001_010100000000"}},{"type":"Feature","geometry":{"type":"Point","coordinates":[127.488088,37.285804]},"properties":{"id":"8808983622811","name":"부발농협 하나로마트","address":"","phone":"031-632-0565","hours":"08:00 ~ 20:00","region":"경기","district":"이천","facilities":[],"source":"농협경제지주 공식 전국마트찾기","sourceUrl":"https://www.nhhanaro.co.kr/nahh_70005.do?id=nahh001_010100000000"}},{"type":"Feature","geometry":{"type":"Point","coordinates":[127.477241,37.261057]},"properties":{"id":"8808983622804","name":"부발농협 하나로마트 신하점","address":"","phone":"031-635-8432","hours":"09:00 ~ 22:00","region":"경기","district":"이천","facilities":["은행"],"source":"농협경제지주 공식 전국마트찾기","sourceUrl":"https://www.nhhanaro.co.kr/nahh_70005.do?id=nahh001_010100000000"}},{"type":"Feature","geometry":{"type":"Point","coordinates":[127.513114,37.1349]},"properties":{"id":"8808983622910","name":"설성농협 하나로마트","address":"","phone":"031-642-5400","hours":"08:00 ~ 21:00","region":"경기","district":"이천","facilities":[],"source":"농협경제지주 공식 전국마트찾기","sourceUrl":"https://www.nhhanaro.co.kr/nahh_70005.do?id=nahh001_010100000000"}},{"type":"Feature","geometry":{"type":"Point","coordinates":[127.547022,37.105387]},"properties":{"id":"8808983622903","name":"설성농협 하나로마트 제요점","address":"","phone":"031-641-9192","hours":"08:00 ~ 19:00","region":"경기","district":"이천","facilities":["은행"],"source":"농협경제지주 공식 전국마트찾기","sourceUrl":"https://www.nhhanaro.co.kr/nahh_70005.do?id=nahh001_010100000000"}},{"type":"Feature","geometry":{"type":"Point","coordinates":[127.441351,37.31978]},"properties":{"id":"8808983622781","name":"신둔농협 하나로마트 도암점","address":"","phone":"031-634-2242","hours":"08:00 ~ 19:00","region":"경기","district":"이천","facilities":["주유소","은행"],"source":"농협경제지주 공식 전국마트찾기","sourceUrl":"https://www.nhhanaro.co.kr/nahh_70005.do?id=nahh001_010100000000"}},{"type":"Feature","geometry":{"type":"Point","coordinates":[127.401657,37.308512]},"properties":{"id":"8808983622798","name":"신둔농협 하나로마트 본점","address":"","phone":"031-634-6725","hours":"08:00 ~ 20:00","region":"경기","district":"이천","facilities":[],"source":"농협경제지주 공식 전국마트찾기","sourceUrl":"https://www.nhhanaro.co.kr/nahh_70005.do?id=nahh001_010100000000"}},{"type":"Feature","geometry":{"type":"Point","coordinates":[127.383801,37.2928703]},"properties":{"id":"8808983330082","name":"신둔농협하나로마트예스파크점","address":"","phone":"031-637-6731","hours":"08:00 ~ 19:00","region":"경기","district":"이천","facilities":["은행"],"source":"농협경제지주 공식 전국마트찾기","sourceUrl":"https://www.nhhanaro.co.kr/nahh_70005.do?id=nahh001_010100000000"}},{"type":"Feature","geometry":{"type":"Point","coordinates":[127.545907,37.094226]},"properties":{"id":"8808983622927","name":"율면농협 하나로마트","address":"","phone":"031-641-6414","hours":"08:00 ~ 19:00","region":"경기","district":"이천","facilities":["은행"],"source":"농협경제지주 공식 전국마트찾기","sourceUrl":"https://www.nhhanaro.co.kr/nahh_70005.do?id=nahh001_010100000000"}},{"type":"Feature","geometry":{"type":"Point","coordinates":[127.492514,37.340529]},"properties":{"id":"8808983622774","name":"이천농협 하나로마트 백사점","address":"","phone":"031-634-9233","hours":"08:30 ~ 19:00","region":"경기","district":"이천","facilities":["은행"],"source":"농협경제지주 공식 전국마트찾기","sourceUrl":"https://www.nhhanaro.co.kr/nahh_70005.do?id=nahh001_010100000000"}},{"type":"Feature","geometry":{"type":"Point","coordinates":[127.448942,37.281375]},"properties":{"id":"8808983623566","name":"이천농협 하나로마트 본점","address":"","phone":"031-634-7164","hours":"08:30 ~ 23:00","region":"경기","district":"이천","facilities":["은행"],"source":"농협경제지주 공식 전국마트찾기","sourceUrl":"https://www.nhhanaro.co.kr/nahh_70005.do?id=nahh001_010100000000"}},{"type":"Feature","geometry":{"type":"Point","coordinates":[127.445432,37.280169]},"properties":{"id":"8808983622767","name":"이천농협 하나로마트 창전점","address":"","phone":"031-638-8090","hours":"08:30 ~ 22:00","region":"경기","district":"이천","facilities":[],"source":"농협경제지주 공식 전국마트찾기","sourceUrl":"https://www.nhhanaro.co.kr/nahh_70005.do?id=nahh001_010100000000"}},{"type":"Feature","geometry":{"type":"Point","coordinates":[127.447791,37.2693314]},"properties":{"id":"8808983627243","name":"이천축산농협 하나로마트 본점","address":"","phone":"031-635-8555","hours":"09:00 ~ 21:00","region":"경기","district":"이천","facilities":["은행"],"source":"농협경제지주 공식 전국마트찾기","sourceUrl":"https://www.nhhanaro.co.kr/nahh_70005.do?id=nahh001_010100000000"}},{"type":"Feature","geometry":{"type":"Point","coordinates":[127.624503,37.115354]},"properties":{"id":"8808983622897","name":"장호원농협 하나로마트","address":"","phone":"031-643-0049","hours":"08:30 ~ 21:30","region":"경기","district":"이천","facilities":["식자재"],"source":"농협경제지주 공식 전국마트찾기","sourceUrl":"https://www.nhhanaro.co.kr/nahh_70005.do?id=nahh001_010100000000"}},{"type":"Feature","geometry":{"type":"Point","coordinates":[127.426852,37.223139]},"properties":{"id":"8808983622828","name":"호법농협 하나로마트","address":"","phone":"031-632-9015","hours":"08:00 ~ 20:00","region":"경기","district":"이천","facilities":[],"source":"농협경제지주 공식 전국마트찾기","sourceUrl":"https://www.nhhanaro.co.kr/nahh_70005.do?id=nahh001_010100000000"}},{"type":"Feature","geometry":{"type":"Point","coordinates":[126.8448152,37.7834041]},"properties":{"id":"8808983621616","name":"광탄농협 하나로마트","address":"","phone":"031-947-7874","hours":"08:20 ~ 21:30","region":"경기","district":"파주","facilities":["주유소","은행","식자재"],"source":"농협경제지주 공식 전국마트찾기","sourceUrl":"https://www.nhhanaro.co.kr/nahh_70005.do?id=nahh001_010100000000"}},{"type":"Feature","geometry":{"type":"Point","coordinates":[126.785428,37.858585]},"properties":{"id":"8808983621630","name":"북파주농협 하나로마트","address":"","phone":"031-953-5121","hours":"09:00 ~ 19:30","region":"경기","district":"파주","facilities":["은행"],"source":"농협경제지주 공식 전국마트찾기","sourceUrl":"https://www.nhhanaro.co.kr/nahh_70005.do?id=nahh001_010100000000"}},{"type":"Feature","geometry":{"type":"Point","coordinates":[126.91805,37.953734]},"properties":{"id":"8808983621692","name":"북파주농협 하나로마트 적성점","address":"","phone":"031-959-3748","hours":"09:00 ~ 18:00","region":"경기","district":"파주","facilities":["은행"],"source":"농협경제지주 공식 전국마트찾기","sourceUrl":"https://www.nhhanaro.co.kr/nahh_70005.do?id=nahh001_010100000000"}},{"type":"Feature","geometry":{"type":"Point","coordinates":[126.837814,37.921596]},"properties":{"id":"8808983621685","name":"북파주농협 하나로마트 파평점","address":"","phone":"031-958-5703","hours":"09:00 ~ 18:00","region":"경기","district":"파주","facilities":[],"source":"농협경제지주 공식 전국마트찾기","sourceUrl":"https://www.nhhanaro.co.kr/nahh_70005.do?id=nahh001_010100000000"}},{"type":"Feature","geometry":{"type":"Point","coordinates":[126.791055,37.796511]},"properties":{"id":"8808983621524","name":"월롱농협 하나로마트","address":"","phone":"031-945-9010","hours":"09:00 ~ 21:00","region":"경기","district":"파주","facilities":[],"source":"농협경제지주 공식 전국마트찾기","sourceUrl":"https://www.nhhanaro.co.kr/nahh_70005.do?id=nahh001_010100000000"}},{"type":"Feature","geometry":{"type":"Point","coordinates":[126.876342,37.847919]},"properties":{"id":"8808983621678","name":"천현농협 하나로마트","address":"","phone":"031-958-0586","hours":"08:00 ~ 22:00","region":"경기","district":"파주","facilities":[],"source":"농협경제지주 공식 전국마트찾기","sourceUrl":"https://www.nhhanaro.co.kr/nahh_70005.do?id=nahh001_010100000000"}},{"type":"Feature","geometry":{"type":"Point","coordinates":[126.720623,37.772846]},"properties":{"id":"8808983621555","name":"탄현농협 하나로마트 갈현점","address":"","phone":"031-945-3879","hours":"09:00 ~ 17:00","region":"경기","district":"파주","facilities":["은행"],"source":"농협경제지주 공식 전국마트찾기","sourceUrl":"https://www.nhhanaro.co.kr/nahh_70005.do?id=nahh001_010100000000"}},{"type":"Feature","geometry":{"type":"Point","coordinates":[126.718299,37.803562]},"properties":{"id":"8808983621548","name":"탄현농협 하나로마트 본점","address":"","phone":"031-945-8015","hours":"09:00 ~ 19:00","region":"경기","district":"파주","facilities":[],"source":"농협경제지주 공식 전국마트찾기","sourceUrl":"https://www.nhhanaro.co.kr/nahh_70005.do?id=nahh001_010100000000"}},{"type":"Feature","geometry":{"type":"Point","coordinates":[126.816282,37.831491]},"properties":{"id":"8808983302799","name":"파주농협 하나로마트","address":"","phone":"031-953-4864","hours":"09:00 ~ 21:00","region":"경기","district":"파주","facilities":["은행"],"source":"농협경제지주 공식 전국마트찾기","sourceUrl":"https://www.nhhanaro.co.kr/nahh_70005.do?id=nahh001_010100000000"}},{"type":"Feature","geometry":{"type":"Point","coordinates":[126.768543,37.766843]},"properties":{"id":"8808983321165","name":"파주연천축협 하나로마트","address":"","phone":"031-944-2704","hours":"09:00 ~ 21:00","region":"경기","district":"파주","facilities":[],"source":"농협경제지주 공식 전국마트찾기","sourceUrl":"https://www.nhhanaro.co.kr/nahh_70005.do?id=nahh001_010100000000"}},{"type":"Feature","geometry":{"type":"Point","coordinates":[126.718845,37.723912]},"properties":{"id":"8808983420325","name":"하나로마트 교하점","address":"","phone":"031-949-1000","hours":"09:00 ~ 22:00","region":"경기","district":"파주","facilities":[],"source":"농협경제지주 공식 전국마트찾기","sourceUrl":"https://www.nhhanaro.co.kr/nahh_70005.do?id=nahh001_010100000000"}},{"type":"Feature","geometry":{"type":"Point","coordinates":[127.056856,37.057617]},"properties":{"id":"8808983620657","name":"송탄농협 하나로마트 본점","address":"","phone":"031-667-1521","hours":"09:00 ~ 20:00","region":"경기","district":"평택","facilities":[],"source":"농협경제지주 공식 전국마트찾기","sourceUrl":"https://www.nhhanaro.co.kr/nahh_70005.do?id=nahh001_010100000000"}},{"type":"Feature","geometry":{"type":"Point","coordinates":[127.0821957,37.0499682]},"properties":{"id":"8808983340999","name":"송탄농협 하나로마트 본점","address":"","phone":"031-663-1523","hours":"10:00 ~ 21:00","region":"경기","district":"평택","facilities":["은행"],"source":"농협경제지주 공식 전국마트찾기","sourceUrl":"https://www.nhhanaro.co.kr/nahh_70005.do?id=nahh001_010100000000"}},{"type":"Feature","geometry":{"type":"Point","coordinates":[126.926167,36.9761617]},"properties":{"id":"8808983620688","name":"안중농협 하나로마트 본점","address":"","phone":"031-682-4866","hours":"08:30 ~ 21:30","region":"경기","district":"평택","facilities":["주유소","문화센터","은행"],"source":"농협경제지주 공식 전국마트찾기","sourceUrl":"https://www.nhhanaro.co.kr/nahh_70005.do?id=nahh001_010100000000"}},{"type":"Feature","geometry":{"type":"Point","coordinates":[126.980241,37.007304]},"properties":{"id":"8808983620695","name":"안중농협 하나로마트 오성점","address":"","phone":"031-682-7058","hours":"09:00 ~ 19:00","region":"경기","district":"평택","facilities":["은행"],"source":"농협경제지주 공식 전국마트찾기","sourceUrl":"https://www.nhhanaro.co.kr/nahh_70005.do?id=nahh001_010100000000"}},{"type":"Feature","geometry":{"type":"Point","coordinates":[126.921711,37.032099]},"properties":{"id":"8808983620701","name":"안중농협 하나로마트 청북점","address":"","phone":"031-683-3489","hours":"하절기 08:00 ~ 19:00 · 동절기 00:00 ~ 00:00","region":"경기","district":"평택","facilities":["은행"],"source":"농협경제지주 공식 전국마트찾기","sourceUrl":"https://www.nhhanaro.co.kr/nahh_70005.do?id=nahh001_010100000000"}},{"type":"Feature","geometry":{"type":"Point","coordinates":[126.884184,36.98348]},"properties":{"id":"8808983620718","name":"안중농협 하나로마트 포승점","address":"","phone":"031-681-2108","hours":"09:00 ~ 18:00","region":"경기","district":"평택","facilities":["은행"],"source":"농협경제지주 공식 전국마트찾기","sourceUrl":"https://www.nhhanaro.co.kr/nahh_70005.do?id=nahh001_010100000000"}},{"type":"Feature","geometry":{"type":"Point","coordinates":[126.920625,36.966632]},"properties":{"id":"8808983620725","name":"안중농협 하나로마트 현덕점","address":"","phone":"031-681-2307","hours":"08:30 ~ 18:30","region":"경기","district":"평택","facilities":["은행"],"source":"농협경제지주 공식 전국마트찾기","sourceUrl":"https://www.nhhanaro.co.kr/nahh_70005.do?id=nahh001_010100000000"}},{"type":"Feature","geometry":{"type":"Point","coordinates":[127.062512,36.964215]},"properties":{"id":"8808983620640","name":"팽성농협 하나로마트","address":"","phone":"031-691-8840","hours":"09:00 ~ 22:00","region":"경기","district":"평택","facilities":["은행"],"source":"농협경제지주 공식 전국마트찾기","sourceUrl":"https://www.nhhanaro.co.kr/nahh_70005.do?id=nahh001_010100000000"}},{"type":"Feature","geometry":{"type":"Point","coordinates":[127.013947,36.950007]},"properties":{"id":"8808983620626","name":"팽성농협 하나로마트 본정점","address":"","phone":"031-691-7402","hours":"08:30 ~ 19:00","region":"경기","district":"평택","facilities":["은행"],"source":"농협경제지주 공식 전국마트찾기","sourceUrl":"https://www.nhhanaro.co.kr/nahh_70005.do?id=nahh001_010100000000"}},{"type":"Feature","geometry":{"type":"Point","coordinates":[127.134975,36.998607]},"properties":{"id":"8808983326368","name":"평택과수농협 하나로마트","address":"","phone":"031-655-2118","hours":"09:00 ~ 21:00","region":"경기","district":"평택","facilities":["주유소","은행"],"source":"농협경제지주 공식 전국마트찾기","sourceUrl":"https://www.nhhanaro.co.kr/nahh_70005.do?id=nahh001_010100000000"}},{"type":"Feature","geometry":{"type":"Point","coordinates":[127.086724,36.996178]},"properties":{"id":"8808983620602","name":"평택농협 하나로마트 본점","address":"","phone":"031-652-3820","hours":"09:00 ~ 19:00","region":"경기","district":"평택","facilities":["은행"],"source":"농협경제지주 공식 전국마트찾기","sourceUrl":"https://www.nhhanaro.co.kr/nahh_70005.do?id=nahh001_010100000000"}},{"type":"Feature","geometry":{"type":"Point","coordinates":[127.079833,37.004]},"properties":{"id":"8808983620596","name":"평택농협 하나로마트 세교점","address":"","phone":"031-657-9982","hours":"09:00 ~ 21:00","region":"경기","district":"평택","facilities":["은행"],"source":"농협경제지주 공식 전국마트찾기","sourceUrl":"https://www.nhhanaro.co.kr/nahh_70005.do?id=nahh001_010100000000"}},{"type":"Feature","geometry":{"type":"Point","coordinates":[127.139822,36.998779]},"properties":{"id":"8808983326627","name":"평택농협 하나로마트 용이점","address":"","phone":"031-653-6811","hours":"하절기 09:00 ~ 21:00 · 동절기 00:00 ~ 00:00","region":"경기","district":"평택","facilities":["은행"],"source":"농협경제지주 공식 전국마트찾기","sourceUrl":"https://www.nhhanaro.co.kr/nahh_70005.do?id=nahh001_010100000000"}},{"type":"Feature","geometry":{"type":"Point","coordinates":[127.114498,36.995]},"properties":{"id":"8808983627137","name":"평택축협 하나로마트 본점","address":"","phone":"031-657-9708","hours":"09:00 ~ 20:00","region":"경기","district":"평택","facilities":[],"source":"농협경제지주 공식 전국마트찾기","sourceUrl":"https://www.nhhanaro.co.kr/nahh_70005.do?id=nahh001_010100000000"}},{"type":"Feature","geometry":{"type":"Point","coordinates":[126.925384,36.985122]},"properties":{"id":"8808983627441","name":"평택축협하나로마트 안중점","address":"","phone":"031-682-4881","hours":"하절기 09:00 ~ 22:00 · 동절기 00:00 ~ 00:00","region":"경기","district":"평택","facilities":["은행"],"source":"농협경제지주 공식 전국마트찾기","sourceUrl":"https://www.nhhanaro.co.kr/nahh_70005.do?id=nahh001_010100000000"}},{"type":"Feature","geometry":{"type":"Point","coordinates":[127.227861,37.785691]},"properties":{"id":"8808983622439","name":"가산농협 하나로마트 내촌점","address":"","phone":"031-531-9746","hours":"08:00 ~ 20:00","region":"경기","district":"포천","facilities":[],"source":"농협경제지주 공식 전국마트찾기","sourceUrl":"https://www.nhhanaro.co.kr/nahh_70005.do?id=nahh001_010100000000"}},{"type":"Feature","geometry":{"type":"Point","coordinates":[127.187602,37.8475938]},"properties":{"id":"8808983622422","name":"가산농협 하나로마트 본점","address":"","phone":"031-544-0104","hours":"08:00 ~ 21:00","region":"경기","district":"포천","facilities":["주유소","은행"],"source":"농협경제지주 공식 전국마트찾기","sourceUrl":"https://www.nhhanaro.co.kr/nahh_70005.do?id=nahh001_010100000000"}},{"type":"Feature","geometry":{"type":"Point","coordinates":[127.191101,37.885641]},"properties":{"id":"8808983629018","name":"개성인삼농협 하나로마트 본점","address":"","phone":"031-534-9192","hours":"08:00 ~ 22:00","region":"경기","district":"포천","facilities":[],"source":"농협경제지주 공식 전국마트찾기","sourceUrl":"https://www.nhhanaro.co.kr/nahh_70005.do?id=nahh001_010100000000"}},{"type":"Feature","geometry":{"type":"Point","coordinates":[127.251611,38.157084]},"properties":{"id":"8808983622569","name":"관인농협 하나로마트 본점","address":"","phone":"031-532-0537","hours":"08:00 ~ 19:00","region":"경기","district":"포천","facilities":[],"source":"농협경제지주 공식 전국마트찾기","sourceUrl":"https://www.nhhanaro.co.kr/nahh_70005.do?id=nahh001_010100000000"}},{"type":"Feature","geometry":{"type":"Point","coordinates":[127.144429,37.828124]},"properties":{"id":"8808983622460","name":"소흘농협 하나로마트","address":"","phone":"031-541-5671","hours":"하절기 09:00 ~ 22:00 · 동절기 09:00 ~ 21:00","region":"경기","district":"포천","facilities":["문화센터","은행"],"source":"농협경제지주 공식 전국마트찾기","sourceUrl":"https://www.nhhanaro.co.kr/nahh_70005.do?id=nahh001_010100000000"}},{"type":"Feature","geometry":{"type":"Point","coordinates":[127.14943,37.777343]},"properties":{"id":"8808983622477","name":"소흘농협 하나로마트 이곡점","address":"","phone":"031-541-6109","hours":"09:00 ~ 20:00","region":"경기","district":"포천","facilities":["은행"],"source":"농협경제지주 공식 전국마트찾기","sourceUrl":"https://www.nhhanaro.co.kr/nahh_70005.do?id=nahh001_010100000000"}},{"type":"Feature","geometry":{"type":"Point","coordinates":[127.2753573,38.0898143]},"properties":{"id":"8808983622552","name":"영북농협 하나로마트 본점","address":"","phone":"031-531-5590","hours":"08:30 ~ 21:00","region":"경기","district":"포천","facilities":[],"source":"농협경제지주 공식 전국마트찾기","sourceUrl":"https://www.nhhanaro.co.kr/nahh_70005.do?id=nahh001_010100000000"}},{"type":"Feature","geometry":{"type":"Point","coordinates":[127.243237,38.00209]},"properties":{"id":"8808983622453","name":"영중농협 하나로마트 본점","address":"","phone":"031-534-4013","hours":"08:00 ~ 21:00","region":"경기","district":"포천","facilities":[],"source":"농협경제지주 공식 전국마트찾기","sourceUrl":"https://www.nhhanaro.co.kr/nahh_70005.do?id=nahh001_010100000000"}},{"type":"Feature","geometry":{"type":"Point","coordinates":[127.3204,37.960368]},"properties":{"id":"8808983624013","name":"일동농협 하나로마트 본점","address":"","phone":"031-533-0870","hours":"08:00 ~ 22:00","region":"경기","district":"포천","facilities":[],"source":"농협경제지주 공식 전국마트찾기","sourceUrl":"https://www.nhhanaro.co.kr/nahh_70005.do?id=nahh001_010100000000"}},{"type":"Feature","geometry":{"type":"Point","coordinates":[127.366739,38.035886]},"properties":{"id":"8808983622521","name":"일동농협 하나로마트 이동점","address":"","phone":"031-534-7045","hours":"08:00 ~ 20:00","region":"경기","district":"포천","facilities":[],"source":"농협경제지주 공식 전국마트찾기","sourceUrl":"https://www.nhhanaro.co.kr/nahh_70005.do?id=nahh001_010100000000"}},{"type":"Feature","geometry":{"type":"Point","coordinates":[127.206779,37.9012183]},"properties":{"id":"8808983622514","name":"포천농협 하나로마트","address":"","phone":"031-534-1906","hours":"08:30 ~ 21:00","region":"경기","district":"포천","facilities":["은행"],"source":"농협경제지주 공식 전국마트찾기","sourceUrl":"https://www.nhhanaro.co.kr/nahh_70005.do?id=nahh001_010100000000"}},{"type":"Feature","geometry":{"type":"Point","coordinates":[127.196156,37.5697757]},"properties":{"id":"8808983331416","name":"하남농협 하나로마트","address":"","phone":"031-790-7680","hours":"09:30 ~ 22:00","region":"경기","district":"하남","facilities":["문화센터","은행"],"source":"농협경제지주 공식 전국마트찾기","sourceUrl":"https://www.nhhanaro.co.kr/nahh_70005.do?id=nahh001_010100000000"}},{"type":"Feature","geometry":{"type":"Point","coordinates":[127.19672,37.52288]},"properties":{"id":"8808983622231","name":"하남서부농협 하나로마트 본점","address":"","phone":"031-793-8430","hours":"09:00 ~ 22:00","region":"경기","district":"하남","facilities":[],"source":"농협경제지주 공식 전국마트찾기","sourceUrl":"https://www.nhhanaro.co.kr/nahh_70005.do?id=nahh001_010100000000"}},{"type":"Feature","geometry":{"type":"Point","coordinates":[127.171891,37.545027]},"properties":{"id":"8808983622255","name":"하남서부농협 하나로마트 초이점","address":"","phone":"02-426-6600","hours":"09:00 ~ 19:00","region":"경기","district":"하남","facilities":[],"source":"농협경제지주 공식 전국마트찾기","sourceUrl":"https://www.nhhanaro.co.kr/nahh_70005.do?id=nahh001_010100000000"}},{"type":"Feature","geometry":{"type":"Point","coordinates":[126.807731,37.159135]},"properties":{"id":"8808983322452","name":"남양농협 하나로마트 현대점 C1점","address":"","phone":"031-356-2904","hours":"07:00 ~ 18:00","region":"경기","district":"화성","facilities":[],"source":"농협경제지주 공식 전국마트찾기","sourceUrl":"https://www.nhhanaro.co.kr/nahh_70005.do?id=nahh001_010100000000"}},{"type":"Feature","geometry":{"type":"Point","coordinates":[126.807731,37.159135]},"properties":{"id":"8808983322445","name":"남양농협 하나로마트 현대점 C점","address":"","phone":"031-356-2904","hours":"07:00 ~ 18:00","region":"경기","district":"화성","facilities":["은행"],"source":"농협경제지주 공식 전국마트찾기","sourceUrl":"https://www.nhhanaro.co.kr/nahh_70005.do?id=nahh001_010100000000"}},{"type":"Feature","geometry":{"type":"Point","coordinates":[126.807731,37.159135]},"properties":{"id":"8808983322469","name":"남양농협 하나로마트 현대점 D점","address":"","phone":"031-356-2904","hours":"07:00 ~ 18:00","region":"경기","district":"화성","facilities":[],"source":"농협경제지주 공식 전국마트찾기","sourceUrl":"https://www.nhhanaro.co.kr/nahh_70005.do?id=nahh001_010100000000"}},{"type":"Feature","geometry":{"type":"Point","coordinates":[126.807731,37.159135]},"properties":{"id":"8808983322438","name":"남양농협 하나로마트 현대점 PT점","address":"","phone":"031-356-2904","hours":"07:00 ~ 18:00","region":"경기","district":"화성","facilities":[],"source":"농협경제지주 공식 전국마트찾기","sourceUrl":"https://www.nhhanaro.co.kr/nahh_70005.do?id=nahh001_010100000000"}},{"type":"Feature","geometry":{"type":"Point","coordinates":[127.073006,37.188315]},"properties":{"id":"8808983621050","name":"동탄농협 하나로마트","address":"","phone":"031-376-1551","hours":"09:00 ~ 22:00","region":"경기","district":"화성","facilities":["은행"],"source":"농협경제지주 공식 전국마트찾기","sourceUrl":"https://www.nhhanaro.co.kr/nahh_70005.do?id=nahh001_010100000000"}},{"type":"Feature","geometry":{"type":"Point","coordinates":[126.908927,37.132077]},"properties":{"id":"8808983620879","name":"발안농협 하나로마트","address":"","phone":"031-354-9100","hours":"하절기 09:00 ~ 21:00 · 동절기 00:00 ~ 00:00","region":"경기","district":"화성","facilities":["은행"],"source":"농협경제지주 공식 전국마트찾기","sourceUrl":"https://www.nhhanaro.co.kr/nahh_70005.do?id=nahh001_010100000000"}},{"type":"Feature","geometry":{"type":"Point","coordinates":[126.946305,37.08071]},"properties":{"id":"8808983620855","name":"발안농협 하나로마트 양감점","address":"","phone":"031-353-2042","hours":"09:00 ~ 18:00","region":"경기","district":"화성","facilities":["은행"],"source":"농협경제지주 공식 전국마트찾기","sourceUrl":"https://www.nhhanaro.co.kr/nahh_70005.do?id=nahh001_010100000000"}},{"type":"Feature","geometry":{"type":"Point","coordinates":[126.707241,37.166975]},"properties":{"id":"8808983621067","name":"서신농협 하나로마트","address":"","phone":"031-357-3987","hours":"08:30 ~ 21:00","region":"경기","district":"화성","facilities":["은행"],"source":"농협경제지주 공식 전국마트찾기","sourceUrl":"https://www.nhhanaro.co.kr/nahh_70005.do?id=nahh001_010100000000"}},{"type":"Feature","geometry":{"type":"Point","coordinates":[126.910487,37.249981]},"properties":{"id":"8808983621012","name":"서화성농협 하나로마트 매송점","address":"","phone":"031-292-3108","hours":"08:00 ~ 19:00","region":"경기","district":"화성","facilities":["은행"],"source":"농협경제지주 공식 전국마트찾기","sourceUrl":"https://www.nhhanaro.co.kr/nahh_70005.do?id=nahh001_010100000000"}},{"type":"Feature","geometry":{"type":"Point","coordinates":[126.868599,37.235747]},"properties":{"id":"8808983621005","name":"서화성농협 하나로마트 비봉점","address":"","phone":"031-356-2486","hours":"08:00 ~ 21:00","region":"경기","district":"화성","facilities":[],"source":"농협경제지주 공식 전국마트찾기","sourceUrl":"https://www.nhhanaro.co.kr/nahh_70005.do?id=nahh001_010100000000"}},{"type":"Feature","geometry":{"type":"Point","coordinates":[126.736791,37.212663]},"properties":{"id":"8808983620800","name":"송산농협 하나로마트 사강지점","address":"","phone":"031-357-5392","hours":"08:00 ~ 22:00","region":"경기","district":"화성","facilities":["은행"],"source":"농협경제지주 공식 전국마트찾기","sourceUrl":"https://www.nhhanaro.co.kr/nahh_70005.do?id=nahh001_010100000000"}},{"type":"Feature","geometry":{"type":"Point","coordinates":[126.98604,37.168508]},"properties":{"id":"8808983620817","name":"정남농협 하나로마트 본점","address":"","phone":"031-352-4902","hours":"09:00 ~ 21:00","region":"경기","district":"화성","facilities":[],"source":"농협경제지주 공식 전국마트찾기","sourceUrl":"https://www.nhhanaro.co.kr/nahh_70005.do?id=nahh001_010100000000"}},{"type":"Feature","geometry":{"type":"Point","coordinates":[126.831438,37.199541]},"properties":{"id":"8808983620930","name":"조암농협 하나로마트","address":"","phone":"031-358-3686","hours":"하절기 08:30 ~ 21:00 · 동절기 00:00 ~ 00:00","region":"경기","district":"화성","facilities":[],"source":"농협경제지주 공식 전국마트찾기","sourceUrl":"https://www.nhhanaro.co.kr/nahh_70005.do?id=nahh001_010100000000"}},{"type":"Feature","geometry":{"type":"Point","coordinates":[127.057573,37.211144]},"properties":{"id":"8808983620886","name":"태안농협 하나로마트 능동점","address":"","phone":"031-234-2343","hours":"09:00 ~ 22:00","region":"경기","district":"화성","facilities":["은행"],"source":"농협경제지주 공식 전국마트찾기","sourceUrl":"https://www.nhhanaro.co.kr/nahh_70005.do?id=nahh001_010100000000"}},{"type":"Feature","geometry":{"type":"Point","coordinates":[126.902895,37.161631]},"properties":{"id":"8808983621043","name":"팔탄농협 하나로마트 본점","address":"","phone":"031-353-8805","hours":"08:30 ~ 21:00","region":"경기","district":"화성","facilities":[],"source":"농협경제지주 공식 전국마트찾기","sourceUrl":"https://www.nhhanaro.co.kr/nahh_70005.do?id=nahh001_010100000000"}},{"type":"Feature","geometry":{"type":"Point","coordinates":[127.1056518,37.208178]},"properties":{"id":"8808983331041","name":"하나로마트 동탄2신도시점","address":"","phone":"031-5188-8101","hours":"09:00 ~ 22:00","region":"경기","district":"화성","facilities":["은행","식자재"],"source":"농협경제지주 공식 전국마트찾기","sourceUrl":"https://www.nhhanaro.co.kr/nahh_70005.do?id=nahh001_010100000000"}},{"type":"Feature","geometry":{"type":"Point","coordinates":[126.771235,37.204296]},"properties":{"id":"8808983621036","name":"하나로마트 마도농협 본점","address":"","phone":"031-356-4640","hours":"08:00 ~ 20:00","region":"경기","district":"화성","facilities":["주유소","은행"],"source":"농협경제지주 공식 전국마트찾기","sourceUrl":"https://www.nhhanaro.co.kr/nahh_70005.do?id=nahh001_010100000000"}},{"type":"Feature","geometry":{"type":"Point","coordinates":[127.035664,37.208201]},"properties":{"id":"8808983324692","name":"하나로마트 병점역점","address":"","phone":"031-267-4462","hours":"하절기 09:00 ~ 21:00 · 동절기 00:00 ~ 00:00","region":"경기","district":"화성","facilities":["은행"],"source":"농협경제지주 공식 전국마트찾기","sourceUrl":"https://www.nhhanaro.co.kr/nahh_70005.do?id=nahh001_010100000000"}},{"type":"Feature","geometry":{"type":"Point","coordinates":[126.959001,37.217781]},"properties":{"id":"8808983330242","name":"하나로마트 봉담점","address":"","phone":"031-8012-6600","hours":"09:00 ~ 21:00","region":"경기","district":"화성","facilities":["은행"],"source":"농협경제지주 공식 전국마트찾기","sourceUrl":"https://www.nhhanaro.co.kr/nahh_70005.do?id=nahh001_010100000000"}},{"type":"Feature","geometry":{"type":"Point","coordinates":[126.815224,37.208481]},"properties":{"id":"8808983620961","name":"화성남양농협 하나로마트 본점","address":"","phone":"031-356-2905","hours":"08:00 ~ 22:00","region":"경기","district":"화성","facilities":["은행","식자재"],"source":"농협경제지주 공식 전국마트찾기","sourceUrl":"https://www.nhhanaro.co.kr/nahh_70005.do?id=nahh001_010100000000"}},{"type":"Feature","geometry":{"type":"Point","coordinates":[126.807731,37.159135]},"properties":{"id":"8808983620947","name":"화성남양농협 하나로마트 현대점","address":"","phone":"031-356-2904","hours":"07:00 ~ 19:00","region":"경기","district":"화성","facilities":[],"source":"농협경제지주 공식 전국마트찾기","sourceUrl":"https://www.nhhanaro.co.kr/nahh_70005.do?id=nahh001_010100000000"}},{"type":"Feature","geometry":{"type":"Point","coordinates":[127.01662,37.205954]},"properties":{"id":"8808983620909","name":"화성태안농협 하나로마트 안녕점","address":"","phone":"031-236-3435","hours":"09:00 ~ 22:00","region":"경기","district":"화성","facilities":[],"source":"농협경제지주 공식 전국마트찾기","sourceUrl":"https://www.nhhanaro.co.kr/nahh_70005.do?id=nahh001_010100000000"}},{"type":"Feature","geometry":{"type":"Point","coordinates":[128.632964,34.8742618]},"properties":{"id":"8808983324876","name":"거제 농수산물종합유통센터 하나로마트","address":"","phone":"055-639-1250","hours":"09:00 ~ 21:00","region":"경남","district":"거제시","facilities":["은행"],"source":"농협경제지주 공식 전국마트찾기","sourceUrl":"https://www.nhhanaro.co.kr/nahh_70005.do?id=nahh001_010100000000"}},{"type":"Feature","geometry":{"type":"Point","coordinates":[128.590025,34.850325]},"properties":{"id":"8808983632216","name":"거제농협 하나로마트 본점","address":"","phone":"055-633-4118","hours":"08:00 ~ 20:00","region":"경남","district":"거제시","facilities":["은행"],"source":"농협경제지주 공식 전국마트찾기","sourceUrl":"https://www.nhhanaro.co.kr/nahh_70005.do?id=nahh001_010100000000"}},{"type":"Feature","geometry":{"type":"Point","coordinates":[128.688034,34.897227]},"properties":{"id":"8808983637266","name":"거제축협 하나로마트 옥포점","address":"","phone":"055-688-2223","hours":"09:00 ~ 22:00","region":"경남","district":"거제시","facilities":["은행"],"source":"농협경제지주 공식 전국마트찾기","sourceUrl":"https://www.nhhanaro.co.kr/nahh_70005.do?id=nahh001_010100000000"}},{"type":"Feature","geometry":{"type":"Point","coordinates":[128.60817,34.733242]},"properties":{"id":"8808983632209","name":"거제해금강농협 남부지점 하나로마트","address":"","phone":"055-633-0231","hours":"하절기 08:00 ~ 19:00 · 동절기 00:00 ~ 00:00","region":"경남","district":"거제시","facilities":["은행"],"source":"농협경제지주 공식 전국마트찾기","sourceUrl":"https://www.nhhanaro.co.kr/nahh_70005.do?id=nahh001_010100000000"}},{"type":"Feature","geometry":{"type":"Point","coordinates":[128.605202,34.8268535]},"properties":{"id":"8808983632070","name":"거제해금강농협 하나로마트 본점","address":"","phone":"055-633-0603","hours":"하절기 08:30 ~ 21:00 · 동절기 08:30 ~ 20:00","region":"경남","district":"거제시","facilities":["은행"],"source":"농협경제지주 공식 전국마트찾기","sourceUrl":"https://www.nhhanaro.co.kr/nahh_70005.do?id=nahh001_010100000000"}},{"type":"Feature","geometry":{"type":"Point","coordinates":[128.508684,34.839018]},"properties":{"id":"8808983632087","name":"둔덕농협 하나로마트 본점","address":"","phone":"055-633-6009","hours":"08:30 ~ 21:00","region":"경남","district":"거제시","facilities":["주유소","은행"],"source":"농협경제지주 공식 전국마트찾기","sourceUrl":"https://www.nhhanaro.co.kr/nahh_70005.do?id=nahh001_010100000000"}},{"type":"Feature","geometry":{"type":"Point","coordinates":[128.523352,34.921008]},"properties":{"id":"8808983632117","name":"사등농협 하나로마트 본점","address":"","phone":"055-632-5721","hours":"08:00 ~ 20:00","region":"경남","district":"거제시","facilities":["은행"],"source":"농협경제지주 공식 전국마트찾기","sourceUrl":"https://www.nhhanaro.co.kr/nahh_70005.do?id=nahh001_010100000000"}},{"type":"Feature","geometry":{"type":"Point","coordinates":[128.564536,34.898557]},"properties":{"id":"8808983324005","name":"사등농협 하나로마트 사곡점","address":"","phone":"055-638-2603","hours":"09:00 ~ 21:30","region":"경남","district":"거제시","facilities":["은행"],"source":"농협경제지주 공식 전국마트찾기","sourceUrl":"https://www.nhhanaro.co.kr/nahh_70005.do?id=nahh001_010100000000"}},{"type":"Feature","geometry":{"type":"Point","coordinates":[128.624395,34.885139]},"properties":{"id":"8808983632179","name":"신현농협 하나로마트 고현점","address":"","phone":"055-636-5008","hours":"08:00 ~ 22:00","region":"경남","district":"거제시","facilities":["은행"],"source":"농협경제지주 공식 전국마트찾기","sourceUrl":"https://www.nhhanaro.co.kr/nahh_70005.do?id=nahh001_010100000000"}},{"type":"Feature","geometry":{"type":"Point","coordinates":[128.630314,34.875265]},"properties":{"id":"8808983306421","name":"신현농협 하나로마트 상동점","address":"","phone":"055-635-7922","hours":"08:00 ~ 21:00","region":"경남","district":"거제시","facilities":[],"source":"농협경제지주 공식 전국마트찾기","sourceUrl":"https://www.nhhanaro.co.kr/nahh_70005.do?id=nahh001_010100000000"}},{"type":"Feature","geometry":{"type":"Point","coordinates":[128.63968,34.891099]},"properties":{"id":"8808983301822","name":"신현농협 하나로마트 수양점","address":"","phone":"055-634-3805","hours":"09:00 ~ 22:00","region":"경남","district":"거제시","facilities":[],"source":"농협경제지주 공식 전국마트찾기","sourceUrl":"https://www.nhhanaro.co.kr/nahh_70005.do?id=nahh001_010100000000"}},{"type":"Feature","geometry":{"type":"Point","coordinates":[128.610106,34.890837]},"properties":{"id":"8808983632148","name":"신현농협 하나로마트 장평점","address":"","phone":"055-637-1572","hours":"09:00 ~ 23:00","region":"경남","district":"거제시","facilities":["은행"],"source":"농협경제지주 공식 전국마트찾기","sourceUrl":"https://www.nhhanaro.co.kr/nahh_70005.do?id=nahh001_010100000000"}},{"type":"Feature","geometry":{"type":"Point","coordinates":[128.655328,34.913498]},"properties":{"id":"8808983632063","name":"연초농협 하나로마트","address":"","phone":"055-636-0778","hours":"08:30 ~ 22:00","region":"경남","district":"거제시","facilities":[],"source":"농협경제지주 공식 전국마트찾기","sourceUrl":"https://www.nhhanaro.co.kr/nahh_70005.do?id=nahh001_010100000000"}},{"type":"Feature","geometry":{"type":"Point","coordinates":[128.701609,34.831252]},"properties":{"id":"8808983632193","name":"일운농협 하나로마트","address":"","phone":"055-681-6640","hours":"하절기 09:00 ~ 22:00 · 동절기 00:00 ~ 00:00","region":"경남","district":"거제시","facilities":[],"source":"농협경제지주 공식 전국마트찾기","sourceUrl":"https://www.nhhanaro.co.kr/nahh_70005.do?id=nahh001_010100000000"}},{"type":"Feature","geometry":{"type":"Point","coordinates":[128.682288,34.990866]},"properties":{"id":"8808983632094","name":"장목농협 하나로마트 본점","address":"","phone":"055-635-1940","hours":"08:30 ~ 21:00","region":"경남","district":"거제시","facilities":["은행"],"source":"농협경제지주 공식 전국마트찾기","sourceUrl":"https://www.nhhanaro.co.kr/nahh_70005.do?id=nahh001_010100000000"}},{"type":"Feature","geometry":{"type":"Point","coordinates":[128.720082,34.954986]},"properties":{"id":"8808983632100","name":"장목농협 하나로마트 외포점","address":"","phone":"055-636-6044","hours":"08:30 ~ 18:30","region":"경남","district":"거제시","facilities":[],"source":"농협경제지주 공식 전국마트찾기","sourceUrl":"https://www.nhhanaro.co.kr/nahh_70005.do?id=nahh001_010100000000"}},{"type":"Feature","geometry":{"type":"Point","coordinates":[128.692361,34.891415]},"properties":{"id":"8808983632223","name":"장승포농협 하나로마트","address":"","phone":"055-682-6012","hours":"09:00 ~ 22:00","region":"경남","district":"거제시","facilities":["은행"],"source":"농협경제지주 공식 전국마트찾기","sourceUrl":"https://www.nhhanaro.co.kr/nahh_70005.do?id=nahh001_010100000000"}},{"type":"Feature","geometry":{"type":"Point","coordinates":[128.68846,34.86722]},"properties":{"id":"8808983322841","name":"장승포농협 하나로마트 아주점","address":"","phone":"055-682-4995","hours":"09:00 ~ 22:00","region":"경남","district":"거제시","facilities":["은행"],"source":"농협경제지주 공식 전국마트찾기","sourceUrl":"https://www.nhhanaro.co.kr/nahh_70005.do?id=nahh001_010100000000"}},{"type":"Feature","geometry":{"type":"Point","coordinates":[128.73045,34.87175]},"properties":{"id":"8808983632230","name":"장승포농협 하나로마트 옥수점","address":"","phone":"055-682-2282","hours":"09:00 ~ 22:00","region":"경남","district":"거제시","facilities":["은행"],"source":"농협경제지주 공식 전국마트찾기","sourceUrl":"https://www.nhhanaro.co.kr/nahh_70005.do?id=nahh001_010100000000"}},{"type":"Feature","geometry":{"type":"Point","coordinates":[128.65605,34.9571663]},"properties":{"id":"8808983632131","name":"하청농협 하나로마트 본점","address":"","phone":"055-636-5808","hours":"08:30 ~ 21:00","region":"경남","district":"거제시","facilities":["은행","식자재"],"source":"농협경제지주 공식 전국마트찾기","sourceUrl":"https://www.nhhanaro.co.kr/nahh_70005.do?id=nahh001_010100000000"}},{"type":"Feature","geometry":{"type":"Point","coordinates":[128.628352,34.98097]},"properties":{"id":"8808983632124","name":"하청농협 하나로마트 칠천점","address":"","phone":"055-633-9077","hours":"08:30 ~ 18:00","region":"경남","district":"거제시","facilities":[],"source":"농협경제지주 공식 전국마트찾기","sourceUrl":"https://www.nhhanaro.co.kr/nahh_70005.do?id=nahh001_010100000000"}},{"type":"Feature","geometry":{"type":"Point","coordinates":[127.906746,35.68906]},"properties":{"id":"8808983633978","name":"거창농협 하나로마트","address":"","phone":"055-944-8900","hours":"하절기 09:00 ~ 22:00 · 동절기 09:00 ~ 21:00","region":"경남","district":"거창군","facilities":[],"source":"농협경제지주 공식 전국마트찾기","sourceUrl":"https://www.nhhanaro.co.kr/nahh_70005.do?id=nahh001_010100000000"}},{"type":"Feature","geometry":{"type":"Point","coordinates":[127.871676,35.814117]},"properties":{"id":"8808983633053","name":"거창북부농협 하나로마트 고제점","address":"","phone":"055-942-7541","hours":"08:00 ~ 18:00","region":"경남","district":"거창군","facilities":["은행"],"source":"농협경제지주 공식 전국마트찾기","sourceUrl":"https://www.nhhanaro.co.kr/nahh_70005.do?id=nahh001_010100000000"}},{"type":"Feature","geometry":{"type":"Point","coordinates":[127.914249,35.749898]},"properties":{"id":"8808983633091","name":"거창북부농협 하나로마트 본점","address":"","phone":"055-942-6441","hours":"08:00 ~ 18:00","region":"경남","district":"거창군","facilities":["은행"],"source":"농협경제지주 공식 전국마트찾기","sourceUrl":"https://www.nhhanaro.co.kr/nahh_70005.do?id=nahh001_010100000000"}},{"type":"Feature","geometry":{"type":"Point","coordinates":[127.918693,35.805487]},"properties":{"id":"8808983633084","name":"거창북부농협 하나로마트 웅양점","address":"","phone":"055-942-3441","hours":"08:00 ~ 18:00","region":"경남","district":"거창군","facilities":["은행"],"source":"농협경제지주 공식 전국마트찾기","sourceUrl":"https://www.nhhanaro.co.kr/nahh_70005.do?id=nahh001_010100000000"}},{"type":"Feature","geometry":{"type":"Point","coordinates":[127.921161,35.872413]},"properties":{"id":"8808983633060","name":"거창북부농협 하나로마트 하성점","address":"","phone":"055-944-9901","hours":"08:00 ~ 18:00","region":"경남","district":"거창군","facilities":["은행"],"source":"농협경제지주 공식 전국마트찾기","sourceUrl":"https://www.nhhanaro.co.kr/nahh_70005.do?id=nahh001_010100000000"}},{"type":"Feature","geometry":{"type":"Point","coordinates":[127.911188,35.679022]},"properties":{"id":"8808983321615","name":"거창사과원예농협 하나로마트","address":"","phone":"055-943-3700","hours":"09:00 ~ 22:00","region":"경남","district":"거창군","facilities":["주유소","은행"],"source":"농협경제지주 공식 전국마트찾기","sourceUrl":"https://www.nhhanaro.co.kr/nahh_70005.do?id=nahh001_010100000000"}},{"type":"Feature","geometry":{"type":"Point","coordinates":[127.910418,35.685548]},"properties":{"id":"8808983637044","name":"거창축협 하나로마트 본점","address":"","phone":"055-943-9589","hours":"08:30 ~ 21:30","region":"경남","district":"거창군","facilities":["은행"],"source":"농협경제지주 공식 전국마트찾기","sourceUrl":"https://www.nhhanaro.co.kr/nahh_70005.do?id=nahh001_010100000000"}},{"type":"Feature","geometry":{"type":"Point","coordinates":[127.943665,35.666288]},"properties":{"id":"8808983633114","name":"남거창농협 하나로마트 남하점","address":"","phone":"055-942-5841","hours":"08:00 ~ 18:00","region":"경남","district":"거창군","facilities":[],"source":"농협경제지주 공식 전국마트찾기","sourceUrl":"https://www.nhhanaro.co.kr/nahh_70005.do?id=nahh001_010100000000"}},{"type":"Feature","geometry":{"type":"Point","coordinates":[127.908134,35.64411]},"properties":{"id":"8808983633107","name":"남거창농협 하나로마트 본점","address":"","phone":"055-944-4507","hours":"08:10 ~ 18:00","region":"경남","district":"거창군","facilities":[],"source":"농협경제지주 공식 전국마트찾기","sourceUrl":"https://www.nhhanaro.co.kr/nahh_70005.do?id=nahh001_010100000000"}},{"type":"Feature","geometry":{"type":"Point","coordinates":[127.926084,35.566578]},"properties":{"id":"8808983633008","name":"남거창농협 하나로마트 신원지점","address":"","phone":"055-942-8611","hours":"08:00 ~ 17:30","region":"경남","district":"거창군","facilities":["은행"],"source":"농협경제지주 공식 전국마트찾기","sourceUrl":"https://www.nhhanaro.co.kr/nahh_70005.do?id=nahh001_010100000000"}},{"type":"Feature","geometry":{"type":"Point","coordinates":[128.0168985,35.7075797]},"properties":{"id":"8808983633046","name":"동거창농협 하나로마트","address":"","phone":"055-942-5975","hours":"08:00 ~ 20:00","region":"경남","district":"거창군","facilities":[],"source":"농협경제지주 공식 전국마트찾기","sourceUrl":"https://www.nhhanaro.co.kr/nahh_70005.do?id=nahh001_010100000000"}},{"type":"Feature","geometry":{"type":"Point","coordinates":[127.994158,35.763025]},"properties":{"id":"8808983633077","name":"동거창농협 하나로마트 가북점","address":"","phone":"055-942-2015","hours":"08:00 ~ 18:00","region":"경남","district":"거창군","facilities":["은행"],"source":"농협경제지주 공식 전국마트찾기","sourceUrl":"https://www.nhhanaro.co.kr/nahh_70005.do?id=nahh001_010100000000"}},{"type":"Feature","geometry":{"type":"Point","coordinates":[127.8539,35.701266]},"properties":{"id":"8808983633022","name":"수승대농협 하나로마트 마리점","address":"","phone":"055-942-4740","hours":"08:00 ~ 18:00","region":"경남","district":"거창군","facilities":["은행"],"source":"농협경제지주 공식 전국마트찾기","sourceUrl":"https://www.nhhanaro.co.kr/nahh_70005.do?id=nahh001_010100000000"}},{"type":"Feature","geometry":{"type":"Point","coordinates":[127.833024,35.74975]},"properties":{"id":"8808983633015","name":"수승대농협 하나로마트 본점","address":"","phone":"055-943-0761","hours":"08:00 ~ 18:30","region":"경남","district":"거창군","facilities":[],"source":"농협경제지주 공식 전국마트찾기","sourceUrl":"https://www.nhhanaro.co.kr/nahh_70005.do?id=nahh001_010100000000"}},{"type":"Feature","geometry":{"type":"Point","coordinates":[127.819049,35.778816]},"properties":{"id":"8808983633039","name":"수승대농협 하나로마트 북상점","address":"","phone":"055-942-5311","hours":"08:00 ~ 19:00","region":"경남","district":"거창군","facilities":["은행"],"source":"농협경제지주 공식 전국마트찾기","sourceUrl":"https://www.nhhanaro.co.kr/nahh_70005.do?id=nahh001_010100000000"}},{"type":"Feature","geometry":{"type":"Point","coordinates":[128.326613,34.976946]},"properties":{"id":"8808983632285","name":"고성농협 파머스마켓","address":"","phone":"055-673-8912","hours":"08:00 ~ 22:00","region":"경남","district":"고성군","facilities":[],"source":"농협경제지주 공식 전국마트찾기","sourceUrl":"https://www.nhhanaro.co.kr/nahh_70005.do?id=nahh001_010100000000"}},{"type":"Feature","geometry":{"type":"Point","coordinates":[128.29746,35.013521]},"properties":{"id":"8808983632407","name":"고성농협 하나로마트 대가점","address":"","phone":"055-672-4151","hours":"08:00 ~ 18:00","region":"경남","district":"고성군","facilities":["은행"],"source":"농협경제지주 공식 전국마트찾기","sourceUrl":"https://www.nhhanaro.co.kr/nahh_70005.do?id=nahh001_010100000000"}},{"type":"Feature","geometry":{"type":"Point","coordinates":[128.322095,34.978103]},"properties":{"id":"8808983632292","name":"고성농협 하나로마트 서부점","address":"","phone":"055-673-4447","hours":"08:00 ~ 20:00","region":"경남","district":"고성군","facilities":[],"source":"농협경제지주 공식 전국마트찾기","sourceUrl":"https://www.nhhanaro.co.kr/nahh_70005.do?id=nahh001_010100000000"}},{"type":"Feature","geometry":{"type":"Point","coordinates":[128.405017,34.989673]},"properties":{"id":"8808983632414","name":"고성동부농협 하나로마트","address":"","phone":"055-672-1153","hours":"08:00 ~ 22:00","region":"경남","district":"고성군","facilities":["은행"],"source":"농협경제지주 공식 전국마트찾기","sourceUrl":"https://www.nhhanaro.co.kr/nahh_70005.do?id=nahh001_010100000000"}},{"type":"Feature","geometry":{"type":"Point","coordinates":[128.423371,35.041967]},"properties":{"id":"8808983632384","name":"고성동부농협 하나로마트 동해점","address":"","phone":"055-672-5154","hours":"08:00 ~ 19:00","region":"경남","district":"고성군","facilities":["은행"],"source":"농협경제지주 공식 전국마트찾기","sourceUrl":"https://www.nhhanaro.co.kr/nahh_70005.do?id=nahh001_010100000000"}},{"type":"Feature","geometry":{"type":"Point","coordinates":[128.39923,35.009335]},"properties":{"id":"8808983632377","name":"고성동부농협 하나로마트 외곡점","address":"","phone":"055-672-5155","hours":"08:30 ~ 18:00","region":"경남","district":"고성군","facilities":["은행"],"source":"농협경제지주 공식 전국마트찾기","sourceUrl":"https://www.nhhanaro.co.kr/nahh_70005.do?id=nahh001_010100000000"}},{"type":"Feature","geometry":{"type":"Point","coordinates":[128.314348,34.977069]},"properties":{"id":"8808983637211","name":"고성축산농협하나로마트","address":"","phone":"055-673-4666","hours":"하절기 08:00 ~ 23:00 · 동절기 00:00 ~ 00:00","region":"경남","district":"고성군","facilities":[],"source":"농협경제지주 공식 전국마트찾기","sourceUrl":"https://www.nhhanaro.co.kr/nahh_70005.do?id=nahh001_010100000000"}},{"type":"Feature","geometry":{"type":"Point","coordinates":[128.269174,35.105238]},"properties":{"id":"8808983632346","name":"동고성농협 하나로마트 개천점","address":"","phone":"055-672-0151","hours":"08:00 ~ 18:00","region":"경남","district":"고성군","facilities":[],"source":"농협경제지주 공식 전국마트찾기","sourceUrl":"https://www.nhhanaro.co.kr/nahh_70005.do?id=nahh001_010100000000"}},{"type":"Feature","geometry":{"type":"Point","coordinates":[128.334217,35.087922]},"properties":{"id":"8808983632353","name":"동고성농협 하나로마트 구만점","address":"","phone":"055-672-3151","hours":"08:00 ~ 18:00","region":"경남","district":"고성군","facilities":["은행"],"source":"농협경제지주 공식 전국마트찾기","sourceUrl":"https://www.nhhanaro.co.kr/nahh_70005.do?id=nahh001_010100000000"}},{"type":"Feature","geometry":{"type":"Point","coordinates":[128.329849,35.057149]},"properties":{"id":"8808983632360","name":"동고성농협 하나로마트 마암점","address":"","phone":"055-672-6151","hours":"08:30 ~ 18:00","region":"경남","district":"고성군","facilities":["은행"],"source":"농협경제지주 공식 전국마트찾기","sourceUrl":"https://www.nhhanaro.co.kr/nahh_70005.do?id=nahh001_010100000000"}},{"type":"Feature","geometry":{"type":"Point","coordinates":[128.372728,35.055475]},"properties":{"id":"8808983632278","name":"동고성농협 하나로마트 본점","address":"","phone":"055-673-2155","hours":"하절기 08:00 ~ 20:00 · 동절기 00:00 ~ 00:00","region":"경남","district":"고성군","facilities":["은행"],"source":"농협경제지주 공식 전국마트찾기","sourceUrl":"https://www.nhhanaro.co.kr/nahh_70005.do?id=nahh001_010100000000"}},{"type":"Feature","geometry":{"type":"Point","coordinates":[128.235508,35.112502]},"properties":{"id":"8808983632339","name":"동고성농협 하나로마트 영오점","address":"","phone":"055-672-9151","hours":"08:10 ~ 18:00","region":"경남","district":"고성군","facilities":[],"source":"농협경제지주 공식 전국마트찾기","sourceUrl":"https://www.nhhanaro.co.kr/nahh_70005.do?id=nahh001_010100000000"}},{"type":"Feature","geometry":{"type":"Point","coordinates":[128.187047,34.999832]},"properties":{"id":"8808983632315","name":"새고성농협 하나로마트 본점","address":"","phone":"055-672-8152","hours":"08:00 ~ 18:00","region":"경남","district":"고성군","facilities":[],"source":"농협경제지주 공식 전국마트찾기","sourceUrl":"https://www.nhhanaro.co.kr/nahh_70005.do?id=nahh001_010100000000"}},{"type":"Feature","geometry":{"type":"Point","coordinates":[128.273253,34.936972]},"properties":{"id":"8808983632391","name":"새고성농협 하나로마트 삼산점","address":"","phone":"055-672-7151","hours":"09:00 ~ 06:00","region":"경남","district":"고성군","facilities":[],"source":"농협경제지주 공식 전국마트찾기","sourceUrl":"https://www.nhhanaro.co.kr/nahh_70005.do?id=nahh001_010100000000"}},{"type":"Feature","geometry":{"type":"Point","coordinates":[128.206835,35.053013]},"properties":{"id":"8808983632322","name":"새고성농협 하나로마트 영현점","address":"","phone":"055-673-0151","hours":"09:00 ~ 18:00","region":"경남","district":"고성군","facilities":["은행"],"source":"농협경제지주 공식 전국마트찾기","sourceUrl":"https://www.nhhanaro.co.kr/nahh_70005.do?id=nahh001_010100000000"}},{"type":"Feature","geometry":{"type":"Point","coordinates":[128.122119,34.928248]},"properties":{"id":"8808983632261","name":"새고성농협 하나로마트 하이점","address":"","phone":"055-835-5990","hours":"08:00 ~ 18:00","region":"경남","district":"고성군","facilities":["은행"],"source":"농협경제지주 공식 전국마트찾기","sourceUrl":"https://www.nhhanaro.co.kr/nahh_70005.do?id=nahh001_010100000000"}},{"type":"Feature","geometry":{"type":"Point","coordinates":[128.197469,34.942104]},"properties":{"id":"8808983632308","name":"새고성농협 하나로마트 하일점","address":"","phone":"055-673-1151","hours":"08:00 ~ 18:00","region":"경남","district":"고성군","facilities":["은행"],"source":"농협경제지주 공식 전국마트찾기","sourceUrl":"https://www.nhhanaro.co.kr/nahh_70005.do?id=nahh001_010100000000"}},{"type":"Feature","geometry":{"type":"Point","coordinates":[128.932385,35.308587]},"properties":{"id":"8808983631288","name":"김해상동농협 하나로마트","address":"","phone":"055-323-6505","hours":"08:00 ~ 18:00","region":"경남","district":"김해시","facilities":[],"source":"농협경제지주 공식 전국마트찾기","sourceUrl":"https://www.nhhanaro.co.kr/nahh_70005.do?id=nahh001_010100000000"}},{"type":"Feature","geometry":{"type":"Point","coordinates":[128.96768,35.315764]},"properties":{"id":"8808983631295","name":"김해상동농협 하나로마트 매리점","address":"","phone":"055-331-9355","hours":"07:30 ~ 21:30","region":"경남","district":"김해시","facilities":[],"source":"농협경제지주 공식 전국마트찾기","sourceUrl":"https://www.nhhanaro.co.kr/nahh_70005.do?id=nahh001_010100000000"}},{"type":"Feature","geometry":{"type":"Point","coordinates":[128.872218,35.261902]},"properties":{"id":"8808983637532","name":"김해축협 하나로마트 가야점","address":"","phone":"055-334-9060","hours":"09:00 ~ 23:00","region":"경남","district":"김해시","facilities":["은행"],"source":"농협경제지주 공식 전국마트찾기","sourceUrl":"https://www.nhhanaro.co.kr/nahh_70005.do?id=nahh001_010100000000"}},{"type":"Feature","geometry":{"type":"Point","coordinates":[128.879792,35.231543]},"properties":{"id":"8808983637105","name":"김해축협 하나로마트 본점","address":"","phone":"055-337-5711","hours":"09:00 ~ 22:00","region":"경남","district":"김해시","facilities":["은행"],"source":"농협경제지주 공식 전국마트찾기","sourceUrl":"https://www.nhhanaro.co.kr/nahh_70005.do?id=nahh001_010100000000"}},{"type":"Feature","geometry":{"type":"Point","coordinates":[128.85466,35.233967]},"properties":{"id":"8808983637112","name":"김해축협 하나로마트 서부점","address":"","phone":"055-322-5313","hours":"09:00 ~ 23:00","region":"경남","district":"김해시","facilities":["은행"],"source":"농협경제지주 공식 전국마트찾기","sourceUrl":"https://www.nhhanaro.co.kr/nahh_70005.do?id=nahh001_010100000000"}},{"type":"Feature","geometry":{"type":"Point","coordinates":[128.795335,35.185615]},"properties":{"id":"8808983325729","name":"김해축협 하나로마트 장유점","address":"","phone":"055-323-4811","hours":"09:00 ~ 23:00","region":"경남","district":"김해시","facilities":[],"source":"농협경제지주 공식 전국마트찾기","sourceUrl":"https://www.nhhanaro.co.kr/nahh_70005.do?id=nahh001_010100000000"}},{"type":"Feature","geometry":{"type":"Point","coordinates":[128.835426,35.184957]},"properties":{"id":"8808983120614","name":"농협하나로마트 김해점","address":"","phone":"055-310-7114","hours":"09:00 ~ 21:00","region":"경남","district":"김해시","facilities":["식자재"],"source":"농협경제지주 공식 전국마트찾기","sourceUrl":"https://www.nhhanaro.co.kr/nahh_70005.do?id=nahh001_010100000000"}},{"type":"Feature","geometry":{"type":"Point","coordinates":[128.984885,35.23625]},"properties":{"id":"8808983631394","name":"대동농협 하나로마트","address":"","phone":"055-335-7319","hours":"08:00 ~ 20:30","region":"경남","district":"김해시","facilities":[],"source":"농협경제지주 공식 전국마트찾기","sourceUrl":"https://www.nhhanaro.co.kr/nahh_70005.do?id=nahh001_010100000000"}},{"type":"Feature","geometry":{"type":"Point","coordinates":[128.949356,35.235407]},"properties":{"id":"8808983631400","name":"대동농협 하나로마트 대중점","address":"","phone":"055-331-6590","hours":"08:30 ~ 19:00","region":"경남","district":"김해시","facilities":["은행"],"source":"농협경제지주 공식 전국마트찾기","sourceUrl":"https://www.nhhanaro.co.kr/nahh_70005.do?id=nahh001_010100000000"}},{"type":"Feature","geometry":{"type":"Point","coordinates":[128.824852,35.373483]},"properties":{"id":"8808983631325","name":"생림농협 하나로마트 마사점","address":"","phone":"055-338-7181","hours":"09:00 ~ 18:00","region":"경남","district":"김해시","facilities":[],"source":"농협경제지주 공식 전국마트찾기","sourceUrl":"https://www.nhhanaro.co.kr/nahh_70005.do?id=nahh001_010100000000"}},{"type":"Feature","geometry":{"type":"Point","coordinates":[128.848813,35.3265]},"properties":{"id":"8808983633954","name":"생림농협 하나로마트 본점","address":"","phone":"055-323-9980","hours":"08:30 ~ 20:00","region":"경남","district":"김해시","facilities":["은행"],"source":"농협경제지주 공식 전국마트찾기","sourceUrl":"https://www.nhhanaro.co.kr/nahh_70005.do?id=nahh001_010100000000"}},{"type":"Feature","geometry":{"type":"Point","coordinates":[128.813841,35.200437]},"properties":{"id":"8808983631301","name":"장유농협 하나로마트","address":"","phone":"055-314-8803","hours":"09:00 ~ 20:00","region":"경남","district":"김해시","facilities":[],"source":"농협경제지주 공식 전국마트찾기","sourceUrl":"https://www.nhhanaro.co.kr/nahh_70005.do?id=nahh001_010100000000"}},{"type":"Feature","geometry":{"type":"Point","coordinates":[128.830955,35.236413]},"properties":{"id":"8808983631318","name":"주촌농협 하나로마트","address":"","phone":"055-329-1805","hours":"하절기 08:30 ~ 18:00 · 동절기 00:00 ~ 00:00","region":"경남","district":"김해시","facilities":["은행"],"source":"농협경제지주 공식 전국마트찾기","sourceUrl":"https://www.nhhanaro.co.kr/nahh_70005.do?id=nahh001_010100000000"}},{"type":"Feature","geometry":{"type":"Point","coordinates":[128.74746,35.249991]},"properties":{"id":"8808983631363","name":"진례농협 하나로마트","address":"","phone":"055-345-8055","hours":"09:00 ~ 19:00","region":"경남","district":"김해시","facilities":[],"source":"농협경제지주 공식 전국마트찾기","sourceUrl":"https://www.nhhanaro.co.kr/nahh_70005.do?id=nahh001_010100000000"}},{"type":"Feature","geometry":{"type":"Point","coordinates":[128.768478,35.246164]},"properties":{"id":"8808983631356","name":"진례농협 하나로마트 동부점","address":"","phone":"055-345-3647","hours":"09:00 ~ 18:00","region":"경남","district":"김해시","facilities":["은행"],"source":"농협경제지주 공식 전국마트찾기","sourceUrl":"https://www.nhhanaro.co.kr/nahh_70005.do?id=nahh001_010100000000"}},{"type":"Feature","geometry":{"type":"Point","coordinates":[128.73342,35.30305]},"properties":{"id":"8808983631349","name":"진영농협 하나로마트","address":"","phone":"055-345-7718","hours":"09:00 ~ 20:00","region":"경남","district":"김해시","facilities":["은행"],"source":"농협경제지주 공식 전국마트찾기","sourceUrl":"https://www.nhhanaro.co.kr/nahh_70005.do?id=nahh001_010100000000"}},{"type":"Feature","geometry":{"type":"Point","coordinates":[128.834523,35.278023]},"properties":{"id":"8808983631387","name":"한림농협 하나로마트 신천점","address":"","phone":"055-343-1510","hours":"08:30 ~ 18:00","region":"경남","district":"김해시","facilities":[],"source":"농협경제지주 공식 전국마트찾기","sourceUrl":"https://www.nhhanaro.co.kr/nahh_70005.do?id=nahh001_010100000000"}},{"type":"Feature","geometry":{"type":"Point","coordinates":[127.894208,34.841839]},"properties":{"id":"8808983632438","name":"남해농협 하나로마트","address":"","phone":"055-864-3324","hours":"하절기 08:30 ~ 22:00 · 동절기 00:00 ~ 00:00","region":"경남","district":"남해군","facilities":[],"source":"농협경제지주 공식 전국마트찾기","sourceUrl":"https://www.nhhanaro.co.kr/nahh_70005.do?id=nahh001_010100000000"}},{"type":"Feature","geometry":{"type":"Point","coordinates":[127.894737,34.838621]},"properties":{"id":"8808983637471","name":"남해축협 하나로마트 남해읍점","address":"","phone":"055-863-4081","hours":"07:30 ~ 21:00","region":"경남","district":"남해군","facilities":[],"source":"농협경제지주 공식 전국마트찾기","sourceUrl":"https://www.nhhanaro.co.kr/nahh_70005.do?id=nahh001_010100000000"}},{"type":"Feature","geometry":{"type":"Point","coordinates":[127.873143,34.774099]},"properties":{"id":"8808983632490","name":"동남해농협 하나로마트 남면점","address":"","phone":"055-862-8985","hours":"08:00 ~ 20:00","region":"경남","district":"남해군","facilities":[],"source":"농협경제지주 공식 전국마트찾기","sourceUrl":"https://www.nhhanaro.co.kr/nahh_70005.do?id=nahh001_010100000000"}},{"type":"Feature","geometry":{"type":"Point","coordinates":[128.034732,34.807461]},"properties":{"id":"8808983632537","name":"동남해농협 하나로마트 동천점","address":"","phone":"055-867-3505","hours":"08:00 ~ 18:00","region":"경남","district":"남해군","facilities":[],"source":"농협경제지주 공식 전국마트찾기","sourceUrl":"https://www.nhhanaro.co.kr/nahh_70005.do?id=nahh001_010100000000"}},{"type":"Feature","geometry":{"type":"Point","coordinates":[128.043754,34.714315]},"properties":{"id":"8808983632520","name":"동남해농협 하나로마트 미조점","address":"","phone":"055-867-8083","hours":"09:00 ~ 18:00","region":"경남","district":"남해군","facilities":["은행"],"source":"농협경제지주 공식 전국마트찾기","sourceUrl":"https://www.nhhanaro.co.kr/nahh_70005.do?id=nahh001_010100000000"}},{"type":"Feature","geometry":{"type":"Point","coordinates":[127.955255,34.799326]},"properties":{"id":"8808983632506","name":"동남해농협 하나로마트 본점","address":"","phone":"055-862-4511","hours":"08:00 ~ 18:00","region":"경남","district":"남해군","facilities":["은행"],"source":"농협경제지주 공식 전국마트찾기","sourceUrl":"https://www.nhhanaro.co.kr/nahh_70005.do?id=nahh001_010100000000"}},{"type":"Feature","geometry":{"type":"Point","coordinates":[127.999582,34.831797]},"properties":{"id":"8808983632544","name":"동남해농협 하나로마트 삼동점","address":"","phone":"055-867-1400","hours":"08:00 ~ 22:00","region":"경남","district":"남해군","facilities":[],"source":"농협경제지주 공식 전국마트찾기","sourceUrl":"https://www.nhhanaro.co.kr/nahh_70005.do?id=nahh001_010100000000"}},{"type":"Feature","geometry":{"type":"Point","coordinates":[127.98803,34.723473]},"properties":{"id":"8808983632513","name":"동남해농협 하나로마트 상주점","address":"","phone":"055-863-3801","hours":"09:00 ~ 20:00","region":"경남","district":"남해군","facilities":["은행"],"source":"농협경제지주 공식 전국마트찾기","sourceUrl":"https://www.nhhanaro.co.kr/nahh_70005.do?id=nahh001_010100000000"}},{"type":"Feature","geometry":{"type":"Point","coordinates":[127.892464,34.871415]},"properties":{"id":"8808983632452","name":"새남해농협 하나로마트 도마점","address":"","phone":"055-864-3006","hours":"08:00 ~ 18:00","region":"경남","district":"남해군","facilities":["은행"],"source":"농협경제지주 공식 전국마트찾기","sourceUrl":"https://www.nhhanaro.co.kr/nahh_70005.do?id=nahh001_010100000000"}},{"type":"Feature","geometry":{"type":"Point","coordinates":[127.874379,34.895188]},"properties":{"id":"8808983632445","name":"새남해농협 하나로마트 본점","address":"","phone":"055-863-2547","hours":"08:00 ~ 18:00","region":"경남","district":"남해군","facilities":["은행"],"source":"농협경제지주 공식 전국마트찾기","sourceUrl":"https://www.nhhanaro.co.kr/nahh_70005.do?id=nahh001_010100000000"}},{"type":"Feature","geometry":{"type":"Point","coordinates":[127.837752,34.80926]},"properties":{"id":"8808983632476","name":"새남해농협 하나로마트 서면점","address":"","phone":"055-862-1150","hours":"08:00 ~ 18:00","region":"경남","district":"남해군","facilities":["주유소","은행"],"source":"농협경제지주 공식 전국마트찾기","sourceUrl":"https://www.nhhanaro.co.kr/nahh_70005.do?id=nahh001_010100000000"}},{"type":"Feature","geometry":{"type":"Point","coordinates":[127.916084,34.920871]},"properties":{"id":"8808983632469","name":"새남해농협 하나로마트 설천점","address":"","phone":"055-862-6442","hours":"08:00 ~ 18:00","region":"경남","district":"남해군","facilities":["주유소","은행"],"source":"농협경제지주 공식 전국마트찾기","sourceUrl":"https://www.nhhanaro.co.kr/nahh_70005.do?id=nahh001_010100000000"}},{"type":"Feature","geometry":{"type":"Point","coordinates":[127.8296,34.87247]},"properties":{"id":"8808983632483","name":"새남해농협 하나로마트 중현점","address":"","phone":"055-862-1532","hours":"08:00 ~ 18:00","region":"경남","district":"남해군","facilities":["은행"],"source":"농협경제지주 공식 전국마트찾기","sourceUrl":"https://www.nhhanaro.co.kr/nahh_70005.do?id=nahh001_010100000000"}},{"type":"Feature","geometry":{"type":"Point","coordinates":[127.8185285,34.848739]},"properties":{"id":"8808983633886","name":"새남해농협하나로마트 남상지점","address":"","phone":"055-862-1532","hours":"08:00 ~ 18:00","region":"경남","district":"남해군","facilities":["주유소","은행"],"source":"농협경제지주 공식 전국마트찾기","sourceUrl":"https://www.nhhanaro.co.kr/nahh_70005.do?id=nahh001_010100000000"}},{"type":"Feature","geometry":{"type":"Point","coordinates":[127.8749728,34.889707]},"properties":{"id":"8808983327082","name":"새남해농협하나로마트 식품가공공장장점(로컬푸드)","address":"","phone":"055-863-2510","hours":"하절기 08:00 ~ 18:00 · 동절기 08:00 ~ 17:00","region":"경남","district":"남해군","facilities":[],"source":"농협경제지주 공식 전국마트찾기","sourceUrl":"https://www.nhhanaro.co.kr/nahh_70005.do?id=nahh001_010100000000"}},{"type":"Feature","geometry":{"type":"Point","coordinates":[128.013022,34.855442]},"properties":{"id":"8808983632551","name":"창선농협 하나로마트 본점","address":"","phone":"055-867-7703","hours":"08:00 ~ 19:00","region":"경남","district":"남해군","facilities":[],"source":"농협경제지주 공식 전국마트찾기","sourceUrl":"https://www.nhhanaro.co.kr/nahh_70005.do?id=nahh001_010100000000"}},{"type":"Feature","geometry":{"type":"Point","coordinates":[128.711046,35.374639]},"properties":{"id":"8808983631004","name":"남밀양농협 하나로마트 본점","address":"","phone":"055-391-7414","hours":"08:30 ~ 22:00","region":"경남","district":"밀양시","facilities":[],"source":"농협경제지주 공식 전국마트찾기","sourceUrl":"https://www.nhhanaro.co.kr/nahh_70005.do?id=nahh001_010100000000"}},{"type":"Feature","geometry":{"type":"Point","coordinates":[128.7775,35.5122597]},"properties":{"id":"8808983630922","name":"동밀양농협 하나로마트","address":"","phone":"055-353-6780","hours":"하절기 08:30 ~ 21:00 · 동절기 08:30 ~ 20:00","region":"경남","district":"밀양시","facilities":[],"source":"농협경제지주 공식 전국마트찾기","sourceUrl":"https://www.nhhanaro.co.kr/nahh_70005.do?id=nahh001_010100000000"}},{"type":"Feature","geometry":{"type":"Point","coordinates":[128.95351,35.586995]},"properties":{"id":"8808983633961","name":"밀양농협 하나로마트 남명점","address":"","phone":"055-356-1991","hours":"09:00 ~ 18:00","region":"경남","district":"밀양시","facilities":["은행"],"source":"농협경제지주 공식 전국마트찾기","sourceUrl":"https://www.nhhanaro.co.kr/nahh_70005.do?id=nahh001_010100000000"}},{"type":"Feature","geometry":{"type":"Point","coordinates":[128.743668,35.496966]},"properties":{"id":"8808983630885","name":"밀양농협 하나로마트 내이점","address":"","phone":"055-355-8513","hours":"09:00 ~ 19:00","region":"경남","district":"밀양시","facilities":["은행"],"source":"농협경제지주 공식 전국마트찾기","sourceUrl":"https://www.nhhanaro.co.kr/nahh_70005.do?id=nahh001_010100000000"}},{"type":"Feature","geometry":{"type":"Point","coordinates":[128.882173,35.585924]},"properties":{"id":"8808983630939","name":"밀양농협 하나로마트 산내점","address":"","phone":"055-352-6044","hours":"09:00 ~ 18:00","region":"경남","district":"밀양시","facilities":["은행"],"source":"농협경제지주 공식 전국마트찾기","sourceUrl":"https://www.nhhanaro.co.kr/nahh_70005.do?id=nahh001_010100000000"}},{"type":"Feature","geometry":{"type":"Point","coordinates":[128.651769,35.468681]},"properties":{"id":"8808983631028","name":"밀양무안농협 하나로마트 본점","address":"","phone":"055-352-0207","hours":"08:00 ~ 18:00","region":"경남","district":"밀양시","facilities":[],"source":"농협경제지주 공식 전국마트찾기","sourceUrl":"https://www.nhhanaro.co.kr/nahh_70005.do?id=nahh001_010100000000"}},{"type":"Feature","geometry":{"type":"Point","coordinates":[128.873893,35.515364]},"properties":{"id":"8808983630953","name":"밀양산동농협 하나로마트 단장점","address":"","phone":"055-356-7401","hours":"09:00 ~ 19:00","region":"경남","district":"밀양시","facilities":["주유소","은행"],"source":"농협경제지주 공식 전국마트찾기","sourceUrl":"https://www.nhhanaro.co.kr/nahh_70005.do?id=nahh001_010100000000"}},{"type":"Feature","geometry":{"type":"Point","coordinates":[128.8494413,35.4872746]},"properties":{"id":"8808983630946","name":"밀양산동농협하나로마트 안법점","address":"","phone":"055-356-0002","hours":"09:00 ~ 18:00","region":"경남","district":"밀양시","facilities":["은행"],"source":"농협경제지주 공식 전국마트찾기","sourceUrl":"https://www.nhhanaro.co.kr/nahh_70005.do?id=nahh001_010100000000"}},{"type":"Feature","geometry":{"type":"Point","coordinates":[128.762777,35.553813]},"properties":{"id":"8808983630915","name":"밀양상동농협 하나로마트 본점","address":"","phone":"055-352-6525","hours":"09:00 ~ 17:00","region":"경남","district":"밀양시","facilities":["은행"],"source":"농협경제지주 공식 전국마트찾기","sourceUrl":"https://www.nhhanaro.co.kr/nahh_70005.do?id=nahh001_010100000000"}},{"type":"Feature","geometry":{"type":"Point","coordinates":[128.624898,35.548729]},"properties":{"id":"8808983631035","name":"밀양청도농협 하나로마트 본점","address":"","phone":"055-352-9260","hours":"08:30 ~ 18:00","region":"경남","district":"밀양시","facilities":[],"source":"농협경제지주 공식 전국마트찾기","sourceUrl":"https://www.nhhanaro.co.kr/nahh_70005.do?id=nahh001_010100000000"}},{"type":"Feature","geometry":{"type":"Point","coordinates":[128.728824,35.5115429]},"properties":{"id":"8808983630908","name":"부북농협 하나로마트","address":"","phone":"055-355-1809","hours":"08:00 ~ 20:00","region":"경남","district":"밀양시","facilities":[],"source":"농협경제지주 공식 전국마트찾기","sourceUrl":"https://www.nhhanaro.co.kr/nahh_70005.do?id=nahh001_010100000000"}},{"type":"Feature","geometry":{"type":"Point","coordinates":[128.838412,35.397033]},"properties":{"id":"8808983630977","name":"삼랑진농협 하나로마트 본점","address":"","phone":"055-350-7815","hours":"08:30 ~ 20:00","region":"경남","district":"밀양시","facilities":[],"source":"농협경제지주 공식 전국마트찾기","sourceUrl":"https://www.nhhanaro.co.kr/nahh_70005.do?id=nahh001_010100000000"}},{"type":"Feature","geometry":{"type":"Point","coordinates":[128.79704,35.452684]},"properties":{"id":"8808983630991","name":"삼랑진농협 하나로마트 임천점","address":"","phone":"055-353-2978","hours":"08:00 ~ 18:00","region":"경남","district":"밀양시","facilities":[],"source":"농협경제지주 공식 전국마트찾기","sourceUrl":"https://www.nhhanaro.co.kr/nahh_70005.do?id=nahh001_010100000000"}},{"type":"Feature","geometry":{"type":"Point","coordinates":[128.775506,35.410379]},"properties":{"id":"8808983630960","name":"상남농협 하나로마트 본점","address":"","phone":"055-352-6568","hours":"08:00 ~ 18:00","region":"경남","district":"밀양시","facilities":[],"source":"농협경제지주 공식 전국마트찾기","sourceUrl":"https://www.nhhanaro.co.kr/nahh_70005.do?id=nahh001_010100000000"}},{"type":"Feature","geometry":{"type":"Point","coordinates":[127.962186,35.056952]},"properties":{"id":"8808983633473","name":"곤명농협 하나로마트 곤양점","address":"","phone":"055-853-3007","hours":"08:00 ~ 19:00","region":"경남","district":"사천시","facilities":[],"source":"농협경제지주 공식 전국마트찾기","sourceUrl":"https://www.nhhanaro.co.kr/nahh_70005.do?id=nahh001_010100000000"}},{"type":"Feature","geometry":{"type":"Point","coordinates":[128.027127,35.079302]},"properties":{"id":"8808983633480","name":"곤명농협 하나로마트 동부점","address":"","phone":"055-854-6290","hours":"08:10 ~ 18:00","region":"경남","district":"사천시","facilities":["은행"],"source":"농협경제지주 공식 전국마트찾기","sourceUrl":"https://www.nhhanaro.co.kr/nahh_70005.do?id=nahh001_010100000000"}},{"type":"Feature","geometry":{"type":"Point","coordinates":[127.938587,35.110407]},"properties":{"id":"8808983633497","name":"곤명농협 하나로마트 본점","address":"","phone":"055-854-7004","hours":"08:30 ~ 06:00","region":"경남","district":"사천시","facilities":["은행"],"source":"농협경제지주 공식 전국마트찾기","sourceUrl":"https://www.nhhanaro.co.kr/nahh_70005.do?id=nahh001_010100000000"}},{"type":"Feature","geometry":{"type":"Point","coordinates":[127.976537,35.130225]},"properties":{"id":"8808983633503","name":"곤명농협 하나로마트 완사점","address":"","phone":"055-853-2142","hours":"07:30 ~ 20:00","region":"경남","district":"사천시","facilities":[],"source":"농협경제지주 공식 전국마트찾기","sourceUrl":"https://www.nhhanaro.co.kr/nahh_70005.do?id=nahh001_010100000000"}},{"type":"Feature","geometry":{"type":"Point","coordinates":[128.0742148,35.053397]},"properties":{"id":"8808983329925","name":"사남농협 하나로마트","address":"","phone":"055-854-5454","hours":"하절기 08:00 ~ 22:00 · 동절기 08:00 ~ 21:00","region":"경남","district":"사천시","facilities":[],"source":"농협경제지주 공식 전국마트찾기","sourceUrl":"https://www.nhhanaro.co.kr/nahh_70005.do?id=nahh001_010100000000"}},{"type":"Feature","geometry":{"type":"Point","coordinates":[128.089585,35.086159]},"properties":{"id":"8808983633466","name":"사천농협 하나로마트","address":"","phone":"055-852-4868","hours":"하절기 08:30 ~ 22:30 · 동절기 00:00 ~ 00:00","region":"경남","district":"사천시","facilities":[],"source":"농협경제지주 공식 전국마트찾기","sourceUrl":"https://www.nhhanaro.co.kr/nahh_70005.do?id=nahh001_010100000000"}},{"type":"Feature","geometry":{"type":"Point","coordinates":[128.088139,35.108047]},"properties":{"id":"8808983633510","name":"사천농협 하나로마트 축동점","address":"","phone":"055-852-5012","hours":"09:00 ~ 18:00","region":"경남","district":"사천시","facilities":["은행"],"source":"농협경제지주 공식 전국마트찾기","sourceUrl":"https://www.nhhanaro.co.kr/nahh_70005.do?id=nahh001_010100000000"}},{"type":"Feature","geometry":{"type":"Point","coordinates":[128.076686,34.93163]},"properties":{"id":"8808983637174","name":"사천축협 하나로마트 본점","address":"","phone":"055-832-5206","hours":"08:00 ~ 19:00","region":"경남","district":"사천시","facilities":["은행"],"source":"농협경제지주 공식 전국마트찾기","sourceUrl":"https://www.nhhanaro.co.kr/nahh_70005.do?id=nahh001_010100000000"}},{"type":"Feature","geometry":{"type":"Point","coordinates":[128.063788,34.969607]},"properties":{"id":"8808983633404","name":"삼천포농협 하나로마트 남양점","address":"","phone":"055-830-1370","hours":"08:00 ~ 20:00","region":"경남","district":"사천시","facilities":["은행"],"source":"농협경제지주 공식 전국마트찾기","sourceUrl":"https://www.nhhanaro.co.kr/nahh_70005.do?id=nahh001_010100000000"}},{"type":"Feature","geometry":{"type":"Point","coordinates":[128.08683,34.938555]},"properties":{"id":"8808983633558","name":"삼천포농협 하나로마트 본점","address":"","phone":"055-830-1114","hours":"08:00 ~ 20:00","region":"경남","district":"사천시","facilities":[],"source":"농협경제지주 공식 전국마트찾기","sourceUrl":"https://www.nhhanaro.co.kr/nahh_70005.do?id=nahh001_010100000000"}},{"type":"Feature","geometry":{"type":"Point","coordinates":[128.061938,35.013663]},"properties":{"id":"8808983633411","name":"용현농협 하나로마트","address":"","phone":"055-834-0021","hours":"08:00 ~ 21:00","region":"경남","district":"사천시","facilities":[],"source":"농협경제지주 공식 전국마트찾기","sourceUrl":"https://www.nhhanaro.co.kr/nahh_70005.do?id=nahh001_010100000000"}},{"type":"Feature","geometry":{"type":"Point","coordinates":[128.124116,35.054956]},"properties":{"id":"8808983633381","name":"정동농협 하나로마트","address":"","phone":"055-852-8911","hours":"08:30 ~ 18:00","region":"경남","district":"사천시","facilities":[],"source":"농협경제지주 공식 전국마트찾기","sourceUrl":"https://www.nhhanaro.co.kr/nahh_70005.do?id=nahh001_010100000000"}},{"type":"Feature","geometry":{"type":"Point","coordinates":[128.086444307,35.0655907]},"properties":{"id":"8808983336329","name":"정동농협 하나로마트 로컬푸드 직매장","address":"","phone":"055-852-4003","hours":"08:00 ~ 21:00","region":"경남","district":"사천시","facilities":["식자재"],"source":"농협경제지주 공식 전국마트찾기","sourceUrl":"https://www.nhhanaro.co.kr/nahh_70005.do?id=nahh001_010100000000"}},{"type":"Feature","geometry":{"type":"Point","coordinates":[127.877298,35.416385]},"properties":{"id":"8808983632858","name":"산청군농협 본점 하나로마트","address":"","phone":"055-970-2581","hours":"하절기 08:00 ~ 22:00 · 동절기 00:00 ~ 00:00","region":"경남","district":"산청군","facilities":[],"source":"농협경제지주 공식 전국마트찾기","sourceUrl":"https://www.nhhanaro.co.kr/nahh_70005.do?id=nahh001_010100000000"}},{"type":"Feature","geometry":{"type":"Point","coordinates":[127.863588,35.41692]},"properties":{"id":"8808983632834","name":"산청군농협 하나로마트 금서점","address":"","phone":"055-973-2317","hours":"08:30 ~ 19:00","region":"경남","district":"산청군","facilities":[],"source":"농협경제지주 공식 전국마트찾기","sourceUrl":"https://www.nhhanaro.co.kr/nahh_70005.do?id=nahh001_010100000000"}},{"type":"Feature","geometry":{"type":"Point","coordinates":[127.958095,35.296489]},"properties":{"id":"8808983632766","name":"산청군농협 하나로마트 단성점","address":"","phone":"055-972-0005","hours":"08:00 ~ 19:00","region":"경남","district":"산청군","facilities":[],"source":"농협경제지주 공식 전국마트찾기","sourceUrl":"https://www.nhhanaro.co.kr/nahh_70005.do?id=nahh001_010100000000"}},{"type":"Feature","geometry":{"type":"Point","coordinates":[127.8367484,35.2773852]},"properties":{"id":"8808983632728","name":"산청군농협 하나로마트 덕산점","address":"","phone":"055-970-2674","hours":"하절기 08:00 ~ 22:00 · 동절기 00:00 ~ 00:00","region":"경남","district":"산청군","facilities":[],"source":"농협경제지주 공식 전국마트찾기","sourceUrl":"https://www.nhhanaro.co.kr/nahh_70005.do?id=nahh001_010100000000"}},{"type":"Feature","geometry":{"type":"Point","coordinates":[127.999953,35.334103]},"properties":{"id":"8808983632780","name":"산청군농협 하나로마트 문대점","address":"","phone":"055-973-4807","hours":"08:30 ~ 18:00","region":"경남","district":"산청군","facilities":["은행"],"source":"농협경제지주 공식 전국마트찾기","sourceUrl":"https://www.nhhanaro.co.kr/nahh_70005.do?id=nahh001_010100000000"}},{"type":"Feature","geometry":{"type":"Point","coordinates":[127.832594,35.297931]},"properties":{"id":"8808983632735","name":"산청군농협 하나로마트 삼장점","address":"","phone":"055-972-9606","hours":"08:30 ~ 19:00","region":"경남","district":"산청군","facilities":[],"source":"농협경제지주 공식 전국마트찾기","sourceUrl":"https://www.nhhanaro.co.kr/nahh_70005.do?id=nahh001_010100000000"}},{"type":"Feature","geometry":{"type":"Point","coordinates":[128.04616,35.344939]},"properties":{"id":"8808983632810","name":"산청군농협 하나로마트 생비량점","address":"","phone":"055-972-6005","hours":"08:30 ~ 18:00","region":"경남","district":"산청군","facilities":["은행"],"source":"농협경제지주 공식 전국마트찾기","sourceUrl":"https://www.nhhanaro.co.kr/nahh_70005.do?id=nahh001_010100000000"}},{"type":"Feature","geometry":{"type":"Point","coordinates":[127.834636,35.493547]},"properties":{"id":"8808983632773","name":"산청군농협 하나로마트 생초점","address":"","phone":"055-970-2557","hours":"08:00 ~ 19:00","region":"경남","district":"산청군","facilities":["은행"],"source":"농협경제지주 공식 전국마트찾기","sourceUrl":"https://www.nhhanaro.co.kr/nahh_70005.do?id=nahh001_010100000000"}},{"type":"Feature","geometry":{"type":"Point","coordinates":[127.900072,35.261985]},"properties":{"id":"8808983632742","name":"산청군농협 하나로마트 서부점","address":"","phone":"055-972-5005","hours":"08:20 ~ 18:30","region":"경남","district":"산청군","facilities":["은행"],"source":"농협경제지주 공식 전국마트찾기","sourceUrl":"https://www.nhhanaro.co.kr/nahh_70005.do?id=nahh001_010100000000"}},{"type":"Feature","geometry":{"type":"Point","coordinates":[127.793867,35.462873]},"properties":{"id":"8808983632841","name":"산청군농협 하나로마트 서하점","address":"","phone":"055-973-0095","hours":"09:00 ~ 18:00","region":"경남","district":"산청군","facilities":["은행"],"source":"농협경제지주 공식 전국마트찾기","sourceUrl":"https://www.nhhanaro.co.kr/nahh_70005.do?id=nahh001_010100000000"}},{"type":"Feature","geometry":{"type":"Point","coordinates":[128.011168,35.378074]},"properties":{"id":"8808983632803","name":"산청군농협 하나로마트 신등점","address":"","phone":"055-972-3005","hours":"08:20 ~ 19:00","region":"경남","district":"산청군","facilities":[],"source":"농협경제지주 공식 전국마트찾기","sourceUrl":"https://www.nhhanaro.co.kr/nahh_70005.do?id=nahh001_010100000000"}},{"type":"Feature","geometry":{"type":"Point","coordinates":[127.973541,35.302686]},"properties":{"id":"8808983632797","name":"산청군농협 하나로마트 신안점","address":"","phone":"055-970-2770","hours":"07:00 ~ 23:00","region":"경남","district":"산청군","facilities":[],"source":"농협경제지주 공식 전국마트찾기","sourceUrl":"https://www.nhhanaro.co.kr/nahh_70005.do?id=nahh001_010100000000"}},{"type":"Feature","geometry":{"type":"Point","coordinates":[127.929625,35.464786]},"properties":{"id":"8808983632827","name":"산청군농협 하나로마트 차황점","address":"","phone":"055-972-7062","hours":"08:20 ~ 19:00","region":"경남","district":"산청군","facilities":[],"source":"농협경제지주 공식 전국마트찾기","sourceUrl":"https://www.nhhanaro.co.kr/nahh_70005.do?id=nahh001_010100000000"}},{"type":"Feature","geometry":{"type":"Point","coordinates":[127.913499,35.28609]},"properties":{"id":"8808983632759","name":"산청군농협 하나로마트 호암점","address":"","phone":"055-972-5992","hours":"08:30 ~ 18:00","region":"경남","district":"산청군","facilities":["은행"],"source":"농협경제지주 공식 전국마트찾기","sourceUrl":"https://www.nhhanaro.co.kr/nahh_70005.do?id=nahh001_010100000000"}},{"type":"Feature","geometry":{"type":"Point","coordinates":[127.889251,35.500388]},"properties":{"id":"8808983632865","name":"산청농협 하나로마트 오전점","address":"","phone":"055-972-4005","hours":"08:00 ~ 18:00","region":"경남","district":"산청군","facilities":["은행"],"source":"농협경제지주 공식 전국마트찾기","sourceUrl":"https://www.nhhanaro.co.kr/nahh_70005.do?id=nahh001_010100000000"}},{"type":"Feature","geometry":{"type":"Point","coordinates":[128.9858,35.309993]},"properties":{"id":"8808983631226","name":"물금농협 하나로마트 본점","address":"","phone":"055-381-0590","hours":"09:00 ~ 19:00","region":"경남","district":"양산시","facilities":[],"source":"농협경제지주 공식 전국마트찾기","sourceUrl":"https://www.nhhanaro.co.kr/nahh_70005.do?id=nahh001_010100000000"}},{"type":"Feature","geometry":{"type":"Point","coordinates":[128.918111,35.367826]},"properties":{"id":"8808983631240","name":"물금농협 하나로마트 원동점","address":"","phone":"055-382-5102","hours":"08:30 ~ 18:00","region":"경남","district":"양산시","facilities":[],"source":"농협경제지주 공식 전국마트찾기","sourceUrl":"https://www.nhhanaro.co.kr/nahh_70005.do?id=nahh001_010100000000"}},{"type":"Feature","geometry":{"type":"Point","coordinates":[129.063439,35.419445]},"properties":{"id":"8808983633923","name":"상북농협 하나로마트 석계점","address":"","phone":"055-375-1607","hours":"09:00 ~ 18:00","region":"경남","district":"양산시","facilities":["은행"],"source":"농협경제지주 공식 전국마트찾기","sourceUrl":"https://www.nhhanaro.co.kr/nahh_70005.do?id=nahh001_010100000000"}},{"type":"Feature","geometry":{"type":"Point","coordinates":[129.037357,35.343218]},"properties":{"id":"8808983637334","name":"양산기장축협 하나로마트","address":"","phone":"055-385-3000","hours":"08:50 ~ 21:30","region":"경남","district":"양산시","facilities":["은행"],"source":"농협경제지주 공식 전국마트찾기","sourceUrl":"https://www.nhhanaro.co.kr/nahh_70005.do?id=nahh001_010100000000"}},{"type":"Feature","geometry":{"type":"Point","coordinates":[129.059517,35.414287]},"properties":{"id":"8808983631165","name":"양산상북농협 하나로마트","address":"","phone":"055-375-2700","hours":"09:00 ~ 20:00","region":"경남","district":"양산시","facilities":["은행"],"source":"농협경제지주 공식 전국마트찾기","sourceUrl":"https://www.nhhanaro.co.kr/nahh_70005.do?id=nahh001_010100000000"}},{"type":"Feature","geometry":{"type":"Point","coordinates":[129.164638,35.411553]},"properties":{"id":"8808983631202","name":"웅상농협 하나로마트","address":"","phone":"055-362-1300","hours":"09:00 ~ 22:00","region":"경남","district":"양산시","facilities":[],"source":"농협경제지주 공식 전국마트찾기","sourceUrl":"https://www.nhhanaro.co.kr/nahh_70005.do?id=nahh001_010100000000"}},{"type":"Feature","geometry":{"type":"Point","coordinates":[129.086632,35.491805]},"properties":{"id":"8808983631127","name":"하북농협 하나로마트","address":"","phone":"055-382-7316","hours":"09:00 ~ 22:00","region":"경남","district":"양산시","facilities":[],"source":"농협경제지주 공식 전국마트찾기","sourceUrl":"https://www.nhhanaro.co.kr/nahh_70005.do?id=nahh001_010100000000"}},{"type":"Feature","geometry":{"type":"Point","coordinates":[129.075022,35.445914]},"properties":{"id":"8808983631110","name":"하북농협 하나로마트 용연점","address":"","phone":"055-374-7313","hours":"09:00 ~ 18:00","region":"경남","district":"양산시","facilities":["은행"],"source":"농협경제지주 공식 전국마트찾기","sourceUrl":"https://www.nhhanaro.co.kr/nahh_70005.do?id=nahh001_010100000000"}},{"type":"Feature","geometry":{"type":"Point","coordinates":[128.259767,35.317139]},"properties":{"id":"8808983633862","name":"의령농협 하나로마트","address":"","phone":"055-572-9500","hours":"하절기 09:00 ~ 22:00 · 동절기 00:00 ~ 00:00","region":"경남","district":"의령군","facilities":[],"source":"농협경제지주 공식 전국마트찾기","sourceUrl":"https://www.nhhanaro.co.kr/nahh_70005.do?id=nahh001_010100000000"}},{"type":"Feature","geometry":{"type":"Point","coordinates":[128.243609,35.323762]},"properties":{"id":"8808983630359","name":"의령농협 하나로마트 가례점","address":"","phone":"055-573-3006","hours":"09:00 ~ 18:00","region":"경남","district":"의령군","facilities":["은행"],"source":"농협경제지주 공식 전국마트찾기","sourceUrl":"https://www.nhhanaro.co.kr/nahh_70005.do?id=nahh001_010100000000"}},{"type":"Feature","geometry":{"type":"Point","coordinates":[128.249167,35.446675]},"properties":{"id":"8808983630441","name":"의령농협 하나로마트 궁류점","address":"","phone":"055-572-7661","hours":"08:30 ~ 18:00","region":"경남","district":"의령군","facilities":["은행"],"source":"농협경제지주 공식 전국마트찾기","sourceUrl":"https://www.nhhanaro.co.kr/nahh_70005.do?id=nahh001_010100000000"}},{"type":"Feature","geometry":{"type":"Point","coordinates":[128.10798,35.371374]},"properties":{"id":"8808983630373","name":"의령농협 하나로마트 대의점","address":"","phone":"055-572-9017","hours":"09:00 ~ 18:00","region":"경남","district":"의령군","facilities":["은행"],"source":"농협경제지주 공식 전국마트찾기","sourceUrl":"https://www.nhhanaro.co.kr/nahh_70005.do?id=nahh001_010100000000"}},{"type":"Feature","geometry":{"type":"Point","coordinates":[128.287015,35.418386]},"properties":{"id":"8808983630410","name":"의령농협 하나로마트 송산점","address":"","phone":"055-572-8610","hours":"08:30 ~ 18:00","region":"경남","district":"의령군","facilities":["은행"],"source":"농협경제지주 공식 전국마트찾기","sourceUrl":"https://www.nhhanaro.co.kr/nahh_70005.do?id=nahh001_010100000000"}},{"type":"Feature","geometry":{"type":"Point","coordinates":[128.285895,35.331963]},"properties":{"id":"8808983630403","name":"의령농협 하나로마트 용덕점","address":"","phone":"055-573-4068","hours":"09:00 ~ 18:00","region":"경남","district":"의령군","facilities":["은행"],"source":"농협경제지주 공식 전국마트찾기","sourceUrl":"https://www.nhhanaro.co.kr/nahh_70005.do?id=nahh001_010100000000"}},{"type":"Feature","geometry":{"type":"Point","coordinates":[128.29405,35.345293]},"properties":{"id":"8808983630397","name":"의령농협 하나로마트 용암점","address":"","phone":"055-573-4018","hours":"08:30 ~ 18:00","region":"경남","district":"의령군","facilities":["은행"],"source":"농협경제지주 공식 전국마트찾기","sourceUrl":"https://www.nhhanaro.co.kr/nahh_70005.do?id=nahh001_010100000000"}},{"type":"Feature","geometry":{"type":"Point","coordinates":[128.312991,35.432717]},"properties":{"id":"8808983630458","name":"의령농협 하나로마트 유곡점","address":"","phone":"055-573-8606","hours":"09:00 ~ 18:00","region":"경남","district":"의령군","facilities":["은행"],"source":"농협경제지주 공식 전국마트찾기","sourceUrl":"https://www.nhhanaro.co.kr/nahh_70005.do?id=nahh001_010100000000"}},{"type":"Feature","geometry":{"type":"Point","coordinates":[128.326604,35.380734]},"properties":{"id":"8808983630427","name":"의령농협 하나로마트 정곡점","address":"","phone":"055-572-4586","hours":"09:00 ~ 18:00","region":"경남","district":"의령군","facilities":["은행"],"source":"농협경제지주 공식 전국마트찾기","sourceUrl":"https://www.nhhanaro.co.kr/nahh_70005.do?id=nahh001_010100000000"}},{"type":"Feature","geometry":{"type":"Point","coordinates":[128.192813,35.340936]},"properties":{"id":"8808983630366","name":"의령농협 하나로마트 칠곡점","address":"","phone":"055-572-3776","hours":"09:00 ~ 18:00","region":"경남","district":"의령군","facilities":["은행"],"source":"농협경제지주 공식 전국마트찾기","sourceUrl":"https://www.nhhanaro.co.kr/nahh_70005.do?id=nahh001_010100000000"}},{"type":"Feature","geometry":{"type":"Point","coordinates":[128.213169,35.275396]},"properties":{"id":"8808983630380","name":"의령농협 하나로마트 화정점","address":"","phone":"055-572-4164","hours":"08:30 ~ 18:00","region":"경남","district":"의령군","facilities":["은행"],"source":"농협경제지주 공식 전국마트찾기","sourceUrl":"https://www.nhhanaro.co.kr/nahh_70005.do?id=nahh001_010100000000"}},{"type":"Feature","geometry":{"type":"Point","coordinates":[128.324887,35.465785]},"properties":{"id":"8808983630496","name":"의령동부농협 하나로마트","address":"","phone":"055-574-6407","hours":"08:30 ~ 20:00","region":"경남","district":"의령군","facilities":["은행"],"source":"농협경제지주 공식 전국마트찾기","sourceUrl":"https://www.nhhanaro.co.kr/nahh_70005.do?id=nahh001_010100000000"}},{"type":"Feature","geometry":{"type":"Point","coordinates":[128.388345,35.382011]},"properties":{"id":"8808983630434","name":"의령동부농협 하나로마트 지정점","address":"","phone":"055-572-5451","hours":"08:30 ~ 18:00","region":"경남","district":"의령군","facilities":[],"source":"농협경제지주 공식 전국마트찾기","sourceUrl":"https://www.nhhanaro.co.kr/nahh_70005.do?id=nahh001_010100000000"}},{"type":"Feature","geometry":{"type":"Point","coordinates":[128.260859,35.318228]},"properties":{"id":"8808983637235","name":"의령축협 하나로마트 본점","address":"","phone":"055-573-5600","hours":"08:30 ~ 22:00","region":"경남","district":"의령군","facilities":[],"source":"농협경제지주 공식 전국마트찾기","sourceUrl":"https://www.nhhanaro.co.kr/nahh_70005.do?id=nahh001_010100000000"}},{"type":"Feature","geometry":{"type":"Point","coordinates":[128.326182,35.467269]},"properties":{"id":"8808983637242","name":"의령축협 하나로마트 신반점","address":"","phone":"055-574-7204","hours":"08:00 ~ 21:00","region":"경남","district":"의령군","facilities":[],"source":"농협경제지주 공식 전국마트찾기","sourceUrl":"https://www.nhhanaro.co.kr/nahh_70005.do?id=nahh001_010100000000"}},{"type":"Feature","geometry":{"type":"Point","coordinates":[128.187334,35.09196]},"properties":{"id":"8808983630038","name":"금곡농협 하나로마트 본점","address":"","phone":"055-754-2904","hours":"08:00 ~ 19:00","region":"경남","district":"진주시","facilities":["은행"],"source":"농협경제지주 공식 전국마트찾기","sourceUrl":"https://www.nhhanaro.co.kr/nahh_70005.do?id=nahh001_010100000000"}},{"type":"Feature","geometry":{"type":"Point","coordinates":[127.930153,35.198284]},"properties":{"id":"8808983630014","name":"수곡농협 하나로마트 본점","address":"","phone":"055-754-4401","hours":"08:10 ~ 18:00","region":"경남","district":"진주시","facilities":["은행"],"source":"농협경제지주 공식 전국마트찾기","sourceUrl":"https://www.nhhanaro.co.kr/nahh_70005.do?id=nahh001_010100000000"}},{"type":"Feature","geometry":{"type":"Point","coordinates":[127.953529,35.167087]},"properties":{"id":"8808983630021","name":"수곡농협 하나로마트 원당점","address":"","phone":"055-759-1743","hours":"08:00 ~ 18:00","region":"경남","district":"진주시","facilities":["은행"],"source":"농협경제지주 공식 전국마트찾기","sourceUrl":"https://www.nhhanaro.co.kr/nahh_70005.do?id=nahh001_010100000000"}},{"type":"Feature","geometry":{"type":"Point","coordinates":[128.102823,35.209636]},"properties":{"id":"8808983324227","name":"중부농협 하나로마트 로컬푸드점","address":"","phone":"055-756-8278","hours":"09:00 ~ 21:00","region":"경남","district":"진주시","facilities":["은행"],"source":"농협경제지주 공식 전국마트찾기","sourceUrl":"https://www.nhhanaro.co.kr/nahh_70005.do?id=nahh001_010100000000"}},{"type":"Feature","geometry":{"type":"Point","coordinates":[128.086149,35.23927]},"properties":{"id":"8808983630120","name":"중부농협 하나로마트 본점","address":"","phone":"055-772-6008","hours":"09:00 ~ 18:00","region":"경남","district":"진주시","facilities":[],"source":"농협경제지주 공식 전국마트찾기","sourceUrl":"https://www.nhhanaro.co.kr/nahh_70005.do?id=nahh001_010100000000"}},{"type":"Feature","geometry":{"type":"Point","coordinates":[128.11532,35.300948]},"properties":{"id":"8808983630151","name":"중부농협 하나로마트 오방점","address":"","phone":"055-744-1065","hours":"09:00 ~ 18:00","region":"경남","district":"진주시","facilities":["은행"],"source":"농협경제지주 공식 전국마트찾기","sourceUrl":"https://www.nhhanaro.co.kr/nahh_70005.do?id=nahh001_010100000000"}},{"type":"Feature","geometry":{"type":"Point","coordinates":[128.146041,35.214946]},"properties":{"id":"8808983630113","name":"진주금산농협 하나로마트","address":"","phone":"055-763-3006","hours":"08:30 ~ 22:00","region":"경남","district":"진주시","facilities":[],"source":"농협경제지주 공식 전국마트찾기","sourceUrl":"https://www.nhhanaro.co.kr/nahh_70005.do?id=nahh001_010100000000"}},{"type":"Feature","geometry":{"type":"Point","coordinates":[128.152837,35.183703]},"properties":{"id":"8808983630106","name":"진주금산농협 하나로마트 갈전점","address":"","phone":"055-761-5003","hours":"09:00 ~ 18:00","region":"경남","district":"진주시","facilities":["은행"],"source":"농협경제지주 공식 전국마트찾기","sourceUrl":"https://www.nhhanaro.co.kr/nahh_70005.do?id=nahh001_010100000000"}},{"type":"Feature","geometry":{"type":"Point","coordinates":[128.1449043,35.2197353]},"properties":{"id":"8808983333076","name":"진주금산농협 하나로마트 로컬푸드직매장","address":"","phone":"055-762-7003","hours":"하절기 08:00 ~ 21:00 · 동절기 08:30 ~ 21:00","region":"경남","district":"진주시","facilities":[],"source":"농협경제지주 공식 전국마트찾기","sourceUrl":"https://www.nhhanaro.co.kr/nahh_70005.do?id=nahh001_010100000000"}},{"type":"Feature","geometry":{"type":"Point","coordinates":[128.107331,35.154771]},"properties":{"id":"8808983630083","name":"진주남부농협 하나로마트 가호점","address":"","phone":"055-759-9033","hours":"08:30 ~ 21:00","region":"경남","district":"진주시","facilities":[],"source":"농협경제지주 공식 전국마트찾기","sourceUrl":"https://www.nhhanaro.co.kr/nahh_70005.do?id=nahh001_010100000000"}},{"type":"Feature","geometry":{"type":"Point","coordinates":[128.068515,35.161993]},"properties":{"id":"8808983630069","name":"진주남부농협 하나로마트 내동점","address":"","phone":"055-759-5334","hours":"하절기 08:30 ~ 20:00 · 동절기 00:00 ~ 00:00","region":"경남","district":"진주시","facilities":["주유소","은행"],"source":"농협경제지주 공식 전국마트찾기","sourceUrl":"https://www.nhhanaro.co.kr/nahh_70005.do?id=nahh001_010100000000"}},{"type":"Feature","geometry":{"type":"Point","coordinates":[128.107594,35.162893]},"properties":{"id":"8808983630052","name":"진주남부농협 하나로마트 본점","address":"","phone":"055-759-9721","hours":"08:30 ~ 21:00","region":"경남","district":"진주시","facilities":[],"source":"농협경제지주 공식 전국마트찾기","sourceUrl":"https://www.nhhanaro.co.kr/nahh_70005.do?id=nahh001_010100000000"}},{"type":"Feature","geometry":{"type":"Point","coordinates":[128.103423,35.127749]},"properties":{"id":"8808983630076","name":"진주남부농협 하나로마트 정촌점","address":"","phone":"055-754-9400","hours":"08:30 ~ 21:30","region":"경남","district":"진주시","facilities":["주유소","은행"],"source":"농협경제지주 공식 전국마트찾기","sourceUrl":"https://www.nhhanaro.co.kr/nahh_70005.do?id=nahh001_010100000000"}},{"type":"Feature","geometry":{"type":"Point","coordinates":[128.168448,35.262377]},"properties":{"id":"8808983630175","name":"진주대곡농협 로컬푸드하나로마트","address":"","phone":"055-745-5660","hours":"08:30 ~ 19:30","region":"경남","district":"진주시","facilities":[],"source":"농협경제지주 공식 전국마트찾기","sourceUrl":"https://www.nhhanaro.co.kr/nahh_70005.do?id=nahh001_010100000000"}},{"type":"Feature","geometry":{"type":"Point","coordinates":[128.11596,35.186746]},"properties":{"id":"8808983630267","name":"진주동부농협 하나로마트","address":"","phone":"055-752-0745","hours":"하절기 09:00 ~ 22:00 · 동절기 00:00 ~ 00:00","region":"경남","district":"진주시","facilities":[],"source":"농협경제지주 공식 전국마트찾기","sourceUrl":"https://www.nhhanaro.co.kr/nahh_70005.do?id=nahh001_010100000000"}},{"type":"Feature","geometry":{"type":"Point","coordinates":[128.037244,35.21493]},"properties":{"id":"8808983630281","name":"진주북부농협 하나로마트","address":"","phone":"055-740-5819","hours":"08:00 ~ 19:30","region":"경남","district":"진주시","facilities":["은행"],"source":"농협경제지주 공식 전국마트찾기","sourceUrl":"https://www.nhhanaro.co.kr/nahh_70005.do?id=nahh001_010100000000"}},{"type":"Feature","geometry":{"type":"Point","coordinates":[127.960698,35.232895]},"properties":{"id":"8808983630298","name":"진주북부농협 하나로마트 대평점","address":"","phone":"055-744-3584","hours":"08:30 ~ 18:00","region":"경남","district":"진주시","facilities":[],"source":"농협경제지주 공식 전국마트찾기","sourceUrl":"https://www.nhhanaro.co.kr/nahh_70005.do?id=nahh001_010100000000"}},{"type":"Feature","geometry":{"type":"Point","coordinates":[128.0689625,35.1947319]},"properties":{"id":"8808983328355","name":"진주서부농협 상봉하나로마트","address":"","phone":"055-740-6240","hours":"09:00 ~ 21:00","region":"경남","district":"진주시","facilities":["주유소","은행"],"source":"농협경제지주 공식 전국마트찾기","sourceUrl":"https://www.nhhanaro.co.kr/nahh_70005.do?id=nahh001_010100000000"}},{"type":"Feature","geometry":{"type":"Point","coordinates":[128.123111,35.21023]},"properties":{"id":"8808983630328","name":"진주원예농협 로컬푸드 직매장","address":"","phone":"055-763-2563","hours":"하절기 08:00 ~ 21:00 · 동절기 00:00 ~ 00:00","region":"경남","district":"진주시","facilities":[],"source":"농협경제지주 공식 전국마트찾기","sourceUrl":"https://www.nhhanaro.co.kr/nahh_70005.do?id=nahh001_010100000000"}},{"type":"Feature","geometry":{"type":"Point","coordinates":[128.276013,35.171974]},"properties":{"id":"8808983630090","name":"진주진양농협 로컬푸드 하나로마트","address":"","phone":"055-754-6114","hours":"하절기 08:00 ~ 21:00 · 동절기 00:00 ~ 00:00","region":"경남","district":"진주시","facilities":[],"source":"농협경제지주 공식 전국마트찾기","sourceUrl":"https://www.nhhanaro.co.kr/nahh_70005.do?id=nahh001_010100000000"}},{"type":"Feature","geometry":{"type":"Point","coordinates":[128.263691,35.187398]},"properties":{"id":"8808983630199","name":"진주진양농협 하나로마트 사봉점","address":"","phone":"055-754-4008","hours":"08:30 ~ 17:30","region":"경남","district":"진주시","facilities":["은행"],"source":"농협경제지주 공식 전국마트찾기","sourceUrl":"https://www.nhhanaro.co.kr/nahh_70005.do?id=nahh001_010100000000"}},{"type":"Feature","geometry":{"type":"Point","coordinates":[128.326325,35.168838]},"properties":{"id":"8808983630205","name":"진주진양농협 하나로마트 이반성점","address":"","phone":"055-754-7701","hours":"08:00 ~ 18:00","region":"경남","district":"진주시","facilities":["은행"],"source":"농협경제지주 공식 전국마트찾기","sourceUrl":"https://www.nhhanaro.co.kr/nahh_70005.do?id=nahh001_010100000000"}},{"type":"Feature","geometry":{"type":"Point","coordinates":[128.269884,35.234123]},"properties":{"id":"8808983630182","name":"진주진양농협 하나로마트 지수점","address":"","phone":"055-754-5408","hours":"08:30 ~ 17:30","region":"경남","district":"진주시","facilities":["은행"],"source":"농협경제지주 공식 전국마트찾기","sourceUrl":"https://www.nhhanaro.co.kr/nahh_70005.do?id=nahh001_010100000000"}},{"type":"Feature","geometry":{"type":"Point","coordinates":[128.223556,35.182881]},"properties":{"id":"8808983630137","name":"진주진양농협 하나로마트 진성점","address":"","phone":"055-754-3007","hours":"08:30 ~ 17:30","region":"경남","district":"진주시","facilities":["은행"],"source":"농협경제지주 공식 전국마트찾기","sourceUrl":"https://www.nhhanaro.co.kr/nahh_70005.do?id=nahh001_010100000000"}},{"type":"Feature","geometry":{"type":"Point","coordinates":[128.062652,35.174643]},"properties":{"id":"8808983637297","name":"진주축산농협 하나로마트 들말점","address":"","phone":"055-747-7800","hours":"하절기 09:00 ~ 23:00 · 동절기 00:00 ~ 00:00","region":"경남","district":"진주시","facilities":["은행"],"source":"농협경제지주 공식 전국마트찾기","sourceUrl":"https://www.nhhanaro.co.kr/nahh_70005.do?id=nahh001_010100000000"}},{"type":"Feature","geometry":{"type":"Point","coordinates":[128.067248,35.18224]},"properties":{"id":"8808983637099","name":"진주축산농협 하나로마트 평거점","address":"","phone":"055-747-2912","hours":"하절기 09:00 ~ 22:00 · 동절기 00:00 ~ 00:00","region":"경남","district":"진주시","facilities":["은행"],"source":"농협경제지주 공식 전국마트찾기","sourceUrl":"https://www.nhhanaro.co.kr/nahh_70005.do?id=nahh001_010100000000"}},{"type":"Feature","geometry":{"type":"Point","coordinates":[128.432875,35.428877]},"properties":{"id":"8808983630724","name":"남지농협 하나로마트 고곡점","address":"","phone":"055-526-3728","hours":"08:30 ~ 18:00","region":"경남","district":"창녕군","facilities":["은행"],"source":"농협경제지주 공식 전국마트찾기","sourceUrl":"https://www.nhhanaro.co.kr/nahh_70005.do?id=nahh001_010100000000"}},{"type":"Feature","geometry":{"type":"Point","coordinates":[128.4783014,35.389132]},"properties":{"id":"8808983325224","name":"남지농협 하나로마트 본점","address":"","phone":"055-526-5884","hours":"08:00 ~ 22:00","region":"경남","district":"창녕군","facilities":["식자재"],"source":"농협경제지주 공식 전국마트찾기","sourceUrl":"https://www.nhhanaro.co.kr/nahh_70005.do?id=nahh001_010100000000"}},{"type":"Feature","geometry":{"type":"Point","coordinates":[128.520953,35.435262]},"properties":{"id":"8808983630854","name":"부곡농협 하나로마트 도천점","address":"","phone":"055-536-4050","hours":"09:00 ~ 18:00","region":"경남","district":"창녕군","facilities":[],"source":"농협경제지주 공식 전국마트찾기","sourceUrl":"https://www.nhhanaro.co.kr/nahh_70005.do?id=nahh001_010100000000"}},{"type":"Feature","geometry":{"type":"Point","coordinates":[128.60077,35.435252]},"properties":{"id":"8808983630762","name":"부곡농협 하나로마트 본점","address":"","phone":"055-536-5535","hours":"08:30 ~ 21:00","region":"경남","district":"창녕군","facilities":["은행"],"source":"농협경제지주 공식 전국마트찾기","sourceUrl":"https://www.nhhanaro.co.kr/nahh_70005.do?id=nahh001_010100000000"}},{"type":"Feature","geometry":{"type":"Point","coordinates":[128.528282,35.456788]},"properties":{"id":"8808983630694","name":"영산농협 하나로마트","address":"","phone":"055-536-0910","hours":"09:00 ~ 20:00","region":"경남","district":"창녕군","facilities":["주유소","은행"],"source":"농협경제지주 공식 전국마트찾기","sourceUrl":"https://www.nhhanaro.co.kr/nahh_70005.do?id=nahh001_010100000000"}},{"type":"Feature","geometry":{"type":"Point","coordinates":[128.509635,35.484778]},"properties":{"id":"8808983630809","name":"영산농협 하나로마트 계성점","address":"","phone":"055-536-4851","hours":"08:20 ~ 18:00","region":"경남","district":"창녕군","facilities":["은행"],"source":"농협경제지주 공식 전국마트찾기","sourceUrl":"https://www.nhhanaro.co.kr/nahh_70005.do?id=nahh001_010100000000"}},{"type":"Feature","geometry":{"type":"Point","coordinates":[128.569348,35.386819]},"properties":{"id":"8808983630816","name":"영산농협 하나로마트 길곡점","address":"","phone":"055-536-9206","hours":"08:30 ~ 18:00","region":"경남","district":"창녕군","facilities":["은행"],"source":"농협경제지주 공식 전국마트찾기","sourceUrl":"https://www.nhhanaro.co.kr/nahh_70005.do?id=nahh001_010100000000"}},{"type":"Feature","geometry":{"type":"Point","coordinates":[128.475053,35.458671]},"properties":{"id":"8808983630779","name":"영산농협 하나로마트 장마점","address":"","phone":"055-536-8011","hours":"09:00 ~ 18:00","region":"경남","district":"창녕군","facilities":[],"source":"농협경제지주 공식 전국마트찾기","sourceUrl":"https://www.nhhanaro.co.kr/nahh_70005.do?id=nahh001_010100000000"}},{"type":"Feature","geometry":{"type":"Point","coordinates":[128.471556,35.61419]},"properties":{"id":"8808983630663","name":"우포농협 하나로마트","address":"","phone":"055-532-9524","hours":"08:30 ~ 20:00","region":"경남","district":"창녕군","facilities":[],"source":"농협경제지주 공식 전국마트찾기","sourceUrl":"https://www.nhhanaro.co.kr/nahh_70005.do?id=nahh001_010100000000"}},{"type":"Feature","geometry":{"type":"Point","coordinates":[128.383139,35.600225]},"properties":{"id":"8808983630670","name":"이방농협 하나로마트","address":"","phone":"055-532-5138","hours":"08:00 ~ 18:30","region":"경남","district":"창녕군","facilities":[],"source":"농협경제지주 공식 전국마트찾기","sourceUrl":"https://www.nhhanaro.co.kr/nahh_70005.do?id=nahh001_010100000000"}},{"type":"Feature","geometry":{"type":"Point","coordinates":[128.4873909,35.5459677]},"properties":{"id":"8808983630847","name":"창녕농협 하나로마트","address":"","phone":"055-533-3879","hours":"하절기 08:00 ~ 21:00 · 동절기 00:00 ~ 00:00","region":"경남","district":"창녕군","facilities":["은행","식자재"],"source":"농협경제지주 공식 전국마트찾기","sourceUrl":"https://www.nhhanaro.co.kr/nahh_70005.do?id=nahh001_010100000000"}},{"type":"Feature","geometry":{"type":"Point","coordinates":[128.51182,35.575537]},"properties":{"id":"8808983630656","name":"창녕농협 하나로마트 고암점","address":"","phone":"055-533-1669","hours":"09:00 ~ 18:00","region":"경남","district":"창녕군","facilities":[],"source":"농협경제지주 공식 전국마트찾기","sourceUrl":"https://www.nhhanaro.co.kr/nahh_70005.do?id=nahh001_010100000000"}},{"type":"Feature","geometry":{"type":"Point","coordinates":[128.46841,35.555496]},"properties":{"id":"8808983630748","name":"창녕농협 하나로마트 대지점","address":"","phone":"055-533-3710","hours":"09:00 ~ 18:00","region":"경남","district":"창녕군","facilities":[],"source":"농협경제지주 공식 전국마트찾기","sourceUrl":"https://www.nhhanaro.co.kr/nahh_70005.do?id=nahh001_010100000000"}},{"type":"Feature","geometry":{"type":"Point","coordinates":[128.415077,35.51019]},"properties":{"id":"8808983630687","name":"창녕농협 하나로마트 유어점","address":"","phone":"055-532-7031","hours":"09:00 ~ 18:00","region":"경남","district":"창녕군","facilities":[],"source":"농협경제지주 공식 전국마트찾기","sourceUrl":"https://www.nhhanaro.co.kr/nahh_70005.do?id=nahh001_010100000000"}},{"type":"Feature","geometry":{"type":"Point","coordinates":[128.5358246,35.4465651]},"properties":{"id":"8808983332710","name":"창녕축협 로컬푸드","address":"","phone":"055-536-0475","hours":"09:00 ~ 19:00","region":"경남","district":"창녕군","facilities":["식자재"],"source":"농협경제지주 공식 전국마트찾기","sourceUrl":"https://www.nhhanaro.co.kr/nahh_70005.do?id=nahh001_010100000000"}},{"type":"Feature","geometry":{"type":"Point","coordinates":[128.585018,35.086304]},"properties":{"id":"8808983631615","name":"구산농협 하나로마트","address":"","phone":"055-221-8020","hours":"09:00 ~ 20:00","region":"경남","district":"창원시","facilities":[],"source":"농협경제지주 공식 전국마트찾기","sourceUrl":"https://www.nhhanaro.co.kr/nahh_70005.do?id=nahh001_010100000000"}},{"type":"Feature","geometry":{"type":"Point","coordinates":[128.580089,35.119654]},"properties":{"id":"8808983631622","name":"구산농협 하나로마트 수정점","address":"","phone":"055-222-1083","hours":"09:00 ~ 18:00","region":"경남","district":"창원시","facilities":["은행"],"source":"농협경제지주 공식 전국마트찾기","sourceUrl":"https://www.nhhanaro.co.kr/nahh_70005.do?id=nahh001_010100000000"}},{"type":"Feature","geometry":{"type":"Point","coordinates":[128.677093,35.217396]},"properties":{"id":"8808983631530","name":"남창원농협 하나로마트","address":"","phone":"055-261-6115","hours":"09:00 ~ 20:00","region":"경남","district":"창원시","facilities":["은행"],"source":"농협경제지주 공식 전국마트찾기","sourceUrl":"https://www.nhhanaro.co.kr/nahh_70005.do?id=nahh001_010100000000"}},{"type":"Feature","geometry":{"type":"Point","coordinates":[128.708267,35.212395]},"properties":{"id":"8808983631509","name":"남창원농협 하나로마트 대방점","address":"","phone":"055-261-6122","hours":"09:00 ~ 20:00","region":"경남","district":"창원시","facilities":["은행"],"source":"농협경제지주 공식 전국마트찾기","sourceUrl":"https://www.nhhanaro.co.kr/nahh_70005.do?id=nahh001_010100000000"}},{"type":"Feature","geometry":{"type":"Point","coordinates":[128.689648,35.186163]},"properties":{"id":"8808983633855","name":"남창원농협 하나로마트 안민점","address":"","phone":"055-261-6166","hours":"09:00 ~ 20:00","region":"경남","district":"창원시","facilities":["은행"],"source":"농협경제지주 공식 전국마트찾기","sourceUrl":"https://www.nhhanaro.co.kr/nahh_70005.do?id=nahh001_010100000000"}},{"type":"Feature","geometry":{"type":"Point","coordinates":[128.70312,35.204006]},"properties":{"id":"8808983322322","name":"남창원농협 하나로마트 종합유통센터(소매)","address":"","phone":"055-286-1000","hours":"10:00 ~ 23:00","region":"경남","district":"창원시","facilities":["은행"],"source":"농협경제지주 공식 전국마트찾기","sourceUrl":"https://www.nhhanaro.co.kr/nahh_70005.do?id=nahh001_010100000000"}},{"type":"Feature","geometry":{"type":"Point","coordinates":[128.68891,35.279499]},"properties":{"id":"8808983631479","name":"동읍농협 하나로마트 본점","address":"","phone":"055-291-3666","hours":"09:00 ~ 22:00","region":"경남","district":"창원시","facilities":["은행"],"source":"농협경제지주 공식 전국마트찾기","sourceUrl":"https://www.nhhanaro.co.kr/nahh_70005.do?id=nahh001_010100000000"}},{"type":"Feature","geometry":{"type":"Point","coordinates":[128.657169,35.350913]},"properties":{"id":"8808983631448","name":"동읍농협 하나로마트 봉강점","address":"","phone":"055-298-1888","hours":"09:00 ~ 18:00","region":"경남","district":"창원시","facilities":["은행"],"source":"농협경제지주 공식 전국마트찾기","sourceUrl":"https://www.nhhanaro.co.kr/nahh_70005.do?id=nahh001_010100000000"}},{"type":"Feature","geometry":{"type":"Point","coordinates":[128.671117,35.23726]},"properties":{"id":"8808983300030","name":"동창원농협 하나로마트 노블파크점","address":"","phone":"055-266-5130","hours":"09:30 ~ 20:00","region":"경남","district":"창원시","facilities":["은행"],"source":"농협경제지주 공식 전국마트찾기","sourceUrl":"https://www.nhhanaro.co.kr/nahh_70005.do?id=nahh001_010100000000"}},{"type":"Feature","geometry":{"type":"Point","coordinates":[128.667943,35.238855]},"properties":{"id":"8808983631660","name":"동창원농협 하나로마트 반송점","address":"","phone":"055-285-0410","hours":"09:00 ~ 20:00","region":"경남","district":"창원시","facilities":["은행"],"source":"농협경제지주 공식 전국마트찾기","sourceUrl":"https://www.nhhanaro.co.kr/nahh_70005.do?id=nahh001_010100000000"}},{"type":"Feature","geometry":{"type":"Point","coordinates":[128.62102,35.265138]},"properties":{"id":"8808983631639","name":"동창원농협 하나로마트 본점","address":"","phone":"055-297-0073","hours":"09:00 ~ 20:00","region":"경남","district":"창원시","facilities":["은행"],"source":"농협경제지주 공식 전국마트찾기","sourceUrl":"https://www.nhhanaro.co.kr/nahh_70005.do?id=nahh001_010100000000"}},{"type":"Feature","geometry":{"type":"Point","coordinates":[128.684432,35.243667]},"properties":{"id":"8808983631684","name":"동창원농협 하나로마트 사림점","address":"","phone":"055-287-5241","hours":"09:00 ~ 20:00","region":"경남","district":"창원시","facilities":["은행"],"source":"농협경제지주 공식 전국마트찾기","sourceUrl":"https://www.nhhanaro.co.kr/nahh_70005.do?id=nahh001_010100000000"}},{"type":"Feature","geometry":{"type":"Point","coordinates":[128.5722544,35.1686518]},"properties":{"id":"8808983333175","name":"마산시농협 종합유통센터","address":"","phone":"055-244-8051","hours":"09:00 ~ 20:00","region":"경남","district":"창원시","facilities":[],"source":"농협경제지주 공식 전국마트찾기","sourceUrl":"https://www.nhhanaro.co.kr/nahh_70005.do?id=nahh001_010100000000"}},{"type":"Feature","geometry":{"type":"Point","coordinates":[128.561869,35.180694]},"properties":{"id":"8808983631868","name":"마산시농협 하나로마트","address":"","phone":"055-222-8049","hours":"09:00 ~ 21:00","region":"경남","district":"창원시","facilities":["은행"],"source":"농협경제지주 공식 전국마트찾기","sourceUrl":"https://www.nhhanaro.co.kr/nahh_70005.do?id=nahh001_010100000000"}},{"type":"Feature","geometry":{"type":"Point","coordinates":[128.567867,35.196928]},"properties":{"id":"8808983631905","name":"마산시농협 하나로마트 동마산점","address":"","phone":"055-298-0676","hours":"하절기 09:00 ~ 20:00 · 동절기 00:00 ~ 00:00","region":"경남","district":"창원시","facilities":["은행"],"source":"농협경제지주 공식 전국마트찾기","sourceUrl":"https://www.nhhanaro.co.kr/nahh_70005.do?id=nahh001_010100000000"}},{"type":"Feature","geometry":{"type":"Point","coordinates":[128.567867,35.196928]},"properties":{"id":"8808983631875","name":"마산시농협 하나로마트 북마산점","address":"","phone":"055-247-1360","hours":"09:00 ~ 21:00","region":"경남","district":"창원시","facilities":["은행"],"source":"농협경제지주 공식 전국마트찾기","sourceUrl":"https://www.nhhanaro.co.kr/nahh_70005.do?id=nahh001_010100000000"}},{"type":"Feature","geometry":{"type":"Point","coordinates":[128.590314,35.2239396]},"properties":{"id":"8808983338613","name":"마산시농협 하나로마트 양덕점","address":"","phone":"055-243-9236","hours":"09:00 ~ 20:00","region":"경남","district":"창원시","facilities":["은행"],"source":"농협경제지주 공식 전국마트찾기","sourceUrl":"https://www.nhhanaro.co.kr/nahh_70005.do?id=nahh001_010100000000"}},{"type":"Feature","geometry":{"type":"Point","coordinates":[128.609171,35.352976]},"properties":{"id":"8808983631554","name":"북창원농협 하나로마트","address":"","phone":"055-298-2014","hours":"08:30 ~ 19:00","region":"경남","district":"창원시","facilities":["은행"],"source":"농협경제지주 공식 전국마트찾기","sourceUrl":"https://www.nhhanaro.co.kr/nahh_70005.do?id=nahh001_010100000000"}},{"type":"Feature","geometry":{"type":"Point","coordinates":[128.601648,35.301346]},"properties":{"id":"8808983631547","name":"북창원농협 하나로마트 화천점","address":"","phone":"055-298-2091","hours":"하절기 08:30 ~ 20:00 · 동절기 00:00 ~ 00:00","region":"경남","district":"창원시","facilities":["은행"],"source":"농협경제지주 공식 전국마트찾기","sourceUrl":"https://www.nhhanaro.co.kr/nahh_70005.do?id=nahh001_010100000000"}},{"type":"Feature","geometry":{"type":"Point","coordinates":[128.512476,35.254541]},"properties":{"id":"8808983633930","name":"서창원농협하나로마트","address":"","phone":"055-232-0114","hours":"하절기 10:00 ~ 22:00 · 동절기 00:00 ~ 00:00","region":"경남","district":"창원시","facilities":[],"source":"농협경제지주 공식 전국마트찾기","sourceUrl":"https://www.nhhanaro.co.kr/nahh_70005.do?id=nahh001_010100000000"}},{"type":"Feature","geometry":{"type":"Point","coordinates":[128.503557,35.2317835]},"properties":{"id":"8808983631776","name":"서창원농협하나로마트 삼계점","address":"","phone":"055-232-8916","hours":"하절기 10:00 ~ 21:00 · 동절기 00:00 ~ 00:00","region":"경남","district":"창원시","facilities":["은행"],"source":"농협경제지주 공식 전국마트찾기","sourceUrl":"https://www.nhhanaro.co.kr/nahh_70005.do?id=nahh001_010100000000"}},{"type":"Feature","geometry":{"type":"Point","coordinates":[128.52273,35.2608972]},"properties":{"id":"8808983631752","name":"서창원농협하나로마트 호계점","address":"","phone":"055-231-4663","hours":"하절기 09:00 ~ 20:00 · 동절기 00:00 ~ 00:00","region":"경남","district":"창원시","facilities":["은행"],"source":"농협경제지주 공식 전국마트찾기","sourceUrl":"https://www.nhhanaro.co.kr/nahh_70005.do?id=nahh001_010100000000"}},{"type":"Feature","geometry":{"type":"Point","coordinates":[128.809887,35.100668]},"properties":{"id":"8808983637525","name":"웅동농협 하나로마트 신항점","address":"","phone":"055-544-5959","hours":"하절기 09:00 ~ 22:00 · 동절기 00:00 ~ 00:00","region":"경남","district":"창원시","facilities":["은행"],"source":"농협경제지주 공식 전국마트찾기","sourceUrl":"https://www.nhhanaro.co.kr/nahh_70005.do?id=nahh001_010100000000"}},{"type":"Feature","geometry":{"type":"Point","coordinates":[128.786117,35.124505]},"properties":{"id":"8808983631738","name":"웅동농협 하나로마트 웅동점","address":"","phone":"055-546-9240","hours":"하절기 09:00 ~ 20:30 · 동절기 00:00 ~ 00:00","region":"경남","district":"창원시","facilities":[],"source":"농협경제지주 공식 전국마트찾기","sourceUrl":"https://www.nhhanaro.co.kr/nahh_70005.do?id=nahh001_010100000000"}},{"type":"Feature","geometry":{"type":"Point","coordinates":[128.479094,35.101796]},"properties":{"id":"8808983631714","name":"진동농협 하나로마트 고현점","address":"","phone":"055-271-5626","hours":"08:30 ~ 18:30","region":"경남","district":"창원시","facilities":["은행"],"source":"농협경제지주 공식 전국마트찾기","sourceUrl":"https://www.nhhanaro.co.kr/nahh_70005.do?id=nahh001_010100000000"}},{"type":"Feature","geometry":{"type":"Point","coordinates":[128.488116,35.113695]},"properties":{"id":"8808983633909","name":"진동농협 하나로마트 진동점","address":"","phone":"055-271-8617","hours":"08:30 ~ 18:30","region":"경남","district":"창원시","facilities":["은행"],"source":"농협경제지주 공식 전국마트찾기","sourceUrl":"https://www.nhhanaro.co.kr/nahh_70005.do?id=nahh001_010100000000"}},{"type":"Feature","geometry":{"type":"Point","coordinates":[128.467678,35.115533]},"properties":{"id":"8808983631790","name":"진북농협 하나로마트","address":"","phone":"055-271-8054","hours":"09:00 ~ 20:00","region":"경남","district":"창원시","facilities":["은행","식자재"],"source":"농협경제지주 공식 전국마트찾기","sourceUrl":"https://www.nhhanaro.co.kr/nahh_70005.do?id=nahh001_010100000000"}},{"type":"Feature","geometry":{"type":"Point","coordinates":[128.567867,35.196928]},"properties":{"id":"8808983631561","name":"진전농협 하나로마트","address":"","phone":"055-271-1005","hours":"09:00 ~ 18:00","region":"경남","district":"창원시","facilities":[],"source":"농협경제지주 공식 전국마트찾기","sourceUrl":"https://www.nhhanaro.co.kr/nahh_70005.do?id=nahh001_010100000000"}},{"type":"Feature","geometry":{"type":"Point","coordinates":[128.567867,35.196928]},"properties":{"id":"8808983631578","name":"진전농협 하나로마트 대정점","address":"","phone":"055-271-0105","hours":"09:00 ~ 18:00","region":"경남","district":"창원시","facilities":[],"source":"농협경제지주 공식 전국마트찾기","sourceUrl":"https://www.nhhanaro.co.kr/nahh_70005.do?id=nahh001_010100000000"}},{"type":"Feature","geometry":{"type":"Point","coordinates":[128.698347,35.156962]},"properties":{"id":"8808983631851","name":"진해농협 하나로마트","address":"","phone":"055-541-5200","hours":"09:00 ~ 22:00","region":"경남","district":"창원시","facilities":[],"source":"농협경제지주 공식 전국마트찾기","sourceUrl":"https://www.nhhanaro.co.kr/nahh_70005.do?id=nahh001_010100000000"}},{"type":"Feature","geometry":{"type":"Point","coordinates":[128.749835,35.111511]},"properties":{"id":"8808983631592","name":"진해웅천농협 하나로마트 본점","address":"","phone":"055-545-8130","hours":"08:30 ~ 19:00","region":"경남","district":"창원시","facilities":["은행"],"source":"농협경제지주 공식 전국마트찾기","sourceUrl":"https://www.nhhanaro.co.kr/nahh_70005.do?id=nahh001_010100000000"}},{"type":"Feature","geometry":{"type":"Point","coordinates":[128.716723,35.104617]},"properties":{"id":"8808983631608","name":"진해웅천농협 하나로마트 죽곡점","address":"","phone":"055-545-1991","hours":"09:00 ~ 18:00","region":"경남","district":"창원시","facilities":["은행"],"source":"농협경제지주 공식 전국마트찾기","sourceUrl":"https://www.nhhanaro.co.kr/nahh_70005.do?id=nahh001_010100000000"}},{"type":"Feature","geometry":{"type":"Point","coordinates":[128.706793,35.332362]},"properties":{"id":"8808983631431","name":"창원대산농협 하나로마트","address":"","phone":"055-291-4641","hours":"09:00 ~ 18:00","region":"경남","district":"창원시","facilities":[],"source":"농협경제지주 공식 전국마트찾기","sourceUrl":"https://www.nhhanaro.co.kr/nahh_70005.do?id=nahh001_010100000000"}},{"type":"Feature","geometry":{"type":"Point","coordinates":[128.489085,35.116206]},"properties":{"id":"8808983631707","name":"창원진동농협 하나로마트","address":"","phone":"055-271-2051","hours":"하절기 08:30 ~ 21:30 · 동절기 00:00 ~ 00:00","region":"경남","district":"창원시","facilities":["은행"],"source":"농협경제지주 공식 전국마트찾기","sourceUrl":"https://www.nhhanaro.co.kr/nahh_70005.do?id=nahh001_010100000000"}},{"type":"Feature","geometry":{"type":"Point","coordinates":[128.7010806,35.2133581]},"properties":{"id":"8808983308081","name":"하나로마트 남양점","address":"","phone":"055-279-8122","hours":"09:00 ~ 21:00","region":"경남","district":"창원시","facilities":["은행"],"source":"농협경제지주 공식 전국마트찾기","sourceUrl":"https://www.nhhanaro.co.kr/nahh_70005.do?id=nahh001_010100000000"}},{"type":"Feature","geometry":{"type":"Point","coordinates":[128.67475,35.236925]},"properties":{"id":"8808983308074","name":"하나로마트 반림점","address":"","phone":"055-275-4437","hours":"09:00 ~ 21:00","region":"경남","district":"창원시","facilities":["은행"],"source":"농협경제지주 공식 전국마트찾기","sourceUrl":"https://www.nhhanaro.co.kr/nahh_70005.do?id=nahh001_010100000000"}},{"type":"Feature","geometry":{"type":"Point","coordinates":[128.693386,35.221622]},"properties":{"id":"8808983308098","name":"하나로마트 사파점","address":"","phone":"055-283-0455","hours":"하절기 09:00 ~ 21:00 · 동절기 00:00 ~ 00:00","region":"경남","district":"창원시","facilities":[],"source":"농협경제지주 공식 전국마트찾기","sourceUrl":"https://www.nhhanaro.co.kr/nahh_70005.do?id=nahh001_010100000000"}},{"type":"Feature","geometry":{"type":"Point","coordinates":[128.652265,35.2434113]},"properties":{"id":"8808983300801","name":"하나로마트 창원점","address":"","phone":"055-210-8800","hours":"08:00 ~ 21:00","region":"경남","district":"창원시","facilities":["식자재"],"source":"농협경제지주 공식 전국마트찾기","sourceUrl":"https://www.nhhanaro.co.kr/nahh_70005.do?id=nahh001_010100000000"}},{"type":"Feature","geometry":{"type":"Point","coordinates":[128.388179,34.800825]},"properties":{"id":"8808983631998","name":"산양농협 하나로마트","address":"","phone":"055-642-1385","hours":"08:30 ~ 18:00","region":"경남","district":"통영시","facilities":[],"source":"농협경제지주 공식 전국마트찾기","sourceUrl":"https://www.nhhanaro.co.kr/nahh_70005.do?id=nahh001_010100000000"}},{"type":"Feature","geometry":{"type":"Point","coordinates":[128.40736,34.898672]},"properties":{"id":"8808983631967","name":"새통영농협 하나로마트 광도점","address":"","phone":"055-641-6014","hours":"하절기 09:00 ~ 18:00 · 동절기 09:00 ~ 17:00","region":"경남","district":"통영시","facilities":["은행"],"source":"농협경제지주 공식 전국마트찾기","sourceUrl":"https://www.nhhanaro.co.kr/nahh_70005.do?id=nahh001_010100000000"}},{"type":"Feature","geometry":{"type":"Point","coordinates":[128.362954,34.90259]},"properties":{"id":"8808983631943","name":"새통영농협 하나로마트 도산점","address":"","phone":"055-646-8056","hours":"08:30 ~ 18:00","region":"경남","district":"통영시","facilities":[],"source":"농협경제지주 공식 전국마트찾기","sourceUrl":"https://www.nhhanaro.co.kr/nahh_70005.do?id=nahh001_010100000000"}},{"type":"Feature","geometry":{"type":"Point","coordinates":[128.418253,34.8821443]},"properties":{"id":"8808983328911","name":"새통영농협 하나로마트 본점","address":"","phone":"055-643-7246","hours":"09:00 ~ 22:00","region":"경남","district":"통영시","facilities":["은행"],"source":"농협경제지주 공식 전국마트찾기","sourceUrl":"https://www.nhhanaro.co.kr/nahh_70005.do?id=nahh001_010100000000"}},{"type":"Feature","geometry":{"type":"Point","coordinates":[128.220906,34.843379]},"properties":{"id":"8808983632018","name":"새통영농협 하나로마트 사량점","address":"","phone":"055-641-8621","hours":"08:00 ~ 18:00","region":"경남","district":"통영시","facilities":["은행"],"source":"농협경제지주 공식 전국마트찾기","sourceUrl":"https://www.nhhanaro.co.kr/nahh_70005.do?id=nahh001_010100000000"}},{"type":"Feature","geometry":{"type":"Point","coordinates":[128.411012,34.9487]},"properties":{"id":"8808983631974","name":"새통영농협 하나로마트 안황점","address":"","phone":"055-649-5571","hours":"08:30 ~ 20:30","region":"경남","district":"통영시","facilities":["은행"],"source":"농협경제지주 공식 전국마트찾기","sourceUrl":"https://www.nhhanaro.co.kr/nahh_70005.do?id=nahh001_010100000000"}},{"type":"Feature","geometry":{"type":"Point","coordinates":[128.443435,34.868121]},"properties":{"id":"8808983631981","name":"용남농협 하나로마트","address":"","phone":"055-646-7013","hours":"09:00 ~ 18:00","region":"경남","district":"통영시","facilities":[],"source":"농협경제지주 공식 전국마트찾기","sourceUrl":"https://www.nhhanaro.co.kr/nahh_70005.do?id=nahh001_010100000000"}},{"type":"Feature","geometry":{"type":"Point","coordinates":[128.417676,34.839897]},"properties":{"id":"8808983632056","name":"통영농협 하나로마트","address":"","phone":"055-646-6609","hours":"하절기 06:00 ~ 21:00 · 동절기 06:00 ~ 20:00","region":"경남","district":"통영시","facilities":["은행"],"source":"농협경제지주 공식 전국마트찾기","sourceUrl":"https://www.nhhanaro.co.kr/nahh_70005.do?id=nahh001_010100000000"}},{"type":"Feature","geometry":{"type":"Point","coordinates":[128.428856,34.855823]},"properties":{"id":"8808983632025","name":"통영농협 하나로마트 북신점","address":"","phone":"055-645-4225","hours":"09:00 ~ 20:00","region":"경남","district":"통영시","facilities":["은행"],"source":"농협경제지주 공식 전국마트찾기","sourceUrl":"https://www.nhhanaro.co.kr/nahh_70005.do?id=nahh001_010100000000"}},{"type":"Feature","geometry":{"type":"Point","coordinates":[128.264506,34.635497]},"properties":{"id":"8808983632001","name":"통영농협 하나로마트 욕지점","address":"","phone":"055-641-3730","hours":"08:30 ~ 18:00","region":"경남","district":"통영시","facilities":["은행"],"source":"농협경제지주 공식 전국마트찾기","sourceUrl":"https://www.nhhanaro.co.kr/nahh_70005.do?id=nahh001_010100000000"}},{"type":"Feature","geometry":{"type":"Point","coordinates":[128.418602,34.880252]},"properties":{"id":"8808983300771","name":"통영축협중앙하나로마트","address":"","phone":"055-649-0500","hours":"하절기 09:00 ~ 22:00 · 동절기 00:00 ~ 00:00","region":"경남","district":"통영시","facilities":["은행"],"source":"농협경제지주 공식 전국마트찾기","sourceUrl":"https://www.nhhanaro.co.kr/nahh_70005.do?id=nahh001_010100000000"}},{"type":"Feature","geometry":{"type":"Point","coordinates":[128.505665,34.767129]},"properties":{"id":"8808983631950","name":"통영한산농협 하나로마트","address":"","phone":"055-641-5361","hours":"08:00 ~ 19:00","region":"경남","district":"통영시","facilities":[],"source":"농협경제지주 공식 전국마트찾기","sourceUrl":"https://www.nhhanaro.co.kr/nahh_70005.do?id=nahh001_010100000000"}},{"type":"Feature","geometry":{"type":"Point","coordinates":[127.809997,34.99633]},"properties":{"id":"8808983632681","name":"금남농협 하나로마트 고남점","address":"","phone":"055-883-8304","hours":"08:00 ~ 22:00","region":"경남","district":"하동군","facilities":[],"source":"농협경제지주 공식 전국마트찾기","sourceUrl":"https://www.nhhanaro.co.kr/nahh_70005.do?id=nahh001_010100000000"}},{"type":"Feature","geometry":{"type":"Point","coordinates":[127.79047,34.964098]},"properties":{"id":"8808983632698","name":"금남농협 하나로마트 금성점","address":"","phone":"055-883-8306","hours":"08:30 ~ 18:00","region":"경남","district":"하동군","facilities":[],"source":"농협경제지주 공식 전국마트찾기","sourceUrl":"https://www.nhhanaro.co.kr/nahh_70005.do?id=nahh001_010100000000"}},{"type":"Feature","geometry":{"type":"Point","coordinates":[127.859833,34.949828]},"properties":{"id":"8808983632674","name":"금남농협 하나로마트 본점","address":"","phone":"055-883-8300","hours":"08:00 ~ 18:00","region":"경남","district":"하동군","facilities":[],"source":"농협경제지주 공식 전국마트찾기","sourceUrl":"https://www.nhhanaro.co.kr/nahh_70005.do?id=nahh001_010100000000"}},{"type":"Feature","geometry":{"type":"Point","coordinates":[127.844683,35.047041]},"properties":{"id":"8808983632643","name":"금오농협 하나로마트 본점","address":"","phone":"055-882-4507","hours":"08:20 ~ 18:00","region":"경남","district":"하동군","facilities":[],"source":"농협경제지주 공식 전국마트찾기","sourceUrl":"https://www.nhhanaro.co.kr/nahh_70005.do?id=nahh001_010100000000"}},{"type":"Feature","geometry":{"type":"Point","coordinates":[127.902987,35.029073]},"properties":{"id":"8808983632636","name":"금오농협 하나로마트 진교점","address":"","phone":"055-882-4050","hours":"08:00 ~ 18:00","region":"경남","district":"하동군","facilities":[],"source":"농협경제지주 공식 전국마트찾기","sourceUrl":"https://www.nhhanaro.co.kr/nahh_70005.do?id=nahh001_010100000000"}},{"type":"Feature","geometry":{"type":"Point","coordinates":[127.71,35.164117]},"properties":{"id":"8808983632575","name":"악양농협 하나로마트","address":"","phone":"055-883-3068","hours":"08:00 ~ 21:00","region":"경남","district":"하동군","facilities":[],"source":"농협경제지주 공식 전국마트찾기","sourceUrl":"https://www.nhhanaro.co.kr/nahh_70005.do?id=nahh001_010100000000"}},{"type":"Feature","geometry":{"type":"Point","coordinates":[127.880113,35.179819]},"properties":{"id":"8808983632704","name":"옥종농협 하나로마트 본점","address":"","phone":"055-883-8744","hours":"08:00 ~ 22:00","region":"경남","district":"하동군","facilities":[],"source":"농협경제지주 공식 전국마트찾기","sourceUrl":"https://www.nhhanaro.co.kr/nahh_70005.do?id=nahh001_010100000000"}},{"type":"Feature","geometry":{"type":"Point","coordinates":[127.893921,35.115289]},"properties":{"id":"8808983632711","name":"옥종농협 하나로마트 북천점","address":"","phone":"055-882-9100","hours":"08:00 ~ 19:00","region":"경남","district":"하동군","facilities":["은행"],"source":"농협경제지주 공식 전국마트찾기","sourceUrl":"https://www.nhhanaro.co.kr/nahh_70005.do?id=nahh001_010100000000"}},{"type":"Feature","geometry":{"type":"Point","coordinates":[127.811031,35.108905]},"properties":{"id":"8808983632605","name":"지리산청학농협 하나로마트 본점","address":"","phone":"055-882-6025","hours":"09:00 ~ 18:00","region":"경남","district":"하동군","facilities":[],"source":"농협경제지주 공식 전국마트찾기","sourceUrl":"https://www.nhhanaro.co.kr/nahh_70005.do?id=nahh001_010100000000"}},{"type":"Feature","geometry":{"type":"Point","coordinates":[127.837994,35.192183]},"properties":{"id":"8808983632612","name":"지리산청학농협 하나로마트 삼개리점","address":"","phone":"055-884-0406","hours":"08:30 ~ 19:00","region":"경남","district":"하동군","facilities":[],"source":"농협경제지주 공식 전국마트찾기","sourceUrl":"https://www.nhhanaro.co.kr/nahh_70005.do?id=nahh001_010100000000"}},{"type":"Feature","geometry":{"type":"Point","coordinates":[127.801419,35.155152]},"properties":{"id":"8808983632629","name":"지리산청학농협 하나로마트 청암점","address":"","phone":"055-884-0401","hours":"08:30 ~ 18:00","region":"경남","district":"하동군","facilities":[],"source":"농협경제지주 공식 전국마트찾기","sourceUrl":"https://www.nhhanaro.co.kr/nahh_70005.do?id=nahh001_010100000000"}},{"type":"Feature","geometry":{"type":"Point","coordinates":[127.830987,35.022666]},"properties":{"id":"8808983632667","name":"하동농협 하나로마트 고전점","address":"","phone":"055-882-5011","hours":"08:20 ~ 18:30","region":"경남","district":"하동군","facilities":[],"source":"농협경제지주 공식 전국마트찾기","sourceUrl":"https://www.nhhanaro.co.kr/nahh_70005.do?id=nahh001_010100000000"}},{"type":"Feature","geometry":{"type":"Point","coordinates":[127.77659,35.083282]},"properties":{"id":"8808983632599","name":"하동농협 하나로마트 적량점","address":"","phone":"055-884-6691","hours":"08:30 ~ 18:00","region":"경남","district":"하동군","facilities":[],"source":"농협경제지주 공식 전국마트찾기","sourceUrl":"https://www.nhhanaro.co.kr/nahh_70005.do?id=nahh001_010100000000"}},{"type":"Feature","geometry":{"type":"Point","coordinates":[127.804921,34.997873]},"properties":{"id":"8808983632650","name":"하동농협 하나로마트 전도점","address":"","phone":"055-882-1101","hours":"08:30 ~ 18:30","region":"경남","district":"하동군","facilities":["은행"],"source":"농협경제지주 공식 전국마트찾기","sourceUrl":"https://www.nhhanaro.co.kr/nahh_70005.do?id=nahh001_010100000000"}},{"type":"Feature","geometry":{"type":"Point","coordinates":[127.751289,35.0702249]},"properties":{"id":"8808983633947","name":"하동농협 하나로마트 중앙점","address":"","phone":"055-883-1113","hours":"09:00 ~ 21:00","region":"경남","district":"하동군","facilities":["은행","식자재"],"source":"농협경제지주 공식 전국마트찾기","sourceUrl":"https://www.nhhanaro.co.kr/nahh_70005.do?id=nahh001_010100000000"}},{"type":"Feature","geometry":{"type":"Point","coordinates":[127.62429,35.190582]},"properties":{"id":"8808983632568","name":"화개농협 하나로마트 본점","address":"","phone":"055-883-4235","hours":"08:00 ~ 21:00","region":"경남","district":"하동군","facilities":[],"source":"농협경제지주 공식 전국마트찾기","sourceUrl":"https://www.nhhanaro.co.kr/nahh_70005.do?id=nahh001_010100000000"}},{"type":"Feature","geometry":{"type":"Point","coordinates":[128.345124,35.263364]},"properties":{"id":"8808983630557","name":"군북농협 하나로마트","address":"","phone":"055-585-7225","hours":"08:30 ~ 20:00","region":"경남","district":"함안군","facilities":[],"source":"농협경제지주 공식 전국마트찾기","sourceUrl":"https://www.nhhanaro.co.kr/nahh_70005.do?id=nahh001_010100000000"}},{"type":"Feature","geometry":{"type":"Point","coordinates":[128.2970741,35.3023086]},"properties":{"id":"8808983630540","name":"군북농협하나로마트 월촌점","address":"","phone":"055-582-7821","hours":"09:00 ~ 17:00","region":"경남","district":"함안군","facilities":["은행"],"source":"농협경제지주 공식 전국마트찾기","sourceUrl":"https://www.nhhanaro.co.kr/nahh_70005.do?id=nahh001_010100000000"}},{"type":"Feature","geometry":{"type":"Point","coordinates":[128.519769,35.3077352]},"properties":{"id":"8808983630625","name":"동함안농협 하나로마트","address":"","phone":"055-587-0390","hours":"하절기 08:00 ~ 20:00 · 동절기 00:00 ~ 00:00","region":"경남","district":"함안군","facilities":[],"source":"농협경제지주 공식 전국마트찾기","sourceUrl":"https://www.nhhanaro.co.kr/nahh_70005.do?id=nahh001_010100000000"}},{"type":"Feature","geometry":{"type":"Point","coordinates":[128.500154,35.388126]},"properties":{"id":"8808983630588","name":"삼칠농협 하나로마트 용성점","address":"","phone":"055-587-6031","hours":"09:00 ~ 18:00","region":"경남","district":"함안군","facilities":["은행"],"source":"농협경제지주 공식 전국마트찾기","sourceUrl":"https://www.nhhanaro.co.kr/nahh_70005.do?id=nahh001_010100000000"}},{"type":"Feature","geometry":{"type":"Point","coordinates":[128.537245,35.365919]},"properties":{"id":"8808983630618","name":"삼칠농협 하나로마트 이령점","address":"","phone":"055-587-4604","hours":"09:00 ~ 18:00","region":"경남","district":"함안군","facilities":["은행"],"source":"농협경제지주 공식 전국마트찾기","sourceUrl":"https://www.nhhanaro.co.kr/nahh_70005.do?id=nahh001_010100000000"}},{"type":"Feature","geometry":{"type":"Point","coordinates":[128.52209,35.346749]},"properties":{"id":"8808983630601","name":"삼칠농협 하나로마트 칠북점","address":"","phone":"055-587-4602","hours":"09:00 ~ 18:00","region":"경남","district":"함안군","facilities":["은행"],"source":"농협경제지주 공식 전국마트찾기","sourceUrl":"https://www.nhhanaro.co.kr/nahh_70005.do?id=nahh001_010100000000"}},{"type":"Feature","geometry":{"type":"Point","coordinates":[128.497356,35.333946]},"properties":{"id":"8808983630595","name":"삼칠농협하나로마트 칠서점","address":"","phone":"055-587-2854","hours":"하절기 09:00 ~ 18:00 · 동절기 00:00 ~ 00:00","region":"경남","district":"함안군","facilities":["은행"],"source":"농협경제지주 공식 전국마트찾기","sourceUrl":"https://www.nhhanaro.co.kr/nahh_70005.do?id=nahh001_010100000000"}},{"type":"Feature","geometry":{"type":"Point","coordinates":[128.4174636,35.2758552]},"properties":{"id":"8808983630571","name":"함안농협 하나로마트","address":"","phone":"055-584-8900","hours":"08:30 ~ 21:00","region":"경남","district":"함안군","facilities":["은행"],"source":"농협경제지주 공식 전국마트찾기","sourceUrl":"https://www.nhhanaro.co.kr/nahh_70005.do?id=nahh001_010100000000"}},{"type":"Feature","geometry":{"type":"Point","coordinates":[128.355329,35.315003]},"properties":{"id":"8808983630533","name":"함안농협 하나로마트 법수점","address":"","phone":"055-582-4811","hours":"하절기 08:30 ~ 18:00 · 동절기 00:00 ~ 00:00","region":"경남","district":"함안군","facilities":[],"source":"농협경제지주 공식 전국마트찾기","sourceUrl":"https://www.nhhanaro.co.kr/nahh_70005.do?id=nahh001_010100000000"}},{"type":"Feature","geometry":{"type":"Point","coordinates":[128.422878,35.241447]},"properties":{"id":"8808983630519","name":"함안농협 하나로마트 함읍점","address":"","phone":"055-583-4014","hours":"하절기 08:30 ~ 19:00 · 동절기 00:00 ~ 00:00","region":"경남","district":"함안군","facilities":[],"source":"농협경제지주 공식 전국마트찾기","sourceUrl":"https://www.nhhanaro.co.kr/nahh_70005.do?id=nahh001_010100000000"}},{"type":"Feature","geometry":{"type":"Point","coordinates":[128.430583,35.349995]},"properties":{"id":"8808983630502","name":"함안대산농협 하나로마트","address":"","phone":"055-583-1185","hours":"08:00 ~ 19:00","region":"경남","district":"함안군","facilities":[],"source":"농협경제지주 공식 전국마트찾기","sourceUrl":"https://www.nhhanaro.co.kr/nahh_70005.do?id=nahh001_010100000000"}},{"type":"Feature","geometry":{"type":"Point","coordinates":[128.407889,35.273931]},"properties":{"id":"8808983637051","name":"함안축산농협 하나로마트","address":"","phone":"055-584-2180","hours":"하절기 08:30 ~ 21:30 · 동절기 00:00 ~ 00:00","region":"경남","district":"함안군","facilities":[],"source":"농협경제지주 공식 전국마트찾기","sourceUrl":"https://www.nhhanaro.co.kr/nahh_70005.do?id=nahh001_010100000000"}},{"type":"Feature","geometry":{"type":"Point","coordinates":[128.345567,35.261524]},"properties":{"id":"8808983322834","name":"함안축협 하나로마트 군북점","address":"","phone":"055-585-6605","hours":"09:00 ~ 19:00","region":"경남","district":"함안군","facilities":["은행"],"source":"농협경제지주 공식 전국마트찾기","sourceUrl":"https://www.nhhanaro.co.kr/nahh_70005.do?id=nahh001_010100000000"}},{"type":"Feature","geometry":{"type":"Point","coordinates":[128.517278,35.308082]},"properties":{"id":"8808983300658","name":"함안축협 하나로마트 삼칠점","address":"","phone":"055-586-7991","hours":"09:00 ~ 21:00","region":"경남","district":"함안군","facilities":["은행"],"source":"농협경제지주 공식 전국마트찾기","sourceUrl":"https://www.nhhanaro.co.kr/nahh_70005.do?id=nahh001_010100000000"}},{"type":"Feature","geometry":{"type":"Point","coordinates":[127.811935,35.628747]},"properties":{"id":"8808983632988","name":"안의농협 하나로마트","address":"","phone":"055-962-0600","hours":"08:00 ~ 21:00","region":"경남","district":"함양군","facilities":[],"source":"농협경제지주 공식 전국마트찾기","sourceUrl":"https://www.nhhanaro.co.kr/nahh_70005.do?id=nahh001_010100000000"}},{"type":"Feature","geometry":{"type":"Point","coordinates":[127.686238,35.683108]},"properties":{"id":"8808983632919","name":"안의농협 하나로마트 서상점","address":"","phone":"055-964-0644","hours":"08:30 ~ 18:00","region":"경남","district":"함양군","facilities":[],"source":"농협경제지주 공식 전국마트찾기","sourceUrl":"https://www.nhhanaro.co.kr/nahh_70005.do?id=nahh001_010100000000"}},{"type":"Feature","geometry":{"type":"Point","coordinates":[127.695929,35.647511]},"properties":{"id":"8808983632995","name":"안의농협 하나로마트 서하점","address":"","phone":"055-962-9288","hours":"08:30 ~ 18:00","region":"경남","district":"함양군","facilities":["은행"],"source":"농협경제지주 공식 전국마트찾기","sourceUrl":"https://www.nhhanaro.co.kr/nahh_70005.do?id=nahh001_010100000000"}},{"type":"Feature","geometry":{"type":"Point","coordinates":[127.7752295,35.5655014]},"properties":{"id":"8808983632971","name":"지곡농협하나로마트","address":"","phone":"055-964-7733","hours":"08:00 ~ 20:00","region":"경남","district":"함양군","facilities":[],"source":"농협경제지주 공식 전국마트찾기","sourceUrl":"https://www.nhhanaro.co.kr/nahh_70005.do?id=nahh001_010100000000"}},{"type":"Feature","geometry":{"type":"Point","coordinates":[127.665335,35.396333]},"properties":{"id":"8808983632957","name":"지리산마천농협 하나로마트","address":"","phone":"055-962-2570","hours":"08:00 ~ 20:00","region":"경남","district":"함양군","facilities":[],"source":"농협경제지주 공식 전국마트찾기","sourceUrl":"https://www.nhhanaro.co.kr/nahh_70005.do?id=nahh001_010100000000"}},{"type":"Feature","geometry":{"type":"Point","coordinates":[127.73145,35.5274356]},"properties":{"id":"8808983332833","name":"함양농협 하나로마트","address":"","phone":"055-962-8833","hours":"08:30 ~ 22:00","region":"경남","district":"함양군","facilities":["은행","식자재"],"source":"농협경제지주 공식 전국마트찾기","sourceUrl":"https://www.nhhanaro.co.kr/nahh_70005.do?id=nahh001_010100000000"}},{"type":"Feature","geometry":{"type":"Point","coordinates":[127.623071,35.550282]},"properties":{"id":"8808983632933","name":"함양농협 하나로마트 백전점","address":"","phone":"055-962-8179","hours":"08:00 ~ 18:00","region":"경남","district":"함양군","facilities":["은행"],"source":"농협경제지주 공식 전국마트찾기","sourceUrl":"https://www.nhhanaro.co.kr/nahh_70005.do?id=nahh001_010100000000"}},{"type":"Feature","geometry":{"type":"Point","coordinates":[127.683376,35.529102]},"properties":{"id":"8808983632926","name":"함양농협 하나로마트 병곡점","address":"","phone":"055-962-2173","hours":"08:00 ~ 18:00","region":"경남","district":"함양군","facilities":["은행"],"source":"농협경제지주 공식 전국마트찾기","sourceUrl":"https://www.nhhanaro.co.kr/nahh_70005.do?id=nahh001_010100000000"}},{"type":"Feature","geometry":{"type":"Point","coordinates":[127.726647,35.518815]},"properties":{"id":"8808983632896","name":"함양농협 하나로마트 용평점","address":"","phone":"055-963-5294","hours":"08:20 ~ 20:00","region":"경남","district":"함양군","facilities":["은행"],"source":"농협경제지주 공식 전국마트찾기","sourceUrl":"https://www.nhhanaro.co.kr/nahh_70005.do?id=nahh001_010100000000"}},{"type":"Feature","geometry":{"type":"Point","coordinates":[127.792615,35.465674]},"properties":{"id":"8808983632964","name":"함양농협 하나로마트 유림점","address":"","phone":"055-962-6268","hours":"08:30 ~ 18:00","region":"경남","district":"함양군","facilities":["은행"],"source":"농협경제지주 공식 전국마트찾기","sourceUrl":"https://www.nhhanaro.co.kr/nahh_70005.do?id=nahh001_010100000000"}},{"type":"Feature","geometry":{"type":"Point","coordinates":[127.749324,35.480339]},"properties":{"id":"8808983632940","name":"함양농협 하나로마트 휴천점","address":"","phone":"055-962-6270","hours":"08:30 ~ 18:00","region":"경남","district":"함양군","facilities":["은행"],"source":"농협경제지주 공식 전국마트찾기","sourceUrl":"https://www.nhhanaro.co.kr/nahh_70005.do?id=nahh001_010100000000"}},{"type":"Feature","geometry":{"type":"Point","coordinates":[127.727396,35.518799]},"properties":{"id":"8808983637228","name":"함양산청축협 하나로마트","address":"","phone":"055-964-0604","hours":"08:30 ~ 22:00","region":"경남","district":"함양군","facilities":["은행"],"source":"농협경제지주 공식 전국마트찾기","sourceUrl":"https://www.nhhanaro.co.kr/nahh_70005.do?id=nahh001_010100000000"}},{"type":"Feature","geometry":{"type":"Point","coordinates":[127.788691,35.521013]},"properties":{"id":"8808983632889","name":"함양수동농협 하나로마트","address":"","phone":"055-962-1380","hours":"08:10 ~ 20:00","region":"경남","district":"함양군","facilities":["은행"],"source":"농협경제지주 공식 전국마트찾기","sourceUrl":"https://www.nhhanaro.co.kr/nahh_70005.do?id=nahh001_010100000000"}},{"type":"Feature","geometry":{"type":"Point","coordinates":[128.214449,35.559757]},"properties":{"id":"8808983633275","name":"율곡농협 하나로마트","address":"","phone":"055-933-3836","hours":"08:00 ~ 18:00","region":"경남","district":"합천군","facilities":["은행"],"source":"농협경제지주 공식 전국마트찾기","sourceUrl":"https://www.nhhanaro.co.kr/nahh_70005.do?id=nahh001_010100000000"}},{"type":"Feature","geometry":{"type":"Point","coordinates":[128.138415,35.759322]},"properties":{"id":"8808983633343","name":"합천가야농협 하나로마트 본점","address":"","phone":"055-932-7796","hours":"하절기 08:00 ~ 20:00 · 동절기 00:00 ~ 00:00","region":"경남","district":"합천군","facilities":[],"source":"농협경제지주 공식 전국마트찾기","sourceUrl":"https://www.nhhanaro.co.kr/nahh_70005.do?id=nahh001_010100000000"}},{"type":"Feature","geometry":{"type":"Point","coordinates":[128.108354,35.731564]},"properties":{"id":"8808983633367","name":"합천가야농협 하나로마트 숭산점","address":"","phone":"055-933-6952","hours":"08:00 ~ 18:00","region":"경남","district":"합천군","facilities":["은행"],"source":"농협경제지주 공식 전국마트찾기","sourceUrl":"https://www.nhhanaro.co.kr/nahh_70005.do?id=nahh001_010100000000"}},{"type":"Feature","geometry":{"type":"Point","coordinates":[128.169647,35.7057013]},"properties":{"id":"8808983633329","name":"합천가야농협 하나로마트 야로점","address":"","phone":"055-932-6612","hours":"하절기 08:00 ~ 19:00 · 동절기 08:00 ~ 18:00","region":"경남","district":"합천군","facilities":[],"source":"농협경제지주 공식 전국마트찾기","sourceUrl":"https://www.nhhanaro.co.kr/nahh_70005.do?id=nahh001_010100000000"}},{"type":"Feature","geometry":{"type":"Point","coordinates":[128.088092,35.792269]},"properties":{"id":"8808983633350","name":"합천가야농협 하나로마트 해인사점","address":"","phone":"055-932-7356","hours":"08:00 ~ 18:00","region":"경남","district":"합천군","facilities":["은행"],"source":"농협경제지주 공식 전국마트찾기","sourceUrl":"https://www.nhhanaro.co.kr/nahh_70005.do?id=nahh001_010100000000"}},{"type":"Feature","geometry":{"type":"Point","coordinates":[128.164089,35.568679]},"properties":{"id":"8808983633336","name":"합천농협 하나로마트","address":"","phone":"055-932-0830","hours":"하절기 08:30 ~ 21:00 · 동절기 00:00 ~ 00:00","region":"경남","district":"합천군","facilities":[],"source":"농협경제지주 공식 전국마트찾기","sourceUrl":"https://www.nhhanaro.co.kr/nahh_70005.do?id=nahh001_010100000000"}},{"type":"Feature","geometry":{"type":"Point","coordinates":[128.174038,35.516646]},"properties":{"id":"8808983633299","name":"합천농협 하나로마트 대양점","address":"","phone":"055-932-3706","hours":"09:00 ~ 18:00","region":"경남","district":"합천군","facilities":["은행"],"source":"농협경제지주 공식 전국마트찾기","sourceUrl":"https://www.nhhanaro.co.kr/nahh_70005.do?id=nahh001_010100000000"}},{"type":"Feature","geometry":{"type":"Point","coordinates":[128.095707,35.666732]},"properties":{"id":"8808983633268","name":"합천농협 하나로마트 묘산점","address":"","phone":"055-932-6006","hours":"08:30 ~ 18:00","region":"경남","district":"합천군","facilities":["은행"],"source":"농협경제지주 공식 전국마트찾기","sourceUrl":"https://www.nhhanaro.co.kr/nahh_70005.do?id=nahh001_010100000000"}},{"type":"Feature","geometry":{"type":"Point","coordinates":[128.035704,35.609527]},"properties":{"id":"8808983633206","name":"합천농협 하나로마트 봉산점","address":"","phone":"055-933-6006","hours":"09:00 ~ 18:00","region":"경남","district":"합천군","facilities":["은행"],"source":"농협경제지주 공식 전국마트찾기","sourceUrl":"https://www.nhhanaro.co.kr/nahh_70005.do?id=nahh001_010100000000"}},{"type":"Feature","geometry":{"type":"Point","coordinates":[128.264418,35.559361]},"properties":{"id":"8808983633176","name":"합천동부농협 하나로마트","address":"","phone":"055-932-1121","hours":"08:00 ~ 20:00","region":"경남","district":"합천군","facilities":[],"source":"농협경제지주 공식 전국마트찾기","sourceUrl":"https://www.nhhanaro.co.kr/nahh_70005.do?id=nahh001_010100000000"}},{"type":"Feature","geometry":{"type":"Point","coordinates":[128.358419,35.615399]},"properties":{"id":"8808983633190","name":"합천동부농협 하나로마트 덕곡점","address":"","phone":"055-933-5009","hours":"09:00 ~ 18:00","region":"경남","district":"합천군","facilities":["은행"],"source":"농협경제지주 공식 전국마트찾기","sourceUrl":"https://www.nhhanaro.co.kr/nahh_70005.do?id=nahh001_010100000000"}},{"type":"Feature","geometry":{"type":"Point","coordinates":[128.269625,35.608961]},"properties":{"id":"8808983633312","name":"합천동부농협 하나로마트 쌍책점","address":"","phone":"055-932-2509","hours":"08:00 ~ 18:00","region":"경남","district":"합천군","facilities":[],"source":"농협경제지주 공식 전국마트찾기","sourceUrl":"https://www.nhhanaro.co.kr/nahh_70005.do?id=nahh001_010100000000"}},{"type":"Feature","geometry":{"type":"Point","coordinates":[128.278554,35.54826]},"properties":{"id":"8808983633220","name":"합천동부농협 하나로마트 적중점","address":"","phone":"055-932-2040","hours":"09:00 ~ 18:00","region":"경남","district":"합천군","facilities":[],"source":"농협경제지주 공식 전국마트찾기","sourceUrl":"https://www.nhhanaro.co.kr/nahh_70005.do?id=nahh001_010100000000"}},{"type":"Feature","geometry":{"type":"Point","coordinates":[128.321329,35.56016]},"properties":{"id":"8808983633251","name":"합천동부농협 하나로마트 청덕점","address":"","phone":"055-932-8637","hours":"08:00 ~ 18:00","region":"경남","district":"합천군","facilities":["은행"],"source":"농협경제지주 공식 전국마트찾기","sourceUrl":"https://www.nhhanaro.co.kr/nahh_70005.do?id=nahh001_010100000000"}},{"type":"Feature","geometry":{"type":"Point","coordinates":[128.034547,35.433956]},"properties":{"id":"8808983633305","name":"합천새남부농협 하나로마트 가회점","address":"","phone":"055-932-9789","hours":"08:30 ~ 06:00","region":"경남","district":"합천군","facilities":[],"source":"농협경제지주 공식 전국마트찾기","sourceUrl":"https://www.nhhanaro.co.kr/nahh_70005.do?id=nahh001_010100000000"}},{"type":"Feature","geometry":{"type":"Point","coordinates":[128.122892,35.414257]},"properties":{"id":"8808983633244","name":"합천새남부농협 하나로마트 본점","address":"","phone":"055-932-4776","hours":"08:20 ~ 18:00","region":"경남","district":"합천군","facilities":["은행"],"source":"농협경제지주 공식 전국마트찾기","sourceUrl":"https://www.nhhanaro.co.kr/nahh_70005.do?id=nahh001_010100000000"}},{"type":"Feature","geometry":{"type":"Point","coordinates":[128.145997,35.440841]},"properties":{"id":"8808983633213","name":"합천새남부농협 하나로마트 쌍백점","address":"","phone":"055-932-3510","hours":"08:30 ~ 18:00","region":"경남","district":"합천군","facilities":[],"source":"농협경제지주 공식 전국마트찾기","sourceUrl":"https://www.nhhanaro.co.kr/nahh_70005.do?id=nahh001_010100000000"}},{"type":"Feature","geometry":{"type":"Point","coordinates":[128.162401,35.566163]},"properties":{"id":"8808983637068","name":"합천축협 하나로마트","address":"","phone":"055-933-0056","hours":"09:00 ~ 17:00","region":"경남","district":"합천군","facilities":["문화센터","은행","식자재"],"source":"농협경제지주 공식 전국마트찾기","sourceUrl":"https://www.nhhanaro.co.kr/nahh_70005.do?id=nahh001_010100000000"}},{"type":"Feature","geometry":{"type":"Point","coordinates":[128.1653244,35.5551405]},"properties":{"id":"8808983344126","name":"합천축협 하나로마트","address":"","phone":"055-933-0056","hours":"08:30 ~ 20:00","region":"경남","district":"합천군","facilities":[],"source":"농협경제지주 공식 전국마트찾기","sourceUrl":"https://www.nhhanaro.co.kr/nahh_70005.do?id=nahh001_010100000000"}},{"type":"Feature","geometry":{"type":"Point","coordinates":[128.113213,35.540263]},"properties":{"id":"8808983633237","name":"합천호농협 하나로마트","address":"","phone":"055-933-3505","hours":"08:30 ~ 18:30","region":"경남","district":"합천군","facilities":["은행"],"source":"농협경제지주 공식 전국마트찾기","sourceUrl":"https://www.nhhanaro.co.kr/nahh_70005.do?id=nahh001_010100000000"}},{"type":"Feature","geometry":{"type":"Point","coordinates":[128.013625,35.521467]},"properties":{"id":"8808983633183","name":"합천호농협 하나로마트 대병점","address":"","phone":"055-933-7037","hours":"08:30 ~ 18:30","region":"경남","district":"합천군","facilities":[],"source":"농협경제지주 공식 전국마트찾기","sourceUrl":"https://www.nhhanaro.co.kr/nahh_70005.do?id=nahh001_010100000000"}},{"type":"Feature","geometry":{"type":"Point","coordinates":[128.727579,35.766611]},"properties":{"id":"8808983641508","name":"경산농협 하나로마트 남천점","address":"","phone":"053-812-9881","hours":"09:00 ~ 17:30","region":"경북","district":"경산시","facilities":["은행"],"source":"농협경제지주 공식 전국마트찾기","sourceUrl":"https://www.nhhanaro.co.kr/nahh_70005.do?id=nahh001_010100000000"}},{"type":"Feature","geometry":{"type":"Point","coordinates":[128.720029,35.782953]},"properties":{"id":"8808983641478","name":"경산농협 하나로마트 대명점","address":"","phone":"053-812-9885","hours":"09:00 ~ 17:30","region":"경북","district":"경산시","facilities":["은행"],"source":"농협경제지주 공식 전국마트찾기","sourceUrl":"https://www.nhhanaro.co.kr/nahh_70005.do?id=nahh001_010100000000"}},{"type":"Feature","geometry":{"type":"Point","coordinates":[128.8361426,35.9472923]},"properties":{"id":"8808983641522","name":"와촌농협 하나로마트","address":"","phone":"053-852-4312","hours":"09:00 ~ 18:00","region":"경북","district":"경산시","facilities":[],"source":"농협경제지주 공식 전국마트찾기","sourceUrl":"https://www.nhhanaro.co.kr/nahh_70005.do?id=nahh001_010100000000"}},{"type":"Feature","geometry":{"type":"Point","coordinates":[128.875182,35.792658]},"properties":{"id":"8808983641560","name":"용성농협 하나로마트","address":"","phone":"053-852-6162","hours":"08:20 ~ 18:00","region":"경북","district":"경산시","facilities":[],"source":"농협경제지주 공식 전국마트찾기","sourceUrl":"https://www.nhhanaro.co.kr/nahh_70005.do?id=nahh001_010100000000"}},{"type":"Feature","geometry":{"type":"Point","coordinates":[128.835639,35.794301]},"properties":{"id":"8808983641577","name":"자인농협 하나로마트 남산점","address":"","phone":"053-852-5914","hours":"08:30 ~ 18:00","region":"경북","district":"경산시","facilities":[],"source":"농협경제지주 공식 전국마트찾기","sourceUrl":"https://www.nhhanaro.co.kr/nahh_70005.do?id=nahh001_010100000000"}},{"type":"Feature","geometry":{"type":"Point","coordinates":[128.804766,35.800135]},"properties":{"id":"8808983641584","name":"자인농협 하나로마트 하남점","address":"","phone":"053-852-5915","hours":"08:30 ~ 18:00","region":"경북","district":"경산시","facilities":[],"source":"농협경제지주 공식 전국마트찾기","sourceUrl":"https://www.nhhanaro.co.kr/nahh_70005.do?id=nahh001_010100000000"}},{"type":"Feature","geometry":{"type":"Point","coordinates":[128.8393914,35.8784021]},"properties":{"id":"8808983641539","name":"진량농협 하나로마트","address":"","phone":"053-859-5580","hours":"09:00 ~ 22:00","region":"경북","district":"경산시","facilities":["주유소","은행","식자재"],"source":"농협경제지주 공식 전국마트찾기","sourceUrl":"https://www.nhhanaro.co.kr/nahh_70005.do?id=nahh001_010100000000"}},{"type":"Feature","geometry":{"type":"Point","coordinates":[128.820496,35.913783]},"properties":{"id":"8808983641515","name":"하양농협 하나로마트","address":"","phone":"053-850-2217","hours":"하절기 08:30 ~ 19:00 · 동절기 00:00 ~ 00:00","region":"경북","district":"경산시","facilities":[],"source":"농협경제지주 공식 전국마트찾기","sourceUrl":"https://www.nhhanaro.co.kr/nahh_70005.do?id=nahh001_010100000000"}},{"type":"Feature","geometry":{"type":"Point","coordinates":[128.790097,35.883964]},"properties":{"id":"8808983303345","name":"하양농협 하나로마트 강남지점","address":"","phone":"053-853-6211","hours":"09:00 ~ 18:00","region":"경북","district":"경산시","facilities":["은행"],"source":"농협경제지주 공식 전국마트찾기","sourceUrl":"https://www.nhhanaro.co.kr/nahh_70005.do?id=nahh001_010100000000"}},{"type":"Feature","geometry":{"type":"Point","coordinates":[129.275338,35.990619]},"properties":{"id":"8808983641140","name":"강동농협 하나로마트","address":"","phone":"054-762-1931","hours":"08:30 ~ 19:00","region":"경북","district":"경주시","facilities":[],"source":"농협경제지주 공식 전국마트찾기","sourceUrl":"https://www.nhhanaro.co.kr/nahh_70005.do?id=nahh001_010100000000"}},{"type":"Feature","geometry":{"type":"Point","coordinates":[129.254175,35.996655]},"properties":{"id":"8808983321738","name":"강동농협 하나로마트 양동점","address":"","phone":"054-762-6803","hours":"09:00 ~ 18:30","region":"경북","district":"경주시","facilities":[],"source":"농협경제지주 공식 전국마트찾기","sourceUrl":"https://www.nhhanaro.co.kr/nahh_70005.do?id=nahh001_010100000000"}},{"type":"Feature","geometry":{"type":"Point","coordinates":[129.242835,36.057094]},"properties":{"id":"8808983641157","name":"경주강동농협 하나로마트 달성점","address":"","phone":"054-762-1600","hours":"08:40 ~ 18:00","region":"경북","district":"경주시","facilities":["은행"],"source":"농협경제지주 공식 전국마트찾기","sourceUrl":"https://www.nhhanaro.co.kr/nahh_70005.do?id=nahh001_010100000000"}},{"type":"Feature","geometry":{"type":"Point","coordinates":[129.267546,35.8956389]},"properties":{"id":"8808983328218","name":"경주농협 로컬푸드직매장 모아점","address":"","phone":"054-775-2566","hours":"하절기 09:00 ~ 21:00 · 동절기 00:00 ~ 00:00","region":"경북","district":"경주시","facilities":["은행"],"source":"농협경제지주 공식 전국마트찾기","sourceUrl":"https://www.nhhanaro.co.kr/nahh_70005.do?id=nahh001_010100000000"}},{"type":"Feature","geometry":{"type":"Point","coordinates":[129.22421,35.8796859]},"properties":{"id":"8808983332352","name":"경주농협 로컬푸드직매장 용황점","address":"","phone":"054-746-9002","hours":"09:00 ~ 21:00","region":"경북","district":"경주시","facilities":[],"source":"농협경제지주 공식 전국마트찾기","sourceUrl":"https://www.nhhanaro.co.kr/nahh_70005.do?id=nahh001_010100000000"}},{"type":"Feature","geometry":{"type":"Point","coordinates":[129.206391,35.839425]},"properties":{"id":"8808983641058","name":"경주농협 하나로마트 본점","address":"","phone":"054-777-8280","hours":"08:00 ~ 23:00","region":"경북","district":"경주시","facilities":["은행"],"source":"농협경제지주 공식 전국마트찾기","sourceUrl":"https://www.nhhanaro.co.kr/nahh_70005.do?id=nahh001_010100000000"}},{"type":"Feature","geometry":{"type":"Point","coordinates":[129.462713,35.677371]},"properties":{"id":"8808983641195","name":"경주월성농협 하나로마트","address":"","phone":"054-744-0970","hours":"하절기 08:30 ~ 22:00 · 동절기 00:00 ~ 00:00","region":"경북","district":"경주시","facilities":[],"source":"농협경제지주 공식 전국마트찾기","sourceUrl":"https://www.nhhanaro.co.kr/nahh_70005.do?id=nahh001_010100000000"}},{"type":"Feature","geometry":{"type":"Point","coordinates":[129.3265496,35.705808]},"properties":{"id":"8808983330334","name":"경주축산농협 하나로마트 외동점","address":"","phone":"054-741-1735","hours":"09:00 ~ 21:00","region":"경북","district":"경주시","facilities":[],"source":"농협경제지주 공식 전국마트찾기","sourceUrl":"https://www.nhhanaro.co.kr/nahh_70005.do?id=nahh001_010100000000"}},{"type":"Feature","geometry":{"type":"Point","coordinates":[129.198568,35.750465]},"properties":{"id":"8808983641096","name":"내남농협 하나로마트 본점","address":"","phone":"054-748-2739","hours":"08:30 ~ 20:00","region":"경북","district":"경주시","facilities":[],"source":"농협경제지주 공식 전국마트찾기","sourceUrl":"https://www.nhhanaro.co.kr/nahh_70005.do?id=nahh001_010100000000"}},{"type":"Feature","geometry":{"type":"Point","coordinates":[129.44185,35.792777]},"properties":{"id":"8808983641171","name":"동경주농협 하나로마트","address":"","phone":"054-744-2011","hours":"하절기 08:30 ~ 18:00 · 동절기 00:00 ~ 00:00","region":"경북","district":"경주시","facilities":["은행"],"source":"농협경제지주 공식 전국마트찾기","sourceUrl":"https://www.nhhanaro.co.kr/nahh_70005.do?id=nahh001_010100000000"}},{"type":"Feature","geometry":{"type":"Point","coordinates":[129.502674,35.804271]},"properties":{"id":"8808983641164","name":"동경주농협 하나로마트 감포점","address":"","phone":"054-775-2361","hours":"08:30 ~ 18:00","region":"경북","district":"경주시","facilities":[],"source":"농협경제지주 공식 전국마트찾기","sourceUrl":"https://www.nhhanaro.co.kr/nahh_70005.do?id=nahh001_010100000000"}},{"type":"Feature","geometry":{"type":"Point","coordinates":[129.2989038,35.7753722]},"properties":{"id":"8808983641065","name":"불국사농협 하나로마트","address":"","phone":"054-745-7850","hours":"08:30 ~ 22:00","region":"경북","district":"경주시","facilities":["은행"],"source":"농협경제지주 공식 전국마트찾기","sourceUrl":"https://www.nhhanaro.co.kr/nahh_70005.do?id=nahh001_010100000000"}},{"type":"Feature","geometry":{"type":"Point","coordinates":[129.045978,35.756468]},"properties":{"id":"8808983641225","name":"산내농협 하나로마트","address":"","phone":"054-751-5027","hours":"08:00 ~ 20:00","region":"경북","district":"경주시","facilities":[],"source":"농협경제지주 공식 전국마트찾기","sourceUrl":"https://www.nhhanaro.co.kr/nahh_70005.do?id=nahh001_010100000000"}},{"type":"Feature","geometry":{"type":"Point","coordinates":[129.102716,35.849515]},"properties":{"id":"8808983641201","name":"신경주농협 하나로마트","address":"","phone":"054-751-0124","hours":"하절기 08:30 ~ 22:00 · 동절기 00:00 ~ 00:00","region":"경북","district":"경주시","facilities":["은행"],"source":"농협경제지주 공식 전국마트찾기","sourceUrl":"https://www.nhhanaro.co.kr/nahh_70005.do?id=nahh001_010100000000"}},{"type":"Feature","geometry":{"type":"Point","coordinates":[129.1396,35.8048]},"properties":{"id":"8808983344881","name":"신경주농협 하나로마트 경주역점","address":"","phone":"054-773-6075","hours":"하절기 08:30 ~ 22:00 · 동절기 08:30 ~ 21:00","region":"경북","district":"경주시","facilities":["은행"],"source":"농협경제지주 공식 전국마트찾기","sourceUrl":"https://www.nhhanaro.co.kr/nahh_70005.do?id=nahh001_010100000000"}},{"type":"Feature","geometry":{"type":"Point","coordinates":[129.049857,35.893259]},"properties":{"id":"8808983641218","name":"신경주농협 하나로마트 서면점","address":"","phone":"054-751-7111","hours":"08:30 ~ 21:00","region":"경북","district":"경주시","facilities":[],"source":"농협경제지주 공식 전국마트찾기","sourceUrl":"https://www.nhhanaro.co.kr/nahh_70005.do?id=nahh001_010100000000"}},{"type":"Feature","geometry":{"type":"Point","coordinates":[129.225848,35.990865]},"properties":{"id":"8808983643540","name":"안강농협 하나로마트 중앙점","address":"","phone":"054-761-3386","hours":"하절기 08:30 ~ 23:00 · 동절기 00:00 ~ 00:00","region":"경북","district":"경주시","facilities":[],"source":"농협경제지주 공식 전국마트찾기","sourceUrl":"https://www.nhhanaro.co.kr/nahh_70005.do?id=nahh001_010100000000"}},{"type":"Feature","geometry":{"type":"Point","coordinates":[129.32553,35.715948]},"properties":{"id":"8808983641089","name":"외동농협 하나로마트 본점","address":"","phone":"054-776-6760","hours":"08:30 ~ 22:00","region":"경북","district":"경주시","facilities":[],"source":"농협경제지주 공식 전국마트찾기","sourceUrl":"https://www.nhhanaro.co.kr/nahh_70005.do?id=nahh001_010100000000"}},{"type":"Feature","geometry":{"type":"Point","coordinates":[129.267466,35.895621]},"properties":{"id":"8808983641126","name":"천북농협 하나로마트 본점","address":"","phone":"054-774-0506","hours":"08:30 ~ 20:00","region":"경북","district":"경주시","facilities":[],"source":"농협경제지주 공식 전국마트찾기","sourceUrl":"https://www.nhhanaro.co.kr/nahh_70005.do?id=nahh001_010100000000"}},{"type":"Feature","geometry":{"type":"Point","coordinates":[129.176964,35.886186]},"properties":{"id":"8808983641119","name":"현곡농협 하나로마트 본점","address":"","phone":"054-745-5900","hours":"08:30 ~ 18:00","region":"경북","district":"경주시","facilities":["은행"],"source":"농협경제지주 공식 전국마트찾기","sourceUrl":"https://www.nhhanaro.co.kr/nahh_70005.do?id=nahh001_010100000000"}},{"type":"Feature","geometry":{"type":"Point","coordinates":[128.289095,35.768104]},"properties":{"id":"8808983641713","name":"고령농협 하나로마트 운수점","address":"","phone":"054-955-5005","hours":"09:00 ~ 17:30","region":"경북","district":"고령군","facilities":["은행"],"source":"농협경제지주 공식 전국마트찾기","sourceUrl":"https://www.nhhanaro.co.kr/nahh_70005.do?id=nahh001_010100000000"}},{"type":"Feature","geometry":{"type":"Point","coordinates":[128.419327,35.821774]},"properties":{"id":"8808983641744","name":"다산농협 하나로마트","address":"","phone":"054-955-6080","hours":"08:00 ~ 19:00","region":"경북","district":"고령군","facilities":[],"source":"농협경제지주 공식 전국마트찾기","sourceUrl":"https://www.nhhanaro.co.kr/nahh_70005.do?id=nahh001_010100000000"}},{"type":"Feature","geometry":{"type":"Point","coordinates":[128.374134,35.751862]},"properties":{"id":"8808983641720","name":"동고령농협 하나로마트 본점","address":"","phone":"054-954-4028","hours":"08:00 ~ 18:00","region":"경북","district":"고령군","facilities":["은행"],"source":"농협경제지주 공식 전국마트찾기","sourceUrl":"https://www.nhhanaro.co.kr/nahh_70005.do?id=nahh001_010100000000"}},{"type":"Feature","geometry":{"type":"Point","coordinates":[128.383107,35.6379502]},"properties":{"id":"8808983333083","name":"동고령농협우곡지점 하나로마트","address":"","phone":"054-955-4866","hours":"08:30 ~ 18:00","region":"경북","district":"고령군","facilities":["은행"],"source":"농협경제지주 공식 전국마트찾기","sourceUrl":"https://www.nhhanaro.co.kr/nahh_70005.do?id=nahh001_010100000000"}},{"type":"Feature","geometry":{"type":"Point","coordinates":[128.245321,35.681518]},"properties":{"id":"8808983641782","name":"쌍림농협 하나로마트","address":"","phone":"054-955-8005","hours":"09:00 ~ 18:00","region":"경북","district":"고령군","facilities":["은행"],"source":"농협경제지주 공식 전국마트찾기","sourceUrl":"https://www.nhhanaro.co.kr/nahh_70005.do?id=nahh001_010100000000"}},{"type":"Feature","geometry":{"type":"Point","coordinates":[128.3280444,36.2098978]},"properties":{"id":"8808983642451","name":"고아농협 하나로마트","address":"","phone":"054-481-5971","hours":"09:00 ~ 18:00","region":"경북","district":"구미시","facilities":["은행"],"source":"농협경제지주 공식 전국마트찾기","sourceUrl":"https://www.nhhanaro.co.kr/nahh_70005.do?id=nahh001_010100000000"}},{"type":"Feature","geometry":{"type":"Point","coordinates":[128.3489101,36.1617458]},"properties":{"id":"8808983302133","name":"고아농협 하나로마트 문성점","address":"","phone":"054-443-3435","hours":"하절기 09:00 ~ 22:00 · 동절기 09:00 ~ 21:00","region":"경북","district":"구미시","facilities":["은행"],"source":"농협경제지주 공식 전국마트찾기","sourceUrl":"https://www.nhhanaro.co.kr/nahh_70005.do?id=nahh001_010100000000"}},{"type":"Feature","geometry":{"type":"Point","coordinates":[128.3292943,36.1521367]},"properties":{"id":"8808983642444","name":"고아농협 하나로마트 원호점","address":"","phone":"054-443-8989","hours":"하절기 09:00 ~ 22:00 · 동절기 09:00 ~ 21:00","region":"경북","district":"구미시","facilities":[],"source":"농협경제지주 공식 전국마트찾기","sourceUrl":"https://www.nhhanaro.co.kr/nahh_70005.do?id=nahh001_010100000000"}},{"type":"Feature","geometry":{"type":"Point","coordinates":[128.353709,36.122184]},"properties":{"id":"8808983642314","name":"구미농협 하나로마트","address":"","phone":"054-456-7911","hours":"하절기 09:00 ~ 22:00 · 동절기 00:00 ~ 00:00","region":"경북","district":"구미시","facilities":[],"source":"농협경제지주 공식 전국마트찾기","sourceUrl":"https://www.nhhanaro.co.kr/nahh_70005.do?id=nahh001_010100000000"}},{"type":"Feature","geometry":{"type":"Point","coordinates":[128.435405,36.168485]},"properties":{"id":"8808983642406","name":"구미산동농협 하나로마트 본점","address":"","phone":"054-473-8711","hours":"08:30 ~ 18:00","region":"경북","district":"구미시","facilities":["은행"],"source":"농협경제지주 공식 전국마트찾기","sourceUrl":"https://www.nhhanaro.co.kr/nahh_70005.do?id=nahh001_010100000000"}},{"type":"Feature","geometry":{"type":"Point","coordinates":[128.310398,36.1395445]},"properties":{"id":"8808983327365","name":"구미칠곡축협 하나로마트","address":"","phone":"054-442-1511","hours":"09:30 ~ 22:00","region":"경북","district":"구미시","facilities":["문화센터","은행"],"source":"농협경제지주 공식 전국마트찾기","sourceUrl":"https://www.nhhanaro.co.kr/nahh_70005.do?id=nahh001_010100000000"}},{"type":"Feature","geometry":{"type":"Point","coordinates":[128.331888,36.297996]},"properties":{"id":"8808983642376","name":"도개농협 하나로마트 본점","address":"","phone":"054-474-1061","hours":"08:00 ~ 18:00","region":"경북","district":"구미시","facilities":[],"source":"농협경제지주 공식 전국마트찾기","sourceUrl":"https://www.nhhanaro.co.kr/nahh_70005.do?id=nahh001_010100000000"}},{"type":"Feature","geometry":{"type":"Point","coordinates":[128.340329,36.290618]},"properties":{"id":"8808983301297","name":"도개농협 하나로마트 휴게소","address":"","phone":"054-476-8702","hours":"08:00 ~ 18:00","region":"경북","district":"구미시","facilities":[],"source":"농협경제지주 공식 전국마트찾기","sourceUrl":"https://www.nhhanaro.co.kr/nahh_70005.do?id=nahh001_010100000000"}},{"type":"Feature","geometry":{"type":"Point","coordinates":[128.495182,36.126426]},"properties":{"id":"8808983643441","name":"동구미농협 장천지점 하나로마트","address":"","phone":"054-471-7052","hours":"하절기 08:00 ~ 21:00 · 동절기 00:00 ~ 00:00","region":"경북","district":"구미시","facilities":[],"source":"농협경제지주 공식 전국마트찾기","sourceUrl":"https://www.nhhanaro.co.kr/nahh_70005.do?id=nahh001_010100000000"}},{"type":"Feature","geometry":{"type":"Point","coordinates":[128.433752,36.1637767]},"properties":{"id":"8808983333489","name":"동구미농협 하나로마트&로컬푸드","address":"","phone":"054-471-4577","hours":"00:00 ~ 00:00","region":"경북","district":"구미시","facilities":[],"source":"농협경제지주 공식 전국마트찾기","sourceUrl":"https://www.nhhanaro.co.kr/nahh_70005.do?id=nahh001_010100000000"}},{"type":"Feature","geometry":{"type":"Point","coordinates":[128.302809,36.2393534]},"properties":{"id":"8808983642338","name":"선산농협 하나로마트","address":"","phone":"054-481-0725","hours":"08:30 ~ 21:00","region":"경북","district":"구미시","facilities":["식자재"],"source":"농협경제지주 공식 전국마트찾기","sourceUrl":"https://www.nhhanaro.co.kr/nahh_70005.do?id=nahh001_010100000000"}},{"type":"Feature","geometry":{"type":"Point","coordinates":[128.278104,36.295817]},"properties":{"id":"8808983642369","name":"선산농협 하나로마트 옥성점","address":"","phone":"054-481-0014","hours":"08:30 ~ 17:30","region":"경북","district":"구미시","facilities":["주유소","은행"],"source":"농협경제지주 공식 전국마트찾기","sourceUrl":"https://www.nhhanaro.co.kr/nahh_70005.do?id=nahh001_010100000000"}},{"type":"Feature","geometry":{"type":"Point","coordinates":[128.427238,36.097249]},"properties":{"id":"8808983642468","name":"인동농협 하나로마트 인동점","address":"","phone":"054-473-3355","hours":"09:00 ~ 22:00","region":"경북","district":"구미시","facilities":["은행"],"source":"농협경제지주 공식 전국마트찾기","sourceUrl":"https://www.nhhanaro.co.kr/nahh_70005.do?id=nahh001_010100000000"}},{"type":"Feature","geometry":{"type":"Point","coordinates":[128.196208,36.261415]},"properties":{"id":"8808983642352","name":"하나로마트 무을농협 본점","address":"","phone":"054-481-9200","hours":"08:30 ~ 18:30","region":"경북","district":"구미시","facilities":["주유소"],"source":"농협경제지주 공식 전국마트찾기","sourceUrl":"https://www.nhhanaro.co.kr/nahh_70005.do?id=nahh001_010100000000"}},{"type":"Feature","geometry":{"type":"Point","coordinates":[128.39283,36.194751]},"properties":{"id":"8808983642383","name":"해평농협 하나로마트 본점","address":"","phone":"054-474-4205","hours":"08:00 ~ 21:00","region":"경북","district":"구미시","facilities":["은행"],"source":"농협경제지주 공식 전국마트찾기","sourceUrl":"https://www.nhhanaro.co.kr/nahh_70005.do?id=nahh001_010100000000"}},{"type":"Feature","geometry":{"type":"Point","coordinates":[128.229412,36.191345]},"properties":{"id":"8808983642178","name":"감문농협 하나로마트 배시내점","address":"","phone":"054-430-5591","hours":"07:30 ~ 19:00","region":"경북","district":"김천시","facilities":["은행"],"source":"농협경제지주 공식 전국마트찾기","sourceUrl":"https://www.nhhanaro.co.kr/nahh_70005.do?id=nahh001_010100000000"}},{"type":"Feature","geometry":{"type":"Point","coordinates":[128.18865,36.214552]},"properties":{"id":"8808983642192","name":"감문농협 하나로마트 본점","address":"","phone":"054-430-5009","hours":"08:00 ~ 19:00","region":"경북","district":"김천시","facilities":[],"source":"농협경제지주 공식 전국마트찾기","sourceUrl":"https://www.nhhanaro.co.kr/nahh_70005.do?id=nahh001_010100000000"}},{"type":"Feature","geometry":{"type":"Point","coordinates":[128.117678,36.123568]},"properties":{"id":"8808983642086","name":"김천농협 하나로마트","address":"","phone":"054-420-2200","hours":"하절기 09:00 ~ 22:00 · 동절기 00:00 ~ 00:00","region":"경북","district":"김천시","facilities":[],"source":"농협경제지주 공식 전국마트찾기","sourceUrl":"https://www.nhhanaro.co.kr/nahh_70005.do?id=nahh001_010100000000"}},{"type":"Feature","geometry":{"type":"Point","coordinates":[128.117678,36.123568]},"properties":{"id":"8808983322285","name":"김천농협 하나로마트 식자재매장","address":"","phone":"054-420-2200","hours":"08:30 ~ 17:00","region":"경북","district":"김천시","facilities":[],"source":"농협경제지주 공식 전국마트찾기","sourceUrl":"https://www.nhhanaro.co.kr/nahh_70005.do?id=nahh001_010100000000"}},{"type":"Feature","geometry":{"type":"Point","coordinates":[127.969149,35.917357]},"properties":{"id":"8808983642215","name":"김천대산농협 하나로마트 본점","address":"","phone":"054-435-1014","hours":"08:30 ~ 18:00","region":"경북","district":"김천시","facilities":[],"source":"농협경제지주 공식 전국마트찾기","sourceUrl":"https://www.nhhanaro.co.kr/nahh_70005.do?id=nahh001_010100000000"}},{"type":"Feature","geometry":{"type":"Point","coordinates":[127.95914,35.989487]},"properties":{"id":"8808983642253","name":"김천대산농협 하나로마트 부항점","address":"","phone":"054-437-2049","hours":"09:00 ~ 18:00","region":"경북","district":"김천시","facilities":["은행"],"source":"농협경제지주 공식 전국마트찾기","sourceUrl":"https://www.nhhanaro.co.kr/nahh_70005.do?id=nahh001_010100000000"}},{"type":"Feature","geometry":{"type":"Point","coordinates":[128.036821,35.901429]},"properties":{"id":"8808983642208","name":"김천대산농협 하나로마트 증산점","address":"","phone":"054-437-0016","hours":"08:00 ~ 18:00","region":"경북","district":"김천시","facilities":["은행"],"source":"농협경제지주 공식 전국마트찾기","sourceUrl":"https://www.nhhanaro.co.kr/nahh_70005.do?id=nahh001_010100000000"}},{"type":"Feature","geometry":{"type":"Point","coordinates":[128.027311,35.985273]},"properties":{"id":"8808983642246","name":"김천대산농협 하나로마트 지례점","address":"","phone":"054-434-1791","hours":"08:30 ~ 18:30","region":"경북","district":"김천시","facilities":["은행"],"source":"농협경제지주 공식 전국마트찾기","sourceUrl":"https://www.nhhanaro.co.kr/nahh_70005.do?id=nahh001_010100000000"}},{"type":"Feature","geometry":{"type":"Point","coordinates":[128.118494,36.1274048]},"properties":{"id":"8808983647531","name":"김천축산농협 축산물판매장","address":"","phone":"054-420-0071","hours":"09:00 ~ 21:00","region":"경북","district":"김천시","facilities":["은행"],"source":"농협경제지주 공식 전국마트찾기","sourceUrl":"https://www.nhhanaro.co.kr/nahh_70005.do?id=nahh001_010100000000"}},{"type":"Feature","geometry":{"type":"Point","coordinates":[128.152502,36.116454]},"properties":{"id":"8808983307404","name":"김천축협 하나로마트 덕곡점","address":"","phone":"054-433-3401","hours":"09:00 ~ 22:00","region":"경북","district":"김천시","facilities":["은행"],"source":"농협경제지주 공식 전국마트찾기","sourceUrl":"https://www.nhhanaro.co.kr/nahh_70005.do?id=nahh001_010100000000"}},{"type":"Feature","geometry":{"type":"Point","coordinates":[128.188639,36.107633]},"properties":{"id":"8808983642222","name":"김천혁신농협 하나로마트 남면지점","address":"","phone":"054-432-3009","hours":"08:00 ~ 18:00","region":"경북","district":"김천시","facilities":["은행"],"source":"농협경제지주 공식 전국마트찾기","sourceUrl":"https://www.nhhanaro.co.kr/nahh_70005.do?id=nahh001_010100000000"}},{"type":"Feature","geometry":{"type":"Point","coordinates":[128.176066,36.1192219]},"properties":{"id":"8808983329482","name":"김천혁신농협 하나로마트 본점","address":"","phone":"054-439-7575","hours":"09:00 ~ 22:00","region":"경북","district":"김천시","facilities":["은행"],"source":"농협경제지주 공식 전국마트찾기","sourceUrl":"https://www.nhhanaro.co.kr/nahh_70005.do?id=nahh001_010100000000"}},{"type":"Feature","geometry":{"type":"Point","coordinates":[128.045792,36.031702]},"properties":{"id":"8808983642079","name":"남김천농협 하나로마트","address":"","phone":"054-435-2224","hours":"하절기 08:00 ~ 18:30 · 동절기 00:00 ~ 00:00","region":"경북","district":"김천시","facilities":[],"source":"농협경제지주 공식 전국마트찾기","sourceUrl":"https://www.nhhanaro.co.kr/nahh_70005.do?id=nahh001_010100000000"}},{"type":"Feature","geometry":{"type":"Point","coordinates":[128.172498,36.106503]},"properties":{"id":"8808983642093","name":"남김천농협하나로마트 농소점","address":"","phone":"054-431-6015","hours":"하절기 07:30 ~ 18:00 · 동절기 00:00 ~ 00:00","region":"경북","district":"김천시","facilities":["은행"],"source":"농협경제지주 공식 전국마트찾기","sourceUrl":"https://www.nhhanaro.co.kr/nahh_70005.do?id=nahh001_010100000000"}},{"type":"Feature","geometry":{"type":"Point","coordinates":[128.191466,36.165112]},"properties":{"id":"8808983642239","name":"새김천농협 하나로마트 개령점","address":"","phone":"054-436-5009","hours":"07:00 ~ 20:00","region":"경북","district":"김천시","facilities":[],"source":"농협경제지주 공식 전국마트찾기","sourceUrl":"https://www.nhhanaro.co.kr/nahh_70005.do?id=nahh001_010100000000"}},{"type":"Feature","geometry":{"type":"Point","coordinates":[128.119053,36.181096]},"properties":{"id":"8808983642154","name":"새김천농협 하나로마트 본점","address":"","phone":"054-430-3017","hours":"07:00 ~ 20:00","region":"경북","district":"김천시","facilities":[],"source":"농협경제지주 공식 전국마트찾기","sourceUrl":"https://www.nhhanaro.co.kr/nahh_70005.do?id=nahh001_010100000000"}},{"type":"Feature","geometry":{"type":"Point","coordinates":[128.196305,36.153208]},"properties":{"id":"8808983643557","name":"아포농협 하나로마트 대신점","address":"","phone":"054-420-8880","hours":"09:00 ~ 18:00","region":"경북","district":"김천시","facilities":[],"source":"농협경제지주 공식 전국마트찾기","sourceUrl":"https://www.nhhanaro.co.kr/nahh_70005.do?id=nahh001_010100000000"}},{"type":"Feature","geometry":{"type":"Point","coordinates":[128.252682,36.159844]},"properties":{"id":"8808983642116","name":"아포농협 하나로마트 본점","address":"","phone":"054-420-8870","hours":"07:30 ~ 20:00","region":"경북","district":"김천시","facilities":["주유소","은행"],"source":"농협경제지주 공식 전국마트찾기","sourceUrl":"https://www.nhhanaro.co.kr/nahh_70005.do?id=nahh001_010100000000"}},{"type":"Feature","geometry":{"type":"Point","coordinates":[128.2547,36.1831567]},"properties":{"id":"8808983643427","name":"아포농협 하나로마트 삼화점","address":"","phone":"054-420-8890","hours":"09:00 ~ 18:00","region":"경북","district":"김천시","facilities":[],"source":"농협경제지주 공식 전국마트찾기","sourceUrl":"https://www.nhhanaro.co.kr/nahh_70005.do?id=nahh001_010100000000"}},{"type":"Feature","geometry":{"type":"Point","coordinates":[128.099714,36.03605]},"properties":{"id":"8808983642109","name":"조마농협 하나로마트 본점","address":"","phone":"054-437-7009","hours":"08:00 ~ 19:30","region":"경북","district":"김천시","facilities":[],"source":"농협경제지주 공식 전국마트찾기","sourceUrl":"https://www.nhhanaro.co.kr/nahh_70005.do?id=nahh001_010100000000"}},{"type":"Feature","geometry":{"type":"Point","coordinates":[128.041537,36.128197]},"properties":{"id":"8808983642147","name":"직지농협 하나로마트 대룡점","address":"","phone":"054-436-7257","hours":"08:00 ~ 18:00","region":"경북","district":"김천시","facilities":["은행"],"source":"농협경제지주 공식 전국마트찾기","sourceUrl":"https://www.nhhanaro.co.kr/nahh_70005.do?id=nahh001_010100000000"}},{"type":"Feature","geometry":{"type":"Point","coordinates":[128.022305,36.123489]},"properties":{"id":"8808983642161","name":"직지농협 하나로마트 대항점","address":"","phone":"054-436-7254","hours":"08:00 ~ 18:00","region":"경북","district":"김천시","facilities":["은행"],"source":"농협경제지주 공식 전국마트찾기","sourceUrl":"https://www.nhhanaro.co.kr/nahh_70005.do?id=nahh001_010100000000"}},{"type":"Feature","geometry":{"type":"Point","coordinates":[128.03544,36.133751]},"properties":{"id":"8808983642130","name":"직지농협 하나로마트 본점","address":"","phone":"054-436-4848","hours":"08:00 ~ 18:00","region":"경북","district":"김천시","facilities":[],"source":"농협경제지주 공식 전국마트찾기","sourceUrl":"https://www.nhhanaro.co.kr/nahh_70005.do?id=nahh001_010100000000"}},{"type":"Feature","geometry":{"type":"Point","coordinates":[128.062369,36.143195]},"properties":{"id":"8808983642123","name":"직지농협 하나로마트 봉계점","address":"","phone":"054-430-6250","hours":"08:00 ~ 18:00","region":"경북","district":"김천시","facilities":["은행"],"source":"농협경제지주 공식 전국마트찾기","sourceUrl":"https://www.nhhanaro.co.kr/nahh_70005.do?id=nahh001_010100000000"}},{"type":"Feature","geometry":{"type":"Point","coordinates":[128.316156,36.769921]},"properties":{"id":"8808983642772","name":"동문경농협 동로하나로마트","address":"","phone":"054-550-3460","hours":"08:30 ~ 18:00","region":"경북","district":"문경시","facilities":["주유소","은행"],"source":"농협경제지주 공식 전국마트찾기","sourceUrl":"https://www.nhhanaro.co.kr/nahh_70005.do?id=nahh001_010100000000"}},{"type":"Feature","geometry":{"type":"Point","coordinates":[128.108276,36.731621]},"properties":{"id":"8808983642796","name":"문경농협 하나로마트","address":"","phone":"054-572-3642","hours":"08:00 ~ 22:00","region":"경북","district":"문경시","facilities":[],"source":"농협경제지주 공식 전국마트찾기","sourceUrl":"https://www.nhhanaro.co.kr/nahh_70005.do?id=nahh001_010100000000"}},{"type":"Feature","geometry":{"type":"Point","coordinates":[128.258318,36.611593]},"properties":{"id":"8808983642758","name":"문경산동농협 하나로마트 본점","address":"","phone":"054-552-3790","hours":"08:30 ~ 18:00","region":"경북","district":"문경시","facilities":[],"source":"농협경제지주 공식 전국마트찾기","sourceUrl":"https://www.nhhanaro.co.kr/nahh_70005.do?id=nahh001_010100000000"}},{"type":"Feature","geometry":{"type":"Point","coordinates":[128.257877,36.653635]},"properties":{"id":"8808983642765","name":"문경산동농협 하나로마트 산북점","address":"","phone":"054-553-7186","hours":"08:00 ~ 19:00","region":"경북","district":"문경시","facilities":[],"source":"농협경제지주 공식 전국마트찾기","sourceUrl":"https://www.nhhanaro.co.kr/nahh_70005.do?id=nahh001_010100000000"}},{"type":"Feature","geometry":{"type":"Point","coordinates":[128.062615,36.645967]},"properties":{"id":"8808983642819","name":"서문경농협 하나로마트 가은점","address":"","phone":"054-571-9311","hours":"07:30 ~ 21:00","region":"경북","district":"문경시","facilities":[],"source":"농협경제지주 공식 전국마트찾기","sourceUrl":"https://www.nhhanaro.co.kr/nahh_70005.do?id=nahh001_010100000000"}},{"type":"Feature","geometry":{"type":"Point","coordinates":[127.993404,36.585449]},"properties":{"id":"8808983642826","name":"서문경농협 하나로마트 농암점","address":"","phone":"054-571-7884","hours":"07:00 ~ 20:00","region":"경북","district":"문경시","facilities":[],"source":"농협경제지주 공식 전국마트찾기","sourceUrl":"https://www.nhhanaro.co.kr/nahh_70005.do?id=nahh001_010100000000"}},{"type":"Feature","geometry":{"type":"Point","coordinates":[128.121663,36.6941]},"properties":{"id":"8808983642802","name":"서문경농협 하나로마트 본점","address":"","phone":"054-572-2458","hours":"08:00 ~ 18:30","region":"경북","district":"문경시","facilities":[],"source":"농협경제지주 공식 전국마트찾기","sourceUrl":"https://www.nhhanaro.co.kr/nahh_70005.do?id=nahh001_010100000000"}},{"type":"Feature","geometry":{"type":"Point","coordinates":[128.287629,36.557452]},"properties":{"id":"8808983642734","name":"영순농협 하나로마트","address":"","phone":"054-552-6009","hours":"08:00 ~ 18:00","region":"경북","district":"문경시","facilities":[],"source":"농협경제지주 공식 전국마트찾기","sourceUrl":"https://www.nhhanaro.co.kr/nahh_70005.do?id=nahh001_010100000000"}},{"type":"Feature","geometry":{"type":"Point","coordinates":[128.204936,36.602143]},"properties":{"id":"8808983324364","name":"점촌농협 하나로마트","address":"","phone":"054-552-4199","hours":"09:00 ~ 22:00","region":"경북","district":"문경시","facilities":[],"source":"농협경제지주 공식 전국마트찾기","sourceUrl":"https://www.nhhanaro.co.kr/nahh_70005.do?id=nahh001_010100000000"}},{"type":"Feature","geometry":{"type":"Point","coordinates":[128.1879347,36.585506]},"properties":{"id":"8808983345963","name":"점촌농협 하나로마트 모전점","address":"","phone":"054-553-4199","hours":"08:40 ~ 21:30","region":"경북","district":"문경시","facilities":["은행"],"source":"농협경제지주 공식 전국마트찾기","sourceUrl":"https://www.nhhanaro.co.kr/nahh_70005.do?id=nahh001_010100000000"}},{"type":"Feature","geometry":{"type":"Point","coordinates":[128.216218,36.627295]},"properties":{"id":"8808983642741","name":"점촌농협 하나로마트 호계점","address":"","phone":"054-552-4804","hours":"09:00 ~ 18:00","region":"경북","district":"문경시","facilities":[],"source":"농협경제지주 공식 전국마트찾기","sourceUrl":"https://www.nhhanaro.co.kr/nahh_70005.do?id=nahh001_010100000000"}},{"type":"Feature","geometry":{"type":"Point","coordinates":[128.735666,36.976622]},"properties":{"id":"8808983643090","name":"물야농협 하나로마트 본점","address":"","phone":"054-672-2181","hours":"08:00 ~ 19:00","region":"경북","district":"봉화군","facilities":[],"source":"농협경제지주 공식 전국마트찾기","sourceUrl":"https://www.nhhanaro.co.kr/nahh_70005.do?id=nahh001_010100000000"}},{"type":"Feature","geometry":{"type":"Point","coordinates":[128.736915,36.890545]},"properties":{"id":"8808983643083","name":"봉화농협 하나로마트","address":"","phone":"054-673-5704","hours":"08:30 ~ 19:00","region":"경북","district":"봉화군","facilities":["은행"],"source":"농협경제지주 공식 전국마트찾기","sourceUrl":"https://www.nhhanaro.co.kr/nahh_70005.do?id=nahh001_010100000000"}},{"type":"Feature","geometry":{"type":"Point","coordinates":[128.755556,36.834223]},"properties":{"id":"8808983643106","name":"봉화농협 하나로마트 상운점","address":"","phone":"054-672-5009","hours":"08:00 ~ 18:00","region":"경북","district":"봉화군","facilities":[],"source":"농협경제지주 공식 전국마트찾기","sourceUrl":"https://www.nhhanaro.co.kr/nahh_70005.do?id=nahh001_010100000000"}},{"type":"Feature","geometry":{"type":"Point","coordinates":[128.962219,36.814797]},"properties":{"id":"8808983643137","name":"봉화농협 하나로마트 재산점","address":"","phone":"054-672-8381","hours":"08:00 ~ 18:00","region":"경북","district":"봉화군","facilities":[],"source":"농협경제지주 공식 전국마트찾기","sourceUrl":"https://www.nhhanaro.co.kr/nahh_70005.do?id=nahh001_010100000000"}},{"type":"Feature","geometry":{"type":"Point","coordinates":[128.9125298,36.9348959]},"properties":{"id":"8808983643151","name":"춘양농협 하나로마트","address":"","phone":"054-672-3393","hours":"08:30 ~ 19:00","region":"경북","district":"봉화군","facilities":[],"source":"농협경제지주 공식 전국마트찾기","sourceUrl":"https://www.nhhanaro.co.kr/nahh_70005.do?id=nahh001_010100000000"}},{"type":"Feature","geometry":{"type":"Point","coordinates":[128.876204,36.910533]},"properties":{"id":"8808983643144","name":"춘양농협 하나로마트 법전점","address":"","phone":"054-673-7045","hours":"08:00 ~ 19:00","region":"경북","district":"봉화군","facilities":[],"source":"농협경제지주 공식 전국마트찾기","sourceUrl":"https://www.nhhanaro.co.kr/nahh_70005.do?id=nahh001_010100000000"}},{"type":"Feature","geometry":{"type":"Point","coordinates":[129.0654,37.047994]},"properties":{"id":"8808983643175","name":"춘양농협 하나로마트 석포점","address":"","phone":"054-672-5781","hours":"08:20 ~ 19:00","region":"경북","district":"봉화군","facilities":[],"source":"농협경제지주 공식 전국마트찾기","sourceUrl":"https://www.nhhanaro.co.kr/nahh_70005.do?id=nahh001_010100000000"}},{"type":"Feature","geometry":{"type":"Point","coordinates":[129.003441,36.937354]},"properties":{"id":"8808983643168","name":"춘양농협 하나로마트 소천점","address":"","phone":"054-672-6354","hours":"08:00 ~ 18:00","region":"경북","district":"봉화군","facilities":[],"source":"농협경제지주 공식 전국마트찾기","sourceUrl":"https://www.nhhanaro.co.kr/nahh_70005.do?id=nahh001_010100000000"}},{"type":"Feature","geometry":{"type":"Point","coordinates":[128.158121,36.512579]},"properties":{"id":"8808983642680","name":"공검농협 하나로마트 본점","address":"","phone":"054-541-1720","hours":"08:00 ~ 19:00","region":"경북","district":"상주시","facilities":[],"source":"농협경제지주 공식 전국마트찾기","sourceUrl":"https://www.nhhanaro.co.kr/nahh_70005.do?id=nahh001_010100000000"}},{"type":"Feature","geometry":{"type":"Point","coordinates":[128.093885,36.284378]},"properties":{"id":"8808983642604","name":"공성농협 하나로마트","address":"","phone":"054-532-3900","hours":"하절기 08:30 ~ 18:00 · 동절기 08:30 ~ 17:30","region":"경북","district":"상주시","facilities":[],"source":"농협경제지주 공식 전국마트찾기","sourceUrl":"https://www.nhhanaro.co.kr/nahh_70005.do?id=nahh001_010100000000"}},{"type":"Feature","geometry":{"type":"Point","coordinates":[128.248786,36.375417]},"properties":{"id":"8808983642550","name":"낙동농협 하나로마트","address":"","phone":"054-532-5046","hours":"08:30 ~ 18:00","region":"경북","district":"상주시","facilities":["은행"],"source":"농협경제지주 공식 전국마트찾기","sourceUrl":"https://www.nhhanaro.co.kr/nahh_70005.do?id=nahh001_010100000000"}},{"type":"Feature","geometry":{"type":"Point","coordinates":[128.128605,36.338394]},"properties":{"id":"8808983642598","name":"남상주농협 하나로마트 본점","address":"","phone":"054-531-0825","hours":"08:00 ~ 21:00","region":"경북","district":"상주시","facilities":[],"source":"농협경제지주 공식 전국마트찾기","sourceUrl":"https://www.nhhanaro.co.kr/nahh_70005.do?id=nahh001_010100000000"}},{"type":"Feature","geometry":{"type":"Point","coordinates":[128.087989,36.35806]},"properties":{"id":"8808983642611","name":"남상주농협 하나로마트 외남점","address":"","phone":"054-532-9009","hours":"08:00 ~ 18:00","region":"경북","district":"상주시","facilities":[],"source":"농협경제지주 공식 전국마트찾기","sourceUrl":"https://www.nhhanaro.co.kr/nahh_70005.do?id=nahh001_010100000000"}},{"type":"Feature","geometry":{"type":"Point","coordinates":[127.961062,36.341756]},"properties":{"id":"8808983642635","name":"모서농협 하나로마트","address":"","phone":"054-533-2116","hours":"07:30 ~ 19:30","region":"경북","district":"상주시","facilities":[],"source":"농협경제지주 공식 전국마트찾기","sourceUrl":"https://www.nhhanaro.co.kr/nahh_70005.do?id=nahh001_010100000000"}},{"type":"Feature","geometry":{"type":"Point","coordinates":[128.210061,36.46768]},"properties":{"id":"8808983642536","name":"사벌농협 하나로마트","address":"","phone":"054-532-8193","hours":"하절기 08:00 ~ 18:30 · 동절기 00:00 ~ 00:00","region":"경북","district":"상주시","facilities":[],"source":"농협경제지주 공식 전국마트찾기","sourceUrl":"https://www.nhhanaro.co.kr/nahh_70005.do?id=nahh001_010100000000"}},{"type":"Feature","geometry":{"type":"Point","coordinates":[128.161357,36.409265]},"properties":{"id":"8808983302232","name":"상주농협 하나로마트","address":"","phone":"054-536-4074","hours":"하절기 09:00 ~ 22:00 · 동절기 00:00 ~ 00:00","region":"경북","district":"상주시","facilities":[],"source":"농협경제지주 공식 전국마트찾기","sourceUrl":"https://www.nhhanaro.co.kr/nahh_70005.do?id=nahh001_010100000000"}},{"type":"Feature","geometry":{"type":"Point","coordinates":[128.26962,36.42718]},"properties":{"id":"8808983642548","name":"상주농협 하나로마트 중동지점","address":"","phone":"054-534-8011","hours":"하절기 08:00 ~ 17:00 · 동절기 08:00 ~ 18:00","region":"경북","district":"상주시","facilities":["은행"],"source":"농협경제지주 공식 전국마트찾기","sourceUrl":"https://www.nhhanaro.co.kr/nahh_70005.do?id=nahh001_010100000000"}},{"type":"Feature","geometry":{"type":"Point","coordinates":[127.95976,36.318773]},"properties":{"id":"8808983642628","name":"서상주농협 하나로마트","address":"","phone":"054-533-4015","hours":"08:00 ~ 20:00","region":"경북","district":"상주시","facilities":[],"source":"농협경제지주 공식 전국마트찾기","sourceUrl":"https://www.nhhanaro.co.kr/nahh_70005.do?id=nahh001_010100000000"}},{"type":"Feature","geometry":{"type":"Point","coordinates":[127.955042,36.388682]},"properties":{"id":"8808983642642","name":"서상주농협 하나로마트 화동점","address":"","phone":"054-533-9800","hours":"08:30 ~ 18:00","region":"경북","district":"상주시","facilities":[],"source":"농협경제지주 공식 전국마트찾기","sourceUrl":"https://www.nhhanaro.co.kr/nahh_70005.do?id=nahh001_010100000000"}},{"type":"Feature","geometry":{"type":"Point","coordinates":[128.108647,36.478045]},"properties":{"id":"8808983642581","name":"외서농협 하나로마트","address":"","phone":"054-532-7005","hours":"08:30 ~ 18:00","region":"경북","district":"상주시","facilities":[],"source":"농협경제지주 공식 전국마트찾기","sourceUrl":"https://www.nhhanaro.co.kr/nahh_70005.do?id=nahh001_010100000000"}},{"type":"Feature","geometry":{"type":"Point","coordinates":[128.167432,36.46544]},"properties":{"id":"8808983321233","name":"외서농협 하나로마트 세천점","address":"","phone":"054-532-1543","hours":"08:00 ~ 19:00","region":"경북","district":"상주시","facilities":["은행"],"source":"농협경제지주 공식 전국마트찾기","sourceUrl":"https://www.nhhanaro.co.kr/nahh_70005.do?id=nahh001_010100000000"}},{"type":"Feature","geometry":{"type":"Point","coordinates":[128.071771,36.533282]},"properties":{"id":"8808983642673","name":"은척농협 하나로마트","address":"","phone":"054-541-3406","hours":"08:00 ~ 19:00","region":"경북","district":"상주시","facilities":["은행"],"source":"농협경제지주 공식 전국마트찾기","sourceUrl":"https://www.nhhanaro.co.kr/nahh_70005.do?id=nahh001_010100000000"}},{"type":"Feature","geometry":{"type":"Point","coordinates":[127.951619,36.444225]},"properties":{"id":"8808983642659","name":"중화농협 하나로마트","address":"","phone":"054-534-3002","hours":"08:00 ~ 19:00","region":"경북","district":"상주시","facilities":[],"source":"농협경제지주 공식 전국마트찾기","sourceUrl":"https://www.nhhanaro.co.kr/nahh_70005.do?id=nahh001_010100000000"}},{"type":"Feature","geometry":{"type":"Point","coordinates":[127.918041,36.5628]},"properties":{"id":"8808983642666","name":"중화농협 하나로마트 화북점","address":"","phone":"054-533-8684","hours":"08:20 ~ 18:00","region":"경북","district":"상주시","facilities":[],"source":"농협경제지주 공식 전국마트찾기","sourceUrl":"https://www.nhhanaro.co.kr/nahh_70005.do?id=nahh001_010100000000"}},{"type":"Feature","geometry":{"type":"Point","coordinates":[128.177641,36.5686177]},"properties":{"id":"8808983642697","name":"함창농협 하나로마트","address":"","phone":"054-541-7002","hours":"08:00 ~ 21:00","region":"경북","district":"상주시","facilities":["은행","식자재"],"source":"농협경제지주 공식 전국마트찾기","sourceUrl":"https://www.nhhanaro.co.kr/nahh_70005.do?id=nahh001_010100000000"}},{"type":"Feature","geometry":{"type":"Point","coordinates":[128.148004,36.575759]},"properties":{"id":"8808983642703","name":"함창농협 하나로마트 이안점","address":"","phone":"054-541-5310","hours":"08:20 ~ 18:00","region":"경북","district":"상주시","facilities":["은행"],"source":"농협경제지주 공식 전국마트찾기","sourceUrl":"https://www.nhhanaro.co.kr/nahh_70005.do?id=nahh001_010100000000"}},{"type":"Feature","geometry":{"type":"Point","coordinates":[128.230524,35.909911]},"properties":{"id":"8808983641881","name":"대가농협 하나로마트","address":"","phone":"054-932-6195","hours":"08:00 ~ 19:30","region":"경북","district":"성주군","facilities":[],"source":"농협경제지주 공식 전국마트찾기","sourceUrl":"https://www.nhhanaro.co.kr/nahh_70005.do?id=nahh001_010100000000"}},{"type":"Feature","geometry":{"type":"Point","coordinates":[128.216348,35.948469]},"properties":{"id":"8808983641805","name":"벽진농협 하나로마트","address":"","phone":"054-932-7194","hours":"08:30 ~ 19:30","region":"경북","district":"성주군","facilities":[],"source":"농협경제지주 공식 전국마트찾기","sourceUrl":"https://www.nhhanaro.co.kr/nahh_70005.do?id=nahh001_010100000000"}},{"type":"Feature","geometry":{"type":"Point","coordinates":[128.170854,35.880484]},"properties":{"id":"8808983641911","name":"서부농협 파머스마켓","address":"","phone":"054-932-4195","hours":"08:00 ~ 22:00","region":"경북","district":"성주군","facilities":[],"source":"농협경제지주 공식 전국마트찾기","sourceUrl":"https://www.nhhanaro.co.kr/nahh_70005.do?id=nahh001_010100000000"}},{"type":"Feature","geometry":{"type":"Point","coordinates":[128.351034,35.902553]},"properties":{"id":"8808983641843","name":"선남농협 하나로마트","address":"","phone":"054-932-1191","hours":"08:30 ~ 20:00","region":"경북","district":"성주군","facilities":[],"source":"농협경제지주 공식 전국마트찾기","sourceUrl":"https://www.nhhanaro.co.kr/nahh_70005.do?id=nahh001_010100000000"}},{"type":"Feature","geometry":{"type":"Point","coordinates":[128.386953,35.900911]},"properties":{"id":"8808983641850","name":"선남농협 하나로마트 도흥점","address":"","phone":"054-932-0691","hours":"08:30 ~ 19:00","region":"경북","district":"성주군","facilities":["은행"],"source":"농협경제지주 공식 전국마트찾기","sourceUrl":"https://www.nhhanaro.co.kr/nahh_70005.do?id=nahh001_010100000000"}},{"type":"Feature","geometry":{"type":"Point","coordinates":[128.28838,35.9201705]},"properties":{"id":"8808983641836","name":"성주농협 하나로마트","address":"","phone":"054-933-1172","hours":"하절기 08:30 ~ 21:00 · 동절기 00:00 ~ 00:00","region":"경북","district":"성주군","facilities":[],"source":"농협경제지주 공식 전국마트찾기","sourceUrl":"https://www.nhhanaro.co.kr/nahh_70005.do?id=nahh001_010100000000"}},{"type":"Feature","geometry":{"type":"Point","coordinates":[128.193469,35.829966]},"properties":{"id":"8808983641867","name":"수륜농협 하나로마트","address":"","phone":"054-931-3194","hours":"08:00 ~ 20:00","region":"경북","district":"성주군","facilities":[],"source":"농협경제지주 공식 전국마트찾기","sourceUrl":"https://www.nhhanaro.co.kr/nahh_70005.do?id=nahh001_010100000000"}},{"type":"Feature","geometry":{"type":"Point","coordinates":[128.337161,35.836444]},"properties":{"id":"8808983641812","name":"용암농협 하나로마트","address":"","phone":"054-932-2195","hours":"08:30 ~ 21:00","region":"경북","district":"성주군","facilities":[],"source":"농협경제지주 공식 전국마트찾기","sourceUrl":"https://www.nhhanaro.co.kr/nahh_70005.do?id=nahh001_010100000000"}},{"type":"Feature","geometry":{"type":"Point","coordinates":[128.364815,35.870912]},"properties":{"id":"8808983641829","name":"용암농협 하나로마트 문명점","address":"","phone":"054-931-4812","hours":"08:30 ~ 18:30","region":"경북","district":"성주군","facilities":["은행"],"source":"농협경제지주 공식 전국마트찾기","sourceUrl":"https://www.nhhanaro.co.kr/nahh_70005.do?id=nahh001_010100000000"}},{"type":"Feature","geometry":{"type":"Point","coordinates":[128.317623,35.947054]},"properties":{"id":"8808983641898","name":"월항농협 하나로마트","address":"","phone":"054-932-9191","hours":"08:30 ~ 19:00","region":"경북","district":"성주군","facilities":[],"source":"농협경제지주 공식 전국마트찾기","sourceUrl":"https://www.nhhanaro.co.kr/nahh_70005.do?id=nahh001_010100000000"}},{"type":"Feature","geometry":{"type":"Point","coordinates":[128.291653,35.992528]},"properties":{"id":"8808983641904","name":"월항농협 하나로마트 장산점","address":"","phone":"054-933-8493","hours":"09:00 ~ 18:00","region":"경북","district":"성주군","facilities":["은행"],"source":"농협경제지주 공식 전국마트찾기","sourceUrl":"https://www.nhhanaro.co.kr/nahh_70005.do?id=nahh001_010100000000"}},{"type":"Feature","geometry":{"type":"Point","coordinates":[128.263855,35.9712838]},"properties":{"id":"8808983641799","name":"초전농협 하나로마트","address":"","phone":"054-932-8194","hours":"하절기 08:30 ~ 21:00 · 동절기 00:00 ~ 00:00","region":"경북","district":"성주군","facilities":[],"source":"농협경제지주 공식 전국마트찾기","sourceUrl":"https://www.nhhanaro.co.kr/nahh_70005.do?id=nahh001_010100000000"}},{"type":"Feature","geometry":{"type":"Point","coordinates":[128.658518,36.474718]},"properties":{"id":"8808983640341","name":"남안동농협 하나로마트","address":"","phone":"054-858-5144","hours":"08:00 ~ 06:00","region":"경북","district":"안동시","facilities":["은행"],"source":"농협경제지주 공식 전국마트찾기","sourceUrl":"https://www.nhhanaro.co.kr/nahh_70005.do?id=nahh001_010100000000"}},{"type":"Feature","geometry":{"type":"Point","coordinates":[128.690453,36.52232]},"properties":{"id":"8808983640358","name":"남안동농협 하나로마트 남후점","address":"","phone":"054-859-6034","hours":"08:20 ~ 18:30","region":"경북","district":"안동시","facilities":["은행"],"source":"농협경제지주 공식 전국마트찾기","sourceUrl":"https://www.nhhanaro.co.kr/nahh_70005.do?id=nahh001_010100000000"}},{"type":"Feature","geometry":{"type":"Point","coordinates":[128.892354,36.458347]},"properties":{"id":"8808983640488","name":"동안동농협 하나로마트","address":"","phone":"054-822-2012","hours":"09:00 ~ 18:00","region":"경북","district":"안동시","facilities":[],"source":"농협경제지주 공식 전국마트찾기","sourceUrl":"https://www.nhhanaro.co.kr/nahh_70005.do?id=nahh001_010100000000"}},{"type":"Feature","geometry":{"type":"Point","coordinates":[128.918765,36.567282]},"properties":{"id":"8808983640501","name":"동안동농협 하나로마트 임동점","address":"","phone":"054-822-5070","hours":"08:00 ~ 19:00","region":"경북","district":"안동시","facilities":[],"source":"농협경제지주 공식 전국마트찾기","sourceUrl":"https://www.nhhanaro.co.kr/nahh_70005.do?id=nahh001_010100000000"}},{"type":"Feature","geometry":{"type":"Point","coordinates":[128.830573,36.524391]},"properties":{"id":"8808983640495","name":"동안동농협 하나로마트 임하점","address":"","phone":"054-822-9993","hours":"09:00 ~ 18:00","region":"경북","district":"안동시","facilities":["은행"],"source":"농협경제지주 공식 전국마트찾기","sourceUrl":"https://www.nhhanaro.co.kr/nahh_70005.do?id=nahh001_010100000000"}},{"type":"Feature","geometry":{"type":"Point","coordinates":[128.700769,36.682836]},"properties":{"id":"8808983307268","name":"북안동농협 하나로마트","address":"","phone":"054-859-3323","hours":"06:30 ~ 22:30","region":"경북","district":"안동시","facilities":[],"source":"농협경제지주 공식 전국마트찾기","sourceUrl":"https://www.nhhanaro.co.kr/nahh_70005.do?id=nahh001_010100000000"}},{"type":"Feature","geometry":{"type":"Point","coordinates":[128.774585,36.74219]},"properties":{"id":"8808983640419","name":"북안동농협 하나로마트 녹전점","address":"","phone":"054-856-0504","hours":"08:00 ~ 18:00","region":"경북","district":"안동시","facilities":["은행"],"source":"농협경제지주 공식 전국마트찾기","sourceUrl":"https://www.nhhanaro.co.kr/nahh_70005.do?id=nahh001_010100000000"}},{"type":"Feature","geometry":{"type":"Point","coordinates":[128.742406,36.786634]},"properties":{"id":"8808983640402","name":"북안동농협 하나로마트 원천점","address":"","phone":"054-843-2206","hours":"08:00 ~ 18:00","region":"경북","district":"안동시","facilities":[],"source":"농협경제지주 공식 전국마트찾기","sourceUrl":"https://www.nhhanaro.co.kr/nahh_70005.do?id=nahh001_010100000000"}},{"type":"Feature","geometry":{"type":"Point","coordinates":[128.468811,36.535239]},"properties":{"id":"8808983640464","name":"서안동농협 하나로마트 기산점","address":"","phone":"054-841-6823","hours":"08:30 ~ 18:00","region":"경북","district":"안동시","facilities":["은행"],"source":"농협경제지주 공식 전국마트찾기","sourceUrl":"https://www.nhhanaro.co.kr/nahh_70005.do?id=nahh001_010100000000"}},{"type":"Feature","geometry":{"type":"Point","coordinates":[128.574688,36.5789598]},"properties":{"id":"8808983640433","name":"서안동농협 하나로마트 본점","address":"","phone":"054-859-3640","hours":"08:30 ~ 18:00","region":"경북","district":"안동시","facilities":["은행"],"source":"농협경제지주 공식 전국마트찾기","sourceUrl":"https://www.nhhanaro.co.kr/nahh_70005.do?id=nahh001_010100000000"}},{"type":"Feature","geometry":{"type":"Point","coordinates":[128.4938828,36.5752757]},"properties":{"id":"8808983327846","name":"서안동농협 하나로마트 신도청점","address":"","phone":"054-859-8899","hours":"10:00 ~ 22:00","region":"경북","district":"안동시","facilities":["은행"],"source":"농협경제지주 공식 전국마트찾기","sourceUrl":"https://www.nhhanaro.co.kr/nahh_70005.do?id=nahh001_010100000000"}},{"type":"Feature","geometry":{"type":"Point","coordinates":[128.563526,36.493923]},"properties":{"id":"8808983640457","name":"서안동농협 하나로마트 어담점","address":"","phone":"054-841-9256","hours":"09:00 ~ 06:00","region":"경북","district":"안동시","facilities":["은행"],"source":"농협경제지주 공식 전국마트찾기","sourceUrl":"https://www.nhhanaro.co.kr/nahh_70005.do?id=nahh001_010100000000"}},{"type":"Feature","geometry":{"type":"Point","coordinates":[128.507636,36.556674]},"properties":{"id":"8808983640471","name":"서안동농협 하나로마트 풍천점","address":"","phone":"054-853-2772","hours":"09:00 ~ 17:00","region":"경북","district":"안동시","facilities":["주유소","은행"],"source":"농협경제지주 공식 전국마트찾기","sourceUrl":"https://www.nhhanaro.co.kr/nahh_70005.do?id=nahh001_010100000000"}},{"type":"Feature","geometry":{"type":"Point","coordinates":[128.629096,36.563584]},"properties":{"id":"8808983640426","name":"서안동농협 하나로마트 회곡점","address":"","phone":"054-853-0105","hours":"09:00 ~ 18:00","region":"경북","district":"안동시","facilities":["은행"],"source":"농협경제지주 공식 전국마트찾기","sourceUrl":"https://www.nhhanaro.co.kr/nahh_70005.do?id=nahh001_010100000000"}},{"type":"Feature","geometry":{"type":"Point","coordinates":[128.719834,36.564936]},"properties":{"id":"8808983640303","name":"안동농협 파머스마켓","address":"","phone":"054-850-5600","hours":"09:00 ~ 21:00","region":"경북","district":"안동시","facilities":[],"source":"농협경제지주 공식 전국마트찾기","sourceUrl":"https://www.nhhanaro.co.kr/nahh_70005.do?id=nahh001_010100000000"}},{"type":"Feature","geometry":{"type":"Point","coordinates":[128.735756,36.550996]},"properties":{"id":"8808983643496","name":"안동농협 하나로마트 강남점","address":"","phone":"054-843-1515","hours":"08:30 ~ 21:00","region":"경북","district":"안동시","facilities":["은행"],"source":"농협경제지주 공식 전국마트찾기","sourceUrl":"https://www.nhhanaro.co.kr/nahh_70005.do?id=nahh001_010100000000"}},{"type":"Feature","geometry":{"type":"Point","coordinates":[128.663139,36.61612]},"properties":{"id":"8808983640334","name":"안동농협 하나로마트 서후점","address":"","phone":"054-852-3013","hours":"08:30 ~ 18:00","region":"경북","district":"안동시","facilities":[],"source":"농협경제지주 공식 전국마트찾기","sourceUrl":"https://www.nhhanaro.co.kr/nahh_70005.do?id=nahh001_010100000000"}},{"type":"Feature","geometry":{"type":"Point","coordinates":[128.80179,36.530248]},"properties":{"id":"8808983640372","name":"안동농협 하나로마트 원림점","address":"","phone":"054-859-6345","hours":"08:00 ~ 18:00","region":"경북","district":"안동시","facilities":["은행"],"source":"농협경제지주 공식 전국마트찾기","sourceUrl":"https://www.nhhanaro.co.kr/nahh_70005.do?id=nahh001_010100000000"}},{"type":"Feature","geometry":{"type":"Point","coordinates":[128.685242,36.573341]},"properties":{"id":"8808983307282","name":"안동봉화축협 하나로마트 송하점","address":"","phone":"054-840-7700","hours":"09:00 ~ 22:00","region":"경북","district":"안동시","facilities":["은행"],"source":"농협경제지주 공식 전국마트찾기","sourceUrl":"https://www.nhhanaro.co.kr/nahh_70005.do?id=nahh001_010100000000"}},{"type":"Feature","geometry":{"type":"Point","coordinates":[128.766726,36.617283]},"properties":{"id":"8808983640310","name":"안동와룡농협 하나로마트","address":"","phone":"054-841-7766","hours":"08:00 ~ 21:00","region":"경북","district":"안동시","facilities":["주유소","은행"],"source":"농협경제지주 공식 전국마트찾기","sourceUrl":"https://www.nhhanaro.co.kr/nahh_70005.do?id=nahh001_010100000000"}},{"type":"Feature","geometry":{"type":"Point","coordinates":[128.8838732,36.661382]},"properties":{"id":"8808983640518","name":"안동와룡농협 하나로마트 월곡점","address":"","phone":"054-822-1540","hours":"09:00 ~ 18:00","region":"경북","district":"안동시","facilities":["주유소","은행"],"source":"농협경제지주 공식 전국마트찾기","sourceUrl":"https://www.nhhanaro.co.kr/nahh_70005.do?id=nahh001_010100000000"}},{"type":"Feature","geometry":{"type":"Point","coordinates":[128.697641,36.570439]},"properties":{"id":"8808983647081","name":"안동축협 하나로마트 송현점","address":"","phone":"054-859-6684","hours":"09:00 ~ 22:00","region":"경북","district":"안동시","facilities":["은행"],"source":"농협경제지주 공식 전국마트찾기","sourceUrl":"https://www.nhhanaro.co.kr/nahh_70005.do?id=nahh001_010100000000"}},{"type":"Feature","geometry":{"type":"Point","coordinates":[128.573022,36.578259]},"properties":{"id":"8808983647098","name":"안동축협 하나로마트 풍산점","address":"","phone":"054-858-8537","hours":"09:00 ~ 19:00","region":"경북","district":"안동시","facilities":[],"source":"농협경제지주 공식 전국마트찾기","sourceUrl":"https://www.nhhanaro.co.kr/nahh_70005.do?id=nahh001_010100000000"}},{"type":"Feature","geometry":{"type":"Point","coordinates":[128.833012,36.748338]},"properties":{"id":"8808983640396","name":"와룡농협 하나로마트 도산점","address":"","phone":"054-856-1011","hours":"09:00 ~ 18:00","region":"경북","district":"안동시","facilities":["은행"],"source":"농협경제지주 공식 전국마트찾기","sourceUrl":"https://www.nhhanaro.co.kr/nahh_70005.do?id=nahh001_010100000000"}},{"type":"Feature","geometry":{"type":"Point","coordinates":[128.812616,36.699122]},"properties":{"id":"8808983640389","name":"와룡농협 하나로마트 예안점","address":"","phone":"054-856-6251","hours":"08:00 ~ 18:00","region":"경북","district":"안동시","facilities":["은행"],"source":"농협경제지주 공식 전국마트찾기","sourceUrl":"https://www.nhhanaro.co.kr/nahh_70005.do?id=nahh001_010100000000"}},{"type":"Feature","geometry":{"type":"Point","coordinates":[129.378377,36.359578]},"properties":{"id":"8808983303932","name":"강구농협 하나로마트","address":"","phone":"054-734-6567","hours":"08:30 ~ 22:00","region":"경북","district":"영덕군","facilities":[],"source":"농협경제지주 공식 전국마트찾기","sourceUrl":"https://www.nhhanaro.co.kr/nahh_70005.do?id=nahh001_010100000000"}},{"type":"Feature","geometry":{"type":"Point","coordinates":[129.373337,36.286343]},"properties":{"id":"8808983640792","name":"강구농협 하나로마트 남정점","address":"","phone":"054-732-5224","hours":"08:00 ~ 19:00","region":"경북","district":"영덕군","facilities":[],"source":"농협경제지주 공식 전국마트찾기","sourceUrl":"https://www.nhhanaro.co.kr/nahh_70005.do?id=nahh001_010100000000"}},{"type":"Feature","geometry":{"type":"Point","coordinates":[129.303441,36.399864]},"properties":{"id":"8808983640709","name":"강구농협 하나로마트 달산점","address":"","phone":"054-732-3526","hours":"08:30 ~ 18:00","region":"경북","district":"영덕군","facilities":[],"source":"농협경제지주 공식 전국마트찾기","sourceUrl":"https://www.nhhanaro.co.kr/nahh_70005.do?id=nahh001_010100000000"}},{"type":"Feature","geometry":{"type":"Point","coordinates":[129.407003,36.585643]},"properties":{"id":"8808983640723","name":"북영덕농협 하나로마트","address":"","phone":"054-732-9224","hours":"08:10 ~ 21:00","region":"경북","district":"영덕군","facilities":[],"source":"농협경제지주 공식 전국마트찾기","sourceUrl":"https://www.nhhanaro.co.kr/nahh_70005.do?id=nahh001_010100000000"}},{"type":"Feature","geometry":{"type":"Point","coordinates":[129.400235,36.571619]},"properties":{"id":"8808983640730","name":"북영덕농협 하나로마트 원황점","address":"","phone":"054-734-4206","hours":"08:30 ~ 17:30","region":"경북","district":"영덕군","facilities":["은행"],"source":"농협경제지주 공식 전국마트찾기","sourceUrl":"https://www.nhhanaro.co.kr/nahh_70005.do?id=nahh001_010100000000"}},{"type":"Feature","geometry":{"type":"Point","coordinates":[129.336526,36.576487]},"properties":{"id":"8808983640747","name":"북영덕농협 하나로마트 창수점","address":"","phone":"054-734-6058","hours":"08:30 ~ 18:00","region":"경북","district":"영덕군","facilities":["은행"],"source":"농협경제지주 공식 전국마트찾기","sourceUrl":"https://www.nhhanaro.co.kr/nahh_70005.do?id=nahh001_010100000000"}},{"type":"Feature","geometry":{"type":"Point","coordinates":[129.360198,36.434665]},"properties":{"id":"8808983640686","name":"영덕농협 하나로마트 본점","address":"","phone":"054-733-7282","hours":"08:10 ~ 21:00","region":"경북","district":"영덕군","facilities":[],"source":"농협경제지주 공식 전국마트찾기","sourceUrl":"https://www.nhhanaro.co.kr/nahh_70005.do?id=nahh001_010100000000"}},{"type":"Feature","geometry":{"type":"Point","coordinates":[129.281453,36.447729]},"properties":{"id":"8808983640693","name":"영덕농협 하나로마트 지품점","address":"","phone":"054-732-3016","hours":"08:30 ~ 18:00","region":"경북","district":"영덕군","facilities":["은행"],"source":"농협경제지주 공식 전국마트찾기","sourceUrl":"https://www.nhhanaro.co.kr/nahh_70005.do?id=nahh001_010100000000"}},{"type":"Feature","geometry":{"type":"Point","coordinates":[129.369685,36.411577]},"properties":{"id":"8808983647142","name":"영덕울진축협 하나로마트 본점","address":"","phone":"054-733-7124","hours":"하절기 08:30 ~ 21:00 · 동절기 00:00 ~ 00:00","region":"경북","district":"영덕군","facilities":[],"source":"농협경제지주 공식 전국마트찾기","sourceUrl":"https://www.nhhanaro.co.kr/nahh_70005.do?id=nahh001_010100000000"}},{"type":"Feature","geometry":{"type":"Point","coordinates":[129.406816,36.538965]},"properties":{"id":"8808983640716","name":"영해농협 하나로마트","address":"","phone":"054-732-1996","hours":"08:30 ~ 21:00","region":"경북","district":"영덕군","facilities":[],"source":"농협경제지주 공식 전국마트찾기","sourceUrl":"https://www.nhhanaro.co.kr/nahh_70005.do?id=nahh001_010100000000"}},{"type":"Feature","geometry":{"type":"Point","coordinates":[129.404146,36.529661]},"properties":{"id":"8808983300634","name":"영해농협 하나로마트 영덕휴게소","address":"","phone":"054-734-5980","hours":"07:00 ~ 22:00","region":"경북","district":"영덕군","facilities":["은행"],"source":"농협경제지주 공식 전국마트찾기","sourceUrl":"https://www.nhhanaro.co.kr/nahh_70005.do?id=nahh001_010100000000"}},{"type":"Feature","geometry":{"type":"Point","coordinates":[129.407155,36.509629]},"properties":{"id":"8808983640754","name":"영해농협 하나로마트 축산점","address":"","phone":"054-732-4026","hours":"08:30 ~ 18:00","region":"경북","district":"영덕군","facilities":["은행"],"source":"농협경제지주 공식 전국마트찾기","sourceUrl":"https://www.nhhanaro.co.kr/nahh_70005.do?id=nahh001_010100000000"}},{"type":"Feature","geometry":{"type":"Point","coordinates":[129.446156,36.508847]},"properties":{"id":"8808983640761","name":"영해농협 하나로마트 축산항점","address":"","phone":"054-732-4025","hours":"08:30 ~ 18:00","region":"경북","district":"영덕군","facilities":[],"source":"농협경제지주 공식 전국마트찾기","sourceUrl":"https://www.nhhanaro.co.kr/nahh_70005.do?id=nahh001_010100000000"}},{"type":"Feature","geometry":{"type":"Point","coordinates":[129.088748,36.596076]},"properties":{"id":"8808983640631","name":"남영양농협 하나로마트","address":"","phone":"054-682-4603","hours":"08:00 ~ 19:00","region":"경북","district":"영양군","facilities":[],"source":"농협경제지주 공식 전국마트찾기","sourceUrl":"https://www.nhhanaro.co.kr/nahh_70005.do?id=nahh001_010100000000"}},{"type":"Feature","geometry":{"type":"Point","coordinates":[129.124755,36.557424]},"properties":{"id":"8808983640648","name":"남영양농협 하나로마트 석보점","address":"","phone":"054-682-7601","hours":"08:00 ~ 19:00","region":"경북","district":"영양군","facilities":[],"source":"농협경제지주 공식 전국마트찾기","sourceUrl":"https://www.nhhanaro.co.kr/nahh_70005.do?id=nahh001_010100000000"}},{"type":"Feature","geometry":{"type":"Point","coordinates":[129.114574,36.6655251]},"properties":{"id":"8808983640624","name":"영양농협 하나로마트","address":"","phone":"054-683-2283","hours":"하절기 08:00 ~ 19:00 · 동절기 08:00 ~ 18:00","region":"경북","district":"영양군","facilities":["은행"],"source":"농협경제지주 공식 전국마트찾기","sourceUrl":"https://www.nhhanaro.co.kr/nahh_70005.do?id=nahh001_010100000000"}},{"type":"Feature","geometry":{"type":"Point","coordinates":[129.200772,36.764975]},"properties":{"id":"8808983640662","name":"영양농협 하나로마트 수비점","address":"","phone":"054-682-9601","hours":"08:00 ~ 19:00","region":"경북","district":"영양군","facilities":["은행"],"source":"농협경제지주 공식 전국마트찾기","sourceUrl":"https://www.nhhanaro.co.kr/nahh_70005.do?id=nahh001_010100000000"}},{"type":"Feature","geometry":{"type":"Point","coordinates":[129.126288,36.701299]},"properties":{"id":"8808983640655","name":"영양농협 하나로마트 일월점","address":"","phone":"054-682-5601","hours":"08:10 ~ 18:00","region":"경북","district":"영양군","facilities":[],"source":"농협경제지주 공식 전국마트찾기","sourceUrl":"https://www.nhhanaro.co.kr/nahh_70005.do?id=nahh001_010100000000"}},{"type":"Feature","geometry":{"type":"Point","coordinates":[128.558115,36.845884]},"properties":{"id":"8808983643014","name":"안정농협 하나로마트","address":"","phone":"054-634-6846","hours":"08:00 ~ 18:00","region":"경북","district":"영주시","facilities":[],"source":"농협경제지주 공식 전국마트찾기","sourceUrl":"https://www.nhhanaro.co.kr/nahh_70005.do?id=nahh001_010100000000"}},{"type":"Feature","geometry":{"type":"Point","coordinates":[128.605673,36.8208942]},"properties":{"id":"8808983328270","name":"안정농협로컬푸드직매장","address":"","phone":"054-632-8553","hours":"09:00 ~ 22:00","region":"경북","district":"영주시","facilities":[],"source":"농협경제지주 공식 전국마트찾기","sourceUrl":"https://www.nhhanaro.co.kr/nahh_70005.do?id=nahh001_010100000000"}},{"type":"Feature","geometry":{"type":"Point","coordinates":[128.631614,36.795357]},"properties":{"id":"8808983643564","name":"영주농협 파머스마켓","address":"","phone":"054-639-3300","hours":"09:00 ~ 23:00","region":"경북","district":"영주시","facilities":["은행"],"source":"농협경제지주 공식 전국마트찾기","sourceUrl":"https://www.nhhanaro.co.kr/nahh_70005.do?id=nahh001_010100000000"}},{"type":"Feature","geometry":{"type":"Point","coordinates":[128.628915,36.817468]},"properties":{"id":"8808983642963","name":"영주농협 하나로마트 남부점","address":"","phone":"054-635-2857","hours":"09:00 ~ 18:00","region":"경북","district":"영주시","facilities":["은행"],"source":"농협경제지주 공식 전국마트찾기","sourceUrl":"https://www.nhhanaro.co.kr/nahh_70005.do?id=nahh001_010100000000"}},{"type":"Feature","geometry":{"type":"Point","coordinates":[128.617666,36.950323]},"properties":{"id":"8808983643069","name":"영주농협 하나로마트 단산점","address":"","phone":"054-633-4821","hours":"09:00 ~ 18:00","region":"경북","district":"영주시","facilities":["은행"],"source":"농협경제지주 공식 전국마트찾기","sourceUrl":"https://www.nhhanaro.co.kr/nahh_70005.do?id=nahh001_010100000000"}},{"type":"Feature","geometry":{"type":"Point","coordinates":[128.65513,36.978688]},"properties":{"id":"8808983643076","name":"영주농협 하나로마트 부석점","address":"","phone":"054-633-4091","hours":"09:00 ~ 18:00","region":"경북","district":"영주시","facilities":["은행"],"source":"농협경제지주 공식 전국마트찾기","sourceUrl":"https://www.nhhanaro.co.kr/nahh_70005.do?id=nahh001_010100000000"}},{"type":"Feature","geometry":{"type":"Point","coordinates":[128.576576,36.774756]},"properties":{"id":"8808983643007","name":"영주농협 하나로마트 장수점","address":"","phone":"054-637-4140","hours":"09:00 ~ 18:00","region":"경북","district":"영주시","facilities":["은행"],"source":"농협경제지주 공식 전국마트찾기","sourceUrl":"https://www.nhhanaro.co.kr/nahh_70005.do?id=nahh001_010100000000"}},{"type":"Feature","geometry":{"type":"Point","coordinates":[128.622356,36.824181]},"properties":{"id":"8808983647265","name":"영주축협 하나로마트 본점","address":"","phone":"054-634-0201","hours":"09:00 ~ 20:00","region":"경북","district":"영주시","facilities":["은행"],"source":"농협경제지주 공식 전국마트찾기","sourceUrl":"https://www.nhhanaro.co.kr/nahh_70005.do?id=nahh001_010100000000"}},{"type":"Feature","geometry":{"type":"Point","coordinates":[128.530012,36.868074]},"properties":{"id":"8808983322360","name":"풍기농협 하나로마트","address":"","phone":"054-630-2700","hours":"하절기 09:00 ~ 22:00 · 동절기 00:00 ~ 00:00","region":"경북","district":"영주시","facilities":[],"source":"농협경제지주 공식 전국마트찾기","sourceUrl":"https://www.nhhanaro.co.kr/nahh_70005.do?id=nahh001_010100000000"}},{"type":"Feature","geometry":{"type":"Point","coordinates":[128.502852,36.873986]},"properties":{"id":"8808983643021","name":"풍기농협 하나로마트 봉현점","address":"","phone":"054-636-2326","hours":"08:30 ~ 18:00","region":"경북","district":"영주시","facilities":[],"source":"농협경제지주 공식 전국마트찾기","sourceUrl":"https://www.nhhanaro.co.kr/nahh_70005.do?id=nahh001_010100000000"}},{"type":"Feature","geometry":{"type":"Point","coordinates":[128.568085,36.893058]},"properties":{"id":"8808983643052","name":"풍기농협 하나로마트 순흥점","address":"","phone":"054-633-2641","hours":"09:00 ~ 18:00","region":"경북","district":"영주시","facilities":[],"source":"농협경제지주 공식 전국마트찾기","sourceUrl":"https://www.nhhanaro.co.kr/nahh_70005.do?id=nahh001_010100000000"}},{"type":"Feature","geometry":{"type":"Point","coordinates":[129.04818,36.00203]},"properties":{"id":"8808983641393","name":"고경농협 하나로마트","address":"","phone":"054-336-0003","hours":"08:20 ~ 18:00","region":"경북","district":"영천시","facilities":["은행"],"source":"농협경제지주 공식 전국마트찾기","sourceUrl":"https://www.nhhanaro.co.kr/nahh_70005.do?id=nahh001_010100000000"}},{"type":"Feature","geometry":{"type":"Point","coordinates":[128.97984,35.98104]},"properties":{"id":"8808983641386","name":"고경농협 하나로마트 단포점","address":"","phone":"054-335-2701","hours":"08:30 ~ 18:00","region":"경북","district":"영천시","facilities":["은행"],"source":"농협경제지주 공식 전국마트찾기","sourceUrl":"https://www.nhhanaro.co.kr/nahh_70005.do?id=nahh001_010100000000"}},{"type":"Feature","geometry":{"type":"Point","coordinates":[128.911609,35.927844]},"properties":{"id":"8808983641355","name":"금호농협 하나로마트 거여점","address":"","phone":"054-336-5611","hours":"08:30 ~ 17:30","region":"경북","district":"영천시","facilities":["은행"],"source":"농협경제지주 공식 전국마트찾기","sourceUrl":"https://www.nhhanaro.co.kr/nahh_70005.do?id=nahh001_010100000000"}},{"type":"Feature","geometry":{"type":"Point","coordinates":[128.89622,35.876036]},"properties":{"id":"8808983641423","name":"금호농협 하나로마트 대창점","address":"","phone":"054-335-4901","hours":"08:00 ~ 19:00","region":"경북","district":"영천시","facilities":[],"source":"농협경제지주 공식 전국마트찾기","sourceUrl":"https://www.nhhanaro.co.kr/nahh_70005.do?id=nahh001_010100000000"}},{"type":"Feature","geometry":{"type":"Point","coordinates":[128.824029,35.990449]},"properties":{"id":"8808983641362","name":"금호농협 하나로마트 청통점","address":"","phone":"054-335-6232","hours":"08:00 ~ 18:30","region":"경북","district":"영천시","facilities":[],"source":"농협경제지주 공식 전국마트찾기","sourceUrl":"https://www.nhhanaro.co.kr/nahh_70005.do?id=nahh001_010100000000"}},{"type":"Feature","geometry":{"type":"Point","coordinates":[128.8761052,35.9269163]},"properties":{"id":"8808983333090","name":"금호농협하나로마트","address":"","phone":"054-332-3335","hours":"08:00 ~ 21:00","region":"경북","district":"영천시","facilities":[],"source":"농협경제지주 공식 전국마트찾기","sourceUrl":"https://www.nhhanaro.co.kr/nahh_70005.do?id=nahh001_010100000000"}},{"type":"Feature","geometry":{"type":"Point","coordinates":[129.008971,35.917466]},"properties":{"id":"8808983641263","name":"북안농협 하나로마트","address":"","phone":"054-333-7136","hours":"08:00 ~ 20:00","region":"경북","district":"영천시","facilities":[],"source":"농협경제지주 공식 전국마트찾기","sourceUrl":"https://www.nhhanaro.co.kr/nahh_70005.do?id=nahh001_010100000000"}},{"type":"Feature","geometry":{"type":"Point","coordinates":[128.994054,35.871977]},"properties":{"id":"8808983641249","name":"북안농협 하나로마트 명주점","address":"","phone":"054-337-9701","hours":"08:00 ~ 18:00","region":"경북","district":"영천시","facilities":[],"source":"농협경제지주 공식 전국마트찾기","sourceUrl":"https://www.nhhanaro.co.kr/nahh_70005.do?id=nahh001_010100000000"}},{"type":"Feature","geometry":{"type":"Point","coordinates":[128.972481,35.938893]},"properties":{"id":"8808983641256","name":"북안농협 하나로마트 유동점","address":"","phone":"054-336-0730","hours":"08:00 ~ 18:00","region":"경북","district":"영천시","facilities":[],"source":"농협경제지주 공식 전국마트찾기","sourceUrl":"https://www.nhhanaro.co.kr/nahh_70005.do?id=nahh001_010100000000"}},{"type":"Feature","geometry":{"type":"Point","coordinates":[128.936256,35.963687]},"properties":{"id":"8808983641294","name":"영천농협 하나로마트 본점","address":"","phone":"054-334-3831","hours":"08:30 ~ 18:30","region":"경북","district":"영천시","facilities":[],"source":"농협경제지주 공식 전국마트찾기","sourceUrl":"https://www.nhhanaro.co.kr/nahh_70005.do?id=nahh001_010100000000"}},{"type":"Feature","geometry":{"type":"Point","coordinates":[128.891189,36.059241]},"properties":{"id":"8808983641409","name":"영천농협 하나로마트 화남점","address":"","phone":"054-339-0172","hours":"08:30 ~ 18:00","region":"경북","district":"영천시","facilities":[],"source":"농협경제지주 공식 전국마트찾기","sourceUrl":"https://www.nhhanaro.co.kr/nahh_70005.do?id=nahh001_010100000000"}},{"type":"Feature","geometry":{"type":"Point","coordinates":[128.922039,36.109965]},"properties":{"id":"8808983641416","name":"영천농협 하나로마트 화북점","address":"","phone":"054-337-6014","hours":"08:30 ~ 18:00","region":"경북","district":"영천시","facilities":["은행"],"source":"농협경제지주 공식 전국마트찾기","sourceUrl":"https://www.nhhanaro.co.kr/nahh_70005.do?id=nahh001_010100000000"}},{"type":"Feature","geometry":{"type":"Point","coordinates":[128.940146,35.972057]},"properties":{"id":"8808983647159","name":"영천축협 하나로마트 본점","address":"","phone":"054-333-1809","hours":"08:30 ~ 19:00","region":"경북","district":"영천시","facilities":[],"source":"농협경제지주 공식 전국마트찾기","sourceUrl":"https://www.nhhanaro.co.kr/nahh_70005.do?id=nahh001_010100000000"}},{"type":"Feature","geometry":{"type":"Point","coordinates":[128.917385,35.966429]},"properties":{"id":"8808983641232","name":"영천화산농협 하나로마트","address":"","phone":"054-335-7851","hours":"08:30 ~ 18:00","region":"경북","district":"영천시","facilities":[],"source":"농협경제지주 공식 전국마트찾기","sourceUrl":"https://www.nhhanaro.co.kr/nahh_70005.do?id=nahh001_010100000000"}},{"type":"Feature","geometry":{"type":"Point","coordinates":[128.974607,36.015385]},"properties":{"id":"8808983641317","name":"임고농협 하나로마트","address":"","phone":"054-336-7708","hours":"08:10 ~ 19:30","region":"경북","district":"영천시","facilities":[],"source":"농협경제지주 공식 전국마트찾기","sourceUrl":"https://www.nhhanaro.co.kr/nahh_70005.do?id=nahh001_010100000000"}},{"type":"Feature","geometry":{"type":"Point","coordinates":[128.982792,36.042005]},"properties":{"id":"8808983641324","name":"임고농협 하나로마트 북부점","address":"","phone":"054-335-7705","hours":"08:00 ~ 19:00","region":"경북","district":"영천시","facilities":["은행"],"source":"농협경제지주 공식 전국마트찾기","sourceUrl":"https://www.nhhanaro.co.kr/nahh_70005.do?id=nahh001_010100000000"}},{"type":"Feature","geometry":{"type":"Point","coordinates":[128.301115,36.509257]},"properties":{"id":"8808983642949","name":"남예천농협 하나로마트","address":"","phone":"054-653-7530","hours":"08:00 ~ 21:00","region":"경북","district":"예천군","facilities":[],"source":"농협경제지주 공식 전국마트찾기","sourceUrl":"https://www.nhhanaro.co.kr/nahh_70005.do?id=nahh001_010100000000"}},{"type":"Feature","geometry":{"type":"Point","coordinates":[128.278806,36.607761]},"properties":{"id":"8808983642918","name":"남예천농협 하나로마트 용궁점","address":"","phone":"054-653-6005","hours":"08:00 ~ 21:00","region":"경북","district":"예천군","facilities":[],"source":"농협경제지주 공식 전국마트찾기","sourceUrl":"https://www.nhhanaro.co.kr/nahh_70005.do?id=nahh001_010100000000"}},{"type":"Feature","geometry":{"type":"Point","coordinates":[128.52745,36.72195]},"properties":{"id":"8808983642871","name":"예천농협 하나로마트 감천점","address":"","phone":"054-653-8511","hours":"09:00 ~ 06:00","region":"경북","district":"예천군","facilities":[],"source":"농협경제지주 공식 전국마트찾기","sourceUrl":"https://www.nhhanaro.co.kr/nahh_70005.do?id=nahh001_010100000000"}},{"type":"Feature","geometry":{"type":"Point","coordinates":[128.365561,36.610212]},"properties":{"id":"8808983642925","name":"예천농협 하나로마트 개포점","address":"","phone":"054-653-0222","hours":"08:30 ~ 18:00","region":"경북","district":"예천군","facilities":["은행"],"source":"농협경제지주 공식 전국마트찾기","sourceUrl":"https://www.nhhanaro.co.kr/nahh_70005.do?id=nahh001_010100000000"}},{"type":"Feature","geometry":{"type":"Point","coordinates":[128.523174,36.672394]},"properties":{"id":"8808983642888","name":"예천농협 하나로마트 보문점","address":"","phone":"054-654-0033","hours":"09:00 ~ 18:00","region":"경북","district":"예천군","facilities":["은행"],"source":"농협경제지주 공식 전국마트찾기","sourceUrl":"https://www.nhhanaro.co.kr/nahh_70005.do?id=nahh001_010100000000"}},{"type":"Feature","geometry":{"type":"Point","coordinates":[128.450318,36.654568]},"properties":{"id":"8808983642833","name":"예천농협 하나로마트 본점","address":"","phone":"054-652-0977","hours":"09:00 ~ 21:00","region":"경북","district":"예천군","facilities":[],"source":"농협경제지주 공식 전국마트찾기","sourceUrl":"https://www.nhhanaro.co.kr/nahh_70005.do?id=nahh001_010100000000"}},{"type":"Feature","geometry":{"type":"Point","coordinates":[128.407695,36.68913]},"properties":{"id":"8808983642840","name":"예천농협 하나로마트 용문점","address":"","phone":"054-655-9200","hours":"08:30 ~ 18:00","region":"경북","district":"예천군","facilities":[],"source":"농협경제지주 공식 전국마트찾기","sourceUrl":"https://www.nhhanaro.co.kr/nahh_70005.do?id=nahh001_010100000000"}},{"type":"Feature","geometry":{"type":"Point","coordinates":[128.387797,36.635142]},"properties":{"id":"8808983642901","name":"예천농협 하나로마트 유천점","address":"","phone":"054-653-4616","hours":"09:00 ~ 18:00","region":"경북","district":"예천군","facilities":["은행"],"source":"농협경제지주 공식 전국마트찾기","sourceUrl":"https://www.nhhanaro.co.kr/nahh_70005.do?id=nahh001_010100000000"}},{"type":"Feature","geometry":{"type":"Point","coordinates":[128.45292,36.657704]},"properties":{"id":"8808983642864","name":"예천농협 하나로마트 은풍점","address":"","phone":"054-652-8184","hours":"08:30 ~ 18:00","region":"경북","district":"예천군","facilities":[],"source":"농협경제지주 공식 전국마트찾기","sourceUrl":"https://www.nhhanaro.co.kr/nahh_70005.do?id=nahh001_010100000000"}},{"type":"Feature","geometry":{"type":"Point","coordinates":[128.45292,36.657704]},"properties":{"id":"8808983642857","name":"예천농협 하나로마트 효자점","address":"","phone":"054-652-1608","hours":"09:00 ~ 18:00","region":"경북","district":"예천군","facilities":["은행"],"source":"농협경제지주 공식 전국마트찾기","sourceUrl":"https://www.nhhanaro.co.kr/nahh_70005.do?id=nahh001_010100000000"}},{"type":"Feature","geometry":{"type":"Point","coordinates":[128.452526,36.651613]},"properties":{"id":"8808983320496","name":"예천축협 하나로마트","address":"","phone":"054-652-2712","hours":"09:00 ~ 22:00","region":"경북","district":"예천군","facilities":[],"source":"농협경제지주 공식 전국마트찾기","sourceUrl":"https://www.nhhanaro.co.kr/nahh_70005.do?id=nahh001_010100000000"}},{"type":"Feature","geometry":{"type":"Point","coordinates":[128.454892,36.656398]},"properties":{"id":"8808983647463","name":"예천축협 하나로마트 중앙점","address":"","phone":"054-652-2714","hours":"08:30 ~ 20:00","region":"경북","district":"예천군","facilities":[],"source":"농협경제지주 공식 전국마트찾기","sourceUrl":"https://www.nhhanaro.co.kr/nahh_70005.do?id=nahh001_010100000000"}},{"type":"Feature","geometry":{"type":"Point","coordinates":[128.387199,36.544508]},"properties":{"id":"8808983642932","name":"지보농협 하나로마트","address":"","phone":"054-653-3105","hours":"08:30 ~ 18:00","region":"경북","district":"예천군","facilities":[],"source":"농협경제지주 공식 전국마트찾기","sourceUrl":"https://www.nhhanaro.co.kr/nahh_70005.do?id=nahh001_010100000000"}},{"type":"Feature","geometry":{"type":"Point","coordinates":[129.39828,36.963899]},"properties":{"id":"8808983643281","name":"근남농협 하나로마트 본점","address":"","phone":"054-782-1951","hours":"08:00 ~ 20:00","region":"경북","district":"울진군","facilities":["은행"],"source":"농협경제지주 공식 전국마트찾기","sourceUrl":"https://www.nhhanaro.co.kr/nahh_70005.do?id=nahh001_010100000000"}},{"type":"Feature","geometry":{"type":"Point","coordinates":[129.451456,36.796477]},"properties":{"id":"8808983643229","name":"남울진농협 하나로마트 기성점","address":"","phone":"054-780-1811","hours":"08:00 ~ 20:00","region":"경북","district":"울진군","facilities":[],"source":"농협경제지주 공식 전국마트찾기","sourceUrl":"https://www.nhhanaro.co.kr/nahh_70005.do?id=nahh001_010100000000"}},{"type":"Feature","geometry":{"type":"Point","coordinates":[129.443668,36.676868]},"properties":{"id":"8808983643298","name":"남울진농협 하나로마트 본점","address":"","phone":"054-788-1181","hours":"하절기 08:30 ~ 20:00 · 동절기 08:30 ~ 19:00","region":"경북","district":"울진군","facilities":["은행","식자재"],"source":"농협경제지주 공식 전국마트찾기","sourceUrl":"https://www.nhhanaro.co.kr/nahh_70005.do?id=nahh001_010100000000"}},{"type":"Feature","geometry":{"type":"Point","coordinates":[129.4620239,36.68]},"properties":{"id":"8808983332482","name":"남울진농협 후포지점 로컬푸드 직매장","address":"","phone":"054-787-1185","hours":"하절기 08:30 ~ 19:00 · 동절기 00:00 ~ 00:00","region":"경북","district":"울진군","facilities":["은행","식자재"],"source":"농협경제지주 공식 전국마트찾기","sourceUrl":"https://www.nhhanaro.co.kr/nahh_70005.do?id=nahh001_010100000000"}},{"type":"Feature","geometry":{"type":"Point","coordinates":[129.381249,36.910015]},"properties":{"id":"8808983643212","name":"매화농협 하나로마트","address":"","phone":"054-782-7010","hours":"08:00 ~ 20:00","region":"경북","district":"울진군","facilities":[],"source":"농협경제지주 공식 전국마트찾기","sourceUrl":"https://www.nhhanaro.co.kr/nahh_70005.do?id=nahh001_010100000000"}},{"type":"Feature","geometry":{"type":"Point","coordinates":[129.37344,37.102398]},"properties":{"id":"8808983643243","name":"북면농협 하나로마트 본점","address":"","phone":"054-781-1100","hours":"08:00 ~ 22:00","region":"경북","district":"울진군","facilities":[],"source":"농협경제지주 공식 전국마트찾기","sourceUrl":"https://www.nhhanaro.co.kr/nahh_70005.do?id=nahh001_010100000000"}},{"type":"Feature","geometry":{"type":"Point","coordinates":[129.369968,37.110115]},"properties":{"id":"8808983643250","name":"북면농협 하나로마트 한수원지점","address":"","phone":"054-783-3471","hours":"08:00 ~ 22:30","region":"경북","district":"울진군","facilities":["은행"],"source":"농협경제지주 공식 전국마트찾기","sourceUrl":"https://www.nhhanaro.co.kr/nahh_70005.do?id=nahh001_010100000000"}},{"type":"Feature","geometry":{"type":"Point","coordinates":[129.4132439,36.9953883]},"properties":{"id":"8808983332192","name":"영덕울진축산농협 울진지점하나로마트","address":"","phone":"054-781-0832","hours":"08:30 ~ 22:00","region":"경북","district":"울진군","facilities":[],"source":"농협경제지주 공식 전국마트찾기","sourceUrl":"https://www.nhhanaro.co.kr/nahh_70005.do?id=nahh001_010100000000"}},{"type":"Feature","geometry":{"type":"Point","coordinates":[129.346194,36.721246]},"properties":{"id":"8808983643274","name":"온정농협 하나로마트 본점","address":"","phone":"054-787-8321","hours":"08:00 ~ 19:00","region":"경북","district":"울진군","facilities":["은행"],"source":"농협경제지주 공식 전국마트찾기","sourceUrl":"https://www.nhhanaro.co.kr/nahh_70005.do?id=nahh001_010100000000"}},{"type":"Feature","geometry":{"type":"Point","coordinates":[129.248065,36.934981]},"properties":{"id":"8808983643267","name":"울진농협 하나로마트 금강송점","address":"","phone":"054-782-9014","hours":"08:00 ~ 19:00","region":"경북","district":"울진군","facilities":["은행"],"source":"농협경제지주 공식 전국마트찾기","sourceUrl":"https://www.nhhanaro.co.kr/nahh_70005.do?id=nahh001_010100000000"}},{"type":"Feature","geometry":{"type":"Point","coordinates":[129.40142,36.993679]},"properties":{"id":"8808983643205","name":"울진농협 하나로마트 본점","address":"","phone":"054-783-1021","hours":"08:30 ~ 22:00","region":"경북","district":"울진군","facilities":["은행"],"source":"농협경제지주 공식 전국마트찾기","sourceUrl":"https://www.nhhanaro.co.kr/nahh_70005.do?id=nahh001_010100000000"}},{"type":"Feature","geometry":{"type":"Point","coordinates":[129.398651,36.98909]},"properties":{"id":"8808983643199","name":"울진농협 하나로마트 월변점","address":"","phone":"054-783-1020","hours":"08:30 ~ 20:00","region":"경북","district":"울진군","facilities":["은행"],"source":"농협경제지주 공식 전국마트찾기","sourceUrl":"https://www.nhhanaro.co.kr/nahh_70005.do?id=nahh001_010100000000"}},{"type":"Feature","geometry":{"type":"Point","coordinates":[129.4212092,37.0610415]},"properties":{"id":"8808983643182","name":"울진농협 하나로마트 죽변점","address":"","phone":"054-783-7291","hours":"08:30 ~ 22:00","region":"경북","district":"울진군","facilities":["은행"],"source":"농협경제지주 공식 전국마트찾기","sourceUrl":"https://www.nhhanaro.co.kr/nahh_70005.do?id=nahh001_010100000000"}},{"type":"Feature","geometry":{"type":"Point","coordinates":[129.440562,36.727485]},"properties":{"id":"8808983643236","name":"평해농협 하나로마트 본점","address":"","phone":"054-787-8661","hours":"08:00 ~ 20:00","region":"경북","district":"울진군","facilities":[],"source":"농협경제지주 공식 전국마트찾기","sourceUrl":"https://www.nhhanaro.co.kr/nahh_70005.do?id=nahh001_010100000000"}},{"type":"Feature","geometry":{"type":"Point","coordinates":[128.682,36.2514]},"properties":{"id":"8808983640181","name":"금성농협 하나로마트","address":"","phone":"054-510-7060","hours":"하절기 08:00 ~ 21:00 · 동절기 08:00 ~ 20:00","region":"경북","district":"의성군","facilities":[],"source":"농협경제지주 공식 전국마트찾기","sourceUrl":"https://www.nhhanaro.co.kr/nahh_70005.do?id=nahh001_010100000000"}},{"type":"Feature","geometry":{"type":"Point","coordinates":[128.726785,36.233457]},"properties":{"id":"8808983640174","name":"금성농협 하나로마트 가음점","address":"","phone":"054-833-9809","hours":"08:00 ~ 19:00","region":"경북","district":"의성군","facilities":[],"source":"농협경제지주 공식 전국마트찾기","sourceUrl":"https://www.nhhanaro.co.kr/nahh_70005.do?id=nahh001_010100000000"}},{"type":"Feature","geometry":{"type":"Point","coordinates":[128.438911,36.384036]},"properties":{"id":"8808983640235","name":"안계농협 하나로마트 본점","address":"","phone":"054-861-0378","hours":"08:00 ~ 21:00","region":"경북","district":"의성군","facilities":[],"source":"농협경제지주 공식 전국마트찾기","sourceUrl":"https://www.nhhanaro.co.kr/nahh_70005.do?id=nahh001_010100000000"}},{"type":"Feature","geometry":{"type":"Point","coordinates":[128.491348,36.337129]},"properties":{"id":"8808983640204","name":"안계농협 하나로마트 비안점","address":"","phone":"054-861-5809","hours":"08:00 ~ 20:00","region":"경북","district":"의성군","facilities":[],"source":"농협경제지주 공식 전국마트찾기","sourceUrl":"https://www.nhhanaro.co.kr/nahh_70005.do?id=nahh001_010100000000"}},{"type":"Feature","geometry":{"type":"Point","coordinates":[128.698932,36.344918]},"properties":{"id":"8808983640112","name":"의성농협 하나로마트","address":"","phone":"054-834-5547","hours":"08:30 ~ 22:00","region":"경북","district":"의성군","facilities":["은행"],"source":"농협경제지주 공식 전국마트찾기","sourceUrl":"https://www.nhhanaro.co.kr/nahh_70005.do?id=nahh001_010100000000"}},{"type":"Feature","geometry":{"type":"Point","coordinates":[128.599598,36.290347]},"properties":{"id":"8808983640198","name":"의성중부농협 하나로마트","address":"","phone":"054-832-2702","hours":"08:00 ~ 21:00","region":"경북","district":"의성군","facilities":[],"source":"농협경제지주 공식 전국마트찾기","sourceUrl":"https://www.nhhanaro.co.kr/nahh_70005.do?id=nahh001_010100000000"}},{"type":"Feature","geometry":{"type":"Point","coordinates":[128.504388,36.471044]},"properties":{"id":"8808983640273","name":"의성중부농협 하나로마트 신평지점","address":"","phone":"054-862-1909","hours":"09:00 ~ 18:00","region":"경북","district":"의성군","facilities":["은행"],"source":"농협경제지주 공식 전국마트찾기","sourceUrl":"https://www.nhhanaro.co.kr/nahh_70005.do?id=nahh001_010100000000"}},{"type":"Feature","geometry":{"type":"Point","coordinates":[128.462411,36.431857]},"properties":{"id":"8808983640266","name":"의성중부농협 하나로마트 안사지점","address":"","phone":"054-862-1109","hours":"08:30 ~ 18:00","region":"경북","district":"의성군","facilities":[],"source":"농협경제지주 공식 전국마트찾기","sourceUrl":"https://www.nhhanaro.co.kr/nahh_70005.do?id=nahh001_010100000000"}},{"type":"Feature","geometry":{"type":"Point","coordinates":[128.580567,36.376681]},"properties":{"id":"8808983640211","name":"의성중부농협 하나로마트 안평점","address":"","phone":"054-832-5009","hours":"08:30 ~ 18:00","region":"경북","district":"의성군","facilities":[],"source":"농협경제지주 공식 전국마트찾기","sourceUrl":"https://www.nhhanaro.co.kr/nahh_70005.do?id=nahh001_010100000000"}},{"type":"Feature","geometry":{"type":"Point","coordinates":[128.695266,36.353556]},"properties":{"id":"8808983647111","name":"의성축협 하나로마트 본점","address":"","phone":"054-834-5611","hours":"08:30 ~ 19:00","region":"경북","district":"의성군","facilities":["은행"],"source":"농협경제지주 공식 전국마트찾기","sourceUrl":"https://www.nhhanaro.co.kr/nahh_70005.do?id=nahh001_010100000000"}},{"type":"Feature","geometry":{"type":"Point","coordinates":[128.891695,35.691939]},"properties":{"id":"8808983641676","name":"동청도농협 하나로마트 본점","address":"","phone":"054-372-3663","hours":"08:00 ~ 20:00","region":"경북","district":"청도군","facilities":["은행"],"source":"농협경제지주 공식 전국마트찾기","sourceUrl":"https://www.nhhanaro.co.kr/nahh_70005.do?id=nahh001_010100000000"}},{"type":"Feature","geometry":{"type":"Point","coordinates":[128.858445,35.669127]},"properties":{"id":"8808983641683","name":"매전농협 하나로마트 본점","address":"","phone":"054-372-5663","hours":"08:30 ~ 17:30","region":"경북","district":"청도군","facilities":["주유소","은행"],"source":"농협경제지주 공식 전국마트찾기","sourceUrl":"https://www.nhhanaro.co.kr/nahh_70005.do?id=nahh001_010100000000"}},{"type":"Feature","geometry":{"type":"Point","coordinates":[128.661299,35.643249]},"properties":{"id":"8808983641638","name":"산서농협 하나로마트 각남점","address":"","phone":"054-372-6661","hours":"08:20 ~ 18:00","region":"경북","district":"청도군","facilities":["은행"],"source":"농협경제지주 공식 전국마트찾기","sourceUrl":"https://www.nhhanaro.co.kr/nahh_70005.do?id=nahh001_010100000000"}},{"type":"Feature","geometry":{"type":"Point","coordinates":[128.616478,35.641056]},"properties":{"id":"8808983641645","name":"새청도농협 하나로마트","address":"","phone":"054-371-1768","hours":"08:00 ~ 21:00","region":"경북","district":"청도군","facilities":["주유소","은행"],"source":"농협경제지주 공식 전국마트찾기","sourceUrl":"https://www.nhhanaro.co.kr/nahh_70005.do?id=nahh001_010100000000"}},{"type":"Feature","geometry":{"type":"Point","coordinates":[128.666414,35.66214]},"properties":{"id":"8808983641621","name":"서청도농협 하나로마트","address":"","phone":"054-372-4661","hours":"하절기 08:30 ~ 19:30 · 동절기 08:30 ~ 18:00","region":"경북","district":"청도군","facilities":["은행"],"source":"농협경제지주 공식 전국마트찾기","sourceUrl":"https://www.nhhanaro.co.kr/nahh_70005.do?id=nahh001_010100000000"}},{"type":"Feature","geometry":{"type":"Point","coordinates":[128.590196,35.689205]},"properties":{"id":"8808983641652","name":"서청도농협 하나로마트 각북점","address":"","phone":"054-372-7661","hours":"하절기 08:30 ~ 18:30 · 동절기 08:30 ~ 18:00","region":"경북","district":"청도군","facilities":["주유소","은행"],"source":"농협경제지주 공식 전국마트찾기","sourceUrl":"https://www.nhhanaro.co.kr/nahh_70005.do?id=nahh001_010100000000"}},{"type":"Feature","geometry":{"type":"Point","coordinates":[128.686671,35.689283]},"properties":{"id":"8808983643403","name":"서청도농협 하나로마트 양원점","address":"","phone":"054-373-2623","hours":"하절기 08:30 ~ 18:30 · 동절기 08:30 ~ 18:00","region":"경북","district":"청도군","facilities":["은행"],"source":"농협경제지주 공식 전국마트찾기","sourceUrl":"https://www.nhhanaro.co.kr/nahh_70005.do?id=nahh001_010100000000"}},{"type":"Feature","geometry":{"type":"Point","coordinates":[128.745375,35.643335]},"properties":{"id":"8808983641591","name":"청도농협 하나로마트","address":"","phone":"054-373-3718","hours":"08:30 ~ 21:00","region":"경북","district":"청도군","facilities":["은행"],"source":"농협경제지주 공식 전국마트찾기","sourceUrl":"https://www.nhhanaro.co.kr/nahh_70005.do?id=nahh001_010100000000"}},{"type":"Feature","geometry":{"type":"Point","coordinates":[128.707311,35.649424]},"properties":{"id":"8808983641614","name":"청도농협 하나로마트 화양점","address":"","phone":"054-373-3211","hours":"08:20 ~ 18:00","region":"경북","district":"청도군","facilities":["은행"],"source":"농협경제지주 공식 전국마트찾기","sourceUrl":"https://www.nhhanaro.co.kr/nahh_70005.do?id=nahh001_010100000000"}},{"type":"Feature","geometry":{"type":"Point","coordinates":[128.913831,35.715948]},"properties":{"id":"8808983641669","name":"청도산동농협 하나로마트 운문점","address":"","phone":"054-372-8661","hours":"08:00 ~ 18:00","region":"경북","district":"청도군","facilities":["은행"],"source":"농협경제지주 공식 전국마트찾기","sourceUrl":"https://www.nhhanaro.co.kr/nahh_70005.do?id=nahh001_010100000000"}},{"type":"Feature","geometry":{"type":"Point","coordinates":[128.743168,35.643565]},"properties":{"id":"8808983647210","name":"청도축협 하나로마트 본점","address":"","phone":"054-373-5005","hours":"08:00 ~ 21:00","region":"경북","district":"청도군","facilities":[],"source":"농협경제지주 공식 전국마트찾기","sourceUrl":"https://www.nhhanaro.co.kr/nahh_70005.do?id=nahh001_010100000000"}},{"type":"Feature","geometry":{"type":"Point","coordinates":[129.017536,36.290441]},"properties":{"id":"8808983640556","name":"남청송농협 하나로마트","address":"","phone":"054-872-8620","hours":"08:00 ~ 19:00","region":"경북","district":"청송군","facilities":[],"source":"농협경제지주 공식 전국마트찾기","sourceUrl":"https://www.nhhanaro.co.kr/nahh_70005.do?id=nahh001_010100000000"}},{"type":"Feature","geometry":{"type":"Point","coordinates":[128.959879,36.291107]},"properties":{"id":"8808983640570","name":"남청송농협 하나로마트 안덕점","address":"","phone":"054-872-0850","hours":"08:00 ~ 21:00","region":"경북","district":"청송군","facilities":[],"source":"농협경제지주 공식 전국마트찾기","sourceUrl":"https://www.nhhanaro.co.kr/nahh_70005.do?id=nahh001_010100000000"}},{"type":"Feature","geometry":{"type":"Point","coordinates":[129.05597,36.430081]},"properties":{"id":"8808983640525","name":"청송농협 하나로마트 본점","address":"","phone":"054-872-8021","hours":"08:00 ~ 20:00","region":"경북","district":"청송군","facilities":["주유소"],"source":"농협경제지주 공식 전국마트찾기","sourceUrl":"https://www.nhhanaro.co.kr/nahh_70005.do?id=nahh001_010100000000"}},{"type":"Feature","geometry":{"type":"Point","coordinates":[129.064609,36.348105]},"properties":{"id":"8808983640549","name":"청송농협 하나로마트 부남점","address":"","phone":"054-872-3524","hours":"08:00 ~ 20:00","region":"경북","district":"청송군","facilities":["은행"],"source":"농협경제지주 공식 전국마트찾기","sourceUrl":"https://www.nhhanaro.co.kr/nahh_70005.do?id=nahh001_010100000000"}},{"type":"Feature","geometry":{"type":"Point","coordinates":[129.159309,36.357597]},"properties":{"id":"8808983640532","name":"청송농협 하나로마트 주왕산점","address":"","phone":"054-873-2809","hours":"08:00 ~ 18:00","region":"경북","district":"청송군","facilities":[],"source":"농협경제지주 공식 전국마트찾기","sourceUrl":"https://www.nhhanaro.co.kr/nahh_70005.do?id=nahh001_010100000000"}},{"type":"Feature","geometry":{"type":"Point","coordinates":[129.045243,36.52748]},"properties":{"id":"8808983324265","name":"청송농협 하나로마트 진보점","address":"","phone":"054-874-5678","hours":"08:00 ~ 20:00","region":"경북","district":"청송군","facilities":["주유소","은행"],"source":"농협경제지주 공식 전국마트찾기","sourceUrl":"https://www.nhhanaro.co.kr/nahh_70005.do?id=nahh001_010100000000"}},{"type":"Feature","geometry":{"type":"Point","coordinates":[128.896714,36.2756]},"properties":{"id":"8808983640563","name":"현서농협 하나로마트","address":"","phone":"054-872-5720","hours":"08:00 ~ 21:00","region":"경북","district":"청송군","facilities":[],"source":"농협경제지주 공식 전국마트찾기","sourceUrl":"https://www.nhhanaro.co.kr/nahh_70005.do?id=nahh001_010100000000"}},{"type":"Feature","geometry":{"type":"Point","coordinates":[128.539194,36.086262]},"properties":{"id":"8808983641997","name":"가산농협 하나로마트","address":"","phone":"054-971-4026","hours":"08:00 ~ 18:00","region":"경북","district":"칠곡군","facilities":[],"source":"농협경제지주 공식 전국마트찾기","sourceUrl":"https://www.nhhanaro.co.kr/nahh_70005.do?id=nahh001_010100000000"}},{"type":"Feature","geometry":{"type":"Point","coordinates":[128.59285,36.006569]},"properties":{"id":"8808983641973","name":"동명농협 하나로마트 기성점","address":"","phone":"054-975-9816","hours":"08:30 ~ 18:00","region":"경북","district":"칠곡군","facilities":["은행"],"source":"농협경제지주 공식 전국마트찾기","sourceUrl":"https://www.nhhanaro.co.kr/nahh_70005.do?id=nahh001_010100000000"}},{"type":"Feature","geometry":{"type":"Point","coordinates":[128.553261,35.9826229]},"properties":{"id":"8808983641980","name":"동명농협 하나로마트 본점","address":"","phone":"054-976-8014","hours":"08:00 ~ 21:00","region":"경북","district":"칠곡군","facilities":["은행"],"source":"농협경제지주 공식 전국마트찾기","sourceUrl":"https://www.nhhanaro.co.kr/nahh_70005.do?id=nahh001_010100000000"}},{"type":"Feature","geometry":{"type":"Point","coordinates":[128.34141,36.065258]},"properties":{"id":"8808983323558","name":"북삼농협 하나로마트","address":"","phone":"054-973-5655","hours":"09:00 ~ 22:00","region":"경북","district":"칠곡군","facilities":["은행"],"source":"농협경제지주 공식 전국마트찾기","sourceUrl":"https://www.nhhanaro.co.kr/nahh_70005.do?id=nahh001_010100000000"}},{"type":"Feature","geometry":{"type":"Point","coordinates":[128.3949014,36.0756891]},"properties":{"id":"8808983642000","name":"석적농협하나로마트","address":"","phone":"054-975-7610","hours":"09:00 ~ 22:00","region":"경북","district":"칠곡군","facilities":["은행"],"source":"농협경제지주 공식 전국마트찾기","sourceUrl":"https://www.nhhanaro.co.kr/nahh_70005.do?id=nahh001_010100000000"}},{"type":"Feature","geometry":{"type":"Point","coordinates":[128.383997,35.986121]},"properties":{"id":"8808983642048","name":"약목농협 하나로마트 기산점","address":"","phone":"054-971-5858","hours":"09:00 ~ 18:00","region":"경북","district":"칠곡군","facilities":["은행"],"source":"농협경제지주 공식 전국마트찾기","sourceUrl":"https://www.nhhanaro.co.kr/nahh_70005.do?id=nahh001_010100000000"}},{"type":"Feature","geometry":{"type":"Point","coordinates":[128.365865,36.034145]},"properties":{"id":"8808983642031","name":"약목농협 하나로마트 본점","address":"","phone":"054-974-4081","hours":"08:30 ~ 19:00","region":"경북","district":"칠곡군","facilities":[],"source":"농협경제지주 공식 전국마트찾기","sourceUrl":"https://www.nhhanaro.co.kr/nahh_70005.do?id=nahh001_010100000000"}},{"type":"Feature","geometry":{"type":"Point","coordinates":[128.399366,35.994516]},"properties":{"id":"8808983641942","name":"왜관농협 하나로마트","address":"","phone":"054-973-9456","hours":"08:30 ~ 22:00","region":"경북","district":"칠곡군","facilities":["은행"],"source":"농협경제지주 공식 전국마트찾기","sourceUrl":"https://www.nhhanaro.co.kr/nahh_70005.do?id=nahh001_010100000000"}},{"type":"Feature","geometry":{"type":"Point","coordinates":[128.3987,35.987813]},"properties":{"id":"8808983641959","name":"왜관농협 하나로마트","address":"","phone":"054-972-6033","hours":"하절기 08:30 ~ 22:00 · 동절기 00:00 ~ 00:00","region":"경북","district":"칠곡군","facilities":["은행"],"source":"농협경제지주 공식 전국마트찾기","sourceUrl":"https://www.nhhanaro.co.kr/nahh_70005.do?id=nahh001_010100000000"}},{"type":"Feature","geometry":{"type":"Point","coordinates":[128.48928,35.956581]},"properties":{"id":"8808983641966","name":"지천농협 하나로마트","address":"","phone":"054-972-4812","hours":"08:30 ~ 19:30","region":"경북","district":"칠곡군","facilities":[],"source":"농협경제지주 공식 전국마트찾기","sourceUrl":"https://www.nhhanaro.co.kr/nahh_70005.do?id=nahh001_010100000000"}},{"type":"Feature","geometry":{"type":"Point","coordinates":[129.542464,35.976974]},"properties":{"id":"8808983640945","name":"구룡포농협 하나로마트","address":"","phone":"054-284-6211","hours":"08:30 ~ 19:00","region":"경북","district":"포항시","facilities":[],"source":"농협경제지주 공식 전국마트찾기","sourceUrl":"https://www.nhhanaro.co.kr/nahh_70005.do?id=nahh001_010100000000"}},{"type":"Feature","geometry":{"type":"Point","coordinates":[129.3325,36.07]},"properties":{"id":"8808983343556","name":"농협하나로마트 포항이인점","address":"","phone":"054-261-3080","hours":"10:00 ~ 20:00","region":"경북","district":"포항시","facilities":[],"source":"농협경제지주 공식 전국마트찾기","sourceUrl":"https://www.nhhanaro.co.kr/nahh_70005.do?id=nahh001_010100000000"}},{"type":"Feature","geometry":{"type":"Point","coordinates":[129.209729,36.06959]},"properties":{"id":"8808983641027","name":"서포항농협 하나로마트 기동점","address":"","phone":"054-243-2012","hours":"08:30 ~ 21:00","region":"경북","district":"포항시","facilities":["주유소","은행"],"source":"농협경제지주 공식 전국마트찾기","sourceUrl":"https://www.nhhanaro.co.kr/nahh_70005.do?id=nahh001_010100000000"}},{"type":"Feature","geometry":{"type":"Point","coordinates":[129.166502,36.128897]},"properties":{"id":"8808983641010","name":"서포항농협 하나로마트 기북점","address":"","phone":"054-243-5010","hours":"08:10 ~ 19:00","region":"경북","district":"포항시","facilities":["은행"],"source":"농협경제지주 공식 전국마트찾기","sourceUrl":"https://www.nhhanaro.co.kr/nahh_70005.do?id=nahh001_010100000000"}},{"type":"Feature","geometry":{"type":"Point","coordinates":[129.094649,36.160289]},"properties":{"id":"8808983640839","name":"서포항농협 하나로마트 죽장점","address":"","phone":"054-242-3444","hours":"08:00 ~ 21:00","region":"경북","district":"포항시","facilities":["은행"],"source":"농협경제지주 공식 전국마트찾기","sourceUrl":"https://www.nhhanaro.co.kr/nahh_70005.do?id=nahh001_010100000000"}},{"type":"Feature","geometry":{"type":"Point","coordinates":[129.339041,36.196981]},"properties":{"id":"8808983640846","name":"신포항농협 하나로마트 본점","address":"","phone":"054-232-4172","hours":"08:00 ~ 20:00","region":"경북","district":"포항시","facilities":[],"source":"농협경제지주 공식 전국마트찾기","sourceUrl":"https://www.nhhanaro.co.kr/nahh_70005.do?id=nahh001_010100000000"}},{"type":"Feature","geometry":{"type":"Point","coordinates":[129.320686,36.24476]},"properties":{"id":"8808983641034","name":"신포항농협 하나로마트 송라점","address":"","phone":"054-246-4640","hours":"08:00 ~ 20:00","region":"경북","district":"포항시","facilities":[],"source":"농협경제지주 공식 전국마트찾기","sourceUrl":"https://www.nhhanaro.co.kr/nahh_70005.do?id=nahh001_010100000000"}},{"type":"Feature","geometry":{"type":"Point","coordinates":[129.262903,36.127928]},"properties":{"id":"8808983640877","name":"신포항농협 하나로마트 신광점","address":"","phone":"054-243-7993","hours":"08:00 ~ 19:00","region":"경북","district":"포항시","facilities":["은행"],"source":"농협경제지주 공식 전국마트찾기","sourceUrl":"https://www.nhhanaro.co.kr/nahh_70005.do?id=nahh001_010100000000"}},{"type":"Feature","geometry":{"type":"Point","coordinates":[129.413399,35.962342]},"properties":{"id":"8808983301341","name":"오천농협 하나로마트","address":"","phone":"054-293-8980","hours":"08:30 ~ 23:00","region":"경북","district":"포항시","facilities":[],"source":"농협경제지주 공식 전국마트찾기","sourceUrl":"https://www.nhhanaro.co.kr/nahh_70005.do?id=nahh001_010100000000"}},{"type":"Feature","geometry":{"type":"Point","coordinates":[129.492925,35.894498]},"properties":{"id":"8808983304731","name":"장기농협 하나로마트 본점","address":"","phone":"054-276-1411","hours":"08:00 ~ 18:30","region":"경북","district":"포항시","facilities":[],"source":"농협경제지주 공식 전국마트찾기","sourceUrl":"https://www.nhhanaro.co.kr/nahh_70005.do?id=nahh001_010100000000"}},{"type":"Feature","geometry":{"type":"Point","coordinates":[129.517551,35.879608]},"properties":{"id":"8808983640891","name":"장기농협 하나로마트 양포점","address":"","phone":"054-284-8078","hours":"08:00 ~ 18:30","region":"경북","district":"포항시","facilities":["은행"],"source":"농협경제지주 공식 전국마트찾기","sourceUrl":"https://www.nhhanaro.co.kr/nahh_70005.do?id=nahh001_010100000000"}},{"type":"Feature","geometry":{"type":"Point","coordinates":[129.3812801,36.0725082]},"properties":{"id":"8808983325804","name":"포항농협 하나로마트","address":"","phone":"054-255-0900","hours":"09:00 ~ 22:00","region":"경북","district":"포항시","facilities":["은행"],"source":"농협경제지주 공식 전국마트찾기","sourceUrl":"https://www.nhhanaro.co.kr/nahh_70005.do?id=nahh001_010100000000"}},{"type":"Feature","geometry":{"type":"Point","coordinates":[129.4395675,35.9892623]},"properties":{"id":"8808983331447","name":"포항동해농협 하나로마트","address":"","phone":"054-274-8989","hours":"09:00 ~ 22:00","region":"경북","district":"포항시","facilities":[],"source":"농협경제지주 공식 전국마트찾기","sourceUrl":"https://www.nhhanaro.co.kr/nahh_70005.do?id=nahh001_010100000000"}},{"type":"Feature","geometry":{"type":"Point","coordinates":[129.399139,36.081957]},"properties":{"id":"8808983307039","name":"하나로마트 포항점(양덕동)","address":"","phone":"054-230-8000","hours":"하절기 10:00 ~ 23:00 · 동절기 00:00 ~ 00:00","region":"경북","district":"포항시","facilities":["문화센터","식자재"],"source":"농협경제지주 공식 전국마트찾기","sourceUrl":"https://www.nhhanaro.co.kr/nahh_70005.do?id=nahh001_010100000000"}},{"type":"Feature","geometry":{"type":"Point","coordinates":[126.827105,35.19093]},"properties":{"id":"8808983650869","name":"광주비아농협 하나로마트","address":"","phone":"062-605-3254","hours":"하절기 09:00 ~ 21:00 · 동절기 00:00 ~ 00:00","region":"광주","district":"광산구","facilities":["은행"],"source":"농협경제지주 공식 전국마트찾기","sourceUrl":"https://www.nhhanaro.co.kr/nahh_70005.do?id=nahh001_010100000000"}},{"type":"Feature","geometry":{"type":"Point","coordinates":[126.824918,35.222321]},"properties":{"id":"8808983650203","name":"광주비아농협 하나로마트 비아점","address":"","phone":"062-962-1038","hours":"하절기 09:00 ~ 19:00 · 동절기 00:00 ~ 00:00","region":"광주","district":"광산구","facilities":["은행"],"source":"농협경제지주 공식 전국마트찾기","sourceUrl":"https://www.nhhanaro.co.kr/nahh_70005.do?id=nahh001_010100000000"}},{"type":"Feature","geometry":{"type":"Point","coordinates":[126.699815,35.163274]},"properties":{"id":"8808983650074","name":"광주삼도농협 하나로마트","address":"","phone":"062-941-7400","hours":"08:00 ~ 19:00","region":"광주","district":"광산구","facilities":[],"source":"농협경제지주 공식 전국마트찾기","sourceUrl":"https://www.nhhanaro.co.kr/nahh_70005.do?id=nahh001_010100000000"}},{"type":"Feature","geometry":{"type":"Point","coordinates":[126.809382,35.169187]},"properties":{"id":"8808983650258","name":"광주하남농협 하나로마트","address":"","phone":"062-958-5597","hours":"08:30 ~ 19:30","region":"광주","district":"광산구","facilities":["은행"],"source":"농협경제지주 공식 전국마트찾기","sourceUrl":"https://www.nhhanaro.co.kr/nahh_70005.do?id=nahh001_010100000000"}},{"type":"Feature","geometry":{"type":"Point","coordinates":[126.77416,35.097916]},"properties":{"id":"8808983650050","name":"동곡농협 하나로마트","address":"","phone":"062-943-3018","hours":"08:30 ~ 19:00","region":"광주","district":"광산구","facilities":[],"source":"농협경제지주 공식 전국마트찾기","sourceUrl":"https://www.nhhanaro.co.kr/nahh_70005.do?id=nahh001_010100000000"}},{"type":"Feature","geometry":{"type":"Point","coordinates":[126.730014,35.181378]},"properties":{"id":"8808983305875","name":"본량농협 하나로마트","address":"","phone":"062-943-9780","hours":"08:00 ~ 20:00","region":"광주","district":"광산구","facilities":["은행"],"source":"농협경제지주 공식 전국마트찾기","sourceUrl":"https://www.nhhanaro.co.kr/nahh_70005.do?id=nahh001_010100000000"}},{"type":"Feature","geometry":{"type":"Point","coordinates":[126.7995187,35.1393133]},"properties":{"id":"8808983321578","name":"송정농협 하나로마트","address":"","phone":"062-942-1457","hours":"09:00 ~ 18:00","region":"광주","district":"광산구","facilities":["주유소"],"source":"농협경제지주 공식 전국마트찾기","sourceUrl":"https://www.nhhanaro.co.kr/nahh_70005.do?id=nahh001_010100000000"}},{"type":"Feature","geometry":{"type":"Point","coordinates":[126.742497,35.219835]},"properties":{"id":"8808983650180","name":"임곡농협 하나로마트 본점","address":"","phone":"062-954-5914","hours":"08:00 ~ 20:00","region":"광주","district":"광산구","facilities":["은행"],"source":"농협경제지주 공식 전국마트찾기","sourceUrl":"https://www.nhhanaro.co.kr/nahh_70005.do?id=nahh001_010100000000"}},{"type":"Feature","geometry":{"type":"Point","coordinates":[126.76071,35.12427]},"properties":{"id":"8808983650067","name":"평동농협 하나로마트","address":"","phone":"062-949-2200","hours":"07:00 ~ 23:00","region":"광주","district":"광산구","facilities":[],"source":"농협경제지주 공식 전국마트찾기","sourceUrl":"https://www.nhhanaro.co.kr/nahh_70005.do?id=nahh001_010100000000"}},{"type":"Feature","geometry":{"type":"Point","coordinates":[126.818737,35.184944]},"properties":{"id":"8808983305783","name":"하나로마트 광주점","address":"","phone":"062-650-0001","hours":"08:00 ~ 22:00","region":"광주","district":"광산구","facilities":[],"source":"농협경제지주 공식 전국마트찾기","sourceUrl":"https://www.nhhanaro.co.kr/nahh_70005.do?id=nahh001_010100000000"}},{"type":"Feature","geometry":{"type":"Point","coordinates":[126.818737,35.184944]},"properties":{"id":"8808983320939","name":"하나로마트 광주점(주유소)","address":"","phone":"062-650-0051","hours":"06:00 ~ 23:00","region":"광주","district":"광산구","facilities":["주유소","은행","식자재"],"source":"농협경제지주 공식 전국마트찾기","sourceUrl":"https://www.nhhanaro.co.kr/nahh_70005.do?id=nahh001_010100000000"}},{"type":"Feature","geometry":{"type":"Point","coordinates":[126.906636,35.133363]},"properties":{"id":"8808983650418","name":"남광주농협 하나로마트","address":"","phone":"062-600-3300","hours":"09:30 ~ 19:30","region":"광주","district":"남구","facilities":[],"source":"농협경제지주 공식 전국마트찾기","sourceUrl":"https://www.nhhanaro.co.kr/nahh_70005.do?id=nahh001_010100000000"}},{"type":"Feature","geometry":{"type":"Point","coordinates":[126.899065,35.117863]},"properties":{"id":"8808983650401","name":"남광주농협 하나로마트 진월점","address":"","phone":"062-716-1445","hours":"하절기 10:00 ~ 22:00 · 동절기 00:00 ~ 00:00","region":"광주","district":"남구","facilities":[],"source":"농협경제지주 공식 전국마트찾기","sourceUrl":"https://www.nhhanaro.co.kr/nahh_70005.do?id=nahh001_010100000000"}},{"type":"Feature","geometry":{"type":"Point","coordinates":[126.833213,35.080714]},"properties":{"id":"8808983650128","name":"대촌농협 하나로마트","address":"","phone":"062-602-0131","hours":"08:00 ~ 18:30","region":"광주","district":"남구","facilities":["은행"],"source":"농협경제지주 공식 전국마트찾기","sourceUrl":"https://www.nhhanaro.co.kr/nahh_70005.do?id=nahh001_010100000000"}},{"type":"Feature","geometry":{"type":"Point","coordinates":[126.803163,35.064548]},"properties":{"id":"8808983650135","name":"대촌농협 하나로마트 학승점","address":"","phone":"062-602-0160","hours":"08:00 ~ 17:00","region":"광주","district":"남구","facilities":["은행"],"source":"농협경제지주 공식 전국마트찾기","sourceUrl":"https://www.nhhanaro.co.kr/nahh_70005.do?id=nahh001_010100000000"}},{"type":"Feature","geometry":{"type":"Point","coordinates":[126.924817,35.136735]},"properties":{"id":"8808983657011","name":"광주축협 하나로마트 본점","address":"","phone":"062-228-4280","hours":"09:00 ~ 21:00","region":"광주","district":"동구","facilities":[],"source":"농협경제지주 공식 전국마트찾기","sourceUrl":"https://www.nhhanaro.co.kr/nahh_70005.do?id=nahh001_010100000000"}},{"type":"Feature","geometry":{"type":"Point","coordinates":[126.933569,35.121065]},"properties":{"id":"8808983320892","name":"남광주농협 하나로마트 지원점","address":"","phone":"062-605-3681","hours":"09:00 ~ 21:00","region":"광주","district":"동구","facilities":["은행"],"source":"농협경제지주 공식 전국마트찾기","sourceUrl":"https://www.nhhanaro.co.kr/nahh_70005.do?id=nahh001_010100000000"}},{"type":"Feature","geometry":{"type":"Point","coordinates":[126.894652,35.189483]},"properties":{"id":"8808983650838","name":"광주농협 하나로마트 매곡점","address":"","phone":"062-574-0515","hours":"09:00 ~ 22:00","region":"광주","district":"북구","facilities":[],"source":"농협경제지주 공식 전국마트찾기","sourceUrl":"https://www.nhhanaro.co.kr/nahh_70005.do?id=nahh001_010100000000"}},{"type":"Feature","geometry":{"type":"Point","coordinates":[126.91741,35.178971]},"properties":{"id":"8808983650487","name":"광주농협 하나로마트 문화점","address":"","phone":"062-266-0553","hours":"09:00 ~ 19:00","region":"광주","district":"북구","facilities":[],"source":"농협경제지주 공식 전국마트찾기","sourceUrl":"https://www.nhhanaro.co.kr/nahh_70005.do?id=nahh001_010100000000"}},{"type":"Feature","geometry":{"type":"Point","coordinates":[126.905634,35.186031]},"properties":{"id":"8808983650463","name":"광주농협 하나로마트 오치점","address":"","phone":"062-266-0330","hours":"09:00 ~ 19:00","region":"광주","district":"북구","facilities":[],"source":"농협경제지주 공식 전국마트찾기","sourceUrl":"https://www.nhhanaro.co.kr/nahh_70005.do?id=nahh001_010100000000"}},{"type":"Feature","geometry":{"type":"Point","coordinates":[126.896724,35.20515]},"properties":{"id":"8808983650845","name":"광주농협 하나로마트 일곡점","address":"","phone":"062-573-8003","hours":"09:00 ~ 19:00","region":"광주","district":"북구","facilities":[],"source":"농협경제지주 공식 전국마트찾기","sourceUrl":"https://www.nhhanaro.co.kr/nahh_70005.do?id=nahh001_010100000000"}},{"type":"Feature","geometry":{"type":"Point","coordinates":[126.999878,35.182826]},"properties":{"id":"8808983650517","name":"광주농협 하나로마트 충효점","address":"","phone":"062-266-6620","hours":"08:30 ~ 17:30","region":"광주","district":"북구","facilities":["은행"],"source":"농협경제지주 공식 전국마트찾기","sourceUrl":"https://www.nhhanaro.co.kr/nahh_70005.do?id=nahh001_010100000000"}},{"type":"Feature","geometry":{"type":"Point","coordinates":[126.894391,35.236271]},"properties":{"id":"8808983650357","name":"북광주농협 하나로마트 우치점","address":"","phone":"062-571-7731","hours":"09:00 ~ 18:00","region":"광주","district":"북구","facilities":["은행"],"source":"농협경제지주 공식 전국마트찾기","sourceUrl":"https://www.nhhanaro.co.kr/nahh_70005.do?id=nahh001_010100000000"}},{"type":"Feature","geometry":{"type":"Point","coordinates":[126.880721,35.2244512]},"properties":{"id":"8808983331638","name":"북광주농협 하나로마트&로컬푸드직매장","address":"","phone":"062-572-0482","hours":"09:00 ~ 21:00","region":"광주","district":"북구","facilities":["은행"],"source":"농협경제지주 공식 전국마트찾기","sourceUrl":"https://www.nhhanaro.co.kr/nahh_70005.do?id=nahh001_010100000000"}},{"type":"Feature","geometry":{"type":"Point","coordinates":[126.864641,35.174702]},"properties":{"id":"8808983323046","name":"서광주농협 하나로마트 동림점","address":"","phone":"062-511-2901","hours":"08:30 ~ 22:00","region":"광주","district":"서구","facilities":[],"source":"농협경제지주 공식 전국마트찾기","sourceUrl":"https://www.nhhanaro.co.kr/nahh_70005.do?id=nahh001_010100000000"}},{"type":"Feature","geometry":{"type":"Point","coordinates":[126.853008,35.16429]},"properties":{"id":"8808983650319","name":"서광주농협 하나로마트 유덕점","address":"","phone":"062-373-3235","hours":"09:00 ~ 18:00","region":"광주","district":"서구","facilities":[],"source":"농협경제지주 공식 전국마트찾기","sourceUrl":"https://www.nhhanaro.co.kr/nahh_70005.do?id=nahh001_010100000000"}},{"type":"Feature","geometry":{"type":"Point","coordinates":[126.85904,35.14028]},"properties":{"id":"8808983650883","name":"서창농협 하나로마트 금호점","address":"","phone":"062-373-4200","hours":"09:00 ~ 22:00","region":"광주","district":"서구","facilities":["은행"],"source":"농협경제지주 공식 전국마트찾기","sourceUrl":"https://www.nhhanaro.co.kr/nahh_70005.do?id=nahh001_010100000000"}},{"type":"Feature","geometry":{"type":"Point","coordinates":[126.831363,35.132778]},"properties":{"id":"8808983650111","name":"서창농협 하나로마트 벽진점","address":"","phone":"062-374-6970","hours":"08:00 ~ 17:00","region":"광주","district":"서구","facilities":["은행"],"source":"농협경제지주 공식 전국마트찾기","sourceUrl":"https://www.nhhanaro.co.kr/nahh_70005.do?id=nahh001_010100000000"}},{"type":"Feature","geometry":{"type":"Point","coordinates":[128.66605,36.09881]},"properties":{"id":"8808983640051","name":"군위농협 하나로마트 부계점","address":"","phone":"054-382-2080","hours":"하절기 08:10 ~ 17:30 · 동절기 00:00 ~ 00:00","region":"대구","district":"군위군","facilities":[],"source":"농협경제지주 공식 전국마트찾기","sourceUrl":"https://www.nhhanaro.co.kr/nahh_70005.do?id=nahh001_010100000000"}},{"type":"Feature","geometry":{"type":"Point","coordinates":[128.695549,36.125563]},"properties":{"id":"8808983640082","name":"군위농협 하나로마트 산성점","address":"","phone":"054-382-3014","hours":"하절기 08:00 ~ 18:00 · 동절기 00:00 ~ 00:00","region":"대구","district":"군위군","facilities":[],"source":"농협경제지주 공식 전국마트찾기","sourceUrl":"https://www.nhhanaro.co.kr/nahh_70005.do?id=nahh001_010100000000"}},{"type":"Feature","geometry":{"type":"Point","coordinates":[128.794587,36.1237918]},"properties":{"id":"8808983640099","name":"군위농협 하나로마트 삼국유사점","address":"","phone":"054-382-1189","hours":"08:20 ~ 17:10","region":"대구","district":"군위군","facilities":["주유소","은행"],"source":"농협경제지주 공식 전국마트찾기","sourceUrl":"https://www.nhhanaro.co.kr/nahh_70005.do?id=nahh001_010100000000"}},{"type":"Feature","geometry":{"type":"Point","coordinates":[128.566296,36.235712]},"properties":{"id":"8808983640037","name":"군위농협 하나로마트 서부점","address":"","phone":"054-383-4334","hours":"하절기 08:00 ~ 19:00 · 동절기 00:00 ~ 00:00","region":"대구","district":"군위군","facilities":["은행"],"source":"농협경제지주 공식 전국마트찾기","sourceUrl":"https://www.nhhanaro.co.kr/nahh_70005.do?id=nahh001_010100000000"}},{"type":"Feature","geometry":{"type":"Point","coordinates":[128.477581,36.255098]},"properties":{"id":"8808983640013","name":"군위농협 하나로마트 소보점","address":"","phone":"054-382-4081","hours":"하절기 08:00 ~ 18:00 · 동절기 00:00 ~ 00:00","region":"대구","district":"군위군","facilities":[],"source":"농협경제지주 공식 전국마트찾기","sourceUrl":"https://www.nhhanaro.co.kr/nahh_70005.do?id=nahh001_010100000000"}},{"type":"Feature","geometry":{"type":"Point","coordinates":[128.663832,36.195456]},"properties":{"id":"8808983640068","name":"팔공농협 하나로마트 우보점","address":"","phone":"054-382-6181","hours":"하절기 08:00 ~ 18:00 · 동절기 00:00 ~ 00:00","region":"대구","district":"군위군","facilities":["은행"],"source":"농협경제지주 공식 전국마트찾기","sourceUrl":"https://www.nhhanaro.co.kr/nahh_70005.do?id=nahh001_010100000000"}},{"type":"Feature","geometry":{"type":"Point","coordinates":[128.585919,36.15646]},"properties":{"id":"8808983640044","name":"팔공농협 하나로마트 효령점","address":"","phone":"054-382-8093","hours":"하절기 08:10 ~ 19:00 · 동절기 00:00 ~ 00:00","region":"대구","district":"군위군","facilities":["은행"],"source":"농협경제지주 공식 전국마트찾기","sourceUrl":"https://www.nhhanaro.co.kr/nahh_70005.do?id=nahh001_010100000000"}},{"type":"Feature","geometry":{"type":"Point","coordinates":[128.714838,36.174884]},"properties":{"id":"8808983640075","name":"팔공농협 하나로마트(본점)","address":"","phone":"054-382-7181","hours":"하절기 08:20 ~ 18:00 · 동절기 00:00 ~ 00:00","region":"대구","district":"군위군","facilities":["은행"],"source":"농협경제지주 공식 전국마트찾기","sourceUrl":"https://www.nhhanaro.co.kr/nahh_70005.do?id=nahh001_010100000000"}},{"type":"Feature","geometry":{"type":"Point","coordinates":[128.573208,36.117234]},"properties":{"id":"8808983421216","name":"하나로마트 군위점","address":"","phone":"054-380-5500","hours":"하절기 09:00 ~ 22:00 · 동절기 00:00 ~ 00:00","region":"대구","district":"군위군","facilities":["주유소"],"source":"농협경제지주 공식 전국마트찾기","sourceUrl":"https://www.nhhanaro.co.kr/nahh_70005.do?id=nahh001_010100000000"}},{"type":"Feature","geometry":{"type":"Point","coordinates":[128.57577,35.83881]},"properties":{"id":"8808983660011","name":"동대구농협 하나로마트 대명점","address":"","phone":"053-625-1382","hours":"09:00 ~ 19:00","region":"대구","district":"남구","facilities":["은행"],"source":"농협경제지주 공식 전국마트찾기","sourceUrl":"https://www.nhhanaro.co.kr/nahh_70005.do?id=nahh001_010100000000"}},{"type":"Feature","geometry":{"type":"Point","coordinates":[128.5357512,35.8188993]},"properties":{"id":"8808983303864","name":"대구축산농협 하나로마트 상인점","address":"","phone":"053-642-9904","hours":"10:00 ~ 21:00","region":"대구","district":"달서구","facilities":[],"source":"농협경제지주 공식 전국마트찾기","sourceUrl":"https://www.nhhanaro.co.kr/nahh_70005.do?id=nahh001_010100000000"}},{"type":"Feature","geometry":{"type":"Point","coordinates":[128.508171,35.851103]},"properties":{"id":"8808983660301","name":"성서농협 하나로마트","address":"","phone":"053-581-1815","hours":"09:00 ~ 20:00","region":"대구","district":"달서구","facilities":["은행"],"source":"농협경제지주 공식 전국마트찾기","sourceUrl":"https://www.nhhanaro.co.kr/nahh_70005.do?id=nahh001_010100000000"}},{"type":"Feature","geometry":{"type":"Point","coordinates":[128.545364,35.813057]},"properties":{"id":"8808983660363","name":"월배농협 하나로마트 대덕점","address":"","phone":"053-641-4495","hours":"09:00 ~ 19:00","region":"대구","district":"달서구","facilities":["은행"],"source":"농협경제지주 공식 전국마트찾기","sourceUrl":"https://www.nhhanaro.co.kr/nahh_70005.do?id=nahh001_010100000000"}},{"type":"Feature","geometry":{"type":"Point","coordinates":[128.5299114,35.8508613]},"properties":{"id":"8808983120232","name":"하나로마트 성서점","address":"","phone":"053-521-5100","hours":"09:00 ~ 23:00","region":"대구","district":"달서구","facilities":[],"source":"농협경제지주 공식 전국마트찾기","sourceUrl":"https://www.nhhanaro.co.kr/nahh_70005.do?id=nahh001_010100000000"}},{"type":"Feature","geometry":{"type":"Point","coordinates":[128.623162,35.803981]},"properties":{"id":"8808983660462","name":"가창농협 하나로마트","address":"","phone":"053-768-6500","hours":"08:30 ~ 19:00","region":"대구","district":"달성군","facilities":["은행"],"source":"농협경제지주 공식 전국마트찾기","sourceUrl":"https://www.nhhanaro.co.kr/nahh_70005.do?id=nahh001_010100000000"}},{"type":"Feature","geometry":{"type":"Point","coordinates":[128.411281,35.658433]},"properties":{"id":"8808983660660","name":"구지농협 하나로마트","address":"","phone":"053-614-4804","hours":"08:30 ~ 18:00","region":"대구","district":"달성군","facilities":[],"source":"농협경제지주 공식 전국마트찾기","sourceUrl":"https://www.nhhanaro.co.kr/nahh_70005.do?id=nahh001_010100000000"}},{"type":"Feature","geometry":{"type":"Point","coordinates":[128.498565,35.803805]},"properties":{"id":"8808983660516","name":"대구화원농협 하나로마트","address":"","phone":"053-632-9992","hours":"09:00 ~ 19:00","region":"대구","district":"달성군","facilities":[],"source":"농협경제지주 공식 전국마트찾기","sourceUrl":"https://www.nhhanaro.co.kr/nahh_70005.do?id=nahh001_010100000000"}},{"type":"Feature","geometry":{"type":"Point","coordinates":[128.4871518,35.7988391]},"properties":{"id":"8808983120218","name":"하나로마트 달성점","address":"","phone":"053-607-2000","hours":"09:00 ~ 22:00","region":"대구","district":"달성군","facilities":["식자재"],"source":"농협경제지주 공식 전국마트찾기","sourceUrl":"https://www.nhhanaro.co.kr/nahh_70005.do?id=nahh001_010100000000"}},{"type":"Feature","geometry":{"type":"Point","coordinates":[128.440055,35.899772]},"properties":{"id":"8808983660493","name":"하빈농협 하나로마트","address":"","phone":"053-582-6692","hours":"09:00 ~ 06:00","region":"대구","district":"달성군","facilities":[],"source":"농협경제지주 공식 전국마트찾기","sourceUrl":"https://www.nhhanaro.co.kr/nahh_70005.do?id=nahh001_010100000000"}},{"type":"Feature","geometry":{"type":"Point","coordinates":[128.421004,35.877344]},"properties":{"id":"8808983660509","name":"하빈농협 하나로마트 동곡점","address":"","phone":"053-582-6696","hours":"09:00 ~ 18:00","region":"대구","district":"달성군","facilities":[],"source":"농협경제지주 공식 전국마트찾기","sourceUrl":"https://www.nhhanaro.co.kr/nahh_70005.do?id=nahh001_010100000000"}},{"type":"Feature","geometry":{"type":"Point","coordinates":[128.634413,35.879273]},"properties":{"id":"8808983340722","name":"대경사과원예농협 하나로마트","address":"","phone":"054-730-3077","hours":"10:00 ~ 21:00","region":"대구","district":"동구","facilities":["은행","식자재"],"source":"농협경제지주 공식 전국마트찾기","sourceUrl":"https://www.nhhanaro.co.kr/nahh_70005.do?id=nahh001_010100000000"}},{"type":"Feature","geometry":{"type":"Point","coordinates":[128.692463,35.95595]},"properties":{"id":"8808983660394","name":"대구공산농협 하나로마트","address":"","phone":"053-981-8030","hours":"09:00 ~ 19:00","region":"대구","district":"동구","facilities":[],"source":"농협경제지주 공식 전국마트찾기","sourceUrl":"https://www.nhhanaro.co.kr/nahh_70005.do?id=nahh001_010100000000"}},{"type":"Feature","geometry":{"type":"Point","coordinates":[128.677971,35.8746399]},"properties":{"id":"8808983326757","name":"대구축산농협 축산물프라자 동대구IC점","address":"","phone":"053-944-9905","hours":"10:00 ~ 22:00","region":"대구","district":"동구","facilities":["은행"],"source":"농협경제지주 공식 전국마트찾기","sourceUrl":"https://www.nhhanaro.co.kr/nahh_70005.do?id=nahh001_010100000000"}},{"type":"Feature","geometry":{"type":"Point","coordinates":[128.622267,35.891972]},"properties":{"id":"8808983667010","name":"대구축산농협 하나로마트 본점","address":"","phone":"053-957-9904","hours":"10:00 ~ 21:00","region":"대구","district":"동구","facilities":["은행"],"source":"농협경제지주 공식 전국마트찾기","sourceUrl":"https://www.nhhanaro.co.kr/nahh_70005.do?id=nahh001_010100000000"}},{"type":"Feature","geometry":{"type":"Point","coordinates":[128.642596,35.891]},"properties":{"id":"8808983660202","name":"동촌농협 하나로마트 본점","address":"","phone":"053-983-7792","hours":"10:00 ~ 19:00","region":"대구","district":"동구","facilities":["문화센터","은행"],"source":"농협경제지주 공식 전국마트찾기","sourceUrl":"https://www.nhhanaro.co.kr/nahh_70005.do?id=nahh001_010100000000"}},{"type":"Feature","geometry":{"type":"Point","coordinates":[128.5849446,35.889099]},"properties":{"id":"8808983332451","name":"대구축산농협 축산물프라자 침산점","address":"","phone":"053-352-9904","hours":"10:00 ~ 22:00","region":"대구","district":"북구","facilities":[],"source":"농협경제지주 공식 전국마트찾기","sourceUrl":"https://www.nhhanaro.co.kr/nahh_70005.do?id=nahh001_010100000000"}},{"type":"Feature","geometry":{"type":"Point","coordinates":[128.610006,35.899327]},"properties":{"id":"8808983660196","name":"북대구농협 하나로마트","address":"","phone":"053-951-2014","hours":"10:00 ~ 21:00","region":"대구","district":"북구","facilities":[],"source":"농협경제지주 공식 전국마트찾기","sourceUrl":"https://www.nhhanaro.co.kr/nahh_70005.do?id=nahh001_010100000000"}},{"type":"Feature","geometry":{"type":"Point","coordinates":[128.551646,35.946684]},"properties":{"id":"8808983660431","name":"칠곡농협 하나로마트","address":"","phone":"053-321-1117","hours":"09:00 ~ 20:00","region":"대구","district":"북구","facilities":[],"source":"농협경제지주 공식 전국마트찾기","sourceUrl":"https://www.nhhanaro.co.kr/nahh_70005.do?id=nahh001_010100000000"}},{"type":"Feature","geometry":{"type":"Point","coordinates":[128.556058,35.866078]},"properties":{"id":"8808983660141","name":"서대구농협 하나로마트","address":"","phone":"053-561-8860","hours":"09:00 ~ 20:00","region":"대구","district":"서구","facilities":["은행"],"source":"농협경제지주 공식 전국마트찾기","sourceUrl":"https://www.nhhanaro.co.kr/nahh_70005.do?id=nahh001_010100000000"}},{"type":"Feature","geometry":{"type":"Point","coordinates":[128.69581,35.843168]},"properties":{"id":"8808983660271","name":"대구고산농협 하나로마트","address":"","phone":"053-792-6904","hours":"09:00 ~ 19:00","region":"대구","district":"수성구","facilities":["은행"],"source":"농협경제지주 공식 전국마트찾기","sourceUrl":"https://www.nhhanaro.co.kr/nahh_70005.do?id=nahh001_010100000000"}},{"type":"Feature","geometry":{"type":"Point","coordinates":[128.636129,35.8584196]},"properties":{"id":"8808983667041","name":"대구축산농협 하나로마트 수성점","address":"","phone":"053-741-9904","hours":"하절기 10:00 ~ 21:00 · 동절기 00:00 ~ 00:00","region":"대구","district":"수성구","facilities":["은행"],"source":"농협경제지주 공식 전국마트찾기","sourceUrl":"https://www.nhhanaro.co.kr/nahh_70005.do?id=nahh001_010100000000"}},{"type":"Feature","geometry":{"type":"Point","coordinates":[128.634622,35.859208]},"properties":{"id":"8808983660042","name":"동대구농협 하나로마트","address":"","phone":"053-751-0094","hours":"08:30 ~ 19:00","region":"대구","district":"수성구","facilities":["은행"],"source":"농협경제지주 공식 전국마트찾기","sourceUrl":"https://www.nhhanaro.co.kr/nahh_70005.do?id=nahh001_010100000000"}},{"type":"Feature","geometry":{"type":"Point","coordinates":[128.632325,35.820959]},"properties":{"id":"8808983660028","name":"동대구농협 하나로마트 수동점","address":"","phone":"053-782-0095","hours":"08:30 ~ 19:00","region":"대구","district":"수성구","facilities":["은행"],"source":"농협경제지주 공식 전국마트찾기","sourceUrl":"https://www.nhhanaro.co.kr/nahh_70005.do?id=nahh001_010100000000"}},{"type":"Feature","geometry":{"type":"Point","coordinates":[127.42843,36.370884]},"properties":{"id":"8808983670560","name":"대전원예농협 하나로마트 법동점","address":"","phone":"042-637-5200","hours":"09:00 ~ 19:00","region":"대전","district":"대덕구","facilities":["은행"],"source":"농협경제지주 공식 전국마트찾기","sourceUrl":"https://www.nhhanaro.co.kr/nahh_70005.do?id=nahh001_010100000000"}},{"type":"Feature","geometry":{"type":"Point","coordinates":[127.422503,36.436917]},"properties":{"id":"8808983670478","name":"신탄진농협 하나로마트","address":"","phone":"042-934-5106","hours":"08:00 ~ 22:00","region":"대전","district":"대덕구","facilities":[],"source":"농협경제지주 공식 전국마트찾기","sourceUrl":"https://www.nhhanaro.co.kr/nahh_70005.do?id=nahh001_010100000000"}},{"type":"Feature","geometry":{"type":"Point","coordinates":[127.425909,36.450001]},"properties":{"id":"8808983670492","name":"신탄진농협 하나로마트 석봉점","address":"","phone":"042-931-5510","hours":"09:00 ~ 20:00","region":"대전","district":"대덕구","facilities":[],"source":"농협경제지주 공식 전국마트찾기","sourceUrl":"https://www.nhhanaro.co.kr/nahh_70005.do?id=nahh001_010100000000"}},{"type":"Feature","geometry":{"type":"Point","coordinates":[127.438927,36.366392]},"properties":{"id":"8808983670317","name":"회덕농협 하나로마트 매봉점","address":"","phone":"042-624-9500","hours":"하절기 09:00 ~ 21:00 · 동절기 00:00 ~ 00:00","region":"대전","district":"대덕구","facilities":["은행"],"source":"농협경제지주 공식 전국마트찾기","sourceUrl":"https://www.nhhanaro.co.kr/nahh_70005.do?id=nahh001_010100000000"}},{"type":"Feature","geometry":{"type":"Point","coordinates":[127.423058,36.401176]},"properties":{"id":"8808983670263","name":"회덕농협 하나로마트 와동점","address":"","phone":"042-626-9020","hours":"하절기 09:00 ~ 19:00 · 동절기 00:00 ~ 00:00","region":"대전","district":"대덕구","facilities":["은행"],"source":"농협경제지주 공식 전국마트찾기","sourceUrl":"https://www.nhhanaro.co.kr/nahh_70005.do?id=nahh001_010100000000"}},{"type":"Feature","geometry":{"type":"Point","coordinates":[127.421021,36.375211]},"properties":{"id":"8808983670287","name":"회덕농협 하나로마트 읍내점","address":"","phone":"042-628-0703","hours":"하절기 09:00 ~ 19:00 · 동절기 00:00 ~ 00:00","region":"대전","district":"대덕구","facilities":["은행"],"source":"농협경제지주 공식 전국마트찾기","sourceUrl":"https://www.nhhanaro.co.kr/nahh_70005.do?id=nahh001_010100000000"}},{"type":"Feature","geometry":{"type":"Point","coordinates":[127.44921015,36.340250836]},"properties":{"id":"8808983331805","name":"대전축산농협 하나로마트 자양동지점","address":"","phone":"042-627-4995","hours":"09:00 ~ 20:00","region":"대전","district":"동구","facilities":["은행"],"source":"농협경제지주 공식 전국마트찾기","sourceUrl":"https://www.nhhanaro.co.kr/nahh_70005.do?id=nahh001_010100000000"}},{"type":"Feature","geometry":{"type":"Point","coordinates":[127.443,36.320249]},"properties":{"id":"8808983670034","name":"동대전농협 하나로마트","address":"","phone":"042-281-3300","hours":"09:00 ~ 22:00","region":"대전","district":"동구","facilities":["은행"],"source":"농협경제지주 공식 전국마트찾기","sourceUrl":"https://www.nhhanaro.co.kr/nahh_70005.do?id=nahh001_010100000000"}},{"type":"Feature","geometry":{"type":"Point","coordinates":[127.467842,36.281554]},"properties":{"id":"8808983670225","name":"산내농협 하나로마트","address":"","phone":"042-285-7044","hours":"09:00 ~ 22:00","region":"대전","district":"동구","facilities":[],"source":"농협경제지주 공식 전국마트찾기","sourceUrl":"https://www.nhhanaro.co.kr/nahh_70005.do?id=nahh001_010100000000"}},{"type":"Feature","geometry":{"type":"Point","coordinates":[127.341123,36.253552]},"properties":{"id":"8808983670331","name":"기성농협 하나로마트","address":"","phone":"042-581-4614","hours":"08:30 ~ 18:30","region":"대전","district":"서구","facilities":["주유소","은행"],"source":"농협경제지주 공식 전국마트찾기","sourceUrl":"https://www.nhhanaro.co.kr/nahh_70005.do?id=nahh001_010100000000"}},{"type":"Feature","geometry":{"type":"Point","coordinates":[127.33555,36.296691]},"properties":{"id":"8808983670379","name":"남대전농협 하나로마트 관저점","address":"","phone":"042-545-4828","hours":"09:00 ~ 22:00","region":"대전","district":"서구","facilities":["은행"],"source":"농협경제지주 공식 전국마트찾기","sourceUrl":"https://www.nhhanaro.co.kr/nahh_70005.do?id=nahh001_010100000000"}},{"type":"Feature","geometry":{"type":"Point","coordinates":[127.389807,36.350578]},"properties":{"id":"8808983670140","name":"대전서부농협 하나로마트 새둔산점","address":"","phone":"042-486-2191","hours":"09:00 ~ 19:00","region":"대전","district":"서구","facilities":["은행"],"source":"농협경제지주 공식 전국마트찾기","sourceUrl":"https://www.nhhanaro.co.kr/nahh_70005.do?id=nahh001_010100000000"}},{"type":"Feature","geometry":{"type":"Point","coordinates":[127.375454,36.36349]},"properties":{"id":"8808983670232","name":"대전서부농협 하나로마트 선사점","address":"","phone":"042-486-5238","hours":"09:00 ~ 21:00","region":"대전","district":"서구","facilities":["은행"],"source":"농협경제지주 공식 전국마트찾기","sourceUrl":"https://www.nhhanaro.co.kr/nahh_70005.do?id=nahh001_010100000000"}},{"type":"Feature","geometry":{"type":"Point","coordinates":[127.379315,36.326635]},"properties":{"id":"8808983670171","name":"대전서부농협하나로마트 변동점","address":"","phone":"042-533-9900","hours":"09:00 ~ 21:00","region":"대전","district":"서구","facilities":[],"source":"농협경제지주 공식 전국마트찾기","sourceUrl":"https://www.nhhanaro.co.kr/nahh_70005.do?id=nahh001_010100000000"}},{"type":"Feature","geometry":{"type":"Point","coordinates":[127.387514,36.3428389]},"properties":{"id":"8808983670249","name":"대전서부농협하나로마트 탄방점","address":"","phone":"042-488-8111","hours":"09:00 ~ 21:00","region":"대전","district":"서구","facilities":["은행"],"source":"농협경제지주 공식 전국마트찾기","sourceUrl":"https://www.nhhanaro.co.kr/nahh_70005.do?id=nahh001_010100000000"}},{"type":"Feature","geometry":{"type":"Point","coordinates":[127.39443,36.3464497]},"properties":{"id":"8808983670577","name":"대전원예농협 하나로마트 둔산로점","address":"","phone":"042-483-7492","hours":"09:00 ~ 19:00","region":"대전","district":"서구","facilities":["은행"],"source":"농협경제지주 공식 전국마트찾기","sourceUrl":"https://www.nhhanaro.co.kr/nahh_70005.do?id=nahh001_010100000000"}},{"type":"Feature","geometry":{"type":"Point","coordinates":[127.350568,36.312915]},"properties":{"id":"8808983323909","name":"대전축산농협 하나로마트 도안점","address":"","phone":"042-545-8903","hours":"09:00 ~ 20:00","region":"대전","district":"서구","facilities":["은행"],"source":"농협경제지주 공식 전국마트찾기","sourceUrl":"https://www.nhhanaro.co.kr/nahh_70005.do?id=nahh001_010100000000"}},{"type":"Feature","geometry":{"type":"Point","coordinates":[127.379219,36.351055]},"properties":{"id":"8808983677026","name":"대전축산농협 하나로마트 본점","address":"","phone":"042-485-7546","hours":"09:00 ~ 19:00","region":"대전","district":"서구","facilities":["은행"],"source":"농협경제지주 공식 전국마트찾기","sourceUrl":"https://www.nhhanaro.co.kr/nahh_70005.do?id=nahh001_010100000000"}},{"type":"Feature","geometry":{"type":"Point","coordinates":[127.388755,36.423753]},"properties":{"id":"8808983670591","name":"북대전농협 하나로마트 관평점","address":"","phone":"042-671-7003","hours":"하절기 09:00 ~ 22:00 · 동절기 00:00 ~ 00:00","region":"대전","district":"유성구","facilities":["은행"],"source":"농협경제지주 공식 전국마트찾기","sourceUrl":"https://www.nhhanaro.co.kr/nahh_70005.do?id=nahh001_010100000000"}},{"type":"Feature","geometry":{"type":"Point","coordinates":[127.400468,36.398623]},"properties":{"id":"8808983670508","name":"북대전농협 하나로마트 전민점","address":"","phone":"042-861-3830","hours":"09:00 ~ 20:00","region":"대전","district":"유성구","facilities":["은행"],"source":"농협경제지주 공식 전국마트찾기","sourceUrl":"https://www.nhhanaro.co.kr/nahh_70005.do?id=nahh001_010100000000"}},{"type":"Feature","geometry":{"type":"Point","coordinates":[127.352893,36.361757]},"properties":{"id":"8808983670614","name":"유성농협 하나로마트 궁동점","address":"","phone":"042-822-2869","hours":"09:00 ~ 20:00","region":"대전","district":"유성구","facilities":["은행"],"source":"농협경제지주 공식 전국마트찾기","sourceUrl":"https://www.nhhanaro.co.kr/nahh_70005.do?id=nahh001_010100000000"}},{"type":"Feature","geometry":{"type":"Point","coordinates":[127.3469579,36.3513783]},"properties":{"id":"8808983333519","name":"유성농협 하나로마트 봉명점","address":"","phone":"042-824-0365","hours":"09:00 ~ 21:00","region":"대전","district":"유성구","facilities":[],"source":"농협경제지주 공식 전국마트찾기","sourceUrl":"https://www.nhhanaro.co.kr/nahh_70005.do?id=nahh001_010100000000"}},{"type":"Feature","geometry":{"type":"Point","coordinates":[127.321054,36.313391]},"properties":{"id":"8808983670584","name":"진잠농협 하나로마트 대정점","address":"","phone":"042-829-3886","hours":"09:00 ~ 20:00","region":"대전","district":"유성구","facilities":["은행"],"source":"농협경제지주 공식 전국마트찾기","sourceUrl":"https://www.nhhanaro.co.kr/nahh_70005.do?id=nahh001_010100000000"}},{"type":"Feature","geometry":{"type":"Point","coordinates":[127.30827855,36.3408258]},"properties":{"id":"8808983333335","name":"진잠농협하나로마트분사","address":"","phone":"042-0000-0000","hours":"09:00 ~ 21:00","region":"대전","district":"유성구","facilities":["주유소","문화센터","은행","식자재"],"source":"농협경제지주 공식 전국마트찾기","sourceUrl":"https://www.nhhanaro.co.kr/nahh_70005.do?id=nahh001_010100000000"}},{"type":"Feature","geometry":{"type":"Point","coordinates":[127.303777,36.390294]},"properties":{"id":"8808983324395","name":"탄동농협 하나로마트 본점","address":"","phone":"042-823-1760","hours":"하절기 09:00 ~ 21:00 · 동절기 09:00 ~ 20:00","region":"대전","district":"유성구","facilities":["문화센터","은행"],"source":"농협경제지주 공식 전국마트찾기","sourceUrl":"https://www.nhhanaro.co.kr/nahh_70005.do?id=nahh001_010100000000"}},{"type":"Feature","geometry":{"type":"Point","coordinates":[127.350321,36.386915]},"properties":{"id":"8808983670454","name":"탄동농협 하나로마트 신성점","address":"","phone":"042-861-5318","hours":"08:00 ~ 21:00","region":"대전","district":"유성구","facilities":[],"source":"농협경제지주 공식 전국마트찾기","sourceUrl":"https://www.nhhanaro.co.kr/nahh_70005.do?id=nahh001_010100000000"}},{"type":"Feature","geometry":{"type":"Point","coordinates":[127.322887,36.38724]},"properties":{"id":"8808983322292","name":"탄동농협 하나로마트 하기점","address":"","phone":"042-826-6868","hours":"08:00 ~ 21:00","region":"대전","district":"유성구","facilities":["은행"],"source":"농협경제지주 공식 전국마트찾기","sourceUrl":"https://www.nhhanaro.co.kr/nahh_70005.do?id=nahh001_010100000000"}},{"type":"Feature","geometry":{"type":"Point","coordinates":[127.32023,36.36534]},"properties":{"id":"8808983331539","name":"하나로마트 노은점(축산물 전문판매장)","address":"","phone":"042-822-5520","hours":"07:00 ~ 20:00","region":"대전","district":"유성구","facilities":[],"source":"농협경제지주 공식 전국마트찾기","sourceUrl":"https://www.nhhanaro.co.kr/nahh_70005.do?id=nahh001_010100000000"}},{"type":"Feature","geometry":{"type":"Point","coordinates":[127.4295482,36.3219163]},"properties":{"id":"8808983325965","name":"대전원예농협 하나로마트","address":"","phone":"042-585-5300","hours":"하절기 10:00 ~ 22:00 · 동절기 00:00 ~ 00:00","region":"대전","district":"중구","facilities":["문화센터"],"source":"농협경제지주 공식 전국마트찾기","sourceUrl":"https://www.nhhanaro.co.kr/nahh_70005.do?id=nahh001_010100000000"}},{"type":"Feature","geometry":{"type":"Point","coordinates":[127.244667,36.29553]},"properties":{"id":"8808983679013","name":"대전원예농협 하나로마트 계룡대점","address":"","phone":"042-825-1951","hours":"09:30 ~ 20:00","region":"대전","district":"중구","facilities":[],"source":"농협경제지주 공식 전국마트찾기","sourceUrl":"https://www.nhhanaro.co.kr/nahh_70005.do?id=nahh001_010100000000"}},{"type":"Feature","geometry":{"type":"Point","coordinates":[127.3893205,36.3182504]},"properties":{"id":"8808983670539","name":"서대전농협 하나로마트 버드내점","address":"","phone":"042-536-7410","hours":"09:30 ~ 20:30","region":"대전","district":"중구","facilities":["은행"],"source":"농협경제지주 공식 전국마트찾기","sourceUrl":"https://www.nhhanaro.co.kr/nahh_70005.do?id=nahh001_010100000000"}},{"type":"Feature","geometry":{"type":"Point","coordinates":[127.378004,36.288096]},"properties":{"id":"8808983421315","name":"하나로마트 대전점","address":"","phone":"042-580-5000","hours":"09:00 ~ 22:00","region":"대전","district":"중구","facilities":["주유소","식자재"],"source":"농협경제지주 공식 전국마트찾기","sourceUrl":"https://www.nhhanaro.co.kr/nahh_70005.do?id=nahh001_010100000000"}},{"type":"Feature","geometry":{"type":"Point","coordinates":[127.4078523,36.3258393]},"properties":{"id":"8808983300597","name":"하나로마트 오룡점","address":"","phone":"042-537-6000","hours":"09:00 ~ 22:00","region":"대전","district":"중구","facilities":[],"source":"농협경제지주 공식 전국마트찾기","sourceUrl":"https://www.nhhanaro.co.kr/nahh_70005.do?id=nahh001_010100000000"}},{"type":"Feature","geometry":{"type":"Point","coordinates":[128.901509,35.195597]},"properties":{"id":"8808983680545","name":"가락농협 하나로마트 본점","address":"","phone":"051-972-2560","hours":"08:30 ~ 20:00","region":"부산","district":"강서구","facilities":[],"source":"농협경제지주 공식 전국마트찾기","sourceUrl":"https://www.nhhanaro.co.kr/nahh_70005.do?id=nahh001_010100000000"}},{"type":"Feature","geometry":{"type":"Point","coordinates":[128.857832,35.102006]},"properties":{"id":"8808983680552","name":"녹산농협 하나로마트 본점","address":"","phone":"051-971-7701","hours":"09:00 ~ 17:00","region":"부산","district":"강서구","facilities":["은행"],"source":"농협경제지주 공식 전국마트찾기","sourceUrl":"https://www.nhhanaro.co.kr/nahh_70005.do?id=nahh001_010100000000"}},{"type":"Feature","geometry":{"type":"Point","coordinates":[128.9777148,35.2147671]},"properties":{"id":"8808983680378","name":"대저농협","address":"","phone":"051-971-1967","hours":"08:00 ~ 20:00","region":"부산","district":"강서구","facilities":["은행"],"source":"농협경제지주 공식 전국마트찾기","sourceUrl":"https://www.nhhanaro.co.kr/nahh_70005.do?id=nahh001_010100000000"}},{"type":"Feature","geometry":{"type":"Point","coordinates":[128.9554301,35.180428]},"properties":{"id":"8808983680354","name":"대저농협 하나로마트 공항점","address":"","phone":"051-973-9526","hours":"09:00 ~ 20:00","region":"부산","district":"강서구","facilities":["은행"],"source":"농협경제지주 공식 전국마트찾기","sourceUrl":"https://www.nhhanaro.co.kr/nahh_70005.do?id=nahh001_010100000000"}},{"type":"Feature","geometry":{"type":"Point","coordinates":[128.947427,35.213176]},"properties":{"id":"8808983680361","name":"대저농협 하나로마트 평강점","address":"","phone":"051-972-2501","hours":"09:00 ~ 19:00","region":"부산","district":"강서구","facilities":["은행"],"source":"농협경제지주 공식 전국마트찾기","sourceUrl":"https://www.nhhanaro.co.kr/nahh_70005.do?id=nahh001_010100000000"}},{"type":"Feature","geometry":{"type":"Point","coordinates":[128.924164,35.1112]},"properties":{"id":"8808983680392","name":"명지농협 하나로마트","address":"","phone":"051-271-0111","hours":"08:30 ~ 18:00","region":"부산","district":"강서구","facilities":["은행"],"source":"농협경제지주 공식 전국마트찾기","sourceUrl":"https://www.nhhanaro.co.kr/nahh_70005.do?id=nahh001_010100000000"}},{"type":"Feature","geometry":{"type":"Point","coordinates":[128.9329957,35.2200306]},"properties":{"id":"8808983332611","name":"부경원예농협 하나로마트","address":"","phone":"051-972-0610","hours":"09:00 ~ 20:00","region":"부산","district":"강서구","facilities":["은행"],"source":"농협경제지주 공식 전국마트찾기","sourceUrl":"https://www.nhhanaro.co.kr/nahh_70005.do?id=nahh001_010100000000"}},{"type":"Feature","geometry":{"type":"Point","coordinates":[128.9369869,35.2158683]},"properties":{"id":"8808983680408","name":"부산강동농협 하나로마트","address":"","phone":"051-972-7454","hours":"08:30 ~ 19:00","region":"부산","district":"강서구","facilities":[],"source":"농협경제지주 공식 전국마트찾기","sourceUrl":"https://www.nhhanaro.co.kr/nahh_70005.do?id=nahh001_010100000000"}},{"type":"Feature","geometry":{"type":"Point","coordinates":[128.834419,35.064734]},"properties":{"id":"8808983680583","name":"웅동농협 하나로마트 가덕도점","address":"","phone":"051-972-2469","hours":"09:00 ~ 18:00","region":"부산","district":"강서구","facilities":[],"source":"농협경제지주 공식 전국마트찾기","sourceUrl":"https://www.nhhanaro.co.kr/nahh_70005.do?id=nahh001_010100000000"}},{"type":"Feature","geometry":{"type":"Point","coordinates":[129.088782,35.271514]},"properties":{"id":"8808983680255","name":"금정농협 하나로마트","address":"","phone":"051-512-0072","hours":"하절기 09:00 ~ 22:00 · 동절기 00:00 ~ 00:00","region":"부산","district":"금정구","facilities":["은행"],"source":"농협경제지주 공식 전국마트찾기","sourceUrl":"https://www.nhhanaro.co.kr/nahh_70005.do?id=nahh001_010100000000"}},{"type":"Feature","geometry":{"type":"Point","coordinates":[129.1114,35.295555]},"properties":{"id":"8808983680293","name":"금정농협 하나로마트 두구점","address":"","phone":"051-508-6044","hours":"09:00 ~ 19:00","region":"부산","district":"금정구","facilities":["은행"],"source":"농협경제지주 공식 전국마트찾기","sourceUrl":"https://www.nhhanaro.co.kr/nahh_70005.do?id=nahh001_010100000000"}},{"type":"Feature","geometry":{"type":"Point","coordinates":[129.092029,35.22601]},"properties":{"id":"8808983680279","name":"금정농협 하나로마트 부곡점","address":"","phone":"051-513-8492","hours":"09:00 ~ 21:00","region":"부산","district":"금정구","facilities":["은행"],"source":"농협경제지주 공식 전국마트찾기","sourceUrl":"https://www.nhhanaro.co.kr/nahh_70005.do?id=nahh001_010100000000"}},{"type":"Feature","geometry":{"type":"Point","coordinates":[129.085959,35.239504]},"properties":{"id":"8808983680262","name":"금정농협 하나로마트 장전점","address":"","phone":"051-513-1807","hours":"09:00 ~ 21:00","region":"부산","district":"금정구","facilities":["은행"],"source":"농협경제지주 공식 전국마트찾기","sourceUrl":"https://www.nhhanaro.co.kr/nahh_70005.do?id=nahh001_010100000000"}},{"type":"Feature","geometry":{"type":"Point","coordinates":[129.091448,35.129144]},"properties":{"id":"8808983680088","name":"남부산농협 하나로마트 석포점","address":"","phone":"051-625-1924","hours":"10:00 ~ 19:00","region":"부산","district":"남구","facilities":["은행"],"source":"농협경제지주 공식 전국마트찾기","sourceUrl":"https://www.nhhanaro.co.kr/nahh_70005.do?id=nahh001_010100000000"}},{"type":"Feature","geometry":{"type":"Point","coordinates":[129.110444,35.111923]},"properties":{"id":"8808983301303","name":"하나로마트 용호점","address":"","phone":"051-621-3200","hours":"10:00 ~ 22:00","region":"부산","district":"남구","facilities":[],"source":"농협경제지주 공식 전국마트찾기","sourceUrl":"https://www.nhhanaro.co.kr/nahh_70005.do?id=nahh001_010100000000"}},{"type":"Feature","geometry":{"type":"Point","coordinates":[129.084924,35.202224]},"properties":{"id":"8808983680347","name":"동래농협 하나로마트","address":"","phone":"051-550-8571","hours":"09:00 ~ 19:00","region":"부산","district":"동래구","facilities":["은행"],"source":"농협경제지주 공식 전국마트찾기","sourceUrl":"https://www.nhhanaro.co.kr/nahh_70005.do?id=nahh001_010100000000"}},{"type":"Feature","geometry":{"type":"Point","coordinates":[129.05767,35.197884]},"properties":{"id":"8808983421087","name":"하나로마트 사직점","address":"","phone":"051-506-4100","hours":"09:00 ~ 22:00","region":"부산","district":"동래구","facilities":[],"source":"농협경제지주 공식 전국마트찾기","sourceUrl":"https://www.nhhanaro.co.kr/nahh_70005.do?id=nahh001_010100000000"}},{"type":"Feature","geometry":{"type":"Point","coordinates":[129.062331,35.162829]},"properties":{"id":"8808983421070","name":"하나로마트 부전점","address":"","phone":"051-801-9000","hours":"09:00 ~ 22:00","region":"부산","district":"부산진구","facilities":["은행","식자재"],"source":"농협경제지주 공식 전국마트찾기","sourceUrl":"https://www.nhhanaro.co.kr/nahh_70005.do?id=nahh001_010100000000"}},{"type":"Feature","geometry":{"type":"Point","coordinates":[129.006506,35.209598]},"properties":{"id":"8808983680101","name":"북부산농협 하나로마트 본점","address":"","phone":"051-361-9001","hours":"09:00 ~ 20:00","region":"부산","district":"북구","facilities":["은행"],"source":"농협경제지주 공식 전국마트찾기","sourceUrl":"https://www.nhhanaro.co.kr/nahh_70005.do?id=nahh001_010100000000"}},{"type":"Feature","geometry":{"type":"Point","coordinates":[129.0349291,35.2140941]},"properties":{"id":"8808983331027","name":"북부산농협하나로마트 만덕점","address":"","phone":"051-343-9020","hours":"10:00 ~ 21:00","region":"부산","district":"북구","facilities":["은행"],"source":"농협경제지주 공식 전국마트찾기","sourceUrl":"https://www.nhhanaro.co.kr/nahh_70005.do?id=nahh001_010100000000"}},{"type":"Feature","geometry":{"type":"Point","coordinates":[129.011674,35.249856]},"properties":{"id":"8808983421056","name":"하나로마트 부산점","address":"","phone":"051-330-9000","hours":"09:00 ~ 22:00","region":"부산","district":"북구","facilities":["은행","식자재"],"source":"농협경제지주 공식 전국마트찾기","sourceUrl":"https://www.nhhanaro.co.kr/nahh_70005.do?id=nahh001_010100000000"}},{"type":"Feature","geometry":{"type":"Point","coordinates":[128.982499,35.16862]},"properties":{"id":"8808983680149","name":"중부산농협하나로마트","address":"","phone":"051-301-1241","hours":"09:30 ~ 18:30","region":"부산","district":"사상구","facilities":["은행"],"source":"농협경제지주 공식 전국마트찾기","sourceUrl":"https://www.nhhanaro.co.kr/nahh_70005.do?id=nahh001_010100000000"}},{"type":"Feature","geometry":{"type":"Point","coordinates":[129.013348,35.1494]},"properties":{"id":"8808983421063","name":"하나로마트 주례점","address":"","phone":"051-325-8585","hours":"하절기 09:00 ~ 23:00 · 동절기 09:00 ~ 22:00","region":"부산","district":"사상구","facilities":["식자재"],"source":"농협경제지주 공식 전국마트찾기","sourceUrl":"https://www.nhhanaro.co.kr/nahh_70005.do?id=nahh001_010100000000"}},{"type":"Feature","geometry":{"type":"Point","coordinates":[128.975332,35.103435]},"properties":{"id":"8808983680057","name":"서부산농협 하나로마트","address":"","phone":"051-206-7551","hours":"09:00 ~ 19:00","region":"부산","district":"사하구","facilities":["은행"],"source":"농협경제지주 공식 전국마트찾기","sourceUrl":"https://www.nhhanaro.co.kr/nahh_70005.do?id=nahh001_010100000000"}},{"type":"Feature","geometry":{"type":"Point","coordinates":[129.027696,35.097305]},"properties":{"id":"8808983421032","name":"하나로마트 자갈치점","address":"","phone":"051-250-7700","hours":"하절기 08:00 ~ 22:00 · 동절기 00:00 ~ 00:00","region":"부산","district":"중구","facilities":["은행","식자재"],"source":"농협경제지주 공식 전국마트찾기","sourceUrl":"https://www.nhhanaro.co.kr/nahh_70005.do?id=nahh001_010100000000"}},{"type":"Feature","geometry":{"type":"Point","coordinates":[127.109182,37.466423]},"properties":{"id":"8808983690056","name":"송파농협하나로마트 (세곡점)","address":"","phone":"02-445-8123","hours":"09:30 ~ 19:00","region":"서울","district":"강남구","facilities":[],"source":"농협경제지주 공식 전국마트찾기","sourceUrl":"https://www.nhhanaro.co.kr/nahh_70005.do?id=nahh001_010100000000"}},{"type":"Feature","geometry":{"type":"Point","coordinates":[127.06733,37.4933784]},"properties":{"id":"8808983420141","name":"하나로마트 대치점","address":"","phone":"02-555-8222","hours":"09:00 ~ 21:00","region":"서울","district":"강남구","facilities":["은행"],"source":"농협경제지주 공식 전국마트찾기","sourceUrl":"https://www.nhhanaro.co.kr/nahh_70005.do?id=nahh001_010100000000"}},{"type":"Feature","geometry":{"type":"Point","coordinates":[127.088284,37.491259]},"properties":{"id":"8808983420073","name":"하나로마트 수서점","address":"","phone":"02-451-8322","hours":"10:00 ~ 22:00","region":"서울","district":"강남구","facilities":["은행"],"source":"농협경제지주 공식 전국마트찾기","sourceUrl":"https://www.nhhanaro.co.kr/nahh_70005.do?id=nahh001_010100000000"}},{"type":"Feature","geometry":{"type":"Point","coordinates":[127.044184,37.517716]},"properties":{"id":"8808983420165","name":"하나로마트 청담점","address":"","phone":"02-517-6642","hours":"09:00 ~ 21:00","region":"서울","district":"강남구","facilities":[],"source":"농협경제지주 공식 전국마트찾기","sourceUrl":"https://www.nhhanaro.co.kr/nahh_70005.do?id=nahh001_010100000000"}},{"type":"Feature","geometry":{"type":"Point","coordinates":[127.134788,37.525146]},"properties":{"id":"8808983321554","name":"강동농협 하나로마트 둔촌역점","address":"","phone":"02-440-3620","hours":"09:00 ~ 21:00","region":"서울","district":"강동구","facilities":["은행"],"source":"농협경제지주 공식 전국마트찾기","sourceUrl":"https://www.nhhanaro.co.kr/nahh_70005.do?id=nahh001_010100000000"}},{"type":"Feature","geometry":{"type":"Point","coordinates":[127.1271379,37.540204]},"properties":{"id":"8808983330310","name":"강동농협 하나로마트 로데오점","address":"","phone":"02-487-4080","hours":"09:00 ~ 22:00","region":"서울","district":"강동구","facilities":["은행"],"source":"농협경제지주 공식 전국마트찾기","sourceUrl":"https://www.nhhanaro.co.kr/nahh_70005.do?id=nahh001_010100000000"}},{"type":"Feature","geometry":{"type":"Point","coordinates":[127.1439905,37.5531949]},"properties":{"id":"8808983306940","name":"강동농협 하나로마트 명일역점","address":"","phone":"02-440-3611","hours":"09:00 ~ 20:00","region":"서울","district":"강동구","facilities":["은행"],"source":"농협경제지주 공식 전국마트찾기","sourceUrl":"https://www.nhhanaro.co.kr/nahh_70005.do?id=nahh001_010100000000"}},{"type":"Feature","geometry":{"type":"Point","coordinates":[127.123858,37.53012]},"properties":{"id":"8808983690131","name":"강동농협 하나로마트 암사점","address":"","phone":"02-442-6090","hours":"09:00 ~ 22:00","region":"서울","district":"강동구","facilities":["은행"],"source":"농협경제지주 공식 전국마트찾기","sourceUrl":"https://www.nhhanaro.co.kr/nahh_70005.do?id=nahh001_010100000000"}},{"type":"Feature","geometry":{"type":"Point","coordinates":[127.1370449,37.5274744]},"properties":{"id":"8808983341620","name":"서울강동농협 팜투플라워","address":"","phone":"02-475-0526","hours":"10:00 ~ 20:30","region":"서울","district":"강동구","facilities":[],"source":"농협경제지주 공식 전국마트찾기","sourceUrl":"https://www.nhhanaro.co.kr/nahh_70005.do?id=nahh001_010100000000"}},{"type":"Feature","geometry":{"type":"Point","coordinates":[127.1317593,37.5357036]},"properties":{"id":"8808983344973","name":"서울강동농협 하나로마트 강동역점","address":"","phone":"02-470-3620","hours":"09:00 ~ 21:00","region":"서울","district":"강동구","facilities":["은행"],"source":"농협경제지주 공식 전국마트찾기","sourceUrl":"https://www.nhhanaro.co.kr/nahh_70005.do?id=nahh001_010100000000"}},{"type":"Feature","geometry":{"type":"Point","coordinates":[127.15136041,37.558682]},"properties":{"id":"8808983327518","name":"하나로마트 고덕점","address":"","phone":"02-481-9388","hours":"10:00 ~ 22:00","region":"서울","district":"강동구","facilities":["은행"],"source":"농협경제지주 공식 전국마트찾기","sourceUrl":"https://www.nhhanaro.co.kr/nahh_70005.do?id=nahh001_010100000000"}},{"type":"Feature","geometry":{"type":"Point","coordinates":[127.1366801,37.5275421]},"properties":{"id":"8808983420134","name":"하나로마트 둔촌포레온점","address":"","phone":"02-488-9441","hours":"10:00 ~ 22:00","region":"서울","district":"강동구","facilities":[],"source":"농협경제지주 공식 전국마트찾기","sourceUrl":"https://www.nhhanaro.co.kr/nahh_70005.do?id=nahh001_010100000000"}},{"type":"Feature","geometry":{"type":"Point","coordinates":[127.120343,37.528841]},"properties":{"id":"8808983420226","name":"하나로마트 성내점","address":"","phone":"02-2224-8971","hours":"09:00 ~ 21:00","region":"서울","district":"강동구","facilities":["은행"],"source":"농협경제지주 공식 전국마트찾기","sourceUrl":"https://www.nhhanaro.co.kr/nahh_70005.do?id=nahh001_010100000000"}},{"type":"Feature","geometry":{"type":"Point","coordinates":[127.019352,37.646424]},"properties":{"id":"8808983322261","name":"서울경기양돈축협 하나로마트 수유점","address":"","phone":"02-999-3779","hours":"10:00 ~ 21:00","region":"서울","district":"강북구","facilities":[],"source":"농협경제지주 공식 전국마트찾기","sourceUrl":"https://www.nhhanaro.co.kr/nahh_70005.do?id=nahh001_010100000000"}},{"type":"Feature","geometry":{"type":"Point","coordinates":[127.026477,37.621497]},"properties":{"id":"8808983301983","name":"하나로마트 미아점","address":"","phone":"02-980-5670","hours":"10:00 ~ 22:00","region":"서울","district":"강북구","facilities":[],"source":"농협경제지주 공식 전국마트찾기","sourceUrl":"https://www.nhhanaro.co.kr/nahh_70005.do?id=nahh001_010100000000"}},{"type":"Feature","geometry":{"type":"Point","coordinates":[126.811825,37.576715]},"properties":{"id":"8808983690247","name":"서울강서농협 하나로마트 본점","address":"","phone":"02-2669-6000","hours":"09:30 ~ 21:30","region":"서울","district":"강서구","facilities":["문화센터","은행"],"source":"농협경제지주 공식 전국마트찾기","sourceUrl":"https://www.nhhanaro.co.kr/nahh_70005.do?id=nahh001_010100000000"}},{"type":"Feature","geometry":{"type":"Point","coordinates":[126.862122,37.5564655]},"properties":{"id":"8808983697062","name":"서울축협 하나로마트 증미역점","address":"","phone":"02-2657-7100","hours":"09:30 ~ 21:00","region":"서울","district":"강서구","facilities":["은행"],"source":"농협경제지주 공식 전국마트찾기","sourceUrl":"https://www.nhhanaro.co.kr/nahh_70005.do?id=nahh001_010100000000"}},{"type":"Feature","geometry":{"type":"Point","coordinates":[126.931139,37.464739]},"properties":{"id":"8808983690407","name":"관악농협 하나로마트 신우점","address":"","phone":"02-883-4306","hours":"08:30 ~ 20:00","region":"서울","district":"관악구","facilities":["은행"],"source":"농협경제지주 공식 전국마트찾기","sourceUrl":"https://www.nhhanaro.co.kr/nahh_70005.do?id=nahh001_010100000000"}},{"type":"Feature","geometry":{"type":"Point","coordinates":[126.902907,37.480133]},"properties":{"id":"8808983690360","name":"서울서남부농협 하나로마트","address":"","phone":"02-837-8850","hours":"09:00 ~ 21:00","region":"서울","district":"관악구","facilities":[],"source":"농협경제지주 공식 전국마트찾기","sourceUrl":"https://www.nhhanaro.co.kr/nahh_70005.do?id=nahh001_010100000000"}},{"type":"Feature","geometry":{"type":"Point","coordinates":[126.927785,37.490498]},"properties":{"id":"8808983690827","name":"서울서남부농협 하나로마트 보라매점","address":"","phone":"02-874-3127","hours":"09:00 ~ 20:00","region":"서울","district":"관악구","facilities":["은행"],"source":"농협경제지주 공식 전국마트찾기","sourceUrl":"https://www.nhhanaro.co.kr/nahh_70005.do?id=nahh001_010100000000"}},{"type":"Feature","geometry":{"type":"Point","coordinates":[126.932644,37.478685]},"properties":{"id":"8808983322186","name":"서울서남부농협 하나로마트 신본점","address":"","phone":"02-874-8853","hours":"09:00 ~ 20:00","region":"서울","district":"관악구","facilities":["은행"],"source":"농협경제지주 공식 전국마트찾기","sourceUrl":"https://www.nhhanaro.co.kr/nahh_70005.do?id=nahh001_010100000000"}},{"type":"Feature","geometry":{"type":"Point","coordinates":[127.080741,37.531847]},"properties":{"id":"8808983690209","name":"서울중앙농협 하나로마트","address":"","phone":"02-3437-9150","hours":"10:00 ~ 20:30","region":"서울","district":"광진구","facilities":["은행"],"source":"농협경제지주 공식 전국마트찾기","sourceUrl":"https://www.nhhanaro.co.kr/nahh_70005.do?id=nahh001_010100000000"}},{"type":"Feature","geometry":{"type":"Point","coordinates":[126.8913,37.492485]},"properties":{"id":"8808983321240","name":"영등포농협 하나로마트 구로본점","address":"","phone":"02-857-2093","hours":"하절기 09:00 ~ 22:00 · 동절기 00:00 ~ 00:00","region":"서울","district":"구로구","facilities":["은행"],"source":"농협경제지주 공식 전국마트찾기","sourceUrl":"https://www.nhhanaro.co.kr/nahh_70005.do?id=nahh001_010100000000"}},{"type":"Feature","geometry":{"type":"Point","coordinates":[126.893402,37.490333]},"properties":{"id":"8808983690773","name":"영등포농협 하나로마트 남구로점","address":"","phone":"02-854-0376","hours":"하절기 09:00 ~ 22:00 · 동절기 00:00 ~ 00:00","region":"서울","district":"구로구","facilities":["은행"],"source":"농협경제지주 공식 전국마트찾기","sourceUrl":"https://www.nhhanaro.co.kr/nahh_70005.do?id=nahh001_010100000000"}},{"type":"Feature","geometry":{"type":"Point","coordinates":[126.8865699,37.4847218]},"properties":{"id":"8808983333496","name":"영등포농협 하나로마트남구로역점","address":"","phone":"02-865-0310","hours":"09:00 ~ 22:00","region":"서울","district":"구로구","facilities":["은행"],"source":"농협경제지주 공식 전국마트찾기","sourceUrl":"https://www.nhhanaro.co.kr/nahh_70005.do?id=nahh001_010100000000"}},{"type":"Feature","geometry":{"type":"Point","coordinates":[126.901822,37.468174]},"properties":{"id":"8808983321325","name":"관악농협 하나로마트 독산중앙점","address":"","phone":"02-837-8850","hours":"10:00 ~ 20:00","region":"서울","district":"금천구","facilities":["은행"],"source":"농협경제지주 공식 전국마트찾기","sourceUrl":"https://www.nhhanaro.co.kr/nahh_70005.do?id=nahh001_010100000000"}},{"type":"Feature","geometry":{"type":"Point","coordinates":[126.909431,37.480552]},"properties":{"id":"8808983320960","name":"관악농협 하나로마트 문성점","address":"","phone":"02-869-8851","hours":"10:00 ~ 20:00","region":"서울","district":"금천구","facilities":["은행"],"source":"농협경제지주 공식 전국마트찾기","sourceUrl":"https://www.nhhanaro.co.kr/nahh_70005.do?id=nahh001_010100000000"}},{"type":"Feature","geometry":{"type":"Point","coordinates":[126.903986,37.448479]},"properties":{"id":"8808983321318","name":"관악농협 하나로마트 시흥중앙점","address":"","phone":"02-837-8850","hours":"09:00 ~ 21:00","region":"서울","district":"금천구","facilities":["은행"],"source":"농협경제지주 공식 전국마트찾기","sourceUrl":"https://www.nhhanaro.co.kr/nahh_70005.do?id=nahh001_010100000000"}},{"type":"Feature","geometry":{"type":"Point","coordinates":[127.057941,37.665795]},"properties":{"id":"8808983420127","name":"하나로마트 상계점","address":"","phone":"02-937-0291","hours":"09:00 ~ 22:00","region":"서울","district":"노원구","facilities":[],"source":"농협경제지주 공식 전국마트찾기","sourceUrl":"https://www.nhhanaro.co.kr/nahh_70005.do?id=nahh001_010100000000"}},{"type":"Feature","geometry":{"type":"Point","coordinates":[127.065373,37.624506]},"properties":{"id":"8808983420066","name":"하나로마트 월계점","address":"","phone":"02-974-7503","hours":"09:30 ~ 21:30","region":"서울","district":"노원구","facilities":[],"source":"농협경제지주 공식 전국마트찾기","sourceUrl":"https://www.nhhanaro.co.kr/nahh_70005.do?id=nahh001_010100000000"}},{"type":"Feature","geometry":{"type":"Point","coordinates":[127.038352,37.657222]},"properties":{"id":"8808983690100","name":"북서울농협 하나로마트","address":"","phone":"02-900-2101","hours":"09:00 ~ 22:00","region":"서울","district":"도봉구","facilities":["은행"],"source":"농협경제지주 공식 전국마트찾기","sourceUrl":"https://www.nhhanaro.co.kr/nahh_70005.do?id=nahh001_010100000000"}},{"type":"Feature","geometry":{"type":"Point","coordinates":[127.014066,37.658021]},"properties":{"id":"8808983690957","name":"북서울농협 하나로마트 우이점","address":"","phone":"02-954-4244","hours":"09:00 ~ 22:00","region":"서울","district":"도봉구","facilities":["은행"],"source":"농협경제지주 공식 전국마트찾기","sourceUrl":"https://www.nhhanaro.co.kr/nahh_70005.do?id=nahh001_010100000000"}},{"type":"Feature","geometry":{"type":"Point","coordinates":[127.051734,37.654825]},"properties":{"id":"8808983420035","name":"하나로마트 창동점","address":"","phone":"02-3499-6000","hours":"08:00 ~ 00:00","region":"서울","district":"도봉구","facilities":["은행","식자재"],"source":"농협경제지주 공식 전국마트찾기","sourceUrl":"https://www.nhhanaro.co.kr/nahh_70005.do?id=nahh001_010100000000"}},{"type":"Feature","geometry":{"type":"Point","coordinates":[127.067809,37.578176]},"properties":{"id":"8808983321592","name":"동서울농협 하나로마트 장안점","address":"","phone":"02-2244-2800","hours":"09:00 ~ 21:00","region":"서울","district":"동대문구","facilities":["은행"],"source":"농협경제지주 공식 전국마트찾기","sourceUrl":"https://www.nhhanaro.co.kr/nahh_70005.do?id=nahh001_010100000000"}},{"type":"Feature","geometry":{"type":"Point","coordinates":[127.06154,37.5972]},"properties":{"id":"8808983345901","name":"하나로마트 외대역점","address":"","phone":"02-929-1052","hours":"10:00 ~ 22:00","region":"서울","district":"동대문구","facilities":[],"source":"농협경제지주 공식 전국마트찾기","sourceUrl":"https://www.nhhanaro.co.kr/nahh_70005.do?id=nahh001_010100000000"}},{"type":"Feature","geometry":{"type":"Point","coordinates":[126.972909,37.481959]},"properties":{"id":"8808983690223","name":"남서울농협 하나로마트 남성점","address":"","phone":"02-525-1500","hours":"하절기 09:30 ~ 21:00 · 동절기 00:00 ~ 00:00","region":"서울","district":"동작구","facilities":["은행"],"source":"농협경제지주 공식 전국마트찾기","sourceUrl":"https://www.nhhanaro.co.kr/nahh_70005.do?id=nahh001_010100000000"}},{"type":"Feature","geometry":{"type":"Point","coordinates":[126.980104,37.494168]},"properties":{"id":"8808983321455","name":"남서울농협 하나로마트 이수점","address":"","phone":"02-599-1521","hours":"하절기 09:30 ~ 21:00 · 동절기 00:00 ~ 00:00","region":"서울","district":"동작구","facilities":[],"source":"농협경제지주 공식 전국마트찾기","sourceUrl":"https://www.nhhanaro.co.kr/nahh_70005.do?id=nahh001_010100000000"}},{"type":"Feature","geometry":{"type":"Point","coordinates":[126.932644,37.478685]},"properties":{"id":"8808983690483","name":"서울서남부농협 하나로마트 우성점","address":"","phone":"02-849-5885","hours":"09:00 ~ 20:00","region":"서울","district":"동작구","facilities":["은행"],"source":"농협경제지주 공식 전국마트찾기","sourceUrl":"https://www.nhhanaro.co.kr/nahh_70005.do?id=nahh001_010100000000"}},{"type":"Feature","geometry":{"type":"Point","coordinates":[126.9393372,37.5079478]},"properties":{"id":"8808983335445","name":"영등포농협 하나로마트 노량진뉴타운점","address":"","phone":"02-817-0091","hours":"09:00 ~ 21:00","region":"서울","district":"동작구","facilities":[],"source":"농협경제지주 공식 전국마트찾기","sourceUrl":"https://www.nhhanaro.co.kr/nahh_70005.do?id=nahh001_010100000000"}},{"type":"Feature","geometry":{"type":"Point","coordinates":[126.961744,37.506857]},"properties":{"id":"8808983303772","name":"하나로마트 흑석점","address":"","phone":"02-813-7001","hours":"09:00 ~ 22:00","region":"서울","district":"동작구","facilities":["은행"],"source":"농협경제지주 공식 전국마트찾기","sourceUrl":"https://www.nhhanaro.co.kr/nahh_70005.do?id=nahh001_010100000000"}},{"type":"Feature","geometry":{"type":"Point","coordinates":[126.893301,37.576759]},"properties":{"id":"8808983324791","name":"서서울농협 하나로마트 상암점","address":"","phone":"02-375-7266","hours":"09:00 ~ 22:00","region":"서울","district":"마포구","facilities":["은행"],"source":"농협경제지주 공식 전국마트찾기","sourceUrl":"https://www.nhhanaro.co.kr/nahh_70005.do?id=nahh001_010100000000"}},{"type":"Feature","geometry":{"type":"Point","coordinates":[126.931749,37.546532]},"properties":{"id":"8808983690896","name":"서서울농협 하나로마트 서강점","address":"","phone":"02-3144-5253","hours":"09:00 ~ 22:00","region":"서울","district":"마포구","facilities":[],"source":"농협경제지주 공식 전국마트찾기","sourceUrl":"https://www.nhhanaro.co.kr/nahh_70005.do?id=nahh001_010100000000"}},{"type":"Feature","geometry":{"type":"Point","coordinates":[126.902679,37.568764]},"properties":{"id":"8808983420059","name":"하나로마트 성산점","address":"","phone":"02-304-3448","hours":"09:30 ~ 22:00","region":"서울","district":"마포구","facilities":[],"source":"농협경제지주 공식 전국마트찾기","sourceUrl":"https://www.nhhanaro.co.kr/nahh_70005.do?id=nahh001_010100000000"}},{"type":"Feature","geometry":{"type":"Point","coordinates":[126.933676,37.555857]},"properties":{"id":"8808983120140","name":"하나로마트 신촌점","address":"","phone":"02-2131-1001","hours":"09:00 ~ 21:00","region":"서울","district":"마포구","facilities":[],"source":"농협경제지주 공식 전국마트찾기","sourceUrl":"https://www.nhhanaro.co.kr/nahh_70005.do?id=nahh001_010100000000"}},{"type":"Feature","geometry":{"type":"Point","coordinates":[126.9687646,37.5623466]},"properties":{"id":"8808990826424","name":"농협경제지주 디지털경제부","address":"","phone":"02-1670-1217","hours":"00:00 ~ 00:00","region":"서울","district":"서대문구","facilities":[],"source":"농협경제지주 공식 전국마트찾기","sourceUrl":"https://www.nhhanaro.co.kr/nahh_70005.do?id=nahh001_010100000000"}},{"type":"Feature","geometry":{"type":"Point","coordinates":[126.9219432,37.5782987]},"properties":{"id":"8808983330440","name":"서울축협하나로마트 남가좌점","address":"","phone":"02-303-6704","hours":"09:00 ~ 22:00","region":"서울","district":"서대문구","facilities":[],"source":"농협경제지주 공식 전국마트찾기","sourceUrl":"https://www.nhhanaro.co.kr/nahh_70005.do?id=nahh001_010100000000"}},{"type":"Feature","geometry":{"type":"Point","coordinates":[127.0594184,37.4565718]},"properties":{"id":"8808983328348","name":"강남농협 하나로마트 내곡점","address":"","phone":"02-2058-0381","hours":"10:00 ~ 22:00","region":"서울","district":"서초구","facilities":["은행"],"source":"농협경제지주 공식 전국마트찾기","sourceUrl":"https://www.nhhanaro.co.kr/nahh_70005.do?id=nahh001_010100000000"}},{"type":"Feature","geometry":{"type":"Point","coordinates":[127.043425,37.470783]},"properties":{"id":"8808983690018","name":"강남농협 하나로마트 본점","address":"","phone":"02-571-8388","hours":"하절기 09:00 ~ 20:00 · 동절기 00:00 ~ 00:00","region":"서울","district":"서초구","facilities":["은행"],"source":"농협경제지주 공식 전국마트찾기","sourceUrl":"https://www.nhhanaro.co.kr/nahh_70005.do?id=nahh001_010100000000"}},{"type":"Feature","geometry":{"type":"Point","coordinates":[127.0559676,37.447748]},"properties":{"id":"8808983325552","name":"강남농협 하나로마트 청계산역점","address":"","phone":"02-2058-0939","hours":"하절기 10:00 ~ 22:00 · 동절기 00:00 ~ 00:00","region":"서울","district":"서초구","facilities":[],"source":"농협경제지주 공식 전국마트찾기","sourceUrl":"https://www.nhhanaro.co.kr/nahh_70005.do?id=nahh001_010100000000"}},{"type":"Feature","geometry":{"type":"Point","coordinates":[127.040609,37.479708]},"properties":{"id":"8808983690834","name":"남서울농협 하나로마트 양재점","address":"","phone":"02-3463-9431","hours":"09:00 ~ 21:00","region":"서울","district":"서초구","facilities":["은행"],"source":"농협경제지주 공식 전국마트찾기","sourceUrl":"https://www.nhhanaro.co.kr/nahh_70005.do?id=nahh001_010100000000"}},{"type":"Feature","geometry":{"type":"Point","coordinates":[127.015966,37.456854]},"properties":{"id":"8808983327051","name":"남서울농협 하나로마트 우면점","address":"","phone":"02-574-1521","hours":"09:30 ~ 21:00","region":"서울","district":"서초구","facilities":[],"source":"농협경제지주 공식 전국마트찾기","sourceUrl":"https://www.nhhanaro.co.kr/nahh_70005.do?id=nahh001_010100000000"}},{"type":"Feature","geometry":{"type":"Point","coordinates":[127.043255,37.462862]},"properties":{"id":"8808983430058","name":"양재 하나로 식자재 전문매장","address":"","phone":"02-3498-1100","hours":"00:00 ~ 00:00","region":"서울","district":"서초구","facilities":["은행","식자재"],"source":"농협경제지주 공식 전국마트찾기","sourceUrl":"https://www.nhhanaro.co.kr/nahh_70005.do?id=nahh001_010100000000"}},{"type":"Feature","geometry":{"type":"Point","coordinates":[126.9995048,37.5049309]},"properties":{"id":"8808983333366","name":"하나로마트 반포점","address":"","phone":"02-3482-8812","hours":"10:00 ~ 22:00","region":"서울","district":"서초구","facilities":[],"source":"농협경제지주 공식 전국마트찾기","sourceUrl":"https://www.nhhanaro.co.kr/nahh_70005.do?id=nahh001_010100000000"}},{"type":"Feature","geometry":{"type":"Point","coordinates":[127.043255,37.462862]},"properties":{"id":"8808983420028","name":"하나로마트 양재점","address":"","phone":"02-3498-7801","hours":"00:00 ~ 00:00","region":"서울","district":"서초구","facilities":["은행","식자재"],"source":"농협경제지주 공식 전국마트찾기","sourceUrl":"https://www.nhhanaro.co.kr/nahh_70005.do?id=nahh001_010100000000"}},{"type":"Feature","geometry":{"type":"Point","coordinates":[127.038537,37.606864]},"properties":{"id":"8808983697208","name":"서울축협 하나로마트 월곡점","address":"","phone":"02-912-6704","hours":"09:30 ~ 22:00","region":"서울","district":"성북구","facilities":[],"source":"농협경제지주 공식 전국마트찾기","sourceUrl":"https://www.nhhanaro.co.kr/nahh_70005.do?id=nahh001_010100000000"}},{"type":"Feature","geometry":{"type":"Point","coordinates":[127.087026,37.511955]},"properties":{"id":"8808983320526","name":"서울축협 하나로마트 신천역점","address":"","phone":"02-3431-7760","hours":"09:30 ~ 22:00","region":"서울","district":"송파구","facilities":[],"source":"농협경제지주 공식 전국마트찾기","sourceUrl":"https://www.nhhanaro.co.kr/nahh_70005.do?id=nahh001_010100000000"}},{"type":"Feature","geometry":{"type":"Point","coordinates":[127.147864,37.497542]},"properties":{"id":"8808983690049","name":"송파농협하나로마트 (거마점)","address":"","phone":"02-406-5304","hours":"09:30 ~ 20:00","region":"서울","district":"송파구","facilities":[],"source":"농협경제지주 공식 전국마트찾기","sourceUrl":"https://www.nhhanaro.co.kr/nahh_70005.do?id=nahh001_010100000000"}},{"type":"Feature","geometry":{"type":"Point","coordinates":[127.1226257,37.484238]},"properties":{"id":"8808983329307","name":"송파농협하나로마트 본점","address":"","phone":"02-400-2201","hours":"09:30 ~ 21:30","region":"서울","district":"송파구","facilities":[],"source":"농협경제지주 공식 전국마트찾기","sourceUrl":"https://www.nhhanaro.co.kr/nahh_70005.do?id=nahh001_010100000000"}},{"type":"Feature","geometry":{"type":"Point","coordinates":[127.127765,37.510353]},"properties":{"id":"8808983301013","name":"하나로마트 방이역점","address":"","phone":"02-400-2007","hours":"09:00 ~ 22:00","region":"서울","district":"송파구","facilities":[],"source":"농협경제지주 공식 전국마트찾기","sourceUrl":"https://www.nhhanaro.co.kr/nahh_70005.do?id=nahh001_010100000000"}},{"type":"Feature","geometry":{"type":"Point","coordinates":[126.858252,37.51739]},"properties":{"id":"8808983690308","name":"경서농협 하나로마트","address":"","phone":"02-2645-6503","hours":"09:00 ~ 20:00","region":"서울","district":"양천구","facilities":[],"source":"농협경제지주 공식 전국마트찾기","sourceUrl":"https://www.nhhanaro.co.kr/nahh_70005.do?id=nahh001_010100000000"}},{"type":"Feature","geometry":{"type":"Point","coordinates":[126.855743,37.521681]},"properties":{"id":"8808983690292","name":"경서농협 하나로마트 본점","address":"","phone":"02-2696-8012","hours":"하절기 10:00 ~ 19:00 · 동절기 00:00 ~ 00:00","region":"서울","district":"양천구","facilities":[],"source":"농협경제지주 공식 전국마트찾기","sourceUrl":"https://www.nhhanaro.co.kr/nahh_70005.do?id=nahh001_010100000000"}},{"type":"Feature","geometry":{"type":"Point","coordinates":[126.900941,37.490547]},"properties":{"id":"8808983323916","name":"관악농협 하나로마트 대림점","address":"","phone":"02-837-8850","hours":"09:00 ~ 21:00","region":"서울","district":"영등포구","facilities":["은행"],"source":"농협경제지주 공식 전국마트찾기","sourceUrl":"https://www.nhhanaro.co.kr/nahh_70005.do?id=nahh001_010100000000"}},{"type":"Feature","geometry":{"type":"Point","coordinates":[126.9022692,37.5332646]},"properties":{"id":"8808983344607","name":"영등포농협 하나로마트 당산역점","address":"","phone":"02-2068-4478","hours":"09:00 ~ 21:00","region":"서울","district":"영등포구","facilities":[],"source":"농협경제지주 공식 전국마트찾기","sourceUrl":"https://www.nhhanaro.co.kr/nahh_70005.do?id=nahh001_010100000000"}},{"type":"Feature","geometry":{"type":"Point","coordinates":[126.931791,37.512191]},"properties":{"id":"8808983345970","name":"영등포농협 하나로마트 대방점","address":"","phone":"02-3280-4782","hours":"09:00 ~ 21:00","region":"서울","district":"영등포구","facilities":[],"source":"농협경제지주 공식 전국마트찾기","sourceUrl":"https://www.nhhanaro.co.kr/nahh_70005.do?id=nahh001_010100000000"}},{"type":"Feature","geometry":{"type":"Point","coordinates":[126.8982982,37.5098373]},"properties":{"id":"8808983340630","name":"영등포농협 하나로마트 도림시장점","address":"","phone":"02-845-4107","hours":"09:00 ~ 21:00","region":"서울","district":"영등포구","facilities":[],"source":"농협경제지주 공식 전국마트찾기","sourceUrl":"https://www.nhhanaro.co.kr/nahh_70005.do?id=nahh001_010100000000"}},{"type":"Feature","geometry":{"type":"Point","coordinates":[126.888971,37.519196]},"properties":{"id":"8808983690810","name":"영등포농협 하나로마트 문래점","address":"","phone":"02-2634-2682","hours":"하절기 09:00 ~ 20:00 · 동절기 00:00 ~ 00:00","region":"서울","district":"영등포구","facilities":["은행"],"source":"농협경제지주 공식 전국마트찾기","sourceUrl":"https://www.nhhanaro.co.kr/nahh_70005.do?id=nahh001_010100000000"}},{"type":"Feature","geometry":{"type":"Point","coordinates":[126.921998,37.505365]},"properties":{"id":"8808983323206","name":"영등포농협 하나로마트 병무청역점","address":"","phone":"02-841-9800","hours":"하절기 09:30 ~ 22:00 · 동절기 00:00 ~ 00:00","region":"서울","district":"영등포구","facilities":["은행"],"source":"농협경제지주 공식 전국마트찾기","sourceUrl":"https://www.nhhanaro.co.kr/nahh_70005.do?id=nahh001_010100000000"}},{"type":"Feature","geometry":{"type":"Point","coordinates":[126.9127,37.510884]},"properties":{"id":"8808983690216","name":"영등포농협 하나로마트 신길점","address":"","phone":"02-847-0708","hours":"하절기 09:00 ~ 21:00 · 동절기 00:00 ~ 00:00","region":"서울","district":"영등포구","facilities":["은행"],"source":"농협경제지주 공식 전국마트찾기","sourceUrl":"https://www.nhhanaro.co.kr/nahh_70005.do?id=nahh001_010100000000"}},{"type":"Feature","geometry":{"type":"Point","coordinates":[126.906782,37.52451]},"properties":{"id":"8808983343242","name":"영등포농협 하나로마트 영등포시장역점","address":"","phone":"02-2068-5170","hours":"하절기 09:00 ~ 21:00 · 동절기 00:00 ~ 00:00","region":"서울","district":"영등포구","facilities":[],"source":"농협경제지주 공식 전국마트찾기","sourceUrl":"https://www.nhhanaro.co.kr/nahh_70005.do?id=nahh001_010100000000"}},{"type":"Feature","geometry":{"type":"Point","coordinates":[126.9142029,37.531917]},"properties":{"id":"8808983302560","name":"하나로마트 국회점","address":"","phone":"02-769-1882","hours":"08:30 ~ 18:30","region":"서울","district":"영등포구","facilities":[],"source":"농협경제지주 공식 전국마트찾기","sourceUrl":"https://www.nhhanaro.co.kr/nahh_70005.do?id=nahh001_010100000000"}},{"type":"Feature","geometry":{"type":"Point","coordinates":[126.910519,37.600932]},"properties":{"id":"8808983690421","name":"서서울농협 하나로마트 신사점","address":"","phone":"02-388-8924","hours":"09:00 ~ 10:00","region":"서울","district":"은평구","facilities":["은행"],"source":"농협경제지주 공식 전국마트찾기","sourceUrl":"https://www.nhhanaro.co.kr/nahh_70005.do?id=nahh001_010100000000"}},{"type":"Feature","geometry":{"type":"Point","coordinates":[126.926278,37.621764]},"properties":{"id":"8808983321806","name":"서서울농협 하나로마트 연서점","address":"","phone":"02-383-3045","hours":"09:00 ~ 19:00","region":"서울","district":"은평구","facilities":["은행"],"source":"농협경제지주 공식 전국마트찾기","sourceUrl":"https://www.nhhanaro.co.kr/nahh_70005.do?id=nahh001_010100000000"}},{"type":"Feature","geometry":{"type":"Point","coordinates":[126.91843,37.593472]},"properties":{"id":"8808983690452","name":"서서울농협 하나로마트 응암점","address":"","phone":"02-376-0114","hours":"09:00 ~ 19:30","region":"서울","district":"은평구","facilities":["은행"],"source":"농협경제지주 공식 전국마트찾기","sourceUrl":"https://www.nhhanaro.co.kr/nahh_70005.do?id=nahh001_010100000000"}},{"type":"Feature","geometry":{"type":"Point","coordinates":[126.968901,37.574425]},"properties":{"id":"8808983690971","name":"서서울농협 하나로마트 사직점","address":"","phone":"02-725-4021","hours":"09:00 ~ 10:00","region":"서울","district":"종로구","facilities":["은행"],"source":"농협경제지주 공식 전국마트찾기","sourceUrl":"https://www.nhhanaro.co.kr/nahh_70005.do?id=nahh001_010100000000"}},{"type":"Feature","geometry":{"type":"Point","coordinates":[126.9677,37.565485]},"properties":{"id":"8808983120157","name":"하나로마트 서대문점","address":"","phone":"02-2080-6993","hours":"08:00 ~ 21:00","region":"서울","district":"중구","facilities":["은행"],"source":"농협경제지주 공식 전국마트찾기","sourceUrl":"https://www.nhhanaro.co.kr/nahh_70005.do?id=nahh001_010100000000"}},{"type":"Feature","geometry":{"type":"Point","coordinates":[127.105666,37.601076]},"properties":{"id":"8808983690179","name":"동서울농협 하나로마트 망우점","address":"","phone":"02-433-8022","hours":"하절기 09:00 ~ 21:00 · 동절기 00:00 ~ 00:00","region":"서울","district":"중랑구","facilities":[],"source":"농협경제지주 공식 전국마트찾기","sourceUrl":"https://www.nhhanaro.co.kr/nahh_70005.do?id=nahh001_010100000000"}},{"type":"Feature","geometry":{"type":"Point","coordinates":[127.095619,37.605883]},"properties":{"id":"8808983302805","name":"동서울농협 하나로마트 신내점","address":"","phone":"02-493-3080","hours":"하절기 09:00 ~ 21:00 · 동절기 00:00 ~ 00:00","region":"서울","district":"중랑구","facilities":[],"source":"농협경제지주 공식 전국마트찾기","sourceUrl":"https://www.nhhanaro.co.kr/nahh_70005.do?id=nahh001_010100000000"}},{"type":"Feature","geometry":{"type":"Point","coordinates":[127.078927,37.605682]},"properties":{"id":"8808983690469","name":"서울원예농협 하나로마트","address":"","phone":"02-948-0570","hours":"09:30 ~ 21:00","region":"서울","district":"중랑구","facilities":["은행"],"source":"농협경제지주 공식 전국마트찾기","sourceUrl":"https://www.nhhanaro.co.kr/nahh_70005.do?id=nahh001_010100000000"}},{"type":"Feature","geometry":{"type":"Point","coordinates":[127.281507,36.46399]},"properties":{"id":"8808983750170","name":"남세종농협 하나로마트 용포점","address":"","phone":"041-866-7602","hours":"하절기 08:00 ~ 20:00 · 동절기 00:00 ~ 00:00","region":"세종","district":"세종시","facilities":["은행"],"source":"농협경제지주 공식 전국마트찾기","sourceUrl":"https://www.nhhanaro.co.kr/nahh_70005.do?id=nahh001_010100000000"}},{"type":"Feature","geometry":{"type":"Point","coordinates":[127.330057,36.480377]},"properties":{"id":"8808983750163","name":"남세종농협 하나로마트 황용점","address":"","phone":"044-867-7604","hours":"하절기 08:00 ~ 18:00 · 동절기 00:00 ~ 00:00","region":"세종","district":"세종시","facilities":["은행"],"source":"농협경제지주 공식 전국마트찾기","sourceUrl":"https://www.nhhanaro.co.kr/nahh_70005.do?id=nahh001_010100000000"}},{"type":"Feature","geometry":{"type":"Point","coordinates":[127.32582,36.557218]},"properties":{"id":"8808983750286","name":"동세종농협 하나로마트","address":"","phone":"044-864-7551","hours":"07:30 ~ 19:00","region":"세종","district":"세종시","facilities":["은행"],"source":"농협경제지주 공식 전국마트찾기","sourceUrl":"https://www.nhhanaro.co.kr/nahh_70005.do?id=nahh001_010100000000"}},{"type":"Feature","geometry":{"type":"Point","coordinates":[127.288046,36.4773936]},"properties":{"id":"8808990871097","name":"세종강남농협 하나로마트 보람점","address":"","phone":"044-866-7600","hours":"00:00 ~ 00:00","region":"세종","district":"세종시","facilities":["주유소","은행","식자재"],"source":"농협경제지주 공식 전국마트찾기","sourceUrl":"https://www.nhhanaro.co.kr/nahh_70005.do?id=nahh001_010100000000"}},{"type":"Feature","geometry":{"type":"Point","coordinates":[127.366756,36.529018]},"properties":{"id":"8808983767048","name":"세종동부농협 하나로마트","address":"","phone":"044-275-6101","hours":"하절기 08:00 ~ 22:00 · 동절기 00:00 ~ 00:00","region":"세종","district":"세종시","facilities":[],"source":"농협경제지주 공식 전국마트찾기","sourceUrl":"https://www.nhhanaro.co.kr/nahh_70005.do?id=nahh001_010100000000"}},{"type":"Feature","geometry":{"type":"Point","coordinates":[127.248712,36.494383]},"properties":{"id":"8808983329543","name":"세종서부농협하나로마트 다정점","address":"","phone":"044-867-6785","hours":"08:00 ~ 20:00","region":"세종","district":"세종시","facilities":["은행"],"source":"농협경제지주 공식 전국마트찾기","sourceUrl":"https://www.nhhanaro.co.kr/nahh_70005.do?id=nahh001_010100000000"}},{"type":"Feature","geometry":{"type":"Point","coordinates":[127.283868,36.562633]},"properties":{"id":"8808983750309","name":"세종연서농협 하나로마트","address":"","phone":"044-867-2123","hours":"하절기 08:30 ~ 20:00 · 동절기 08:30 ~ 19:00","region":"세종","district":"세종시","facilities":["은행"],"source":"농협경제지주 공식 전국마트찾기","sourceUrl":"https://www.nhhanaro.co.kr/nahh_70005.do?id=nahh001_010100000000"}},{"type":"Feature","geometry":{"type":"Point","coordinates":[127.204819,36.680161]},"properties":{"id":"8808983750200","name":"세종전의농협 하나로마트","address":"","phone":"044-862-4130","hours":"하절기 08:00 ~ 20:00 · 동절기 00:00 ~ 00:00","region":"세종","district":"세종시","facilities":[],"source":"농협경제지주 공식 전국마트찾기","sourceUrl":"https://www.nhhanaro.co.kr/nahh_70005.do?id=nahh001_010100000000"}},{"type":"Feature","geometry":{"type":"Point","coordinates":[127.292362,36.592892]},"properties":{"id":"8808983750217","name":"세종중앙농협 하나로마트","address":"","phone":"044-863-7081","hours":"하절기 08:00 ~ 20:00 · 동절기 00:00 ~ 00:00","region":"세종","district":"세종시","facilities":[],"source":"농협경제지주 공식 전국마트찾기","sourceUrl":"https://www.nhhanaro.co.kr/nahh_70005.do?id=nahh001_010100000000"}},{"type":"Feature","geometry":{"type":"Point","coordinates":[127.2608,36.4877114]},"properties":{"id":"8808983330853","name":"세종중앙농협 하나로마트 나성점","address":"","phone":"044-868-4538","hours":"10:00 ~ 19:00","region":"세종","district":"세종시","facilities":["은행"],"source":"농협경제지주 공식 전국마트찾기","sourceUrl":"https://www.nhhanaro.co.kr/nahh_70005.do?id=nahh001_010100000000"}},{"type":"Feature","geometry":{"type":"Point","coordinates":[127.252863,36.480622]},"properties":{"id":"8808983320649","name":"세종중앙농협 하나로마트 한솔점","address":"","phone":"044-868-5601","hours":"하절기 09:00 ~ 20:00 · 동절기 00:00 ~ 00:00","region":"세종","district":"세종시","facilities":["은행"],"source":"농협경제지주 공식 전국마트찾기","sourceUrl":"https://www.nhhanaro.co.kr/nahh_70005.do?id=nahh001_010100000000"}},{"type":"Feature","geometry":{"type":"Point","coordinates":[127.157569,36.72029]},"properties":{"id":"8808983750194","name":"전의농협 하나로마트 소정점","address":"","phone":"044-566-6100","hours":"하절기 08:00 ~ 20:00 · 동절기 00:00 ~ 00:00","region":"세종","district":"세종시","facilities":[],"source":"농협경제지주 공식 전국마트찾기","sourceUrl":"https://www.nhhanaro.co.kr/nahh_70005.do?id=nahh001_010100000000"}},{"type":"Feature","geometry":{"type":"Point","coordinates":[127.295569,36.595408]},"properties":{"id":"8808983750248","name":"조치원농협 하나로마트 본점","address":"","phone":"044-865-1513","hours":"08:30 ~ 20:00","region":"세종","district":"세종시","facilities":["은행"],"source":"농협경제지주 공식 전국마트찾기","sourceUrl":"https://www.nhhanaro.co.kr/nahh_70005.do?id=nahh001_010100000000"}},{"type":"Feature","geometry":{"type":"Point","coordinates":[127.2869202,36.5924024]},"properties":{"id":"8808983300023","name":"조치원농협 하나로마트 신흥점","address":"","phone":"044-864-1132","hours":"08:30 ~ 22:00","region":"세종","district":"세종시","facilities":[],"source":"농협경제지주 공식 전국마트찾기","sourceUrl":"https://www.nhhanaro.co.kr/nahh_70005.do?id=nahh001_010100000000"}},{"type":"Feature","geometry":{"type":"Point","coordinates":[127.267901,36.655152]},"properties":{"id":"8808983750231","name":"조치원농협 하나로마트 전동점","address":"","phone":"044-863-1202","hours":"하절기 08:30 ~ 18:00 · 동절기 00:00 ~ 00:00","region":"세종","district":"세종시","facilities":[],"source":"농협경제지주 공식 전국마트찾기","sourceUrl":"https://www.nhhanaro.co.kr/nahh_70005.do?id=nahh001_010100000000"}},{"type":"Feature","geometry":{"type":"Point","coordinates":[127.247541,36.5025451]},"properties":{"id":"8808983325736","name":"하나로마트 세종점","address":"","phone":"044-868-5940","hours":"10:00 ~ 22:00","region":"세종","district":"세종시","facilities":[],"source":"농협경제지주 공식 전국마트찾기","sourceUrl":"https://www.nhhanaro.co.kr/nahh_70005.do?id=nahh001_010100000000"}},{"type":"Feature","geometry":{"type":"Point","coordinates":[127.262182,36.506757]},"properties":{"id":"8808983327457","name":"하나로마트 세종청사점","address":"","phone":"044-863-7792","hours":"10:00 ~ 20:00","region":"세종","district":"세종시","facilities":["은행"],"source":"농협경제지주 공식 전국마트찾기","sourceUrl":"https://www.nhhanaro.co.kr/nahh_70005.do?id=nahh001_010100000000"}},{"type":"Feature","geometry":{"type":"Point","coordinates":[129.264614,35.551252]},"properties":{"id":"8808983700342","name":"울산중앙농협 하나로마트 무거점","address":"","phone":"052-249-3270","hours":"09:00 ~ 22:00","region":"울산","district":"남구","facilities":[],"source":"농협경제지주 공식 전국마트찾기","sourceUrl":"https://www.nhhanaro.co.kr/nahh_70005.do?id=nahh001_010100000000"}},{"type":"Feature","geometry":{"type":"Point","coordinates":[129.298087,35.533465]},"properties":{"id":"8808983301624","name":"하나로마트 옥동점","address":"","phone":"052-228-8900","hours":"하절기 09:00 ~ 21:30 · 동절기 09:00 ~ 21:00","region":"울산","district":"남구","facilities":[],"source":"농협경제지주 공식 전국마트찾기","sourceUrl":"https://www.nhhanaro.co.kr/nahh_70005.do?id=nahh001_010100000000"}},{"type":"Feature","geometry":{"type":"Point","coordinates":[129.424491,35.485342]},"properties":{"id":"8808983700199","name":"방어진농협 하나로마트 방어점","address":"","phone":"052-236-3893","hours":"09:00 ~ 18:00","region":"울산","district":"동구","facilities":[],"source":"농협경제지주 공식 전국마트찾기","sourceUrl":"https://www.nhhanaro.co.kr/nahh_70005.do?id=nahh001_010100000000"}},{"type":"Feature","geometry":{"type":"Point","coordinates":[129.348885,35.634754]},"properties":{"id":"8808983301006","name":"농소농협 하나로마트 신천점","address":"","phone":"052-296-8245","hours":"09:30 ~ 21:30","region":"울산","district":"북구","facilities":["주유소","문화센터","은행"],"source":"농협경제지주 공식 전국마트찾기","sourceUrl":"https://www.nhhanaro.co.kr/nahh_70005.do?id=nahh001_010100000000"}},{"type":"Feature","geometry":{"type":"Point","coordinates":[129.447929,35.615299]},"properties":{"id":"8808983700151","name":"울산강동농협 하나로마트","address":"","phone":"052-298-3268","hours":"09:00 ~ 18:00","region":"울산","district":"북구","facilities":["은행"],"source":"농협경제지주 공식 전국마트찾기","sourceUrl":"https://www.nhhanaro.co.kr/nahh_70005.do?id=nahh001_010100000000"}},{"type":"Feature","geometry":{"type":"Point","coordinates":[129.366237,35.587845]},"properties":{"id":"8808983700144","name":"중울산농협 하나로마트 무룡점","address":"","phone":"052-288-8142","hours":"09:30 ~ 20:00","region":"울산","district":"북구","facilities":[],"source":"농협경제지주 공식 전국마트찾기","sourceUrl":"https://www.nhhanaro.co.kr/nahh_70005.do?id=nahh001_010100000000"}},{"type":"Feature","geometry":{"type":"Point","coordinates":[129.357668,35.578947]},"properties":{"id":"8808983301235","name":"하나로마트 울산점","address":"","phone":"052-210-8800","hours":"09:00 ~ 22:00","region":"울산","district":"북구","facilities":["식자재"],"source":"농협경제지주 공식 전국마트찾기","sourceUrl":"https://www.nhhanaro.co.kr/nahh_70005.do?id=nahh001_010100000000"}},{"type":"Feature","geometry":{"type":"Point","coordinates":[129.160215,35.643821]},"properties":{"id":"8808983700267","name":"두북농협 하나로마트","address":"","phone":"052-262-6010","hours":"08:30 ~ 18:00","region":"울산","district":"울주군","facilities":[],"source":"농협경제지주 공식 전국마트찾기","sourceUrl":"https://www.nhhanaro.co.kr/nahh_70005.do?id=nahh001_010100000000"}},{"type":"Feature","geometry":{"type":"Point","coordinates":[129.199418,35.655235]},"properties":{"id":"8808983700045","name":"두북농협 하나로마트 두동점","address":"","phone":"052-262-7510","hours":"09:00 ~ 17:00","region":"울산","district":"울주군","facilities":[],"source":"농협경제지주 공식 전국마트찾기","sourceUrl":"https://www.nhhanaro.co.kr/nahh_70005.do?id=nahh001_010100000000"}},{"type":"Feature","geometry":{"type":"Point","coordinates":[129.198512,35.712828]},"properties":{"id":"8808983700038","name":"두북농협 하나로마트 봉계점","address":"","phone":"052-262-7243","hours":"09:00 ~ 18:00","region":"울산","district":"울주군","facilities":[],"source":"농협경제지주 공식 전국마트찾기","sourceUrl":"https://www.nhhanaro.co.kr/nahh_70005.do?id=nahh001_010100000000"}},{"type":"Feature","geometry":{"type":"Point","coordinates":[129.239681,35.569339]},"properties":{"id":"8808983306094","name":"범서농협 하나로마트","address":"","phone":"052-211-2940","hours":"09:00 ~ 22:00","region":"울산","district":"울주군","facilities":["은행"],"source":"농협경제지주 공식 전국마트찾기","sourceUrl":"https://www.nhhanaro.co.kr/nahh_70005.do?id=nahh001_010100000000"}},{"type":"Feature","geometry":{"type":"Point","coordinates":[129.120544,35.56087]},"properties":{"id":"8808983304700","name":"삼남농협 하나로마트 평리점","address":"","phone":"052-264-7006","hours":"08:30 ~ 21:30","region":"울산","district":"울주군","facilities":["은행"],"source":"농협경제지주 공식 전국마트찾기","sourceUrl":"https://www.nhhanaro.co.kr/nahh_70005.do?id=nahh001_010100000000"}},{"type":"Feature","geometry":{"type":"Point","coordinates":[129.09026,35.590603]},"properties":{"id":"8808983700274","name":"상북농협 하나로마트","address":"","phone":"052-264-9925","hours":"09:00 ~ 18:00","region":"울산","district":"울주군","facilities":[],"source":"농협경제지주 공식 전국마트찾기","sourceUrl":"https://www.nhhanaro.co.kr/nahh_70005.do?id=nahh001_010100000000"}},{"type":"Feature","geometry":{"type":"Point","coordinates":[129.323304,35.348403]},"properties":{"id":"8808983700250","name":"서생농협 하나로마트","address":"","phone":"052-239-2264","hours":"하절기 08:30 ~ 22:00 · 동절기 00:00 ~ 00:00","region":"울산","district":"울주군","facilities":[],"source":"농협경제지주 공식 전국마트찾기","sourceUrl":"https://www.nhhanaro.co.kr/nahh_70005.do?id=nahh001_010100000000"}},{"type":"Feature","geometry":{"type":"Point","coordinates":[129.341322,35.382851]},"properties":{"id":"8808983700243","name":"서생농협 하나로마트 진하점","address":"","phone":"052-238-5901","hours":"09:00 ~ 22:00","region":"울산","district":"울주군","facilities":["은행"],"source":"농협경제지주 공식 전국마트찾기","sourceUrl":"https://www.nhhanaro.co.kr/nahh_70005.do?id=nahh001_010100000000"}},{"type":"Feature","geometry":{"type":"Point","coordinates":[129.125929,35.564137]},"properties":{"id":"8808983700373","name":"언양농협 하나로마트","address":"","phone":"052-262-0669","hours":"하절기 08:30 ~ 20:00 · 동절기 00:00 ~ 00:00","region":"울산","district":"울주군","facilities":[],"source":"농협경제지주 공식 전국마트찾기","sourceUrl":"https://www.nhhanaro.co.kr/nahh_70005.do?id=nahh001_010100000000"}},{"type":"Feature","geometry":{"type":"Point","coordinates":[129.3160514,35.4397378]},"properties":{"id":"8808983330129","name":"온산농협 로컬푸드점","address":"","phone":"052-238-9911","hours":"하절기 08:00 ~ 20:00 · 동절기 08:00 ~ 19:00","region":"울산","district":"울주군","facilities":[],"source":"농협경제지주 공식 전국마트찾기","sourceUrl":"https://www.nhhanaro.co.kr/nahh_70005.do?id=nahh001_010100000000"}},{"type":"Feature","geometry":{"type":"Point","coordinates":[129.312342,35.43368]},"properties":{"id":"8808983700069","name":"온산농협 하나로마트","address":"","phone":"052-238-2311","hours":"08:30 ~ 22:00","region":"울산","district":"울주군","facilities":["은행"],"source":"농협경제지주 공식 전국마트찾기","sourceUrl":"https://www.nhhanaro.co.kr/nahh_70005.do?id=nahh001_010100000000"}},{"type":"Feature","geometry":{"type":"Point","coordinates":[129.2812,35.417845]},"properties":{"id":"8808983700281","name":"온양농협 하나로마트","address":"","phone":"052-238-3215","hours":"08:30 ~ 18:00","region":"울산","district":"울주군","facilities":["은행"],"source":"농협경제지주 공식 전국마트찾기","sourceUrl":"https://www.nhhanaro.co.kr/nahh_70005.do?id=nahh001_010100000000"}},{"type":"Feature","geometry":{"type":"Point","coordinates":[129.29147,35.40906]},"properties":{"id":"8808983323213","name":"온양농협 하나로마트 발리점","address":"","phone":"052-239-4224","hours":"하절기 09:00 ~ 23:00 · 동절기 00:00 ~ 00:00","region":"울산","district":"울주군","facilities":["은행"],"source":"농협경제지주 공식 전국마트찾기","sourceUrl":"https://www.nhhanaro.co.kr/nahh_70005.do?id=nahh001_010100000000"}},{"type":"Feature","geometry":{"type":"Point","coordinates":[129.253926,35.5577083]},"properties":{"id":"8808983303437","name":"울산원예농협 하나로마트","address":"","phone":"052-220-6500","hours":"09:00 ~ 22:00","region":"울산","district":"울주군","facilities":["은행"],"source":"농협경제지주 공식 전국마트찾기","sourceUrl":"https://www.nhhanaro.co.kr/nahh_70005.do?id=nahh001_010100000000"}},{"type":"Feature","geometry":{"type":"Point","coordinates":[129.209546,35.4652]},"properties":{"id":"8808983700083","name":"웅촌농협 하나로마트","address":"","phone":"052-225-0022","hours":"09:00 ~ 18:00","region":"울산","district":"울주군","facilities":[],"source":"농협경제지주 공식 전국마트찾기","sourceUrl":"https://www.nhhanaro.co.kr/nahh_70005.do?id=nahh001_010100000000"}},{"type":"Feature","geometry":{"type":"Point","coordinates":[129.305209,35.492532]},"properties":{"id":"8808983700472","name":"청량농협 하나로마트","address":"","phone":"052-260-6807","hours":"하절기 08:30 ~ 21:00 · 동절기 00:00 ~ 00:00","region":"울산","district":"울주군","facilities":["은행"],"source":"농협경제지주 공식 전국마트찾기","sourceUrl":"https://www.nhhanaro.co.kr/nahh_70005.do?id=nahh001_010100000000"}},{"type":"Feature","geometry":{"type":"Point","coordinates":[129.244645,35.52679]},"properties":{"id":"8808983700014","name":"청량농협 하나로마트 율리점","address":"","phone":"052-225-3700","hours":"하절기 08:30 ~ 21:30 · 동절기 08:30 ~ 21:00","region":"울산","district":"울주군","facilities":["은행"],"source":"농협경제지주 공식 전국마트찾기","sourceUrl":"https://www.nhhanaro.co.kr/nahh_70005.do?id=nahh001_010100000000"}},{"type":"Feature","geometry":{"type":"Point","coordinates":[129.29592,35.551596]},"properties":{"id":"8808983700441","name":"중앙농협 하나로마트","address":"","phone":"052-242-0063","hours":"하절기 09:00 ~ 22:00 · 동절기 00:00 ~ 00:00","region":"울산","district":"중구","facilities":[],"source":"농협경제지주 공식 전국마트찾기","sourceUrl":"https://www.nhhanaro.co.kr/nahh_70005.do?id=nahh001_010100000000"}},{"type":"Feature","geometry":{"type":"Point","coordinates":[129.343429,35.567957]},"properties":{"id":"8808983700298","name":"중울산농협 하나로마트","address":"","phone":"052-292-8290","hours":"하절기 09:30 ~ 20:00 · 동절기 00:00 ~ 00:00","region":"울산","district":"중구","facilities":[],"source":"농협경제지주 공식 전국마트찾기","sourceUrl":"https://www.nhhanaro.co.kr/nahh_70005.do?id=nahh001_010100000000"}},{"type":"Feature","geometry":{"type":"Point","coordinates":[126.494315,37.638395]},"properties":{"id":"8808983710440","name":"강화남부농협 하나로마트","address":"","phone":"032-937-4184","hours":"하절기 08:00 ~ 21:00 · 동절기 08:00 ~ 20:00","region":"인천","district":"강화군","facilities":["주유소","은행"],"source":"농협경제지주 공식 전국마트찾기","sourceUrl":"https://www.nhhanaro.co.kr/nahh_70005.do?id=nahh001_010100000000"}},{"type":"Feature","geometry":{"type":"Point","coordinates":[126.479452,37.684965]},"properties":{"id":"8808983710433","name":"강화남부농협 하나로마트 불은점","address":"","phone":"032-930-8806","hours":"하절기 09:00 ~ 18:00 · 동절기 09:00 ~ 17:00","region":"인천","district":"강화군","facilities":["은행"],"source":"농협경제지주 공식 전국마트찾기","sourceUrl":"https://www.nhhanaro.co.kr/nahh_70005.do?id=nahh001_010100000000"}},{"type":"Feature","geometry":{"type":"Point","coordinates":[126.42206,37.662192]},"properties":{"id":"8808983710464","name":"강화남부농협 하나로마트 양도점","address":"","phone":"032-937-2181","hours":"하절기 09:00 ~ 18:00 · 동절기 09:00 ~ 17:00","region":"인천","district":"강화군","facilities":["은행"],"source":"농협경제지주 공식 전국마트찾기","sourceUrl":"https://www.nhhanaro.co.kr/nahh_70005.do?id=nahh001_010100000000"}},{"type":"Feature","geometry":{"type":"Point","coordinates":[126.417292,37.632657]},"properties":{"id":"8808983710457","name":"강화남부농협 하나로마트 화도점","address":"","phone":"032-937-1181","hours":"하절기 09:00 ~ 18:00 · 동절기 09:00 ~ 17:00","region":"인천","district":"강화군","facilities":["은행"],"source":"농협경제지주 공식 전국마트찾기","sourceUrl":"https://www.nhhanaro.co.kr/nahh_70005.do?id=nahh001_010100000000"}},{"type":"Feature","geometry":{"type":"Point","coordinates":[126.4871,37.73825]},"properties":{"id":"8808983710402","name":"강화농협 하나로마트","address":"","phone":"032-934-0901","hours":"08:00 ~ 22:00","region":"인천","district":"강화군","facilities":["주유소","은행"],"source":"농협경제지주 공식 전국마트찾기","sourceUrl":"https://www.nhhanaro.co.kr/nahh_70005.do?id=nahh001_010100000000"}},{"type":"Feature","geometry":{"type":"Point","coordinates":[126.484389,37.71313]},"properties":{"id":"8808983710426","name":"강화농협 하나로마트 선원점","address":"","phone":"032-933-4014","hours":"09:00 ~ 18:00","region":"인천","district":"강화군","facilities":[],"source":"농협경제지주 공식 전국마트찾기","sourceUrl":"https://www.nhhanaro.co.kr/nahh_70005.do?id=nahh001_010100000000"}},{"type":"Feature","geometry":{"type":"Point","coordinates":[126.462357,37.766101]},"properties":{"id":"8808983710525","name":"강화농협 하나로마트 송해점","address":"","phone":"032-934-9991","hours":"09:00 ~ 19:00","region":"인천","district":"강화군","facilities":[],"source":"농협경제지주 공식 전국마트찾기","sourceUrl":"https://www.nhhanaro.co.kr/nahh_70005.do?id=nahh001_010100000000"}},{"type":"Feature","geometry":{"type":"Point","coordinates":[126.3822257,37.7029734]},"properties":{"id":"880898333212 ","name":"서강화농협 내가지점 하나로마트","address":"","phone":"032-932-7510","hours":"하절기 09:00 ~ 21:00 · 동절기 09:00 ~ 20:00","region":"인천","district":"강화군","facilities":["주유소","은행","식자재"],"source":"농협경제지주 공식 전국마트찾기","sourceUrl":"https://www.nhhanaro.co.kr/nahh_70005.do?id=nahh001_010100000000"}},{"type":"Feature","geometry":{"type":"Point","coordinates":[126.411447,37.773399]},"properties":{"id":"8808983710488","name":"서강화농협 하나로마트","address":"","phone":"032-933-5280","hours":"08:30 ~ 19:00","region":"인천","district":"강화군","facilities":[],"source":"농협경제지주 공식 전국마트찾기","sourceUrl":"https://www.nhhanaro.co.kr/nahh_70005.do?id=nahh001_010100000000"}},{"type":"Feature","geometry":{"type":"Point","coordinates":[126.279958,37.783553]},"properties":{"id":"8808983710532","name":"서강화농협 하나로마트 교동점","address":"","phone":"032-933-8326","hours":"09:00 ~ 20:00","region":"인천","district":"강화군","facilities":[],"source":"농협경제지주 공식 전국마트찾기","sourceUrl":"https://www.nhhanaro.co.kr/nahh_70005.do?id=nahh001_010100000000"}},{"type":"Feature","geometry":{"type":"Point","coordinates":[126.322873,37.702852]},"properties":{"id":"8808983710495","name":"서강화농협 하나로마트 삼산점","address":"","phone":"032-932-7515","hours":"08:30 ~ 19:00","region":"인천","district":"강화군","facilities":["은행"],"source":"농협경제지주 공식 전국마트찾기","sourceUrl":"https://www.nhhanaro.co.kr/nahh_70005.do?id=nahh001_010100000000"}},{"type":"Feature","geometry":{"type":"Point","coordinates":[126.38075,37.702833]},"properties":{"id":"8808983710518","name":"서강화농협 하나로마트 외포점","address":"","phone":"032-932-7514","hours":"08:30 ~ 19:00","region":"인천","district":"강화군","facilities":["은행"],"source":"농협경제지주 공식 전국마트찾기","sourceUrl":"https://www.nhhanaro.co.kr/nahh_70005.do?id=nahh001_010100000000"}},{"type":"Feature","geometry":{"type":"Point","coordinates":[126.242044,37.643852]},"properties":{"id":"8808983710563","name":"서강화농협 하나로마트 주문점","address":"","phone":"032-932-7519","hours":"09:00 ~ 18:00","region":"인천","district":"강화군","facilities":["은행"],"source":"농협경제지주 공식 전국마트찾기","sourceUrl":"https://www.nhhanaro.co.kr/nahh_70005.do?id=nahh001_010100000000"}},{"type":"Feature","geometry":{"type":"Point","coordinates":[126.744694,37.553666]},"properties":{"id":"8808983710358","name":"계양농협 하나로마트&로컬푸드","address":"","phone":"032-550-2200","hours":"08:00 ~ 20:00","region":"인천","district":"계양구","facilities":["은행"],"source":"농협경제지주 공식 전국마트찾기","sourceUrl":"https://www.nhhanaro.co.kr/nahh_70005.do?id=nahh001_010100000000"}},{"type":"Feature","geometry":{"type":"Point","coordinates":[126.735646,37.445347]},"properties":{"id":"8808983710198","name":"남동농협 하나로마트 본점","address":"","phone":"032-460-6704","hours":"09:30 ~ 20:00","region":"인천","district":"남동구","facilities":[],"source":"농협경제지주 공식 전국마트찾기","sourceUrl":"https://www.nhhanaro.co.kr/nahh_70005.do?id=nahh001_010100000000"}},{"type":"Feature","geometry":{"type":"Point","coordinates":[126.728877,37.507427]},"properties":{"id":"8808983710013","name":"부평농협 하나로마트","address":"","phone":"032-500-2557","hours":"10:00 ~ 20:00","region":"인천","district":"부평구","facilities":[],"source":"농협경제지주 공식 전국마트찾기","sourceUrl":"https://www.nhhanaro.co.kr/nahh_70005.do?id=nahh001_010100000000"}},{"type":"Feature","geometry":{"type":"Point","coordinates":[126.659204,37.602894]},"properties":{"id":"8808983710365","name":"검단농협 하나로마트&로컬푸드","address":"","phone":"032-565-0027","hours":"09:00 ~ 21:00","region":"인천","district":"서구","facilities":["문화센터","은행"],"source":"농협경제지주 공식 전국마트찾기","sourceUrl":"https://www.nhhanaro.co.kr/nahh_70005.do?id=nahh001_010100000000"}},{"type":"Feature","geometry":{"type":"Point","coordinates":[126.657882,37.533961]},"properties":{"id":"8808983710143","name":"서인천농협 하나로마트 본점","address":"","phone":"032-575-6611","hours":"09:00 ~ 16:30","region":"인천","district":"서구","facilities":[],"source":"농협경제지주 공식 전국마트찾기","sourceUrl":"https://www.nhhanaro.co.kr/nahh_70005.do?id=nahh001_010100000000"}},{"type":"Feature","geometry":{"type":"Point","coordinates":[126.686553,37.493908]},"properties":{"id":"8808983440040","name":"하나로마트 가좌점","address":"","phone":"032-573-8288","hours":"09:00 ~ 22:00","region":"인천","district":"서구","facilities":[],"source":"농협경제지주 공식 전국마트찾기","sourceUrl":"https://www.nhhanaro.co.kr/nahh_70005.do?id=nahh001_010100000000"}},{"type":"Feature","geometry":{"type":"Point","coordinates":[126.6560464,37.5339174]},"properties":{"id":"8808983328515","name":"하나로마트 청라점","address":"","phone":"032-623-4501","hours":"10:00 ~ 22:00","region":"인천","district":"서구","facilities":["은행"],"source":"농협경제지주 공식 전국마트찾기","sourceUrl":"https://www.nhhanaro.co.kr/nahh_70005.do?id=nahh001_010100000000"}},{"type":"Feature","geometry":{"type":"Point","coordinates":[126.657152,37.425623]},"properties":{"id":"8808983710099","name":"남인천농협 하나로마트 본점","address":"","phone":"032-832-9177","hours":"10:00 ~ 20:00","region":"인천","district":"연수구","facilities":["은행"],"source":"농협경제지주 공식 전국마트찾기","sourceUrl":"https://www.nhhanaro.co.kr/nahh_70005.do?id=nahh001_010100000000"}},{"type":"Feature","geometry":{"type":"Point","coordinates":[124.70423,37.83367]},"properties":{"id":"8808983323787","name":"백령농협 하나로마트 대청지점","address":"","phone":"032-836-2024","hours":"08:30 ~ 18:00","region":"인천","district":"옹진군","facilities":["은행"],"source":"농협경제지주 공식 전국마트찾기","sourceUrl":"https://www.nhhanaro.co.kr/nahh_70005.do?id=nahh001_010100000000"}},{"type":"Feature","geometry":{"type":"Point","coordinates":[124.759069,37.970636]},"properties":{"id":"8808983710310","name":"백령농협 하나로마트 본점","address":"","phone":"032-836-0880","hours":"08:30 ~ 18:00","region":"인천","district":"옹진군","facilities":[],"source":"농협경제지주 공식 전국마트찾기","sourceUrl":"https://www.nhhanaro.co.kr/nahh_70005.do?id=nahh001_010100000000"}},{"type":"Feature","geometry":{"type":"Point","coordinates":[126.1441867,37.2237766]},"properties":{"id":"8808983710259","name":"인천옹진농협 하나로마트 덕적점","address":"","phone":"032-832-8110","hours":"09:00 ~ 20:00","region":"인천","district":"옹진군","facilities":["은행"],"source":"농협경제지주 공식 전국마트찾기","sourceUrl":"https://www.nhhanaro.co.kr/nahh_70005.do?id=nahh001_010100000000"}},{"type":"Feature","geometry":{"type":"Point","coordinates":[126.337087,37.532798]},"properties":{"id":"8808983710327","name":"인천옹진농협 하나로마트 북도점","address":"","phone":"032-751-8008","hours":"09:00 ~ 18:00","region":"인천","district":"옹진군","facilities":["은행"],"source":"농협경제지주 공식 전국마트찾기","sourceUrl":"https://www.nhhanaro.co.kr/nahh_70005.do?id=nahh001_010100000000"}},{"type":"Feature","geometry":{"type":"Point","coordinates":[126.4304295,37.5314329]},"properties":{"id":"8808983710334","name":"인천옹진농협 하나로마트 시도점","address":"","phone":"032-752-4030","hours":"09:00 ~ 18:00","region":"인천","district":"옹진군","facilities":["은행"],"source":"농협경제지주 공식 전국마트찾기","sourceUrl":"https://www.nhhanaro.co.kr/nahh_70005.do?id=nahh001_010100000000"}},{"type":"Feature","geometry":{"type":"Point","coordinates":[125.7033063,37.6632234]},"properties":{"id":"8808983710297","name":"인천옹진농협 하나로마트 연평점","address":"","phone":"032-832-3141","hours":"하절기 09:00 ~ 20:00 · 동절기 09:00 ~ 19:00","region":"인천","district":"옹진군","facilities":["은행"],"source":"농협경제지주 공식 전국마트찾기","sourceUrl":"https://www.nhhanaro.co.kr/nahh_70005.do?id=nahh001_010100000000"}},{"type":"Feature","geometry":{"type":"Point","coordinates":[126.305474,37.253562]},"properties":{"id":"8808983710341","name":"인천옹진농협 하나로마트 자월점","address":"","phone":"032-833-6015","hours":"09:00 ~ 18:00","region":"인천","district":"옹진군","facilities":["은행"],"source":"농협경제지주 공식 전국마트찾기","sourceUrl":"https://www.nhhanaro.co.kr/nahh_70005.do?id=nahh001_010100000000"}},{"type":"Feature","geometry":{"type":"Point","coordinates":[126.4941627,37.2603724]},"properties":{"id":"8808983320618","name":"인천옹진농협하나로마트 영흥점","address":"","phone":"032-886-7004","hours":"09:00 ~ 20:00","region":"인천","district":"옹진군","facilities":["은행"],"source":"농협경제지주 공식 전국마트찾기","sourceUrl":"https://www.nhhanaro.co.kr/nahh_70005.do?id=nahh001_010100000000"}},{"type":"Feature","geometry":{"type":"Point","coordinates":[126.533335,37.4921903]},"properties":{"id":"8808983710273","name":"중구농협 하나로마트 본점","address":"","phone":"032-746-2090","hours":"09:00 ~ 21:00","region":"인천","district":"중구","facilities":["은행"],"source":"농협경제지주 공식 전국마트찾기","sourceUrl":"https://www.nhhanaro.co.kr/nahh_70005.do?id=nahh001_010100000000"}},{"type":"Feature","geometry":{"type":"Point","coordinates":[126.402624,37.444261]},"properties":{"id":"8808983710280","name":"중구농협 하나로마트 용유점","address":"","phone":"032-746-3008","hours":"09:00 ~ 17:30","region":"인천","district":"중구","facilities":[],"source":"농협경제지주 공식 전국마트찾기","sourceUrl":"https://www.nhhanaro.co.kr/nahh_70005.do?id=nahh001_010100000000"}},{"type":"Feature","geometry":{"type":"Point","coordinates":[126.560757,37.489365]},"properties":{"id":"8808983330426","name":"중구농협하나로마트 하늘도시점","address":"","phone":"032-752-9350","hours":"09:00 ~ 22:00","region":"인천","district":"중구","facilities":["은행"],"source":"농협경제지주 공식 전국마트찾기","sourceUrl":"https://www.nhhanaro.co.kr/nahh_70005.do?id=nahh001_010100000000"}},{"type":"Feature","geometry":{"type":"Point","coordinates":[126.800298,34.49581]},"properties":{"id":"8808983721606","name":"강진남부농협 하나로마트 대구점","address":"","phone":"061-433-2524","hours":"08:00 ~ 18:00","region":"전남","district":"강진군","facilities":[],"source":"농협경제지주 공식 전국마트찾기","sourceUrl":"https://www.nhhanaro.co.kr/nahh_70005.do?id=nahh001_010100000000"}},{"type":"Feature","geometry":{"type":"Point","coordinates":[126.799404,34.571749]},"properties":{"id":"8808983721590","name":"강진남부농협 하나로마트 본점","address":"","phone":"061-432-7051","hours":"08:30 ~ 18:00","region":"전남","district":"강진군","facilities":[],"source":"농협경제지주 공식 전국마트찾기","sourceUrl":"https://www.nhhanaro.co.kr/nahh_70005.do?id=nahh001_010100000000"}},{"type":"Feature","geometry":{"type":"Point","coordinates":[126.774909,34.638339]},"properties":{"id":"8808983721576","name":"강진농협 파머스마켓","address":"","phone":"061-433-8422","hours":"08:30 ~ 22:00","region":"전남","district":"강진군","facilities":[],"source":"농협경제지주 공식 전국마트찾기","sourceUrl":"https://www.nhhanaro.co.kr/nahh_70005.do?id=nahh001_010100000000"}},{"type":"Feature","geometry":{"type":"Point","coordinates":[126.770452,34.639511]},"properties":{"id":"8808983721569","name":"강진농협 하나로마트","address":"","phone":"061-433-4355","hours":"08:30 ~ 22:00","region":"전남","district":"강진군","facilities":[],"source":"농협경제지주 공식 전국마트찾기","sourceUrl":"https://www.nhhanaro.co.kr/nahh_70005.do?id=nahh001_010100000000"}},{"type":"Feature","geometry":{"type":"Point","coordinates":[126.815507,34.644185]},"properties":{"id":"8808983721583","name":"강진농협 하나로마트 군동지점","address":"","phone":"061-433-5584","hours":"08:10 ~ 18:00","region":"전남","district":"강진군","facilities":[],"source":"농협경제지주 공식 전국마트찾기","sourceUrl":"https://www.nhhanaro.co.kr/nahh_70005.do?id=nahh001_010100000000"}},{"type":"Feature","geometry":{"type":"Point","coordinates":[126.711485,34.689923]},"properties":{"id":"8808983721644","name":"강진농협 하나로마트 성전점","address":"","phone":"061-432-5700","hours":"08:10 ~ 18:00","region":"전남","district":"강진군","facilities":[],"source":"농협경제지주 공식 전국마트찾기","sourceUrl":"https://www.nhhanaro.co.kr/nahh_70005.do?id=nahh001_010100000000"}},{"type":"Feature","geometry":{"type":"Point","coordinates":[126.727805,34.547397]},"properties":{"id":"8808983721620","name":"강진도암농협 하나로마트","address":"","phone":"061-432-0555","hours":"08:20 ~ 18:00","region":"전남","district":"강진군","facilities":[],"source":"농협경제지주 공식 전국마트찾기","sourceUrl":"https://www.nhhanaro.co.kr/nahh_70005.do?id=nahh001_010100000000"}},{"type":"Feature","geometry":{"type":"Point","coordinates":[126.721227,34.513785]},"properties":{"id":"8808983721637","name":"강진도암농협 하나로마트 신전점","address":"","phone":"061-432-4089","hours":"08:10 ~ 18:00","region":"전남","district":"강진군","facilities":[],"source":"농협경제지주 공식 전국마트찾기","sourceUrl":"https://www.nhhanaro.co.kr/nahh_70005.do?id=nahh001_010100000000"}},{"type":"Feature","geometry":{"type":"Point","coordinates":[126.7648666,34.6323973]},"properties":{"id":"8808983320373","name":"강진완도축협 하나로마트","address":"","phone":"061-433-1514","hours":"08:00 ~ 21:30","region":"전남","district":"강진군","facilities":["은행"],"source":"농협경제지주 공식 전국마트찾기","sourceUrl":"https://www.nhhanaro.co.kr/nahh_70005.do?id=nahh001_010100000000"}},{"type":"Feature","geometry":{"type":"Point","coordinates":[126.771044,34.705106]},"properties":{"id":"8808983721651","name":"강진한들농협 하나로마트 작천점","address":"","phone":"061-432-6014","hours":"08:10 ~ 18:00","region":"전남","district":"강진군","facilities":[],"source":"농협경제지주 공식 전국마트찾기","sourceUrl":"https://www.nhhanaro.co.kr/nahh_70005.do?id=nahh001_010100000000"}},{"type":"Feature","geometry":{"type":"Point","coordinates":[126.814999,34.716665]},"properties":{"id":"8808983721668","name":"한들농협 하나로마트","address":"","phone":"061-432-1055","hours":"08:10 ~ 18:00","region":"전남","district":"강진군","facilities":[],"source":"농협경제지주 공식 전국마트찾기","sourceUrl":"https://www.nhhanaro.co.kr/nahh_70005.do?id=nahh001_010100000000"}},{"type":"Feature","geometry":{"type":"Point","coordinates":[127.127361,34.461207]},"properties":{"id":"8808983721019","name":"거금도농협 하나로마트 본점","address":"","phone":"061-843-7797","hours":"08:00 ~ 21:00","region":"전남","district":"고흥군","facilities":[],"source":"농협경제지주 공식 전국마트찾기","sourceUrl":"https://www.nhhanaro.co.kr/nahh_70005.do?id=nahh001_010100000000"}},{"type":"Feature","geometry":{"type":"Point","coordinates":[127.208503,34.435588]},"properties":{"id":"8808983723174","name":"거금도농협 하나로마트 오천점","address":"","phone":"061-843-9203","hours":"09:00 ~ 18:00","region":"전남","district":"고흥군","facilities":["은행"],"source":"농협경제지주 공식 전국마트찾기","sourceUrl":"https://www.nhhanaro.co.kr/nahh_70005.do?id=nahh001_010100000000"}},{"type":"Feature","geometry":{"type":"Point","coordinates":[127.278316,34.6072857]},"properties":{"id":"8808983306315","name":"고흥농협 하나로마트","address":"","phone":"061-833-8005","hours":"08:00 ~ 21:00","region":"전남","district":"고흥군","facilities":[],"source":"농협경제지주 공식 전국마트찾기","sourceUrl":"https://www.nhhanaro.co.kr/nahh_70005.do?id=nahh001_010100000000"}},{"type":"Feature","geometry":{"type":"Point","coordinates":[127.2912822,34.6049657]},"properties":{"id":"8808983330945","name":"고흥축협 하나로마트","address":"","phone":"061-835-8601","hours":"08:00 ~ 21:00","region":"전남","district":"고흥군","facilities":["은행","식자재"],"source":"농협경제지주 공식 전국마트찾기","sourceUrl":"https://www.nhhanaro.co.kr/nahh_70005.do?id=nahh001_010100000000"}},{"type":"Feature","geometry":{"type":"Point","coordinates":[127.140402,34.525766]},"properties":{"id":"8808983721026","name":"녹동농협 하나로마트","address":"","phone":"061-840-7744","hours":"07:30 ~ 22:00","region":"전남","district":"고흥군","facilities":["은행"],"source":"농협경제지주 공식 전국마트찾기","sourceUrl":"https://www.nhhanaro.co.kr/nahh_70005.do?id=nahh001_010100000000"}},{"type":"Feature","geometry":{"type":"Point","coordinates":[127.182364,34.605403]},"properties":{"id":"8808983721033","name":"녹동농협 하나로마트 가룡점","address":"","phone":"061-842-7115","hours":"08:00 ~ 18:00","region":"전남","district":"고흥군","facilities":["은행"],"source":"농협경제지주 공식 전국마트찾기","sourceUrl":"https://www.nhhanaro.co.kr/nahh_70005.do?id=nahh001_010100000000"}},{"type":"Feature","geometry":{"type":"Point","coordinates":[127.174663,34.566074]},"properties":{"id":"8808983721040","name":"녹동농협 하나로마트 도덕점","address":"","phone":"061-842-7118","hours":"08:00 ~ 18:00","region":"전남","district":"고흥군","facilities":[],"source":"농협경제지주 공식 전국마트찾기","sourceUrl":"https://www.nhhanaro.co.kr/nahh_70005.do?id=nahh001_010100000000"}},{"type":"Feature","geometry":{"type":"Point","coordinates":[127.274441,34.645201]},"properties":{"id":"8808983721002","name":"두원농협 하나로마트 본점","address":"","phone":"061-835-6005","hours":"08:00 ~ 18:00","region":"전남","district":"고흥군","facilities":[],"source":"농협경제지주 공식 전국마트찾기","sourceUrl":"https://www.nhhanaro.co.kr/nahh_70005.do?id=nahh001_010100000000"}},{"type":"Feature","geometry":{"type":"Point","coordinates":[127.361867,34.678314]},"properties":{"id":"8808983721071","name":"팔영농협 하나로마트","address":"","phone":"061-835-8554","hours":"07:30 ~ 19:30","region":"전남","district":"고흥군","facilities":[],"source":"농협경제지주 공식 전국마트찾기","sourceUrl":"https://www.nhhanaro.co.kr/nahh_70005.do?id=nahh001_010100000000"}},{"type":"Feature","geometry":{"type":"Point","coordinates":[127.34049,34.729144]},"properties":{"id":"8808983721088","name":"팔영농협 하나로마트 남양점","address":"","phone":"061-835-9901","hours":"08:00 ~ 18:00","region":"전남","district":"고흥군","facilities":["은행"],"source":"농협경제지주 공식 전국마트찾기","sourceUrl":"https://www.nhhanaro.co.kr/nahh_70005.do?id=nahh001_010100000000"}},{"type":"Feature","geometry":{"type":"Point","coordinates":[127.28441,34.769556]},"properties":{"id":"8808983721118","name":"팔영농협 하나로마트 대서점","address":"","phone":"061-833-3190","hours":"08:00 ~ 18:00","region":"전남","district":"고흥군","facilities":["은행"],"source":"농협경제지주 공식 전국마트찾기","sourceUrl":"https://www.nhhanaro.co.kr/nahh_70005.do?id=nahh001_010100000000"}},{"type":"Feature","geometry":{"type":"Point","coordinates":[127.333702,34.780401]},"properties":{"id":"8808983721101","name":"팔영농협 하나로마트 동강점","address":"","phone":"061-832-2032","hours":"07:30 ~ 19:30","region":"전남","district":"고흥군","facilities":[],"source":"농협경제지주 공식 전국마트찾기","sourceUrl":"https://www.nhhanaro.co.kr/nahh_70005.do?id=nahh001_010100000000"}},{"type":"Feature","geometry":{"type":"Point","coordinates":[127.454412,34.602461]},"properties":{"id":"8808983721057","name":"팔영농협 하나로마트 영남점","address":"","phone":"061-833-9010","hours":"08:00 ~ 18:00","region":"전남","district":"고흥군","facilities":["은행"],"source":"농협경제지주 공식 전국마트찾기","sourceUrl":"https://www.nhhanaro.co.kr/nahh_70005.do?id=nahh001_010100000000"}},{"type":"Feature","geometry":{"type":"Point","coordinates":[127.379646,34.6513098]},"properties":{"id":"8808983721064","name":"팔영농협 하나로마트 점암점","address":"","phone":"061-832-8217","hours":"09:00 ~ 17:00","region":"전남","district":"고흥군","facilities":[],"source":"농협경제지주 공식 전국마트찾기","sourceUrl":"https://www.nhhanaro.co.kr/nahh_70005.do?id=nahh001_010100000000"}},{"type":"Feature","geometry":{"type":"Point","coordinates":[127.242267,34.57632]},"properties":{"id":"8808983720951","name":"풍양농협 하나로마트 본점","address":"","phone":"061-832-5364","hours":"08:00 ~ 19:00","region":"전남","district":"고흥군","facilities":[],"source":"농협경제지주 공식 전국마트찾기","sourceUrl":"https://www.nhhanaro.co.kr/nahh_70005.do?id=nahh001_010100000000"}},{"type":"Feature","geometry":{"type":"Point","coordinates":[127.320559,34.51016]},"properties":{"id":"8808983720968","name":"흥양농협 하나로마트 도화점","address":"","phone":"061-832-0138","hours":"07:30 ~ 19:00","region":"전남","district":"고흥군","facilities":[],"source":"농협경제지주 공식 전국마트찾기","sourceUrl":"https://www.nhhanaro.co.kr/nahh_70005.do?id=nahh001_010100000000"}},{"type":"Feature","geometry":{"type":"Point","coordinates":[127.468106,34.501344]},"properties":{"id":"8808983720982","name":"흥양농협 하나로마트 동일점","address":"","phone":"061-833-7606","hours":"09:00 ~ 18:00","region":"전남","district":"고흥군","facilities":[],"source":"농협경제지주 공식 전국마트찾기","sourceUrl":"https://www.nhhanaro.co.kr/nahh_70005.do?id=nahh001_010100000000"}},{"type":"Feature","geometry":{"type":"Point","coordinates":[127.339774,34.571784]},"properties":{"id":"8808983720999","name":"흥양농협 하나로마트 본점","address":"","phone":"061-835-0531","hours":"08:00 ~ 19:00","region":"전남","district":"고흥군","facilities":[],"source":"농협경제지주 공식 전국마트찾기","sourceUrl":"https://www.nhhanaro.co.kr/nahh_70005.do?id=nahh001_010100000000"}},{"type":"Feature","geometry":{"type":"Point","coordinates":[127.458482,34.463933]},"properties":{"id":"8808983720975","name":"흥양농협 하나로마트 봉래점","address":"","phone":"061-833-6390","hours":"08:00 ~ 19:00","region":"전남","district":"고흥군","facilities":[],"source":"농협경제지주 공식 전국마트찾기","sourceUrl":"https://www.nhhanaro.co.kr/nahh_70005.do?id=nahh001_010100000000"}},{"type":"Feature","geometry":{"type":"Point","coordinates":[127.297596,35.28209]},"properties":{"id":"8808983720142","name":"곡성농협 하나로마트","address":"","phone":"061-363-3614","hours":"08:00 ~ 21:00","region":"전남","district":"곡성군","facilities":[],"source":"농협경제지주 공식 전국마트찾기","sourceUrl":"https://www.nhhanaro.co.kr/nahh_70005.do?id=nahh001_010100000000"}},{"type":"Feature","geometry":{"type":"Point","coordinates":[127.342343,35.29771]},"properties":{"id":"8808983720180","name":"곡성농협 하나로마트 고달점","address":"","phone":"061-362-0057","hours":"08:00 ~ 18:30","region":"전남","district":"곡성군","facilities":[],"source":"농협경제지주 공식 전국마트찾기","sourceUrl":"https://www.nhhanaro.co.kr/nahh_70005.do?id=nahh001_010100000000"}},{"type":"Feature","geometry":{"type":"Point","coordinates":[127.210825,35.234935]},"properties":{"id":"8808983720173","name":"곡성농협 하나로마트 삼기점","address":"","phone":"061-362-2079","hours":"08:00 ~ 19:00","region":"전남","district":"곡성군","facilities":[],"source":"농협경제지주 공식 전국마트찾기","sourceUrl":"https://www.nhhanaro.co.kr/nahh_70005.do?id=nahh001_010100000000"}},{"type":"Feature","geometry":{"type":"Point","coordinates":[127.314434,35.272019]},"properties":{"id":"8808983720166","name":"곡성농협 하나로마트 오곡점","address":"","phone":"061-363-0304","hours":"09:00 ~ 19:00","region":"전남","district":"곡성군","facilities":[],"source":"농협경제지주 공식 전국마트찾기","sourceUrl":"https://www.nhhanaro.co.kr/nahh_70005.do?id=nahh001_010100000000"}},{"type":"Feature","geometry":{"type":"Point","coordinates":[127.300333,35.283368]},"properties":{"id":"8808983727554","name":"곡성축협 하나로마트 본점","address":"","phone":"061-362-8001","hours":"08:00 ~ 20:00","region":"전남","district":"곡성군","facilities":["은행"],"source":"농협경제지주 공식 전국마트찾기","sourceUrl":"https://www.nhhanaro.co.kr/nahh_70005.do?id=nahh001_010100000000"}},{"type":"Feature","geometry":{"type":"Point","coordinates":[127.136185,35.276259]},"properties":{"id":"8808983727370","name":"곡성축협 하나로마트 옥과점","address":"","phone":"061-362-8006","hours":"08:00 ~ 19:00","region":"전남","district":"곡성군","facilities":["은행"],"source":"농협경제지주 공식 전국마트찾기","sourceUrl":"https://www.nhhanaro.co.kr/nahh_70005.do?id=nahh001_010100000000"}},{"type":"Feature","geometry":{"type":"Point","coordinates":[127.254443,35.131324]},"properties":{"id":"8808983720197","name":"석곡농협 하나로마트","address":"","phone":"061-363-8719","hours":"08:00 ~ 20:00","region":"전남","district":"곡성군","facilities":[],"source":"농협경제지주 공식 전국마트찾기","sourceUrl":"https://www.nhhanaro.co.kr/nahh_70005.do?id=nahh001_010100000000"}},{"type":"Feature","geometry":{"type":"Point","coordinates":[127.300227,35.121618]},"properties":{"id":"8808983720203","name":"석곡농협 하나로마트 목사점","address":"","phone":"061-363-8722","hours":"08:00 ~ 19:00","region":"전남","district":"곡성군","facilities":["은행"],"source":"농협경제지주 공식 전국마트찾기","sourceUrl":"https://www.nhhanaro.co.kr/nahh_70005.do?id=nahh001_010100000000"}},{"type":"Feature","geometry":{"type":"Point","coordinates":[127.319663,35.151223]},"properties":{"id":"8808983720210","name":"석곡농협 하나로마트 죽곡점","address":"","phone":"061-363-8731","hours":"08:00 ~ 18:00","region":"전남","district":"곡성군","facilities":[],"source":"농협경제지주 공식 전국마트찾기","sourceUrl":"https://www.nhhanaro.co.kr/nahh_70005.do?id=nahh001_010100000000"}},{"type":"Feature","geometry":{"type":"Point","coordinates":[127.133899,35.274079]},"properties":{"id":"8808983300641","name":"옥과농협 경제사업소","address":"","phone":"061-362-5034","hours":"08:00 ~ 22:00","region":"전남","district":"곡성군","facilities":[],"source":"농협경제지주 공식 전국마트찾기","sourceUrl":"https://www.nhhanaro.co.kr/nahh_70005.do?id=nahh001_010100000000"}},{"type":"Feature","geometry":{"type":"Point","coordinates":[127.171943,35.255551]},"properties":{"id":"8808983720241","name":"옥과농협 하나로마트 겸면점","address":"","phone":"061-362-1175","hours":"08:00 ~ 19:00","region":"전남","district":"곡성군","facilities":["은행"],"source":"농협경제지주 공식 전국마트찾기","sourceUrl":"https://www.nhhanaro.co.kr/nahh_70005.do?id=nahh001_010100000000"}},{"type":"Feature","geometry":{"type":"Point","coordinates":[127.121305,35.237284]},"properties":{"id":"8808983720258","name":"옥과농협 하나로마트 오산점","address":"","phone":"061-362-4050","hours":"08:00 ~ 19:00","region":"전남","district":"곡성군","facilities":["은행"],"source":"농협경제지주 공식 전국마트찾기","sourceUrl":"https://www.nhhanaro.co.kr/nahh_70005.do?id=nahh001_010100000000"}},{"type":"Feature","geometry":{"type":"Point","coordinates":[127.203625,35.298238]},"properties":{"id":"8808983720234","name":"입면농협 하나로마트","address":"","phone":"061-362-6155","hours":"07:30 ~ 19:00","region":"전남","district":"곡성군","facilities":[],"source":"농협경제지주 공식 전국마트찾기","sourceUrl":"https://www.nhhanaro.co.kr/nahh_70005.do?id=nahh001_010100000000"}},{"type":"Feature","geometry":{"type":"Point","coordinates":[127.589752,34.972077]},"properties":{"id":"8808983723228","name":"광양농협 하나로마트 본점","address":"","phone":"061-760-2290","hours":"08:00 ~ 22:00","region":"전남","district":"광양시","facilities":[],"source":"농협경제지주 공식 전국마트찾기","sourceUrl":"https://www.nhhanaro.co.kr/nahh_70005.do?id=nahh001_010100000000"}},{"type":"Feature","geometry":{"type":"Point","coordinates":[127.581812,35.010975]},"properties":{"id":"8808983720371","name":"광양농협 하나로마트 봉강점","address":"","phone":"061-762-0166","hours":"08:00 ~ 18:00","region":"전남","district":"광양시","facilities":[],"source":"농협경제지주 공식 전국마트찾기","sourceUrl":"https://www.nhhanaro.co.kr/nahh_70005.do?id=nahh001_010100000000"}},{"type":"Feature","geometry":{"type":"Point","coordinates":[127.618503,35.016342]},"properties":{"id":"8808983720388","name":"광양농협 하나로마트 옥룡점","address":"","phone":"061-761-7101","hours":"09:00 ~ 18:00","region":"전남","district":"광양시","facilities":["은행"],"source":"농협경제지주 공식 전국마트찾기","sourceUrl":"https://www.nhhanaro.co.kr/nahh_70005.do?id=nahh001_010100000000"}},{"type":"Feature","geometry":{"type":"Point","coordinates":[127.605833,34.975935]},"properties":{"id":"8808983323404","name":"광양농협 하나로마트 용강점","address":"","phone":"061-762-5790","hours":"08:00 ~ 22:00","region":"전남","district":"광양시","facilities":[],"source":"농협경제지주 공식 전국마트찾기","sourceUrl":"https://www.nhhanaro.co.kr/nahh_70005.do?id=nahh001_010100000000"}},{"type":"Feature","geometry":{"type":"Point","coordinates":[127.758289,34.978299]},"properties":{"id":"8808983720470","name":"광양동부농협 하나로마트","address":"","phone":"061-772-2081","hours":"08:00 ~ 20:00","region":"전남","district":"광양시","facilities":[],"source":"농협경제지주 공식 전국마트찾기","sourceUrl":"https://www.nhhanaro.co.kr/nahh_70005.do?id=nahh001_010100000000"}},{"type":"Feature","geometry":{"type":"Point","coordinates":[127.756057,35.03643]},"properties":{"id":"8808983720463","name":"광양동부농협 하나로마트 송월점","address":"","phone":"061-772-2083","hours":"08:00 ~ 18:00","region":"전남","district":"광양시","facilities":["은행"],"source":"농협경제지주 공식 전국마트찾기","sourceUrl":"https://www.nhhanaro.co.kr/nahh_70005.do?id=nahh001_010100000000"}},{"type":"Feature","geometry":{"type":"Point","coordinates":[127.700332,34.989375]},"properties":{"id":"8808983303758","name":"광양동부농협 하나로마트 옥곡점","address":"","phone":"061-772-8681","hours":"07:30 ~ 21:00","region":"전남","district":"광양시","facilities":[],"source":"농협경제지주 공식 전국마트찾기","sourceUrl":"https://www.nhhanaro.co.kr/nahh_70005.do?id=nahh001_010100000000"}},{"type":"Feature","geometry":{"type":"Point","coordinates":[127.691819,35.121398]},"properties":{"id":"8808983720487","name":"다압농협 하나로마트","address":"","phone":"061-772-4006","hours":"08:30 ~ 19:00","region":"전남","district":"광양시","facilities":[],"source":"농협경제지주 공식 전국마트찾기","sourceUrl":"https://www.nhhanaro.co.kr/nahh_70005.do?id=nahh001_010100000000"}},{"type":"Feature","geometry":{"type":"Point","coordinates":[127.69202,34.936366]},"properties":{"id":"8808983723211","name":"동광양농협 하나로마트","address":"","phone":"061-791-0700","hours":"09:00 ~ 23:00","region":"전남","district":"광양시","facilities":["은행"],"source":"농협경제지주 공식 전국마트찾기","sourceUrl":"https://www.nhhanaro.co.kr/nahh_70005.do?id=nahh001_010100000000"}},{"type":"Feature","geometry":{"type":"Point","coordinates":[127.720722,34.962154]},"properties":{"id":"8808983720425","name":"동광양농협 하나로마트 광영점","address":"","phone":"061-793-6304","hours":"09:00 ~ 22:00","region":"전남","district":"광양시","facilities":[],"source":"농협경제지주 공식 전국마트찾기","sourceUrl":"https://www.nhhanaro.co.kr/nahh_70005.do?id=nahh001_010100000000"}},{"type":"Feature","geometry":{"type":"Point","coordinates":[127.692803,34.940578]},"properties":{"id":"8808983720395","name":"동광양농협 하나로마트 본점","address":"","phone":"061-795-0711","hours":"09:00 ~ 21:00","region":"전남","district":"광양시","facilities":["은행"],"source":"농협경제지주 공식 전국마트찾기","sourceUrl":"https://www.nhhanaro.co.kr/nahh_70005.do?id=nahh001_010100000000"}},{"type":"Feature","geometry":{"type":"Point","coordinates":[127.688848,34.950096]},"properties":{"id":"8808983300078","name":"동광양농협 하나로마트 사동점","address":"","phone":"061-795-8955","hours":"09:00 ~ 22:00","region":"전남","district":"광양시","facilities":["은행"],"source":"농협경제지주 공식 전국마트찾기","sourceUrl":"https://www.nhhanaro.co.kr/nahh_70005.do?id=nahh001_010100000000"}},{"type":"Feature","geometry":{"type":"Point","coordinates":[127.73193,34.940247]},"properties":{"id":"8808983723136","name":"동광양농협 하나로마트 제철점","address":"","phone":"061-791-8016","hours":"09:00 ~ 22:00","region":"전남","district":"광양시","facilities":[],"source":"농협경제지주 공식 전국마트찾기","sourceUrl":"https://www.nhhanaro.co.kr/nahh_70005.do?id=nahh001_010100000000"}},{"type":"Feature","geometry":{"type":"Point","coordinates":[127.749889,34.942034]},"properties":{"id":"8808983720418","name":"동광양농협 하나로마트 태금점","address":"","phone":"061-792-2403","hours":"08:20 ~ 19:00","region":"전남","district":"광양시","facilities":["은행"],"source":"농협경제지주 공식 전국마트찾기","sourceUrl":"https://www.nhhanaro.co.kr/nahh_70005.do?id=nahh001_010100000000"}},{"type":"Feature","geometry":{"type":"Point","coordinates":[127.7207945,34.9720363]},"properties":{"id":"8808983331973","name":"로컬푸드직매장(광양동부농협)","address":"","phone":"061-772-8686","hours":"09:00 ~ 20:00","region":"전남","district":"광양시","facilities":["식자재"],"source":"농협경제지주 공식 전국마트찾기","sourceUrl":"https://www.nhhanaro.co.kr/nahh_70005.do?id=nahh001_010100000000"}},{"type":"Feature","geometry":{"type":"Point","coordinates":[127.717955,35.0144437]},"properties":{"id":"8808983720456","name":"진상농협 하나로마트","address":"","phone":"061-772-9080","hours":"08:00 ~ 19:30","region":"전남","district":"광양시","facilities":["주유소","은행"],"source":"농협경제지주 공식 전국마트찾기","sourceUrl":"https://www.nhhanaro.co.kr/nahh_70005.do?id=nahh001_010100000000"}},{"type":"Feature","geometry":{"type":"Point","coordinates":[127.464953,35.215024]},"properties":{"id":"8808983720265","name":"구례농협 하나로마트","address":"","phone":"061-783-3300","hours":"08:30 ~ 22:00","region":"전남","district":"구례군","facilities":[],"source":"농협경제지주 공식 전국마트찾기","sourceUrl":"https://www.nhhanaro.co.kr/nahh_70005.do?id=nahh001_010100000000"}},{"type":"Feature","geometry":{"type":"Point","coordinates":[127.54454,35.178247]},"properties":{"id":"8808983720289","name":"구례농협 하나로마트 간전점","address":"","phone":"061-781-4385","hours":"09:00 ~ 18:00","region":"전남","district":"구례군","facilities":["은행"],"source":"농협경제지주 공식 전국마트찾기","sourceUrl":"https://www.nhhanaro.co.kr/nahh_70005.do?id=nahh001_010100000000"}},{"type":"Feature","geometry":{"type":"Point","coordinates":[127.441055,35.261033]},"properties":{"id":"8808983720319","name":"구례농협 하나로마트 광의점","address":"","phone":"061-781-3291","hours":"08:00 ~ 19:00","region":"전남","district":"구례군","facilities":["은행"],"source":"농협경제지주 공식 전국마트찾기","sourceUrl":"https://www.nhhanaro.co.kr/nahh_70005.do?id=nahh001_010100000000"}},{"type":"Feature","geometry":{"type":"Point","coordinates":[127.43791,35.31444884]},"properties":{"id":"8808983720333","name":"구례산동농협 하나로마트","address":"","phone":"061-781-8928","hours":"하절기 08:00 ~ 20:00 · 동절기 08:00 ~ 19:00","region":"전남","district":"구례군","facilities":["은행"],"source":"농협경제지주 공식 전국마트찾기","sourceUrl":"https://www.nhhanaro.co.kr/nahh_70005.do?id=nahh001_010100000000"}},{"type":"Feature","geometry":{"type":"Point","coordinates":[127.468712,35.209578]},"properties":{"id":"8808983727127","name":"구례축협 하나로마트","address":"","phone":"061-782-1122","hours":"08:00 ~ 22:00","region":"전남","district":"구례군","facilities":[],"source":"농협경제지주 공식 전국마트찾기","sourceUrl":"https://www.nhhanaro.co.kr/nahh_70005.do?id=nahh001_010100000000"}},{"type":"Feature","geometry":{"type":"Point","coordinates":[126.607027,34.942923]},"properties":{"id":"8808983722108","name":"공산농협 하나로마트","address":"","phone":"061-336-3009","hours":"08:00 ~ 20:30","region":"전남","district":"나주시","facilities":[],"source":"농협경제지주 공식 전국마트찾기","sourceUrl":"https://www.nhhanaro.co.kr/nahh_70005.do?id=nahh001_010100000000"}},{"type":"Feature","geometry":{"type":"Point","coordinates":[126.753532,35.034347]},"properties":{"id":"8808983722252","name":"금천농협 하나로마트","address":"","phone":"061-331-7248","hours":"08:00 ~ 19:00","region":"전남","district":"나주시","facilities":[],"source":"농협경제지주 공식 전국마트찾기","sourceUrl":"https://www.nhhanaro.co.kr/nahh_70005.do?id=nahh001_010100000000"}},{"type":"Feature","geometry":{"type":"Point","coordinates":[126.717018,35.027954]},"properties":{"id":"8808983722047","name":"나주농협 하나로마트","address":"","phone":"061-330-6521","hours":"08:30 ~ 21:00","region":"전남","district":"나주시","facilities":[],"source":"농협경제지주 공식 전국마트찾기","sourceUrl":"https://www.nhhanaro.co.kr/nahh_70005.do?id=nahh001_010100000000"}},{"type":"Feature","geometry":{"type":"Point","coordinates":[126.72284,35.050983]},"properties":{"id":"8808983722054","name":"나주농협 하나로마트 송현점","address":"","phone":"061-334-1455","hours":"08:30 ~ 21:00","region":"전남","district":"나주시","facilities":["은행"],"source":"농협경제지주 공식 전국마트찾기","sourceUrl":"https://www.nhhanaro.co.kr/nahh_70005.do?id=nahh001_010100000000"}},{"type":"Feature","geometry":{"type":"Point","coordinates":[126.717495,35.037388]},"properties":{"id":"8808983320328","name":"나주축협 하나로마트","address":"","phone":"061-339-8001","hours":"08:00 ~ 21:00","region":"전남","district":"나주시","facilities":["은행"],"source":"농협경제지주 공식 전국마트찾기","sourceUrl":"https://www.nhhanaro.co.kr/nahh_70005.do?id=nahh001_010100000000"}},{"type":"Feature","geometry":{"type":"Point","coordinates":[126.714974,34.995393]},"properties":{"id":"8808983727196","name":"나주축협 하나로마트 영산포점","address":"","phone":"061-334-1590","hours":"08:00 ~ 21:00","region":"전남","district":"나주시","facilities":[],"source":"농협경제지주 공식 전국마트찾기","sourceUrl":"https://www.nhhanaro.co.kr/nahh_70005.do?id=nahh001_010100000000"}},{"type":"Feature","geometry":{"type":"Point","coordinates":[126.840692,35.047308]},"properties":{"id":"8808983722085","name":"남평농협 파머스마켓","address":"","phone":"061-331-2073","hours":"08:30 ~ 21:00","region":"전남","district":"나주시","facilities":[],"source":"농협경제지주 공식 전국마트찾기","sourceUrl":"https://www.nhhanaro.co.kr/nahh_70005.do?id=nahh001_010100000000"}},{"type":"Feature","geometry":{"type":"Point","coordinates":[126.826937,34.944434]},"properties":{"id":"8808983722115","name":"남평농협 하나로마트 다도점","address":"","phone":"061-337-3007","hours":"08:00 ~ 18:00","region":"전남","district":"나주시","facilities":[],"source":"농협경제지주 공식 전국마트찾기","sourceUrl":"https://www.nhhanaro.co.kr/nahh_70005.do?id=nahh001_010100000000"}},{"type":"Feature","geometry":{"type":"Point","coordinates":[126.731614,35.075466]},"properties":{"id":"8808983722207","name":"노안농협 하나로마트","address":"","phone":"061-335-7444","hours":"08:00 ~ 19:30","region":"전남","district":"나주시","facilities":[],"source":"농협경제지주 공식 전국마트찾기","sourceUrl":"https://www.nhhanaro.co.kr/nahh_70005.do?id=nahh001_010100000000"}},{"type":"Feature","geometry":{"type":"Point","coordinates":[126.637074,35.017718]},"properties":{"id":"8808983722191","name":"다시농협 하나로마트","address":"","phone":"061-335-4073","hours":"08:00 ~ 19:00","region":"전남","district":"나주시","facilities":[],"source":"농협경제지주 공식 전국마트찾기","sourceUrl":"https://www.nhhanaro.co.kr/nahh_70005.do?id=nahh001_010100000000"}},{"type":"Feature","geometry":{"type":"Point","coordinates":[126.603362,35.056255]},"properties":{"id":"8808983722139","name":"다시농협 하나로마트 문평점","address":"","phone":"061-336-5004","hours":"08:00 ~ 18:00","region":"전남","district":"나주시","facilities":[],"source":"농협경제지주 공식 전국마트찾기","sourceUrl":"https://www.nhhanaro.co.kr/nahh_70005.do?id=nahh001_010100000000"}},{"type":"Feature","geometry":{"type":"Point","coordinates":[126.564056,34.936987]},"properties":{"id":"8808983722146","name":"동강농협 하나로마트","address":"","phone":"061-335-7544","hours":"08:00 ~ 21:00","region":"전남","district":"나주시","facilities":[],"source":"농협경제지주 공식 전국마트찾기","sourceUrl":"https://www.nhhanaro.co.kr/nahh_70005.do?id=nahh001_010100000000"}},{"type":"Feature","geometry":{"type":"Point","coordinates":[126.652376,34.902953]},"properties":{"id":"8808983722153","name":"마한농협 하나로마트","address":"","phone":"061-336-2212","hours":"08:00 ~ 18:30","region":"전남","district":"나주시","facilities":[],"source":"농협경제지주 공식 전국마트찾기","sourceUrl":"https://www.nhhanaro.co.kr/nahh_70005.do?id=nahh001_010100000000"}},{"type":"Feature","geometry":{"type":"Point","coordinates":[126.705494,34.970657]},"properties":{"id":"8808983722238","name":"마한농협 하나로마트 양산점","address":"","phone":"061-337-6202","hours":"08:00 ~ 18:00","region":"전남","district":"나주시","facilities":[],"source":"농협경제지주 공식 전국마트찾기","sourceUrl":"https://www.nhhanaro.co.kr/nahh_70005.do?id=nahh001_010100000000"}},{"type":"Feature","geometry":{"type":"Point","coordinates":[126.67162,34.96893]},"properties":{"id":"8808983722245","name":"마한농협 하나로마트 왕곡점","address":"","phone":"061-335-6641","hours":"08:00 ~ 18:00","region":"전남","district":"나주시","facilities":[],"source":"농협경제지주 공식 전국마트찾기","sourceUrl":"https://www.nhhanaro.co.kr/nahh_70005.do?id=nahh001_010100000000"}},{"type":"Feature","geometry":{"type":"Point","coordinates":[126.780629,34.957085]},"properties":{"id":"8808983722092","name":"봉황농협 하나로마트","address":"","phone":"061-331-3442","hours":"08:00 ~ 18:30","region":"전남","district":"나주시","facilities":[],"source":"농협경제지주 공식 전국마트찾기","sourceUrl":"https://www.nhhanaro.co.kr/nahh_70005.do?id=nahh001_010100000000"}},{"type":"Feature","geometry":{"type":"Point","coordinates":[126.803027,35.03554]},"properties":{"id":"8808983722221","name":"산포농협 하나로마트","address":"","phone":"061-337-1005","hours":"08:00 ~ 19:30","region":"전남","district":"나주시","facilities":[],"source":"농협경제지주 공식 전국마트찾기","sourceUrl":"https://www.nhhanaro.co.kr/nahh_70005.do?id=nahh001_010100000000"}},{"type":"Feature","geometry":{"type":"Point","coordinates":[126.796945,35.054228]},"properties":{"id":"8808983722214","name":"산포농협 하나로마트 덕례점","address":"","phone":"062-373-0766","hours":"08:00 ~ 18:00","region":"전남","district":"나주시","facilities":[],"source":"농협경제지주 공식 전국마트찾기","sourceUrl":"https://www.nhhanaro.co.kr/nahh_70005.do?id=nahh001_010100000000"}},{"type":"Feature","geometry":{"type":"Point","coordinates":[126.748898,34.919742]},"properties":{"id":"8808983722184","name":"세지농협 하나로마트","address":"","phone":"061-331-5080","hours":"08:00 ~ 19:00","region":"전남","district":"나주시","facilities":[],"source":"농협경제지주 공식 전국마트찾기","sourceUrl":"https://www.nhhanaro.co.kr/nahh_70005.do?id=nahh001_010100000000"}},{"type":"Feature","geometry":{"type":"Point","coordinates":[126.709732,34.993003]},"properties":{"id":"8808983723259","name":"영산포농협 하나로마트","address":"","phone":"061-331-4200","hours":"08:00 ~ 21:00","region":"전남","district":"나주시","facilities":["식자재"],"source":"농협경제지주 공식 전국마트찾기","sourceUrl":"https://www.nhhanaro.co.kr/nahh_70005.do?id=nahh001_010100000000"}},{"type":"Feature","geometry":{"type":"Point","coordinates":[127.027588,35.176553]},"properties":{"id":"8808983720111","name":"고서농협 하나로마트 남면점","address":"","phone":"061-382-1301","hours":"08:00 ~ 19:00","region":"전남","district":"담양군","facilities":["은행"],"source":"농협경제지주 공식 전국마트찾기","sourceUrl":"https://www.nhhanaro.co.kr/nahh_70005.do?id=nahh001_010100000000"}},{"type":"Feature","geometry":{"type":"Point","coordinates":[126.9738278,35.221763]},"properties":{"id":"8808983321752","name":"고서농협로컬푸드직매장","address":"","phone":"061-382-6900","hours":"09:00 ~ 20:00","region":"전남","district":"담양군","facilities":["은행"],"source":"농협경제지주 공식 전국마트찾기","sourceUrl":"https://www.nhhanaro.co.kr/nahh_70005.do?id=nahh001_010100000000"}},{"type":"Feature","geometry":{"type":"Point","coordinates":[127.025598,35.342985]},"properties":{"id":"8808983720050","name":"담양금성농협 하나로마트","address":"","phone":"061-382-4503","hours":"08:00 ~ 20:00","region":"전남","district":"담양군","facilities":[],"source":"농협경제지주 공식 전국마트찾기","sourceUrl":"https://www.nhhanaro.co.kr/nahh_70005.do?id=nahh001_010100000000"}},{"type":"Feature","geometry":{"type":"Point","coordinates":[126.982046,35.320146]},"properties":{"id":"8808983720012","name":"담양농협 하나로마트","address":"","phone":"061-383-6669","hours":"08:00 ~ 20:00","region":"전남","district":"담양군","facilities":["은행"],"source":"농협경제지주 공식 전국마트찾기","sourceUrl":"https://www.nhhanaro.co.kr/nahh_70005.do?id=nahh001_010100000000"}},{"type":"Feature","geometry":{"type":"Point","coordinates":[126.975712,35.312251]},"properties":{"id":"8808983323053","name":"담양농협 하나로마트 대형","address":"","phone":"061-380-0600","hours":"09:00 ~ 21:00","region":"전남","district":"담양군","facilities":["은행"],"source":"농협경제지주 공식 전국마트찾기","sourceUrl":"https://www.nhhanaro.co.kr/nahh_70005.do?id=nahh001_010100000000"}},{"type":"Feature","geometry":{"type":"Point","coordinates":[126.987895,35.362596]},"properties":{"id":"8808983720043","name":"담양농협 하나로마트 용면점","address":"","phone":"061-382-2901","hours":"08:00 ~ 18:00","region":"전남","district":"담양군","facilities":[],"source":"농협경제지주 공식 전국마트찾기","sourceUrl":"https://www.nhhanaro.co.kr/nahh_70005.do?id=nahh001_010100000000"}},{"type":"Feature","geometry":{"type":"Point","coordinates":[126.946214,35.3155284]},"properties":{"id":"8808983332574","name":"담양농협담빛문화지점 하나로마트","address":"","phone":"061-383-8812","hours":"00:00 ~ 00:00","region":"전남","district":"담양군","facilities":["은행"],"source":"농협경제지주 공식 전국마트찾기","sourceUrl":"https://www.nhhanaro.co.kr/nahh_70005.do?id=nahh001_010100000000"}},{"type":"Feature","geometry":{"type":"Point","coordinates":[126.888996,35.276621]},"properties":{"id":"8808983720135","name":"담양대전농협 하나로마트","address":"","phone":"061-383-6794","hours":"08:00 ~ 21:00","region":"전남","district":"담양군","facilities":[],"source":"농협경제지주 공식 전국마트찾기","sourceUrl":"https://www.nhhanaro.co.kr/nahh_70005.do?id=nahh001_010100000000"}},{"type":"Feature","geometry":{"type":"Point","coordinates":[126.984884,35.319242]},"properties":{"id":"8808983727028","name":"담양축협 하나로마트","address":"","phone":"061-383-9004","hours":"08:30 ~ 21:00","region":"전남","district":"담양군","facilities":[],"source":"농협경제지주 공식 전국마트찾기","sourceUrl":"https://www.nhhanaro.co.kr/nahh_70005.do?id=nahh001_010100000000"}},{"type":"Feature","geometry":{"type":"Point","coordinates":[127.029506,35.294838]},"properties":{"id":"8808983720067","name":"무정농협 하나로마트","address":"","phone":"061-381-2246","hours":"08:00 ~ 19:00","region":"전남","district":"담양군","facilities":[],"source":"농협경제지주 공식 전국마트찾기","sourceUrl":"https://www.nhhanaro.co.kr/nahh_70005.do?id=nahh001_010100000000"}},{"type":"Feature","geometry":{"type":"Point","coordinates":[126.956239,35.27521]},"properties":{"id":"8808983720074","name":"봉산농협 하나로마트","address":"","phone":"061-382-6782","hours":"08:00 ~ 19:00","region":"전남","district":"담양군","facilities":["은행"],"source":"농협경제지주 공식 전국마트찾기","sourceUrl":"https://www.nhhanaro.co.kr/nahh_70005.do?id=nahh001_010100000000"}},{"type":"Feature","geometry":{"type":"Point","coordinates":[126.9518,35.25315]},"properties":{"id":"8808983331560","name":"봉산농협쌍교 로컬푸드직매장","address":"","phone":"061-382-3400","hours":"하절기 08:30 ~ 20:00 · 동절기 08:30 ~ 19:30","region":"전남","district":"담양군","facilities":[],"source":"농협경제지주 공식 전국마트찾기","sourceUrl":"https://www.nhhanaro.co.kr/nahh_70005.do?id=nahh001_010100000000"}},{"type":"Feature","geometry":{"type":"Point","coordinates":[126.931067,35.302103]},"properties":{"id":"8808983720128","name":"수북농협 하나로마트","address":"","phone":"061-382-7773","hours":"07:30 ~ 20:00","region":"전남","district":"담양군","facilities":["은행"],"source":"농협경제지주 공식 전국마트찾기","sourceUrl":"https://www.nhhanaro.co.kr/nahh_70005.do?id=nahh001_010100000000"}},{"type":"Feature","geometry":{"type":"Point","coordinates":[126.955196,35.341]},"properties":{"id":"8808983720036","name":"월산농협 하나로마트","address":"","phone":"061-383-4614","hours":"08:00 ~ 19:00","region":"전남","district":"담양군","facilities":[],"source":"농협경제지주 공식 전국마트찾기","sourceUrl":"https://www.nhhanaro.co.kr/nahh_70005.do?id=nahh001_010100000000"}},{"type":"Feature","geometry":{"type":"Point","coordinates":[127.014774,35.237626]},"properties":{"id":"8808983720081","name":"창평농협 하나로마트","address":"","phone":"061-382-8903","hours":"08:00 ~ 21:00","region":"전남","district":"담양군","facilities":[],"source":"농협경제지주 공식 전국마트찾기","sourceUrl":"https://www.nhhanaro.co.kr/nahh_70005.do?id=nahh001_010100000000"}},{"type":"Feature","geometry":{"type":"Point","coordinates":[127.038194,35.249073]},"properties":{"id":"8808983720104","name":"창평농협 하나로마트 대덕점","address":"","phone":"061-381-1529","hours":"08:00 ~ 19:00","region":"전남","district":"담양군","facilities":[],"source":"농협경제지주 공식 전국마트찾기","sourceUrl":"https://www.nhhanaro.co.kr/nahh_70005.do?id=nahh001_010100000000"}},{"type":"Feature","geometry":{"type":"Point","coordinates":[126.4285427,34.8190883]},"properties":{"id":"8808983000415","name":"농협목포식자재마트","address":"","phone":"061-280-6000","hours":"08:00 ~ 22:00","region":"전남","district":"목포시","facilities":[],"source":"농협경제지주 공식 전국마트찾기","sourceUrl":"https://www.nhhanaro.co.kr/nahh_70005.do?id=nahh001_010100000000"}},{"type":"Feature","geometry":{"type":"Point","coordinates":[126.570667,33.450701]},"properties":{"id":"8808983337036","name":"목포농협 하나로마트 로컬푸드 북항점","address":"","phone":"063-272-9999","hours":"09:00 ~ 22:00","region":"전남","district":"목포시","facilities":[],"source":"농협경제지주 공식 전국마트찾기","sourceUrl":"https://www.nhhanaro.co.kr/nahh_70005.do?id=nahh001_010100000000"}},{"type":"Feature","geometry":{"type":"Point","coordinates":[126.422501,34.824004]},"properties":{"id":"8808983722849","name":"목포농협 하나로마트 본점","address":"","phone":"061-285-2246","hours":"08:00 ~ 19:00","region":"전남","district":"목포시","facilities":["은행"],"source":"농협경제지주 공식 전국마트찾기","sourceUrl":"https://www.nhhanaro.co.kr/nahh_70005.do?id=nahh001_010100000000"}},{"type":"Feature","geometry":{"type":"Point","coordinates":[126.402014,34.806919]},"properties":{"id":"8808983328676","name":"목포농협로컬푸드직매장","address":"","phone":"061-272-8700","hours":"09:00 ~ 21:00","region":"전남","district":"목포시","facilities":["은행"],"source":"농협경제지주 공식 전국마트찾기","sourceUrl":"https://www.nhhanaro.co.kr/nahh_70005.do?id=nahh001_010100000000"}},{"type":"Feature","geometry":{"type":"Point","coordinates":[126.4201022,34.81655503]},"properties":{"id":"8808983329710","name":"목포원예농협 하나로마트","address":"","phone":"061-285-1003","hours":"09:00 ~ 22:00","region":"전남","district":"목포시","facilities":[],"source":"농협경제지주 공식 전국마트찾기","sourceUrl":"https://www.nhhanaro.co.kr/nahh_70005.do?id=nahh001_010100000000"}},{"type":"Feature","geometry":{"type":"Point","coordinates":[126.428982,34.818868]},"properties":{"id":"8808983120416","name":"하나로마트 목포점","address":"","phone":"061-280-6000","hours":"09:00 ~ 22:00","region":"전남","district":"목포시","facilities":["식자재"],"source":"농협경제지주 공식 전국마트찾기","sourceUrl":"https://www.nhhanaro.co.kr/nahh_70005.do?id=nahh001_010100000000"}},{"type":"Feature","geometry":{"type":"Point","coordinates":[126.475866,34.993283]},"properties":{"id":"8808983320748","name":"목포무안신안축협 하나로마트 무안점","address":"","phone":"061-454-0602","hours":"08:30 ~ 20:00","region":"전남","district":"무안군","facilities":[],"source":"농협경제지주 공식 전국마트찾기","sourceUrl":"https://www.nhhanaro.co.kr/nahh_70005.do?id=nahh001_010100000000"}},{"type":"Feature","geometry":{"type":"Point","coordinates":[126.503524,34.933526]},"properties":{"id":"8808983721989","name":"몽탄농협 하나로마트","address":"","phone":"061-452-3601","hours":"08:00 ~ 18:00","region":"전남","district":"무안군","facilities":[],"source":"농협경제지주 공식 전국마트찾기","sourceUrl":"https://www.nhhanaro.co.kr/nahh_70005.do?id=nahh001_010100000000"}},{"type":"Feature","geometry":{"type":"Point","coordinates":[126.469991,34.993042]},"properties":{"id":"8808983721941","name":"무안농협 하나로마트","address":"","phone":"061-454-1581","hours":"08:00 ~ 21:00","region":"전남","district":"무안군","facilities":["은행","식자재"],"source":"농협경제지주 공식 전국마트찾기","sourceUrl":"https://www.nhhanaro.co.kr/nahh_70005.do?id=nahh001_010100000000"}},{"type":"Feature","geometry":{"type":"Point","coordinates":[126.392623,35.0123004]},"properties":{"id":"8808983722023","name":"무안농협 하나로마트 망운점","address":"","phone":"061-453-6756","hours":"08:00 ~ 19:00","region":"전남","district":"무안군","facilities":["은행"],"source":"농협경제지주 공식 전국마트찾기","sourceUrl":"https://www.nhhanaro.co.kr/nahh_70005.do?id=nahh001_010100000000"}},{"type":"Feature","geometry":{"type":"Point","coordinates":[126.38156,35.0497678]},"properties":{"id":"8808983722009","name":"무안농협 하나로마트 서부점","address":"","phone":"061-453-6781","hours":"08:00 ~ 17:00","region":"전남","district":"무안군","facilities":["은행"],"source":"농협경제지주 공식 전국마트찾기","sourceUrl":"https://www.nhhanaro.co.kr/nahh_70005.do?id=nahh001_010100000000"}},{"type":"Feature","geometry":{"type":"Point","coordinates":[126.293415,35.110605]},"properties":{"id":"8808983721965","name":"무안농협 하나로마트 해제점","address":"","phone":"061-452-7285","hours":"07:30 ~ 20:00","region":"전남","district":"무안군","facilities":["은행"],"source":"농협경제지주 공식 전국마트찾기","sourceUrl":"https://www.nhhanaro.co.kr/nahh_70005.do?id=nahh001_010100000000"}},{"type":"Feature","geometry":{"type":"Point","coordinates":[126.410531,35.02156]},"properties":{"id":"8808983722016","name":"무안농협 하나로마트 현경점","address":"","phone":"061-453-2603","hours":"08:00 ~ 19:00","region":"전남","district":"무안군","facilities":["은행"],"source":"농협경제지주 공식 전국마트찾기","sourceUrl":"https://www.nhhanaro.co.kr/nahh_70005.do?id=nahh001_010100000000"}},{"type":"Feature","geometry":{"type":"Point","coordinates":[126.340634,34.96101]},"properties":{"id":"8808983722030","name":"운남농협 하나로마트","address":"","phone":"061-452-4601","hours":"08:00 ~ 20:00","region":"전남","district":"무안군","facilities":[],"source":"농협경제지주 공식 전국마트찾기","sourceUrl":"https://www.nhhanaro.co.kr/nahh_70005.do?id=nahh001_010100000000"}},{"type":"Feature","geometry":{"type":"Point","coordinates":[126.495333,34.849732]},"properties":{"id":"8808983721972","name":"일로농협 하나로마트 본점","address":"","phone":"061-281-3008","hours":"07:30 ~ 22:00","region":"전남","district":"무안군","facilities":[],"source":"농협경제지주 공식 전국마트찾기","sourceUrl":"https://www.nhhanaro.co.kr/nahh_70005.do?id=nahh001_010100000000"}},{"type":"Feature","geometry":{"type":"Point","coordinates":[126.429449,34.909308]},"properties":{"id":"8808983721934","name":"청계농협 하나로마트","address":"","phone":"061-454-2302","hours":"08:00 ~ 20:30","region":"전남","district":"무안군","facilities":[],"source":"농협경제지주 공식 전국마트찾기","sourceUrl":"https://www.nhhanaro.co.kr/nahh_70005.do?id=nahh001_010100000000"}},{"type":"Feature","geometry":{"type":"Point","coordinates":[126.4604922,34.8135949]},"properties":{"id":"8808983320274","name":"하나로마트 남악점","address":"","phone":"061-289-7700","hours":"09:30 ~ 22:00","region":"전남","district":"무안군","facilities":["은행"],"source":"농협경제지주 공식 전국마트찾기","sourceUrl":"https://www.nhhanaro.co.kr/nahh_70005.do?id=nahh001_010100000000"}},{"type":"Feature","geometry":{"type":"Point","coordinates":[127.172486,34.761238]},"properties":{"id":"8808983721231","name":"득량농협 하나로마트","address":"","phone":"061-853-5531","hours":"08:00 ~ 18:00","region":"전남","district":"보성군","facilities":["은행"],"source":"농협경제지주 공식 전국마트찾기","sourceUrl":"https://www.nhhanaro.co.kr/nahh_70005.do?id=nahh001_010100000000"}},{"type":"Feature","geometry":{"type":"Point","coordinates":[127.199759,34.773897]},"properties":{"id":"8808983721224","name":"득량농협 하나로마트 예당점","address":"","phone":"061-853-5534","hours":"08:00 ~ 18:00","region":"전남","district":"보성군","facilities":["은행"],"source":"농협경제지주 공식 전국마트찾기","sourceUrl":"https://www.nhhanaro.co.kr/nahh_70005.do?id=nahh001_010100000000"}},{"type":"Feature","geometry":{"type":"Point","coordinates":[127.344983,34.843231]},"properties":{"id":"8808983721262","name":"벌교농협 하나로마트","address":"","phone":"061-850-6639","hours":"06:30 ~ 20:00","region":"전남","district":"보성군","facilities":[],"source":"농협경제지주 공식 전국마트찾기","sourceUrl":"https://www.nhhanaro.co.kr/nahh_70005.do?id=nahh001_010100000000"}},{"type":"Feature","geometry":{"type":"Point","coordinates":[127.244652,34.807186]},"properties":{"id":"8808983721255","name":"벌교농협 하나로마트 조성점","address":"","phone":"061-857-6625","hours":"07:30 ~ 18:30","region":"전남","district":"보성군","facilities":["은행"],"source":"농협경제지주 공식 전국마트찾기","sourceUrl":"https://www.nhhanaro.co.kr/nahh_70005.do?id=nahh001_010100000000"}},{"type":"Feature","geometry":{"type":"Point","coordinates":[127.080396,34.76979]},"properties":{"id":"8808983721125","name":"보성농협 하나로마트","address":"","phone":"061-852-7840","hours":"07:30 ~ 21:00","region":"전남","district":"보성군","facilities":[],"source":"농협경제지주 공식 전국마트찾기","sourceUrl":"https://www.nhhanaro.co.kr/nahh_70005.do?id=nahh001_010100000000"}},{"type":"Feature","geometry":{"type":"Point","coordinates":[127.069587,34.798375]},"properties":{"id":"8808983721132","name":"보성농협 하나로마트 노동점","address":"","phone":"061-852-0377","hours":"08:00 ~ 18:00","region":"전남","district":"보성군","facilities":["은행"],"source":"농협경제지주 공식 전국마트찾기","sourceUrl":"https://www.nhhanaro.co.kr/nahh_70005.do?id=nahh001_010100000000"}},{"type":"Feature","geometry":{"type":"Point","coordinates":[127.087493,34.798835]},"properties":{"id":"8808983721149","name":"보성농협 하나로마트 미력점","address":"","phone":"061-853-4141","hours":"08:00 ~ 18:00","region":"전남","district":"보성군","facilities":[],"source":"농협경제지주 공식 전국마트찾기","sourceUrl":"https://www.nhhanaro.co.kr/nahh_70005.do?id=nahh001_010100000000"}},{"type":"Feature","geometry":{"type":"Point","coordinates":[127.018757,34.714735]},"properties":{"id":"8808983721170","name":"보성농협 하나로마트 웅치점","address":"","phone":"061-852-6009","hours":"08:00 ~ 18:00","region":"전남","district":"보성군","facilities":["은행"],"source":"농협경제지주 공식 전국마트찾기","sourceUrl":"https://www.nhhanaro.co.kr/nahh_70005.do?id=nahh001_010100000000"}},{"type":"Feature","geometry":{"type":"Point","coordinates":[127.151705,34.828948]},"properties":{"id":"8808983721217","name":"보성북부농협 하나로마트 겸백점","address":"","phone":"061-853-6048","hours":"08:00 ~ 18:00","region":"전남","district":"보성군","facilities":["은행"],"source":"농협경제지주 공식 전국마트찾기","sourceUrl":"https://www.nhhanaro.co.kr/nahh_70005.do?id=nahh001_010100000000"}},{"type":"Feature","geometry":{"type":"Point","coordinates":[127.170577,34.928814]},"properties":{"id":"8808983721194","name":"보성북부농협 하나로마트 문덕점","address":"","phone":"061-852-1010","hours":"08:00 ~ 18:00","region":"전남","district":"보성군","facilities":["은행"],"source":"농협경제지주 공식 전국마트찾기","sourceUrl":"https://www.nhhanaro.co.kr/nahh_70005.do?id=nahh001_010100000000"}},{"type":"Feature","geometry":{"type":"Point","coordinates":[127.131372,34.894367]},"properties":{"id":"8808983721187","name":"보성북부농협 하나로마트 본점","address":"","phone":"061-852-5037","hours":"08:00 ~ 18:00","region":"전남","district":"보성군","facilities":["은행"],"source":"농협경제지주 공식 전국마트찾기","sourceUrl":"https://www.nhhanaro.co.kr/nahh_70005.do?id=nahh001_010100000000"}},{"type":"Feature","geometry":{"type":"Point","coordinates":[127.18659,34.871113]},"properties":{"id":"8808983721200","name":"보성북부농협 하나로마트 율어점","address":"","phone":"061-852-7015","hours":"08:00 ~ 18:00","region":"전남","district":"보성군","facilities":["은행"],"source":"농협경제지주 공식 전국마트찾기","sourceUrl":"https://www.nhhanaro.co.kr/nahh_70005.do?id=nahh001_010100000000"}},{"type":"Feature","geometry":{"type":"Point","coordinates":[127.087085,34.671139]},"properties":{"id":"8808983721163","name":"회천농협 하나로마트 본점","address":"","phone":"061-853-8882","hours":"08:00 ~ 19:00","region":"전남","district":"보성군","facilities":[],"source":"농협경제지주 공식 전국마트찾기","sourceUrl":"https://www.nhhanaro.co.kr/nahh_70005.do?id=nahh001_010100000000"}},{"type":"Feature","geometry":{"type":"Point","coordinates":[127.063096,34.669731]},"properties":{"id":"8808983721156","name":"회천농협 하나로마트 회령점","address":"","phone":"061-853-8884","hours":"08:00 ~ 18:30","region":"전남","district":"보성군","facilities":[],"source":"농협경제지주 공식 전국마트찾기","sourceUrl":"https://www.nhhanaro.co.kr/nahh_70005.do?id=nahh001_010100000000"}},{"type":"Feature","geometry":{"type":"Point","coordinates":[127.4905787,34.9728189]},"properties":{"id":"8808983331997","name":"순천광양축협 하나로마트","address":"","phone":"061-753-3700","hours":"09:00 ~ 22:00","region":"전남","district":"순천시","facilities":["주유소","문화센터","은행"],"source":"농협경제지주 공식 전국마트찾기","sourceUrl":"https://www.nhhanaro.co.kr/nahh_70005.do?id=nahh001_010100000000"}},{"type":"Feature","geometry":{"type":"Point","coordinates":[127.532951,34.952085]},"properties":{"id":"8808983720760","name":"순천농협 파머스마켓","address":"","phone":"061-725-8200","hours":"08:00 ~ 22:00","region":"전남","district":"순천시","facilities":["문화센터","은행","식자재"],"source":"농협경제지주 공식 전국마트찾기","sourceUrl":"https://www.nhhanaro.co.kr/nahh_70005.do?id=nahh001_010100000000"}},{"type":"Feature","geometry":{"type":"Point","coordinates":[127.504993,34.909317]},"properties":{"id":"8808983720777","name":"순천농협 하나로마트 도사점","address":"","phone":"061-744-2872","hours":"09:00 ~ 18:00","region":"전남","district":"순천시","facilities":["은행"],"source":"농협경제지주 공식 전국마트찾기","sourceUrl":"https://www.nhhanaro.co.kr/nahh_70005.do?id=nahh001_010100000000"}},{"type":"Feature","geometry":{"type":"Point","coordinates":[127.454275,34.940192]},"properties":{"id":"8808983720913","name":"순천농협 하나로마트 상사점","address":"","phone":"061-745-3626","hours":"08:30 ~ 18:00","region":"전남","district":"순천시","facilities":["은행"],"source":"농협경제지주 공식 전국마트찾기","sourceUrl":"https://www.nhhanaro.co.kr/nahh_70005.do?id=nahh001_010100000000"}},{"type":"Feature","geometry":{"type":"Point","coordinates":[127.494172,34.992883]},"properties":{"id":"8808983720807","name":"순천농협 하나로마트 서면점","address":"","phone":"061-752-5941","hours":"08:30 ~ 18:00","region":"전남","district":"순천시","facilities":[],"source":"농협경제지주 공식 전국마트찾기","sourceUrl":"https://www.nhhanaro.co.kr/nahh_70005.do?id=nahh001_010100000000"}},{"type":"Feature","geometry":{"type":"Point","coordinates":[127.26434,34.973634]},"properties":{"id":"8808983720869","name":"순천농협 하나로마트 송광점","address":"","phone":"061-754-4024","hours":"08:00 ~ 18:00","region":"전남","district":"순천시","facilities":["은행"],"source":"농협경제지주 공식 전국마트찾기","sourceUrl":"https://www.nhhanaro.co.kr/nahh_70005.do?id=nahh001_010100000000"}},{"type":"Feature","geometry":{"type":"Point","coordinates":[127.279711,35.040514]},"properties":{"id":"8808983720845","name":"순천농협 하나로마트 오성점","address":"","phone":"061-754-4991","hours":"08:20 ~ 18:00","region":"전남","district":"순천시","facilities":["은행"],"source":"농협경제지주 공식 전국마트찾기","sourceUrl":"https://www.nhhanaro.co.kr/nahh_70005.do?id=nahh001_010100000000"}},{"type":"Feature","geometry":{"type":"Point","coordinates":[127.274447,34.915371]},"properties":{"id":"8808983720876","name":"순천농협 하나로마트 외서점","address":"","phone":"061-755-3010","hours":"08:00 ~ 18:00","region":"전남","district":"순천시","facilities":["은행"],"source":"농협경제지주 공식 전국마트찾기","sourceUrl":"https://www.nhhanaro.co.kr/nahh_70005.do?id=nahh001_010100000000"}},{"type":"Feature","geometry":{"type":"Point","coordinates":[127.380247,35.091711]},"properties":{"id":"8808983720821","name":"순천농협 하나로마트 월등점","address":"","phone":"061-754-1407","hours":"08:00 ~ 18:00","region":"전남","district":"순천시","facilities":[],"source":"농협경제지주 공식 전국마트찾기","sourceUrl":"https://www.nhhanaro.co.kr/nahh_70005.do?id=nahh001_010100000000"}},{"type":"Feature","geometry":{"type":"Point","coordinates":[127.536611,34.914643]},"properties":{"id":"8808983720784","name":"순천농협 하나로마트 해룡점","address":"","phone":"061-724-4664","hours":"09:00 ~ 18:00","region":"전남","district":"순천시","facilities":[],"source":"농협경제지주 공식 전국마트찾기","sourceUrl":"https://www.nhhanaro.co.kr/nahh_70005.do?id=nahh001_010100000000"}},{"type":"Feature","geometry":{"type":"Point","coordinates":[127.492707,34.939114]},"properties":{"id":"8808983729015","name":"순천원예농협 하나로마트","address":"","phone":"061-746-5500","hours":"09:00 ~ 22:00","region":"전남","district":"순천시","facilities":["은행"],"source":"농협경제지주 공식 전국마트찾기","sourceUrl":"https://www.nhhanaro.co.kr/nahh_70005.do?id=nahh001_010100000000"}},{"type":"Feature","geometry":{"type":"Point","coordinates":[127.520355,34.951081]},"properties":{"id":"8808983720920","name":"순천원예농협 하나로마트 연향점","address":"","phone":"061-722-1234","hours":"09:00 ~ 20:00","region":"전남","district":"순천시","facilities":["은행"],"source":"농협경제지주 공식 전국마트찾기","sourceUrl":"https://www.nhhanaro.co.kr/nahh_70005.do?id=nahh001_010100000000"}},{"type":"Feature","geometry":{"type":"Point","coordinates":[127.493875,34.973473]},"properties":{"id":"8808983727103","name":"순천축협 하나로마트 용당점","address":"","phone":"061-751-6644","hours":"09:00 ~ 20:30","region":"전남","district":"순천시","facilities":[],"source":"농협경제지주 공식 전국마트찾기","sourceUrl":"https://www.nhhanaro.co.kr/nahh_70005.do?id=nahh001_010100000000"}},{"type":"Feature","geometry":{"type":"Point","coordinates":[126.038,34.608339]},"properties":{"id":"8808983722979","name":"남신안농협 하나로마트","address":"","phone":"061-275-4013","hours":"08:00 ~ 18:30","region":"전남","district":"신안군","facilities":[],"source":"농협경제지주 공식 전국마트찾기","sourceUrl":"https://www.nhhanaro.co.kr/nahh_70005.do?id=nahh001_010100000000"}},{"type":"Feature","geometry":{"type":"Point","coordinates":[126.088432,34.585399]},"properties":{"id":"8808983722962","name":"남신안농협 하나로마트 신의점","address":"","phone":"061-271-7064","hours":"08:00 ~ 18:30","region":"전남","district":"신안군","facilities":["은행"],"source":"농협경제지주 공식 전국마트찾기","sourceUrl":"https://www.nhhanaro.co.kr/nahh_70005.do?id=nahh001_010100000000"}},{"type":"Feature","geometry":{"type":"Point","coordinates":[126.147032,34.641871]},"properties":{"id":"8808983722986","name":"남신안농협 하나로마트 장산점","address":"","phone":"061-271-2516","hours":"08:00 ~ 18:00","region":"전남","district":"신안군","facilities":[],"source":"농협경제지주 공식 전국마트찾기","sourceUrl":"https://www.nhhanaro.co.kr/nahh_70005.do?id=nahh001_010100000000"}},{"type":"Feature","geometry":{"type":"Point","coordinates":[125.952541,34.702519]},"properties":{"id":"8808983723013","name":"도초농협 하나로마트","address":"","phone":"061-261-2033","hours":"하절기 08:00 ~ 20:00 · 동절기 08:00 ~ 19:00","region":"전남","district":"신안군","facilities":["주유소","은행","식자재"],"source":"농협경제지주 공식 전국마트찾기","sourceUrl":"https://www.nhhanaro.co.kr/nahh_70005.do?id=nahh001_010100000000"}},{"type":"Feature","geometry":{"type":"Point","coordinates":[125.441225,34.682929]},"properties":{"id":"8808983723266","name":"도초농협 하나로마트 흑산점","address":"","phone":"061-275-8556","hours":"08:00 ~ 19:00","region":"전남","district":"신안군","facilities":[],"source":"농협경제지주 공식 전국마트찾기","sourceUrl":"https://www.nhhanaro.co.kr/nahh_70005.do?id=nahh001_010100000000"}},{"type":"Feature","geometry":{"type":"Point","coordinates":[126.205917,35.057697]},"properties":{"id":"8808983722900","name":"북신안농협 하나로마트","address":"","phone":"061-275-0172","hours":"07:30 ~ 21:00","region":"전남","district":"신안군","facilities":[],"source":"농협경제지주 공식 전국마트찾기","sourceUrl":"https://www.nhhanaro.co.kr/nahh_70005.do?id=nahh001_010100000000"}},{"type":"Feature","geometry":{"type":"Point","coordinates":[126.140508,35.00176]},"properties":{"id":"8808983722917","name":"북신안농협 하나로마트 증도점","address":"","phone":"061-271-7554","hours":"07:30 ~ 20:00","region":"전남","district":"신안군","facilities":[],"source":"농협경제지주 공식 전국마트찾기","sourceUrl":"https://www.nhhanaro.co.kr/nahh_70005.do?id=nahh001_010100000000"}},{"type":"Feature","geometry":{"type":"Point","coordinates":[125.930039,34.752791]},"properties":{"id":"8808983722993","name":"비금농협 파머스마켓","address":"","phone":"061-275-5250","hours":"08:00 ~ 20:00","region":"전남","district":"신안군","facilities":[],"source":"농협경제지주 공식 전국마트찾기","sourceUrl":"https://www.nhhanaro.co.kr/nahh_70005.do?id=nahh001_010100000000"}},{"type":"Feature","geometry":{"type":"Point","coordinates":[126.11279,34.828507]},"properties":{"id":"8808983722931","name":"신안농협 로컬푸드 직매장","address":"","phone":"061-271-4005","hours":"하절기 07:30 ~ 19:00 · 동절기 00:00 ~ 00:00","region":"전남","district":"신안군","facilities":[],"source":"농협경제지주 공식 전국마트찾기","sourceUrl":"https://www.nhhanaro.co.kr/nahh_70005.do?id=nahh001_010100000000"}},{"type":"Feature","geometry":{"type":"Point","coordinates":[126.12638,34.752059]},"properties":{"id":"8808983722948","name":"신안농협 하나로마트 안좌점","address":"","phone":"061-261-4006","hours":"07:30 ~ 19:00","region":"전남","district":"신안군","facilities":["은행"],"source":"농협경제지주 공식 전국마트찾기","sourceUrl":"https://www.nhhanaro.co.kr/nahh_70005.do?id=nahh001_010100000000"}},{"type":"Feature","geometry":{"type":"Point","coordinates":[126.046154,34.884165]},"properties":{"id":"8808983722924","name":"신안농협 하나로마트 자은점","address":"","phone":"061-271-8000","hours":"07:30 ~ 19:00","region":"전남","district":"신안군","facilities":["은행"],"source":"농협경제지주 공식 전국마트찾기","sourceUrl":"https://www.nhhanaro.co.kr/nahh_70005.do?id=nahh001_010100000000"}},{"type":"Feature","geometry":{"type":"Point","coordinates":[126.143048,34.782627]},"properties":{"id":"8808983722955","name":"신안농협 하나로마트 팔금점","address":"","phone":"061-271-4488","hours":"07:00 ~ 19:00","region":"전남","district":"신안군","facilities":[],"source":"농협경제지주 공식 전국마트찾기","sourceUrl":"https://www.nhhanaro.co.kr/nahh_70005.do?id=nahh001_010100000000"}},{"type":"Feature","geometry":{"type":"Point","coordinates":[126.313352,34.86465]},"properties":{"id":"8808983723280","name":"압해농협 하나로마트","address":"","phone":"061-271-3795","hours":"07:30 ~ 21:00","region":"전남","district":"신안군","facilities":[],"source":"농협경제지주 공식 전국마트찾기","sourceUrl":"https://www.nhhanaro.co.kr/nahh_70005.do?id=nahh001_010100000000"}},{"type":"Feature","geometry":{"type":"Point","coordinates":[126.354711,34.839366]},"properties":{"id":"8808983304687","name":"압해농협 하나로마트 신장점","address":"","phone":"061-271-0502","hours":"08:00 ~ 20:00","region":"전남","district":"신안군","facilities":[],"source":"농협경제지주 공식 전국마트찾기","sourceUrl":"https://www.nhhanaro.co.kr/nahh_70005.do?id=nahh001_010100000000"}},{"type":"Feature","geometry":{"type":"Point","coordinates":[126.109309,35.085152]},"properties":{"id":"8808983722894","name":"임자농협 하나로마트 로컬푸드직매장","address":"","phone":"061-275-3242","hours":"하절기 07:30 ~ 20:30 · 동절기 00:00 ~ 00:00","region":"전남","district":"신안군","facilities":["주유소","은행"],"source":"농협경제지주 공식 전국마트찾기","sourceUrl":"https://www.nhhanaro.co.kr/nahh_70005.do?id=nahh001_010100000000"}},{"type":"Feature","geometry":{"type":"Point","coordinates":[127.704174,34.770326]},"properties":{"id":"8808983323039","name":"여수농협 로컬푸드직매장","address":"","phone":"061-654-8883","hours":"09:00 ~ 20:00","region":"전남","district":"여수시","facilities":["은행"],"source":"농협경제지주 공식 전국마트찾기","sourceUrl":"https://www.nhhanaro.co.kr/nahh_70005.do?id=nahh001_010100000000"}},{"type":"Feature","geometry":{"type":"Point","coordinates":[127.661417,34.571387]},"properties":{"id":"8808983723181","name":"여수농협 하나로마트 개도점","address":"","phone":"061-666-8610","hours":"08:30 ~ 18:00","region":"전남","district":"여수시","facilities":["은행"],"source":"농협경제지주 공식 전국마트찾기","sourceUrl":"https://www.nhhanaro.co.kr/nahh_70005.do?id=nahh001_010100000000"}},{"type":"Feature","geometry":{"type":"Point","coordinates":[127.767559,34.508564]},"properties":{"id":"8808983720579","name":"여수농협 하나로마트 남면점","address":"","phone":"061-665-9707","hours":"08:00 ~ 19:00","region":"전남","district":"여수시","facilities":[],"source":"농협경제지주 공식 전국마트찾기","sourceUrl":"https://www.nhhanaro.co.kr/nahh_70005.do?id=nahh001_010100000000"}},{"type":"Feature","geometry":{"type":"Point","coordinates":[127.721602,34.616372]},"properties":{"id":"8808983720517","name":"여수농협 하나로마트 돌산점","address":"","phone":"061-644-1181","hours":"08:30 ~ 18:00","region":"전남","district":"여수시","facilities":["은행"],"source":"농협경제지주 공식 전국마트찾기","sourceUrl":"https://www.nhhanaro.co.kr/nahh_70005.do?id=nahh001_010100000000"}},{"type":"Feature","geometry":{"type":"Point","coordinates":[127.706416,34.754438]},"properties":{"id":"8808983720715","name":"여수농협 하나로마트 여서점","address":"","phone":"061-651-6550","hours":"09:00 ~ 20:00","region":"전남","district":"여수시","facilities":["은행"],"source":"농협경제지주 공식 전국마트찾기","sourceUrl":"https://www.nhhanaro.co.kr/nahh_70005.do?id=nahh001_010100000000"}},{"type":"Feature","geometry":{"type":"Point","coordinates":[127.801272,34.432317]},"properties":{"id":"8808983720548","name":"여수농협 하나로마트 연도점","address":"","phone":"061-666-9604","hours":"09:00 ~ 18:00","region":"전남","district":"여수시","facilities":["은행"],"source":"농협경제지주 공식 전국마트찾기","sourceUrl":"https://www.nhhanaro.co.kr/nahh_70005.do?id=nahh001_010100000000"}},{"type":"Feature","geometry":{"type":"Point","coordinates":[127.751917,34.722292]},"properties":{"id":"8808983325613","name":"여수농협 하나로마트 우두점","address":"","phone":"061-644-6012","hours":"하절기 09:00 ~ 20:00 · 동절기 00:00 ~ 00:00","region":"전남","district":"여수시","facilities":["은행"],"source":"농협경제지주 공식 전국마트찾기","sourceUrl":"https://www.nhhanaro.co.kr/nahh_70005.do?id=nahh001_010100000000"}},{"type":"Feature","geometry":{"type":"Point","coordinates":[127.782384,34.641431]},"properties":{"id":"8808983720524","name":"여수농협 하나로마트 죽포점","address":"","phone":"061-644-2186","hours":"08:00 ~ 18:00","region":"전남","district":"여수시","facilities":["은행"],"source":"농협경제지주 공식 전국마트찾기","sourceUrl":"https://www.nhhanaro.co.kr/nahh_70005.do?id=nahh001_010100000000"}},{"type":"Feature","geometry":{"type":"Point","coordinates":[127.641091,34.619362]},"properties":{"id":"8808983720609","name":"여수농협 하나로마트 화정점","address":"","phone":"061-685-4210","hours":"08:00 ~ 18:00","region":"전남","district":"여수시","facilities":["은행"],"source":"농협경제지주 공식 전국마트찾기","sourceUrl":"https://www.nhhanaro.co.kr/nahh_70005.do?id=nahh001_010100000000"}},{"type":"Feature","geometry":{"type":"Point","coordinates":[127.6931232,34.7511895]},"properties":{"id":"8808990843964","name":"여수농협 하나로마트&로컬푸드","address":"","phone":"061-653-5800","hours":"09:00 ~ 21:00","region":"전남","district":"여수시","facilities":["은행","식자재"],"source":"농협경제지주 공식 전국마트찾기","sourceUrl":"https://www.nhhanaro.co.kr/nahh_70005.do?id=nahh001_010100000000"}},{"type":"Feature","geometry":{"type":"Point","coordinates":[127.6489325,34.7786567]},"properties":{"id":"8808983340517","name":"여수원예농협 하나로마트","address":"","phone":"061-684-6400","hours":"08:00 ~ 21:00","region":"전남","district":"여수시","facilities":["은행"],"source":"농협경제지주 공식 전국마트찾기","sourceUrl":"https://www.nhhanaro.co.kr/nahh_70005.do?id=nahh001_010100000000"}},{"type":"Feature","geometry":{"type":"Point","coordinates":[127.656165,34.758507]},"properties":{"id":"8808983727035","name":"여수축협 하나로마트","address":"","phone":"061-686-3900","hours":"하절기 08:30 ~ 20:00 · 동절기 00:00 ~ 00:00","region":"전남","district":"여수시","facilities":["은행"],"source":"농협경제지주 공식 전국마트찾기","sourceUrl":"https://www.nhhanaro.co.kr/nahh_70005.do?id=nahh001_010100000000"}},{"type":"Feature","geometry":{"type":"Point","coordinates":[127.711108,34.874671]},"properties":{"id":"8808983720586","name":"여천농협 하나로마트 묘도점","address":"","phone":"061-686-3336","hours":"09:00 ~ 18:00","region":"전남","district":"여수시","facilities":[],"source":"농협경제지주 공식 전국마트찾기","sourceUrl":"https://www.nhhanaro.co.kr/nahh_70005.do?id=nahh001_010100000000"}},{"type":"Feature","geometry":{"type":"Point","coordinates":[127.632075,34.796444]},"properties":{"id":"8808983720623","name":"여천농협 하나로마트 소라점","address":"","phone":"061-683-8431","hours":"09:00 ~ 18:00","region":"전남","district":"여수시","facilities":["은행"],"source":"농협경제지주 공식 전국마트찾기","sourceUrl":"https://www.nhhanaro.co.kr/nahh_70005.do?id=nahh001_010100000000"}},{"type":"Feature","geometry":{"type":"Point","coordinates":[127.633849,34.761056]},"properties":{"id":"8808983325798","name":"여천농협 하나로마트 자재센터점","address":"","phone":"061-685-0995","hours":"09:00 ~ 20:00","region":"전남","district":"여수시","facilities":[],"source":"농협경제지주 공식 전국마트찾기","sourceUrl":"https://www.nhhanaro.co.kr/nahh_70005.do?id=nahh001_010100000000"}},{"type":"Feature","geometry":{"type":"Point","coordinates":[127.627184,34.7574405]},"properties":{"id":"8808983333403","name":"여천농협 하나로마트 죽림호수점","address":"","phone":"061-682-8191","hours":"08:00 ~ 20:00","region":"전남","district":"여수시","facilities":["은행"],"source":"농협경제지주 공식 전국마트찾기","sourceUrl":"https://www.nhhanaro.co.kr/nahh_70005.do?id=nahh001_010100000000"}},{"type":"Feature","geometry":{"type":"Point","coordinates":[127.595154,34.685506]},"properties":{"id":"8808983720500","name":"여천농협 하나로마트 화동점","address":"","phone":"061-682-6606","hours":"09:00 ~ 18:00","region":"전남","district":"여수시","facilities":["은행"],"source":"농협경제지주 공식 전국마트찾기","sourceUrl":"https://www.nhhanaro.co.kr/nahh_70005.do?id=nahh001_010100000000"}},{"type":"Feature","geometry":{"type":"Point","coordinates":[127.611857,34.707908]},"properties":{"id":"8808983720494","name":"여천농협 하나로마트 화양점","address":"","phone":"061-682-6104","hours":"08:00 ~ 18:00","region":"전남","district":"여수시","facilities":["은행"],"source":"농협경제지주 공식 전국마트찾기","sourceUrl":"https://www.nhhanaro.co.kr/nahh_70005.do?id=nahh001_010100000000"}},{"type":"Feature","geometry":{"type":"Point","coordinates":[127.6635723,34.765452]},"properties":{"id":"8808983327075","name":"여천농협하나로마트 본점","address":"","phone":"061-683-5131","hours":"하절기 08:00 ~ 21:00 · 동절기 00:00 ~ 00:00","region":"전남","district":"여수시","facilities":["식자재"],"source":"농협경제지주 공식 전국마트찾기","sourceUrl":"https://www.nhhanaro.co.kr/nahh_70005.do?id=nahh001_010100000000"}},{"type":"Feature","geometry":{"type":"Point","coordinates":[127.578665,34.883047]},"properties":{"id":"8808983720616","name":"율촌농협 하나로마트","address":"","phone":"061-685-7074","hours":"07:30 ~ 19:30","region":"전남","district":"여수시","facilities":[],"source":"농협경제지주 공식 전국마트찾기","sourceUrl":"https://www.nhhanaro.co.kr/nahh_70005.do?id=nahh001_010100000000"}},{"type":"Feature","geometry":{"type":"Point","coordinates":[126.446609,35.398733]},"properties":{"id":"8808983722375","name":"굴비골농협 하나로마트 홍농점","address":"","phone":"061-356-8153","hours":"08:00 ~ 21:00","region":"전남","district":"영광군","facilities":[],"source":"농협경제지주 공식 전국마트찾기","sourceUrl":"https://www.nhhanaro.co.kr/nahh_70005.do?id=nahh001_010100000000"}},{"type":"Feature","geometry":{"type":"Point","coordinates":[126.418836,35.281916]},"properties":{"id":"8808983722382","name":"백수농협 하나로마트","address":"","phone":"061-353-6520","hours":"08:00 ~ 19:00","region":"전남","district":"영광군","facilities":[],"source":"농협경제지주 공식 전국마트찾기","sourceUrl":"https://www.nhhanaro.co.kr/nahh_70005.do?id=nahh001_010100000000"}},{"type":"Feature","geometry":{"type":"Point","coordinates":[126.380707,35.220529]},"properties":{"id":"8808983722368","name":"서영광농협 하나로마트","address":"","phone":"061-353-6601","hours":"08:00 ~ 20:00","region":"전남","district":"영광군","facilities":[],"source":"농협경제지주 공식 전국마트찾기","sourceUrl":"https://www.nhhanaro.co.kr/nahh_70005.do?id=nahh001_010100000000"}},{"type":"Feature","geometry":{"type":"Point","coordinates":[126.453909,35.24209]},"properties":{"id":"8808983722436","name":"서영광농협 하나로마트 군남점","address":"","phone":"061-352-4310","hours":"08:00 ~ 20:00","region":"전남","district":"영광군","facilities":["은행"],"source":"농협경제지주 공식 전국마트찾기","sourceUrl":"https://www.nhhanaro.co.kr/nahh_70005.do?id=nahh001_010100000000"}},{"type":"Feature","geometry":{"type":"Point","coordinates":[126.506551,35.2770928]},"properties":{"id":"8808983306056","name":"영광농협 하나로마트","address":"","phone":"061-350-7777","hours":"08:00 ~ 21:00","region":"전남","district":"영광군","facilities":["주유소","은행"],"source":"농협경제지주 공식 전국마트찾기","sourceUrl":"https://www.nhhanaro.co.kr/nahh_70005.do?id=nahh001_010100000000"}},{"type":"Feature","geometry":{"type":"Point","coordinates":[126.478094,35.255376]},"properties":{"id":"8808983722412","name":"영광농협 하나로마트 군서점","address":"","phone":"061-353-4471","hours":"08:00 ~ 18:00","region":"전남","district":"영광군","facilities":["은행"],"source":"농협경제지주 공식 전국마트찾기","sourceUrl":"https://www.nhhanaro.co.kr/nahh_70005.do?id=nahh001_010100000000"}},{"type":"Feature","geometry":{"type":"Point","coordinates":[126.578364,35.29556]},"properties":{"id":"8808983722443","name":"영광농협 하나로마트 대마점","address":"","phone":"061-353-4091","hours":"08:00 ~ 19:00","region":"전남","district":"영광군","facilities":[],"source":"농협경제지주 공식 전국마트찾기","sourceUrl":"https://www.nhhanaro.co.kr/nahh_70005.do?id=nahh001_010100000000"}},{"type":"Feature","geometry":{"type":"Point","coordinates":[126.543659,35.259193]},"properties":{"id":"8808983722429","name":"영광농협 하나로마트 묘량점","address":"","phone":"061-352-5420","hours":"08:00 ~ 18:00","region":"전남","district":"영광군","facilities":["은행"],"source":"농협경제지주 공식 전국마트찾기","sourceUrl":"https://www.nhhanaro.co.kr/nahh_70005.do?id=nahh001_010100000000"}},{"type":"Feature","geometry":{"type":"Point","coordinates":[126.507578,35.210262]},"properties":{"id":"8808983722474","name":"영광농협 하나로마트 불갑점","address":"","phone":"061-352-8090","hours":"08:00 ~ 18:00","region":"전남","district":"영광군","facilities":[],"source":"농협경제지주 공식 전국마트찾기","sourceUrl":"https://www.nhhanaro.co.kr/nahh_70005.do?id=nahh001_010100000000"}},{"type":"Feature","geometry":{"type":"Point","coordinates":[126.503091,35.27457]},"properties":{"id":"8808983727226","name":"영광축협 하나로마트","address":"","phone":"061-353-7990","hours":"08:00 ~ 22:00","region":"전남","district":"영광군","facilities":["은행"],"source":"농협경제지주 공식 전국마트찾기","sourceUrl":"https://www.nhhanaro.co.kr/nahh_70005.do?id=nahh001_010100000000"}},{"type":"Feature","geometry":{"type":"Point","coordinates":[126.472686,34.748594]},"properties":{"id":"8808983721927","name":"삼호농협 하나로마트","address":"","phone":"061-463-4545","hours":"08:00 ~ 21:00","region":"전남","district":"영암군","facilities":[],"source":"농협경제지주 공식 전국마트찾기","sourceUrl":"https://www.nhhanaro.co.kr/nahh_70005.do?id=nahh001_010100000000"}},{"type":"Feature","geometry":{"type":"Point","coordinates":[126.568618,34.724881]},"properties":{"id":"8808983721903","name":"서영암농협 하나로마트","address":"","phone":"061-471-2063","hours":"07:20 ~ 21:00","region":"전남","district":"영암군","facilities":[],"source":"농협경제지주 공식 전국마트찾기","sourceUrl":"https://www.nhhanaro.co.kr/nahh_70005.do?id=nahh001_010100000000"}},{"type":"Feature","geometry":{"type":"Point","coordinates":[126.568919,34.699213]},"properties":{"id":"8808983721910","name":"서영암농협 하나로마트 미암점","address":"","phone":"061-472-5009","hours":"08:00 ~ 18:00","region":"전남","district":"영암군","facilities":[],"source":"농협경제지주 공식 전국마트찾기","sourceUrl":"https://www.nhhanaro.co.kr/nahh_70005.do?id=nahh001_010100000000"}},{"type":"Feature","geometry":{"type":"Point","coordinates":[126.689188,34.884402]},"properties":{"id":"8808983721859","name":"신북농협 하나로마트","address":"","phone":"061-472-9455","hours":"08:00 ~ 21:00","region":"전남","district":"영암군","facilities":["주유소"],"source":"농협경제지주 공식 전국마트찾기","sourceUrl":"https://www.nhhanaro.co.kr/nahh_70005.do?id=nahh001_010100000000"}},{"type":"Feature","geometry":{"type":"Point","coordinates":[126.633321,34.762393]},"properties":{"id":"8808983721880","name":"영암군서농협 하나로마트","address":"","phone":"061-473-9735","hours":"08:00 ~ 18:00","region":"전남","district":"영암군","facilities":["은행"],"source":"농협경제지주 공식 전국마트찾기","sourceUrl":"https://www.nhhanaro.co.kr/nahh_70005.do?id=nahh001_010100000000"}},{"type":"Feature","geometry":{"type":"Point","coordinates":[126.748108,34.866542]},"properties":{"id":"8808983721842","name":"영암금정농협 하나로마트","address":"","phone":"061-471-1432","hours":"08:00 ~ 21:00","region":"전남","district":"영암군","facilities":[],"source":"농협경제지주 공식 전국마트찾기","sourceUrl":"https://www.nhhanaro.co.kr/nahh_70005.do?id=nahh001_010100000000"}},{"type":"Feature","geometry":{"type":"Point","coordinates":[126.644293,34.845517]},"properties":{"id":"8808983721873","name":"영암낭주농협 하나로마트","address":"","phone":"061-473-5181","hours":"07:30 ~ 19:30","region":"전남","district":"영암군","facilities":[],"source":"농협경제지주 공식 전국마트찾기","sourceUrl":"https://www.nhhanaro.co.kr/nahh_70005.do?id=nahh001_010100000000"}},{"type":"Feature","geometry":{"type":"Point","coordinates":[126.696995,34.818347]},"properties":{"id":"8808983721835","name":"영암낭주농협 하나로마트 덕진점","address":"","phone":"061-473-3207","hours":"08:10 ~ 18:00","region":"전남","district":"영암군","facilities":[],"source":"농협경제지주 공식 전국마트찾기","sourceUrl":"https://www.nhhanaro.co.kr/nahh_70005.do?id=nahh001_010100000000"}},{"type":"Feature","geometry":{"type":"Point","coordinates":[126.702694,34.79992]},"properties":{"id":"8808983721828","name":"영암농협 하나로마트","address":"","phone":"061-473-3889","hours":"07:30 ~ 22:00","region":"전남","district":"영암군","facilities":["은행"],"source":"농협경제지주 공식 전국마트찾기","sourceUrl":"https://www.nhhanaro.co.kr/nahh_70005.do?id=nahh001_010100000000"}},{"type":"Feature","geometry":{"type":"Point","coordinates":[126.68588,34.794766]},"properties":{"id":"8808983327402","name":"영암축협 하나로마트","address":"","phone":"061-470-1540","hours":"08:00 ~ 22:00","region":"전남","district":"영암군","facilities":["은행"],"source":"농협경제지주 공식 전국마트찾기","sourceUrl":"https://www.nhhanaro.co.kr/nahh_70005.do?id=nahh001_010100000000"}},{"type":"Feature","geometry":{"type":"Point","coordinates":[126.581555,34.754932]},"properties":{"id":"8808983721897","name":"월출산농협 하나로마트","address":"","phone":"061-471-0210","hours":"08:00 ~ 18:00","region":"전남","district":"영암군","facilities":[],"source":"농협경제지주 공식 전국마트찾기","sourceUrl":"https://www.nhhanaro.co.kr/nahh_70005.do?id=nahh001_010100000000"}},{"type":"Feature","geometry":{"type":"Point","coordinates":[126.810831,35.2557099]},"properties":{"id":"8808983328201","name":"남면농협 로컬푸드직매장","address":"","phone":"061-394-7500","hours":"08:30 ~ 20:30","region":"전남","district":"장성군","facilities":[],"source":"농협경제지주 공식 전국마트찾기","sourceUrl":"https://www.nhhanaro.co.kr/nahh_70005.do?id=nahh001_010100000000"}},{"type":"Feature","geometry":{"type":"Point","coordinates":[126.809958,35.430909]},"properties":{"id":"8808983722597","name":"백양사농협 하나로마트 본점","address":"","phone":"061-392-8048","hours":"08:30 ~ 18:30","region":"전남","district":"장성군","facilities":[],"source":"농협경제지주 공식 전국마트찾기","sourceUrl":"https://www.nhhanaro.co.kr/nahh_70005.do?id=nahh001_010100000000"}},{"type":"Feature","geometry":{"type":"Point","coordinates":[126.881893,35.407738]},"properties":{"id":"8808983722603","name":"백양사농협 하나로마트 북하점","address":"","phone":"061-392-7408","hours":"08:30 ~ 19:00","region":"전남","district":"장성군","facilities":["은행"],"source":"농협경제지주 공식 전국마트찾기","sourceUrl":"https://www.nhhanaro.co.kr/nahh_70005.do?id=nahh001_010100000000"}},{"type":"Feature","geometry":{"type":"Point","coordinates":[126.665835,35.25916]},"properties":{"id":"8808983722559","name":"삼계농협 하나로마트 본점","address":"","phone":"061-394-3382","hours":"08:30 ~ 21:00","region":"전남","district":"장성군","facilities":[],"source":"농협경제지주 공식 전국마트찾기","sourceUrl":"https://www.nhhanaro.co.kr/nahh_70005.do?id=nahh001_010100000000"}},{"type":"Feature","geometry":{"type":"Point","coordinates":[126.646754,35.232944]},"properties":{"id":"8808983722566","name":"삼서농협 하나로마트 본점","address":"","phone":"061-394-8243","hours":"08:00 ~ 20:00","region":"전남","district":"장성군","facilities":[],"source":"농협경제지주 공식 전국마트찾기","sourceUrl":"https://www.nhhanaro.co.kr/nahh_70005.do?id=nahh001_010100000000"}},{"type":"Feature","geometry":{"type":"Point","coordinates":[126.811589,35.241453]},"properties":{"id":"8808983722542","name":"장성남면농협 하나로마트 본점","address":"","phone":"061-392-4008","hours":"08:00 ~ 18:00","region":"전남","district":"장성군","facilities":[],"source":"농협경제지주 공식 전국마트찾기","sourceUrl":"https://www.nhhanaro.co.kr/nahh_70005.do?id=nahh001_010100000000"}},{"type":"Feature","geometry":{"type":"Point","coordinates":[126.782697,35.301467]},"properties":{"id":"8808983722498","name":"장성농협 하나로마트 본점","address":"","phone":"061-393-9998","hours":"08:30 ~ 22:00","region":"전남","district":"장성군","facilities":[],"source":"농협경제지주 공식 전국마트찾기","sourceUrl":"https://www.nhhanaro.co.kr/nahh_70005.do?id=nahh001_010100000000"}},{"type":"Feature","geometry":{"type":"Point","coordinates":[126.807262,35.373981]},"properties":{"id":"8808983722580","name":"장성농협 하나로마트 북일점","address":"","phone":"061-393-1520","hours":"08:20 ~ 18:00","region":"전남","district":"장성군","facilities":["은행"],"source":"농협경제지주 공식 전국마트찾기","sourceUrl":"https://www.nhhanaro.co.kr/nahh_70005.do?id=nahh001_010100000000"}},{"type":"Feature","geometry":{"type":"Point","coordinates":[126.832944,35.273164]},"properties":{"id":"8808983722535","name":"진원농협 하나로마트 본점","address":"","phone":"061-392-0707","hours":"08:00 ~ 18:00","region":"전남","district":"장성군","facilities":["은행"],"source":"농협경제지주 공식 전국마트찾기","sourceUrl":"https://www.nhhanaro.co.kr/nahh_70005.do?id=nahh001_010100000000"}},{"type":"Feature","geometry":{"type":"Point","coordinates":[126.76466,35.2938343]},"properties":{"id":"8808983332802","name":"황룡농협 로컬푸드&하나로마트","address":"","phone":"061-392-0849","hours":"하절기 08:30 ~ 20:00 · 동절기 08:30 ~ 19:30","region":"전남","district":"장성군","facilities":[],"source":"농협경제지주 공식 전국마트찾기","sourceUrl":"https://www.nhhanaro.co.kr/nahh_70005.do?id=nahh001_010100000000"}},{"type":"Feature","geometry":{"type":"Point","coordinates":[126.737837,35.283872]},"properties":{"id":"8808983722573","name":"황룡농협 하나로마트 동화점","address":"","phone":"061-393-5008","hours":"08:00 ~ 19:00","region":"전남","district":"장성군","facilities":["은행"],"source":"농협경제지주 공식 전국마트찾기","sourceUrl":"https://www.nhhanaro.co.kr/nahh_70005.do?id=nahh001_010100000000"}},{"type":"Feature","geometry":{"type":"Point","coordinates":[126.93886,34.561971]},"properties":{"id":"8808983721538","name":"관산농협 하나로마트","address":"","phone":"061-860-2714","hours":"08:00 ~ 19:00","region":"전남","district":"장흥군","facilities":[],"source":"농협경제지주 공식 전국마트찾기","sourceUrl":"https://www.nhhanaro.co.kr/nahh_70005.do?id=nahh001_010100000000"}},{"type":"Feature","geometry":{"type":"Point","coordinates":[126.972815,34.649605]},"properties":{"id":"8808983721460","name":"안양농협 하나로마트","address":"","phone":"061-862-6311","hours":"07:30 ~ 19:00","region":"전남","district":"장흥군","facilities":[],"source":"농협경제지주 공식 전국마트찾기","sourceUrl":"https://www.nhhanaro.co.kr/nahh_70005.do?id=nahh001_010100000000"}},{"type":"Feature","geometry":{"type":"Point","coordinates":[126.974283,34.773793]},"properties":{"id":"8808983721514","name":"용두농협 하나로마트","address":"","phone":"061-862-3654","hours":"08:00 ~ 18:00","region":"전남","district":"장흥군","facilities":[],"source":"농협경제지주 공식 전국마트찾기","sourceUrl":"https://www.nhhanaro.co.kr/nahh_70005.do?id=nahh001_010100000000"}},{"type":"Feature","geometry":{"type":"Point","coordinates":[126.995165,34.749051]},"properties":{"id":"8808983721507","name":"용두농협 하나로마트 장동점","address":"","phone":"061-862-0501","hours":"09:00 ~ 18:00","region":"전남","district":"장흥군","facilities":["은행"],"source":"농협경제지주 공식 전국마트찾기","sourceUrl":"https://www.nhhanaro.co.kr/nahh_70005.do?id=nahh001_010100000000"}},{"type":"Feature","geometry":{"type":"Point","coordinates":[126.902207,34.613084]},"properties":{"id":"8808983721521","name":"용산농협 하나로마트","address":"","phone":"061-862-5801","hours":"08:00 ~ 19:00","region":"전남","district":"장흥군","facilities":["은행"],"source":"농협경제지주 공식 전국마트찾기","sourceUrl":"https://www.nhhanaro.co.kr/nahh_70005.do?id=nahh001_010100000000"}},{"type":"Feature","geometry":{"type":"Point","coordinates":[126.903853,34.682701]},"properties":{"id":"8808983305431","name":"정남진장흥농협 하나로마트","address":"","phone":"061-863-1901","hours":"08:00 ~ 21:00","region":"전남","district":"장흥군","facilities":["주유소","은행"],"source":"농협경제지주 공식 전국마트찾기","sourceUrl":"https://www.nhhanaro.co.kr/nahh_70005.do?id=nahh001_010100000000"}},{"type":"Feature","geometry":{"type":"Point","coordinates":[126.902458,34.721396]},"properties":{"id":"8808983721477","name":"정남진장흥농협 하나로마트 부산점","address":"","phone":"061-863-2011","hours":"08:30 ~ 17:00","region":"전남","district":"장흥군","facilities":["은행"],"source":"농협경제지주 공식 전국마트찾기","sourceUrl":"https://www.nhhanaro.co.kr/nahh_70005.do?id=nahh001_010100000000"}},{"type":"Feature","geometry":{"type":"Point","coordinates":[126.902516,34.678975]},"properties":{"id":"8808983721439","name":"정남진장흥농협 하나로마트 서부점","address":"","phone":"061-862-7664","hours":"08:00 ~ 18:00","region":"전남","district":"장흥군","facilities":["은행"],"source":"농협경제지주 공식 전국마트찾기","sourceUrl":"https://www.nhhanaro.co.kr/nahh_70005.do?id=nahh001_010100000000"}},{"type":"Feature","geometry":{"type":"Point","coordinates":[126.839556,34.802168]},"properties":{"id":"8808983721491","name":"정남진장흥농협 하나로마트 유치점","address":"","phone":"061-863-8130","hours":"08:00 ~ 18:00","region":"전남","district":"장흥군","facilities":["은행"],"source":"농협경제지주 공식 전국마트찾기","sourceUrl":"https://www.nhhanaro.co.kr/nahh_70005.do?id=nahh001_010100000000"}},{"type":"Feature","geometry":{"type":"Point","coordinates":[126.887641,34.498331]},"properties":{"id":"8808983721545","name":"천관농협 하나로마트","address":"","phone":"061-867-1784","hours":"08:00 ~ 19:00","region":"전남","district":"장흥군","facilities":["주유소","은행"],"source":"농협경제지주 공식 전국마트찾기","sourceUrl":"https://www.nhhanaro.co.kr/nahh_70005.do?id=nahh001_010100000000"}},{"type":"Feature","geometry":{"type":"Point","coordinates":[126.940244,34.484555]},"properties":{"id":"8808983721552","name":"천관농협 하나로마트 회진점","address":"","phone":"061-867-8176","hours":"08:00 ~ 18:00","region":"전남","district":"장흥군","facilities":[],"source":"농협경제지주 공식 전국마트찾기","sourceUrl":"https://www.nhhanaro.co.kr/nahh_70005.do?id=nahh001_010100000000"}},{"type":"Feature","geometry":{"type":"Point","coordinates":[126.192803,34.408517]},"properties":{"id":"8808983722771","name":"서진도농협 하나로마트","address":"","phone":"061-543-3387","hours":"08:00 ~ 20:00","region":"전남","district":"진도군","facilities":[],"source":"농협경제지주 공식 전국마트찾기","sourceUrl":"https://www.nhhanaro.co.kr/nahh_70005.do?id=nahh001_010100000000"}},{"type":"Feature","geometry":{"type":"Point","coordinates":[126.23203,34.426703]},"properties":{"id":"8808983722764","name":"서진도농협 하나로마트 광석점","address":"","phone":"061-543-8528","hours":"하절기 08:30 ~ 18:00 · 동절기 00:00 ~ 00:00","region":"전남","district":"진도군","facilities":["은행"],"source":"농협경제지주 공식 전국마트찾기","sourceUrl":"https://www.nhhanaro.co.kr/nahh_70005.do?id=nahh001_010100000000"}},{"type":"Feature","geometry":{"type":"Point","coordinates":[126.190336,34.468503]},"properties":{"id":"8808983722788","name":"서진도농협 하나로마트 동부점","address":"","phone":"061-543-2288","hours":"07:30 ~ 18:30","region":"전남","district":"진도군","facilities":["은행"],"source":"농협경제지주 공식 전국마트찾기","sourceUrl":"https://www.nhhanaro.co.kr/nahh_70005.do?id=nahh001_010100000000"}},{"type":"Feature","geometry":{"type":"Point","coordinates":[126.023796,34.313315]},"properties":{"id":"8808983722740","name":"서진도농협 하나로마트 조도점","address":"","phone":"061-542-5387","hours":"08:00 ~ 18:00","region":"전남","district":"진도군","facilities":[],"source":"농협경제지주 공식 전국마트찾기","sourceUrl":"https://www.nhhanaro.co.kr/nahh_70005.do?id=nahh001_010100000000"}},{"type":"Feature","geometry":{"type":"Point","coordinates":[126.165888,34.422403]},"properties":{"id":"8808983722795","name":"서진도농협 하나로마트 지산점","address":"","phone":"061-542-7796","hours":"08:00 ~ 18:00","region":"전남","district":"진도군","facilities":[],"source":"농협경제지주 공식 전국마트찾기","sourceUrl":"https://www.nhhanaro.co.kr/nahh_70005.do?id=nahh001_010100000000"}},{"type":"Feature","geometry":{"type":"Point","coordinates":[126.314046,34.501641]},"properties":{"id":"8808983722818","name":"선진농협 하나로마트","address":"","phone":"061-543-1283","hours":"08:00 ~ 19:00","region":"전남","district":"진도군","facilities":[],"source":"농협경제지주 공식 전국마트찾기","sourceUrl":"https://www.nhhanaro.co.kr/nahh_70005.do?id=nahh001_010100000000"}},{"type":"Feature","geometry":{"type":"Point","coordinates":[126.343016,34.491356]},"properties":{"id":"8808983722757","name":"선진농협 하나로마트 고군점","address":"","phone":"061-543-8081","hours":"07:30 ~ 19:00","region":"전남","district":"진도군","facilities":[],"source":"농협경제지주 공식 전국마트찾기","sourceUrl":"https://www.nhhanaro.co.kr/nahh_70005.do?id=nahh001_010100000000"}},{"type":"Feature","geometry":{"type":"Point","coordinates":[126.298332,34.537137]},"properties":{"id":"8808983722825","name":"선진농협 하나로마트 군내점","address":"","phone":"061-542-4283","hours":"08:00 ~ 18:00","region":"전남","district":"진도군","facilities":["은행"],"source":"농협경제지주 공식 전국마트찾기","sourceUrl":"https://www.nhhanaro.co.kr/nahh_70005.do?id=nahh001_010100000000"}},{"type":"Feature","geometry":{"type":"Point","coordinates":[126.262683,34.479847]},"properties":{"id":"8808983611860","name":"진도농협 하나로마트","address":"","phone":"061-544-5072","hours":"08:00 ~ 22:30","region":"전남","district":"진도군","facilities":[],"source":"농협경제지주 공식 전국마트찾기","sourceUrl":"https://www.nhhanaro.co.kr/nahh_70005.do?id=nahh001_010100000000"}},{"type":"Feature","geometry":{"type":"Point","coordinates":[126.283232,34.437934]},"properties":{"id":"8808983722801","name":"진도농협 하나로마트 의신점","address":"","phone":"061-543-4386","hours":"08:20 ~ 20:00","region":"전남","district":"진도군","facilities":[],"source":"농협경제지주 공식 전국마트찾기","sourceUrl":"https://www.nhhanaro.co.kr/nahh_70005.do?id=nahh001_010100000000"}},{"type":"Feature","geometry":{"type":"Point","coordinates":[126.603614,35.180339]},"properties":{"id":"8808983722276","name":"나비골농협 하나로마트","address":"","phone":"061-323-2144","hours":"08:00 ~ 20:00","region":"전남","district":"함평군","facilities":[],"source":"농협경제지주 공식 전국마트찾기","sourceUrl":"https://www.nhhanaro.co.kr/nahh_70005.do?id=nahh001_010100000000"}},{"type":"Feature","geometry":{"type":"Point","coordinates":[126.61068,35.112161]},"properties":{"id":"8808983722269","name":"나비골농협 하나로마트 나산점","address":"","phone":"061-322-8819","hours":"08:00 ~ 19:00","region":"전남","district":"함평군","facilities":["은행"],"source":"농협경제지주 공식 전국마트찾기","sourceUrl":"https://www.nhhanaro.co.kr/nahh_70005.do?id=nahh001_010100000000"}},{"type":"Feature","geometry":{"type":"Point","coordinates":[126.530275,35.067001]},"properties":{"id":"8808983722290","name":"나비골농협 하나로마트 대동점","address":"","phone":"061-324-0013","hours":"하절기 08:00 ~ 20:30 · 동절기 08:00 ~ 20:00","region":"전남","district":"함평군","facilities":["은행"],"source":"농협경제지주 공식 전국마트찾기","sourceUrl":"https://www.nhhanaro.co.kr/nahh_70005.do?id=nahh001_010100000000"}},{"type":"Feature","geometry":{"type":"Point","coordinates":[126.431158,35.142634]},"properties":{"id":"8808983722306","name":"손불농협 하나로마트","address":"","phone":"061-323-9914","hours":"07:30 ~ 21:00","region":"전남","district":"함평군","facilities":[],"source":"농협경제지주 공식 전국마트찾기","sourceUrl":"https://www.nhhanaro.co.kr/nahh_70005.do?id=nahh001_010100000000"}},{"type":"Feature","geometry":{"type":"Point","coordinates":[126.628014,35.179302]},"properties":{"id":"8808983722351","name":"월야농협 하나로마트","address":"","phone":"061-323-7751","hours":"08:30 ~ 21:00","region":"전남","district":"함평군","facilities":[],"source":"농협경제지주 공식 전국마트찾기","sourceUrl":"https://www.nhhanaro.co.kr/nahh_70005.do?id=nahh001_010100000000"}},{"type":"Feature","geometry":{"type":"Point","coordinates":[126.536989,35.016309]},"properties":{"id":"8808983722337","name":"천지농협 하나로마트","address":"","phone":"061-323-3213","hours":"08:00 ~ 19:00","region":"전남","district":"함평군","facilities":[],"source":"농협경제지주 공식 전국마트찾기","sourceUrl":"https://www.nhhanaro.co.kr/nahh_70005.do?id=nahh001_010100000000"}},{"type":"Feature","geometry":{"type":"Point","coordinates":[126.533546,35.021991]},"properties":{"id":"8808983722320","name":"천지농협 하나로마트 사거점","address":"","phone":"061-323-3002","hours":"08:00 ~ 21:00","region":"전남","district":"함평군","facilities":["은행"],"source":"농협경제지주 공식 전국마트찾기","sourceUrl":"https://www.nhhanaro.co.kr/nahh_70005.do?id=nahh001_010100000000"}},{"type":"Feature","geometry":{"type":"Point","coordinates":[126.515816,35.009346]},"properties":{"id":"8808983722344","name":"천지농협 하나로마트 엄다점","address":"","phone":"061-322-7056","hours":"08:00 ~ 19:00","region":"전남","district":"함평군","facilities":["은행"],"source":"농협경제지주 공식 전국마트찾기","sourceUrl":"https://www.nhhanaro.co.kr/nahh_70005.do?id=nahh001_010100000000"}},{"type":"Feature","geometry":{"type":"Point","coordinates":[126.521138,35.062419]},"properties":{"id":"8808983722283","name":"함평농협 하나로마트","address":"","phone":"061-322-1911","hours":"하절기 08:00 ~ 21:00 · 동절기 08:00 ~ 20:00","region":"전남","district":"함평군","facilities":["주유소","은행"],"source":"농협경제지주 공식 전국마트찾기","sourceUrl":"https://www.nhhanaro.co.kr/nahh_70005.do?id=nahh001_010100000000"}},{"type":"Feature","geometry":{"type":"Point","coordinates":[126.498279,35.156401]},"properties":{"id":"8808983722313","name":"함평농협 하나로마트 신광점","address":"","phone":"061-323-5989","hours":"08:00 ~ 19:00","region":"전남","district":"함평군","facilities":["은행"],"source":"농협경제지주 공식 전국마트찾기","sourceUrl":"https://www.nhhanaro.co.kr/nahh_70005.do?id=nahh001_010100000000"}},{"type":"Feature","geometry":{"type":"Point","coordinates":[126.659451,34.645192]},"properties":{"id":"8808983721750","name":"계곡농협 하나로마트","address":"","phone":"061-532-5892","hours":"08:00 ~ 19:00","region":"전남","district":"해남군","facilities":[],"source":"농협경제지주 공식 전국마트찾기","sourceUrl":"https://www.nhhanaro.co.kr/nahh_70005.do?id=nahh001_010100000000"}},{"type":"Feature","geometry":{"type":"Point","coordinates":[126.519901,34.370076]},"properties":{"id":"8808983721798","name":"땅끝농협 하나로마트","address":"","phone":"061-532-2124","hours":"08:00 ~ 19:30","region":"전남","district":"해남군","facilities":[],"source":"농협경제지주 공식 전국마트찾기","sourceUrl":"https://www.nhhanaro.co.kr/nahh_70005.do?id=nahh001_010100000000"}},{"type":"Feature","geometry":{"type":"Point","coordinates":[126.312048,34.595764]},"properties":{"id":"8808983721767","name":"문내농협 하나로마트","address":"","phone":"061-535-3293","hours":"08:00 ~ 21:00","region":"전남","district":"해남군","facilities":[],"source":"농협경제지주 공식 전국마트찾기","sourceUrl":"https://www.nhhanaro.co.kr/nahh_70005.do?id=nahh001_010100000000"}},{"type":"Feature","geometry":{"type":"Point","coordinates":[126.628697,34.406383]},"properties":{"id":"8808983721804","name":"북평농협 하나로마트","address":"","phone":"061-533-8583","hours":"07:30 ~ 20:00","region":"전남","district":"해남군","facilities":[],"source":"농협경제지주 공식 전국마트찾기","sourceUrl":"https://www.nhhanaro.co.kr/nahh_70005.do?id=nahh001_010100000000"}},{"type":"Feature","geometry":{"type":"Point","coordinates":[126.446463,34.644801]},"properties":{"id":"8808983721736","name":"산이농협 하나로마트","address":"","phone":"061-535-4293","hours":"08:00 ~ 19:00","region":"전남","district":"해남군","facilities":["은행"],"source":"농협경제지주 공식 전국마트찾기","sourceUrl":"https://www.nhhanaro.co.kr/nahh_70005.do?id=nahh001_010100000000"}},{"type":"Feature","geometry":{"type":"Point","coordinates":[126.678459,34.460766]},"properties":{"id":"8808983721811","name":"옥천농협 하나로마트 북일점","address":"","phone":"061-533-0191","hours":"08:00 ~ 18:00","region":"전남","district":"해남군","facilities":["은행"],"source":"농협경제지주 공식 전국마트찾기","sourceUrl":"https://www.nhhanaro.co.kr/nahh_70005.do?id=nahh001_010100000000"}},{"type":"Feature","geometry":{"type":"Point","coordinates":[126.602278,34.565639]},"properties":{"id":"8808983721682","name":"해남농협 하나로마트","address":"","phone":"061-536-3774","hours":"08:30 ~ 21:00","region":"전남","district":"해남군","facilities":[],"source":"농협경제지주 공식 전국마트찾기","sourceUrl":"https://www.nhhanaro.co.kr/nahh_70005.do?id=nahh001_010100000000"}},{"type":"Feature","geometry":{"type":"Point","coordinates":[126.59728,34.571919]},"properties":{"id":"8808983322018","name":"해남농협 하나로마트 2호점","address":"","phone":"061-530-1926","hours":"08:00 ~ 18:00","region":"전남","district":"해남군","facilities":[],"source":"농협경제지주 공식 전국마트찾기","sourceUrl":"https://www.nhhanaro.co.kr/nahh_70005.do?id=nahh001_010100000000"}},{"type":"Feature","geometry":{"type":"Point","coordinates":[126.570735,34.617647]},"properties":{"id":"8808983721743","name":"해남농협 하나로마트 마산점","address":"","phone":"061-530-1972","hours":"08:00 ~ 18:00","region":"전남","district":"해남군","facilities":["은행"],"source":"농협경제지주 공식 전국마트찾기","sourceUrl":"https://www.nhhanaro.co.kr/nahh_70005.do?id=nahh001_010100000000"}},{"type":"Feature","geometry":{"type":"Point","coordinates":[126.647774,34.566873]},"properties":{"id":"8808983721699","name":"해남옥천농협 하나로마트","address":"","phone":"061-535-5637","hours":"08:00 ~ 19:00","region":"전남","district":"해남군","facilities":["은행"],"source":"농협경제지주 공식 전국마트찾기","sourceUrl":"https://www.nhhanaro.co.kr/nahh_70005.do?id=nahh001_010100000000"}},{"type":"Feature","geometry":{"type":"Point","coordinates":[126.608038,34.522058]},"properties":{"id":"8808983721705","name":"해남옥천농협 하나로마트 삼산점","address":"","phone":"061-535-0130","hours":"08:00 ~ 20:00","region":"전남","district":"해남군","facilities":["은행"],"source":"농협경제지주 공식 전국마트찾기","sourceUrl":"https://www.nhhanaro.co.kr/nahh_70005.do?id=nahh001_010100000000"}},{"type":"Feature","geometry":{"type":"Point","coordinates":[126.595699,34.567403]},"properties":{"id":"8808983727264","name":"해남진도축협 하나로마트 고도점","address":"","phone":"061-534-3029","hours":"08:30 ~ 19:30","region":"전남","district":"해남군","facilities":["은행"],"source":"농협경제지주 공식 전국마트찾기","sourceUrl":"https://www.nhhanaro.co.kr/nahh_70005.do?id=nahh001_010100000000"}},{"type":"Feature","geometry":{"type":"Point","coordinates":[126.600399,34.568521]},"properties":{"id":"8808983727240","name":"해남진도축협 하나로마트 본점","address":"","phone":"061-534-9604","hours":"08:00 ~ 20:00","region":"전남","district":"해남군","facilities":["은행"],"source":"농협경제지주 공식 전국마트찾기","sourceUrl":"https://www.nhhanaro.co.kr/nahh_70005.do?id=nahh001_010100000000"}},{"type":"Feature","geometry":{"type":"Point","coordinates":[126.606914,34.56928]},"properties":{"id":"8808983727257","name":"해남진도축협 하나로마트 해리점","address":"","phone":"061-535-2606","hours":"08:00 ~ 22:00","region":"전남","district":"해남군","facilities":[],"source":"농협경제지주 공식 전국마트찾기","sourceUrl":"https://www.nhhanaro.co.kr/nahh_70005.do?id=nahh001_010100000000"}},{"type":"Feature","geometry":{"type":"Point","coordinates":[126.514742,34.49278]},"properties":{"id":"8808983721712","name":"해남화산농협 하나로마트","address":"","phone":"061-532-6895","hours":"07:30 ~ 18:30","region":"전남","district":"해남군","facilities":[],"source":"농협경제지주 공식 전국마트찾기","sourceUrl":"https://www.nhhanaro.co.kr/nahh_70005.do?id=nahh001_010100000000"}},{"type":"Feature","geometry":{"type":"Point","coordinates":[126.308939,34.685083]},"properties":{"id":"8808983721774","name":"해남화원농협 하나로마트","address":"","phone":"061-532-0598","hours":"07:30 ~ 20:00","region":"전남","district":"해남군","facilities":[],"source":"농협경제지주 공식 전국마트찾기","sourceUrl":"https://www.nhhanaro.co.kr/nahh_70005.do?id=nahh001_010100000000"}},{"type":"Feature","geometry":{"type":"Point","coordinates":[126.553146,34.457788]},"properties":{"id":"8808983721781","name":"현산농협 하나로마트","address":"","phone":"061-530-2638","hours":"08:00 ~ 19:00","region":"전남","district":"해남군","facilities":["은행"],"source":"농협경제지주 공식 전국마트찾기","sourceUrl":"https://www.nhhanaro.co.kr/nahh_70005.do?id=nahh001_010100000000"}},{"type":"Feature","geometry":{"type":"Point","coordinates":[126.435415,34.57618]},"properties":{"id":"8808983721729","name":"황산농협 하나로마트 본점","address":"","phone":"061-534-9494","hours":"07:00 ~ 20:00","region":"전남","district":"해남군","facilities":[],"source":"농협경제지주 공식 전국마트찾기","sourceUrl":"https://www.nhhanaro.co.kr/nahh_70005.do?id=nahh001_010100000000"}},{"type":"Feature","geometry":{"type":"Point","coordinates":[126.958861,34.989491]},"properties":{"id":"8808983721354","name":"능주농협 하나로마트","address":"","phone":"061-372-1181","hours":"08:00 ~ 20:00","region":"전남","district":"화순군","facilities":["은행"],"source":"농협경제지주 공식 전국마트찾기","sourceUrl":"https://www.nhhanaro.co.kr/nahh_70005.do?id=nahh001_010100000000"}},{"type":"Feature","geometry":{"type":"Point","coordinates":[127.072858,34.974378]},"properties":{"id":"8808983721385","name":"능주농협 하나로마트 영외점","address":"","phone":"061-375-6785","hours":"08:00 ~ 18:00","region":"전남","district":"화순군","facilities":["은행"],"source":"농협경제지주 공식 전국마트찾기","sourceUrl":"https://www.nhhanaro.co.kr/nahh_70005.do?id=nahh001_010100000000"}},{"type":"Feature","geometry":{"type":"Point","coordinates":[126.9494,35.013261]},"properties":{"id":"8808983324616","name":"능주농협 하나로마트 원지점","address":"","phone":"061-374-0985","hours":"07:30 ~ 20:00","region":"전남","district":"화순군","facilities":[],"source":"농협경제지주 공식 전국마트찾기","sourceUrl":"https://www.nhhanaro.co.kr/nahh_70005.do?id=nahh001_010100000000"}},{"type":"Feature","geometry":{"type":"Point","coordinates":[126.960472,34.95041]},"properties":{"id":"8808983721408","name":"능주농협 하나로마트 춘양점","address":"","phone":"061-372-7052","hours":"08:00 ~ 19:00","region":"전남","district":"화순군","facilities":[],"source":"농협경제지주 공식 전국마트찾기","sourceUrl":"https://www.nhhanaro.co.kr/nahh_70005.do?id=nahh001_010100000000"}},{"type":"Feature","geometry":{"type":"Point","coordinates":[127.066564,34.972212]},"properties":{"id":"8808983721392","name":"능주농협 하나로마트 한천점","address":"","phone":"061-373-0344","hours":"08:00 ~ 18:00","region":"전남","district":"화순군","facilities":["은행"],"source":"농협경제지주 공식 전국마트찾기","sourceUrl":"https://www.nhhanaro.co.kr/nahh_70005.do?id=nahh001_010100000000"}},{"type":"Feature","geometry":{"type":"Point","coordinates":[126.910501,35.00695]},"properties":{"id":"8808983721361","name":"도곡농협 하나로마트","address":"","phone":"061-372-4014","hours":"08:00 ~ 20:30","region":"전남","district":"화순군","facilities":[],"source":"농협경제지주 공식 전국마트찾기","sourceUrl":"https://www.nhhanaro.co.kr/nahh_70005.do?id=nahh001_010100000000"}},{"type":"Feature","geometry":{"type":"Point","coordinates":[126.897977,34.935914]},"properties":{"id":"8808983721378","name":"도곡농협 하나로마트 도암점","address":"","phone":"061-373-0505","hours":"08:00 ~ 18:00","region":"전남","district":"화순군","facilities":[],"source":"농협경제지주 공식 전국마트찾기","sourceUrl":"https://www.nhhanaro.co.kr/nahh_70005.do?id=nahh001_010100000000"}},{"type":"Feature","geometry":{"type":"Point","coordinates":[127.127652,35.070966]},"properties":{"id":"8808983721316","name":"동복농협 하나로마트","address":"","phone":"061-372-2083","hours":"07:30 ~ 20:00","region":"전남","district":"화순군","facilities":[],"source":"농협경제지주 공식 전국마트찾기","sourceUrl":"https://www.nhhanaro.co.kr/nahh_70005.do?id=nahh001_010100000000"}},{"type":"Feature","geometry":{"type":"Point","coordinates":[127.131897,35.168006]},"properties":{"id":"8808983721330","name":"동복농협 하나로마트 북면점","address":"","phone":"061-372-5181","hours":"07:00 ~ 19:00","region":"전남","district":"화순군","facilities":["은행"],"source":"농협경제지주 공식 전국마트찾기","sourceUrl":"https://www.nhhanaro.co.kr/nahh_70005.do?id=nahh001_010100000000"}},{"type":"Feature","geometry":{"type":"Point","coordinates":[127.085684,35.160014]},"properties":{"id":"8808983721347","name":"동복농협 하나로마트 북면점","address":"","phone":"061-372-5185","hours":"08:00 ~ 19:30","region":"전남","district":"화순군","facilities":[],"source":"농협경제지주 공식 전국마트찾기","sourceUrl":"https://www.nhhanaro.co.kr/nahh_70005.do?id=nahh001_010100000000"}},{"type":"Feature","geometry":{"type":"Point","coordinates":[126.987596,34.886638]},"properties":{"id":"8808983721415","name":"이양청풍농협 하나로마트","address":"","phone":"061-372-3015","hours":"08:00 ~ 19:30","region":"전남","district":"화순군","facilities":[],"source":"농협경제지주 공식 전국마트찾기","sourceUrl":"https://www.nhhanaro.co.kr/nahh_70005.do?id=nahh001_010100000000"}},{"type":"Feature","geometry":{"type":"Point","coordinates":[127.040358,35.030356]},"properties":{"id":"8808983721293","name":"천운농협 하나로마트 동면점","address":"","phone":"061-372-8011","hours":"08:00 ~ 18:00","region":"전남","district":"화순군","facilities":["은행"],"source":"농협경제지주 공식 전국마트찾기","sourceUrl":"https://www.nhhanaro.co.kr/nahh_70005.do?id=nahh001_010100000000"}},{"type":"Feature","geometry":{"type":"Point","coordinates":[127.095259,35.007756]},"properties":{"id":"8808983721309","name":"천운농협 하나로마트 본점","address":"","phone":"061-372-6088","hours":"07:30 ~ 19:30","region":"전남","district":"화순군","facilities":[],"source":"농협경제지주 공식 전국마트찾기","sourceUrl":"https://www.nhhanaro.co.kr/nahh_70005.do?id=nahh001_010100000000"}},{"type":"Feature","geometry":{"type":"Point","coordinates":[126.98222,35.058773]},"properties":{"id":"8808983300054","name":"화순농협 하나로마트","address":"","phone":"061-374-8989","hours":"08:00 ~ 22:00","region":"전남","district":"화순군","facilities":[],"source":"농협경제지주 공식 전국마트찾기","sourceUrl":"https://www.nhhanaro.co.kr/nahh_70005.do?id=nahh001_010100000000"}},{"type":"Feature","geometry":{"type":"Point","coordinates":[126.977631,35.0527914]},"properties":{"id":"8808983332253","name":"화순농협 하나로마트 서부점","address":"","phone":"061-373-0021","hours":"08:00 ~ 22:00","region":"전남","district":"화순군","facilities":["은행"],"source":"농협경제지주 공식 전국마트찾기","sourceUrl":"https://www.nhhanaro.co.kr/nahh_70005.do?id=nahh001_010100000000"}},{"type":"Feature","geometry":{"type":"Point","coordinates":[127.070679,35.110818]},"properties":{"id":"8808983721323","name":"화순농협 하나로마트 이서점","address":"","phone":"061-372-9006","hours":"09:00 ~ 18:00","region":"전남","district":"화순군","facilities":["은행"],"source":"농협경제지주 공식 전국마트찾기","sourceUrl":"https://www.nhhanaro.co.kr/nahh_70005.do?id=nahh001_010100000000"}},{"type":"Feature","geometry":{"type":"Point","coordinates":[126.991596,35.058545]},"properties":{"id":"8808983727424","name":"화순축협 하나로마트 본점","address":"","phone":"061-373-1471","hours":"08:30 ~ 22:00","region":"전남","district":"화순군","facilities":["은행"],"source":"농협경제지주 공식 전국마트찾기","sourceUrl":"https://www.nhhanaro.co.kr/nahh_70005.do?id=nahh001_010100000000"}},{"type":"Feature","geometry":{"type":"Point","coordinates":[126.983998,35.061303]},"properties":{"id":"8808983727448","name":"화순축협 하나로마트 향청점","address":"","phone":"061-373-8150","hours":"08:30 ~ 19:30","region":"전남","district":"화순군","facilities":[],"source":"농협경제지주 공식 전국마트찾기","sourceUrl":"https://www.nhhanaro.co.kr/nahh_70005.do?id=nahh001_010100000000"}},{"type":"Feature","geometry":{"type":"Point","coordinates":[126.694523,35.437882]},"properties":{"id":"8808983302508","name":"고창농협 하나로마트","address":"","phone":"063-560-5700","hours":"09:00 ~ 22:00","region":"전북","district":"고창군","facilities":["은행"],"source":"농협경제지주 공식 전국마트찾기","sourceUrl":"https://www.nhhanaro.co.kr/nahh_70005.do?id=nahh001_010100000000"}},{"type":"Feature","geometry":{"type":"Point","coordinates":[126.678642,35.408822]},"properties":{"id":"8808983731247","name":"고창농협 하나로마트 고수점","address":"","phone":"063-562-0016","hours":"08:00 ~ 18:00","region":"전북","district":"고창군","facilities":["은행"],"source":"농협경제지주 공식 전국마트찾기","sourceUrl":"https://www.nhhanaro.co.kr/nahh_70005.do?id=nahh001_010100000000"}},{"type":"Feature","geometry":{"type":"Point","coordinates":[126.674266,35.513877]},"properties":{"id":"8808983731339","name":"고창농협 하나로마트 부안점","address":"","phone":"063-562-2078","hours":"08:00 ~ 19:00","region":"전북","district":"고창군","facilities":[],"source":"농협경제지주 공식 전국마트찾기","sourceUrl":"https://www.nhhanaro.co.kr/nahh_70005.do?id=nahh001_010100000000"}},{"type":"Feature","geometry":{"type":"Point","coordinates":[126.696979,35.436467]},"properties":{"id":"8808983737157","name":"고창부안축협 한우명품관","address":"","phone":"063-560-3077","hours":"09:00 ~ 21:00","region":"전북","district":"고창군","facilities":[],"source":"농협경제지주 공식 전국마트찾기","sourceUrl":"https://www.nhhanaro.co.kr/nahh_70005.do?id=nahh001_010100000000"}},{"type":"Feature","geometry":{"type":"Point","coordinates":[126.601138,35.339909]},"properties":{"id":"8808983731346","name":"대성농협 하나로마트","address":"","phone":"063-562-3982","hours":"08:10 ~ 18:30","region":"전북","district":"고창군","facilities":["은행"],"source":"농협경제지주 공식 전국마트찾기","sourceUrl":"https://www.nhhanaro.co.kr/nahh_70005.do?id=nahh001_010100000000"}},{"type":"Feature","geometry":{"type":"Point","coordinates":[126.647299,35.36596]},"properties":{"id":"8808983731278","name":"대성농협 하나로마트 성송점","address":"","phone":"063-563-1010","hours":"08:00 ~ 19:00","region":"전북","district":"고창군","facilities":[],"source":"농협경제지주 공식 전국마트찾기","sourceUrl":"https://www.nhhanaro.co.kr/nahh_70005.do?id=nahh001_010100000000"}},{"type":"Feature","geometry":{"type":"Point","coordinates":[126.58622,35.416969]},"properties":{"id":"8808983731285","name":"선운산농협 하나로마트","address":"","phone":"063-562-9602","hours":"07:30 ~ 19:00","region":"전북","district":"고창군","facilities":["은행"],"source":"농협경제지주 공식 전국마트찾기","sourceUrl":"https://www.nhhanaro.co.kr/nahh_70005.do?id=nahh001_010100000000"}},{"type":"Feature","geometry":{"type":"Point","coordinates":[126.513286,35.378716]},"properties":{"id":"8808983731292","name":"선운산농협 하나로마트 공음점","address":"","phone":"063-562-7889","hours":"07:30 ~ 18:30","region":"전북","district":"고창군","facilities":[],"source":"농협경제지주 공식 전국마트찾기","sourceUrl":"https://www.nhhanaro.co.kr/nahh_70005.do?id=nahh001_010100000000"}},{"type":"Feature","geometry":{"type":"Point","coordinates":[126.586634,35.502273]},"properties":{"id":"8808983731254","name":"선운산농협 하나로마트 선운사점","address":"","phone":"063-561-3443","hours":"08:00 ~ 19:00","region":"전북","district":"고창군","facilities":["은행"],"source":"농협경제지주 공식 전국마트찾기","sourceUrl":"https://www.nhhanaro.co.kr/nahh_70005.do?id=nahh001_010100000000"}},{"type":"Feature","geometry":{"type":"Point","coordinates":[126.634914,35.439486]},"properties":{"id":"8808983731261","name":"선운산농협 하나로마트 아산점","address":"","phone":"063-562-5166","hours":"08:00 ~ 19:00","region":"전북","district":"고창군","facilities":["은행"],"source":"농협경제지주 공식 전국마트찾기","sourceUrl":"https://www.nhhanaro.co.kr/nahh_70005.do?id=nahh001_010100000000"}},{"type":"Feature","geometry":{"type":"Point","coordinates":[126.738932,35.43127]},"properties":{"id":"8808983320991","name":"선운산농협 하나로마트 웰파크점","address":"","phone":"063-563-7255","hours":"08:00 ~ 22:00","region":"전북","district":"고창군","facilities":["은행"],"source":"농협경제지주 공식 전국마트찾기","sourceUrl":"https://www.nhhanaro.co.kr/nahh_70005.do?id=nahh001_010100000000"}},{"type":"Feature","geometry":{"type":"Point","coordinates":[126.541555,35.458907]},"properties":{"id":"8808983731353","name":"해리농협 하나로마트","address":"","phone":"063-563-6108","hours":"08:00 ~ 19:00","region":"전북","district":"고창군","facilities":[],"source":"농협경제지주 공식 전국마트찾기","sourceUrl":"https://www.nhhanaro.co.kr/nahh_70005.do?id=nahh001_010100000000"}},{"type":"Feature","geometry":{"type":"Point","coordinates":[126.492506,35.443307]},"properties":{"id":"8808983731360","name":"해리농협 하나로마트 상하점","address":"","phone":"063-563-0688","hours":"08:00 ~ 19:00","region":"전북","district":"고창군","facilities":["은행"],"source":"농협경제지주 공식 전국마트찾기","sourceUrl":"https://www.nhhanaro.co.kr/nahh_70005.do?id=nahh001_010100000000"}},{"type":"Feature","geometry":{"type":"Point","coordinates":[126.549974,35.523785]},"properties":{"id":"8808983731377","name":"해리농협 하나로마트 심원점","address":"","phone":"063-563-5006","hours":"08:00 ~ 19:00","region":"전북","district":"고창군","facilities":[],"source":"농협경제지주 공식 전국마트찾기","sourceUrl":"https://www.nhhanaro.co.kr/nahh_70005.do?id=nahh001_010100000000"}},{"type":"Feature","geometry":{"type":"Point","coordinates":[126.700736,35.519933]},"properties":{"id":"8808983731308","name":"흥덕농협 하나로마트","address":"","phone":"063-562-6321","hours":"하절기 07:00 ~ 20:00 · 동절기 08:00 ~ 19:30","region":"전북","district":"고창군","facilities":[],"source":"농협경제지주 공식 전국마트찾기","sourceUrl":"https://www.nhhanaro.co.kr/nahh_70005.do?id=nahh001_010100000000"}},{"type":"Feature","geometry":{"type":"Point","coordinates":[126.74139,35.539977]},"properties":{"id":"8808983731315","name":"흥덕농협 하나로마트 성내점","address":"","phone":"063-562-3008","hours":"08:00 ~ 19:00","region":"전북","district":"고창군","facilities":[],"source":"농협경제지주 공식 전국마트찾기","sourceUrl":"https://www.nhhanaro.co.kr/nahh_70005.do?id=nahh001_010100000000"}},{"type":"Feature","geometry":{"type":"Point","coordinates":[126.71513,35.488343]},"properties":{"id":"8808983731322","name":"흥덕농협 하나로마트 신림점","address":"","phone":"063-562-4238","hours":"08:00 ~ 19:00","region":"전북","district":"고창군","facilities":[],"source":"농협경제지주 공식 전국마트찾기","sourceUrl":"https://www.nhhanaro.co.kr/nahh_70005.do?id=nahh001_010100000000"}},{"type":"Feature","geometry":{"type":"Point","coordinates":[126.736352,35.9645466]},"properties":{"id":"8808983331980","name":"군산농협 로컬푸드직매장 하나로마트","address":"","phone":"063-450-6833","hours":"08:30 ~ 20:00","region":"전북","district":"군산시","facilities":["은행"],"source":"농협경제지주 공식 전국마트찾기","sourceUrl":"https://www.nhhanaro.co.kr/nahh_70005.do?id=nahh001_010100000000"}},{"type":"Feature","geometry":{"type":"Point","coordinates":[126.795405,35.956553]},"properties":{"id":"8808983731889","name":"군산농협 하나로마트 개정점","address":"","phone":"063-451-2306","hours":"09:00 ~ 17:00","region":"전북","district":"군산시","facilities":[],"source":"농협경제지주 공식 전국마트찾기","sourceUrl":"https://www.nhhanaro.co.kr/nahh_70005.do?id=nahh001_010100000000"}},{"type":"Feature","geometry":{"type":"Point","coordinates":[126.810438,35.945374]},"properties":{"id":"8808983731865","name":"대야농협 하나로마트 본점","address":"","phone":"063-451-5951","hours":"08:00 ~ 19:00","region":"전북","district":"군산시","facilities":[],"source":"농협경제지주 공식 전국마트찾기","sourceUrl":"https://www.nhhanaro.co.kr/nahh_70005.do?id=nahh001_010100000000"}},{"type":"Feature","geometry":{"type":"Point","coordinates":[126.815159,35.944637]},"properties":{"id":"8808983731872","name":"대야농협 하나로마트 산월점","address":"","phone":"063-451-5751","hours":"08:00 ~ 19:00","region":"전북","district":"군산시","facilities":[],"source":"농협경제지주 공식 전국마트찾기","sourceUrl":"https://www.nhhanaro.co.kr/nahh_70005.do?id=nahh001_010100000000"}},{"type":"Feature","geometry":{"type":"Point","coordinates":[126.7517607,35.9822364]},"properties":{"id":"8808983332413","name":"동군산농협 로컬푸드 디오션점","address":"","phone":"063-445-1100","hours":"09:00 ~ 20:00","region":"전북","district":"군산시","facilities":[],"source":"농협경제지주 공식 전국마트찾기","sourceUrl":"https://www.nhhanaro.co.kr/nahh_70005.do?id=nahh001_010100000000"}},{"type":"Feature","geometry":{"type":"Point","coordinates":[126.850131,35.98338]},"properties":{"id":"8808983731834","name":"동군산농협 하나로마트","address":"","phone":"063-453-2042","hours":"09:00 ~ 19:00","region":"전북","district":"군산시","facilities":["은행"],"source":"농협경제지주 공식 전국마트찾기","sourceUrl":"https://www.nhhanaro.co.kr/nahh_70005.do?id=nahh001_010100000000"}},{"type":"Feature","geometry":{"type":"Point","coordinates":[126.830755,36.029508]},"properties":{"id":"8808983731858","name":"동군산농협 하나로마트 나포점","address":"","phone":"063-453-8044","hours":"08:00 ~ 19:00","region":"전북","district":"군산시","facilities":["은행"],"source":"농협경제지주 공식 전국마트찾기","sourceUrl":"https://www.nhhanaro.co.kr/nahh_70005.do?id=nahh001_010100000000"}},{"type":"Feature","geometry":{"type":"Point","coordinates":[126.655942,35.953468]},"properties":{"id":"8808983731773","name":"서군산농협 하나로마트","address":"","phone":"063-466-6840","hours":"08:00 ~ 18:00","region":"전북","district":"군산시","facilities":["은행"],"source":"농협경제지주 공식 전국마트찾기","sourceUrl":"https://www.nhhanaro.co.kr/nahh_70005.do?id=nahh001_010100000000"}},{"type":"Feature","geometry":{"type":"Point","coordinates":[126.682542,35.921598]},"properties":{"id":"8808983731797","name":"옥구농협 하나로마트","address":"","phone":"063-464-8860","hours":"08:00 ~ 18:00","region":"전북","district":"군산시","facilities":[],"source":"농협경제지주 공식 전국마트찾기","sourceUrl":"https://www.nhhanaro.co.kr/nahh_70005.do?id=nahh001_010100000000"}},{"type":"Feature","geometry":{"type":"Point","coordinates":[126.644623,35.924384]},"properties":{"id":"8808983731803","name":"옥구농협 하나로마트 옥서점","address":"","phone":"063-471-3553","hours":"08:10 ~ 18:00","region":"전북","district":"군산시","facilities":["은행"],"source":"농협경제지주 공식 전국마트찾기","sourceUrl":"https://www.nhhanaro.co.kr/nahh_70005.do?id=nahh001_010100000000"}},{"type":"Feature","geometry":{"type":"Point","coordinates":[126.749011,35.941289]},"properties":{"id":"8808983731810","name":"옥산농협로컬푸드&하나로마트","address":"","phone":"063-464-4080","hours":"08:00 ~ 20:00","region":"전북","district":"군산시","facilities":["주유소","은행"],"source":"농협경제지주 공식 전국마트찾기","sourceUrl":"https://www.nhhanaro.co.kr/nahh_70005.do?id=nahh001_010100000000"}},{"type":"Feature","geometry":{"type":"Point","coordinates":[126.756352,35.912047]},"properties":{"id":"8808983731896","name":"회현농협 하나로마트","address":"","phone":"063-466-5015","hours":"08:30 ~ 17:30","region":"전북","district":"군산시","facilities":["은행"],"source":"농협경제지주 공식 전국마트찾기","sourceUrl":"https://www.nhhanaro.co.kr/nahh_70005.do?id=nahh001_010100000000"}},{"type":"Feature","geometry":{"type":"Point","coordinates":[126.912501,35.89077]},"properties":{"id":"8808983731728","name":"공덕농협 하나로마트","address":"","phone":"063-542-6665","hours":"08:00 ~ 18:00","region":"전북","district":"김제시","facilities":[],"source":"농협경제지주 공식 전국마트찾기","sourceUrl":"https://www.nhhanaro.co.kr/nahh_70005.do?id=nahh001_010100000000"}},{"type":"Feature","geometry":{"type":"Point","coordinates":[126.739637,35.832138]},"properties":{"id":"8808983731629","name":"광활농협 하나로마트","address":"","phone":"063-543-6311","hours":"08:00 ~ 18:00","region":"전북","district":"김제시","facilities":[],"source":"농협경제지주 공식 전국마트찾기","sourceUrl":"https://www.nhhanaro.co.kr/nahh_70005.do?id=nahh001_010100000000"}},{"type":"Feature","geometry":{"type":"Point","coordinates":[126.81669,35.850073]},"properties":{"id":"8808983731612","name":"금만농협 하나로마트","address":"","phone":"063-542-5700","hours":"08:30 ~ 18:00","region":"전북","district":"김제시","facilities":["주유소","은행"],"source":"농협경제지주 공식 전국마트찾기","sourceUrl":"https://www.nhhanaro.co.kr/nahh_70005.do?id=nahh001_010100000000"}},{"type":"Feature","geometry":{"type":"Point","coordinates":[126.804722,35.819852]},"properties":{"id":"8808983731643","name":"금만농협 하나로마트 성덕점","address":"","phone":"063-543-7401","hours":"08:30 ~ 18:00","region":"전북","district":"김제시","facilities":[],"source":"농협경제지주 공식 전국마트찾기","sourceUrl":"https://www.nhhanaro.co.kr/nahh_70005.do?id=nahh001_010100000000"}},{"type":"Feature","geometry":{"type":"Point","coordinates":[126.84007,35.907784]},"properties":{"id":"8808983731650","name":"금만농협 하나로마트 청하점","address":"","phone":"063-540-4478","hours":"09:00 ~ 18:00","region":"전북","district":"김제시","facilities":[],"source":"농협경제지주 공식 전국마트찾기","sourceUrl":"https://www.nhhanaro.co.kr/nahh_70005.do?id=nahh001_010100000000"}},{"type":"Feature","geometry":{"type":"Point","coordinates":[126.991299,35.712875]},"properties":{"id":"8808983731681","name":"김제금산농협 하나로마트","address":"","phone":"063-543-0707","hours":"08:30 ~ 21:00","region":"전북","district":"김제시","facilities":[],"source":"농협경제지주 공식 전국마트찾기","sourceUrl":"https://www.nhhanaro.co.kr/nahh_70005.do?id=nahh001_010100000000"}},{"type":"Feature","geometry":{"type":"Point","coordinates":[126.88852,35.800413]},"properties":{"id":"8808983731551","name":"김제농협 하나로마트 (본점)","address":"","phone":"063-544-3700","hours":"하절기 08:30 ~ 20:00 · 동절기 00:00 ~ 00:00","region":"전북","district":"김제시","facilities":["은행"],"source":"농협경제지주 공식 전국마트찾기","sourceUrl":"https://www.nhhanaro.co.kr/nahh_70005.do?id=nahh001_010100000000"}},{"type":"Feature","geometry":{"type":"Point","coordinates":[126.843969,35.734605]},"properties":{"id":"8808983731575","name":"김제농협 하나로마트 부량점","address":"","phone":"063-547-9511","hours":"08:30 ~ 18:00","region":"전북","district":"김제시","facilities":[],"source":"농협경제지주 공식 전국마트찾기","sourceUrl":"https://www.nhhanaro.co.kr/nahh_70005.do?id=nahh001_010100000000"}},{"type":"Feature","geometry":{"type":"Point","coordinates":[126.816139,35.770115]},"properties":{"id":"8808983731605","name":"김제농협 하나로마트 죽산점","address":"","phone":"063-547-1881","hours":"09:00 ~ 19:00","region":"전북","district":"김제시","facilities":[],"source":"농협경제지주 공식 전국마트찾기","sourceUrl":"https://www.nhhanaro.co.kr/nahh_70005.do?id=nahh001_010100000000"}},{"type":"Feature","geometry":{"type":"Point","coordinates":[126.891857,35.827807]},"properties":{"id":"8808983731568","name":"김제백산농협 하나로마트","address":"","phone":"063-546-0401","hours":"08:00 ~ 18:00","region":"전북","district":"김제시","facilities":["주유소","은행"],"source":"농협경제지주 공식 전국마트찾기","sourceUrl":"https://www.nhhanaro.co.kr/nahh_70005.do?id=nahh001_010100000000"}},{"type":"Feature","geometry":{"type":"Point","coordinates":[127.010115,35.773067]},"properties":{"id":"8808983731667","name":"동김제농협 하나로마트","address":"","phone":"063-546-5611","hours":"08:30 ~ 18:00","region":"전북","district":"김제시","facilities":["은행"],"source":"농협경제지주 공식 전국마트찾기","sourceUrl":"https://www.nhhanaro.co.kr/nahh_70005.do?id=nahh001_010100000000"}},{"type":"Feature","geometry":{"type":"Point","coordinates":[126.99731,35.817791]},"properties":{"id":"8808983731674","name":"동김제농협 하나로마트 낙성점","address":"","phone":"063-546-5614","hours":"08:00 ~ 20:00","region":"전북","district":"김제시","facilities":[],"source":"농협경제지주 공식 전국마트찾기","sourceUrl":"https://www.nhhanaro.co.kr/nahh_70005.do?id=nahh001_010100000000"}},{"type":"Feature","geometry":{"type":"Point","coordinates":[126.963369,35.753223]},"properties":{"id":"8808983731698","name":"동김제농협 하나로마트 봉남점","address":"","phone":"063-543-8501","hours":"08:00 ~ 18:00","region":"전북","district":"김제시","facilities":["은행"],"source":"농협경제지주 공식 전국마트찾기","sourceUrl":"https://www.nhhanaro.co.kr/nahh_70005.do?id=nahh001_010100000000"}},{"type":"Feature","geometry":{"type":"Point","coordinates":[126.944078,35.794749]},"properties":{"id":"8808983731582","name":"동김제농협 하나로마트 황산점","address":"","phone":"063-546-4016","hours":"08:30 ~ 18:00","region":"전북","district":"김제시","facilities":["은행"],"source":"농협경제지주 공식 전국마트찾기","sourceUrl":"https://www.nhhanaro.co.kr/nahh_70005.do?id=nahh001_010100000000"}},{"type":"Feature","geometry":{"type":"Point","coordinates":[126.971717,35.88793]},"properties":{"id":"8808983731711","name":"백구농협 하나로마트","address":"","phone":"063-542-2774","hours":"08:20 ~ 19:30","region":"전북","district":"김제시","facilities":["은행"],"source":"농협경제지주 공식 전국마트찾기","sourceUrl":"https://www.nhhanaro.co.kr/nahh_70005.do?id=nahh001_010100000000"}},{"type":"Feature","geometry":{"type":"Point","coordinates":[126.955356,35.854315]},"properties":{"id":"8808983731704","name":"용지농협 하나로마트","address":"","phone":"063-542-3601","hours":"08:00 ~ 19:00","region":"전북","district":"김제시","facilities":["은행"],"source":"농협경제지주 공식 전국마트찾기","sourceUrl":"https://www.nhhanaro.co.kr/nahh_70005.do?id=nahh001_010100000000"}},{"type":"Feature","geometry":{"type":"Point","coordinates":[126.884617,35.803387]},"properties":{"id":"8808983737171","name":"전주김제완주축협 하나로마트 김제점","address":"","phone":"063-542-6787","hours":"08:30 ~ 20:00","region":"전북","district":"김제시","facilities":["은행"],"source":"농협경제지주 공식 전국마트찾기","sourceUrl":"https://www.nhhanaro.co.kr/nahh_70005.do?id=nahh001_010100000000"}},{"type":"Feature","geometry":{"type":"Point","coordinates":[126.768758,35.85709]},"properties":{"id":"8808983731636","name":"진봉농협 하나로마트","address":"","phone":"063-543-5986","hours":"08:00 ~ 18:00","region":"전북","district":"김제시","facilities":[],"source":"농협경제지주 공식 전국마트찾기","sourceUrl":"https://www.nhhanaro.co.kr/nahh_70005.do?id=nahh001_010100000000"}},{"type":"Feature","geometry":{"type":"Point","coordinates":[127.3865,35.41387]},"properties":{"id":"8808983301273","name":"남원농협 하나로마트","address":"","phone":"063-620-4567","hours":"하절기 09:00 ~ 22:00 · 동절기 00:00 ~ 00:00","region":"전북","district":"남원시","facilities":[],"source":"농협경제지주 공식 전국마트찾기","sourceUrl":"https://www.nhhanaro.co.kr/nahh_70005.do?id=nahh001_010100000000"}},{"type":"Feature","geometry":{"type":"Point","coordinates":[127.4115936,35.4255769]},"properties":{"id":"8808983332185","name":"남원농협 하나로마트 고죽점","address":"","phone":"063-620-8740","hours":"09:00 ~ 21:00","region":"전북","district":"남원시","facilities":["주유소","은행"],"source":"농협경제지주 공식 전국마트찾기","sourceUrl":"https://www.nhhanaro.co.kr/nahh_70005.do?id=nahh001_010100000000"}},{"type":"Feature","geometry":{"type":"Point","coordinates":[127.325624,35.43078]},"properties":{"id":"8808983730752","name":"남원농협 하나로마트 대산점","address":"","phone":"063-626-4176","hours":"08:00 ~ 19:00","region":"전북","district":"남원시","facilities":[],"source":"농협경제지주 공식 전국마트찾기","sourceUrl":"https://www.nhhanaro.co.kr/nahh_70005.do?id=nahh001_010100000000"}},{"type":"Feature","geometry":{"type":"Point","coordinates":[127.352999,35.513739]},"properties":{"id":"8808983730783","name":"남원농협 하나로마트 덕과점","address":"","phone":"063-626-2546","hours":"08:00 ~ 19:00","region":"전북","district":"남원시","facilities":[],"source":"농협경제지주 공식 전국마트찾기","sourceUrl":"https://www.nhhanaro.co.kr/nahh_70005.do?id=nahh001_010100000000"}},{"type":"Feature","geometry":{"type":"Point","coordinates":[127.400007,35.513703]},"properties":{"id":"8808983730790","name":"남원농협 하나로마트 보절점","address":"","phone":"063-634-4288","hours":"08:00 ~ 18:30","region":"전북","district":"남원시","facilities":["은행"],"source":"농협경제지주 공식 전국마트찾기","sourceUrl":"https://www.nhhanaro.co.kr/nahh_70005.do?id=nahh001_010100000000"}},{"type":"Feature","geometry":{"type":"Point","coordinates":[127.359357,35.497431]},"properties":{"id":"8808983730776","name":"남원농협 하나로마트 사매점","address":"","phone":"063-634-8005","hours":"08:00 ~ 19:00","region":"전북","district":"남원시","facilities":[],"source":"농협경제지주 공식 전국마트찾기","sourceUrl":"https://www.nhhanaro.co.kr/nahh_70005.do?id=nahh001_010100000000"}},{"type":"Feature","geometry":{"type":"Point","coordinates":[127.476053,35.491748]},"properties":{"id":"8808983730813","name":"남원농협 하나로마트 산동점","address":"","phone":"063-626-8998","hours":"08:00 ~ 18:30","region":"전북","district":"남원시","facilities":[],"source":"농협경제지주 공식 전국마트찾기","sourceUrl":"https://www.nhhanaro.co.kr/nahh_70005.do?id=nahh001_010100000000"}},{"type":"Feature","geometry":{"type":"Point","coordinates":[127.457714,35.427723]},"properties":{"id":"8808983730707","name":"남원농협 하나로마트 이백점","address":"","phone":"063-635-7111","hours":"08:20 ~ 18:30","region":"전북","district":"남원시","facilities":["은행"],"source":"농협경제지주 공식 전국마트찾기","sourceUrl":"https://www.nhhanaro.co.kr/nahh_70005.do?id=nahh001_010100000000"}},{"type":"Feature","geometry":{"type":"Point","coordinates":[127.444321,35.391039]},"properties":{"id":"8808983730714","name":"남원농협 하나로마트 주천점","address":"","phone":"063-626-8301","hours":"08:30 ~ 18:30","region":"전북","district":"남원시","facilities":["은행"],"source":"농협경제지주 공식 전국마트찾기","sourceUrl":"https://www.nhhanaro.co.kr/nahh_70005.do?id=nahh001_010100000000"}},{"type":"Feature","geometry":{"type":"Point","coordinates":[127.400492,35.422379]},"properties":{"id":"8800899081366","name":"남원원예농협 로컬푸드직매장","address":"","phone":"063-636-8710","hours":"09:00 ~ 22:00","region":"전북","district":"남원시","facilities":["은행"],"source":"농협경제지주 공식 전국마트찾기","sourceUrl":"https://www.nhhanaro.co.kr/nahh_70005.do?id=nahh001_010100000000"}},{"type":"Feature","geometry":{"type":"Point","coordinates":[127.388443,35.404524]},"properties":{"id":"8808983737096","name":"남원축협 하나로마트","address":"","phone":"063-630-1130","hours":"08:00 ~ 20:30","region":"전북","district":"남원시","facilities":[],"source":"농협경제지주 공식 전국마트찾기","sourceUrl":"https://www.nhhanaro.co.kr/nahh_70005.do?id=nahh001_010100000000"}},{"type":"Feature","geometry":{"type":"Point","coordinates":[127.530701,35.4363895]},"properties":{"id":"8808983730837","name":"운봉농협 하나로마트","address":"","phone":"063-634-1797","hours":"08:00 ~ 20:00","region":"전북","district":"남원시","facilities":["주유소","문화센터","은행"],"source":"농협경제지주 공식 전국마트찾기","sourceUrl":"https://www.nhhanaro.co.kr/nahh_70005.do?id=nahh001_010100000000"}},{"type":"Feature","geometry":{"type":"Point","coordinates":[127.606111,35.461586]},"properties":{"id":"8808983730868","name":"지리산농협 하나로마트","address":"","phone":"063-636-5901","hours":"08:00 ~ 18:30","region":"전북","district":"남원시","facilities":[],"source":"농협경제지주 공식 전국마트찾기","sourceUrl":"https://www.nhhanaro.co.kr/nahh_70005.do?id=nahh001_010100000000"}},{"type":"Feature","geometry":{"type":"Point","coordinates":[127.627995,35.420066]},"properties":{"id":"8808983730851","name":"지리산농협 하나로마트 산내점","address":"","phone":"063-636-3072","hours":"08:00 ~ 18:00","region":"전북","district":"남원시","facilities":["은행"],"source":"농협경제지주 공식 전국마트찾기","sourceUrl":"https://www.nhhanaro.co.kr/nahh_70005.do?id=nahh001_010100000000"}},{"type":"Feature","geometry":{"type":"Point","coordinates":[127.611838,35.50781]},"properties":{"id":"8808983730844","name":"지리산농협 하나로마트 아영점","address":"","phone":"063-626-5021","hours":"07:50 ~ 18:30","region":"전북","district":"남원시","facilities":[],"source":"농협경제지주 공식 전국마트찾기","sourceUrl":"https://www.nhhanaro.co.kr/nahh_70005.do?id=nahh001_010100000000"}},{"type":"Feature","geometry":{"type":"Point","coordinates":[127.2295,35.343051]},"properties":{"id":"8808983730769","name":"춘향골농협 하나로마트 대강점","address":"","phone":"063-626-4227","hours":"08:00 ~ 19:00","region":"전북","district":"남원시","facilities":[],"source":"농협경제지주 공식 전국마트찾기","sourceUrl":"https://www.nhhanaro.co.kr/nahh_70005.do?id=nahh001_010100000000"}},{"type":"Feature","geometry":{"type":"Point","coordinates":[127.304425,35.35754]},"properties":{"id":"8808983730806","name":"춘향골농협 하나로마트 본점","address":"","phone":"063-635-1031","hours":"07:50 ~ 18:10","region":"전북","district":"남원시","facilities":[],"source":"농협경제지주 공식 전국마트찾기","sourceUrl":"https://www.nhhanaro.co.kr/nahh_70005.do?id=nahh001_010100000000"}},{"type":"Feature","geometry":{"type":"Point","coordinates":[127.336388,35.356286]},"properties":{"id":"8808983730721","name":"춘향골농협 하나로마트 송동점","address":"","phone":"063-634-6024","hours":"08:00 ~ 18:00","region":"전북","district":"남원시","facilities":[],"source":"농협경제지주 공식 전국마트찾기","sourceUrl":"https://www.nhhanaro.co.kr/nahh_70005.do?id=nahh001_010100000000"}},{"type":"Feature","geometry":{"type":"Point","coordinates":[127.371204,35.337552]},"properties":{"id":"8808983730820","name":"춘향골농협 하나로마트 수지점","address":"","phone":"063-625-0066","hours":"08:00 ~ 18:00","region":"전북","district":"남원시","facilities":[],"source":"농협경제지주 공식 전국마트찾기","sourceUrl":"https://www.nhhanaro.co.kr/nahh_70005.do?id=nahh001_010100000000"}},{"type":"Feature","geometry":{"type":"Point","coordinates":[127.299056,35.32825]},"properties":{"id":"8808983730738","name":"춘향골농협 하나로마트 신월점","address":"","phone":"063-631-7044","hours":"08:00 ~ 18:10","region":"전북","district":"남원시","facilities":[],"source":"농협경제지주 공식 전국마트찾기","sourceUrl":"https://www.nhhanaro.co.kr/nahh_70005.do?id=nahh001_010100000000"}},{"type":"Feature","geometry":{"type":"Point","coordinates":[127.321022,35.378069]},"properties":{"id":"8808983730745","name":"춘향골농협 하나로마트 주생점","address":"","phone":"063-631-8929","hours":"07:50 ~ 18:30","region":"전북","district":"남원시","facilities":[],"source":"농협경제지주 공식 전국마트찾기","sourceUrl":"https://www.nhhanaro.co.kr/nahh_70005.do?id=nahh001_010100000000"}},{"type":"Feature","geometry":{"type":"Point","coordinates":[127.779387,35.905541]},"properties":{"id":"8808983730424","name":"구천동농협 하나로마트 구천점","address":"","phone":"063-322-4602","hours":"08:00 ~ 19:00","region":"전북","district":"무주군","facilities":["은행"],"source":"농협경제지주 공식 전국마트찾기","sourceUrl":"https://www.nhhanaro.co.kr/nahh_70005.do?id=nahh001_010100000000"}},{"type":"Feature","geometry":{"type":"Point","coordinates":[127.759131,35.910441]},"properties":{"id":"8808983324012","name":"구천동농협 하나로마트 리조트점","address":"","phone":"063-322-4421","hours":"09:00 ~ 21:00","region":"전북","district":"무주군","facilities":[],"source":"농협경제지주 공식 전국마트찾기","sourceUrl":"https://www.nhhanaro.co.kr/nahh_70005.do?id=nahh001_010100000000"}},{"type":"Feature","geometry":{"type":"Point","coordinates":[127.847986,35.969325]},"properties":{"id":"8808983730400","name":"구천동농협 하나로마트 무풍점","address":"","phone":"063-324-4410","hours":"하절기 08:00 ~ 20:00 · 동절기 08:00 ~ 19:00","region":"전북","district":"무주군","facilities":["은행"],"source":"농협경제지주 공식 전국마트찾기","sourceUrl":"https://www.nhhanaro.co.kr/nahh_70005.do?id=nahh001_010100000000"}},{"type":"Feature","geometry":{"type":"Point","coordinates":[127.787806,36.009315]},"properties":{"id":"8808983730417","name":"구천동농협 하나로마트 본점","address":"","phone":"063-324-2501","hours":"08:00 ~ 21:00","region":"전북","district":"무주군","facilities":[],"source":"농협경제지주 공식 전국마트찾기","sourceUrl":"https://www.nhhanaro.co.kr/nahh_70005.do?id=nahh001_010100000000"}},{"type":"Feature","geometry":{"type":"Point","coordinates":[127.662495,36.004666]},"properties":{"id":"8808983730394","name":"무주농협 하나로마트 본점","address":"","phone":"063-322-1343","hours":"08:00 ~ 22:00","region":"전북","district":"무주군","facilities":[],"source":"농협경제지주 공식 전국마트찾기","sourceUrl":"https://www.nhhanaro.co.kr/nahh_70005.do?id=nahh001_010100000000"}},{"type":"Feature","geometry":{"type":"Point","coordinates":[127.559627,35.972201]},"properties":{"id":"8808983730455","name":"무주농협 하나로마트 부남점","address":"","phone":"063-322-0046","hours":"08:00 ~ 19:00","region":"전북","district":"무주군","facilities":["은행"],"source":"농협경제지주 공식 전국마트찾기","sourceUrl":"https://www.nhhanaro.co.kr/nahh_70005.do?id=nahh001_010100000000"}},{"type":"Feature","geometry":{"type":"Point","coordinates":[127.654447,35.866092]},"properties":{"id":"8808983730448","name":"무주농협 하나로마트 안성점","address":"","phone":"063-323-2696","hours":"08:00 ~ 20:00","region":"전북","district":"무주군","facilities":["은행"],"source":"농협경제지주 공식 전국마트찾기","sourceUrl":"https://www.nhhanaro.co.kr/nahh_70005.do?id=nahh001_010100000000"}},{"type":"Feature","geometry":{"type":"Point","coordinates":[127.659374,35.943665]},"properties":{"id":"8808983730431","name":"무주농협 하나로마트 적상점","address":"","phone":"063-324-5509","hours":"08:00 ~ 19:00","region":"전북","district":"무주군","facilities":["은행"],"source":"농협경제지주 공식 전국마트찾기","sourceUrl":"https://www.nhhanaro.co.kr/nahh_70005.do?id=nahh001_010100000000"}},{"type":"Feature","geometry":{"type":"Point","coordinates":[127.662742,36.006631]},"properties":{"id":"8808983737041","name":"무진장축협 하나로마트 무주점","address":"","phone":"063-322-1089","hours":"08:00 ~ 21:00","region":"전북","district":"무주군","facilities":["은행"],"source":"농협경제지주 공식 전국마트찾기","sourceUrl":"https://www.nhhanaro.co.kr/nahh_70005.do?id=nahh001_010100000000"}},{"type":"Feature","geometry":{"type":"Point","coordinates":[126.698373,35.762526]},"properties":{"id":"8808983731520","name":"계화농협 하나로마트","address":"","phone":"063-581-2323","hours":"07:30 ~ 21:00","region":"전북","district":"부안군","facilities":[],"source":"농협경제지주 공식 전국마트찾기","sourceUrl":"https://www.nhhanaro.co.kr/nahh_70005.do?id=nahh001_010100000000"}},{"type":"Feature","geometry":{"type":"Point","coordinates":[126.670481,35.610274]},"properties":{"id":"8808983731490","name":"남부안농협 하나로마트","address":"","phone":"063-581-3014","hours":"08:30 ~ 17:30","region":"전북","district":"부안군","facilities":[],"source":"농협경제지주 공식 전국마트찾기","sourceUrl":"https://www.nhhanaro.co.kr/nahh_70005.do?id=nahh001_010100000000"}},{"type":"Feature","geometry":{"type":"Point","coordinates":[126.678364,35.588658]},"properties":{"id":"8808983731483","name":"남부안농협 하나로마트 줄포점","address":"","phone":"063-583-2561","hours":"08:30 ~ 18:00","region":"전북","district":"부안군","facilities":[],"source":"농협경제지주 공식 전국마트찾기","sourceUrl":"https://www.nhhanaro.co.kr/nahh_70005.do?id=nahh001_010100000000"}},{"type":"Feature","geometry":{"type":"Point","coordinates":[126.606193,35.587962]},"properties":{"id":"8808983731506","name":"남부안농협 하나로마트 진서점","address":"","phone":"063-581-2136","hours":"08:00 ~ 18:00","region":"전북","district":"부안군","facilities":["은행"],"source":"농협경제지주 공식 전국마트찾기","sourceUrl":"https://www.nhhanaro.co.kr/nahh_70005.do?id=nahh001_010100000000"}},{"type":"Feature","geometry":{"type":"Point","coordinates":[126.528944,35.664562]},"properties":{"id":"8808983731469","name":"변산농협 하나로마트","address":"","phone":"063-582-8061","hours":"08:30 ~ 18:00","region":"전북","district":"부안군","facilities":["은행"],"source":"농협경제지주 공식 전국마트찾기","sourceUrl":"https://www.nhhanaro.co.kr/nahh_70005.do?id=nahh001_010100000000"}},{"type":"Feature","geometry":{"type":"Point","coordinates":[126.472293,35.624282]},"properties":{"id":"8808983731476","name":"변산농협 하나로마트 격포점","address":"","phone":"063-581-8844","hours":"하절기 08:30 ~ 20:00 · 동절기 08:30 ~ 19:30","region":"전북","district":"부안군","facilities":["은행"],"source":"농협경제지주 공식 전국마트찾기","sourceUrl":"https://www.nhhanaro.co.kr/nahh_70005.do?id=nahh001_010100000000"}},{"type":"Feature","geometry":{"type":"Point","coordinates":[126.292983,35.604165]},"properties":{"id":"8808983731513","name":"변산농협 하나로마트 위도점","address":"","phone":"063-583-3805","hours":"하절기 08:30 ~ 18:30 · 동절기 08:30 ~ 18:00","region":"전북","district":"부안군","facilities":["은행"],"source":"농협경제지주 공식 전국마트찾기","sourceUrl":"https://www.nhhanaro.co.kr/nahh_70005.do?id=nahh001_010100000000"}},{"type":"Feature","geometry":{"type":"Point","coordinates":[126.740747,35.751333]},"properties":{"id":"8808983731421","name":"부안농협 하나로마트 동진점","address":"","phone":"063-584-5058","hours":"08:00 ~ 19:00","region":"전북","district":"부안군","facilities":["은행"],"source":"농협경제지주 공식 전국마트찾기","sourceUrl":"https://www.nhhanaro.co.kr/nahh_70005.do?id=nahh001_010100000000"}},{"type":"Feature","geometry":{"type":"Point","coordinates":[126.786918,35.703228]},"properties":{"id":"8808983731414","name":"부안농협 하나로마트 백산점","address":"","phone":"063-584-2283","hours":"07:30 ~ 20:00","region":"전북","district":"부안군","facilities":["은행"],"source":"농협경제지주 공식 전국마트찾기","sourceUrl":"https://www.nhhanaro.co.kr/nahh_70005.do?id=nahh001_010100000000"}},{"type":"Feature","geometry":{"type":"Point","coordinates":[126.735712,35.725729]},"properties":{"id":"8808983732350","name":"부안농협 하나로마트 본점","address":"","phone":"063-581-1023","hours":"07:30 ~ 22:30","region":"전북","district":"부안군","facilities":[],"source":"농협경제지주 공식 전국마트찾기","sourceUrl":"https://www.nhhanaro.co.kr/nahh_70005.do?id=nahh001_010100000000"}},{"type":"Feature","geometry":{"type":"Point","coordinates":[126.710282,35.672049]},"properties":{"id":"8808983731407","name":"부안농협 하나로마트 주산점","address":"","phone":"063-582-6009","hours":"07:30 ~ 07:30","region":"전북","district":"부안군","facilities":["은행"],"source":"농협경제지주 공식 전국마트찾기","sourceUrl":"https://www.nhhanaro.co.kr/nahh_70005.do?id=nahh001_010100000000"}},{"type":"Feature","geometry":{"type":"Point","coordinates":[126.677333,35.685436]},"properties":{"id":"8808983731438","name":"부안중앙농협 하나로마트 본점","address":"","phone":"063-581-1601","hours":"08:00 ~ 18:00","region":"전북","district":"부안군","facilities":[],"source":"농협경제지주 공식 전국마트찾기","sourceUrl":"https://www.nhhanaro.co.kr/nahh_70005.do?id=nahh001_010100000000"}},{"type":"Feature","geometry":{"type":"Point","coordinates":[126.704555,35.73039]},"properties":{"id":"8808983731445","name":"부안중앙농협 하나로마트 행안점","address":"","phone":"063-584-6622","hours":"08:30 ~ 17:30","region":"전북","district":"부안군","facilities":[],"source":"농협경제지주 공식 전국마트찾기","sourceUrl":"https://www.nhhanaro.co.kr/nahh_70005.do?id=nahh001_010100000000"}},{"type":"Feature","geometry":{"type":"Point","coordinates":[126.660688,35.713687]},"properties":{"id":"8808983731452","name":"하서농협 하나로마트","address":"","phone":"063-584-6483","hours":"07:50 ~ 19:00","region":"전북","district":"부안군","facilities":[],"source":"농협경제지주 공식 전국마트찾기","sourceUrl":"https://www.nhhanaro.co.kr/nahh_70005.do?id=nahh001_010100000000"}},{"type":"Feature","geometry":{"type":"Point","coordinates":[127.101892,35.451894]},"properties":{"id":"8808983730967","name":"구림농협 하나로마트","address":"","phone":"063-652-8454","hours":"08:00 ~ 18:30","region":"전북","district":"순창군","facilities":[],"source":"농협경제지주 공식 전국마트찾기","sourceUrl":"https://www.nhhanaro.co.kr/nahh_70005.do?id=nahh001_010100000000"}},{"type":"Feature","geometry":{"type":"Point","coordinates":[127.243245,35.440369]},"properties":{"id":"8808983730899","name":"동계농협 하나로마트","address":"","phone":"063-652-4806","hours":"08:00 ~ 19:00","region":"전북","district":"순창군","facilities":[],"source":"농협경제지주 공식 전국마트찾기","sourceUrl":"https://www.nhhanaro.co.kr/nahh_70005.do?id=nahh001_010100000000"}},{"type":"Feature","geometry":{"type":"Point","coordinates":[126.930481,35.431686]},"properties":{"id":"8808983730981","name":"서순창농협 하나로마트","address":"","phone":"063-652-7420","hours":"08:00 ~ 19:00","region":"전북","district":"순창군","facilities":[],"source":"농협경제지주 공식 전국마트찾기","sourceUrl":"https://www.nhhanaro.co.kr/nahh_70005.do?id=nahh001_010100000000"}},{"type":"Feature","geometry":{"type":"Point","coordinates":[127.085545,35.338767]},"properties":{"id":"8808983730943","name":"서순창농협 하나로마트 금과점","address":"","phone":"063-652-6050","hours":"08:00 ~ 18:00","region":"전북","district":"순창군","facilities":[],"source":"농협경제지주 공식 전국마트찾기","sourceUrl":"https://www.nhhanaro.co.kr/nahh_70005.do?id=nahh001_010100000000"}},{"type":"Feature","geometry":{"type":"Point","coordinates":[127.145296,35.372519]},"properties":{"id":"8808983737119","name":"순정축협 하나로마트","address":"","phone":"063-653-2319","hours":"08:00 ~ 21:00","region":"전북","district":"순창군","facilities":[],"source":"농협경제지주 공식 전국마트찾기","sourceUrl":"https://www.nhhanaro.co.kr/nahh_70005.do?id=nahh001_010100000000"}},{"type":"Feature","geometry":{"type":"Point","coordinates":[127.1447,35.375822]},"properties":{"id":"8808983732343","name":"순창농협 하나로마트","address":"","phone":"063-652-9961","hours":"하절기 08:00 ~ 21:00 · 동절기 08:00 ~ 20:00","region":"전북","district":"순창군","facilities":[],"source":"농협경제지주 공식 전국마트찾기","sourceUrl":"https://www.nhhanaro.co.kr/nahh_70005.do?id=nahh001_010100000000"}},{"type":"Feature","geometry":{"type":"Point","coordinates":[127.144506,35.371188]},"properties":{"id":"8808983730875","name":"순창농협 하나로마트 본점","address":"","phone":"063-653-6001","hours":"08:30 ~ 18:00","region":"전북","district":"순창군","facilities":["은행"],"source":"농협경제지주 공식 전국마트찾기","sourceUrl":"https://www.nhhanaro.co.kr/nahh_70005.do?id=nahh001_010100000000"}},{"type":"Feature","geometry":{"type":"Point","coordinates":[127.000903,35.499746]},"properties":{"id":"8808983730974","name":"순창농협 하나로마트 쌍치점","address":"","phone":"063-652-2505","hours":"08:00 ~ 18:00","region":"전북","district":"순창군","facilities":[],"source":"농협경제지주 공식 전국마트찾기","sourceUrl":"https://www.nhhanaro.co.kr/nahh_70005.do?id=nahh001_010100000000"}},{"type":"Feature","geometry":{"type":"Point","coordinates":[127.188107,35.361312]},"properties":{"id":"8808983730912","name":"순창농협 하나로마트 유등점","address":"","phone":"063-652-0005","hours":"08:00 ~ 18:00","region":"전북","district":"순창군","facilities":["은행"],"source":"농협경제지주 공식 전국마트찾기","sourceUrl":"https://www.nhhanaro.co.kr/nahh_70005.do?id=nahh001_010100000000"}},{"type":"Feature","geometry":{"type":"Point","coordinates":[127.141978,35.411488]},"properties":{"id":"8808983730882","name":"순창농협 하나로마트 인계점","address":"","phone":"063-652-7006","hours":"08:00 ~ 18:00","region":"전북","district":"순창군","facilities":[],"source":"농협경제지주 공식 전국마트찾기","sourceUrl":"https://www.nhhanaro.co.kr/nahh_70005.do?id=nahh001_010100000000"}},{"type":"Feature","geometry":{"type":"Point","coordinates":[127.207398,35.397171]},"properties":{"id":"8808983730905","name":"순창농협 하나로마트 적성점","address":"","phone":"063-652-3010","hours":"08:30 ~ 18:00","region":"전북","district":"순창군","facilities":["은행"],"source":"농협경제지주 공식 전국마트찾기","sourceUrl":"https://www.nhhanaro.co.kr/nahh_70005.do?id=nahh001_010100000000"}},{"type":"Feature","geometry":{"type":"Point","coordinates":[127.09874,35.390758]},"properties":{"id":"8808983730950","name":"순창농협 하나로마트 팔덕점","address":"","phone":"063-652-5006","hours":"08:30 ~ 18:00","region":"전북","district":"순창군","facilities":["은행"],"source":"농협경제지주 공식 전국마트찾기","sourceUrl":"https://www.nhhanaro.co.kr/nahh_70005.do?id=nahh001_010100000000"}},{"type":"Feature","geometry":{"type":"Point","coordinates":[127.139932,35.337678]},"properties":{"id":"8808983730936","name":"순창농협 하나로마트 풍산점","address":"","phone":"063-652-9506","hours":"08:30 ~ 18:00","region":"전북","district":"순창군","facilities":[],"source":"농협경제지주 공식 전국마트찾기","sourceUrl":"https://www.nhhanaro.co.kr/nahh_70005.do?id=nahh001_010100000000"}},{"type":"Feature","geometry":{"type":"Point","coordinates":[127.14053,35.99477]},"properties":{"id":"8808983730233","name":"고산농협 하나로마트 비봉점","address":"","phone":"063-263-6004","hours":"09:00 ~ 18:00","region":"전북","district":"완주군","facilities":["은행"],"source":"농협경제지주 공식 전국마트찾기","sourceUrl":"https://www.nhhanaro.co.kr/nahh_70005.do?id=nahh001_010100000000"}},{"type":"Feature","geometry":{"type":"Point","coordinates":[127.205658,35.9754803]},"properties":{"id":"8808983730226","name":"고산농협 하나로마트 웰컴센터점","address":"","phone":"063-260-7590","hours":"08:00 ~ 20:00","region":"전북","district":"완주군","facilities":[],"source":"농협경제지주 공식 전국마트찾기","sourceUrl":"https://www.nhhanaro.co.kr/nahh_70005.do?id=nahh001_010100000000"}},{"type":"Feature","geometry":{"type":"Point","coordinates":[127.124859,35.752028]},"properties":{"id":"8808983730141","name":"구이농협 하나로마트 덕천점","address":"","phone":"063-221-9031","hours":"08:30 ~ 18:00","region":"전북","district":"완주군","facilities":["은행"],"source":"농협경제지주 공식 전국마트찾기","sourceUrl":"https://www.nhhanaro.co.kr/nahh_70005.do?id=nahh001_010100000000"}},{"type":"Feature","geometry":{"type":"Point","coordinates":[127.120578,35.734096]},"properties":{"id":"8808983730134","name":"구이농협 하나로마트 본점","address":"","phone":"063-221-9044","hours":"08:30 ~ 19:00","region":"전북","district":"완주군","facilities":[],"source":"농협경제지주 공식 전국마트찾기","sourceUrl":"https://www.nhhanaro.co.kr/nahh_70005.do?id=nahh001_010100000000"}},{"type":"Feature","geometry":{"type":"Point","coordinates":[127.166845,35.939112]},"properties":{"id":"8808983730219","name":"봉동농협 하나로마트 본점","address":"","phone":"063-262-9933","hours":"08:40 ~ 21:00","region":"전북","district":"완주군","facilities":[],"source":"농협경제지주 공식 전국마트찾기","sourceUrl":"https://www.nhhanaro.co.kr/nahh_70005.do?id=nahh001_010100000000"}},{"type":"Feature","geometry":{"type":"Point","coordinates":[127.1239217,35.9231082]},"properties":{"id":"8808983332635","name":"삼례농협 하나로마트","address":"","phone":"063-263-2714","hours":"08:30 ~ 21:00","region":"전북","district":"완주군","facilities":["은행"],"source":"농협경제지주 공식 전국마트찾기","sourceUrl":"https://www.nhhanaro.co.kr/nahh_70005.do?id=nahh001_010100000000"}},{"type":"Feature","geometry":{"type":"Point","coordinates":[127.210475,35.767591]},"properties":{"id":"8808983730127","name":"상관농협 하나로마트 본점","address":"","phone":"063-282-5100","hours":"07:30 ~ 21:00","region":"전북","district":"완주군","facilities":["은행"],"source":"농협경제지주 공식 전국마트찾기","sourceUrl":"https://www.nhhanaro.co.kr/nahh_70005.do?id=nahh001_010100000000"}},{"type":"Feature","geometry":{"type":"Point","coordinates":[127.233817,35.85553]},"properties":{"id":"8808983730110","name":"소양농협 하나로마트 본점","address":"","phone":"063-243-9196","hours":"08:00 ~ 20:00","region":"전북","district":"완주군","facilities":["은행"],"source":"농협경제지주 공식 전국마트찾기","sourceUrl":"https://www.nhhanaro.co.kr/nahh_70005.do?id=nahh001_010100000000"}},{"type":"Feature","geometry":{"type":"Point","coordinates":[127.202477,36.033926]},"properties":{"id":"8808983730240","name":"완주화산농협 하나로마트 본점","address":"","phone":"063-262-5028","hours":"07:30 ~ 20:00","region":"전북","district":"완주군","facilities":[],"source":"농협경제지주 공식 전국마트찾기","sourceUrl":"https://www.nhhanaro.co.kr/nahh_70005.do?id=nahh001_010100000000"}},{"type":"Feature","geometry":{"type":"Point","coordinates":[127.16544,35.90377]},"properties":{"id":"8808983344294","name":"용진농협 로컬푸드&하나로마트 운곡점","address":"","phone":"063-240-6955","hours":"하절기 08:30 ~ 20:30 · 동절기 00:00 ~ 00:00","region":"전북","district":"완주군","facilities":["은행"],"source":"농협경제지주 공식 전국마트찾기","sourceUrl":"https://www.nhhanaro.co.kr/nahh_70005.do?id=nahh001_010100000000"}},{"type":"Feature","geometry":{"type":"Point","coordinates":[127.155285,35.881862]},"properties":{"id":"8808983730103","name":"용진농협 하나로마트 본점","address":"","phone":"063-243-7009","hours":"08:30 ~ 21:00","region":"전북","district":"완주군","facilities":[],"source":"농협경제지주 공식 전국마트찾기","sourceUrl":"https://www.nhhanaro.co.kr/nahh_70005.do?id=nahh001_010100000000"}},{"type":"Feature","geometry":{"type":"Point","coordinates":[127.260875,36.041213]},"properties":{"id":"8808983732329","name":"운주농협 하나로마트 경천점","address":"","phone":"063-261-8904","hours":"08:10 ~ 18:00","region":"전북","district":"완주군","facilities":["은행"],"source":"농협경제지주 공식 전국마트찾기","sourceUrl":"https://www.nhhanaro.co.kr/nahh_70005.do?id=nahh001_010100000000"}},{"type":"Feature","geometry":{"type":"Point","coordinates":[127.276732,36.093593]},"properties":{"id":"8808983730257","name":"운주농협 하나로마트 본점","address":"","phone":"063-263-7025","hours":"08:00 ~ 20:30","region":"전북","district":"완주군","facilities":["은행"],"source":"농협경제지주 공식 전국마트찾기","sourceUrl":"https://www.nhhanaro.co.kr/nahh_70005.do?id=nahh001_010100000000"}},{"type":"Feature","geometry":{"type":"Point","coordinates":[127.023243,35.820069]},"properties":{"id":"8808983730158","name":"이서농협 하나로마트 본점","address":"","phone":"063-222-2988","hours":"08:00 ~ 19:00","region":"전북","district":"완주군","facilities":["은행"],"source":"농협경제지주 공식 전국마트찾기","sourceUrl":"https://www.nhhanaro.co.kr/nahh_70005.do?id=nahh001_010100000000"}},{"type":"Feature","geometry":{"type":"Point","coordinates":[127.051872,35.989993]},"properties":{"id":"8808983732107","name":"금마농협 하나로마트","address":"","phone":"063-836-6120","hours":"08:00 ~ 20:00","region":"전북","district":"익산시","facilities":[],"source":"농협경제지주 공식 전국마트찾기","sourceUrl":"https://www.nhhanaro.co.kr/nahh_70005.do?id=nahh001_010100000000"}},{"type":"Feature","geometry":{"type":"Point","coordinates":[127.009957,36.077374]},"properties":{"id":"8808983732053","name":"낭산농협 하나로마트","address":"","phone":"063-861-5105","hours":"08:30 ~ 18:30","region":"전북","district":"익산시","facilities":[],"source":"농협경제지주 공식 전국마트찾기","sourceUrl":"https://www.nhhanaro.co.kr/nahh_70005.do?id=nahh001_010100000000"}},{"type":"Feature","geometry":{"type":"Point","coordinates":[126.962956,36.077788]},"properties":{"id":"8808983732008","name":"북익산농협 하나로마트 본점","address":"","phone":"063-861-4901","hours":"08:00 ~ 21:00","region":"전북","district":"익산시","facilities":[],"source":"농협경제지주 공식 전국마트찾기","sourceUrl":"https://www.nhhanaro.co.kr/nahh_70005.do?id=nahh001_010100000000"}},{"type":"Feature","geometry":{"type":"Point","coordinates":[126.95515,36.118979]},"properties":{"id":"8808983732015","name":"북익산농협 하나로마트 용안점","address":"","phone":"063-862-3993","hours":"08:30 ~ 18:00","region":"전북","district":"익산시","facilities":["은행"],"source":"농협경제지주 공식 전국마트찾기","sourceUrl":"https://www.nhhanaro.co.kr/nahh_70005.do?id=nahh001_010100000000"}},{"type":"Feature","geometry":{"type":"Point","coordinates":[126.983357,36.0373877]},"properties":{"id":"8808983341033","name":"삼기농협 로컬푸드복합센터","address":"","phone":"063-858-8576","hours":"하절기 09:00 ~ 21:00 · 동절기 00:00 ~ 00:00","region":"전북","district":"익산시","facilities":["은행"],"source":"농협경제지주 공식 전국마트찾기","sourceUrl":"https://www.nhhanaro.co.kr/nahh_70005.do?id=nahh001_010100000000"}},{"type":"Feature","geometry":{"type":"Point","coordinates":[126.981615,36.021214]},"properties":{"id":"8808983732084","name":"삼기농협 하나로마트","address":"","phone":"063-858-8501","hours":"08:00 ~ 19:00","region":"전북","district":"익산시","facilities":[],"source":"농협경제지주 공식 전국마트찾기","sourceUrl":"https://www.nhhanaro.co.kr/nahh_70005.do?id=nahh001_010100000000"}},{"type":"Feature","geometry":{"type":"Point","coordinates":[126.910498,36.059216]},"properties":{"id":"8808983732091","name":"서익산농협 하나로마트 본점","address":"","phone":"063-856-9558","hours":"08:00 ~ 18:00","region":"전북","district":"익산시","facilities":[],"source":"농협경제지주 공식 전국마트찾기","sourceUrl":"https://www.nhhanaro.co.kr/nahh_70005.do?id=nahh001_010100000000"}},{"type":"Feature","geometry":{"type":"Point","coordinates":[126.884712,36.082952]},"properties":{"id":"8808983732060","name":"서익산농협 하나로마트 웅포점","address":"","phone":"063-862-6461","hours":"09:00 ~ 18:00","region":"전북","district":"익산시","facilities":["은행"],"source":"농협경제지주 공식 전국마트찾기","sourceUrl":"https://www.nhhanaro.co.kr/nahh_70005.do?id=nahh001_010100000000"}},{"type":"Feature","geometry":{"type":"Point","coordinates":[126.935242,36.088702]},"properties":{"id":"8808983732046","name":"성당농협 하나로마트","address":"","phone":"063-861-0063","hours":"08:30 ~ 18:00","region":"전북","district":"익산시","facilities":["은행"],"source":"농협경제지주 공식 전국마트찾기","sourceUrl":"https://www.nhhanaro.co.kr/nahh_70005.do?id=nahh001_010100000000"}},{"type":"Feature","geometry":{"type":"Point","coordinates":[127.08897,35.966703]},"properties":{"id":"8808983732114","name":"왕궁농협 하나로마트","address":"","phone":"063-832-4079","hours":"08:30 ~ 18:00","region":"전북","district":"익산시","facilities":[],"source":"농협경제지주 공식 전국마트찾기","sourceUrl":"https://www.nhhanaro.co.kr/nahh_70005.do?id=nahh001_010100000000"}},{"type":"Feature","geometry":{"type":"Point","coordinates":[126.958133,35.953399]},"properties":{"id":"8808983737225","name":"익산군산축협 하나로마트 동부점","address":"","phone":"063-842-4991","hours":"10:00 ~ 21:00","region":"전북","district":"익산시","facilities":["은행"],"source":"농협경제지주 공식 전국마트찾기","sourceUrl":"https://www.nhhanaro.co.kr/nahh_70005.do?id=nahh001_010100000000"}},{"type":"Feature","geometry":{"type":"Point","coordinates":[126.964003,36.078311]},"properties":{"id":"8808983737232","name":"익산군산축협 하나로마트 함열제일점","address":"","phone":"063-861-7275","hours":"09:00 ~ 20:00","region":"전북","district":"익산시","facilities":["은행"],"source":"농협경제지주 공식 전국마트찾기","sourceUrl":"https://www.nhhanaro.co.kr/nahh_70005.do?id=nahh001_010100000000"}},{"type":"Feature","geometry":{"type":"Point","coordinates":[126.981788,35.96028]},"properties":{"id":"8808983731971","name":"익산농협 파머스마켓","address":"","phone":"063-831-6137","hours":"09:00 ~ 22:00","region":"전북","district":"익산시","facilities":[],"source":"농협경제지주 공식 전국마트찾기","sourceUrl":"https://www.nhhanaro.co.kr/nahh_70005.do?id=nahh001_010100000000"}},{"type":"Feature","geometry":{"type":"Point","coordinates":[126.955805,35.929801]},"properties":{"id":"8808983731940","name":"익산농협 하나로마트","address":"","phone":"063-858-8656","hours":"09:00 ~ 22:00","region":"전북","district":"익산시","facilities":["은행"],"source":"농협경제지주 공식 전국마트찾기","sourceUrl":"https://www.nhhanaro.co.kr/nahh_70005.do?id=nahh001_010100000000"}},{"type":"Feature","geometry":{"type":"Point","coordinates":[126.94378,35.947424]},"properties":{"id":"8808983731957","name":"익산농협 하나로마트 모현점","address":"","phone":"063-858-4609","hours":"09:00 ~ 22:00","region":"전북","district":"익산시","facilities":["은행"],"source":"농협경제지주 공식 전국마트찾기","sourceUrl":"https://www.nhhanaro.co.kr/nahh_70005.do?id=nahh001_010100000000"}},{"type":"Feature","geometry":{"type":"Point","coordinates":[126.91447,35.939601]},"properties":{"id":"8808983731995","name":"익산오산농협 하나로마트","address":"","phone":"063-856-3290","hours":"08:00 ~ 19:30","region":"전북","district":"익산시","facilities":[],"source":"농협경제지주 공식 전국마트찾기","sourceUrl":"https://www.nhhanaro.co.kr/nahh_70005.do?id=nahh001_010100000000"}},{"type":"Feature","geometry":{"type":"Point","coordinates":[126.881617,35.93199]},"properties":{"id":"8808983731988","name":"익산오산농협 하나로마트 신지점","address":"","phone":"063-841-1904","hours":"09:00 ~ 18:00","region":"전북","district":"익산시","facilities":["은행"],"source":"농협경제지주 공식 전국마트찾기","sourceUrl":"https://www.nhhanaro.co.kr/nahh_70005.do?id=nahh001_010100000000"}},{"type":"Feature","geometry":{"type":"Point","coordinates":[126.9348987,35.9476492]},"properties":{"id":"8808983324432","name":"익산원예농협 하나로마트","address":"","phone":"063-858-0001","hours":"하절기 09:00 ~ 23:00 · 동절기 00:00 ~ 00:00","region":"전북","district":"익산시","facilities":["은행"],"source":"농협경제지주 공식 전국마트찾기","sourceUrl":"https://www.nhhanaro.co.kr/nahh_70005.do?id=nahh001_010100000000"}},{"type":"Feature","geometry":{"type":"Point","coordinates":[126.944682,36.002869]},"properties":{"id":"8808983732077","name":"황등농협 하나로마트","address":"","phone":"063-857-9390","hours":"하절기 08:00 ~ 21:00 · 동절기 00:00 ~ 00:00","region":"전북","district":"익산시","facilities":["은행"],"source":"농협경제지주 공식 전국마트찾기","sourceUrl":"https://www.nhhanaro.co.kr/nahh_70005.do?id=nahh001_010100000000"}},{"type":"Feature","geometry":{"type":"Point","coordinates":[127.270514,35.674403]},"properties":{"id":"8808983730646","name":"오수관촌농협 하나로마트 관촌지점","address":"","phone":"063-642-0340","hours":"07:30 ~ 19:00","region":"전북","district":"임실군","facilities":["은행"],"source":"농협경제지주 공식 전국마트찾기","sourceUrl":"https://www.nhhanaro.co.kr/nahh_70005.do?id=nahh001_010100000000"}},{"type":"Feature","geometry":{"type":"Point","coordinates":[127.328579,35.537627]},"properties":{"id":"8808983730608","name":"오수관촌농협 하나로마트 본점","address":"","phone":"063-642-8025","hours":"08:00 ~ 21:00","region":"전북","district":"임실군","facilities":[],"source":"농협경제지주 공식 전국마트찾기","sourceUrl":"https://www.nhhanaro.co.kr/nahh_70005.do?id=nahh001_010100000000"}},{"type":"Feature","geometry":{"type":"Point","coordinates":[127.275501,35.508467]},"properties":{"id":"8808983730615","name":"오수관촌농협 하나로마트 삼계지점","address":"","phone":"063-640-4776","hours":"08:20 ~ 18:00","region":"전북","district":"임실군","facilities":["은행"],"source":"농협경제지주 공식 전국마트찾기","sourceUrl":"https://www.nhhanaro.co.kr/nahh_70005.do?id=nahh001_010100000000"}},{"type":"Feature","geometry":{"type":"Point","coordinates":[127.358169,35.563585]},"properties":{"id":"8808983730622","name":"오수관촌농협 하나로마트 지사점","address":"","phone":"063-642-4008","hours":"08:20 ~ 18:00","region":"전북","district":"임실군","facilities":["은행"],"source":"농협경제지주 공식 전국마트찾기","sourceUrl":"https://www.nhhanaro.co.kr/nahh_70005.do?id=nahh001_010100000000"}},{"type":"Feature","geometry":{"type":"Point","coordinates":[127.283186,35.614882]},"properties":{"id":"8808983730561","name":"임실농협 하나로마트","address":"","phone":"063-642-2506","hours":"07:30 ~ 20:00","region":"전북","district":"임실군","facilities":[],"source":"농협경제지주 공식 전국마트찾기","sourceUrl":"https://www.nhhanaro.co.kr/nahh_70005.do?id=nahh001_010100000000"}},{"type":"Feature","geometry":{"type":"Point","coordinates":[127.162505,35.530071]},"properties":{"id":"8808983730639","name":"임실농협 하나로마트 강진점","address":"","phone":"063-643-1017","hours":"08:00 ~ 19:00","region":"전북","district":"임실군","facilities":[],"source":"농협경제지주 공식 전국마트찾기","sourceUrl":"https://www.nhhanaro.co.kr/nahh_70005.do?id=nahh001_010100000000"}},{"type":"Feature","geometry":{"type":"Point","coordinates":[127.3339,35.6298]},"properties":{"id":"8808983343235","name":"임실농협 하나로마트 성수지점","address":"","phone":"063-640-3471","hours":"09:00 ~ 18:00","region":"전북","district":"임실군","facilities":["은행"],"source":"농협경제지주 공식 전국마트찾기","sourceUrl":"https://www.nhhanaro.co.kr/nahh_70005.do?id=nahh001_010100000000"}},{"type":"Feature","geometry":{"type":"Point","coordinates":[127.2027,35.569886]},"properties":{"id":"8808983730585","name":"임실농협 하나로마트 청웅점","address":"","phone":"063-643-8080","hours":"08:00 ~ 19:00","region":"전북","district":"임실군","facilities":[],"source":"농협경제지주 공식 전국마트찾기","sourceUrl":"https://www.nhhanaro.co.kr/nahh_70005.do?id=nahh001_010100000000"}},{"type":"Feature","geometry":{"type":"Point","coordinates":[127.282062,35.615858]},"properties":{"id":"8808983737300","name":"임실축협 하나로마트 본점","address":"","phone":"063-640-3604","hours":"08:10 ~ 21:00","region":"전북","district":"임실군","facilities":[],"source":"농협경제지주 공식 전국마트찾기","sourceUrl":"https://www.nhhanaro.co.kr/nahh_70005.do?id=nahh001_010100000000"}},{"type":"Feature","geometry":{"type":"Point","coordinates":[127.519387,35.647387]},"properties":{"id":"8808983737058","name":"무진장축협 하나로마트 장수점","address":"","phone":"063-350-3377","hours":"07:00 ~ 07:00","region":"전북","district":"장수군","facilities":[],"source":"농협경제지주 공식 전국마트찾기","sourceUrl":"https://www.nhhanaro.co.kr/nahh_70005.do?id=nahh001_010100000000"}},{"type":"Feature","geometry":{"type":"Point","coordinates":[127.584515,35.731022]},"properties":{"id":"8808983730516","name":"장계농협 파머스마켓","address":"","phone":"063-352-8945","hours":"08:00 ~ 21:00","region":"전북","district":"장수군","facilities":[],"source":"농협경제지주 공식 전국마트찾기","sourceUrl":"https://www.nhhanaro.co.kr/nahh_70005.do?id=nahh001_010100000000"}},{"type":"Feature","geometry":{"type":"Point","coordinates":[127.577405,35.702163]},"properties":{"id":"8808983730547","name":"장계농협 하나로마트 계남점","address":"","phone":"063-352-0936","hours":"08:00 ~ 18:00","region":"전북","district":"장수군","facilities":[],"source":"농협경제지주 공식 전국마트찾기","sourceUrl":"https://www.nhhanaro.co.kr/nahh_70005.do?id=nahh001_010100000000"}},{"type":"Feature","geometry":{"type":"Point","coordinates":[127.613908,35.786192]},"properties":{"id":"8808983730554","name":"장계농협 하나로마트 계북점","address":"","phone":"063-352-1121","hours":"08:00 ~ 19:00","region":"전북","district":"장수군","facilities":["은행"],"source":"농협경제지주 공식 전국마트찾기","sourceUrl":"https://www.nhhanaro.co.kr/nahh_70005.do?id=nahh001_010100000000"}},{"type":"Feature","geometry":{"type":"Point","coordinates":[127.533342,35.73709]},"properties":{"id":"8808983730530","name":"장계농협 하나로마트 천천점","address":"","phone":"063-353-0631","hours":"08:00 ~ 19:00","region":"전북","district":"장수군","facilities":[],"source":"농협경제지주 공식 전국마트찾기","sourceUrl":"https://www.nhhanaro.co.kr/nahh_70005.do?id=nahh001_010100000000"}},{"type":"Feature","geometry":{"type":"Point","coordinates":[127.544194,35.531613]},"properties":{"id":"8808983730493","name":"장수농협 하나로마트 번암점","address":"","phone":"063-353-2611","hours":"08:00 ~ 20:00","region":"전북","district":"장수군","facilities":["은행"],"source":"농협경제지주 공식 전국마트찾기","sourceUrl":"https://www.nhhanaro.co.kr/nahh_70005.do?id=nahh001_010100000000"}},{"type":"Feature","geometry":{"type":"Point","coordinates":[127.519297,35.649523]},"properties":{"id":"8808983730486","name":"장수농협 하나로마트 북부점","address":"","phone":"063-351-5169","hours":"08:00 ~ 22:00","region":"전북","district":"장수군","facilities":["은행"],"source":"농협경제지주 공식 전국마트찾기","sourceUrl":"https://www.nhhanaro.co.kr/nahh_70005.do?id=nahh001_010100000000"}},{"type":"Feature","geometry":{"type":"Point","coordinates":[127.396598,35.584749]},"properties":{"id":"8808983730479","name":"장수농협 하나로마트 산서점","address":"","phone":"063-351-3932","hours":"08:00 ~ 19:00","region":"전북","district":"장수군","facilities":[],"source":"농협경제지주 공식 전국마트찾기","sourceUrl":"https://www.nhhanaro.co.kr/nahh_70005.do?id=nahh001_010100000000"}},{"type":"Feature","geometry":{"type":"Point","coordinates":[127.0666434,35.8730122]},"properties":{"id":"8808983332789","name":"북전주농협 하나로마트","address":"","phone":"063-214-9555","hours":"09:00 ~ 22:00","region":"전북","district":"전주시","facilities":["주유소","은행"],"source":"농협경제지주 공식 전국마트찾기","sourceUrl":"https://www.nhhanaro.co.kr/nahh_70005.do?id=nahh001_010100000000"}},{"type":"Feature","geometry":{"type":"Point","coordinates":[127.030477,35.87672]},"properties":{"id":"8808983730172","name":"북전주농협 하나로마트 성덕점","address":"","phone":"063-211-3999","hours":"08:00 ~ 18:30","region":"전북","district":"전주시","facilities":["은행"],"source":"농협경제지주 공식 전국마트찾기","sourceUrl":"https://www.nhhanaro.co.kr/nahh_70005.do?id=nahh001_010100000000"}},{"type":"Feature","geometry":{"type":"Point","coordinates":[127.129817,35.787197]},"properties":{"id":"8808983732374","name":"전주농협 하나로마트 신성점","address":"","phone":"063-236-0004","hours":"08:30 ~ 22:00","region":"전북","district":"전주시","facilities":["은행"],"source":"농협경제지주 공식 전국마트찾기","sourceUrl":"https://www.nhhanaro.co.kr/nahh_70005.do?id=nahh001_010100000000"}},{"type":"Feature","geometry":{"type":"Point","coordinates":[127.079687,35.85407]},"properties":{"id":"8808983420042","name":"하나로마트 전주점","address":"","phone":"063-210-4545","hours":"08:00 ~ 22:00","region":"전북","district":"전주시","facilities":[],"source":"농협경제지주 공식 전국마트찾기","sourceUrl":"https://www.nhhanaro.co.kr/nahh_70005.do?id=nahh001_010100000000"}},{"type":"Feature","geometry":{"type":"Point","coordinates":[126.8943317,35.6110254]},"properties":{"id":"8808983731056","name":"샘골농협 하나로마트","address":"","phone":"063-536-0476","hours":"07:00 ~ 21:00","region":"전북","district":"정읍시","facilities":["주유소","은행"],"source":"농협경제지주 공식 전국마트찾기","sourceUrl":"https://www.nhhanaro.co.kr/nahh_70005.do?id=nahh001_010100000000"}},{"type":"Feature","geometry":{"type":"Point","coordinates":[126.884727,35.688527]},"properties":{"id":"8808983731186","name":"신태인농협 하나로마트","address":"","phone":"063-571-6991","hours":"08:00 ~ 21:00","region":"전북","district":"정읍시","facilities":[],"source":"농협경제지주 공식 전국마트찾기","sourceUrl":"https://www.nhhanaro.co.kr/nahh_70005.do?id=nahh001_010100000000"}},{"type":"Feature","geometry":{"type":"Point","coordinates":[126.842807,35.573918]},"properties":{"id":"8808983731049","name":"정읍농협 하나로마트 본점","address":"","phone":"063-530-5600","hours":"09:00 ~ 22:00","region":"전북","district":"정읍시","facilities":["은행"],"source":"농협경제지주 공식 전국마트찾기","sourceUrl":"https://www.nhhanaro.co.kr/nahh_70005.do?id=nahh001_010100000000"}},{"type":"Feature","geometry":{"type":"Point","coordinates":[126.869933,35.559168]},"properties":{"id":"8808983731025","name":"정읍농협 하나로마트 상동점","address":"","phone":"063-531-3789","hours":"09:00 ~ 22:00","region":"전북","district":"정읍시","facilities":["은행"],"source":"농협경제지주 공식 전국마트찾기","sourceUrl":"https://www.nhhanaro.co.kr/nahh_70005.do?id=nahh001_010100000000"}},{"type":"Feature","geometry":{"type":"Point","coordinates":[126.855597,35.58062]},"properties":{"id":"8808983732336","name":"정읍농협 하나로마트 수성점","address":"","phone":"063-537-0460","hours":"09:00 ~ 22:00","region":"전북","district":"정읍시","facilities":["은행"],"source":"농협경제지주 공식 전국마트찾기","sourceUrl":"https://www.nhhanaro.co.kr/nahh_70005.do?id=nahh001_010100000000"}},{"type":"Feature","geometry":{"type":"Point","coordinates":[126.842807,35.573918]},"properties":{"id":"8808983731018","name":"정읍농협 하나로마트 정일점","address":"","phone":"063-535-4452","hours":"09:00 ~ 19:00","region":"전북","district":"정읍시","facilities":["은행"],"source":"농협경제지주 공식 전국마트찾기","sourceUrl":"https://www.nhhanaro.co.kr/nahh_70005.do?id=nahh001_010100000000"}},{"type":"Feature","geometry":{"type":"Point","coordinates":[126.863427,35.553528]},"properties":{"id":"8808983323657","name":"정읍원예농협 하나로마트","address":"","phone":"063-535-4234","hours":"하절기 09:00 ~ 22:00 · 동절기 00:00 ~ 00:00","region":"전북","district":"정읍시","facilities":["은행"],"source":"농협경제지주 공식 전국마트찾기","sourceUrl":"https://www.nhhanaro.co.kr/nahh_70005.do?id=nahh001_010100000000"}},{"type":"Feature","geometry":{"type":"Point","coordinates":[126.8759786,35.5593947]},"properties":{"id":"8808983331966","name":"정읍원예농협 하나로마트 학산로점","address":"","phone":"063-5334-4234","hours":"08:00 ~ 22:00","region":"전북","district":"정읍시","facilities":["은행"],"source":"농협경제지주 공식 전국마트찾기","sourceUrl":"https://www.nhhanaro.co.kr/nahh_70005.do?id=nahh001_010100000000"}},{"type":"Feature","geometry":{"type":"Point","coordinates":[126.992205,35.603859]},"properties":{"id":"8808983731148","name":"칠보농협 하나로마트","address":"","phone":"063-534-3007","hours":"08:00 ~ 18:30","region":"전북","district":"정읍시","facilities":["은행"],"source":"농협경제지주 공식 전국마트찾기","sourceUrl":"https://www.nhhanaro.co.kr/nahh_70005.do?id=nahh001_010100000000"}},{"type":"Feature","geometry":{"type":"Point","coordinates":[127.037297,35.56264]},"properties":{"id":"8808983731131","name":"칠보농협 하나로마트 산내점","address":"","phone":"063-538-4007","hours":"08:00 ~ 18:20","region":"전북","district":"정읍시","facilities":[],"source":"농협경제지주 공식 전국마트찾기","sourceUrl":"https://www.nhhanaro.co.kr/nahh_70005.do?id=nahh001_010100000000"}},{"type":"Feature","geometry":{"type":"Point","coordinates":[127.039736,35.621714]},"properties":{"id":"8808983731155","name":"칠보농협 하나로마트 산외점","address":"","phone":"063-537-5007","hours":"08:30 ~ 18:30","region":"전북","district":"정읍시","facilities":[],"source":"농협경제지주 공식 전국마트찾기","sourceUrl":"https://www.nhhanaro.co.kr/nahh_70005.do?id=nahh001_010100000000"}},{"type":"Feature","geometry":{"type":"Point","coordinates":[126.974279,35.64387]},"properties":{"id":"8808983731179","name":"칠보농협 하나로마트 옹동점","address":"","phone":"063-537-8011","hours":"08:00 ~ 18:30","region":"전북","district":"정읍시","facilities":[],"source":"농협경제지주 공식 전국마트찾기","sourceUrl":"https://www.nhhanaro.co.kr/nahh_70005.do?id=nahh001_010100000000"}},{"type":"Feature","geometry":{"type":"Point","coordinates":[126.942176,35.651722]},"properties":{"id":"8808983731162","name":"태인농협 하나로마트","address":"","phone":"063-534-4185","hours":"08:30 ~ 18:00","region":"전북","district":"정읍시","facilities":["은행"],"source":"농협경제지주 공식 전국마트찾기","sourceUrl":"https://www.nhhanaro.co.kr/nahh_70005.do?id=nahh001_010100000000"}},{"type":"Feature","geometry":{"type":"Point","coordinates":[126.773994,35.617699]},"properties":{"id":"8808983731100","name":"황토현농협 하나로마트","address":"","phone":"063-536-2005","hours":"08:00 ~ 18:30","region":"전북","district":"정읍시","facilities":["은행"],"source":"농협경제지주 공식 전국마트찾기","sourceUrl":"https://www.nhhanaro.co.kr/nahh_70005.do?id=nahh001_010100000000"}},{"type":"Feature","geometry":{"type":"Point","coordinates":[126.776834,35.555826]},"properties":{"id":"8808983731087","name":"황토현농협 하나로마트 소성점","address":"","phone":"063-537-6031","hours":"08:00 ~ 18:30","region":"전북","district":"정읍시","facilities":[],"source":"농협경제지주 공식 전국마트찾기","sourceUrl":"https://www.nhhanaro.co.kr/nahh_70005.do?id=nahh001_010100000000"}},{"type":"Feature","geometry":{"type":"Point","coordinates":[126.784739,35.653842]},"properties":{"id":"8808983731117","name":"황토현농협 하나로마트 영원점","address":"","phone":"063-535-7064","hours":"08:00 ~ 18:00","region":"전북","district":"정읍시","facilities":[],"source":"농협경제지주 공식 전국마트찾기","sourceUrl":"https://www.nhhanaro.co.kr/nahh_70005.do?id=nahh001_010100000000"}},{"type":"Feature","geometry":{"type":"Point","coordinates":[126.793653,35.505837]},"properties":{"id":"8808983731070","name":"황토현농협 하나로마트 입암점","address":"","phone":"063-534-2011","hours":"08:00 ~ 18:00","region":"전북","district":"정읍시","facilities":["은행"],"source":"농협경제지주 공식 전국마트찾기","sourceUrl":"https://www.nhhanaro.co.kr/nahh_70005.do?id=nahh001_010100000000"}},{"type":"Feature","geometry":{"type":"Point","coordinates":[127.425582,35.791713]},"properties":{"id":"8808983300672","name":"무진장축협 하나로마트","address":"","phone":"063-433-3999","hours":"08:00 ~ 20:00","region":"전북","district":"진안군","facilities":["은행"],"source":"농협경제지주 공식 전국마트찾기","sourceUrl":"https://www.nhhanaro.co.kr/nahh_70005.do?id=nahh001_010100000000"}},{"type":"Feature","geometry":{"type":"Point","coordinates":[127.360457,35.835748]},"properties":{"id":"8808983730325","name":"부귀농협 하나로마트 본점","address":"","phone":"063-433-5354","hours":"08:00 ~ 18:30","region":"전북","district":"진안군","facilities":[],"source":"농협경제지주 공식 전국마트찾기","sourceUrl":"https://www.nhhanaro.co.kr/nahh_70005.do?id=nahh001_010100000000"}},{"type":"Feature","geometry":{"type":"Point","coordinates":[127.475498,35.88394]},"properties":{"id":"8808983730370","name":"부귀농협 하나로마트 정천점","address":"","phone":"063-432-5599","hours":"07:30 ~ 19:00","region":"전북","district":"진안군","facilities":[],"source":"농협경제지주 공식 전국마트찾기","sourceUrl":"https://www.nhhanaro.co.kr/nahh_70005.do?id=nahh001_010100000000"}},{"type":"Feature","geometry":{"type":"Point","coordinates":[127.323651,35.707963]},"properties":{"id":"8808983730301","name":"성수농협 하나로마트 본점","address":"","phone":"063-432-9131","hours":"07:50 ~ 18:30","region":"전북","district":"진안군","facilities":["은행"],"source":"농협경제지주 공식 전국마트찾기","sourceUrl":"https://www.nhhanaro.co.kr/nahh_70005.do?id=nahh001_010100000000"}},{"type":"Feature","geometry":{"type":"Point","coordinates":[127.433264,35.794201]},"properties":{"id":"8808983323190","name":"진안농협 하나로마트","address":"","phone":"063-433-1022","hours":"08:30 ~ 22:00","region":"전북","district":"진안군","facilities":[],"source":"농협경제지주 공식 전국마트찾기","sourceUrl":"https://www.nhhanaro.co.kr/nahh_70005.do?id=nahh001_010100000000"}},{"type":"Feature","geometry":{"type":"Point","coordinates":[127.569324,35.838048]},"properties":{"id":"8808983730356","name":"진안농협 하나로마트 동향점","address":"","phone":"063-432-7553","hours":"08:00 ~ 18:00","region":"전북","district":"진안군","facilities":["은행"],"source":"농협경제지주 공식 전국마트찾기","sourceUrl":"https://www.nhhanaro.co.kr/nahh_70005.do?id=nahh001_010100000000"}},{"type":"Feature","geometry":{"type":"Point","coordinates":[127.36998,35.734263]},"properties":{"id":"8808983730318","name":"진안농협 하나로마트 마령점","address":"","phone":"063-432-2555","hours":"08:00 ~ 18:00","region":"전북","district":"진안군","facilities":[],"source":"농협경제지주 공식 전국마트찾기","sourceUrl":"https://www.nhhanaro.co.kr/nahh_70005.do?id=nahh001_010100000000"}},{"type":"Feature","geometry":{"type":"Point","coordinates":[127.555108,35.898186]},"properties":{"id":"8808983730363","name":"진안농협 하나로마트 안천점","address":"","phone":"063-432-3534","hours":"08:00 ~ 18:00","region":"전북","district":"진안군","facilities":[],"source":"농협경제지주 공식 전국마트찾기","sourceUrl":"https://www.nhhanaro.co.kr/nahh_70005.do?id=nahh001_010100000000"}},{"type":"Feature","geometry":{"type":"Point","coordinates":[127.425411,35.974887]},"properties":{"id":"8808983730349","name":"진안농협 하나로마트 주천점","address":"","phone":"063-432-6577","hours":"08:00 ~ 18:00","region":"전북","district":"진안군","facilities":["은행"],"source":"농협경제지주 공식 전국마트찾기","sourceUrl":"https://www.nhhanaro.co.kr/nahh_70005.do?id=nahh001_010100000000"}},{"type":"Feature","geometry":{"type":"Point","coordinates":[127.396457,35.690206]},"properties":{"id":"8808983730295","name":"진안백운농협 하나로마트 본점","address":"","phone":"063-433-9799","hours":"07:20 ~ 18:30","region":"전북","district":"진안군","facilities":[],"source":"농협경제지주 공식 전국마트찾기","sourceUrl":"https://www.nhhanaro.co.kr/nahh_70005.do?id=nahh001_010100000000"}},{"type":"Feature","geometry":{"type":"Point","coordinates":[126.201231,33.271344]},"properties":{"id":"8808983740263","name":"대정농협 하나로마트 무릉점","address":"","phone":"064-792-2009","hours":"07:30 ~ 20:00","region":"제주","district":"서귀포시","facilities":[],"source":"농협경제지주 공식 전국마트찾기","sourceUrl":"https://www.nhhanaro.co.kr/nahh_70005.do?id=nahh001_010100000000"}},{"type":"Feature","geometry":{"type":"Point","coordinates":[126.2640779,33.2339854]},"properties":{"id":"8808983330495","name":"대정농협 하나로마트 본점","address":"","phone":"064-794-8507","hours":"08:30 ~ 21:30","region":"제주","district":"서귀포시","facilities":["은행"],"source":"농협경제지주 공식 전국마트찾기","sourceUrl":"https://www.nhhanaro.co.kr/nahh_70005.do?id=nahh001_010100000000"}},{"type":"Feature","geometry":{"type":"Point","coordinates":[126.512343,33.237616]},"properties":{"id":"8808983740348","name":"서귀포농협 하나로마트 법환점","address":"","phone":"064-731-1897","hours":"하절기 08:30 ~ 17:30 · 동절기 08:30 ~ 17:00","region":"제주","district":"서귀포시","facilities":["은행"],"source":"농협경제지주 공식 전국마트찾기","sourceUrl":"https://www.nhhanaro.co.kr/nahh_70005.do?id=nahh001_010100000000"}},{"type":"Feature","geometry":{"type":"Point","coordinates":[126.559252,33.247969]},"properties":{"id":"8808983740393","name":"서귀포농협 하나로마트 천지간이점","address":"","phone":"064-732-8918","hours":"08:30 ~ 22:00","region":"제주","district":"서귀포시","facilities":["은행"],"source":"농협경제지주 공식 전국마트찾기","sourceUrl":"https://www.nhhanaro.co.kr/nahh_70005.do?id=nahh001_010100000000"}},{"type":"Feature","geometry":{"type":"Point","coordinates":[126.589466,33.271478]},"properties":{"id":"8808983740331","name":"서귀포농협 하나로마트 토평점","address":"","phone":"064-733-1648","hours":"08:00 ~ 18:00","region":"제주","district":"서귀포시","facilities":[],"source":"농협경제지주 공식 전국마트찾기","sourceUrl":"https://www.nhhanaro.co.kr/nahh_70005.do?id=nahh001_010100000000"}},{"type":"Feature","geometry":{"type":"Point","coordinates":[126.5885177,33.2572426]},"properties":{"id":"8808983330990","name":"서귀포시축산농협 하나로마트 신시가지점","address":"","phone":"064-738-5434","hours":"하절기 10:00 ~ 22:00 · 동절기 00:00 ~ 00:00","region":"제주","district":"서귀포시","facilities":["은행"],"source":"농협경제지주 공식 전국마트찾기","sourceUrl":"https://www.nhhanaro.co.kr/nahh_70005.do?id=nahh001_010100000000"}},{"type":"Feature","geometry":{"type":"Point","coordinates":[126.9117492,33.4462591]},"properties":{"id":"8808983740508","name":"성산일출봉농협 하나로마트","address":"","phone":"064-780-3151","hours":"하절기 07:30 ~ 22:00 · 동절기 00:00 ~ 00:00","region":"제주","district":"서귀포시","facilities":["은행"],"source":"농협경제지주 공식 전국마트찾기","sourceUrl":"https://www.nhhanaro.co.kr/nahh_70005.do?id=nahh001_010100000000"}},{"type":"Feature","geometry":{"type":"Point","coordinates":[126.933832,33.464109]},"properties":{"id":"8808983740515","name":"성산일출봉농협 하나로마트 성산포점","address":"","phone":"064-784-1250","hours":"08:20 ~ 19:00","region":"제주","district":"서귀포시","facilities":["은행"],"source":"농협경제지주 공식 전국마트찾기","sourceUrl":"https://www.nhhanaro.co.kr/nahh_70005.do?id=nahh001_010100000000"}},{"type":"Feature","geometry":{"type":"Point","coordinates":[126.2918312,33.2308903]},"properties":{"id":"8808983740294","name":"안덕농협 하나로마트 사계점","address":"","phone":"064-794-0927","hours":"08:30 ~ 19:00","region":"제주","district":"서귀포시","facilities":["은행"],"source":"농협경제지주 공식 전국마트찾기","sourceUrl":"https://www.nhhanaro.co.kr/nahh_70005.do?id=nahh001_010100000000"}},{"type":"Feature","geometry":{"type":"Point","coordinates":[126.370665,33.266188]},"properties":{"id":"8808983740300","name":"안덕농협 하나로마트 창천점","address":"","phone":"064-794-0928","hours":"08:00 ~ 17:30","region":"제주","district":"서귀포시","facilities":["은행"],"source":"농협경제지주 공식 전국마트찾기","sourceUrl":"https://www.nhhanaro.co.kr/nahh_70005.do?id=nahh001_010100000000"}},{"type":"Feature","geometry":{"type":"Point","coordinates":[126.630299,33.289796]},"properties":{"id":"8808983740416","name":"위미농협 하나로마트 신례점","address":"","phone":"064-767-0810","hours":"08:20 ~ 05:30","region":"제주","district":"서귀포시","facilities":["은행"],"source":"농협경제지주 공식 전국마트찾기","sourceUrl":"https://www.nhhanaro.co.kr/nahh_70005.do?id=nahh001_010100000000"}},{"type":"Feature","geometry":{"type":"Point","coordinates":[126.609499,33.297535]},"properties":{"id":"8808983740614","name":"위미농협 하나로마트 하례2리점","address":"","phone":"064-733-2783","hours":"08:10 ~ 18:00","region":"제주","district":"서귀포시","facilities":["은행"],"source":"농협경제지주 공식 전국마트찾기","sourceUrl":"https://www.nhhanaro.co.kr/nahh_70005.do?id=nahh001_010100000000"}},{"type":"Feature","geometry":{"type":"Point","coordinates":[126.626258,33.268843]},"properties":{"id":"8808983740423","name":"위미농협 하나로마트 하례점","address":"","phone":"064-767-0636","hours":"08:00 ~ 17:30","region":"제주","district":"서귀포시","facilities":["은행"],"source":"농협경제지주 공식 전국마트찾기","sourceUrl":"https://www.nhhanaro.co.kr/nahh_70005.do?id=nahh001_010100000000"}},{"type":"Feature","geometry":{"type":"Point","coordinates":[126.907714,33.44941]},"properties":{"id":"8808983324654","name":"제주감귤농협 일출봉관광체험타운","address":"","phone":"064-782-1727","hours":"09:00 ~ 22:00","region":"제주","district":"서귀포시","facilities":[],"source":"농협경제지주 공식 전국마트찾기","sourceUrl":"https://www.nhhanaro.co.kr/nahh_70005.do?id=nahh001_010100000000"}},{"type":"Feature","geometry":{"type":"Point","coordinates":[126.721653,33.284322]},"properties":{"id":"8808983740454","name":"제주남원농협 하나로마트","address":"","phone":"064-764-8400","hours":"08:00 ~ 21:00","region":"제주","district":"서귀포시","facilities":["주유소","은행"],"source":"농협경제지주 공식 전국마트찾기","sourceUrl":"https://www.nhhanaro.co.kr/nahh_70005.do?id=nahh001_010100000000"}},{"type":"Feature","geometry":{"type":"Point","coordinates":[126.333443,33.246591]},"properties":{"id":"8808983300122","name":"제주안덕농협 하나로마트","address":"","phone":"064-794-0925","hours":"07:30 ~ 22:00","region":"제주","district":"서귀포시","facilities":[],"source":"농협경제지주 공식 전국마트찾기","sourceUrl":"https://www.nhhanaro.co.kr/nahh_70005.do?id=nahh001_010100000000"}},{"type":"Feature","geometry":{"type":"Point","coordinates":[126.6464692,33.2712259]},"properties":{"id":"8808983740430","name":"제주위미농협 하나로마트","address":"","phone":"064-764-5435","hours":"08:00 ~ 21:00","region":"제주","district":"서귀포시","facilities":[],"source":"농협경제지주 공식 전국마트찾기","sourceUrl":"https://www.nhhanaro.co.kr/nahh_70005.do?id=nahh001_010100000000"}},{"type":"Feature","geometry":{"type":"Point","coordinates":[126.430633,33.250785]},"properties":{"id":"8808983740607","name":"중문농협 하나로마트 본점","address":"","phone":"064-738-9883","hours":"하절기 08:30 ~ 22:00 · 동절기 08:30 ~ 21:00","region":"제주","district":"서귀포시","facilities":["은행"],"source":"농협경제지주 공식 전국마트찾기","sourceUrl":"https://www.nhhanaro.co.kr/nahh_70005.do?id=nahh001_010100000000"}},{"type":"Feature","geometry":{"type":"Point","coordinates":[126.831989,33.325323]},"properties":{"id":"8808983740478","name":"표선농협 하나로마트","address":"","phone":"064-786-1060","hours":"08:00 ~ 22:00","region":"제주","district":"서귀포시","facilities":[],"source":"농협경제지주 공식 전국마트찾기","sourceUrl":"https://www.nhhanaro.co.kr/nahh_70005.do?id=nahh001_010100000000"}},{"type":"Feature","geometry":{"type":"Point","coordinates":[126.771553,33.352186]},"properties":{"id":"8808983740485","name":"표선농협 하나로마트 가시점","address":"","phone":"064-787-0400","hours":"08:00 ~ 18:00","region":"제주","district":"서귀포시","facilities":["은행"],"source":"농협경제지주 공식 전국마트찾기","sourceUrl":"https://www.nhhanaro.co.kr/nahh_70005.do?id=nahh001_010100000000"}},{"type":"Feature","geometry":{"type":"Point","coordinates":[126.800733,33.390511]},"properties":{"id":"8808983740492","name":"표선농협 하나로마트 성읍점","address":"","phone":"064-787-0115","hours":"08:00 ~ 19:00","region":"제주","district":"서귀포시","facilities":["은행"],"source":"농협경제지주 공식 전국마트찾기","sourceUrl":"https://www.nhhanaro.co.kr/nahh_70005.do?id=nahh001_010100000000"}},{"type":"Feature","geometry":{"type":"Point","coordinates":[126.617259,33.260962]},"properties":{"id":"8808983740409","name":"효돈농협 하나로마트","address":"","phone":"064-767-0394","hours":"하절기 07:30 ~ 20:00 · 동절기 00:00 ~ 00:00","region":"제주","district":"서귀포시","facilities":[],"source":"농협경제지주 공식 전국마트찾기","sourceUrl":"https://www.nhhanaro.co.kr/nahh_70005.do?id=nahh001_010100000000"}},{"type":"Feature","geometry":{"type":"Point","coordinates":[126.946665,33.506856]},"properties":{"id":"8808983740195","name":"구좌농협 하나로마트 우도점","address":"","phone":"064-783-0008","hours":"07:30 ~ 22:00","region":"제주","district":"제주시","facilities":["은행"],"source":"농협경제지주 공식 전국마트찾기","sourceUrl":"https://www.nhhanaro.co.kr/nahh_70005.do?id=nahh001_010100000000"}},{"type":"Feature","geometry":{"type":"Point","coordinates":[126.853363,33.524827]},"properties":{"id":"8808983740201","name":"구좌농협 하나로마트 중부점","address":"","phone":"064-784-3326","hours":"08:00 ~ 22:00","region":"제주","district":"제주시","facilities":["은행"],"source":"농협경제지주 공식 전국마트찾기","sourceUrl":"https://www.nhhanaro.co.kr/nahh_70005.do?id=nahh001_010100000000"}},{"type":"Feature","geometry":{"type":"Point","coordinates":[126.749398,33.55461]},"properties":{"id":"8808983740171","name":"김녕농협 하나로마트","address":"","phone":"064-783-5660","hours":"07:00 ~ 22:00","region":"제주","district":"제주시","facilities":["은행"],"source":"농협경제지주 공식 전국마트찾기","sourceUrl":"https://www.nhhanaro.co.kr/nahh_70005.do?id=nahh001_010100000000"}},{"type":"Feature","geometry":{"type":"Point","coordinates":[126.321772,33.460255]},"properties":{"id":"8808983740225","name":"애월농협 하나로마트","address":"","phone":"064-799-0084","hours":"08:00 ~ 22:00","region":"제주","district":"제주시","facilities":[],"source":"농협경제지주 공식 전국마트찾기","sourceUrl":"https://www.nhhanaro.co.kr/nahh_70005.do?id=nahh001_010100000000"}},{"type":"Feature","geometry":{"type":"Point","coordinates":[126.312263,33.419187]},"properties":{"id":"8808983740218","name":"애월농협 하나로마트 봉성점","address":"","phone":"064-799-1784","hours":"08:10 ~ 17:30","region":"제주","district":"제주시","facilities":["은행"],"source":"농협경제지주 공식 전국마트찾기","sourceUrl":"https://www.nhhanaro.co.kr/nahh_70005.do?id=nahh001_010100000000"}},{"type":"Feature","geometry":{"type":"Point","coordinates":[126.179237,33.300468]},"properties":{"id":"8808983740164","name":"제주고산농협 하나로마트","address":"","phone":"064-773-2014","hours":"07:00 ~ 21:00","region":"제주","district":"제주시","facilities":[],"source":"농협경제지주 공식 전국마트찾기","sourceUrl":"https://www.nhhanaro.co.kr/nahh_70005.do?id=nahh001_010100000000"}},{"type":"Feature","geometry":{"type":"Point","coordinates":[126.552494,33.5042391]},"properties":{"id":"8808983301082","name":"제주시농협 식재료전문매장","address":"","phone":"064-729-1624","hours":"08:00 ~ 21:00","region":"제주","district":"제주시","facilities":["은행"],"source":"농협경제지주 공식 전국마트찾기","sourceUrl":"https://www.nhhanaro.co.kr/nahh_70005.do?id=nahh001_010100000000"}},{"type":"Feature","geometry":{"type":"Point","coordinates":[126.504749,33.493746]},"properties":{"id":"8808983740065","name":"제주시농협 하나로마트 오라점","address":"","phone":"064-747-6260","hours":"08:30 ~ 22:00","region":"제주","district":"제주시","facilities":[],"source":"농협경제지주 공식 전국마트찾기","sourceUrl":"https://www.nhhanaro.co.kr/nahh_70005.do?id=nahh001_010100000000"}},{"type":"Feature","geometry":{"type":"Point","coordinates":[126.553144,33.503742]},"properties":{"id":"8808983740072","name":"제주시농협 하나로마트 제주점","address":"","phone":"064-729-1551","hours":"08:30 ~ 22:00","region":"제주","district":"제주시","facilities":["식자재"],"source":"농협경제지주 공식 전국마트찾기","sourceUrl":"https://www.nhhanaro.co.kr/nahh_70005.do?id=nahh001_010100000000"}},{"type":"Feature","geometry":{"type":"Point","coordinates":[126.4677,33.487704]},"properties":{"id":"8808983324807","name":"제주시농협 하나로유통센터","address":"","phone":"064-750-6500","hours":"08:00 ~ 23:00","region":"제주","district":"제주시","facilities":[],"source":"농협경제지주 공식 전국마트찾기","sourceUrl":"https://www.nhhanaro.co.kr/nahh_70005.do?id=nahh001_010100000000"}},{"type":"Feature","geometry":{"type":"Point","coordinates":[126.477066,33.488423]},"properties":{"id":"8808983335124","name":"제주양돈축산업협동조합 하나로마트(본점)","address":"","phone":"064-729-7990","hours":"09:00 ~ 22:00","region":"제주","district":"제주시","facilities":["은행"],"source":"농협경제지주 공식 전국마트찾기","sourceUrl":"https://www.nhhanaro.co.kr/nahh_70005.do?id=nahh001_010100000000"}},{"type":"Feature","geometry":{"type":"Point","coordinates":[126.542688,33.486147]},"properties":{"id":"8808983747101","name":"제주축산농협 하나로마트 아라점","address":"","phone":"064-726-7021","hours":"하절기 08:00 ~ 22:00 · 동절기 00:00 ~ 00:00","region":"제주","district":"제주시","facilities":["은행"],"source":"농협경제지주 공식 전국마트찾기","sourceUrl":"https://www.nhhanaro.co.kr/nahh_70005.do?id=nahh001_010100000000"}},{"type":"Feature","geometry":{"type":"Point","coordinates":[126.581002,33.515244]},"properties":{"id":"8808983323107","name":"제주축산농협하나로마트 삼화점","address":"","phone":"064-758-5203","hours":"09:00 ~ 22:00","region":"제주","district":"제주시","facilities":["은행"],"source":"농협경제지주 공식 전국마트찾기","sourceUrl":"https://www.nhhanaro.co.kr/nahh_70005.do?id=nahh001_010100000000"}},{"type":"Feature","geometry":{"type":"Point","coordinates":[126.477706,33.482796]},"properties":{"id":"8808983324739","name":"제주축협 하나로마트 노형점","address":"","phone":"064-747-2666","hours":"08:00 ~ 22:00","region":"제주","district":"제주시","facilities":["은행"],"source":"농협경제지주 공식 전국마트찾기","sourceUrl":"https://www.nhhanaro.co.kr/nahh_70005.do?id=nahh001_010100000000"}},{"type":"Feature","geometry":{"type":"Point","coordinates":[126.263891,33.409684]},"properties":{"id":"8808983740126","name":"제주한림농협 하나로마트","address":"","phone":"064-795-2001","hours":"08:00 ~ 22:00","region":"제주","district":"제주시","facilities":[],"source":"농협경제지주 공식 전국마트찾기","sourceUrl":"https://www.nhhanaro.co.kr/nahh_70005.do?id=nahh001_010100000000"}},{"type":"Feature","geometry":{"type":"Point","coordinates":[126.6443,33.5281]},"properties":{"id":"8808983334134","name":"조천농협 로컬푸드하나로마트","address":"","phone":"064-784-5192","hours":"08:00 ~ 22:00","region":"제주","district":"제주시","facilities":[],"source":"농협경제지주 공식 전국마트찾기","sourceUrl":"https://www.nhhanaro.co.kr/nahh_70005.do?id=nahh001_010100000000"}},{"type":"Feature","geometry":{"type":"Point","coordinates":[126.638598,33.536437]},"properties":{"id":"8808983740089","name":"조천농협 하나로마트","address":"","phone":"064-780-2288","hours":"07:00 ~ 22:00","region":"제주","district":"제주시","facilities":[],"source":"농협경제지주 공식 전국마트찾기","sourceUrl":"https://www.nhhanaro.co.kr/nahh_70005.do?id=nahh001_010100000000"}},{"type":"Feature","geometry":{"type":"Point","coordinates":[126.619065,33.535933]},"properties":{"id":"8808983740096","name":"조천농협 하나로마트 신촌점","address":"","phone":"064-783-6285","hours":"07:30 ~ 19:30","region":"제주","district":"제주시","facilities":[],"source":"농협경제지주 공식 전국마트찾기","sourceUrl":"https://www.nhhanaro.co.kr/nahh_70005.do?id=nahh001_010100000000"}},{"type":"Feature","geometry":{"type":"Point","coordinates":[126.412208,33.485004]},"properties":{"id":"8808983740669","name":"하귀농협 하나로마트","address":"","phone":"064-720-1830","hours":"08:00 ~ 22:00","region":"제주","district":"제주시","facilities":["주유소","은행","식자재"],"source":"농협경제지주 공식 전국마트찾기","sourceUrl":"https://www.nhhanaro.co.kr/nahh_70005.do?id=nahh001_010100000000"}},{"type":"Feature","geometry":{"type":"Point","coordinates":[126.190178,33.346624]},"properties":{"id":"8808983740157","name":"한경농협 하나로마트","address":"","phone":"064-773-1337","hours":"07:00 ~ 22:00","region":"제주","district":"제주시","facilities":[],"source":"농협경제지주 공식 전국마트찾기","sourceUrl":"https://www.nhhanaro.co.kr/nahh_70005.do?id=nahh001_010100000000"}},{"type":"Feature","geometry":{"type":"Point","coordinates":[126.674455,33.536718]},"properties":{"id":"8808983740102","name":"함덕농협 하나로마트","address":"","phone":"064-780-8900","hours":"07:00 ~ 22:00","region":"제주","district":"제주시","facilities":[],"source":"농협경제지주 공식 전국마트찾기","sourceUrl":"https://www.nhhanaro.co.kr/nahh_70005.do?id=nahh001_010100000000"}},{"type":"Feature","geometry":{"type":"Point","coordinates":[126.664613,33.541724]},"properties":{"id":"8808983307725","name":"함덕농협 하나로마트 중앙점","address":"","phone":"064-784-9950","hours":"07:00 ~ 22:00","region":"제주","district":"제주시","facilities":["은행"],"source":"농협경제지주 공식 전국마트찾기","sourceUrl":"https://www.nhhanaro.co.kr/nahh_70005.do?id=nahh001_010100000000"}},{"type":"Feature","geometry":{"type":"Point","coordinates":[127.2590423,36.2666875]},"properties":{"id":"8808083333052","name":"논산계룡농협 계룡하나로마트 로컬푸드센터","address":"","phone":"042-841-8000","hours":"09:00 ~ 20:00","region":"충남","district":"계룡시","facilities":["은행"],"source":"농협경제지주 공식 전국마트찾기","sourceUrl":"https://www.nhhanaro.co.kr/nahh_70005.do?id=nahh001_010100000000"}},{"type":"Feature","geometry":{"type":"Point","coordinates":[127.238893,36.282506]},"properties":{"id":"8808983324289","name":"논산계룡축협 하나로마트 계룡점","address":"","phone":"042-841-5005","hours":"09:00 ~ 22:00","region":"충남","district":"계룡시","facilities":[],"source":"농협경제지주 공식 전국마트찾기","sourceUrl":"https://www.nhhanaro.co.kr/nahh_70005.do?id=nahh001_010100000000"}},{"type":"Feature","geometry":{"type":"Point","coordinates":[127.142757,36.360317]},"properties":{"id":"8808983750316","name":"계룡농협 하나로마트","address":"","phone":"041-857-5005","hours":"08:00 ~ 19:00","region":"충남","district":"공주시","facilities":[],"source":"농협경제지주 공식 전국마트찾기","sourceUrl":"https://www.nhhanaro.co.kr/nahh_70005.do?id=nahh001_010100000000"}},{"type":"Feature","geometry":{"type":"Point","coordinates":[127.138695,36.473968]},"properties":{"id":"8808983757032","name":"공주농협 파머스마켓","address":"","phone":"041-854-1023","hours":"09:00 ~ 22:00","region":"충남","district":"공주시","facilities":["은행"],"source":"농협경제지주 공식 전국마트찾기","sourceUrl":"https://www.nhhanaro.co.kr/nahh_70005.do?id=nahh001_010100000000"}},{"type":"Feature","geometry":{"type":"Point","coordinates":[127.13389,36.456513]},"properties":{"id":"8808983750477","name":"공주농협 하나로마트 옥룡점","address":"","phone":"041-856-1017","hours":"08:00 ~ 22:00","region":"충남","district":"공주시","facilities":[],"source":"농협경제지주 공식 전국마트찾기","sourceUrl":"https://www.nhhanaro.co.kr/nahh_70005.do?id=nahh001_010100000000"}},{"type":"Feature","geometry":{"type":"Point","coordinates":[127.250115,36.397368]},"properties":{"id":"8808983750408","name":"반포농협 하나로마트","address":"","phone":"041-857-7006","hours":"08:30 ~ 20:00","region":"충남","district":"공주시","facilities":[],"source":"농협경제지주 공식 전국마트찾기","sourceUrl":"https://www.nhhanaro.co.kr/nahh_70005.do?id=nahh001_010100000000"}},{"type":"Feature","geometry":{"type":"Point","coordinates":[127.025696,36.502991]},"properties":{"id":"8808983750422","name":"사곡농협 하나로마트","address":"","phone":"041-841-0624","hours":"08:00 ~ 20:00","region":"충남","district":"공주시","facilities":[],"source":"농협경제지주 공식 전국마트찾기","sourceUrl":"https://www.nhhanaro.co.kr/nahh_70005.do?id=nahh001_010100000000"}},{"type":"Feature","geometry":{"type":"Point","coordinates":[127.019177,36.556045]},"properties":{"id":"8808983305868","name":"사곡농협 하나로마트 마곡점","address":"","phone":"041-841-8075","hours":"08:00 ~ 18:00","region":"충남","district":"공주시","facilities":["은행"],"source":"농협경제지주 공식 전국마트찾기","sourceUrl":"https://www.nhhanaro.co.kr/nahh_70005.do?id=nahh001_010100000000"}},{"type":"Feature","geometry":{"type":"Point","coordinates":[127.133557,36.471425]},"properties":{"id":"8808983757148","name":"세종공주축협 축산물전문판매장","address":"","phone":"041-857-4998","hours":"08:00 ~ 20:00","region":"충남","district":"공주시","facilities":[],"source":"농협경제지주 공식 전국마트찾기","sourceUrl":"https://www.nhhanaro.co.kr/nahh_70005.do?id=nahh001_010100000000"}},{"type":"Feature","geometry":{"type":"Point","coordinates":[127.20671,36.497736]},"properties":{"id":"8808983750323","name":"세종서부농협 하나로마트","address":"","phone":"044-857-3363","hours":"08:00 ~ 20:00","region":"충남","district":"공주시","facilities":["은행"],"source":"농협경제지주 공식 전국마트찾기","sourceUrl":"https://www.nhhanaro.co.kr/nahh_70005.do?id=nahh001_010100000000"}},{"type":"Feature","geometry":{"type":"Point","coordinates":[126.957137,36.515272]},"properties":{"id":"8808983750392","name":"신풍농협 하나로마트","address":"","phone":"041-841-2206","hours":"08:00 ~ 19:00","region":"충남","district":"공주시","facilities":[],"source":"농협경제지주 공식 전국마트찾기","sourceUrl":"https://www.nhhanaro.co.kr/nahh_70005.do?id=nahh001_010100000000"}},{"type":"Feature","geometry":{"type":"Point","coordinates":[127.088301,36.475991]},"properties":{"id":"8808983750439","name":"우성농협 하나로마트","address":"","phone":"041-857-6009","hours":"08:30 ~ 21:00","region":"충남","district":"공주시","facilities":[],"source":"농협경제지주 공식 전국마트찾기","sourceUrl":"https://www.nhhanaro.co.kr/nahh_70005.do?id=nahh001_010100000000"}},{"type":"Feature","geometry":{"type":"Point","coordinates":[126.95082,36.553165]},"properties":{"id":"8808983750347","name":"유구농협 하나로마트","address":"","phone":"041-841-2501","hours":"08:00 ~ 21:00","region":"충남","district":"공주시","facilities":[],"source":"농협경제지주 공식 전국마트찾기","sourceUrl":"https://www.nhhanaro.co.kr/nahh_70005.do?id=nahh001_010100000000"}},{"type":"Feature","geometry":{"type":"Point","coordinates":[127.140346,36.499259]},"properties":{"id":"8808983750385","name":"의당농협 하나로마트","address":"","phone":"041-855-0679","hours":"08:30 ~ 21:00","region":"충남","district":"공주시","facilities":[],"source":"농협경제지주 공식 전국마트찾기","sourceUrl":"https://www.nhhanaro.co.kr/nahh_70005.do?id=nahh001_010100000000"}},{"type":"Feature","geometry":{"type":"Point","coordinates":[127.190043,36.538647]},"properties":{"id":"8808983750354","name":"의당농협 하나로마트 의랑점","address":"","phone":"044-852-0064","hours":"07:30 ~ 18:30","region":"충남","district":"공주시","facilities":[],"source":"농협경제지주 공식 전국마트찾기","sourceUrl":"https://www.nhhanaro.co.kr/nahh_70005.do?id=nahh001_010100000000"}},{"type":"Feature","geometry":{"type":"Point","coordinates":[127.062936,36.361863]},"properties":{"id":"8808983750446","name":"이인농협 하나로마트","address":"","phone":"041-857-6092","hours":"하절기 08:00 ~ 07:00 · 동절기 00:00 ~ 00:00","region":"충남","district":"공주시","facilities":[],"source":"농협경제지주 공식 전국마트찾기","sourceUrl":"https://www.nhhanaro.co.kr/nahh_70005.do?id=nahh001_010100000000"}},{"type":"Feature","geometry":{"type":"Point","coordinates":[127.121451,36.6095]},"properties":{"id":"8808983750361","name":"정안농협 하나로마트","address":"","phone":"041-858-6034","hours":"08:00 ~ 20:00","region":"충남","district":"공주시","facilities":[],"source":"농협경제지주 공식 전국마트찾기","sourceUrl":"https://www.nhhanaro.co.kr/nahh_70005.do?id=nahh001_010100000000"}},{"type":"Feature","geometry":{"type":"Point","coordinates":[127.12205,36.534876]},"properties":{"id":"8808983750378","name":"정안농협 하나로마트 모란점","address":"","phone":"041-853-6399","hours":"08:00 ~ 19:00","region":"충남","district":"공주시","facilities":["은행"],"source":"농협경제지주 공식 전국마트찾기","sourceUrl":"https://www.nhhanaro.co.kr/nahh_70005.do?id=nahh001_010100000000"}},{"type":"Feature","geometry":{"type":"Point","coordinates":[127.0276266,36.3307964]},"properties":{"id":"8808983750330","name":"탄천농협 하나로마트","address":"","phone":"041-853-5153","hours":"하절기 08:10 ~ 19:00 · 동절기 00:00 ~ 00:00","region":"충남","district":"공주시","facilities":["주유소","은행"],"source":"농협경제지주 공식 전국마트찾기","sourceUrl":"https://www.nhhanaro.co.kr/nahh_70005.do?id=nahh001_010100000000"}},{"type":"Feature","geometry":{"type":"Point","coordinates":[127.489532,36.100664]},"properties":{"id":"8808983750019","name":"금산농협 하나로마트","address":"","phone":"041-750-9251","hours":"08:30 ~ 19:00","region":"충남","district":"금산군","facilities":[],"source":"농협경제지주 공식 전국마트찾기","sourceUrl":"https://www.nhhanaro.co.kr/nahh_70005.do?id=nahh001_010100000000"}},{"type":"Feature","geometry":{"type":"Point","coordinates":[127.464833,36.130082]},"properties":{"id":"8808983750040","name":"금산농협 하나로마트 금성점","address":"","phone":"041-752-3421","hours":"08:00 ~ 18:00","region":"충남","district":"금산군","facilities":[],"source":"농협경제지주 공식 전국마트찾기","sourceUrl":"https://www.nhhanaro.co.kr/nahh_70005.do?id=nahh001_010100000000"}},{"type":"Feature","geometry":{"type":"Point","coordinates":[127.43635,36.047178]},"properties":{"id":"8808983750118","name":"금산농협 하나로마트 남이점","address":"","phone":"041-753-1026","hours":"08:30 ~ 18:00","region":"충남","district":"금산군","facilities":["은행"],"source":"농협경제지주 공식 전국마트찾기","sourceUrl":"https://www.nhhanaro.co.kr/nahh_70005.do?id=nahh001_010100000000"}},{"type":"Feature","geometry":{"type":"Point","coordinates":[127.503883,36.043835]},"properties":{"id":"8808983750101","name":"금산농협 하나로마트 남일점","address":"","phone":"041-753-5051","hours":"08:00 ~ 18:00","region":"충남","district":"금산군","facilities":["은행"],"source":"농협경제지주 공식 전국마트찾기","sourceUrl":"https://www.nhhanaro.co.kr/nahh_70005.do?id=nahh001_010100000000"}},{"type":"Feature","geometry":{"type":"Point","coordinates":[127.486914,36.110441]},"properties":{"id":"8808983307985","name":"금산농협 하나로마트 비호점","address":"","phone":"041-751-9340","hours":"08:30 ~ 22:00","region":"충남","district":"금산군","facilities":[],"source":"농협경제지주 공식 전국마트찾기","sourceUrl":"https://www.nhhanaro.co.kr/nahh_70005.do?id=nahh001_010100000000"}},{"type":"Feature","geometry":{"type":"Point","coordinates":[127.54661,36.113368]},"properties":{"id":"8808983750071","name":"금산농협 하나로마트 제원점","address":"","phone":"041-752-7501","hours":"08:20 ~ 18:00","region":"충남","district":"금산군","facilities":[],"source":"농협경제지주 공식 전국마트찾기","sourceUrl":"https://www.nhhanaro.co.kr/nahh_70005.do?id=nahh001_010100000000"}},{"type":"Feature","geometry":{"type":"Point","coordinates":[127.481356,36.160096]},"properties":{"id":"8808983757018","name":"금산농협 하나로마트 하신점","address":"","phone":"041-752-3420","hours":"08:00 ~ 18:00","region":"충남","district":"금산군","facilities":["은행"],"source":"농협경제지주 공식 전국마트찾기","sourceUrl":"https://www.nhhanaro.co.kr/nahh_70005.do?id=nahh001_010100000000"}},{"type":"Feature","geometry":{"type":"Point","coordinates":[127.505576,36.083697]},"properties":{"id":"8808983750095","name":"금산농협 하나로마트 황풍점","address":"","phone":"041-753-5054","hours":"08:10 ~ 18:00","region":"충남","district":"금산군","facilities":["은행"],"source":"농협경제지주 공식 전국마트찾기","sourceUrl":"https://www.nhhanaro.co.kr/nahh_70005.do?id=nahh001_010100000000"}},{"type":"Feature","geometry":{"type":"Point","coordinates":[127.487864,36.104442]},"properties":{"id":"8808983757100","name":"금산축협 하나로마트 본점","address":"","phone":"041-753-9057","hours":"08:30 ~ 19:00","region":"충남","district":"금산군","facilities":[],"source":"농협경제지주 공식 전국마트찾기","sourceUrl":"https://www.nhhanaro.co.kr/nahh_70005.do?id=nahh001_010100000000"}},{"type":"Feature","geometry":{"type":"Point","coordinates":[127.497031,36.211697]},"properties":{"id":"8808983750132","name":"만인산농협 하나로마트","address":"","phone":"041-752-5061","hours":"07:30 ~ 19:00","region":"충남","district":"금산군","facilities":[],"source":"농협경제지주 공식 전국마트찾기","sourceUrl":"https://www.nhhanaro.co.kr/nahh_70005.do?id=nahh001_010100000000"}},{"type":"Feature","geometry":{"type":"Point","coordinates":[127.525755,36.169779]},"properties":{"id":"8808983750057","name":"만인산농협 하나로마트 군북점","address":"","phone":"041-753-2015","hours":"08:00 ~ 18:00","region":"충남","district":"금산군","facilities":[],"source":"농협경제지주 공식 전국마트찾기","sourceUrl":"https://www.nhhanaro.co.kr/nahh_70005.do?id=nahh001_010100000000"}},{"type":"Feature","geometry":{"type":"Point","coordinates":[127.498063,36.128415]},"properties":{"id":"8808983750064","name":"만인산농협 하나로마트 내부점","address":"","phone":"","hours":"08:00 ~ 18:00","region":"충남","district":"금산군","facilities":["은행"],"source":"농협경제지주 공식 전국마트찾기","sourceUrl":"https://www.nhhanaro.co.kr/nahh_70005.do?id=nahh001_010100000000"}},{"type":"Feature","geometry":{"type":"Point","coordinates":[127.398678,36.164432]},"properties":{"id":"8808983750156","name":"만인산농협 하나로마트 복수점","address":"","phone":"041-752-8325","hours":"07:30 ~ 19:00","region":"충남","district":"금산군","facilities":[],"source":"농협경제지주 공식 전국마트찾기","sourceUrl":"https://www.nhhanaro.co.kr/nahh_70005.do?id=nahh001_010100000000"}},{"type":"Feature","geometry":{"type":"Point","coordinates":[127.505405,36.227721]},"properties":{"id":"8808983750125","name":"만인산농협 하나로마트 신평점","address":"","phone":"041-752-5779","hours":"08:00 ~ 18:00","region":"충남","district":"금산군","facilities":["은행"],"source":"농협경제지주 공식 전국마트찾기","sourceUrl":"https://www.nhhanaro.co.kr/nahh_70005.do?id=nahh001_010100000000"}},{"type":"Feature","geometry":{"type":"Point","coordinates":[127.555768,36.063164]},"properties":{"id":"8808983750088","name":"부리농협 하나로마트","address":"","phone":"041-751-0551","hours":"하절기 07:30 ~ 18:30 · 동절기 08:00 ~ 18:00","region":"충남","district":"금산군","facilities":["주유소","은행"],"source":"농협경제지주 공식 전국마트찾기","sourceUrl":"https://www.nhhanaro.co.kr/nahh_70005.do?id=nahh001_010100000000"}},{"type":"Feature","geometry":{"type":"Point","coordinates":[127.369114,36.1436177]},"properties":{"id":"8808983750149","name":"진산농협 하나로마트","address":"","phone":"041-752-6191","hours":"08:00 ~ 19:00","region":"충남","district":"금산군","facilities":["은행"],"source":"농협경제지주 공식 전국마트찾기","sourceUrl":"https://www.nhhanaro.co.kr/nahh_70005.do?id=nahh001_010100000000"}},{"type":"Feature","geometry":{"type":"Point","coordinates":[127.0193125,36.1628125]},"properties":{"id":"8808983341989","name":"강경농협 하나로마트","address":"","phone":"041-745-2900","hours":"07:00 ~ 21:00","region":"충남","district":"논산시","facilities":["은행"],"source":"농협경제지주 공식 전국마트찾기","sourceUrl":"https://www.nhhanaro.co.kr/nahh_70005.do?id=nahh001_010100000000"}},{"type":"Feature","geometry":{"type":"Point","coordinates":[127.015483,36.160362]},"properties":{"id":"8808983750705","name":"강경농협 하나로마트 태평점","address":"","phone":"041-745-5502","hours":"08:30 ~ 19:00","region":"충남","district":"논산시","facilities":["은행"],"source":"농협경제지주 공식 전국마트찾기","sourceUrl":"https://www.nhhanaro.co.kr/nahh_70005.do?id=nahh001_010100000000"}},{"type":"Feature","geometry":{"type":"Point","coordinates":[127.078801,36.247494]},"properties":{"id":"8808983750552","name":"광석농협 하나로마트","address":"","phone":"041-732-8676","hours":"08:00 ~ 19:00","region":"충남","district":"논산시","facilities":[],"source":"농협경제지주 공식 전국마트찾기","sourceUrl":"https://www.nhhanaro.co.kr/nahh_70005.do?id=nahh001_010100000000"}},{"type":"Feature","geometry":{"type":"Point","coordinates":[127.097682,36.234948]},"properties":{"id":"8808983750545","name":"광석농협 하나로마트 천동점","address":"","phone":"041-732-8687","hours":"08:00 ~ 18:00","region":"충남","district":"논산시","facilities":[],"source":"농협경제지주 공식 전국마트찾기","sourceUrl":"https://www.nhhanaro.co.kr/nahh_70005.do?id=nahh001_010100000000"}},{"type":"Feature","geometry":{"type":"Point","coordinates":[127.128319,36.276083]},"properties":{"id":"8808983750569","name":"노성농협 하나로마트","address":"","phone":"041-736-6920","hours":"08:00 ~ 19:00","region":"충남","district":"논산시","facilities":[],"source":"농협경제지주 공식 전국마트찾기","sourceUrl":"https://www.nhhanaro.co.kr/nahh_70005.do?id=nahh001_010100000000"}},{"type":"Feature","geometry":{"type":"Point","coordinates":[127.077831,36.29591]},"properties":{"id":"8808983752754","name":"노성농협 하나로마트 장마루점","address":"","phone":"041-732-5923","hours":"08:00 ~ 19:00","region":"충남","district":"논산시","facilities":["은행"],"source":"농협경제지주 공식 전국마트찾기","sourceUrl":"https://www.nhhanaro.co.kr/nahh_70005.do?id=nahh001_010100000000"}},{"type":"Feature","geometry":{"type":"Point","coordinates":[127.15965,36.133666]},"properties":{"id":"8808983750781","name":"논산계룡농협 하나로마트 가야곡점","address":"","phone":"041-741-1703","hours":"08:30 ~ 17:30","region":"충남","district":"논산시","facilities":[],"source":"농협경제지주 공식 전국마트찾기","sourceUrl":"https://www.nhhanaro.co.kr/nahh_70005.do?id=nahh001_010100000000"}},{"type":"Feature","geometry":{"type":"Point","coordinates":[127.314413,36.162194]},"properties":{"id":"8808983750675","name":"논산계룡농협 하나로마트 도산점","address":"","phone":"041-733-2945","hours":"09:00 ~ 17:00","region":"충남","district":"논산시","facilities":["은행"],"source":"농협경제지주 공식 전국마트찾기","sourceUrl":"https://www.nhhanaro.co.kr/nahh_70005.do?id=nahh001_010100000000"}},{"type":"Feature","geometry":{"type":"Point","coordinates":[127.266403,36.207045]},"properties":{"id":"8808983750668","name":"논산계룡농협 하나로마트 벌곡점","address":"","phone":"041-733-9008","hours":"08:30 ~ 17:30","region":"충남","district":"논산시","facilities":["은행"],"source":"농협경제지주 공식 전국마트찾기","sourceUrl":"https://www.nhhanaro.co.kr/nahh_70005.do?id=nahh001_010100000000"}},{"type":"Feature","geometry":{"type":"Point","coordinates":[127.195542,36.208167]},"properties":{"id":"8808983321226","name":"논산계룡농협 하나로마트 분사","address":"","phone":"041-730-1004","hours":"09:00 ~ 20:00","region":"충남","district":"논산시","facilities":["주유소","은행"],"source":"농협경제지주 공식 전국마트찾기","sourceUrl":"https://www.nhhanaro.co.kr/nahh_70005.do?id=nahh001_010100000000"}},{"type":"Feature","geometry":{"type":"Point","coordinates":[127.099145,36.190798]},"properties":{"id":"8808983757155","name":"논산계룡축협 하나로마트 장군점","address":"","phone":"041-730-2700","hours":"09:00 ~ 22:00","region":"충남","district":"논산시","facilities":["은행"],"source":"농협경제지주 공식 전국마트찾기","sourceUrl":"https://www.nhhanaro.co.kr/nahh_70005.do?id=nahh001_010100000000"}},{"type":"Feature","geometry":{"type":"Point","coordinates":[127.084521,36.206414]},"properties":{"id":"8808983757162","name":"논산계룡축협 하나로마트 중부점","address":"","phone":"041-735-2206","hours":"08:30 ~ 20:00","region":"충남","district":"논산시","facilities":[],"source":"농협경제지주 공식 전국마트찾기","sourceUrl":"https://www.nhhanaro.co.kr/nahh_70005.do?id=nahh001_010100000000"}},{"type":"Feature","geometry":{"type":"Point","coordinates":[127.129531,36.175756]},"properties":{"id":"8808983750590","name":"논산농협 하나로마트 성덕점","address":"","phone":"041-741-8771","hours":"08:30 ~ 18:00","region":"충남","district":"논산시","facilities":["은행"],"source":"농협경제지주 공식 전국마트찾기","sourceUrl":"https://www.nhhanaro.co.kr/nahh_70005.do?id=nahh001_010100000000"}},{"type":"Feature","geometry":{"type":"Point","coordinates":[127.105957,36.16766]},"properties":{"id":"8808983750606","name":"논산농협 하나로마트 은진점","address":"","phone":"041-741-0051","hours":"08:30 ~ 18:00","region":"충남","district":"논산시","facilities":[],"source":"농협경제지주 공식 전국마트찾기","sourceUrl":"https://www.nhhanaro.co.kr/nahh_70005.do?id=nahh001_010100000000"}},{"type":"Feature","geometry":{"type":"Point","coordinates":[127.065759,36.172806]},"properties":{"id":"8808983750767","name":"논산농협 하나로마트 채운점","address":"","phone":"041-735-5011","hours":"08:30 ~ 18:00","region":"충남","district":"논산시","facilities":[],"source":"농협경제지주 공식 전국마트찾기","sourceUrl":"https://www.nhhanaro.co.kr/nahh_70005.do?id=nahh001_010100000000"}},{"type":"Feature","geometry":{"type":"Point","coordinates":[127.103376,36.177513]},"properties":{"id":"8808983326528","name":"논산농협 하나로마트분사","address":"","phone":"041-740-0800","hours":"08:00 ~ 22:00","region":"충남","district":"논산시","facilities":["은행"],"source":"농협경제지주 공식 전국마트찾기","sourceUrl":"https://www.nhhanaro.co.kr/nahh_70005.do?id=nahh001_010100000000"}},{"type":"Feature","geometry":{"type":"Point","coordinates":[127.1679466,36.1901051]},"properties":{"id":"8808983332369","name":"부적농협 논산로컬푸드직매장","address":"","phone":"041-735-9007","hours":"10:00 ~ 20:00","region":"충남","district":"논산시","facilities":[],"source":"농협경제지주 공식 전국마트찾기","sourceUrl":"https://www.nhhanaro.co.kr/nahh_70005.do?id=nahh001_010100000000"}},{"type":"Feature","geometry":{"type":"Point","coordinates":[127.127769,36.216407]},"properties":{"id":"8808983750538","name":"부적농협 하나로마트","address":"","phone":"041-732-7991","hours":"07:30 ~ 19:00","region":"충남","district":"논산시","facilities":["은행"],"source":"농협경제지주 공식 전국마트찾기","sourceUrl":"https://www.nhhanaro.co.kr/nahh_70005.do?id=nahh001_010100000000"}},{"type":"Feature","geometry":{"type":"Point","coordinates":[127.133206,36.19232]},"properties":{"id":"8808983750514","name":"부적농협 하나로마트 신교점","address":"","phone":"041-732-7994","hours":"07:30 ~ 19:00","region":"충남","district":"논산시","facilities":["은행"],"source":"농협경제지주 공식 전국마트찾기","sourceUrl":"https://www.nhhanaro.co.kr/nahh_70005.do?id=nahh001_010100000000"}},{"type":"Feature","geometry":{"type":"Point","coordinates":[127.160573,36.212758]},"properties":{"id":"8808983750521","name":"부적농협 하나로마트 외성점","address":"","phone":"041-732-7995","hours":"07:30 ~ 19:00","region":"충남","district":"논산시","facilities":[],"source":"농협경제지주 공식 전국마트찾기","sourceUrl":"https://www.nhhanaro.co.kr/nahh_70005.do?id=nahh001_010100000000"}},{"type":"Feature","geometry":{"type":"Point","coordinates":[127.142239,36.292685]},"properties":{"id":"8808983750583","name":"상월농협 하나로마트","address":"","phone":"041-734-4946","hours":"08:20 ~ 19:00","region":"충남","district":"논산시","facilities":[],"source":"농협경제지주 공식 전국마트찾기","sourceUrl":"https://www.nhhanaro.co.kr/nahh_70005.do?id=nahh001_010100000000"}},{"type":"Feature","geometry":{"type":"Point","coordinates":[127.062608,36.214265]},"properties":{"id":"8808983750729","name":"성동농협 하나로마트 동부점","address":"","phone":"041-732-2770","hours":"08:00 ~ 19:30","region":"충남","district":"논산시","facilities":[],"source":"농협경제지주 공식 전국마트찾기","sourceUrl":"https://www.nhhanaro.co.kr/nahh_70005.do?id=nahh001_010100000000"}},{"type":"Feature","geometry":{"type":"Point","coordinates":[127.034065,36.202971]},"properties":{"id":"8808983750743","name":"성동농협 하나로마트 본점","address":"","phone":"041-732-6770","hours":"08:00 ~ 18:00","region":"충남","district":"논산시","facilities":[],"source":"농협경제지주 공식 전국마트찾기","sourceUrl":"https://www.nhhanaro.co.kr/nahh_70005.do?id=nahh001_010100000000"}},{"type":"Feature","geometry":{"type":"Point","coordinates":[127.014023,36.189082]},"properties":{"id":"8808983750736","name":"성동농협 하나로마트 서부점","address":"","phone":"041-734-4571","hours":"08:30 ~ 18:00","region":"충남","district":"논산시","facilities":[],"source":"농협경제지주 공식 전국마트찾기","sourceUrl":"https://www.nhhanaro.co.kr/nahh_70005.do?id=nahh001_010100000000"}},{"type":"Feature","geometry":{"type":"Point","coordinates":[127.237027,36.137708]},"properties":{"id":"8808983750699","name":"양촌농협 하나로마트","address":"","phone":"041-741-2030","hours":"07:30 ~ 21:00","region":"충남","district":"논산시","facilities":[],"source":"농협경제지주 공식 전국마트찾기","sourceUrl":"https://www.nhhanaro.co.kr/nahh_70005.do?id=nahh001_010100000000"}},{"type":"Feature","geometry":{"type":"Point","coordinates":[127.099638,36.129201]},"properties":{"id":"8808983326238","name":"연무농협 하나로마트","address":"","phone":"041-741-8511","hours":"07:00 ~ 22:00","region":"충남","district":"논산시","facilities":["문화센터","은행","식자재"],"source":"농협경제지주 공식 전국마트찾기","sourceUrl":"https://www.nhhanaro.co.kr/nahh_70005.do?id=nahh001_010100000000"}},{"type":"Feature","geometry":{"type":"Point","coordinates":[127.092732,36.085366]},"properties":{"id":"8808983752785","name":"연무농협 하나로마트 황화점","address":"","phone":"041-741-5116","hours":"08:00 ~ 18:00","region":"충남","district":"논산시","facilities":["은행"],"source":"농협경제지주 공식 전국마트찾기","sourceUrl":"https://www.nhhanaro.co.kr/nahh_70005.do?id=nahh001_010100000000"}},{"type":"Feature","geometry":{"type":"Point","coordinates":[126.600394,36.924353]},"properties":{"id":"8808983751931","name":"고대농협 하나로마트","address":"","phone":"041-353-4922","hours":"08:00 ~ 19:00","region":"충남","district":"당진시","facilities":[],"source":"농협경제지주 공식 전국마트찾기","sourceUrl":"https://www.nhhanaro.co.kr/nahh_70005.do?id=nahh001_010100000000"}},{"type":"Feature","geometry":{"type":"Point","coordinates":[126.63135,36.895356]},"properties":{"id":"8808983751924","name":"당진농협 하나로마트 계성점","address":"","phone":"041-352-4708","hours":"08:00 ~ 21:00","region":"충남","district":"당진시","facilities":[],"source":"농협경제지주 공식 전국마트찾기","sourceUrl":"https://www.nhhanaro.co.kr/nahh_70005.do?id=nahh001_010100000000"}},{"type":"Feature","geometry":{"type":"Point","coordinates":[126.648477,36.884802]},"properties":{"id":"8808983321745","name":"당진농협 하나로마트 분사","address":"","phone":"041-350-5860","hours":"하절기 08:00 ~ 22:00 · 동절기 00:00 ~ 00:00","region":"충남","district":"당진시","facilities":[],"source":"농협경제지주 공식 전국마트찾기","sourceUrl":"https://www.nhhanaro.co.kr/nahh_70005.do?id=nahh001_010100000000"}},{"type":"Feature","geometry":{"type":"Point","coordinates":[126.680816,36.934438]},"properties":{"id":"8808983752068","name":"당진송산농협 하나로마트 본점","address":"","phone":"041-353-7268","hours":"08:00 ~ 21:00","region":"충남","district":"당진시","facilities":[],"source":"농협경제지주 공식 전국마트찾기","sourceUrl":"https://www.nhhanaro.co.kr/nahh_70005.do?id=nahh001_010100000000"}},{"type":"Feature","geometry":{"type":"Point","coordinates":[126.690484,36.964915]},"properties":{"id":"8808983327822","name":"당진송산농협 하나로마트 유곡점","address":"","phone":"041-358-9366","hours":"08:00 ~ 20:00","region":"충남","district":"당진시","facilities":[],"source":"농협경제지주 공식 전국마트찾기","sourceUrl":"https://www.nhhanaro.co.kr/nahh_70005.do?id=nahh001_010100000000"}},{"type":"Feature","geometry":{"type":"Point","coordinates":[126.699427,36.90405]},"properties":{"id":"8808983752044","name":"당진송악농협 하나로마트","address":"","phone":"041-356-0600","hours":"09:00 ~ 22:00","region":"충남","district":"당진시","facilities":["은행"],"source":"농협경제지주 공식 전국마트찾기","sourceUrl":"https://www.nhhanaro.co.kr/nahh_70005.do?id=nahh001_010100000000"}},{"type":"Feature","geometry":{"type":"Point","coordinates":[126.743596,36.937966]},"properties":{"id":"8808983752051","name":"당진송악농협 하나로마트 중흥점","address":"","phone":"041-358-8053","hours":"08:00 ~ 21:00","region":"충남","district":"당진시","facilities":[],"source":"농협경제지주 공식 전국마트찾기","sourceUrl":"https://www.nhhanaro.co.kr/nahh_70005.do?id=nahh001_010100000000"}},{"type":"Feature","geometry":{"type":"Point","coordinates":[126.6314676,36.8829029]},"properties":{"id":"8808983326016","name":"당진축산농협 하나로마트","address":"","phone":"041-350-5588","hours":"08:30 ~ 22:00","region":"충남","district":"당진시","facilities":["은행"],"source":"농협경제지주 공식 전국마트찾기","sourceUrl":"https://www.nhhanaro.co.kr/nahh_70005.do?id=nahh001_010100000000"}},{"type":"Feature","geometry":{"type":"Point","coordinates":[126.6487883,36.9001207]},"properties":{"id":"8808983339078","name":"당진축산농협 하나로마트 수청점","address":"","phone":"041-351-6900","hours":"08:30 ~ 22:00","region":"충남","district":"당진시","facilities":[],"source":"농협경제지주 공식 전국마트찾기","sourceUrl":"https://www.nhhanaro.co.kr/nahh_70005.do?id=nahh001_010100000000"}},{"type":"Feature","geometry":{"type":"Point","coordinates":[126.772556,36.806291]},"properties":{"id":"8808983305691","name":"당진축협 하나로마트 합덕점","address":"","phone":"041-350-5680","hours":"08:30 ~ 20:00","region":"충남","district":"당진시","facilities":[],"source":"농협경제지주 공식 전국마트찾기","sourceUrl":"https://www.nhhanaro.co.kr/nahh_70005.do?id=nahh001_010100000000"}},{"type":"Feature","geometry":{"type":"Point","coordinates":[126.505225,36.899378]},"properties":{"id":"8808983751955","name":"대호지농협 하나로마트","address":"","phone":"041-353-1195","hours":"08:00 ~ 20:00","region":"충남","district":"당진시","facilities":["은행"],"source":"농협경제지주 공식 전국마트찾기","sourceUrl":"https://www.nhhanaro.co.kr/nahh_70005.do?id=nahh001_010100000000"}},{"type":"Feature","geometry":{"type":"Point","coordinates":[126.671205,36.814686]},"properties":{"id":"8808983751979","name":"면천농협 하나로마트","address":"","phone":"041-356-3056","hours":"08:30 ~ 20:00","region":"충남","district":"당진시","facilities":[],"source":"농협경제지주 공식 전국마트찾기","sourceUrl":"https://www.nhhanaro.co.kr/nahh_70005.do?id=nahh001_010100000000"}},{"type":"Feature","geometry":{"type":"Point","coordinates":[126.591778,36.980245]},"properties":{"id":"8808983751948","name":"석문농협 하나로마트","address":"","phone":"041-353-3307","hours":"08:10 ~ 19:00","region":"충남","district":"당진시","facilities":[],"source":"농협경제지주 공식 전국마트찾기","sourceUrl":"https://www.nhhanaro.co.kr/nahh_70005.do?id=nahh001_010100000000"}},{"type":"Feature","geometry":{"type":"Point","coordinates":[126.538137,37.01309]},"properties":{"id":"8808983304434","name":"석문농협 하나로마트 삼봉점","address":"","phone":"041-354-3907","hours":"하절기 08:00 ~ 22:00 · 동절기 00:00 ~ 00:00","region":"충남","district":"당진시","facilities":["은행","식자재"],"source":"농협경제지주 공식 전국마트찾기","sourceUrl":"https://www.nhhanaro.co.kr/nahh_70005.do?id=nahh001_010100000000"}},{"type":"Feature","geometry":{"type":"Point","coordinates":[126.713616,36.842821]},"properties":{"id":"8808983751986","name":"순성농협 하나로마트","address":"","phone":"041-353-4115","hours":"08:00 ~ 19:00","region":"충남","district":"당진시","facilities":[],"source":"농협경제지주 공식 전국마트찾기","sourceUrl":"https://www.nhhanaro.co.kr/nahh_70005.do?id=nahh001_010100000000"}},{"type":"Feature","geometry":{"type":"Point","coordinates":[126.775994,36.883102]},"properties":{"id":"8808983752013","name":"신평농협 하나로마트","address":"","phone":"041-363-7339","hours":"08:00 ~ 19:00","region":"충남","district":"당진시","facilities":[],"source":"농협경제지주 공식 전국마트찾기","sourceUrl":"https://www.nhhanaro.co.kr/nahh_70005.do?id=nahh001_010100000000"}},{"type":"Feature","geometry":{"type":"Point","coordinates":[126.824734,36.888983]},"properties":{"id":"8808983752020","name":"신평농협 하나로마트 삽교천점","address":"","phone":"041-362-5956","hours":"08:00 ~ 18:00","region":"충남","district":"당진시","facilities":[],"source":"농협경제지주 공식 전국마트찾기","sourceUrl":"https://www.nhhanaro.co.kr/nahh_70005.do?id=nahh001_010100000000"}},{"type":"Feature","geometry":{"type":"Point","coordinates":[126.77486,36.810793]},"properties":{"id":"8808983752006","name":"우강농협 하나로마트","address":"","phone":"041-362-3102","hours":"08:00 ~ 18:00","region":"충남","district":"당진시","facilities":[],"source":"농협경제지주 공식 전국마트찾기","sourceUrl":"https://www.nhhanaro.co.kr/nahh_70005.do?id=nahh001_010100000000"}},{"type":"Feature","geometry":{"type":"Point","coordinates":[126.566572,36.885077]},"properties":{"id":"8808983751962","name":"정미농협 하나로마트","address":"","phone":"041-353-2002","hours":"08:00 ~ 21:00","region":"충남","district":"당진시","facilities":[],"source":"농협경제지주 공식 전국마트찾기","sourceUrl":"https://www.nhhanaro.co.kr/nahh_70005.do?id=nahh001_010100000000"}},{"type":"Feature","geometry":{"type":"Point","coordinates":[126.774922,36.808298]},"properties":{"id":"8808983751993","name":"합덕농협 하나로마트","address":"","phone":"041-362-3395","hours":"하절기 08:00 ~ 20:00 · 동절기 00:00 ~ 00:00","region":"충남","district":"당진시","facilities":["주유소","은행"],"source":"농협경제지주 공식 전국마트찾기","sourceUrl":"https://www.nhhanaro.co.kr/nahh_70005.do?id=nahh001_010100000000"}},{"type":"Feature","geometry":{"type":"Point","coordinates":[126.605542,36.305059]},"properties":{"id":"8808983751146","name":"남포농협 하나로마트 본점","address":"","phone":"041-931-0090","hours":"08:00 ~ 18:00","region":"충남","district":"보령시","facilities":[],"source":"농협경제지주 공식 전국마트찾기","sourceUrl":"https://www.nhhanaro.co.kr/nahh_70005.do?id=nahh001_010100000000"}},{"type":"Feature","geometry":{"type":"Point","coordinates":[126.53855,36.3147]},"properties":{"id":"8808983343532","name":"남포농협하나로마트 보령머드점","address":"","phone":"041-932-5800","hours":"하절기 09:00 ~ 21:00 · 동절기 09:00 ~ 20:00","region":"충남","district":"보령시","facilities":["은행"],"source":"농협경제지주 공식 전국마트찾기","sourceUrl":"https://www.nhhanaro.co.kr/nahh_70005.do?id=nahh001_010100000000"}},{"type":"Feature","geometry":{"type":"Point","coordinates":[126.593602,36.349303]},"properties":{"id":"8808983751092","name":"대천농협 하나로마트 대천점","address":"","phone":"041-935-0148","hours":"하절기 08:00 ~ 21:00 · 동절기 00:00 ~ 00:00","region":"충남","district":"보령시","facilities":["은행","식자재"],"source":"농협경제지주 공식 전국마트찾기","sourceUrl":"https://www.nhhanaro.co.kr/nahh_70005.do?id=nahh001_010100000000"}},{"type":"Feature","geometry":{"type":"Point","coordinates":[126.615699,36.3548981]},"properties":{"id":"8808983340524","name":"대천농협 하나로마트 본점","address":"","phone":"041-933-0144","hours":"하절기 09:00 ~ 22:00 · 동절기 00:00 ~ 00:00","region":"충남","district":"보령시","facilities":["문화센터","은행","식자재"],"source":"농협경제지주 공식 전국마트찾기","sourceUrl":"https://www.nhhanaro.co.kr/nahh_70005.do?id=nahh001_010100000000"}},{"type":"Feature","geometry":{"type":"Point","coordinates":[126.585057,36.415771]},"properties":{"id":"8808983751139","name":"대천농협 하나로마트 주포점","address":"","phone":"041-931-1347","hours":"08:30 ~ 18:30","region":"충남","district":"보령시","facilities":["은행"],"source":"농협경제지주 공식 전국마트찾기","sourceUrl":"https://www.nhhanaro.co.kr/nahh_70005.do?id=nahh001_010100000000"}},{"type":"Feature","geometry":{"type":"Point","coordinates":[126.673867,36.391386]},"properties":{"id":"8808983751115","name":"대천농협 하나로마트 청라점","address":"","phone":"041-932-8010","hours":"08:00 ~ 18:00","region":"충남","district":"보령시","facilities":["은행"],"source":"농협경제지주 공식 전국마트찾기","sourceUrl":"https://www.nhhanaro.co.kr/nahh_70005.do?id=nahh001_010100000000"}},{"type":"Feature","geometry":{"type":"Point","coordinates":[126.512007,36.314403]},"properties":{"id":"8808983751108","name":"대천농협 하나로마트 해수욕장점","address":"","phone":"041-932-2154","hours":"08:00 ~ 22:00","region":"충남","district":"보령시","facilities":["은행"],"source":"농협경제지주 공식 전국마트찾기","sourceUrl":"https://www.nhhanaro.co.kr/nahh_70005.do?id=nahh001_010100000000"}},{"type":"Feature","geometry":{"type":"Point","coordinates":[126.521854,36.438454]},"properties":{"id":"8808983751153","name":"보령오천농협 하나로마트","address":"","phone":"041-932-4105","hours":"09:00 ~ 18:00","region":"충남","district":"보령시","facilities":["은행"],"source":"농협경제지주 공식 전국마트찾기","sourceUrl":"https://www.nhhanaro.co.kr/nahh_70005.do?id=nahh001_010100000000"}},{"type":"Feature","geometry":{"type":"Point","coordinates":[126.599651,36.234121]},"properties":{"id":"8808983751177","name":"보령웅천농협 하나로마트","address":"","phone":"041-931-8007","hours":"08:00 ~ 19:00","region":"충남","district":"보령시","facilities":["은행"],"source":"농협경제지주 공식 전국마트찾기","sourceUrl":"https://www.nhhanaro.co.kr/nahh_70005.do?id=nahh001_010100000000"}},{"type":"Feature","geometry":{"type":"Point","coordinates":[126.527145,36.480107]},"properties":{"id":"8808983757063","name":"보령천북농협 하나로마트","address":"","phone":"041-641-7147","hours":"08:30 ~ 18:00","region":"충남","district":"보령시","facilities":["은행"],"source":"농협경제지주 공식 전국마트찾기","sourceUrl":"https://www.nhhanaro.co.kr/nahh_70005.do?id=nahh001_010100000000"}},{"type":"Feature","geometry":{"type":"Point","coordinates":[126.6037064,36.3408654]},"properties":{"id":"8808983324418","name":"보령축협 하나로마트","address":"","phone":"041-933-6600","hours":"09:00 ~ 22:00","region":"충남","district":"보령시","facilities":["은행"],"source":"농협경제지주 공식 전국마트찾기","sourceUrl":"https://www.nhhanaro.co.kr/nahh_70005.do?id=nahh001_010100000000"}},{"type":"Feature","geometry":{"type":"Point","coordinates":[126.424452,36.3680864]},"properties":{"id":"8808983752778","name":"오천농협 원산도지점 하나로마트","address":"","phone":"041-936-6025","hours":"하절기 08:00 ~ 20:00 · 동절기 08:00 ~ 19:00","region":"충남","district":"보령시","facilities":["주유소","은행"],"source":"농협경제지주 공식 전국마트찾기","sourceUrl":"https://www.nhhanaro.co.kr/nahh_70005.do?id=nahh001_010100000000"}},{"type":"Feature","geometry":{"type":"Point","coordinates":[126.676027,36.209721]},"properties":{"id":"8808983752792","name":"웅천농협 하나로마트 내평점","address":"","phone":"041-933-4563","hours":"08:00 ~ 18:00","region":"충남","district":"보령시","facilities":["은행"],"source":"농협경제지주 공식 전국마트찾기","sourceUrl":"https://www.nhhanaro.co.kr/nahh_70005.do?id=nahh001_010100000000"}},{"type":"Feature","geometry":{"type":"Point","coordinates":[126.676892,36.292352]},"properties":{"id":"8808983751191","name":"웅천농협 하나로마트 도화담점","address":"","phone":"041-933-4025","hours":"08:00 ~ 18:00","region":"충남","district":"보령시","facilities":["은행"],"source":"농협경제지주 공식 전국마트찾기","sourceUrl":"https://www.nhhanaro.co.kr/nahh_70005.do?id=nahh001_010100000000"}},{"type":"Feature","geometry":{"type":"Point","coordinates":[126.633607,36.200502]},"properties":{"id":"8808983751184","name":"주산농협 하나로마트","address":"","phone":"041-933-6035","hours":"08:30 ~ 20:00","region":"충남","district":"보령시","facilities":[],"source":"농협경제지주 공식 전국마트찾기","sourceUrl":"https://www.nhhanaro.co.kr/nahh_70005.do?id=nahh001_010100000000"}},{"type":"Feature","geometry":{"type":"Point","coordinates":[126.579733,36.495019]},"properties":{"id":"8808983323183","name":"천북농협 하나로마트 신덕점","address":"","phone":"041-641-5416","hours":"08:30 ~ 18:00","region":"충남","district":"보령시","facilities":[],"source":"농협경제지주 공식 전국마트찾기","sourceUrl":"https://www.nhhanaro.co.kr/nahh_70005.do?id=nahh001_010100000000"}},{"type":"Feature","geometry":{"type":"Point","coordinates":[126.589964,36.447181]},"properties":{"id":"8808983751160","name":"청소농협 하나로마트","address":"","phone":"041-932-9755","hours":"08:00 ~ 19:00","region":"충남","district":"보령시","facilities":["주유소","은행"],"source":"농협경제지주 공식 전국마트찾기","sourceUrl":"https://www.nhhanaro.co.kr/nahh_70005.do?id=nahh001_010100000000"}},{"type":"Feature","geometry":{"type":"Point","coordinates":[126.809763,36.2494]},"properties":{"id":"8808983750897","name":"구룡농협 하나로마트","address":"","phone":"041-832-2280","hours":"08:20 ~ 19:00","region":"충남","district":"부여군","facilities":[],"source":"농협경제지주 공식 전국마트찾기","sourceUrl":"https://www.nhhanaro.co.kr/nahh_70005.do?id=nahh001_010100000000"}},{"type":"Feature","geometry":{"type":"Point","coordinates":[126.783342,36.272115]},"properties":{"id":"8808983750835","name":"구룡농협 하나로마트 내산점","address":"","phone":"041-833-4280","hours":"08:00 ~ 19:00","region":"충남","district":"부여군","facilities":["은행"],"source":"농협경제지주 공식 전국마트찾기","sourceUrl":"https://www.nhhanaro.co.kr/nahh_70005.do?id=nahh001_010100000000"}},{"type":"Feature","geometry":{"type":"Point","coordinates":[126.704908,36.302041]},"properties":{"id":"8808983750880","name":"구룡농협 하나로마트 외산점","address":"","phone":"041-836-4736","hours":"08:00 ~ 20:00","region":"충남","district":"부여군","facilities":[],"source":"농협경제지주 공식 전국마트찾기","sourceUrl":"https://www.nhhanaro.co.kr/nahh_70005.do?id=nahh001_010100000000"}},{"type":"Feature","geometry":{"type":"Point","coordinates":[126.8868,36.2753]},"properties":{"id":"8808983750873","name":"규암농협 하나로마트","address":"","phone":"041-835-0184","hours":"08:00 ~ 21:00","region":"충남","district":"부여군","facilities":["은행"],"source":"농협경제지주 공식 전국마트찾기","sourceUrl":"https://www.nhhanaro.co.kr/nahh_70005.do?id=nahh001_010100000000"}},{"type":"Feature","geometry":{"type":"Point","coordinates":[126.853901,36.311087]},"properties":{"id":"8808983750811","name":"규암농협 하나로마트 은산점","address":"","phone":"041-832-6281","hours":"08:00 ~ 20:00","region":"충남","district":"부여군","facilities":[],"source":"농협경제지주 공식 전국마트찾기","sourceUrl":"https://www.nhhanaro.co.kr/nahh_70005.do?id=nahh001_010100000000"}},{"type":"Feature","geometry":{"type":"Point","coordinates":[126.910261,36.278701]},"properties":{"id":"8808983757346","name":"대전충남우유농협 하나로마트 백제점","address":"","phone":"041-837-1020","hours":"09:00 ~ 20:30","region":"충남","district":"부여군","facilities":["은행"],"source":"농협경제지주 공식 전국마트찾기","sourceUrl":"https://www.nhhanaro.co.kr/nahh_70005.do?id=nahh001_010100000000"}},{"type":"Feature","geometry":{"type":"Point","coordinates":[127.001373,36.251892]},"properties":{"id":"8808983750965","name":"동부여농협 하나로마트","address":"","phone":"041-836-6280","hours":"08:00 ~ 19:00","region":"충남","district":"부여군","facilities":["은행"],"source":"농협경제지주 공식 전국마트찾기","sourceUrl":"https://www.nhhanaro.co.kr/nahh_70005.do?id=nahh001_010100000000"}},{"type":"Feature","geometry":{"type":"Point","coordinates":[126.990475,36.224548]},"properties":{"id":"8808983750972","name":"동부여농협 하나로마트 석성점","address":"","phone":"041-836-5504","hours":"08:00 ~ 18:00","region":"충남","district":"부여군","facilities":["은행"],"source":"농협경제지주 공식 전국마트찾기","sourceUrl":"https://www.nhhanaro.co.kr/nahh_70005.do?id=nahh001_010100000000"}},{"type":"Feature","geometry":{"type":"Point","coordinates":[127.02128,36.263367]},"properties":{"id":"8808983750958","name":"동부여농협 하나로마트 초촌점","address":"","phone":"041-832-4280","hours":"08:00 ~ 18:00","region":"충남","district":"부여군","facilities":["은행"],"source":"농협경제지주 공식 전국마트찾기","sourceUrl":"https://www.nhhanaro.co.kr/nahh_70005.do?id=nahh001_010100000000"}},{"type":"Feature","geometry":{"type":"Point","coordinates":[126.9312,36.284411]},"properties":{"id":"8808983327273","name":"부여농협 하나로마트","address":"","phone":"041-835-8010","hours":"하절기 08:00 ~ 22:00 · 동절기 00:00 ~ 00:00","region":"충남","district":"부여군","facilities":["주유소","은행","식자재"],"source":"농협경제지주 공식 전국마트찾기","sourceUrl":"https://www.nhhanaro.co.kr/nahh_70005.do?id=nahh001_010100000000"}},{"type":"Feature","geometry":{"type":"Point","coordinates":[126.923242,36.283343]},"properties":{"id":"8808983750941","name":"부여농협 하나로마트 동부점","address":"","phone":"041-835-8005","hours":"08:20 ~ 21:00","region":"충남","district":"부여군","facilities":["은행"],"source":"농협경제지주 공식 전국마트찾기","sourceUrl":"https://www.nhhanaro.co.kr/nahh_70005.do?id=nahh001_010100000000"}},{"type":"Feature","geometry":{"type":"Point","coordinates":[126.907694,36.279976]},"properties":{"id":"8808983750934","name":"부여농협 하나로마트 서부점","address":"","phone":"041-830-6961","hours":"08:30 ~ 19:00","region":"충남","district":"부여군","facilities":[],"source":"농협경제지주 공식 전국마트찾기","sourceUrl":"https://www.nhhanaro.co.kr/nahh_70005.do?id=nahh001_010100000000"}},{"type":"Feature","geometry":{"type":"Point","coordinates":[126.908975,36.282313]},"properties":{"id":"8808983757179","name":"부여축협 하나로마트","address":"","phone":"041-832-7294","hours":"08:30 ~ 22:00","region":"충남","district":"부여군","facilities":["은행"],"source":"농협경제지주 공식 전국마트찾기","sourceUrl":"https://www.nhhanaro.co.kr/nahh_70005.do?id=nahh001_010100000000"}},{"type":"Feature","geometry":{"type":"Point","coordinates":[126.759341,36.214038]},"properties":{"id":"8808983750910","name":"서부여농협 하나로마트","address":"","phone":"041-835-1280","hours":"08:20 ~ 21:00","region":"충남","district":"부여군","facilities":[],"source":"농협경제지주 공식 전국마트찾기","sourceUrl":"https://www.nhhanaro.co.kr/nahh_70005.do?id=nahh001_010100000000"}},{"type":"Feature","geometry":{"type":"Point","coordinates":[126.806852,36.213277]},"properties":{"id":"8808983750842","name":"서부여농협 하나로마트 남면점","address":"","phone":"041-832-3280","hours":"08:00 ~ 19:00","region":"충남","district":"부여군","facilities":[],"source":"농협경제지주 공식 전국마트찾기","sourceUrl":"https://www.nhhanaro.co.kr/nahh_70005.do?id=nahh001_010100000000"}},{"type":"Feature","geometry":{"type":"Point","coordinates":[126.945228,36.16893]},"properties":{"id":"8808983750804","name":"세도농협 하나로마트","address":"","phone":"041-833-0285","hours":"08:00 ~ 19:00","region":"충남","district":"부여군","facilities":[],"source":"농협경제지주 공식 전국마트찾기","sourceUrl":"https://www.nhhanaro.co.kr/nahh_70005.do?id=nahh001_010100000000"}},{"type":"Feature","geometry":{"type":"Point","coordinates":[126.978388,36.163476]},"properties":{"id":"8808983750798","name":"세도농협 하나로마트 동부점","address":"","phone":"041-833-0282","hours":"08:00 ~ 19:00","region":"충남","district":"부여군","facilities":["은행"],"source":"농협경제지주 공식 전국마트찾기","sourceUrl":"https://www.nhhanaro.co.kr/nahh_70005.do?id=nahh001_010100000000"}},{"type":"Feature","geometry":{"type":"Point","coordinates":[126.880235,36.136318]},"properties":{"id":"8808983750866","name":"세도농협 하나로마트 양화점","address":"","phone":"041-833-3280","hours":"08:00 ~ 19:00","region":"충남","district":"부여군","facilities":["은행"],"source":"농협경제지주 공식 전국마트찾기","sourceUrl":"https://www.nhhanaro.co.kr/nahh_70005.do?id=nahh001_010100000000"}},{"type":"Feature","geometry":{"type":"Point","coordinates":[126.892531,36.190273]},"properties":{"id":"8808983750859","name":"세도농협 하나로마트 임천점","address":"","phone":"041-833-2280","hours":"08:00 ~ 19:00","region":"충남","district":"부여군","facilities":[],"source":"농협경제지주 공식 전국마트찾기","sourceUrl":"https://www.nhhanaro.co.kr/nahh_70005.do?id=nahh001_010100000000"}},{"type":"Feature","geometry":{"type":"Point","coordinates":[126.884484,36.243415]},"properties":{"id":"8808983750828","name":"장암농협 하나로마트","address":"","phone":"041-834-2280","hours":"08:20 ~ 19:00","region":"충남","district":"부여군","facilities":[],"source":"농협경제지주 공식 전국마트찾기","sourceUrl":"https://www.nhhanaro.co.kr/nahh_70005.do?id=nahh001_010100000000"}},{"type":"Feature","geometry":{"type":"Point","coordinates":[126.532335,36.667176]},"properties":{"id":"8808983751771","name":"고북농협 하나로마트","address":"","phone":"041-663-2531","hours":"08:00 ~ 19:30","region":"충남","district":"서산시","facilities":[],"source":"농협경제지주 공식 전국마트찾기","sourceUrl":"https://www.nhhanaro.co.kr/nahh_70005.do?id=nahh001_010100000000"}},{"type":"Feature","geometry":{"type":"Point","coordinates":[126.392786,36.714313]},"properties":{"id":"8808983751672","name":"부석농협 하나로마트","address":"","phone":"041-664-6560","hours":"08:00 ~ 19:00","region":"충남","district":"서산시","facilities":[],"source":"농협경제지주 공식 전국마트찾기","sourceUrl":"https://www.nhhanaro.co.kr/nahh_70005.do?id=nahh001_010100000000"}},{"type":"Feature","geometry":{"type":"Point","coordinates":[126.453032,36.766339]},"properties":{"id":"8808983752914","name":"서산농협 하나로마트 본점","address":"","phone":"041-660-4850","hours":"08:30 ~ 21:30","region":"충남","district":"서산시","facilities":["은행"],"source":"농협경제지주 공식 전국마트찾기","sourceUrl":"https://www.nhhanaro.co.kr/nahh_70005.do?id=nahh001_010100000000"}},{"type":"Feature","geometry":{"type":"Point","coordinates":[126.449274,36.779996]},"properties":{"id":"8808983751641","name":"서산농협 하나로마트 서부점","address":"","phone":"041-660-9850","hours":"08:30 ~ 21:30","region":"충남","district":"서산시","facilities":[],"source":"농협경제지주 공식 전국마트찾기","sourceUrl":"https://www.nhhanaro.co.kr/nahh_70005.do?id=nahh001_010100000000"}},{"type":"Feature","geometry":{"type":"Point","coordinates":[126.426436,36.752978]},"properties":{"id":"8808983751665","name":"서산농협 하나로마트 인지점","address":"","phone":"041-662-1048","hours":"08:00 ~ 19:00","region":"충남","district":"서산시","facilities":["은행"],"source":"농협경제지주 공식 전국마트찾기","sourceUrl":"https://www.nhhanaro.co.kr/nahh_70005.do?id=nahh001_010100000000"}},{"type":"Feature","geometry":{"type":"Point","coordinates":[126.395165,36.808609]},"properties":{"id":"8808983751689","name":"서산농협 하나로마트 팔봉점","address":"","phone":"041-664-6818","hours":"08:00 ~ 19:00","region":"충남","district":"서산시","facilities":["은행"],"source":"농협경제지주 공식 전국마트찾기","sourceUrl":"https://www.nhhanaro.co.kr/nahh_70005.do?id=nahh001_010100000000"}},{"type":"Feature","geometry":{"type":"Point","coordinates":[126.428753,36.942012]},"properties":{"id":"8808983751726","name":"서산대산농협 하나로마트 본점","address":"","phone":"041-660-9930","hours":"08:30 ~ 22:00","region":"충남","district":"서산시","facilities":["은행"],"source":"농협경제지주 공식 전국마트찾기","sourceUrl":"https://www.nhhanaro.co.kr/nahh_70005.do?id=nahh001_010100000000"}},{"type":"Feature","geometry":{"type":"Point","coordinates":[126.452854,36.783557]},"properties":{"id":"8808983757278","name":"서산태안축산농협 하나로마트","address":"","phone":"041-666-2104","hours":"하절기 08:00 ~ 21:00 · 동절기 00:00 ~ 00:00","region":"충남","district":"서산시","facilities":["은행"],"source":"농협경제지주 공식 전국마트찾기","sourceUrl":"https://www.nhhanaro.co.kr/nahh_70005.do?id=nahh001_010100000000"}},{"type":"Feature","geometry":{"type":"Point","coordinates":[126.4461,36.8225]},"properties":{"id":"8808983332840","name":"성연농협 하나로마트","address":"","phone":"041-662-0776","hours":"08:30 ~ 21:00","region":"충남","district":"서산시","facilities":["은행"],"source":"농협경제지주 공식 전국마트찾기","sourceUrl":"https://www.nhhanaro.co.kr/nahh_70005.do?id=nahh001_010100000000"}},{"type":"Feature","geometry":{"type":"Point","coordinates":[126.582521,36.810548]},"properties":{"id":"8808983751757","name":"운산농협 하나로마트","address":"","phone":"041-669-3191","hours":"08:00 ~ 20:00","region":"충남","district":"서산시","facilities":[],"source":"농협경제지주 공식 전국마트찾기","sourceUrl":"https://www.nhhanaro.co.kr/nahh_70005.do?id=nahh001_010100000000"}},{"type":"Feature","geometry":{"type":"Point","coordinates":[126.517088,36.799919]},"properties":{"id":"8808983751740","name":"음암농협 하나로마트","address":"","phone":"041-663-5210","hours":"08:00 ~ 20:00","region":"충남","district":"서산시","facilities":[],"source":"농협경제지주 공식 전국마트찾기","sourceUrl":"https://www.nhhanaro.co.kr/nahh_70005.do?id=nahh001_010100000000"}},{"type":"Feature","geometry":{"type":"Point","coordinates":[126.435446,36.86167]},"properties":{"id":"8808983751696","name":"지곡농협 하나로마트","address":"","phone":"041-662-9832","hours":"08:00 ~ 20:00","region":"충남","district":"서산시","facilities":[],"source":"농협경제지주 공식 전국마트찾기","sourceUrl":"https://www.nhhanaro.co.kr/nahh_70005.do?id=nahh001_010100000000"}},{"type":"Feature","geometry":{"type":"Point","coordinates":[126.4733205,36.7864616]},"properties":{"id":"8808990840734","name":"충서원예농협 하나로마트","address":"","phone":"043-669-0034","hours":"08:30 ~ 21:00","region":"충남","district":"서산시","facilities":["은행"],"source":"농협경제지주 공식 전국마트찾기","sourceUrl":"https://www.nhhanaro.co.kr/nahh_70005.do?id=nahh001_010100000000"}},{"type":"Feature","geometry":{"type":"Point","coordinates":[126.544485,36.712768]},"properties":{"id":"8808983751764","name":"해미농협 하나로마트","address":"","phone":"041-688-2680","hours":"하절기 08:30 ~ 20:30 · 동절기 08:30 ~ 19:30","region":"충남","district":"서산시","facilities":[],"source":"농협경제지주 공식 전국마트찾기","sourceUrl":"https://www.nhhanaro.co.kr/nahh_70005.do?id=nahh001_010100000000"}},{"type":"Feature","geometry":{"type":"Point","coordinates":[126.763122,36.073909]},"properties":{"id":"8808983751047","name":"동서천농협 하나로마트","address":"","phone":"041-951-1010","hours":"08:20 ~ 18:00","region":"충남","district":"서천군","facilities":[],"source":"농협경제지주 공식 전국마트찾기","sourceUrl":"https://www.nhhanaro.co.kr/nahh_70005.do?id=nahh001_010100000000"}},{"type":"Feature","geometry":{"type":"Point","coordinates":[126.790675,36.116738]},"properties":{"id":"8808983751054","name":"동서천농협 하나로마트 마산점","address":"","phone":"041-953-2081","hours":"08:00 ~ 18:00","region":"충남","district":"서천군","facilities":[],"source":"농협경제지주 공식 전국마트찾기","sourceUrl":"https://www.nhhanaro.co.kr/nahh_70005.do?id=nahh001_010100000000"}},{"type":"Feature","geometry":{"type":"Point","coordinates":[126.782673,36.03925]},"properties":{"id":"8808983751030","name":"동서천농협 하나로마트 화양점","address":"","phone":"041-951-1582","hours":"08:00 ~ 18:00","region":"충남","district":"서천군","facilities":[],"source":"농협경제지주 공식 전국마트찾기","sourceUrl":"https://www.nhhanaro.co.kr/nahh_70005.do?id=nahh001_010100000000"}},{"type":"Feature","geometry":{"type":"Point","coordinates":[126.600416,36.141757]},"properties":{"id":"8808983751009","name":"서서천농협 하나로마트","address":"","phone":"041-952-8101","hours":"08:00 ~ 20:00","region":"충남","district":"서천군","facilities":[],"source":"농협경제지주 공식 전국마트찾기","sourceUrl":"https://www.nhhanaro.co.kr/nahh_70005.do?id=nahh001_010100000000"}},{"type":"Feature","geometry":{"type":"Point","coordinates":[126.548739,36.152082]},"properties":{"id":"8808983751016","name":"서서천농협 하나로마트 서면점","address":"","phone":"041-951-8108","hours":"08:30 ~ 20:00","region":"충남","district":"서천군","facilities":["은행"],"source":"농협경제지주 공식 전국마트찾기","sourceUrl":"https://www.nhhanaro.co.kr/nahh_70005.do?id=nahh001_010100000000"}},{"type":"Feature","geometry":{"type":"Point","coordinates":[126.752585,36.140735]},"properties":{"id":"8808983751078","name":"서천농협 하나로마트 문산점","address":"","phone":"041-952-4020","hours":"08:00 ~ 18:00","region":"충남","district":"서천군","facilities":["은행"],"source":"농협경제지주 공식 전국마트찾기","sourceUrl":"https://www.nhhanaro.co.kr/nahh_70005.do?id=nahh001_010100000000"}},{"type":"Feature","geometry":{"type":"Point","coordinates":[126.684547,36.078543]},"properties":{"id":"8808983750989","name":"서천농협 하나로마트 서부점","address":"","phone":"041-953-2461","hours":"08:00 ~ 21:00","region":"충남","district":"서천군","facilities":[],"source":"농협경제지주 공식 전국마트찾기","sourceUrl":"https://www.nhhanaro.co.kr/nahh_70005.do?id=nahh001_010100000000"}},{"type":"Feature","geometry":{"type":"Point","coordinates":[126.687341,36.082107]},"properties":{"id":"8808983757193","name":"서천축협 하나로마트 서천점","address":"","phone":"041-953-2220","hours":"하절기 08:30 ~ 21:00 · 동절기 08:30 ~ 20:00","region":"충남","district":"서천군","facilities":[],"source":"농협경제지주 공식 전국마트찾기","sourceUrl":"https://www.nhhanaro.co.kr/nahh_70005.do?id=nahh001_010100000000"}},{"type":"Feature","geometry":{"type":"Point","coordinates":[126.701366,36.011666]},"properties":{"id":"8808983752532","name":"서천축협 하나로마트 장항점","address":"","phone":"041-956-7872","hours":"08:30 ~ 21:00","region":"충남","district":"서천군","facilities":[],"source":"농협경제지주 공식 전국마트찾기","sourceUrl":"https://www.nhhanaro.co.kr/nahh_70005.do?id=nahh001_010100000000"}},{"type":"Feature","geometry":{"type":"Point","coordinates":[126.690186,36.154182]},"properties":{"id":"8808983750996","name":"판교농협 하나로마트","address":"","phone":"041-951-5506","hours":"08:00 ~ 19:00","region":"충남","district":"서천군","facilities":[],"source":"농협경제지주 공식 전국마트찾기","sourceUrl":"https://www.nhhanaro.co.kr/nahh_70005.do?id=nahh001_010100000000"}},{"type":"Feature","geometry":{"type":"Point","coordinates":[126.804227,36.084457]},"properties":{"id":"8808983751023","name":"한산농협 하나로마트","address":"","phone":"041-951-0282","hours":"08:00 ~ 19:30","region":"충남","district":"서천군","facilities":[],"source":"농협경제지주 공식 전국마트찾기","sourceUrl":"https://www.nhhanaro.co.kr/nahh_70005.do?id=nahh001_010100000000"}},{"type":"Feature","geometry":{"type":"Point","coordinates":[127.037853,36.928432]},"properties":{"id":"8808983752150","name":"둔포농협 하나로마트","address":"","phone":"041-531-3136","hours":"하절기 08:30 ~ 21:30 · 동절기 00:00 ~ 00:00","region":"충남","district":"아산시","facilities":["은행"],"source":"농협경제지주 공식 전국마트찾기","sourceUrl":"https://www.nhhanaro.co.kr/nahh_70005.do?id=nahh001_010100000000"}},{"type":"Feature","geometry":{"type":"Point","coordinates":[127.06359,36.77492]},"properties":{"id":"8808983752105","name":"배방농협 하나로마트","address":"","phone":"041-548-0542","hours":"09:00 ~ 23:00","region":"충남","district":"아산시","facilities":["은행"],"source":"농협경제지주 공식 전국마트찾기","sourceUrl":"https://www.nhhanaro.co.kr/nahh_70005.do?id=nahh001_010100000000"}},{"type":"Feature","geometry":{"type":"Point","coordinates":[127.092234,36.7811313]},"properties":{"id":"8808983332987","name":"배방농협하나로마트연화점","address":"","phone":"041-543-6200","hours":"09:00 ~ 22:00","region":"충남","district":"아산시","facilities":["은행"],"source":"농협경제지주 공식 전국마트찾기","sourceUrl":"https://www.nhhanaro.co.kr/nahh_70005.do?id=nahh001_010100000000"}},{"type":"Feature","geometry":{"type":"Point","coordinates":[126.850212,36.763839]},"properties":{"id":"8808983752211","name":"선도농협 하나로마트 남부점","address":"","phone":"041-544-4361","hours":"08:30 ~ 18:00","region":"충남","district":"아산시","facilities":["은행"],"source":"농협경제지주 공식 전국마트찾기","sourceUrl":"https://www.nhhanaro.co.kr/nahh_70005.do?id=nahh001_010100000000"}},{"type":"Feature","geometry":{"type":"Point","coordinates":[127.009653,36.732137]},"properties":{"id":"8808983752099","name":"아산송악농협 하나로마트","address":"","phone":"041-543-3909","hours":"08:00 ~ 19:00","region":"충남","district":"아산시","facilities":[],"source":"농협경제지주 공식 전국마트찾기","sourceUrl":"https://www.nhhanaro.co.kr/nahh_70005.do?id=nahh001_010100000000"}},{"type":"Feature","geometry":{"type":"Point","coordinates":[126.986322,36.784028]},"properties":{"id":"8808983759012","name":"아산원예농협 하나로클럽","address":"","phone":"041-538-5000","hours":"09:00 ~ 23:00","region":"충남","district":"아산시","facilities":["은행"],"source":"농협경제지주 공식 전국마트찾기","sourceUrl":"https://www.nhhanaro.co.kr/nahh_70005.do?id=nahh001_010100000000"}},{"type":"Feature","geometry":{"type":"Point","coordinates":[127.0211754,36.7846172]},"properties":{"id":"8808983329871","name":"아산원예농협하나로마트모종점","address":"","phone":"041-532-8008","hours":"09:00 ~ 22:00","region":"충남","district":"아산시","facilities":["은행"],"source":"농협경제지주 공식 전국마트찾기","sourceUrl":"https://www.nhhanaro.co.kr/nahh_70005.do?id=nahh001_010100000000"}},{"type":"Feature","geometry":{"type":"Point","coordinates":[127.0280629,36.7762389]},"properties":{"id":"8808983301198","name":"아산축산농협하나로마트","address":"","phone":"041-549-4980","hours":"09:00 ~ 22:00","region":"충남","district":"아산시","facilities":["은행"],"source":"농협경제지주 공식 전국마트찾기","sourceUrl":"https://www.nhhanaro.co.kr/nahh_70005.do?id=nahh001_010100000000"}},{"type":"Feature","geometry":{"type":"Point","coordinates":[126.974858,36.813686]},"properties":{"id":"8808983752259","name":"염치농협 하나로마트","address":"","phone":"041-544-1355","hours":"09:00 ~ 18:00","region":"충남","district":"아산시","facilities":["은행"],"source":"농협경제지주 공식 전국마트찾기","sourceUrl":"https://www.nhhanaro.co.kr/nahh_70005.do?id=nahh001_010100000000"}},{"type":"Feature","geometry":{"type":"Point","coordinates":[127.00709,36.800766]},"properties":{"id":"8808983752242","name":"염치농협 하나로마트 석정점","address":"","phone":"041-544-1358","hours":"08:30 ~ 18:00","region":"충남","district":"아산시","facilities":["은행"],"source":"농협경제지주 공식 전국마트찾기","sourceUrl":"https://www.nhhanaro.co.kr/nahh_70005.do?id=nahh001_010100000000"}},{"type":"Feature","geometry":{"type":"Point","coordinates":[126.955529,36.854583]},"properties":{"id":"8808983752167","name":"영인농협 하나로마트","address":"","phone":"041-542-1992","hours":"08:30 ~ 20:30","region":"충남","district":"아산시","facilities":["은행"],"source":"농협경제지주 공식 전국마트찾기","sourceUrl":"https://www.nhhanaro.co.kr/nahh_70005.do?id=nahh001_010100000000"}},{"type":"Feature","geometry":{"type":"Point","coordinates":[127.0095,36.77037]},"properties":{"id":"8808983340555","name":"온양농협 하나로마트 이순신점","address":"","phone":"041-541-3600","hours":"10:00 ~ 22:00","region":"충남","district":"아산시","facilities":["은행"],"source":"농협경제지주 공식 전국마트찾기","sourceUrl":"https://www.nhhanaro.co.kr/nahh_70005.do?id=nahh001_010100000000"}},{"type":"Feature","geometry":{"type":"Point","coordinates":[127.013579,36.849572]},"properties":{"id":"8808983752143","name":"음봉농협 하나로마트","address":"","phone":"041-543-2807","hours":"09:00 ~ 18:00","region":"충남","district":"아산시","facilities":["은행"],"source":"농협경제지주 공식 전국마트찾기","sourceUrl":"https://www.nhhanaro.co.kr/nahh_70005.do?id=nahh001_010100000000"}},{"type":"Feature","geometry":{"type":"Point","coordinates":[127.09317,36.829525]},"properties":{"id":"8808983325019","name":"음봉농협 하나로마트 산동점","address":"","phone":"041-534-9331","hours":"09:00 ~ 22:00","region":"충남","district":"아산시","facilities":["은행"],"source":"농협경제지주 공식 전국마트찾기","sourceUrl":"https://www.nhhanaro.co.kr/nahh_70005.do?id=nahh001_010100000000"}},{"type":"Feature","geometry":{"type":"Point","coordinates":[126.883758,36.865654]},"properties":{"id":"8808983752181","name":"인주농협 하나로마트","address":"","phone":"041-533-3247","hours":"08:30 ~ 21:00","region":"충남","district":"아산시","facilities":[],"source":"농협경제지주 공식 전국마트찾기","sourceUrl":"https://www.nhhanaro.co.kr/nahh_70005.do?id=nahh001_010100000000"}},{"type":"Feature","geometry":{"type":"Point","coordinates":[127.073118,36.80795]},"properties":{"id":"8808983325484","name":"탕정농협 하나로마트","address":"","phone":"041-543-7505","hours":"09:00 ~ 22:00","region":"충남","district":"아산시","facilities":[],"source":"농협경제지주 공식 전국마트찾기","sourceUrl":"https://www.nhhanaro.co.kr/nahh_70005.do?id=nahh001_010100000000"}},{"type":"Feature","geometry":{"type":"Point","coordinates":[126.709668,36.745357]},"properties":{"id":"8808983751580","name":"고덕농협 하나로마트","address":"","phone":"041-337-8040","hours":"08:00 ~ 21:00","region":"충남","district":"예산군","facilities":[],"source":"농협경제지주 공식 전국마트찾기","sourceUrl":"https://www.nhhanaro.co.kr/nahh_70005.do?id=nahh001_010100000000"}},{"type":"Feature","geometry":{"type":"Point","coordinates":[126.774834,36.550045]},"properties":{"id":"8808983751535","name":"광시농협 하나로마트","address":"","phone":"041-331-1084","hours":"08:00 ~ 21:00","region":"충남","district":"예산군","facilities":[],"source":"농협경제지주 공식 전국마트찾기","sourceUrl":"https://www.nhhanaro.co.kr/nahh_70005.do?id=nahh001_010100000000"}},{"type":"Feature","geometry":{"type":"Point","coordinates":[126.725853,36.673936]},"properties":{"id":"8808983751542","name":"삽교농협 하나로마트 본점","address":"","phone":"041-337-2080","hours":"08:00 ~ 21:00","region":"충남","district":"예산군","facilities":[],"source":"농협경제지주 공식 전국마트찾기","sourceUrl":"https://www.nhhanaro.co.kr/nahh_70005.do?id=nahh001_010100000000"}},{"type":"Feature","geometry":{"type":"Point","coordinates":[126.764365,36.659536]},"properties":{"id":"8808983751528","name":"삽교농협 하나로마트 응봉점","address":"","phone":"041-333-0080","hours":"08:00 ~ 18:00","region":"충남","district":"예산군","facilities":[],"source":"농협경제지주 공식 전국마트찾기","sourceUrl":"https://www.nhhanaro.co.kr/nahh_70005.do?id=nahh001_010100000000"}},{"type":"Feature","geometry":{"type":"Point","coordinates":[126.684971,36.6721969]},"properties":{"id":"8808983331683","name":"삽교농협내포농수산물종합유통센터","address":"","phone":"041-338-5010","hours":"09:00 ~ 22:00","region":"충남","district":"예산군","facilities":[],"source":"농협경제지주 공식 전국마트찾기","sourceUrl":"https://www.nhhanaro.co.kr/nahh_70005.do?id=nahh001_010100000000"}},{"type":"Feature","geometry":{"type":"Point","coordinates":[126.825891,36.735522]},"properties":{"id":"8808983751597","name":"신암농협 하나로마트","address":"","phone":"041-332-9080","hours":"08:00 ~ 18:00","region":"충남","district":"예산군","facilities":[],"source":"농협경제지주 공식 전국마트찾기","sourceUrl":"https://www.nhhanaro.co.kr/nahh_70005.do?id=nahh001_010100000000"}},{"type":"Feature","geometry":{"type":"Point","coordinates":[126.868365,36.602913]},"properties":{"id":"8808983751498","name":"신양농협 하나로마트","address":"","phone":"041-333-7080","hours":"08:00 ~ 18:00","region":"충남","district":"예산군","facilities":["은행"],"source":"농협경제지주 공식 전국마트찾기","sourceUrl":"https://www.nhhanaro.co.kr/nahh_70005.do?id=nahh001_010100000000"}},{"type":"Feature","geometry":{"type":"Point","coordinates":[126.882725,36.645665]},"properties":{"id":"8808983757087","name":"신양농협 하나로마트 산정점","address":"","phone":"041-332-7085","hours":"08:00 ~ 21:00","region":"충남","district":"예산군","facilities":[],"source":"농협경제지주 공식 전국마트찾기","sourceUrl":"https://www.nhhanaro.co.kr/nahh_70005.do?id=nahh001_010100000000"}},{"type":"Feature","geometry":{"type":"Point","coordinates":[126.834212,36.693907]},"properties":{"id":"8808983751610","name":"예산농협 하나로마트","address":"","phone":"041-335-1100","hours":"08:30 ~ 22:00","region":"충남","district":"예산군","facilities":[],"source":"농협경제지주 공식 전국마트찾기","sourceUrl":"https://www.nhhanaro.co.kr/nahh_70005.do?id=nahh001_010100000000"}},{"type":"Feature","geometry":{"type":"Point","coordinates":[126.668811,36.704383]},"properties":{"id":"8808983751566","name":"예산덕산농협 하나로마트","address":"","phone":"041-337-4082","hours":"08:00 ~ 22:00","region":"충남","district":"예산군","facilities":[],"source":"농협경제지주 공식 전국마트찾기","sourceUrl":"https://www.nhhanaro.co.kr/nahh_70005.do?id=nahh001_010100000000"}},{"type":"Feature","geometry":{"type":"Point","coordinates":[126.798519,36.687218]},"properties":{"id":"8808983751504","name":"예산중앙농협 하나로마트","address":"","phone":"041-332-8080","hours":"08:00 ~ 19:00","region":"충남","district":"예산군","facilities":["주유소"],"source":"농협경제지주 공식 전국마트찾기","sourceUrl":"https://www.nhhanaro.co.kr/nahh_70005.do?id=nahh001_010100000000"}},{"type":"Feature","geometry":{"type":"Point","coordinates":[126.830465,36.686373]},"properties":{"id":"8808983325477","name":"예산축협 하나로마트","address":"","phone":"041-332-7810","hours":"08:40 ~ 22:00","region":"충남","district":"예산군","facilities":["은행"],"source":"농협경제지주 공식 전국마트찾기","sourceUrl":"https://www.nhhanaro.co.kr/nahh_70005.do?id=nahh001_010100000000"}},{"type":"Feature","geometry":{"type":"Point","coordinates":[127.203266,36.774207]},"properties":{"id":"8808983752341","name":"동천안농협 로컬푸드 하나로마트","address":"","phone":"041-557-6804","hours":"하절기 08:30 ~ 21:00 · 동절기 00:00 ~ 00:00","region":"충남","district":"천안시","facilities":["은행"],"source":"농협경제지주 공식 전국마트찾기","sourceUrl":"https://www.nhhanaro.co.kr/nahh_70005.do?id=nahh001_010100000000"}},{"type":"Feature","geometry":{"type":"Point","coordinates":[127.235243,36.784906]},"properties":{"id":"8808983752365","name":"동천안농협 하나로마트 목천점","address":"","phone":"041-557-2071","hours":"09:00 ~ 18:00","region":"충남","district":"천안시","facilities":["은행"],"source":"농협경제지주 공식 전국마트찾기","sourceUrl":"https://www.nhhanaro.co.kr/nahh_70005.do?id=nahh001_010100000000"}},{"type":"Feature","geometry":{"type":"Point","coordinates":[127.272387,36.823583]},"properties":{"id":"8808983752495","name":"동천안농협 하나로마트 북면점","address":"","phone":"041-553-3012","hours":"09:00 ~ 18:00","region":"충남","district":"천안시","facilities":["은행"],"source":"농협경제지주 공식 전국마트찾기","sourceUrl":"https://www.nhhanaro.co.kr/nahh_70005.do?id=nahh001_010100000000"}},{"type":"Feature","geometry":{"type":"Point","coordinates":[127.235302,36.742795]},"properties":{"id":"8808983752518","name":"동천안농협 하나로마트 성남점","address":"","phone":"041-553-0011","hours":"08:30 ~ 18:00","region":"충남","district":"천안시","facilities":[],"source":"농협경제지주 공식 전국마트찾기","sourceUrl":"https://www.nhhanaro.co.kr/nahh_70005.do?id=nahh001_010100000000"}},{"type":"Feature","geometry":{"type":"Point","coordinates":[127.217074,36.867028]},"properties":{"id":"8808983752372","name":"성거농협 하나로마트","address":"","phone":"041-556-8596","hours":"09:00 ~ 22:00","region":"충남","district":"천안시","facilities":[],"source":"농협경제지주 공식 전국마트찾기","sourceUrl":"https://www.nhhanaro.co.kr/nahh_70005.do?id=nahh001_010100000000"}},{"type":"Feature","geometry":{"type":"Point","coordinates":[127.129117,36.917782]},"properties":{"id":"8808983752389","name":"성환농협 하나로마트","address":"","phone":"041-582-1345","hours":"08:00 ~ 21:00","region":"충남","district":"천안시","facilities":["은행"],"source":"농협경제지주 공식 전국마트찾기","sourceUrl":"https://www.nhhanaro.co.kr/nahh_70005.do?id=nahh001_010100000000"}},{"type":"Feature","geometry":{"type":"Point","coordinates":[127.130886,36.95576]},"properties":{"id":"8808983752402","name":"성환농협하나로마트북부점","address":"","phone":"041-582-2912","hours":"08:30 ~ 18:00","region":"충남","district":"천안시","facilities":[],"source":"농협경제지주 공식 전국마트찾기","sourceUrl":"https://www.nhhanaro.co.kr/nahh_70005.do?id=nahh001_010100000000"}},{"type":"Feature","geometry":{"type":"Point","coordinates":[127.300532,36.763328]},"properties":{"id":"8808983752464","name":"아우내농협 하나로마트","address":"","phone":"041-564-1775","hours":"09:00 ~ 21:00","region":"충남","district":"천안시","facilities":[],"source":"농협경제지주 공식 전국마트찾기","sourceUrl":"https://www.nhhanaro.co.kr/nahh_70005.do?id=nahh001_010100000000"}},{"type":"Feature","geometry":{"type":"Point","coordinates":[127.345547,36.776544]},"properties":{"id":"8808983752471","name":"아우내농협하나로마트동면점","address":"","phone":"041-523-4007","hours":"08:00 ~ 18:00","region":"충남","district":"천안시","facilities":["은행"],"source":"농협경제지주 공식 전국마트찾기","sourceUrl":"https://www.nhhanaro.co.kr/nahh_70005.do?id=nahh001_010100000000"}},{"type":"Feature","geometry":{"type":"Point","coordinates":[127.220507,36.914415]},"properties":{"id":"8808983752426","name":"입장농협 하나로마트","address":"","phone":"041-584-9987","hours":"하절기 08:00 ~ 21:00 · 동절기 00:00 ~ 00:00","region":"충남","district":"천안시","facilities":[],"source":"농협경제지주 공식 전국마트찾기","sourceUrl":"https://www.nhhanaro.co.kr/nahh_70005.do?id=nahh001_010100000000"}},{"type":"Feature","geometry":{"type":"Point","coordinates":[127.153218,36.879792]},"properties":{"id":"8808983752440","name":"직산농협 하나로마트","address":"","phone":"041-583-4410","hours":"하절기 09:00 ~ 22:00 · 동절기 00:00 ~ 00:00","region":"충남","district":"천안시","facilities":[],"source":"농협경제지주 공식 전국마트찾기","sourceUrl":"https://www.nhhanaro.co.kr/nahh_70005.do?id=nahh001_010100000000"}},{"type":"Feature","geometry":{"type":"Point","coordinates":[127.163745,36.900864]},"properties":{"id":"8808983752457","name":"직산농협 하나로마트 군동점","address":"","phone":"041-581-3751","hours":"08:00 ~ 18:00","region":"충남","district":"천안시","facilities":[],"source":"농협경제지주 공식 전국마트찾기","sourceUrl":"https://www.nhhanaro.co.kr/nahh_70005.do?id=nahh001_010100000000"}},{"type":"Feature","geometry":{"type":"Point","coordinates":[127.148563,36.812984]},"properties":{"id":"8808983752303","name":"천안농협 하나로마트","address":"","phone":"041-568-1889","hours":"09:00 ~ 21:00","region":"충남","district":"천안시","facilities":["은행"],"source":"농협경제지주 공식 전국마트찾기","sourceUrl":"https://www.nhhanaro.co.kr/nahh_70005.do?id=nahh001_010100000000"}},{"type":"Feature","geometry":{"type":"Point","coordinates":[127.092652,36.676638]},"properties":{"id":"8808983752334","name":"천안농협 하나로마트 광덕점","address":"","phone":"041-567-0010","hours":"09:00 ~ 18:00","region":"충남","district":"천안시","facilities":["은행"],"source":"농협경제지주 공식 전국마트찾기","sourceUrl":"https://www.nhhanaro.co.kr/nahh_70005.do?id=nahh001_010100000000"}},{"type":"Feature","geometry":{"type":"Point","coordinates":[127.1075878,36.7989513]},"properties":{"id":"8808983328331","name":"천안농협 하나로마트 불당점","address":"","phone":"041-622-7326","hours":"하절기 10:00 ~ 22:00 · 동절기 00:00 ~ 00:00","region":"충남","district":"천안시","facilities":["은행"],"source":"농협경제지주 공식 전국마트찾기","sourceUrl":"https://www.nhhanaro.co.kr/nahh_70005.do?id=nahh001_010100000000"}},{"type":"Feature","geometry":{"type":"Point","coordinates":[127.1403,36.8473611]},"properties":{"id":"8808983332963","name":"천안농협 하나로마트 성성점","address":"","phone":"041-565-9553","hours":"10:00 ~ 22:00","region":"충남","district":"천안시","facilities":[],"source":"농협경제지주 공식 전국마트찾기","sourceUrl":"https://www.nhhanaro.co.kr/nahh_70005.do?id=nahh001_010100000000"}},{"type":"Feature","geometry":{"type":"Point","coordinates":[127.156955,36.688357]},"properties":{"id":"8808983752327","name":"천안농협 하나로마트 행정점","address":"","phone":"041-566-6520","hours":"08:30 ~ 17:30","region":"충남","district":"천안시","facilities":["은행"],"source":"농협경제지주 공식 전국마트찾기","sourceUrl":"https://www.nhhanaro.co.kr/nahh_70005.do?id=nahh001_010100000000"}},{"type":"Feature","geometry":{"type":"Point","coordinates":[127.153617,36.782461]},"properties":{"id":"8808983323114","name":"천안축협 하나로마트","address":"","phone":"041-520-6350","hours":"10:00 ~ 22:00","region":"충남","district":"천안시","facilities":[],"source":"농협경제지주 공식 전국마트찾기","sourceUrl":"https://www.nhhanaro.co.kr/nahh_70005.do?id=nahh001_010100000000"}},{"type":"Feature","geometry":{"type":"Point","coordinates":[126.95,36.41035]},"properties":{"id":"8808983751252","name":"정산농협 하나로마트","address":"","phone":"041-942-0034","hours":"하절기 08:00 ~ 20:00 · 동절기 00:00 ~ 00:00","region":"충남","district":"청양군","facilities":["식자재"],"source":"농협경제지주 공식 전국마트찾기","sourceUrl":"https://www.nhhanaro.co.kr/nahh_70005.do?id=nahh001_010100000000"}},{"type":"Feature","geometry":{"type":"Point","coordinates":[127.008299,36.422794]},"properties":{"id":"8808983751269","name":"정산농협 하나로마트 목면점","address":"","phone":"041-942-9681","hours":"08:30 ~ 18:00","region":"충남","district":"청양군","facilities":["은행"],"source":"농협경제지주 공식 전국마트찾기","sourceUrl":"https://www.nhhanaro.co.kr/nahh_70005.do?id=nahh001_010100000000"}},{"type":"Feature","geometry":{"type":"Point","coordinates":[126.894032,36.34107]},"properties":{"id":"8808983751290","name":"정산농협 하나로마트 장평점","address":"","phone":"041-942-6681","hours":"08:30 ~ 18:00","region":"충남","district":"청양군","facilities":["은행"],"source":"농협경제지주 공식 전국마트찾기","sourceUrl":"https://www.nhhanaro.co.kr/nahh_70005.do?id=nahh001_010100000000"}},{"type":"Feature","geometry":{"type":"Point","coordinates":[126.952071,36.353345]},"properties":{"id":"8808983751283","name":"정산농협 하나로마트 청남점","address":"","phone":"041-942-7681","hours":"08:00 ~ 18:00","region":"충남","district":"청양군","facilities":["은행"],"source":"농협경제지주 공식 전국마트찾기","sourceUrl":"https://www.nhhanaro.co.kr/nahh_70005.do?id=nahh001_010100000000"}},{"type":"Feature","geometry":{"type":"Point","coordinates":[126.801947,36.446054]},"properties":{"id":"8808983751214","name":"청양농협 하나로마트","address":"","phone":"041-943-9289","hours":"하절기 08:00 ~ 20:00 · 동절기 00:00 ~ 00:00","region":"충남","district":"청양군","facilities":["은행"],"source":"농협경제지주 공식 전국마트찾기","sourceUrl":"https://www.nhhanaro.co.kr/nahh_70005.do?id=nahh001_010100000000"}},{"type":"Feature","geometry":{"type":"Point","coordinates":[126.777009,36.398976]},"properties":{"id":"8808983751306","name":"청양농협 하나로마트 남양점","address":"","phone":"041-942-1681","hours":"08:00 ~ 19:00","region":"충남","district":"청양군","facilities":[],"source":"농협경제지주 공식 전국마트찾기","sourceUrl":"https://www.nhhanaro.co.kr/nahh_70005.do?id=nahh001_010100000000"}},{"type":"Feature","geometry":{"type":"Point","coordinates":[126.827849,36.44669]},"properties":{"id":"8808983751245","name":"청양농협 하나로마트 대치점","address":"","phone":"041-943-3610","hours":"08:30 ~ 18:00","region":"충남","district":"청양군","facilities":["은행"],"source":"농협경제지주 공식 전국마트찾기","sourceUrl":"https://www.nhhanaro.co.kr/nahh_70005.do?id=nahh001_010100000000"}},{"type":"Feature","geometry":{"type":"Point","coordinates":[126.844669,36.523401]},"properties":{"id":"8808983757070","name":"청양농협 하나로마트 운곡지점","address":"","phone":"041-942-8681","hours":"하절기 09:00 ~ 18:00 · 동절기 09:00 ~ 17:00","region":"충남","district":"청양군","facilities":["은행"],"source":"농협경제지주 공식 전국마트찾기","sourceUrl":"https://www.nhhanaro.co.kr/nahh_70005.do?id=nahh001_010100000000"}},{"type":"Feature","geometry":{"type":"Point","coordinates":[126.801069,36.45093]},"properties":{"id":"8808983757223","name":"청양축협 하나로마트 본점","address":"","phone":"041-943-4802","hours":"08:30 ~ 21:00","region":"충남","district":"청양군","facilities":[],"source":"농협경제지주 공식 전국마트찾기","sourceUrl":"https://www.nhhanaro.co.kr/nahh_70005.do?id=nahh001_010100000000"}},{"type":"Feature","geometry":{"type":"Point","coordinates":[126.715951,36.428939]},"properties":{"id":"8808983751313","name":"화성농협 하나로마트","address":"","phone":"041-942-4681","hours":"08:00 ~ 20:00","region":"충남","district":"청양군","facilities":["은행"],"source":"농협경제지주 공식 전국마트찾기","sourceUrl":"https://www.nhhanaro.co.kr/nahh_70005.do?id=nahh001_010100000000"}},{"type":"Feature","geometry":{"type":"Point","coordinates":[126.783598,36.520351]},"properties":{"id":"8808983752587","name":"화성농협 하나로마트 비봉점","address":"","phone":"041-942-5681","hours":"08:00 ~ 19:00","region":"충남","district":"청양군","facilities":["은행"],"source":"농협경제지주 공식 전국마트찾기","sourceUrl":"https://www.nhhanaro.co.kr/nahh_70005.do?id=nahh001_010100000000"}},{"type":"Feature","geometry":{"type":"Point","coordinates":[126.229724,36.714856]},"properties":{"id":"8808983751832","name":"근흥농협 하나로마트","address":"","phone":"041-673-9045","hours":"08:30 ~ 20:00","region":"충남","district":"태안군","facilities":[],"source":"농협경제지주 공식 전국마트찾기","sourceUrl":"https://www.nhhanaro.co.kr/nahh_70005.do?id=nahh001_010100000000"}},{"type":"Feature","geometry":{"type":"Point","coordinates":[126.148566,36.682318]},"properties":{"id":"8808983751849","name":"근흥농협 하나로마트 안흥점","address":"","phone":"041-674-5671","hours":"09:00 ~ 20:00","region":"충남","district":"태안군","facilities":[],"source":"농협경제지주 공식 전국마트찾기","sourceUrl":"https://www.nhhanaro.co.kr/nahh_70005.do?id=nahh001_010100000000"}},{"type":"Feature","geometry":{"type":"Point","coordinates":[126.312278,36.625251]},"properties":{"id":"8808983306995","name":"남면농협 하나로마트 청포대점","address":"","phone":"041-674-3080","hours":"08:30 ~ 21:00","region":"충남","district":"태안군","facilities":["은행"],"source":"농협경제지주 공식 전국마트찾기","sourceUrl":"https://www.nhhanaro.co.kr/nahh_70005.do?id=nahh001_010100000000"}},{"type":"Feature","geometry":{"type":"Point","coordinates":[126.298411,36.750838]},"properties":{"id":"8808983752921","name":"서산태안축협 하나로마트 태안점","address":"","phone":"041-674-5461","hours":"하절기 08:30 ~ 21:00 · 동절기 00:00 ~ 00:00","region":"충남","district":"태안군","facilities":["은행"],"source":"농협경제지주 공식 전국마트찾기","sourceUrl":"https://www.nhhanaro.co.kr/nahh_70005.do?id=nahh001_010100000000"}},{"type":"Feature","geometry":{"type":"Point","coordinates":[126.196079,36.758881]},"properties":{"id":"8808983751863","name":"소원농협 하나로마트","address":"","phone":"041-672-5302","hours":"08:00 ~ 21:00","region":"충남","district":"태안군","facilities":["은행"],"source":"농협경제지주 공식 전국마트찾기","sourceUrl":"https://www.nhhanaro.co.kr/nahh_70005.do?id=nahh001_010100000000"}},{"type":"Feature","geometry":{"type":"Point","coordinates":[126.345732,36.519218]},"properties":{"id":"8808983751795","name":"안면도농협 하나로마트","address":"","phone":"041-673-4100","hours":"08:30 ~ 21:00","region":"충남","district":"태안군","facilities":["은행"],"source":"농협경제지주 공식 전국마트찾기","sourceUrl":"https://www.nhhanaro.co.kr/nahh_70005.do?id=nahh001_010100000000"}},{"type":"Feature","geometry":{"type":"Point","coordinates":[126.407249,36.423706]},"properties":{"id":"8808983751788","name":"안면도농협 하나로마트 고남점","address":"","phone":"041-673-7111","hours":"08:30 ~ 21:00","region":"충남","district":"태안군","facilities":["은행"],"source":"농협경제지주 공식 전국마트찾기","sourceUrl":"https://www.nhhanaro.co.kr/nahh_70005.do?id=nahh001_010100000000"}},{"type":"Feature","geometry":{"type":"Point","coordinates":[126.294196,36.82536]},"properties":{"id":"8808983751894","name":"원북농협 하나로마트","address":"","phone":"041-672-3406","hours":"08:00 ~ 21:00","region":"충남","district":"태안군","facilities":[],"source":"농협경제지주 공식 전국마트찾기","sourceUrl":"https://www.nhhanaro.co.kr/nahh_70005.do?id=nahh001_010100000000"}},{"type":"Feature","geometry":{"type":"Point","coordinates":[126.278682,36.86991]},"properties":{"id":"8808983751900","name":"원북농협 하나로마트 이원지점","address":"","phone":"041-672-8010","hours":"08:00 ~ 19:00","region":"충남","district":"태안군","facilities":["은행"],"source":"농협경제지주 공식 전국마트찾기","sourceUrl":"https://www.nhhanaro.co.kr/nahh_70005.do?id=nahh001_010100000000"}},{"type":"Feature","geometry":{"type":"Point","coordinates":[126.294449,36.675333]},"properties":{"id":"8808983751801","name":"태안남면농협 하나로마트","address":"","phone":"041-673-2164","hours":"08:30 ~ 20:00","region":"충남","district":"태안군","facilities":[],"source":"농협경제지주 공식 전국마트찾기","sourceUrl":"https://www.nhhanaro.co.kr/nahh_70005.do?id=nahh001_010100000000"}},{"type":"Feature","geometry":{"type":"Point","coordinates":[126.30631,36.749112]},"properties":{"id":"8808983752822","name":"태안농협 하나로마트","address":"","phone":"041-673-9231","hours":"09:00 ~ 21:00","region":"충남","district":"태안군","facilities":[],"source":"농협경제지주 공식 전국마트찾기","sourceUrl":"https://www.nhhanaro.co.kr/nahh_70005.do?id=nahh001_010100000000"}},{"type":"Feature","geometry":{"type":"Point","coordinates":[126.2926657,36.756307]},"properties":{"id":"8808983330556","name":"태안농협하나로마트 서부점","address":"","phone":"041-674-8931","hours":"하절기 09:00 ~ 20:00 · 동절기 09:00 ~ 19:00","region":"충남","district":"태안군","facilities":["식자재"],"source":"농협경제지주 공식 전국마트찾기","sourceUrl":"https://www.nhhanaro.co.kr/nahh_70005.do?id=nahh001_010100000000"}},{"type":"Feature","geometry":{"type":"Point","coordinates":[126.551534,36.602457]},"properties":{"id":"8808983751399","name":"갈산농협 하나로마트","address":"","phone":"041-633-1531","hours":"08:30 ~ 20:30","region":"충남","district":"홍성군","facilities":[],"source":"농협경제지주 공식 전국마트찾기","sourceUrl":"https://www.nhhanaro.co.kr/nahh_70005.do?id=nahh001_010100000000"}},{"type":"Feature","geometry":{"type":"Point","coordinates":[126.54927,36.524571]},"properties":{"id":"8808983751467","name":"결성농협 하나로마트","address":"","phone":"041-642-1555","hours":"08:30 ~ 19:30","region":"충남","district":"홍성군","facilities":[],"source":"농협경제지주 공식 전국마트찾기","sourceUrl":"https://www.nhhanaro.co.kr/nahh_70005.do?id=nahh001_010100000000"}},{"type":"Feature","geometry":{"type":"Point","coordinates":[126.626604,36.502904]},"properties":{"id":"8808983751412","name":"광천농협 하나로마트","address":"","phone":"041-641-4200","hours":"09:00 ~ 21:00","region":"충남","district":"홍성군","facilities":["은행"],"source":"농협경제지주 공식 전국마트찾기","sourceUrl":"https://www.nhhanaro.co.kr/nahh_70005.do?id=nahh001_010100000000"}},{"type":"Feature","geometry":{"type":"Point","coordinates":[126.590023,36.53135]},"properties":{"id":"8808983751450","name":"광천농협 하나로마트 은하점","address":"","phone":"041-642-4555","hours":"08:30 ~ 18:00","region":"충남","district":"홍성군","facilities":["은행"],"source":"농협경제지주 공식 전국마트찾기","sourceUrl":"https://www.nhhanaro.co.kr/nahh_70005.do?id=nahh001_010100000000"}},{"type":"Feature","geometry":{"type":"Point","coordinates":[126.593152,36.51394]},"properties":{"id":"8808983751443","name":"광천농협 하나로마트 화봉점","address":"","phone":"041-642-4989","hours":"08:30 ~ 18:00","region":"충남","district":"홍성군","facilities":["은행"],"source":"농협경제지주 공식 전국마트찾기","sourceUrl":"https://www.nhhanaro.co.kr/nahh_70005.do?id=nahh001_010100000000"}},{"type":"Feature","geometry":{"type":"Point","coordinates":[126.606137,36.588501]},"properties":{"id":"8808983751375","name":"구항농협 하나로마트","address":"","phone":"041-632-7555","hours":"08:00 ~ 19:00","region":"충남","district":"홍성군","facilities":[],"source":"농협경제지주 공식 전국마트찾기","sourceUrl":"https://www.nhhanaro.co.kr/nahh_70005.do?id=nahh001_010100000000"}},{"type":"Feature","geometry":{"type":"Point","coordinates":[126.638943,36.547238]},"properties":{"id":"8808983751382","name":"구항농협 하나로마트 지정점","address":"","phone":"041-642-0787","hours":"08:00 ~ 19:00","region":"충남","district":"홍성군","facilities":[],"source":"농협경제지주 공식 전국마트찾기","sourceUrl":"https://www.nhhanaro.co.kr/nahh_70005.do?id=nahh001_010100000000"}},{"type":"Feature","geometry":{"type":"Point","coordinates":[126.734163,36.624822]},"properties":{"id":"8808983751351","name":"금마농협 하나로마트","address":"","phone":"041-633-7555","hours":"08:00 ~ 18:00","region":"충남","district":"홍성군","facilities":[],"source":"농협경제지주 공식 전국마트찾기","sourceUrl":"https://www.nhhanaro.co.kr/nahh_70005.do?id=nahh001_010100000000"}},{"type":"Feature","geometry":{"type":"Point","coordinates":[126.735055,36.626391]},"properties":{"id":"8808983752853","name":"금마농협 하나로마트 주유소점","address":"","phone":"041-634-4871","hours":"08:30 ~ 19:30","region":"충남","district":"홍성군","facilities":[],"source":"농협경제지주 공식 전국마트찾기","sourceUrl":"https://www.nhhanaro.co.kr/nahh_70005.do?id=nahh001_010100000000"}},{"type":"Feature","geometry":{"type":"Point","coordinates":[126.712841,36.621611]},"properties":{"id":"8808983752860","name":"금마농협 하나로마트 화양점","address":"","phone":"041-633-7557","hours":"08:00 ~ 18:00","region":"충남","district":"홍성군","facilities":["은행"],"source":"농협경제지주 공식 전국마트찾기","sourceUrl":"https://www.nhhanaro.co.kr/nahh_70005.do?id=nahh001_010100000000"}},{"type":"Feature","geometry":{"type":"Point","coordinates":[126.691254,36.504378]},"properties":{"id":"8808983751436","name":"장곡농협 하나로마트","address":"","phone":"041-642-0031","hours":"08:00 ~ 19:00","region":"충남","district":"홍성군","facilities":["주유소","은행"],"source":"농협경제지주 공식 전국마트찾기","sourceUrl":"https://www.nhhanaro.co.kr/nahh_70005.do?id=nahh001_010100000000"}},{"type":"Feature","geometry":{"type":"Point","coordinates":[126.742883,36.489064]},"properties":{"id":"8808983751429","name":"장곡농협 하나로마트 반계점","address":"","phone":"041-642-6247","hours":"08:00 ~ 18:00","region":"충남","district":"홍성군","facilities":[],"source":"농협경제지주 공식 전국마트찾기","sourceUrl":"https://www.nhhanaro.co.kr/nahh_70005.do?id=nahh001_010100000000"}},{"type":"Feature","geometry":{"type":"Point","coordinates":[126.687085,36.560141]},"properties":{"id":"8808983751368","name":"홍동농협 로컬푸드직매장","address":"","phone":"041-634-3551","hours":"08:30 ~ 20:00","region":"충남","district":"홍성군","facilities":["은행","식자재"],"source":"농협경제지주 공식 전국마트찾기","sourceUrl":"https://www.nhhanaro.co.kr/nahh_70005.do?id=nahh001_010100000000"}},{"type":"Feature","geometry":{"type":"Point","coordinates":[126.691937,36.648598]},"properties":{"id":"8808983751344","name":"홍북농협 하나로마트","address":"","phone":"041-632-9555","hours":"하절기 08:30 ~ 18:00 · 동절기 00:00 ~ 00:00","region":"충남","district":"홍성군","facilities":["은행"],"source":"농협경제지주 공식 전국마트찾기","sourceUrl":"https://www.nhhanaro.co.kr/nahh_70005.do?id=nahh001_010100000000"}},{"type":"Feature","geometry":{"type":"Point","coordinates":[126.721606,36.65065]},"properties":{"id":"8808983752846","name":"홍북농협 하나로마트 산수간이점","address":"","phone":"041-634-4797","hours":"09:00 ~ 18:00","region":"충남","district":"홍성군","facilities":[],"source":"농협경제지주 공식 전국마트찾기","sourceUrl":"https://www.nhhanaro.co.kr/nahh_70005.do?id=nahh001_010100000000"}},{"type":"Feature","geometry":{"type":"Point","coordinates":[126.666754,36.60245]},"properties":{"id":"8808983321134","name":"홍성농협 하나로마트","address":"","phone":"041-630-4000","hours":"08:30 ~ 22:00","region":"충남","district":"홍성군","facilities":[],"source":"농협경제지주 공식 전국마트찾기","sourceUrl":"https://www.nhhanaro.co.kr/nahh_70005.do?id=nahh001_010100000000"}},{"type":"Feature","geometry":{"type":"Point","coordinates":[126.503923,36.597787]},"properties":{"id":"8808983320311","name":"홍성서부농협 하나로마트 광리점","address":"","phone":"041-633-8554","hours":"08:30 ~ 20:00","region":"충남","district":"홍성군","facilities":["은행"],"source":"농협경제지주 공식 전국마트찾기","sourceUrl":"https://www.nhhanaro.co.kr/nahh_70005.do?id=nahh001_010100000000"}},{"type":"Feature","geometry":{"type":"Point","coordinates":[126.472476,36.540995]},"properties":{"id":"8808983751481","name":"홍성서부농협 하나로마트 남당점","address":"","phone":"041-633-9806","hours":"08:00 ~ 18:00","region":"충남","district":"홍성군","facilities":["은행"],"source":"농협경제지주 공식 전국마트찾기","sourceUrl":"https://www.nhhanaro.co.kr/nahh_70005.do?id=nahh001_010100000000"}},{"type":"Feature","geometry":{"type":"Point","coordinates":[126.654767,36.594403]},"properties":{"id":"8808983757377","name":"홍성축협 하나로마트","address":"","phone":"041-631-8100","hours":"09:00 ~ 22:00","region":"충남","district":"홍성군","facilities":[],"source":"농협경제지주 공식 전국마트찾기","sourceUrl":"https://www.nhhanaro.co.kr/nahh_70005.do?id=nahh001_010100000000"}},{"type":"Feature","geometry":{"type":"Point","coordinates":[126.623828,36.502097]},"properties":{"id":"8808983757247","name":"홍성축협 하나로마트 광천점","address":"","phone":"041-642-8948","hours":"08:30 ~ 18:00","region":"충남","district":"홍성군","facilities":["은행"],"source":"농협경제지주 공식 전국마트찾기","sourceUrl":"https://www.nhhanaro.co.kr/nahh_70005.do?id=nahh001_010100000000"}},{"type":"Feature","geometry":{"type":"Point","coordinates":[127.995662,36.764078]},"properties":{"id":"8808983767512","name":"괴산군자농협 하나로마트","address":"","phone":"043-833-0848","hours":"08:00 ~ 20:00","region":"충북","district":"괴산군","facilities":[],"source":"농협경제지주 공식 전국마트찾기","sourceUrl":"https://www.nhhanaro.co.kr/nahh_70005.do?id=nahh001_010100000000"}},{"type":"Feature","geometry":{"type":"Point","coordinates":[127.955034,36.826179]},"properties":{"id":"8808983760681","name":"괴산군자농협 하나로마트 장연점","address":"","phone":"043-832-7331","hours":"08:30 ~ 18:00","region":"충북","district":"괴산군","facilities":["은행"],"source":"농협경제지주 공식 전국마트찾기","sourceUrl":"https://www.nhhanaro.co.kr/nahh_70005.do?id=nahh001_010100000000"}},{"type":"Feature","geometry":{"type":"Point","coordinates":[127.864244,36.78835]},"properties":{"id":"8808983767529","name":"괴산군자농협 하나로마트 칠성점","address":"","phone":"043-832-5014","hours":"08:30 ~ 18:00","region":"충북","district":"괴산군","facilities":["은행"],"source":"농협경제지주 공식 전국마트찾기","sourceUrl":"https://www.nhhanaro.co.kr/nahh_70005.do?id=nahh001_010100000000"}},{"type":"Feature","geometry":{"type":"Point","coordinates":[127.794444,36.807779]},"properties":{"id":"8808983767499","name":"괴산농협하나로마트 중앙점","address":"","phone":"043-834-0371","hours":"하절기 08:00 ~ 21:00 · 동절기 08:00 ~ 20:30","region":"충북","district":"괴산군","facilities":["은행"],"source":"농협경제지주 공식 전국마트찾기","sourceUrl":"https://www.nhhanaro.co.kr/nahh_70005.do?id=nahh001_010100000000"}},{"type":"Feature","geometry":{"type":"Point","coordinates":[127.73628,36.66003]},"properties":{"id":"8808983760032","name":"괴산청천농협 하나로마트","address":"","phone":"043-832-4271","hours":"08:30 ~ 20:00","region":"충북","district":"괴산군","facilities":[],"source":"농협경제지주 공식 전국마트찾기","sourceUrl":"https://www.nhhanaro.co.kr/nahh_70005.do?id=nahh001_010100000000"}},{"type":"Feature","geometry":{"type":"Point","coordinates":[127.853383,36.872625]},"properties":{"id":"8808983760049","name":"불정농협 하나로마트","address":"","phone":"043-833-7190","hours":"08:00 ~ 18:00","region":"충북","district":"괴산군","facilities":["은행"],"source":"농협경제지주 공식 전국마트찾기","sourceUrl":"https://www.nhhanaro.co.kr/nahh_70005.do?id=nahh001_010100000000"}},{"type":"Feature","geometry":{"type":"Point","coordinates":[127.873147,36.838259]},"properties":{"id":"8808983767505","name":"불정농협 하나로마트 감물점","address":"","phone":"043-833-9030","hours":"08:30 ~ 18:00","region":"충북","district":"괴산군","facilities":[],"source":"농협경제지주 공식 전국마트찾기","sourceUrl":"https://www.nhhanaro.co.kr/nahh_70005.do?id=nahh001_010100000000"}},{"type":"Feature","geometry":{"type":"Point","coordinates":[127.612901,36.816086]},"properties":{"id":"8808983760070","name":"증평농협 하나로마트 도안점","address":"","phone":"043-836-8032","hours":"08:30 ~ 18:00","region":"충북","district":"괴산군","facilities":["은행"],"source":"농협경제지주 공식 전국마트찾기","sourceUrl":"https://www.nhhanaro.co.kr/nahh_70005.do?id=nahh001_010100000000"}},{"type":"Feature","geometry":{"type":"Point","coordinates":[127.64849,36.813133]},"properties":{"id":"8808983760087","name":"증평농협 하나로마트 사리점","address":"","phone":"043-836-7191","hours":"08:30 ~ 18:00","region":"충북","district":"괴산군","facilities":["은행"],"source":"농협경제지주 공식 전국마트찾기","sourceUrl":"https://www.nhhanaro.co.kr/nahh_70005.do?id=nahh001_010100000000"}},{"type":"Feature","geometry":{"type":"Point","coordinates":[127.639976,36.771436]},"properties":{"id":"8808983760056","name":"증평농협 하나로마트 청안점","address":"","phone":"043-836-9087","hours":"09:00 ~ 18:00","region":"충북","district":"괴산군","facilities":[],"source":"농협경제지주 공식 전국마트찾기","sourceUrl":"https://www.nhhanaro.co.kr/nahh_70005.do?id=nahh001_010100000000"}},{"type":"Feature","geometry":{"type":"Point","coordinates":[128.368771,36.982347]},"properties":{"id":"8808983760476","name":"단양농협 하나로마트","address":"","phone":"043-421-5959","hours":"08:30 ~ 21:00","region":"충북","district":"단양군","facilities":["은행"],"source":"농협경제지주 공식 전국마트찾기","sourceUrl":"https://www.nhhanaro.co.kr/nahh_70005.do?id=nahh001_010100000000"}},{"type":"Feature","geometry":{"type":"Point","coordinates":[128.354314,36.921617]},"properties":{"id":"8808983760759","name":"단양농협 하나로마트 대강점","address":"","phone":"043-422-0122","hours":"08:30 ~ 20:00","region":"충북","district":"단양군","facilities":["은행"],"source":"농협경제지주 공식 전국마트찾기","sourceUrl":"https://www.nhhanaro.co.kr/nahh_70005.do?id=nahh001_010100000000"}},{"type":"Feature","geometry":{"type":"Point","coordinates":[128.355263,36.978604]},"properties":{"id":"8808983323152","name":"단양농협 하나로마트 상진점","address":"","phone":"043-422-3408","hours":"09:00 ~ 21:00","region":"충북","district":"단양군","facilities":["은행"],"source":"농협경제지주 공식 전국마트찾기","sourceUrl":"https://www.nhhanaro.co.kr/nahh_70005.do?id=nahh001_010100000000"}},{"type":"Feature","geometry":{"type":"Point","coordinates":[128.484468,37.077787]},"properties":{"id":"8808983760780","name":"단양소백농협 하나로마트","address":"","phone":"043-423-7152","hours":"08:30 ~ 20:00","region":"충북","district":"단양군","facilities":[],"source":"농협경제지주 공식 전국마트찾기","sourceUrl":"https://www.nhhanaro.co.kr/nahh_70005.do?id=nahh001_010100000000"}},{"type":"Feature","geometry":{"type":"Point","coordinates":[128.384738,37.027832]},"properties":{"id":"8808983760520","name":"단양소백농협 하나로마트 가곡점","address":"","phone":"043-422-8030","hours":"08:30 ~ 18:00","region":"충북","district":"단양군","facilities":[],"source":"농협경제지주 공식 전국마트찾기","sourceUrl":"https://www.nhhanaro.co.kr/nahh_70005.do?id=nahh001_010100000000"}},{"type":"Feature","geometry":{"type":"Point","coordinates":[128.341783,37.073634]},"properties":{"id":"8808983760773","name":"단양소백농협 하나로마트 어상천점","address":"","phone":"043-423-6034","hours":"08:30 ~ 18:00","region":"충북","district":"단양군","facilities":["은행"],"source":"농협경제지주 공식 전국마트찾기","sourceUrl":"https://www.nhhanaro.co.kr/nahh_70005.do?id=nahh001_010100000000"}},{"type":"Feature","geometry":{"type":"Point","coordinates":[128.298308,37.034118]},"properties":{"id":"8808983760766","name":"북단양농협 하나로마트","address":"","phone":"043-422-9115","hours":"08:00 ~ 21:00","region":"충북","district":"단양군","facilities":["은행"],"source":"농협경제지주 공식 전국마트찾기","sourceUrl":"https://www.nhhanaro.co.kr/nahh_70005.do?id=nahh001_010100000000"}},{"type":"Feature","geometry":{"type":"Point","coordinates":[127.819978,36.435735]},"properties":{"id":"8808983767253","name":"남보은농협 하나로마트 마로점","address":"","phone":"043-542-2780","hours":"08:00 ~ 18:00","region":"충북","district":"보은군","facilities":[],"source":"농협경제지주 공식 전국마트찾기","sourceUrl":"https://www.nhhanaro.co.kr/nahh_70005.do?id=nahh001_010100000000"}},{"type":"Feature","geometry":{"type":"Point","coordinates":[127.701276,36.480956]},"properties":{"id":"8808983760575","name":"남보은농협 하나로마트 수한점","address":"","phone":"043-543-2215","hours":"08:00 ~ 18:00","region":"충북","district":"보은군","facilities":["은행"],"source":"농협경제지주 공식 전국마트찾기","sourceUrl":"https://www.nhhanaro.co.kr/nahh_70005.do?id=nahh001_010100000000"}},{"type":"Feature","geometry":{"type":"Point","coordinates":[127.796401,36.430948]},"properties":{"id":"8808983767260","name":"남보은농협 하나로마트 탄부점","address":"","phone":"043-542-7890","hours":"08:00 ~ 18:00","region":"충북","district":"보은군","facilities":[],"source":"농협경제지주 공식 전국마트찾기","sourceUrl":"https://www.nhhanaro.co.kr/nahh_70005.do?id=nahh001_010100000000"}},{"type":"Feature","geometry":{"type":"Point","coordinates":[127.597347,36.490933]},"properties":{"id":"8808983760582","name":"남보은농협 하나로마트 회인점","address":"","phone":"043-542-9264","hours":"08:00 ~ 18:00","region":"충북","district":"보은군","facilities":[],"source":"농협경제지주 공식 전국마트찾기","sourceUrl":"https://www.nhhanaro.co.kr/nahh_70005.do?id=nahh001_010100000000"}},{"type":"Feature","geometry":{"type":"Point","coordinates":[127.717247,36.486826]},"properties":{"id":"8808983302003","name":"보은농협 하나로마트","address":"","phone":"043-544-0777","hours":"08:00 ~ 21:00","region":"충북","district":"보은군","facilities":["은행"],"source":"농협경제지주 공식 전국마트찾기","sourceUrl":"https://www.nhhanaro.co.kr/nahh_70005.do?id=nahh001_010100000000"}},{"type":"Feature","geometry":{"type":"Point","coordinates":[127.662131,36.577517]},"properties":{"id":"8808983767284","name":"보은농협 하나로마트 내북점","address":"","phone":"043-542-0338","hours":"09:00 ~ 18:00","region":"충북","district":"보은군","facilities":["은행"],"source":"농협경제지주 공식 전국마트찾기","sourceUrl":"https://www.nhhanaro.co.kr/nahh_70005.do?id=nahh001_010100000000"}},{"type":"Feature","geometry":{"type":"Point","coordinates":[127.73217,36.55146]},"properties":{"id":"8808983767291","name":"보은농협 하나로마트 산외점","address":"","phone":"043-542-4009","hours":"08:20 ~ 18:00","region":"충북","district":"보은군","facilities":["은행"],"source":"농협경제지주 공식 전국마트찾기","sourceUrl":"https://www.nhhanaro.co.kr/nahh_70005.do?id=nahh001_010100000000"}},{"type":"Feature","geometry":{"type":"Point","coordinates":[127.821691,36.530386]},"properties":{"id":"8808983767222","name":"보은농협 하나로마트 속리산점","address":"","phone":"043-543-0496","hours":"09:00 ~ 18:00","region":"충북","district":"보은군","facilities":["은행"],"source":"농협경제지주 공식 전국마트찾기","sourceUrl":"https://www.nhhanaro.co.kr/nahh_70005.do?id=nahh001_010100000000"}},{"type":"Feature","geometry":{"type":"Point","coordinates":[127.787694,36.466586]},"properties":{"id":"8808983767246","name":"보은농협 하나로마트 장안점","address":"","phone":"043-542-5813","hours":"09:00 ~ 18:00","region":"충북","district":"보은군","facilities":[],"source":"농협경제지주 공식 전국마트찾기","sourceUrl":"https://www.nhhanaro.co.kr/nahh_70005.do?id=nahh001_010100000000"}},{"type":"Feature","geometry":{"type":"Point","coordinates":[127.683952,36.098054]},"properties":{"id":"8808983767390","name":"영동 학산농협 하나로마트","address":"","phone":"043-743-6402","hours":"08:00 ~ 18:00","region":"충북","district":"영동군","facilities":["은행"],"source":"농협경제지주 공식 전국마트찾기","sourceUrl":"https://www.nhhanaro.co.kr/nahh_70005.do?id=nahh001_010100000000"}},{"type":"Feature","geometry":{"type":"Point","coordinates":[127.722132,36.237208]},"properties":{"id":"8808983760971","name":"영동농협 하나로마트 북부점","address":"","phone":"043-742-8701","hours":"09:00 ~ 18:00","region":"충북","district":"영동군","facilities":["은행"],"source":"농협경제지주 공식 전국마트찾기","sourceUrl":"https://www.nhhanaro.co.kr/nahh_70005.do?id=nahh001_010100000000"}},{"type":"Feature","geometry":{"type":"Point","coordinates":[127.786303,36.171357]},"properties":{"id":"8808983767352","name":"영동농협 하나로마트 역전점","address":"","phone":"043-742-3818","hours":"08:30 ~ 18:00","region":"충북","district":"영동군","facilities":[],"source":"농협경제지주 공식 전국마트찾기","sourceUrl":"https://www.nhhanaro.co.kr/nahh_70005.do?id=nahh001_010100000000"}},{"type":"Feature","geometry":{"type":"Point","coordinates":[127.82856,36.260687]},"properties":{"id":"8808983760629","name":"영동농협 하나로마트 용산점","address":"","phone":"043-742-9702","hours":"08:30 ~ 18:00","region":"충북","district":"영동군","facilities":["은행"],"source":"농협경제지주 공식 전국마트찾기","sourceUrl":"https://www.nhhanaro.co.kr/nahh_70005.do?id=nahh001_010100000000"}},{"type":"Feature","geometry":{"type":"Point","coordinates":[128.002021,36.211024]},"properties":{"id":"8808983767413","name":"추풍령농협 하나로마트 본점","address":"","phone":"043-742-2835","hours":"08:00 ~ 20:00","region":"충북","district":"영동군","facilities":[],"source":"농협경제지주 공식 전국마트찾기","sourceUrl":"https://www.nhhanaro.co.kr/nahh_70005.do?id=nahh001_010100000000"}},{"type":"Feature","geometry":{"type":"Point","coordinates":[127.773683,36.172731]},"properties":{"id":"8808983760964","name":"충북 영동농협 하나로마트","address":"","phone":"043-740-8080","hours":"하절기 09:00 ~ 22:00 · 동절기 00:00 ~ 00:00","region":"충북","district":"영동군","facilities":["은행"],"source":"농협경제지주 공식 전국마트찾기","sourceUrl":"https://www.nhhanaro.co.kr/nahh_70005.do?id=nahh001_010100000000"}},{"type":"Feature","geometry":{"type":"Point","coordinates":[127.667631,36.123534]},"properties":{"id":"8808983760636","name":"학산농협 하나로마트 양산점","address":"","phone":"043-745-9397","hours":"08:00 ~ 18:00","region":"충북","district":"영동군","facilities":[],"source":"농협경제지주 공식 전국마트찾기","sourceUrl":"https://www.nhhanaro.co.kr/nahh_70005.do?id=nahh001_010100000000"}},{"type":"Feature","geometry":{"type":"Point","coordinates":[127.931906,36.190771]},"properties":{"id":"8808983760643","name":"황간농협 하나로마트 매곡점","address":"","phone":"043-743-2185","hours":"08:00 ~ 18:00","region":"충북","district":"영동군","facilities":["은행"],"source":"농협경제지주 공식 전국마트찾기","sourceUrl":"https://www.nhhanaro.co.kr/nahh_70005.do?id=nahh001_010100000000"}},{"type":"Feature","geometry":{"type":"Point","coordinates":[127.909648,36.227988]},"properties":{"id":"8808983767406","name":"황간농협 하나로마트 본점","address":"","phone":"043-742-4093","hours":"08:00 ~ 20:00","region":"충북","district":"영동군","facilities":[],"source":"농협경제지주 공식 전국마트찾기","sourceUrl":"https://www.nhhanaro.co.kr/nahh_70005.do?id=nahh001_010100000000"}},{"type":"Feature","geometry":{"type":"Point","coordinates":[127.913142,36.146496]},"properties":{"id":"8808983767420","name":"황간농협 하나로마트 상촌점","address":"","phone":"043-743-3580","hours":"08:00 ~ 20:00","region":"충북","district":"영동군","facilities":[],"source":"농협경제지주 공식 전국마트찾기","sourceUrl":"https://www.nhhanaro.co.kr/nahh_70005.do?id=nahh001_010100000000"}},{"type":"Feature","geometry":{"type":"Point","coordinates":[127.660812,36.393283]},"properties":{"id":"8808983767314","name":"대청농협 하나로마트","address":"","phone":"043-732-6040","hours":"08:00 ~ 18:00","region":"충북","district":"옥천군","facilities":[],"source":"농협경제지주 공식 전국마트찾기","sourceUrl":"https://www.nhhanaro.co.kr/nahh_70005.do?id=nahh001_010100000000"}},{"type":"Feature","geometry":{"type":"Point","coordinates":[127.674783,36.357668]},"properties":{"id":"8808983767307","name":"대청농협 하나로마트 안남지점","address":"","phone":"043-732-7008","hours":"08:00 ~ 18:00","region":"충북","district":"옥천군","facilities":[],"source":"농협경제지주 공식 전국마트찾기","sourceUrl":"https://www.nhhanaro.co.kr/nahh_70005.do?id=nahh001_010100000000"}},{"type":"Feature","geometry":{"type":"Point","coordinates":[127.566838,36.301051]},"properties":{"id":"8808983760599","name":"옥천농협 하나로마트","address":"","phone":"043-730-6007","hours":"08:30 ~ 21:00","region":"충북","district":"옥천군","facilities":[],"source":"농협경제지주 공식 전국마트찾기","sourceUrl":"https://www.nhhanaro.co.kr/nahh_70005.do?id=nahh001_010100000000"}},{"type":"Feature","geometry":{"type":"Point","coordinates":[127.533512,36.329144]},"properties":{"id":"8808983760933","name":"옥천농협 하나로마트 군북점","address":"","phone":"043-733-3575","hours":"08:30 ~ 18:00","region":"충북","district":"옥천군","facilities":["은행"],"source":"농협경제지주 공식 전국마트찾기","sourceUrl":"https://www.nhhanaro.co.kr/nahh_70005.do?id=nahh001_010100000000"}},{"type":"Feature","geometry":{"type":"Point","coordinates":[127.620918,36.282363]},"properties":{"id":"8808983760940","name":"옥천농협 하나로마트 동이점","address":"","phone":"043-733-3573","hours":"08:00 ~ 18:00","region":"충북","district":"옥천군","facilities":["은행"],"source":"농협경제지주 공식 전국마트찾기","sourceUrl":"https://www.nhhanaro.co.kr/nahh_70005.do?id=nahh001_010100000000"}},{"type":"Feature","geometry":{"type":"Point","coordinates":[127.632126,36.22806]},"properties":{"id":"8808983767321","name":"옥천이원농협 하나로마트","address":"","phone":"043-732-2020","hours":"08:00 ~ 19:00","region":"충북","district":"옥천군","facilities":["은행"],"source":"농협경제지주 공식 전국마트찾기","sourceUrl":"https://www.nhhanaro.co.kr/nahh_70005.do?id=nahh001_010100000000"}},{"type":"Feature","geometry":{"type":"Point","coordinates":[127.794018,36.345108]},"properties":{"id":"8808983760612","name":"옥천청산농협 하나로마트","address":"","phone":"043-732-8401","hours":"08:00 ~ 18:00","region":"충북","district":"옥천군","facilities":[],"source":"농협경제지주 공식 전국마트찾기","sourceUrl":"https://www.nhhanaro.co.kr/nahh_70005.do?id=nahh001_010100000000"}},{"type":"Feature","geometry":{"type":"Point","coordinates":[127.64012,37.118088]},"properties":{"id":"8808983760216","name":"감곡농협 하나로마트 본점","address":"","phone":"043-881-2489","hours":"08:00 ~ 22:00","region":"충북","district":"음성군","facilities":[],"source":"농협경제지주 공식 전국마트찾기","sourceUrl":"https://www.nhhanaro.co.kr/nahh_70005.do?id=nahh001_010100000000"}},{"type":"Feature","geometry":{"type":"Point","coordinates":[127.596428,36.987903]},"properties":{"id":"8808983760926","name":"금왕농협 하나로마트","address":"","phone":"043-881-3800","hours":"하절기 08:00 ~ 22:00 · 동절기 00:00 ~ 00:00","region":"충북","district":"음성군","facilities":[],"source":"농협경제지주 공식 전국마트찾기","sourceUrl":"https://www.nhhanaro.co.kr/nahh_70005.do?id=nahh001_010100000000"}},{"type":"Feature","geometry":{"type":"Point","coordinates":[127.521799,36.950894]},"properties":{"id":"8808983760179","name":"대소농협 하나로마트 부윤점","address":"","phone":"043-881-1970","hours":"09:00 ~ 18:00","region":"충북","district":"음성군","facilities":["은행"],"source":"농협경제지주 공식 전국마트찾기","sourceUrl":"https://www.nhhanaro.co.kr/nahh_70005.do?id=nahh001_010100000000"}},{"type":"Feature","geometry":{"type":"Point","coordinates":[127.484829,36.967015]},"properties":{"id":"8808983760704","name":"대소농협 하나로마트 오산점","address":"","phone":"043-881-7344","hours":"08:00 ~ 22:00","region":"충북","district":"음성군","facilities":["은행"],"source":"농협경제지주 공식 전국마트찾기","sourceUrl":"https://www.nhhanaro.co.kr/nahh_70005.do?id=nahh001_010100000000"}},{"type":"Feature","geometry":{"type":"Point","coordinates":[127.5486849,36.9107316]},"properties":{"id":"8808983760155","name":"맹동농협하나로마트","address":"","phone":"043-881-4579","hours":"09:00 ~ 21:00","region":"충북","district":"음성군","facilities":["은행"],"source":"농협경제지주 공식 전국마트찾기","sourceUrl":"https://www.nhhanaro.co.kr/nahh_70005.do?id=nahh001_010100000000"}},{"type":"Feature","geometry":{"type":"Point","coordinates":[127.497809,37.018625]},"properties":{"id":"8808983760186","name":"삼성농협 하나로마트","address":"","phone":"043-877-1864","hours":"08:00 ~ 21:00","region":"충북","district":"음성군","facilities":[],"source":"농협경제지주 공식 전국마트찾기","sourceUrl":"https://www.nhhanaro.co.kr/nahh_70005.do?id=nahh001_010100000000"}},{"type":"Feature","geometry":{"type":"Point","coordinates":[127.60379,37.034841]},"properties":{"id":"8808983760209","name":"생극농협 하나로마트","address":"","phone":"043-877-4781","hours":"08:00 ~ 20:00","region":"충북","district":"음성군","facilities":["은행"],"source":"농협경제지주 공식 전국마트찾기","sourceUrl":"https://www.nhhanaro.co.kr/nahh_70005.do?id=nahh001_010100000000"}},{"type":"Feature","geometry":{"type":"Point","coordinates":[127.689775,36.930887]},"properties":{"id":"8808983760117","name":"음성농협 하나로마트","address":"","phone":"043-872-6520","hours":"08:00 ~ 22:00","region":"충북","district":"음성군","facilities":["은행"],"source":"농협경제지주 공식 전국마트찾기","sourceUrl":"https://www.nhhanaro.co.kr/nahh_70005.do?id=nahh001_010100000000"}},{"type":"Feature","geometry":{"type":"Point","coordinates":[127.654382,36.876106]},"properties":{"id":"8808983760148","name":"음성농협 하나로마트 원남점","address":"","phone":"043-872-7044","hours":"09:00 ~ 18:00","region":"충북","district":"음성군","facilities":["은행"],"source":"농협경제지주 공식 전국마트찾기","sourceUrl":"https://www.nhhanaro.co.kr/nahh_70005.do?id=nahh001_010100000000"}},{"type":"Feature","geometry":{"type":"Point","coordinates":[128.181483,36.933379]},"properties":{"id":"8808983760452","name":"남제천농협 하나로마트","address":"","phone":"043-648-5413","hours":"08:30 ~ 18:00","region":"충북","district":"제천시","facilities":[],"source":"농협경제지주 공식 전국마트찾기","sourceUrl":"https://www.nhhanaro.co.kr/nahh_70005.do?id=nahh001_010100000000"}},{"type":"Feature","geometry":{"type":"Point","coordinates":[128.022295,37.139241]},"properties":{"id":"8808983760421","name":"백운농협 하나로마트","address":"","phone":"043-652-6613","hours":"09:00 ~ 18:00","region":"충북","district":"제천시","facilities":["주유소","은행"],"source":"농협경제지주 공식 전국마트찾기","sourceUrl":"https://www.nhhanaro.co.kr/nahh_70005.do?id=nahh001_010100000000"}},{"type":"Feature","geometry":{"type":"Point","coordinates":[128.123082,37.132393]},"properties":{"id":"8808983760414","name":"봉양농협 하나로마트 본점","address":"","phone":"043-648-1613","hours":"08:30 ~ 19:30","region":"충북","district":"제천시","facilities":[],"source":"농협경제지주 공식 전국마트찾기","sourceUrl":"https://www.nhhanaro.co.kr/nahh_70005.do?id=nahh001_010100000000"}},{"type":"Feature","geometry":{"type":"Point","coordinates":[128.167193,37.061987]},"properties":{"id":"8808983760438","name":"제천금성농협 하나로마트 본점","address":"","phone":"043-652-4217","hours":"09:00 ~ 18:00","region":"충북","district":"제천시","facilities":[],"source":"농협경제지주 공식 전국마트찾기","sourceUrl":"https://www.nhhanaro.co.kr/nahh_70005.do?id=nahh001_010100000000"}},{"type":"Feature","geometry":{"type":"Point","coordinates":[128.208453,37.14124]},"properties":{"id":"8808983760384","name":"제천농협 하나로마트","address":"","phone":"043-653-8072","hours":"09:00 ~ 21:00","region":"충북","district":"제천시","facilities":["주유소","은행"],"source":"농협경제지주 공식 전국마트찾기","sourceUrl":"https://www.nhhanaro.co.kr/nahh_70005.do?id=nahh001_010100000000"}},{"type":"Feature","geometry":{"type":"Point","coordinates":[127.580036,36.783532]},"properties":{"id":"8808983760698","name":"증평농협 하나로마트","address":"","phone":"043-836-4165","hours":"08:00 ~ 22:00","region":"충북","district":"증평군","facilities":[],"source":"농협경제지주 공식 전국마트찾기","sourceUrl":"https://www.nhhanaro.co.kr/nahh_70005.do?id=nahh001_010100000000"}},{"type":"Feature","geometry":{"type":"Point","coordinates":[127.579236,36.790487]},"properties":{"id":"8808983323893","name":"증평농협 하나로마트 본점","address":"","phone":"043-838-5459","hours":"09:00 ~ 22:00","region":"충북","district":"증평군","facilities":["은행"],"source":"농협경제지주 공식 전국마트찾기","sourceUrl":"https://www.nhhanaro.co.kr/nahh_70005.do?id=nahh001_010100000000"}},{"type":"Feature","geometry":{"type":"Point","coordinates":[127.444087,36.9899]},"properties":{"id":"8808983767482","name":"광혜원농협 하나로마트","address":"","phone":"043-535-3890","hours":"09:00 ~ 20:00","region":"충북","district":"진천군","facilities":["은행"],"source":"농협경제지주 공식 전국마트찾기","sourceUrl":"https://www.nhhanaro.co.kr/nahh_70005.do?id=nahh001_010100000000"}},{"type":"Feature","geometry":{"type":"Point","coordinates":[127.508824,36.911677]},"properties":{"id":"8808983767444","name":"덕산농협 하나로마트","address":"","phone":"043-537-2287","hours":"하절기 08:00 ~ 09:30 · 동절기 00:00 ~ 00:00","region":"충북","district":"진천군","facilities":[],"source":"농협경제지주 공식 전국마트찾기","sourceUrl":"https://www.nhhanaro.co.kr/nahh_70005.do?id=nahh001_010100000000"}},{"type":"Feature","geometry":{"type":"Point","coordinates":[127.5337283,36.9036809]},"properties":{"id":"8808983333304","name":"덕산농협 하나로마트 두촌지점","address":"","phone":"043-537-8774","hours":"하절기 09:00 ~ 21:00 · 동절기 00:00 ~ 00:00","region":"충북","district":"진천군","facilities":["은행"],"source":"농협경제지주 공식 전국마트찾기","sourceUrl":"https://www.nhhanaro.co.kr/nahh_70005.do?id=nahh001_010100000000"}},{"type":"Feature","geometry":{"type":"Point","coordinates":[127.43542,36.784907]},"properties":{"id":"8808983767468","name":"문백농협 하나로마트","address":"","phone":"043-532-7381","hours":"08:50 ~ 20:00","region":"충북","district":"진천군","facilities":[],"source":"농협경제지주 공식 전국마트찾기","sourceUrl":"https://www.nhhanaro.co.kr/nahh_70005.do?id=nahh001_010100000000"}},{"type":"Feature","geometry":{"type":"Point","coordinates":[127.474448,36.836742]},"properties":{"id":"8808983760803","name":"문백농협 하나로마트 장월점","address":"","phone":"043-533-2597","hours":"09:00 ~ 18:00","region":"충북","district":"진천군","facilities":[],"source":"농협경제지주 공식 전국마트찾기","sourceUrl":"https://www.nhhanaro.co.kr/nahh_70005.do?id=nahh001_010100000000"}},{"type":"Feature","geometry":{"type":"Point","coordinates":[127.429033,36.928352]},"properties":{"id":"8808983760674","name":"이월농협 하나로마트","address":"","phone":"043-536-8383","hours":"하절기 08:00 ~ 20:00 · 동절기 00:00 ~ 00:00","region":"충북","district":"진천군","facilities":[],"source":"농협경제지주 공식 전국마트찾기","sourceUrl":"https://www.nhhanaro.co.kr/nahh_70005.do?id=nahh001_010100000000"}},{"type":"Feature","geometry":{"type":"Point","coordinates":[127.44529,36.856525]},"properties":{"id":"8808983760797","name":"진천농협 하나로마트","address":"","phone":"043-533-9605","hours":"하절기 08:00 ~ 22:00 · 동절기 00:00 ~ 00:00","region":"충북","district":"진천군","facilities":[],"source":"농협경제지주 공식 전국마트찾기","sourceUrl":"https://www.nhhanaro.co.kr/nahh_70005.do?id=nahh001_010100000000"}},{"type":"Feature","geometry":{"type":"Point","coordinates":[127.378131,36.882426]},"properties":{"id":"8808983767475","name":"진천농협 하나로마트 백곡점","address":"","phone":"043-532-5381","hours":"08:30 ~ 22:00","region":"충북","district":"진천군","facilities":["은행"],"source":"농협경제지주 공식 전국마트찾기","sourceUrl":"https://www.nhhanaro.co.kr/nahh_70005.do?id=nahh001_010100000000"}},{"type":"Feature","geometry":{"type":"Point","coordinates":[127.410131,36.824698]},"properties":{"id":"8808983767437","name":"진천농협 하나로마트 사석점","address":"","phone":"043-532-9381","hours":"08:00 ~ 22:00","region":"충북","district":"진천군","facilities":[],"source":"농협경제지주 공식 전국마트찾기","sourceUrl":"https://www.nhhanaro.co.kr/nahh_70005.do?id=nahh001_010100000000"}},{"type":"Feature","geometry":{"type":"Point","coordinates":[127.429617,36.837707]},"properties":{"id":"8808983322810","name":"진천농협 하나로마트 중앙점","address":"","phone":"043-533-9605","hours":"08:00 ~ 22:00","region":"충북","district":"진천군","facilities":["은행"],"source":"농협경제지주 공식 전국마트찾기","sourceUrl":"https://www.nhhanaro.co.kr/nahh_70005.do?id=nahh001_010100000000"}},{"type":"Feature","geometry":{"type":"Point","coordinates":[127.437354,36.858984]},"properties":{"id":"8808983767604","name":"진천축협 하나로마트 본점","address":"","phone":"043-533-8105","hours":"08:30 ~ 22:00","region":"충북","district":"진천군","facilities":["은행"],"source":"농협경제지주 공식 전국마트찾기","sourceUrl":"https://www.nhhanaro.co.kr/nahh_70005.do?id=nahh001_010100000000"}},{"type":"Feature","geometry":{"type":"Point","coordinates":[127.524789,36.845443]},"properties":{"id":"8808983760667","name":"초평농협 하나로마트","address":"","phone":"043-532-6381","hours":"08:00 ~ 20:00","region":"충북","district":"진천군","facilities":[],"source":"농협경제지주 공식 전국마트찾기","sourceUrl":"https://www.nhhanaro.co.kr/nahh_70005.do?id=nahh001_010100000000"}},{"type":"Feature","geometry":{"type":"Point","coordinates":[127.35663,36.623077]},"properties":{"id":"8808983769042","name":"강내농협 하나로마트","address":"","phone":"043-239-0772","hours":"하절기 08:30 ~ 21:30 · 동절기 00:00 ~ 00:00","region":"충북","district":"청주시","facilities":[],"source":"농협경제지주 공식 전국마트찾기","sourceUrl":"https://www.nhhanaro.co.kr/nahh_70005.do?id=nahh001_010100000000"}},{"type":"Feature","geometry":{"type":"Point","coordinates":[127.4337,36.559744]},"properties":{"id":"8808983767079","name":"남청주농협 하나로마트","address":"","phone":"043-260-6007","hours":"하절기 08:00 ~ 20:30 · 동절기 08:00 ~ 20:00","region":"충북","district":"청주시","facilities":[],"source":"농협경제지주 공식 전국마트찾기","sourceUrl":"https://www.nhhanaro.co.kr/nahh_70005.do?id=nahh001_010100000000"}},{"type":"Feature","geometry":{"type":"Point","coordinates":[127.540101,36.724275]},"properties":{"id":"8808983760544","name":"내수농협 하나로마트","address":"","phone":"043-214-0402","hours":"하절기 08:00 ~ 21:00 · 동절기 00:00 ~ 00:00","region":"충북","district":"청주시","facilities":["은행"],"source":"농협경제지주 공식 전국마트찾기","sourceUrl":"https://www.nhhanaro.co.kr/nahh_70005.do?id=nahh001_010100000000"}},{"type":"Feature","geometry":{"type":"Point","coordinates":[127.654786,36.633642]},"properties":{"id":"8808983767123","name":"미원낭성농협 하나로마트","address":"","phone":"043-297-1311","hours":"하절기 08:00 ~ 07:30 · 동절기 00:00 ~ 00:00","region":"충북","district":"청주시","facilities":[],"source":"농협경제지주 공식 전국마트찾기","sourceUrl":"https://www.nhhanaro.co.kr/nahh_70005.do?id=nahh001_010100000000"}},{"type":"Feature","geometry":{"type":"Point","coordinates":[127.604539,36.621797]},"properties":{"id":"8808983760568","name":"미원낭성농협 하나로마트 낭성점","address":"","phone":"043-225-9609","hours":"하절기 08:00 ~ 18:00 · 동절기 00:00 ~ 00:00","region":"충북","district":"청주시","facilities":[],"source":"농협경제지주 공식 전국마트찾기","sourceUrl":"https://www.nhhanaro.co.kr/nahh_70005.do?id=nahh001_010100000000"}},{"type":"Feature","geometry":{"type":"Point","coordinates":[127.42532,36.627844]},"properties":{"id":"8808983769097","name":"서청주농협 하나로마트 본점","address":"","phone":"043-233-0057","hours":"08:00 ~ 18:00","region":"충북","district":"청주시","facilities":["은행"],"source":"농협경제지주 공식 전국마트찾기","sourceUrl":"https://www.nhhanaro.co.kr/nahh_70005.do?id=nahh001_010100000000"}},{"type":"Feature","geometry":{"type":"Point","coordinates":[127.394015,36.646092]},"properties":{"id":"8808983767024","name":"서청주농협 하나로마트 정봉점","address":"","phone":"043-233-0426","hours":"09:00 ~ 18:00","region":"충북","district":"청주시","facilities":["은행"],"source":"농협경제지주 공식 전국마트찾기","sourceUrl":"https://www.nhhanaro.co.kr/nahh_70005.do?id=nahh001_010100000000"}},{"type":"Feature","geometry":{"type":"Point","coordinates":[127.326957,36.610216]},"properties":{"id":"8808983767055","name":"오송농협 하나로마트 오송점","address":"","phone":"043-239-2422","hours":"하절기 08:00 ~ 20:00 · 동절기 00:00 ~ 00:00","region":"충북","district":"청주시","facilities":[],"source":"농협경제지주 공식 전국마트찾기","sourceUrl":"https://www.nhhanaro.co.kr/nahh_70005.do?id=nahh001_010100000000"}},{"type":"Feature","geometry":{"type":"Point","coordinates":[127.331268,36.630048]},"properties":{"id":"8808983307978","name":"오송농협 하나로마트 의료단점","address":"","phone":"043-238-2228","hours":"하절기 09:00 ~ 22:00 · 동절기 00:00 ~ 00:00","region":"충북","district":"청주시","facilities":[],"source":"농협경제지주 공식 전국마트찾기","sourceUrl":"https://www.nhhanaro.co.kr/nahh_70005.do?id=nahh001_010100000000"}},{"type":"Feature","geometry":{"type":"Point","coordinates":[127.4523,36.730347]},"properties":{"id":"8808983769059","name":"오창농협 하나로마트","address":"","phone":"043-251-3082","hours":"하절기 08:00 ~ 19:00 · 동절기 00:00 ~ 00:00","region":"충북","district":"청주시","facilities":[],"source":"농협경제지주 공식 전국마트찾기","sourceUrl":"https://www.nhhanaro.co.kr/nahh_70005.do?id=nahh001_010100000000"}},{"type":"Feature","geometry":{"type":"Point","coordinates":[127.546454,36.553665]},"properties":{"id":"8808983767185","name":"청남농협 하나로마트 가덕점","address":"","phone":"043-298-5414","hours":"하절기 09:00 ~ 17:00 · 동절기 00:00 ~ 00:00","region":"충북","district":"청주시","facilities":["은행"],"source":"농협경제지주 공식 전국마트찾기","sourceUrl":"https://www.nhhanaro.co.kr/nahh_70005.do?id=nahh001_010100000000"}},{"type":"Feature","geometry":{"type":"Point","coordinates":[127.4972,36.516202]},"properties":{"id":"8808983767086","name":"청남농협 하나로마트 문의점","address":"","phone":"043-298-7712","hours":"하절기 09:00 ~ 17:00 · 동절기 00:00 ~ 00:00","region":"충북","district":"청주시","facilities":["은행"],"source":"농협경제지주 공식 전국마트찾기","sourceUrl":"https://www.nhhanaro.co.kr/nahh_70005.do?id=nahh001_010100000000"}},{"type":"Feature","geometry":{"type":"Point","coordinates":[127.507349,36.590172]},"properties":{"id":"8808983769066","name":"청남농협 하나로마트 본점","address":"","phone":"043-297-4206","hours":"하절기 09:00 ~ 21:00 · 동절기 00:00 ~ 00:00","region":"충북","district":"청주시","facilities":["은행"],"source":"농협경제지주 공식 전국마트찾기","sourceUrl":"https://www.nhhanaro.co.kr/nahh_70005.do?id=nahh001_010100000000"}},{"type":"Feature","geometry":{"type":"Point","coordinates":[127.375863,36.654613]},"properties":{"id":"8808983769028","name":"청원옥산농협 하나로마트 본점","address":"","phone":"043-260-0080","hours":"하절기 08:00 ~ 19:00 · 동절기 00:00 ~ 00:00","region":"충북","district":"청주시","facilities":[],"source":"농협경제지주 공식 전국마트찾기","sourceUrl":"https://www.nhhanaro.co.kr/nahh_70005.do?id=nahh001_010100000000"}},{"type":"Feature","geometry":{"type":"Point","coordinates":[127.505552,36.609081]},"properties":{"id":"8808983767130","name":"청주농협 하나로마트","address":"","phone":"043-294-1116","hours":"09:00 ~ 21:00","region":"충북","district":"청주시","facilities":["은행"],"source":"농협경제지주 공식 전국마트찾기","sourceUrl":"https://www.nhhanaro.co.kr/nahh_70005.do?id=nahh001_010100000000"}},{"type":"Feature","geometry":{"type":"Point","coordinates":[127.4664712,36.66037]},"properties":{"id":"8808983333205","name":"청주농협 하나로마트 사운로점","address":"","phone":"043-251-3127","hours":"하절기 09:00 ~ 21:00 · 동절기 00:00 ~ 00:00","region":"충북","district":"청주시","facilities":["문화센터","은행"],"source":"농협경제지주 공식 전국마트찾기","sourceUrl":"https://www.nhhanaro.co.kr/nahh_70005.do?id=nahh001_010100000000"}},{"type":"Feature","geometry":{"type":"Point","coordinates":[127.479302,36.699323]},"properties":{"id":"8808983769073","name":"청주농협 하나로마트 오근장점","address":"","phone":"043-211-0467","hours":"09:00 ~ 17:00","region":"충북","district":"청주시","facilities":["은행"],"source":"농협경제지주 공식 전국마트찾기","sourceUrl":"https://www.nhhanaro.co.kr/nahh_70005.do?id=nahh001_010100000000"}},{"type":"Feature","geometry":{"type":"Point","coordinates":[127.478977,36.641303]},"properties":{"id":"8808983767192","name":"충북원예농협 하나로마트 청주점","address":"","phone":"043-265-7465","hours":"08:00 ~ 21:00","region":"충북","district":"청주시","facilities":[],"source":"농협경제지주 공식 전국마트찾기","sourceUrl":"https://www.nhhanaro.co.kr/nahh_70005.do?id=nahh001_010100000000"}},{"type":"Feature","geometry":{"type":"Point","coordinates":[127.487986,36.608168]},"properties":{"id":"8808983421124","name":"하나로마트 분평점","address":"","phone":"043-284-0700","hours":"10:00 ~ 22:00","region":"충북","district":"청주시","facilities":[],"source":"농협경제지주 공식 전국마트찾기","sourceUrl":"https://www.nhhanaro.co.kr/nahh_70005.do?id=nahh001_010100000000"}},{"type":"Feature","geometry":{"type":"Point","coordinates":[127.472388,36.612039]},"properties":{"id":"8808983301846","name":"하나로마트 산남점","address":"","phone":"043-292-4500","hours":"10:00 ~ 22:00","region":"충북","district":"청주시","facilities":[],"source":"농협경제지주 공식 전국마트찾기","sourceUrl":"https://www.nhhanaro.co.kr/nahh_70005.do?id=nahh001_010100000000"}},{"type":"Feature","geometry":{"type":"Point","coordinates":[127.506888,36.604643]},"properties":{"id":"8808983421117","name":"하나로마트 청주점","address":"","phone":"043-290-0114","hours":"하절기 09:00 ~ 23:00 · 동절기 00:00 ~ 00:00","region":"충북","district":"청주시","facilities":["식자재"],"source":"농협경제지주 공식 전국마트찾기","sourceUrl":"https://www.nhhanaro.co.kr/nahh_70005.do?id=nahh001_010100000000"}},{"type":"Feature","geometry":{"type":"Point","coordinates":[127.424421,36.485385]},"properties":{"id":"8808983767116","name":"현도농협 하나로마트","address":"","phone":"043-260-8006","hours":"하절기 08:00 ~ 20:00 · 동절기 00:00 ~ 00:00","region":"충북","district":"청주시","facilities":[],"source":"농협경제지주 공식 전국마트찾기","sourceUrl":"https://www.nhhanaro.co.kr/nahh_70005.do?id=nahh001_010100000000"}},{"type":"Feature","geometry":{"type":"Point","coordinates":[127.755441,37.047308]},"properties":{"id":"8808983760292","name":"노은농협 하나로마트","address":"","phone":"043-853-3904","hours":"08:00 ~ 19:30","region":"충북","district":"충주시","facilities":["은행"],"source":"농협경제지주 공식 전국마트찾기","sourceUrl":"https://www.nhhanaro.co.kr/nahh_70005.do?id=nahh001_010100000000"}},{"type":"Feature","geometry":{"type":"Point","coordinates":[127.912733,37.087071]},"properties":{"id":"8808983760360","name":"동충주농협 하나로마트","address":"","phone":"043-852-1502","hours":"08:00 ~ 20:00","region":"충북","district":"충주시","facilities":[],"source":"농협경제지주 공식 전국마트찾기","sourceUrl":"https://www.nhhanaro.co.kr/nahh_70005.do?id=nahh001_010100000000"}},{"type":"Feature","geometry":{"type":"Point","coordinates":[127.846245,37.109144]},"properties":{"id":"8808983760377","name":"동충주농협 하나로마트 소태점","address":"","phone":"043-855-1608","hours":"08:30 ~ 18:00","region":"충북","district":"충주시","facilities":["은행"],"source":"농협경제지주 공식 전국마트찾기","sourceUrl":"https://www.nhhanaro.co.kr/nahh_70005.do?id=nahh001_010100000000"}},{"type":"Feature","geometry":{"type":"Point","coordinates":[127.957988,37.080544]},"properties":{"id":"8808983760735","name":"산척농협 하나로마트","address":"","phone":"043-853-8014","hours":"08:00 ~ 20:00","region":"충북","district":"충주시","facilities":[],"source":"농협경제지주 공식 전국마트찾기","sourceUrl":"https://www.nhhanaro.co.kr/nahh_70005.do?id=nahh001_010100000000"}},{"type":"Feature","geometry":{"type":"Point","coordinates":[127.818255,36.975184]},"properties":{"id":"8808983760957","name":"서충주농협 하나로마트","address":"","phone":"043-846-9818","hours":"09:00 ~ 20:00","region":"충북","district":"충주시","facilities":["은행"],"source":"농협경제지주 공식 전국마트찾기","sourceUrl":"https://www.nhhanaro.co.kr/nahh_70005.do?id=nahh001_010100000000"}},{"type":"Feature","geometry":{"type":"Point","coordinates":[127.870346,36.963195]},"properties":{"id":"8808983760261","name":"서충주농협 하나로마트 만정점","address":"","phone":"043-846-9811","hours":"09:00 ~ 22:00","region":"충북","district":"충주시","facilities":["은행"],"source":"농협경제지주 공식 전국마트찾기","sourceUrl":"https://www.nhhanaro.co.kr/nahh_70005.do?id=nahh001_010100000000"}},{"type":"Feature","geometry":{"type":"Point","coordinates":[127.990769,36.847717]},"properties":{"id":"8808983760254","name":"수안보농협 하나로마트","address":"","phone":"043-841-2702","hours":"08:00 ~ 20:00","region":"충북","district":"충주시","facilities":[],"source":"농협경제지주 공식 전국마트찾기","sourceUrl":"https://www.nhhanaro.co.kr/nahh_70005.do?id=nahh001_010100000000"}},{"type":"Feature","geometry":{"type":"Point","coordinates":[127.96336,36.902873]},"properties":{"id":"8808983760711","name":"수안보농협 하나로마트 살미점","address":"","phone":"043-851-6111","hours":"08:00 ~ 18:00","region":"충북","district":"충주시","facilities":["은행"],"source":"농협경제지주 공식 전국마트찾기","sourceUrl":"https://www.nhhanaro.co.kr/nahh_70005.do?id=nahh001_010100000000"}},{"type":"Feature","geometry":{"type":"Point","coordinates":[127.791424,36.970472]},"properties":{"id":"8808983760728","name":"주덕농협 하나로마트","address":"","phone":"043-845-0513","hours":"08:00 ~ 22:00","region":"충북","district":"충주시","facilities":[],"source":"농협경제지주 공식 전국마트찾기","sourceUrl":"https://www.nhhanaro.co.kr/nahh_70005.do?id=nahh001_010100000000"}},{"type":"Feature","geometry":{"type":"Point","coordinates":[127.73631,36.997605]},"properties":{"id":"8808983760285","name":"주덕농협 하나로마트 신니점","address":"","phone":"043-851-4116","hours":"08:30 ~ 19:00","region":"충북","district":"충주시","facilities":[],"source":"농협경제지주 공식 전국마트찾기","sourceUrl":"https://www.nhhanaro.co.kr/nahh_70005.do?id=nahh001_010100000000"}},{"type":"Feature","geometry":{"type":"Point","coordinates":[127.926947,37.043663]},"properties":{"id":"8808983760339","name":"중원농협 하나로마트 금가점","address":"","phone":"043-853-8161","hours":"08:00 ~ 20:00","region":"충북","district":"충주시","facilities":[],"source":"농협경제지주 공식 전국마트찾기","sourceUrl":"https://www.nhhanaro.co.kr/nahh_70005.do?id=nahh001_010100000000"}},{"type":"Feature","geometry":{"type":"Point","coordinates":[127.943178,36.98743]},"properties":{"id":"8808983303475","name":"충북원예농협 하나로마트","address":"","phone":"043-850-9671","hours":"09:00 ~ 22:00","region":"충북","district":"충주시","facilities":[],"source":"농협경제지주 공식 전국마트찾기","sourceUrl":"https://www.nhhanaro.co.kr/nahh_70005.do?id=nahh001_010100000000"}},{"type":"Feature","geometry":{"type":"Point","coordinates":[127.921344,36.972648]},"properties":{"id":"8808983760223","name":"충주농협 하나로마트","address":"","phone":"043-841-2032","hours":"08:30 ~ 22:00","region":"충북","district":"충주시","facilities":[],"source":"농협경제지주 공식 전국마트찾기","sourceUrl":"https://www.nhhanaro.co.kr/nahh_70005.do?id=nahh001_010100000000"}},{"type":"Feature","geometry":{"type":"Point","coordinates":[127.858358,37.026974]},"properties":{"id":"8808983760315","name":"충주농협 하나로마트 중앙탑점","address":"","phone":"043-855-0811","hours":"08:30 ~ 18:00","region":"충북","district":"충주시","facilities":[],"source":"농협경제지주 공식 전국마트찾기","sourceUrl":"https://www.nhhanaro.co.kr/nahh_70005.do?id=nahh001_010100000000"}},{"type":"Feature","geometry":{"type":"Point","coordinates":[127.753186,37.108464]},"properties":{"id":"8808983760308","name":"충주앙성농협 하나로마트","address":"","phone":"043-854-9434","hours":"08:30 ~ 21:00","region":"충북","district":"충주시","facilities":[],"source":"농협경제지주 공식 전국마트찾기","sourceUrl":"https://www.nhhanaro.co.kr/nahh_70005.do?id=nahh001_010100000000"}},{"type":"Feature","geometry":{"type":"Point","coordinates":[127.967639,37.026829]},"properties":{"id":"8808983760353","name":"충주중원농협 하나로마트","address":"","phone":"043-851-3274","hours":"08:00 ~ 20:00","region":"충북","district":"충주시","facilities":[],"source":"농협경제지주 공식 전국마트찾기","sourceUrl":"https://www.nhhanaro.co.kr/nahh_70005.do?id=nahh001_010100000000"}},{"type":"Feature","geometry":{"type":"Point","coordinates":[127.935321,36.979145]},"properties":{"id":"8808983767550","name":"충주축산농협 하나로마트","address":"","phone":"043-850-7530","hours":"하절기 09:00 ~ 22:00 · 동절기 00:00 ~ 00:00","region":"충북","district":"충주시","facilities":["은행"],"source":"농협경제지주 공식 전국마트찾기","sourceUrl":"https://www.nhhanaro.co.kr/nahh_70005.do?id=nahh001_010100000000"}},{"type":"Feature","geometry":{"type":"Point","coordinates":[127.947876,36.967328]},"properties":{"id":"8808983321042","name":"충주축협 하나로마트 안림점","address":"","phone":"043-851-7572","hours":"09:00 ~ 22:00","region":"충북","district":"충주시","facilities":[],"source":"농협경제지주 공식 전국마트찾기","sourceUrl":"https://www.nhhanaro.co.kr/nahh_70005.do?id=nahh001_010100000000"}}]}