{"type":"FeatureCollection","features":[{"type":"Feature","properties":{"adm_cd":"21010510","adm_nm":"부산광역시 중구 중앙동"},"geometry":{"type":"MultiPolygon","coordinates":[[[[129.04002,35.11142],[129.04273,35.11072],[129.04235,35.11034],[129.04232,35.1103],[129.04199,35.10983],[129.04143,35.10901],[129.04088,35.10811],[129.04455,35.10581],[129.04374,35.10492],[129.04037,35.10703],[129.03982,35.10584],[129.03993,35.10577],[129.04368,35.10341],[129.04224,35.10191],[129.04,35.10287],[129.03887,35.10355],[129.03967,35.10439],[129.03823,35.10435],[129.03798,35.10389],[129.0381,35.09801],[129.03824,35.09749],[129.03893,35.09623],[129.0395,35.09523],[129.0393,35.0951],[129.0387,35.09616],[129.03822,35.09701],[129.03632,35.09642],[129.03662,35.09558],[129.03692,35.09472],[129.03677,35.09469],[129.03544,35.09828],[129.03556,35.09859],[129.03605,35.09903],[129.03642,35.09942],[129.0364,35.09986],[129.03628,35.10024],[129.03625,35.10024],[129.03581,35.1002],[129.03576,35.10017],[129.03565,35.10013],[129.03548,35.10035],[129.03543,35.10043],[129.03507,35.10095],[129.03499,35.10113],[129.03493,35.10129],[129.03475,35.10191],[129.03468,35.10234],[129.03464,35.1027],[129.03455,35.10412],[129.03469,35.10497],[129.03498,35.10664],[129.03532,35.10738],[129.03636,35.10907],[129.0382,35.112],[129.04002,35.11142]]]]}},{"type":"Feature","properties":{"adm_cd":"21010520","adm_nm":"부산광역시 중구 동광동"},"geometry":{"type":"MultiPolygon","coordinates":[[[[129.03556,35.09859],[129.03554,35.09874],[129.03541,35.09932],[129.03535,35.09951],[129.03494,35.09974],[129.03421,35.0993],[129.034,35.09919],[129.03361,35.09928],[129.0335,35.09944],[129.03319,35.10066],[129.03327,35.10147],[129.03332,35.10168],[129.03348,35.10181],[129.03357,35.10187],[129.03372,35.10195],[129.03444,35.10424],[129.03445,35.10426],[129.03452,35.10457],[129.03453,35.10545],[129.03446,35.10566],[129.03436,35.10574],[129.03417,35.10588],[129.03383,35.10602],[129.03352,35.10613],[129.03319,35.10634],[129.03316,35.10636],[129.03281,35.10659],[129.03218,35.10854],[129.03261,35.1088],[129.03437,35.10882],[129.03636,35.10907],[129.03532,35.10738],[129.03498,35.10664],[129.03469,35.10497],[129.03455,35.10412],[129.03464,35.1027],[129.03468,35.10234],[129.03475,35.10191],[129.03493,35.10129],[129.03499,35.10113],[129.03507,35.10095],[129.03543,35.10043],[129.03548,35.10035],[129.03565,35.10013],[129.03576,35.10017],[129.03581,35.1002],[129.03625,35.10024],[129.03628,35.10024],[129.0364,35.09986],[129.03642,35.09942],[129.03605,35.09903],[129.03556,35.09859]]]]}},{"type":"Feature","properties":{"adm_cd":"21010530","adm_nm":"부산광역시 중구 대청동"},"geometry":{"type":"MultiPolygon","coordinates":[[[[129.03261,35.1088],[129.03218,35.10854],[129.03281,35.10659],[129.03316,35.10636],[129.03319,35.10634],[129.03352,35.10613],[129.03383,35.10602],[129.03417,35.10588],[129.03436,35.10574],[129.03446,35.10566],[129.03453,35.10545],[129.03452,35.10457],[129.03445,35.10426],[129.03444,35.10424],[129.03372,35.10195],[129.03216,35.10196],[129.03046,35.1025],[129.02953,35.1027],[129.02942,35.1027],[129.02872,35.10271],[129.0279,35.10264],[129.02789,35.10302],[129.02828,35.10406],[129.02817,35.10669],[129.02818,35.10822],[129.03271,35.10925],[129.03261,35.1088]]]]}},{"type":"Feature","properties":{"adm_cd":"21010540","adm_nm":"부산광역시 중구 보수동"},"geometry":{"type":"MultiPolygon","coordinates":[[[[129.02705,35.1105],[129.02818,35.10822],[129.02817,35.10669],[129.02828,35.10406],[129.02789,35.10302],[129.02123,35.10331],[129.02235,35.10752],[129.02293,35.10897],[129.02579,35.1107],[129.02644,35.11109],[129.02705,35.1105]]]]}},{"type":"Feature","properties":{"adm_cd":"21010560","adm_nm":"부산광역시 중구 부평동"},"geometry":{"type":"MultiPolygon","coordinates":[[[[129.02789,35.10302],[129.0279,35.10264],[129.02783,35.09904],[129.02514,35.09807],[129.02479,35.09895],[129.02474,35.09907],[129.02455,35.09955],[129.02423,35.10008],[129.0239,35.10036],[129.02155,35.10191],[129.02123,35.10331],[129.02789,35.10302]]]]}},{"type":"Feature","properties":{"adm_cd":"21010570","adm_nm":"부산광역시 중구 광복동"},"geometry":{"type":"MultiPolygon","coordinates":[[[[129.03372,35.10195],[129.03357,35.10187],[129.03348,35.10181],[129.03332,35.10168],[129.03327,35.10147],[129.03319,35.10066],[129.0335,35.09944],[129.03361,35.09928],[129.034,35.09919],[129.03421,35.0993],[129.03494,35.09974],[129.03535,35.09951],[129.03541,35.09932],[129.03554,35.09874],[129.03556,35.09859],[129.03544,35.09828],[129.03428,35.09794],[129.0338,35.09809],[129.03315,35.09831],[129.03288,35.09841],[129.03268,35.0985],[129.03227,35.09867],[129.03163,35.09892],[129.03159,35.09894],[129.03141,35.099],[129.0312,35.09905],[129.0298,35.09908],[129.02925,35.09909],[129.02845,35.09909],[129.02783,35.09904],[129.0279,35.10264],[129.02872,35.10271],[129.02942,35.1027],[129.02953,35.1027],[129.03046,35.1025],[129.03216,35.10196],[129.03372,35.10195]]]]}},{"type":"Feature","properties":{"adm_cd":"21010580","adm_nm":"부산광역시 중구 남포동"},"geometry":{"type":"MultiPolygon","coordinates":[[[[129.03544,35.09828],[129.03677,35.09469],[129.03667,35.09466],[129.03637,35.09551],[129.03605,35.09636],[129.03528,35.09666],[129.03389,35.09694],[129.03375,35.09695],[129.03364,35.09694],[129.03222,35.09679],[129.02867,35.09637],[129.0264,35.09582],[129.02621,35.09568],[129.02514,35.09807],[129.02783,35.09904],[129.02845,35.09909],[129.02925,35.09909],[129.0298,35.09908],[129.0312,35.09905],[129.03141,35.099],[129.03159,35.09894],[129.03163,35.09892],[129.03227,35.09867],[129.03268,35.0985],[129.03288,35.09841],[129.03315,35.09831],[129.0338,35.09809],[129.03428,35.09794],[129.03544,35.09828]]]]}},{"type":"Feature","properties":{"adm_cd":"21010590","adm_nm":"부산광역시 중구 영주1동"},"geometry":{"type":"MultiPolygon","coordinates":[[[[129.0382,35.112],[129.03636,35.10907],[129.03437,35.10882],[129.03482,35.10913],[129.03468,35.1094],[129.03456,35.10956],[129.03368,35.1106],[129.03304,35.11438],[129.03319,35.1155],[129.03474,35.11442],[129.0382,35.112]]]]}},{"type":"Feature","properties":{"adm_cd":"21010600","adm_nm":"부산광역시 중구 영주2동"},"geometry":{"type":"MultiPolygon","coordinates":[[[[129.02822,35.11734],[129.03265,35.11599],[129.03319,35.1155],[129.03304,35.11438],[129.03368,35.1106],[129.03456,35.10956],[129.03468,35.1094],[129.03482,35.10913],[129.03437,35.10882],[129.03261,35.1088],[129.03271,35.10925],[129.02818,35.10822],[129.02705,35.1105],[129.02764,35.11097],[129.02779,35.11112],[129.02844,35.11268],[129.02847,35.11284],[129.02848,35.11299],[129.02818,35.11567],[129.02693,35.11595],[129.02613,35.11678],[129.02782,35.11735],[129.02822,35.11734]]]]}},{"type":"Feature","properties":{"adm_cd":"21020510","adm_nm":"부산광역시 서구 동대신1동"},"geometry":{"type":"MultiPolygon","coordinates":[[[[129.02644,35.11109],[129.02579,35.1107],[129.02293,35.10897],[129.02235,35.10752],[129.02021,35.10763],[129.01794,35.10995],[129.01795,35.11009],[129.02119,35.11129],[129.02433,35.1124],[129.02459,35.11235],[129.02471,35.11232],[129.02475,35.1123],[129.02479,35.11229],[129.02484,35.11228],[129.02644,35.11109]]]]}},{"type":"Feature","properties":{"adm_cd":"21020520","adm_nm":"부산광역시 서구 동대신2동"},"geometry":{"type":"MultiPolygon","coordinates":[[[[129.02613,35.11678],[129.02693,35.11595],[129.02818,35.11567],[129.02848,35.11299],[129.02847,35.11284],[129.02844,35.11268],[129.02779,35.11112],[129.02764,35.11097],[129.02705,35.1105],[129.02644,35.11109],[129.02484,35.11228],[129.02479,35.11229],[129.02475,35.1123],[129.02471,35.11232],[129.02459,35.11235],[129.02433,35.1124],[129.02119,35.11129],[129.01795,35.11009],[129.01794,35.10995],[129.01656,35.11248],[129.01721,35.11272],[129.02101,35.11422],[129.02124,35.11511],[129.02205,35.11628],[129.02267,35.11699],[129.02272,35.11697],[129.02613,35.11678]]]]}},{"type":"Feature","properties":{"adm_cd":"21020530","adm_nm":"부산광역시 서구 동대신3동"},"geometry":{"type":"MultiPolygon","coordinates":[[[[129.02512,35.13216],[129.02566,35.13077],[129.02594,35.12978],[129.02603,35.12912],[129.02598,35.12826],[129.02538,35.12196],[129.02475,35.11934],[129.02472,35.11926],[129.0246,35.11877],[129.02459,35.11871],[129.02465,35.11858],[129.02507,35.11791],[129.02533,35.1176],[129.02613,35.11678],[129.02272,35.11697],[129.02267,35.11699],[129.02205,35.11628],[129.02124,35.11511],[129.02101,35.11422],[129.01721,35.11272],[129.01656,35.11248],[129.0152,35.115],[129.01669,35.11563],[129.01706,35.11621],[129.01637,35.11762],[129.0163,35.11773],[129.01775,35.12151],[129.0189,35.1264],[129.01891,35.12644],[129.02029,35.12959],[129.02043,35.1298],[129.02128,35.13097],[129.02232,35.13184],[129.02412,35.13402],[129.02512,35.13216]]]]}},{"type":"Feature","properties":{"adm_cd":"21020540","adm_nm":"부산광역시 서구 서대신1동"},"geometry":{"type":"MultiPolygon","coordinates":[[[[129.01656,35.11248],[129.01794,35.10995],[129.02021,35.10763],[129.018,35.10772],[129.01667,35.10777],[129.01652,35.10773],[129.01548,35.1068],[129.01408,35.10503],[129.01146,35.1051],[129.01051,35.10559],[129.01016,35.1061],[129.00682,35.10901],[129.00663,35.10917],[129.00628,35.10947],[129.00615,35.10955],[129.00371,35.11067],[129.00418,35.11089],[129.00454,35.11096],[129.0066,35.11119],[129.00741,35.11116],[129.00756,35.11111],[129.00763,35.11108],[129.00799,35.11092],[129.00858,35.11082],[129.00885,35.1108],[129.00906,35.11082],[129.00975,35.11089],[129.01067,35.11211],[129.01077,35.11234],[129.0108,35.1125],[129.0108,35.11279],[129.0108,35.1129],[129.0108,35.11308],[129.01088,35.11317],[129.01101,35.11321],[129.01112,35.11321],[129.01126,35.11315],[129.01138,35.11305],[129.01161,35.11251],[129.01171,35.11225],[129.01174,35.11215],[129.01204,35.11135],[129.01656,35.11248]]]]}},{"type":"Feature","properties":{"adm_cd":"21020560","adm_nm":"부산광역시 서구 서대신3동"},"geometry":{"type":"MultiPolygon","coordinates":[[[[129.0152,35.115],[129.01656,35.11248],[129.01204,35.11135],[129.01174,35.11215],[129.01171,35.11225],[129.01161,35.11251],[129.01138,35.11305],[129.01126,35.11315],[129.01112,35.11321],[129.01101,35.11321],[129.01088,35.11317],[129.0108,35.11308],[129.0108,35.1129],[129.0108,35.11279],[129.0108,35.1125],[129.01077,35.11234],[129.01067,35.11211],[129.00975,35.11089],[129.00906,35.11082],[129.00885,35.1108],[129.00858,35.11082],[129.00799,35.11092],[129.00763,35.11108],[129.00756,35.11111],[129.00741,35.11116],[129.0066,35.11119],[129.00454,35.11096],[129.00418,35.11089],[129.00371,35.11067],[129.00327,35.11181],[129.00374,35.11271],[129.0038,35.11292],[129.00382,35.11298],[129.00384,35.11306],[129.00383,35.11316],[129.0038,35.11325],[129.00317,35.11403],[129.00309,35.11409],[129.00283,35.11418],[129.00269,35.11421],[129.00227,35.11426],[129.00178,35.1143],[129.00167,35.1143],[129.00116,35.11423],[129.00015,35.11838],[129.00261,35.11799],[129.00366,35.11778],[129.0039,35.11768],[129.00412,35.1176],[129.00628,35.1165],[129.00734,35.11634],[129.00775,35.1164],[129.00774,35.11747],[129.00806,35.11748],[129.00815,35.11748],[129.01264,35.1167],[129.01314,35.11624],[129.01348,35.11589],[129.0142,35.11466],[129.0152,35.115]]]]}},{"type":"Feature","properties":{"adm_cd":"21020570","adm_nm":"부산광역시 서구 서대신4동"},"geometry":{"type":"MultiPolygon","coordinates":[[[[129.00658,35.13939],[129.01132,35.13819],[129.01154,35.13805],[129.01213,35.13773],[129.0128,35.1374],[129.01709,35.13602],[129.01837,35.13605],[129.01917,35.13624],[129.02049,35.13669],[129.02081,35.13685],[129.02412,35.13402],[129.02232,35.13184],[129.02128,35.13097],[129.02043,35.1298],[129.02029,35.12959],[129.01891,35.12644],[129.0189,35.1264],[129.01775,35.12151],[129.0163,35.11773],[129.01637,35.11762],[129.01706,35.11621],[129.01669,35.11563],[129.0152,35.115],[129.0142,35.11466],[129.01348,35.11589],[129.01314,35.11624],[129.01264,35.1167],[129.00815,35.11748],[129.00806,35.11748],[129.00774,35.11747],[129.00775,35.1164],[129.00734,35.11634],[129.00628,35.1165],[129.00412,35.1176],[129.0039,35.11768],[129.00366,35.11778],[129.00261,35.11799],[129.00015,35.11838],[129.00051,35.1202],[129.00032,35.12038],[128.99797,35.12255],[128.99844,35.12467],[128.99961,35.12585],[129.00104,35.12632],[129.0016,35.1265],[129.00225,35.12743],[129.00239,35.12901],[129.00295,35.13493],[129.00452,35.13951],[129.00474,35.13944],[129.00658,35.13939]]]]}},{"type":"Feature","properties":{"adm_cd":"21020590","adm_nm":"부산광역시 서구 부민동"},"geometry":{"type":"MultiPolygon","coordinates":[[[[129.02021,35.10763],[129.02235,35.10752],[129.02123,35.10331],[129.02155,35.10191],[129.01985,35.102],[129.01799,35.10209],[129.01709,35.10211],[129.0168,35.10201],[129.01677,35.10183],[129.01671,35.10181],[129.01658,35.10183],[129.01491,35.10202],[129.01402,35.10217],[129.01379,35.10221],[129.01329,35.10238],[129.01312,35.10247],[129.01304,35.1026],[129.01304,35.10267],[129.01327,35.1036],[129.0133,35.10371],[129.01332,35.10375],[129.01408,35.10503],[129.01548,35.1068],[129.01652,35.10773],[129.01667,35.10777],[129.018,35.10772],[129.02021,35.10763]]]]}},{"type":"Feature","properties":{"adm_cd":"21020610","adm_nm":"부산광역시 서구 아미동"},"geometry":{"type":"MultiPolygon","coordinates":[[[[129.01408,35.10503],[129.01332,35.10375],[129.0133,35.10371],[129.01327,35.1036],[129.01304,35.10267],[129.01304,35.1026],[129.01312,35.10247],[129.01329,35.10238],[129.01379,35.10221],[129.01402,35.10217],[129.01491,35.10202],[129.01658,35.10183],[129.01671,35.10181],[129.01677,35.10183],[129.0168,35.10201],[129.01709,35.10211],[129.01799,35.10209],[129.01985,35.102],[129.01961,35.09874],[129.01908,35.09876],[129.01841,35.09878],[129.01357,35.09596],[129.01284,35.09541],[129.01173,35.0972],[129.0105,35.09899],[129.0103,35.09923],[129.01026,35.09928],[129.01017,35.09935],[129.01014,35.09937],[129.0101,35.09938],[129.01003,35.09938],[129.00919,35.09936],[129.00675,35.09909],[129.00726,35.10134],[129.00732,35.10159],[129.00743,35.10183],[129.00966,35.10473],[129.00969,35.10477],[129.01051,35.10559],[129.01146,35.1051],[129.01408,35.10503]]]]}},{"type":"Feature","properties":{"adm_cd":"21020630","adm_nm":"부산광역시 서구 초장동"},"geometry":{"type":"MultiPolygon","coordinates":[[[[129.01961,35.09874],[129.02006,35.09872],[129.02075,35.0979],[129.02152,35.09616],[129.02106,35.09317],[129.02102,35.09325],[129.02041,35.09308],[129.02001,35.09293],[129.01915,35.0925],[129.01891,35.09226],[129.01888,35.09221],[129.0188,35.09212],[129.018,35.09156],[129.0172,35.0912],[129.01589,35.09072],[129.01527,35.09069],[129.01461,35.09069],[129.01425,35.0907],[129.0144,35.09138],[129.01442,35.09149],[129.0143,35.09319],[129.01415,35.09366],[129.01384,35.09417],[129.01284,35.09541],[129.01357,35.09596],[129.01841,35.09878],[129.01908,35.09876],[129.01961,35.09874]]]]}},{"type":"Feature","properties":{"adm_cd":"21020640","adm_nm":"부산광역시 서구 충무동"},"geometry":{"type":"MultiPolygon","coordinates":[[[[129.02155,35.10191],[129.0239,35.10036],[129.02423,35.10008],[129.02455,35.09955],[129.02474,35.09907],[129.02479,35.09895],[129.02514,35.09807],[129.02621,35.09568],[129.02526,35.0935],[129.02106,35.09317],[129.02152,35.09616],[129.02075,35.0979],[129.02006,35.09872],[129.01961,35.09874],[129.01985,35.102],[129.02155,35.10191]]]]}},{"type":"Feature","properties":{"adm_cd":"21020650","adm_nm":"부산광역시 서구 남부민1동"},"geometry":{"type":"MultiPolygon","coordinates":[[[[129.02605,35.08685],[129.02458,35.08677],[129.02341,35.08749],[129.02202,35.08877],[129.02199,35.08898],[129.02207,35.08928],[129.01669,35.0874],[129.01402,35.08919],[129.01425,35.0907],[129.01461,35.09069],[129.01527,35.09069],[129.01589,35.09072],[129.0172,35.0912],[129.018,35.09156],[129.0188,35.09212],[129.01888,35.09221],[129.01891,35.09226],[129.01915,35.0925],[129.02001,35.09293],[129.02041,35.09308],[129.02102,35.09325],[129.02106,35.09317],[129.02526,35.0935],[129.0253,35.09327],[129.02605,35.08685]]]]}},{"type":"Feature","properties":{"adm_cd":"21020680","adm_nm":"부산광역시 서구 암남동"},"geometry":{"type":"MultiPolygon","coordinates":[[[[129.01604,35.04709],[129.01581,35.04683],[129.01542,35.04691],[129.01489,35.04709],[129.014,35.04768],[129.01372,35.04789],[129.01368,35.04817],[129.01375,35.04886],[129.01382,35.04935],[129.01391,35.04995],[129.01416,35.05022],[129.01439,35.05035],[129.01471,35.0503],[129.01514,35.05013],[129.01543,35.04988],[129.01574,35.04935],[129.0159,35.04855],[129.01592,35.04828],[129.01585,35.04798],[129.01567,35.04775],[129.01547,35.04769],[129.01585,35.04761],[129.01594,35.04753],[129.01609,35.04736],[129.01604,35.04709]]],[[[129.02569,35.0812],[129.02536,35.07959],[129.02471,35.07642],[129.02459,35.07608],[129.02276,35.07511],[129.02259,35.07503],[129.02235,35.07496],[129.02215,35.07492],[129.02196,35.07499],[129.02185,35.07516],[129.02184,35.07533],[129.02188,35.07551],[129.02195,35.07562],[129.02203,35.07574],[129.02184,35.07639],[129.0215,35.07719],[129.02119,35.07751],[129.02107,35.07761],[129.02099,35.07767],[129.02042,35.07767],[129.01953,35.07754],[129.01836,35.07708],[129.01784,35.07675],[129.01781,35.07672],[129.01654,35.07545],[129.01645,35.07535],[129.01597,35.07455],[129.01602,35.07432],[129.01717,35.07214],[129.01762,35.0718],[129.01911,35.0706],[129.02092,35.06892],[129.02123,35.06744],[129.02228,35.06234],[129.02172,35.0608],[129.01915,35.05941],[129.01872,35.05913],[129.0159,35.05693],[129.01571,35.05609],[129.01557,35.05548],[129.01547,35.05479],[129.01607,35.05464],[129.01627,35.05434],[129.01625,35.054],[129.01586,35.05309],[129.01532,35.0526],[129.01455,35.05233],[129.00851,35.05055],[129.00836,35.05081],[129.01006,35.05153],[129.01063,35.05245],[129.00977,35.05547],[129.00855,35.06068],[129.00832,35.06239],[129.00838,35.0628],[129.00935,35.06289],[129.00994,35.06295],[129.01148,35.06315],[129.01178,35.06408],[129.01198,35.06486],[129.01095,35.06549],[129.00937,35.06595],[129.0088,35.06671],[129.00655,35.06969],[129.00552,35.0711],[129.00505,35.07422],[129.00444,35.07844],[129.00625,35.07863],[129.00835,35.07824],[129.0085,35.07809],[129.00864,35.07796],[129.00935,35.07751],[129.01012,35.07714],[129.01039,35.07702],[129.01066,35.07695],[129.01088,35.0769],[129.01103,35.07688],[129.01119,35.07686],[129.01132,35.07686],[129.01136,35.07693],[129.0116,35.08066],[129.01163,35.08156],[129.01265,35.08626],[129.01317,35.08809],[129.01402,35.08919],[129.01669,35.0874],[129.01559,35.08444],[129.01561,35.08394],[129.01702,35.08276],[129.01832,35.08188],[129.01848,35.08193],[129.01863,35.08198],[129.01993,35.08219],[129.02097,35.08219],[129.02213,35.08218],[129.02452,35.08127],[129.02569,35.0812]]]]}},{"type":"Feature","properties":{"adm_cd":"21020690","adm_nm":"부산광역시 서구 남부민2동"},"geometry":{"type":"MultiPolygon","coordinates":[[[[129.02605,35.08685],[129.02664,35.0853],[129.02569,35.0812],[129.02452,35.08127],[129.02213,35.08218],[129.02097,35.08219],[129.01993,35.08219],[129.01863,35.08198],[129.01848,35.08193],[129.01832,35.08188],[129.01702,35.08276],[129.01561,35.08394],[129.01559,35.08444],[129.01669,35.0874],[129.02207,35.08928],[129.02199,35.08898],[129.02202,35.08877],[129.02341,35.08749],[129.02458,35.08677],[129.02605,35.08685]]]]}},{"type":"Feature","properties":{"adm_cd":"21030510","adm_nm":"부산광역시 동구 초량1동"},"geometry":{"type":"MultiPolygon","coordinates":[[[[129.03963,35.11513],[129.04108,35.11421],[129.04065,35.11286],[129.04039,35.11226],[129.0402,35.11182],[129.04002,35.11142],[129.0382,35.112],[129.03474,35.11442],[129.03319,35.1155],[129.03265,35.11599],[129.03645,35.1185],[129.03736,35.11769],[129.03751,35.11546],[129.03931,35.1148],[129.03963,35.11513]]]]}},{"type":"Feature","properties":{"adm_cd":"21030520","adm_nm":"부산광역시 동구 초량2동"},"geometry":{"type":"MultiPolygon","coordinates":[[[[129.03963,35.11513],[129.03931,35.1148],[129.03751,35.11546],[129.03736,35.11769],[129.03645,35.1185],[129.03265,35.11599],[129.02822,35.11734],[129.02821,35.11739],[129.02821,35.11745],[129.02841,35.11783],[129.02945,35.11871],[129.02962,35.11878],[129.02999,35.1189],[129.03246,35.11923],[129.03606,35.11976],[129.03829,35.12064],[129.0396,35.11985],[129.04127,35.11793],[129.04117,35.11773],[129.04099,35.1174],[129.03963,35.11513]]]]}},{"type":"Feature","properties":{"adm_cd":"21030530","adm_nm":"부산광역시 동구 초량3동"},"geometry":{"type":"MultiPolygon","coordinates":[[[[129.05,35.12353],[129.04999,35.12349],[129.04857,35.12049],[129.05024,35.11926],[129.05282,35.11761],[129.0528,35.1159],[129.04786,35.11903],[129.04671,35.11662],[129.05087,35.11404],[129.04983,35.11298],[129.04589,35.11541],[129.0451,35.11568],[129.04273,35.11072],[129.04002,35.11142],[129.0402,35.11182],[129.04039,35.11226],[129.04065,35.11286],[129.04108,35.11421],[129.03963,35.11513],[129.04099,35.1174],[129.04117,35.11773],[129.04127,35.11793],[129.0396,35.11985],[129.03829,35.12064],[129.03754,35.12429],[129.03829,35.12469],[129.03846,35.12463],[129.04043,35.12376],[129.04047,35.12374],[129.04053,35.12369],[129.0412,35.1232],[129.04124,35.12315],[129.04125,35.12306],[129.04125,35.123],[129.04125,35.12293],[129.04136,35.12277],[129.04144,35.12265],[129.04151,35.12257],[129.04161,35.12249],[129.04166,35.12246],[129.04179,35.12241],[129.04184,35.12239],[129.042,35.12237],[129.04274,35.12235],[129.04293,35.12269],[129.04413,35.12502],[129.0444,35.12557],[129.04458,35.12598],[129.04733,35.12699],[129.04777,35.12691],[129.05132,35.13006],[129.05085,35.1269],[129.05,35.12353]]]]}},{"type":"Feature","properties":{"adm_cd":"21030550","adm_nm":"부산광역시 동구 초량6동"},"geometry":{"type":"MultiPolygon","coordinates":[[[[129.03536,35.12605],[129.03754,35.12429],[129.03829,35.12064],[129.03606,35.11976],[129.03246,35.11923],[129.02999,35.1189],[129.02962,35.11878],[129.02945,35.11871],[129.02841,35.11783],[129.02821,35.11745],[129.02821,35.11739],[129.02822,35.11734],[129.02782,35.11735],[129.02613,35.11678],[129.02533,35.1176],[129.02507,35.11791],[129.02465,35.11858],[129.02459,35.11871],[129.0246,35.11877],[129.02472,35.11926],[129.02475,35.11934],[129.02538,35.12196],[129.02598,35.12826],[129.02603,35.12912],[129.02594,35.12978],[129.02566,35.13077],[129.02512,35.13216],[129.02618,35.13132],[129.03128,35.12945],[129.03181,35.1293],[129.03248,35.12912],[129.03391,35.12875],[129.03536,35.12605]]]]}},{"type":"Feature","properties":{"adm_cd":"21030560","adm_nm":"부산광역시 동구 수정1동"},"geometry":{"type":"MultiPolygon","coordinates":[[[[129.04458,35.12598],[129.0444,35.12557],[129.04413,35.12502],[129.04293,35.12269],[129.04274,35.12235],[129.042,35.12237],[129.04184,35.12239],[129.04179,35.12241],[129.04166,35.12246],[129.04161,35.12249],[129.04151,35.12257],[129.04144,35.12265],[129.04136,35.12277],[129.04125,35.12293],[129.04125,35.123],[129.04125,35.12306],[129.04124,35.12315],[129.0412,35.1232],[129.04053,35.12369],[129.04047,35.12374],[129.04043,35.12376],[129.03846,35.12463],[129.03829,35.12469],[129.03754,35.12429],[129.03536,35.12605],[129.0356,35.12601],[129.03582,35.12599],[129.03624,35.12597],[129.03649,35.12597],[129.03695,35.12599],[129.04079,35.1266],[129.04172,35.12642],[129.04291,35.12613],[129.04458,35.12598]]]]}},{"type":"Feature","properties":{"adm_cd":"21030570","adm_nm":"부산광역시 동구 수정2동"},"geometry":{"type":"MultiPolygon","coordinates":[[[[129.03469,35.13728],[129.03747,35.13529],[129.03869,35.13429],[129.03914,35.13395],[129.04029,35.1331],[129.04461,35.13074],[129.04473,35.1308],[129.04619,35.13215],[129.04698,35.13145],[129.04955,35.13076],[129.05132,35.13006],[129.04777,35.12691],[129.04733,35.12699],[129.04458,35.12598],[129.04465,35.1261],[129.04514,35.12716],[129.04538,35.12768],[129.04513,35.12784],[129.03879,35.12928],[129.0387,35.1293],[129.03399,35.13232],[129.03332,35.13291],[129.0332,35.13302],[129.03304,35.13313],[129.03283,35.13324],[129.03123,35.13411],[129.02702,35.13535],[129.02785,35.13635],[129.02802,35.13651],[129.02828,35.13663],[129.02863,35.13673],[129.03168,35.13749],[129.03178,35.13751],[129.03191,35.1375],[129.03223,35.1374],[129.03313,35.13706],[129.03469,35.13728]]]]}},{"type":"Feature","properties":{"adm_cd":"21030590","adm_nm":"부산광역시 동구 수정4동"},"geometry":{"type":"MultiPolygon","coordinates":[[[[129.04458,35.12598],[129.04291,35.12613],[129.04172,35.12642],[129.04079,35.1266],[129.03695,35.12599],[129.03649,35.12597],[129.03624,35.12597],[129.03582,35.12599],[129.0356,35.12601],[129.03536,35.12605],[129.03391,35.12875],[129.03248,35.12912],[129.03181,35.1293],[129.03128,35.12945],[129.02618,35.13132],[129.02512,35.13216],[129.02412,35.13402],[129.02627,35.13512],[129.02702,35.13535],[129.03123,35.13411],[129.03283,35.13324],[129.03304,35.13313],[129.0332,35.13302],[129.03332,35.13291],[129.03399,35.13232],[129.0387,35.1293],[129.03879,35.12928],[129.04513,35.12784],[129.04538,35.12768],[129.04514,35.12716],[129.04465,35.1261],[129.04458,35.12598]]]]}},{"type":"Feature","properties":{"adm_cd":"21030600","adm_nm":"부산광역시 동구 수정5동"},"geometry":{"type":"MultiPolygon","coordinates":[[[[129.04699,35.13872],[129.04749,35.13757],[129.04754,35.13736],[129.04752,35.13725],[129.04748,35.13712],[129.04744,35.13705],[129.04738,35.13697],[129.04668,35.13614],[129.04618,35.13568],[129.04572,35.13502],[129.04561,35.13483],[129.04549,35.13459],[129.04532,35.13411],[129.04525,35.13339],[129.04525,35.13333],[129.04534,35.13303],[129.04538,35.13299],[129.04619,35.13215],[129.04473,35.1308],[129.04461,35.13074],[129.04029,35.1331],[129.03914,35.13395],[129.03869,35.13429],[129.03747,35.13529],[129.03469,35.13728],[129.03739,35.13941],[129.04383,35.14014],[129.04699,35.13872]]]]}},{"type":"Feature","properties":{"adm_cd":"21030660","adm_nm":"부산광역시 동구 범일2동"},"geometry":{"type":"MultiPolygon","coordinates":[[[[129.06448,35.14139],[129.06609,35.13698],[129.06533,35.12991],[129.0629,35.12974],[129.06008,35.12959],[129.06003,35.12983],[129.05949,35.13424],[129.05641,35.13426],[129.05703,35.136],[129.05712,35.13808],[129.05727,35.14203],[129.05893,35.14149],[129.06448,35.14139]]]]}},{"type":"Feature","properties":{"adm_cd":"21030710","adm_nm":"부산광역시 동구 범일1동"},"geometry":{"type":"MultiPolygon","coordinates":[[[[129.05727,35.14203],[129.05712,35.13808],[129.05703,35.136],[129.05178,35.13708],[129.05093,35.13662],[129.0498,35.13649],[129.04871,35.13827],[129.04768,35.13862],[129.04699,35.13872],[129.04383,35.14014],[129.03739,35.13941],[129.03774,35.13962],[129.03803,35.13985],[129.03836,35.14017],[129.03868,35.14055],[129.03881,35.14072],[129.03884,35.14078],[129.03893,35.14094],[129.03898,35.14109],[129.03921,35.1417],[129.03937,35.14258],[129.03932,35.14282],[129.03924,35.14323],[129.03921,35.1433],[129.03915,35.14342],[129.03906,35.14354],[129.03907,35.14362],[129.03913,35.14397],[129.0394,35.14448],[129.04044,35.14562],[129.04089,35.14606],[129.04101,35.14609],[129.04122,35.14613],[129.04162,35.14619],[129.04172,35.14619],[129.04176,35.14619],[129.04215,35.1461],[129.04447,35.14608],[129.04463,35.14607],[129.04522,35.146],[129.0453,35.14598],[129.04631,35.14561],[129.0467,35.14543],[129.05064,35.14346],[129.05085,35.14335],[129.05089,35.14332],[129.05157,35.1426],[129.05162,35.14243],[129.05164,35.14241],[129.05166,35.14236],[129.05171,35.14233],[129.05173,35.1423],[129.05206,35.14219],[129.05253,35.14209],[129.05485,35.14191],[129.05655,35.14207],[129.05672,35.14206],[129.05727,35.14203]]]]}},{"type":"Feature","properties":{"adm_cd":"21030680","adm_nm":"부산광역시 동구 범일5동"},"geometry":{"type":"MultiPolygon","coordinates":[[[[129.06533,35.12991],[129.0653,35.12962],[129.06465,35.12894],[129.06487,35.12727],[129.05779,35.11981],[129.05604,35.11799],[129.05274,35.12013],[129.05253,35.12069],[129.05525,35.12293],[129.05533,35.12532],[129.05488,35.1256],[129.05455,35.12581],[129.05271,35.12567],[129.05,35.12353],[129.05085,35.1269],[129.05132,35.13006],[129.05641,35.13426],[129.05949,35.13424],[129.06003,35.12983],[129.06008,35.12959],[129.0629,35.12974],[129.06533,35.12991]]]]}},{"type":"Feature","properties":{"adm_cd":"21030700","adm_nm":"부산광역시 동구 좌천동"},"geometry":{"type":"MultiPolygon","coordinates":[[[[129.05703,35.136],[129.05641,35.13426],[129.05132,35.13006],[129.04955,35.13076],[129.04698,35.13145],[129.04619,35.13215],[129.04538,35.13299],[129.04534,35.13303],[129.04525,35.13333],[129.04525,35.13339],[129.04532,35.13411],[129.04549,35.13459],[129.04561,35.13483],[129.04572,35.13502],[129.04618,35.13568],[129.04668,35.13614],[129.04738,35.13697],[129.04744,35.13705],[129.04748,35.13712],[129.04752,35.13725],[129.04754,35.13736],[129.04749,35.13757],[129.04699,35.13872],[129.04768,35.13862],[129.04871,35.13827],[129.0498,35.13649],[129.05093,35.13662],[129.05178,35.13708],[129.05703,35.136]]]]}},{"type":"Feature","properties":{"adm_cd":"21040530","adm_nm":"부산광역시 영도구 남항동"},"geometry":{"type":"MultiPolygon","coordinates":[[[[129.0385,35.09362],[129.04284,35.09213],[129.04037,35.08748],[129.03863,35.08434],[129.03867,35.08413],[129.03894,35.08405],[129.03922,35.08394],[129.03979,35.0837],[129.04016,35.08336],[129.04023,35.0833],[129.03975,35.08283],[129.03854,35.08188],[129.03681,35.08331],[129.03664,35.08345],[129.03637,35.08368],[129.0361,35.0839],[129.03471,35.08512],[129.03137,35.09224],[129.03131,35.09254],[129.03131,35.09326],[129.03153,35.09389],[129.03156,35.09396],[129.03161,35.09404],[129.03313,35.09437],[129.03337,35.09422],[129.03343,35.09418],[129.03356,35.09405],[129.03357,35.094],[129.03349,35.09397],[129.03335,35.09395],[129.03331,35.09395],[129.03316,35.09392],[129.03313,35.09385],[129.03312,35.09382],[129.03312,35.09379],[129.03312,35.09375],[129.03334,35.09334],[129.03473,35.09274],[129.03512,35.09259],[129.03556,35.09243],[129.03654,35.09207],[129.03704,35.09189],[129.0371,35.09187],[129.03741,35.09238],[129.03715,35.09248],[129.03671,35.09264],[129.0362,35.09409],[129.03606,35.09452],[129.03625,35.09456],[129.03667,35.09466],[129.03677,35.09469],[129.03692,35.09472],[129.0382,35.09359],[129.0385,35.09362]]]]}},{"type":"Feature","properties":{"adm_cd":"21040540","adm_nm":"부산광역시 영도구 영선1동"},"geometry":{"type":"MultiPolygon","coordinates":[[[[129.04542,35.09153],[129.04553,35.08944],[129.04391,35.0869],[129.04349,35.08639],[129.04317,35.08649],[129.04037,35.08748],[129.04284,35.09213],[129.04404,35.09168],[129.04542,35.09153]]]]}},{"type":"Feature","properties":{"adm_cd":"21040550","adm_nm":"부산광역시 영도구 영선2동"},"geometry":{"type":"MultiPolygon","coordinates":[[[[129.04317,35.08649],[129.04309,35.08635],[129.0428,35.08581],[129.04256,35.08536],[129.04427,35.08157],[129.04522,35.07976],[129.04592,35.08003],[129.04615,35.08014],[129.04634,35.08013],[129.04653,35.08012],[129.04937,35.07989],[129.04999,35.07979],[129.051,35.07943],[129.05118,35.07927],[129.0514,35.07894],[129.05164,35.07856],[129.05217,35.07869],[129.05237,35.07877],[129.05276,35.07894],[129.0529,35.07904],[129.05361,35.07981],[129.05388,35.0802],[129.05526,35.08218],[129.05589,35.08163],[129.05585,35.08098],[129.0557,35.07988],[129.05531,35.07861],[129.05445,35.07708],[129.05242,35.07351],[129.05176,35.07284],[129.04869,35.07493],[129.04372,35.07892],[129.04177,35.08051],[129.04113,35.08091],[129.04085,35.08101],[129.04063,35.08084],[129.04039,35.08071],[129.04021,35.08068],[129.04001,35.08069],[129.03989,35.08073],[129.03877,35.08165],[129.03854,35.08188],[129.03975,35.08283],[129.04023,35.0833],[129.04016,35.08336],[129.03979,35.0837],[129.03922,35.08394],[129.03894,35.08405],[129.03867,35.08413],[129.03863,35.08434],[129.04037,35.08748],[129.04317,35.08649]]]]}},{"type":"Feature","properties":{"adm_cd":"21040590","adm_nm":"부산광역시 영도구 봉래1동"},"geometry":{"type":"MultiPolygon","coordinates":[[[[129.04647,35.0968],[129.04629,35.09301],[129.04542,35.09153],[129.04404,35.09168],[129.04284,35.09213],[129.0385,35.09362],[129.0393,35.0951],[129.0395,35.09523],[129.03991,35.09548],[129.04057,35.09584],[129.04421,35.09695],[129.04536,35.09719],[129.04647,35.0968]]]]}},{"type":"Feature","properties":{"adm_cd":"21040630","adm_nm":"부산광역시 영도구 청학1동"},"geometry":{"type":"MultiPolygon","coordinates":[[[[129.06241,35.0988],[129.06218,35.09884],[129.06121,35.09758],[129.06109,35.09736],[129.06036,35.09539],[129.05966,35.09258],[129.05964,35.09254],[129.05954,35.09237],[129.05925,35.09199],[129.05893,35.09156],[129.05522,35.08744],[129.05383,35.08655],[129.05349,35.08699],[129.05401,35.08908],[129.05404,35.08921],[129.05416,35.08955],[129.05419,35.08962],[129.05449,35.08994],[129.05474,35.0901],[129.05539,35.0907],[129.05565,35.09116],[129.05573,35.09141],[129.05589,35.09202],[129.05605,35.09291],[129.05598,35.09299],[129.0559,35.09307],[129.05572,35.09324],[129.05507,35.09379],[129.05468,35.09395],[129.05355,35.09455],[129.0532,35.09476],[129.05209,35.09785],[129.05143,35.09918],[129.05128,35.09949],[129.05143,35.09976],[129.05398,35.10051],[129.05521,35.10087],[129.05794,35.10124],[129.05824,35.10107],[129.05887,35.10055],[129.06241,35.0988]]]]}},{"type":"Feature","properties":{"adm_cd":"21040640","adm_nm":"부산광역시 영도구 청학2동"},"geometry":{"type":"MultiPolygon","coordinates":[[[[129.06241,35.0988],[129.06286,35.09861],[129.06578,35.09731],[129.06843,35.09599],[129.07069,35.09418],[129.07096,35.09395],[129.07384,35.09071],[129.07397,35.0905],[129.07185,35.08873],[129.07063,35.08804],[129.07041,35.08816],[129.06925,35.08803],[129.06709,35.0873],[129.06718,35.0856],[129.0654,35.08437],[129.06306,35.08335],[129.05808,35.08175],[129.05717,35.08147],[129.05589,35.08163],[129.05526,35.08218],[129.05383,35.08655],[129.05522,35.08744],[129.05893,35.09156],[129.05925,35.09199],[129.05954,35.09237],[129.05964,35.09254],[129.05966,35.09258],[129.06036,35.09539],[129.06109,35.09736],[129.06121,35.09758],[129.06218,35.09884],[129.06241,35.0988]]]]}},{"type":"Feature","properties":{"adm_cd":"21040650","adm_nm":"부산광역시 영도구 동삼1동"},"geometry":{"type":"MultiPolygon","coordinates":[[[[129.07774,35.08364],[129.08174,35.07771],[129.07543,35.07544],[129.0761,35.0738],[129.07676,35.07084],[129.0765,35.06999],[129.07626,35.06928],[129.07548,35.06846],[129.0744,35.06742],[129.0737,35.06685],[129.07191,35.06635],[129.06861,35.06499],[129.06824,35.06577],[129.06519,35.06832],[129.06509,35.06839],[129.06462,35.06871],[129.06434,35.06888],[129.06372,35.06921],[129.06332,35.06934],[129.06267,35.06949],[129.06011,35.06939],[129.05771,35.06932],[129.05687,35.0694],[129.05426,35.07079],[129.05307,35.0715],[129.05201,35.07215],[129.05159,35.07267],[129.05176,35.07284],[129.05242,35.07351],[129.05445,35.07708],[129.05531,35.07861],[129.0557,35.07988],[129.05585,35.08098],[129.05589,35.08163],[129.05717,35.08147],[129.05871,35.07847],[129.05938,35.0775],[129.05973,35.07745],[129.06256,35.07744],[129.06249,35.0777],[129.06207,35.07885],[129.06176,35.07966],[129.06181,35.08063],[129.0624,35.08073],[129.06304,35.08082],[129.06325,35.08082],[129.06374,35.08067],[129.06487,35.08016],[129.06825,35.08209],[129.07242,35.08443],[129.07258,35.0845],[129.07293,35.08467],[129.07312,35.08468],[129.07343,35.08468],[129.07394,35.08446],[129.07479,35.08448],[129.07574,35.08444],[129.07595,35.08431],[129.07617,35.08384],[129.07636,35.08358],[129.0767,35.08317],[129.07774,35.08364]]]]}},{"type":"Feature","properties":{"adm_cd":"21040660","adm_nm":"부산광역시 영도구 동삼2동"},"geometry":{"type":"MultiPolygon","coordinates":[[[[129.06861,35.06499],[129.07191,35.06635],[129.0737,35.06685],[129.0744,35.06742],[129.07548,35.06846],[129.07626,35.06928],[129.0765,35.06999],[129.07676,35.07084],[129.0761,35.0738],[129.07543,35.07544],[129.08174,35.07771],[129.08429,35.0742],[129.08492,35.07449],[129.08351,35.07612],[129.08333,35.07952],[129.0886,35.07971],[129.0905,35.08038],[129.09427,35.08069],[129.09495,35.07897],[129.09427,35.07742],[129.09094,35.07421],[129.08727,35.0729],[129.08656,35.07273],[129.08554,35.07394],[129.07998,35.07138],[129.08002,35.07095],[129.08015,35.07061],[129.08117,35.06956],[129.08149,35.0693],[129.08424,35.0682],[129.08475,35.0674],[129.08567,35.06556],[129.08605,35.06493],[129.08677,35.06381],[129.08682,35.06375],[129.08702,35.06346],[129.08704,35.06344],[129.08708,35.0634],[129.0877,35.06294],[129.08792,35.06279],[129.09221,35.06097],[129.09377,35.06079],[129.09387,35.06077],[129.0961,35.06006],[129.0965,35.05972],[129.09652,35.05965],[129.0965,35.05956],[129.09518,35.05683],[129.09273,35.05218],[129.09239,35.05174],[129.09181,35.05125],[129.0915,35.05103],[129.09088,35.05072],[129.08809,35.04956],[129.08767,35.04943],[129.08685,35.04932],[129.08643,35.04926],[129.08614,35.04928],[129.08282,35.05039],[129.08245,35.05063],[129.08201,35.05102],[129.08139,35.05245],[129.08133,35.05284],[129.08134,35.05313],[129.08135,35.05348],[129.08142,35.05388],[129.08163,35.05401],[129.08073,35.05625],[129.0782,35.05939],[129.07745,35.06022],[129.07726,35.06039],[129.0772,35.06042],[129.07686,35.06059],[129.07617,35.06074],[129.07571,35.06077],[129.07543,35.0608],[129.07393,35.06042],[129.0736,35.06006],[129.07299,35.05925],[129.07213,35.05871],[129.07084,35.05848],[129.0707,35.05862],[129.07062,35.05908],[129.0704,35.05959],[129.06936,35.06078],[129.06811,35.06216],[129.06752,35.06248],[129.06722,35.06247],[129.06699,35.06242],[129.06642,35.06251],[129.06644,35.06423],[129.06861,35.06499]]]]}},{"type":"Feature","properties":{"adm_cd":"21040670","adm_nm":"부산광역시 영도구 동삼3동"},"geometry":{"type":"MultiPolygon","coordinates":[[[[129.07774,35.08364],[129.0767,35.08317],[129.07636,35.08358],[129.07617,35.08384],[129.07595,35.08431],[129.07574,35.08444],[129.07479,35.08448],[129.07394,35.08446],[129.07343,35.08468],[129.07312,35.08468],[129.07293,35.08467],[129.07258,35.0845],[129.07242,35.08443],[129.06825,35.08209],[129.06487,35.08016],[129.06374,35.08067],[129.06325,35.08082],[129.06304,35.08082],[129.0624,35.08073],[129.06181,35.08063],[129.06176,35.07966],[129.06207,35.07885],[129.06249,35.0777],[129.06256,35.07744],[129.05973,35.07745],[129.05938,35.0775],[129.05871,35.07847],[129.05717,35.08147],[129.05808,35.08175],[129.06306,35.08335],[129.0654,35.08437],[129.06718,35.0856],[129.06709,35.0873],[129.06925,35.08803],[129.07041,35.08816],[129.07063,35.08804],[129.07185,35.08873],[129.07397,35.0905],[129.07488,35.0895],[129.07903,35.0849],[129.07774,35.08364]]]]}},{"type":"Feature","properties":{"adm_cd":"21040680","adm_nm":"부산광역시 영도구 신선동"},"geometry":{"type":"MultiPolygon","coordinates":[[[[129.05349,35.08699],[129.05383,35.08655],[129.05526,35.08218],[129.05388,35.0802],[129.05361,35.07981],[129.0529,35.07904],[129.05276,35.07894],[129.05237,35.07877],[129.05217,35.07869],[129.05164,35.07856],[129.0514,35.07894],[129.05118,35.07927],[129.051,35.07943],[129.04999,35.07979],[129.04937,35.07989],[129.04653,35.08012],[129.04634,35.08013],[129.04615,35.08014],[129.04592,35.08003],[129.04522,35.07976],[129.04427,35.08157],[129.04256,35.08536],[129.0428,35.08581],[129.04309,35.08635],[129.04317,35.08649],[129.04349,35.08639],[129.04391,35.0869],[129.04553,35.08944],[129.04542,35.09153],[129.04629,35.09301],[129.04652,35.09259],[129.04833,35.09124],[129.05235,35.08819],[129.0524,35.08814],[129.05269,35.08789],[129.05349,35.08699]]]]}},{"type":"Feature","properties":{"adm_cd":"21040690","adm_nm":"부산광역시 영도구 봉래2동"},"geometry":{"type":"MultiPolygon","coordinates":[[[[129.05349,35.08699],[129.05269,35.08789],[129.0524,35.08814],[129.05235,35.08819],[129.04833,35.09124],[129.04652,35.09259],[129.04629,35.09301],[129.04647,35.0968],[129.047,35.09583],[129.04812,35.09549],[129.04881,35.09531],[129.0489,35.09548],[129.04901,35.09572],[129.04805,35.09641],[129.04986,35.09825],[129.05143,35.09859],[129.05143,35.09918],[129.05209,35.09785],[129.0532,35.09476],[129.05355,35.09455],[129.05468,35.09395],[129.05507,35.09379],[129.05572,35.09324],[129.0559,35.09307],[129.05598,35.09299],[129.05605,35.09291],[129.05589,35.09202],[129.05573,35.09141],[129.05565,35.09116],[129.05539,35.0907],[129.05474,35.0901],[129.05449,35.08994],[129.05419,35.08962],[129.05416,35.08955],[129.05404,35.08921],[129.05401,35.08908],[129.05349,35.08699]]]]}},{"type":"Feature","properties":{"adm_cd":"21050520","adm_nm":"부산광역시 부산진구 부전2동"},"geometry":{"type":"MultiPolygon","coordinates":[[[[129.0623,35.15783],[129.06238,35.15061],[129.05701,35.15055],[129.05635,35.15089],[129.05491,35.15173],[129.05262,35.15385],[129.04985,35.15526],[129.05059,35.15701],[129.05265,35.15778],[129.05295,35.15778],[129.05471,35.15779],[129.05669,35.15782],[129.05838,35.15802],[129.0599,35.15844],[129.0623,35.15783]]]]}},{"type":"Feature","properties":{"adm_cd":"21050540","adm_nm":"부산광역시 부산진구 연지동"},"geometry":{"type":"MultiPolygon","coordinates":[[[[129.0575,35.17608],[129.05747,35.17603],[129.05745,35.17564],[129.0576,35.17523],[129.06096,35.17271],[129.06203,35.17194],[129.06264,35.17152],[129.06235,35.17152],[129.06228,35.17153],[129.06165,35.17157],[129.06165,35.17152],[129.06164,35.16981],[129.06003,35.16887],[129.05619,35.16682],[129.05471,35.16661],[129.05435,35.16659],[129.05349,35.16652],[129.05315,35.16659],[129.05221,35.16937],[129.05215,35.16947],[129.05211,35.16954],[129.05208,35.16956],[129.052,35.16959],[129.05193,35.1696],[129.05186,35.16962],[129.05178,35.16963],[129.05169,35.16964],[129.05165,35.16965],[129.05107,35.16906],[129.05085,35.16884],[129.05051,35.1685],[129.04797,35.16833],[129.04763,35.16834],[129.0475,35.16838],[129.04666,35.16869],[129.04654,35.16877],[129.04649,35.16887],[129.04645,35.16895],[129.04531,35.17002],[129.04479,35.17177],[129.04493,35.17198],[129.04523,35.17227],[129.0466,35.17341],[129.04664,35.17344],[129.04795,35.17418],[129.04838,35.17434],[129.04841,35.17431],[129.05154,35.17609],[129.05289,35.17691],[129.05344,35.17605],[129.05495,35.17614],[129.05659,35.17612],[129.0575,35.17608]]]]}},{"type":"Feature","properties":{"adm_cd":"21050550","adm_nm":"부산광역시 부산진구 초읍동"},"geometry":{"type":"MultiPolygon","coordinates":[[[[129.04387,35.19839],[129.0441,35.19794],[129.04606,35.19599],[129.04769,35.19421],[129.04742,35.19384],[129.04706,35.19292],[129.04693,35.19218],[129.04697,35.19186],[129.04823,35.18959],[129.05097,35.1858],[129.05204,35.18478],[129.05397,35.18432],[129.05664,35.18446],[129.06033,35.18407],[129.0612,35.18389],[129.06166,35.18025],[129.06124,35.18022],[129.06094,35.1802],[129.06042,35.18006],[129.06028,35.18],[129.05851,35.17847],[129.05821,35.17814],[129.05754,35.17733],[129.0575,35.17722],[129.05749,35.17695],[129.0575,35.17608],[129.05659,35.17612],[129.05495,35.17614],[129.05344,35.17605],[129.05289,35.17691],[129.05154,35.17609],[129.04841,35.17431],[129.04838,35.17434],[129.04795,35.17418],[129.04664,35.17344],[129.0466,35.17341],[129.04523,35.17227],[129.04493,35.17198],[129.04479,35.17177],[129.04461,35.17183],[129.04383,35.17214],[129.04192,35.17318],[129.04158,35.17341],[129.04013,35.1744],[129.03978,35.17465],[129.03952,35.17483],[129.03678,35.17702],[129.03622,35.17778],[129.03567,35.17874],[129.03583,35.17922],[129.03576,35.17946],[129.03556,35.1797],[129.0348,35.18044],[129.03373,35.18106],[129.03315,35.18126],[129.03259,35.18146],[129.03117,35.18128],[129.03078,35.18141],[129.03019,35.18182],[129.02938,35.18263],[129.0292,35.18278],[129.02909,35.18287],[129.0287,35.183],[129.02803,35.18317],[129.02769,35.18319],[129.02724,35.18317],[129.02653,35.18299],[129.02462,35.18267],[129.0238,35.18304],[129.02357,35.183],[129.02256,35.18311],[129.02231,35.18315],[129.02221,35.18316],[129.02189,35.18329],[129.02175,35.18352],[129.02173,35.18356],[129.0217,35.18419],[129.02114,35.18775],[129.02206,35.18835],[129.02303,35.18935],[129.02464,35.19137],[129.02534,35.1926],[129.0255,35.19341],[129.02611,35.19334],[129.02695,35.19338],[129.02753,35.19351],[129.02895,35.19404],[129.03194,35.19527],[129.03311,35.19637],[129.03351,35.19704],[129.03381,35.19762],[129.03437,35.19797],[129.03477,35.19817],[129.03555,35.19845],[129.03955,35.1995],[129.03983,35.1995],[129.04107,35.19922],[129.04154,35.19911],[129.04387,35.19839]]]]}},{"type":"Feature","properties":{"adm_cd":"21050560","adm_nm":"부산광역시 부산진구 양정1동"},"geometry":{"type":"MultiPolygon","coordinates":[[[[129.06734,35.1769],[129.06778,35.17657],[129.06757,35.17479],[129.07279,35.17136],[129.07305,35.1715],[129.07343,35.17161],[129.07382,35.17173],[129.07387,35.17167],[129.07433,35.17091],[129.07462,35.17012],[129.07456,35.16944],[129.07441,35.16835],[129.07462,35.16776],[129.07631,35.16653],[129.07708,35.16633],[129.07784,35.16628],[129.07856,35.16635],[129.07929,35.16667],[129.07885,35.16573],[129.07406,35.16579],[129.07389,35.16572],[129.07388,35.16567],[129.0716,35.16525],[129.06962,35.16712],[129.06823,35.16904],[129.06778,35.16952],[129.06748,35.16971],[129.06701,35.16787],[129.06642,35.16876],[129.06567,35.16985],[129.06436,35.17059],[129.06264,35.17152],[129.06203,35.17194],[129.06096,35.17271],[129.0576,35.17523],[129.05745,35.17564],[129.05747,35.17603],[129.0575,35.17608],[129.05749,35.17695],[129.0575,35.17722],[129.05754,35.17733],[129.05821,35.17814],[129.05851,35.17847],[129.06028,35.18],[129.06042,35.18006],[129.06094,35.1802],[129.06124,35.18022],[129.06166,35.18025],[129.06193,35.1801],[129.06203,35.18004],[129.0621,35.17993],[129.06273,35.1787],[129.06276,35.17859],[129.0628,35.17801],[129.06286,35.17765],[129.06292,35.17754],[129.06297,35.17749],[129.06306,35.17744],[129.06339,35.17734],[129.06377,35.17726],[129.0638,35.17726],[129.06473,35.17714],[129.06734,35.1769]]]]}},{"type":"Feature","properties":{"adm_cd":"21050570","adm_nm":"부산광역시 부산진구 양정2동"},"geometry":{"type":"MultiPolygon","coordinates":[[[[129.07503,35.17759],[129.07554,35.17731],[129.07796,35.1754],[129.08168,35.17198],[129.08192,35.17174],[129.08196,35.17154],[129.08196,35.17149],[129.08199,35.17125],[129.08142,35.16926],[129.08081,35.16774],[129.07999,35.16706],[129.07929,35.16667],[129.07856,35.16635],[129.07784,35.16628],[129.07708,35.16633],[129.07631,35.16653],[129.07462,35.16776],[129.07441,35.16835],[129.07456,35.16944],[129.07462,35.17012],[129.07433,35.17091],[129.07387,35.17167],[129.07382,35.17173],[129.07343,35.17161],[129.07305,35.1715],[129.07279,35.17136],[129.06757,35.17479],[129.06778,35.17657],[129.07027,35.17583],[129.07194,35.17794],[129.07191,35.17959],[129.07503,35.17759]]]]}},{"type":"Feature","properties":{"adm_cd":"21050610","adm_nm":"부산광역시 부산진구 전포2동"},"geometry":{"type":"MultiPolygon","coordinates":[[[[129.07885,35.16573],[129.07852,35.16242],[129.07763,35.1616],[129.0759,35.16013],[129.0741,35.15892],[129.07363,35.1586],[129.07346,35.1585],[129.07323,35.1584],[129.07307,35.15835],[129.07303,35.15834],[129.07216,35.15816],[129.06975,35.15769],[129.06404,35.15775],[129.0623,35.15783],[129.06227,35.1588],[129.06223,35.16097],[129.06258,35.16222],[129.06309,35.16289],[129.06397,35.16392],[129.06484,35.16493],[129.06531,35.16554],[129.06556,35.16587],[129.0663,35.16683],[129.06652,35.16711],[129.06678,35.16751],[129.06701,35.16787],[129.06748,35.16971],[129.06778,35.16952],[129.06823,35.16904],[129.06962,35.16712],[129.0716,35.16525],[129.07388,35.16567],[129.07389,35.16572],[129.07406,35.16579],[129.07885,35.16573]]]]}},{"type":"Feature","properties":{"adm_cd":"21050640","adm_nm":"부산광역시 부산진구 부암1동"},"geometry":{"type":"MultiPolygon","coordinates":[[[[129.05315,35.16659],[129.05363,35.16104],[129.05338,35.16079],[129.05328,35.16069],[129.05303,35.16036],[129.05267,35.15958],[129.05265,35.15947],[129.05257,35.15893],[129.05256,35.15868],[129.05255,35.15845],[129.05258,35.15827],[129.05265,35.15778],[129.05059,35.15701],[129.04941,35.15731],[129.0497,35.15739],[129.05036,35.15762],[129.05061,35.1579],[129.04995,35.16076],[129.04969,35.16144],[129.04967,35.1615],[129.04966,35.16153],[129.04953,35.16171],[129.04948,35.16179],[129.04946,35.16182],[129.04927,35.16204],[129.04865,35.16233],[129.04734,35.16255],[129.04552,35.16277],[129.04496,35.1628],[129.04251,35.16614],[129.04384,35.16757],[129.04422,35.16851],[129.04478,35.16939],[129.04531,35.17002],[129.04645,35.16895],[129.04649,35.16887],[129.04654,35.16877],[129.04666,35.16869],[129.0475,35.16838],[129.04763,35.16834],[129.04797,35.16833],[129.05051,35.1685],[129.05085,35.16884],[129.05107,35.16906],[129.05165,35.16965],[129.05169,35.16964],[129.05178,35.16963],[129.05186,35.16962],[129.05193,35.1696],[129.052,35.16959],[129.05208,35.16956],[129.05211,35.16954],[129.05215,35.16947],[129.05221,35.16937],[129.05315,35.16659]]]]}},{"type":"Feature","properties":{"adm_cd":"21050660","adm_nm":"부산광역시 부산진구 부암3동"},"geometry":{"type":"MultiPolygon","coordinates":[[[[129.04479,35.17177],[129.04531,35.17002],[129.04478,35.16939],[129.04422,35.16851],[129.04384,35.16757],[129.04251,35.16614],[129.04106,35.16605],[129.04062,35.16692],[129.0398,35.16752],[129.03913,35.16752],[129.03871,35.16747],[129.03784,35.16748],[129.03769,35.1675],[129.03761,35.16756],[129.03676,35.16813],[129.0355,35.16911],[129.03416,35.17066],[129.03289,35.17222],[129.03202,35.17304],[129.03107,35.17374],[129.02904,35.17256],[129.02877,35.17319],[129.02814,35.17464],[129.02489,35.17684],[129.02386,35.17713],[129.02273,35.17759],[129.0215,35.17832],[129.02252,35.17911],[129.0235,35.18064],[129.02356,35.18074],[129.02364,35.18092],[129.02369,35.18159],[129.0238,35.18304],[129.02462,35.18267],[129.02653,35.18299],[129.02724,35.18317],[129.02769,35.18319],[129.02803,35.18317],[129.0287,35.183],[129.02909,35.18287],[129.0292,35.18278],[129.02938,35.18263],[129.03019,35.18182],[129.03078,35.18141],[129.03117,35.18128],[129.03259,35.18146],[129.03315,35.18126],[129.03373,35.18106],[129.0348,35.18044],[129.03556,35.1797],[129.03576,35.17946],[129.03583,35.17922],[129.03567,35.17874],[129.03622,35.17778],[129.03678,35.17702],[129.03952,35.17483],[129.03978,35.17465],[129.04013,35.1744],[129.04158,35.17341],[129.04192,35.17318],[129.04383,35.17214],[129.04461,35.17183],[129.04479,35.17177]]]]}},{"type":"Feature","properties":{"adm_cd":"21050680","adm_nm":"부산광역시 부산진구 당감2동"},"geometry":{"type":"MultiPolygon","coordinates":[[[[129.04941,35.15731],[129.04594,35.15666],[129.04406,35.15743],[129.04356,35.15719],[129.04289,35.1567],[129.0423,35.15626],[129.04134,35.15594],[129.04067,35.15585],[129.03869,35.15599],[129.03857,35.15608],[129.03811,35.15647],[129.03778,35.15674],[129.03771,35.15692],[129.03663,35.15676],[129.03227,35.15611],[129.03166,35.15602],[129.02949,35.15568],[129.03095,35.15667],[129.0336,35.15754],[129.03394,35.15735],[129.03381,35.15823],[129.0338,35.15828],[129.03363,35.15909],[129.03354,35.15954],[129.03707,35.1607],[129.04005,35.1616],[129.04376,35.16251],[129.04496,35.1628],[129.04552,35.16277],[129.04734,35.16255],[129.04865,35.16233],[129.04927,35.16204],[129.04946,35.16182],[129.04948,35.16179],[129.04953,35.16171],[129.04966,35.16153],[129.04967,35.1615],[129.04969,35.16144],[129.04995,35.16076],[129.05061,35.1579],[129.05036,35.15762],[129.0497,35.15739],[129.04941,35.15731]]]]}},{"type":"Feature","properties":{"adm_cd":"21050700","adm_nm":"부산광역시 부산진구 당감4동"},"geometry":{"type":"MultiPolygon","coordinates":[[[[129.03871,35.16747],[129.03952,35.16399],[129.0364,35.16457],[129.03467,35.16506],[129.03267,35.16586],[129.02716,35.16952],[129.02702,35.16954],[129.02699,35.16956],[129.02444,35.17129],[129.02418,35.17149],[129.02398,35.17168],[129.02185,35.17394],[129.02153,35.17682],[129.0215,35.17832],[129.02273,35.17759],[129.02386,35.17713],[129.02489,35.17684],[129.02814,35.17464],[129.02877,35.17319],[129.02904,35.17256],[129.03107,35.17374],[129.03202,35.17304],[129.03289,35.17222],[129.03416,35.17066],[129.0355,35.16911],[129.03676,35.16813],[129.03761,35.16756],[129.03769,35.1675],[129.03784,35.16748],[129.03871,35.16747]]]]}},{"type":"Feature","properties":{"adm_cd":"21050720","adm_nm":"부산광역시 부산진구 가야2동"},"geometry":{"type":"MultiPolygon","coordinates":[[[[129.02627,35.13512],[129.02412,35.13402],[129.02081,35.13685],[129.02203,35.13875],[129.02252,35.13987],[129.02245,35.14218],[129.02245,35.14239],[129.02242,35.14295],[129.02339,35.14744],[129.02324,35.14857],[129.02331,35.14892],[129.02334,35.14896],[129.02665,35.15292],[129.027,35.15297],[129.02711,35.15298],[129.02759,35.1535],[129.02902,35.1552],[129.02919,35.15541],[129.02914,35.15547],[129.02907,35.15554],[129.02903,35.15559],[129.02949,35.15568],[129.03166,35.15602],[129.03176,35.15562],[129.03185,35.15535],[129.03209,35.15442],[129.03213,35.15421],[129.03244,35.15268],[129.03245,35.15206],[129.03235,35.15131],[129.03252,35.15016],[129.03349,35.14801],[129.0337,35.1476],[129.03373,35.14714],[129.03037,35.14744],[129.02778,35.14429],[129.02743,35.14376],[129.0266,35.14192],[129.02591,35.14014],[129.02562,35.13891],[129.02618,35.13533],[129.02627,35.13512]]]]}},{"type":"Feature","properties":{"adm_cd":"21050740","adm_nm":"부산광역시 부산진구 개금1동"},"geometry":{"type":"MultiPolygon","coordinates":[[[[129.02339,35.14744],[129.02072,35.14843],[129.01619,35.14825],[129.01667,35.15281],[129.01779,35.15308],[129.01807,35.15315],[129.01852,35.15326],[129.01878,35.15332],[129.01936,35.15346],[129.02551,35.1549],[129.02753,35.15529],[129.02903,35.15559],[129.02907,35.15554],[129.02914,35.15547],[129.02919,35.15541],[129.02902,35.1552],[129.02759,35.1535],[129.02711,35.15298],[129.027,35.15297],[129.02665,35.15292],[129.02334,35.14896],[129.02331,35.14892],[129.02324,35.14857],[129.02339,35.14744]]]]}},{"type":"Feature","properties":{"adm_cd":"21050750","adm_nm":"부산광역시 부산진구 개금2동"},"geometry":{"type":"MultiPolygon","coordinates":[[[[129.02339,35.14744],[129.02242,35.14295],[129.02245,35.14239],[129.02245,35.14218],[129.02252,35.13987],[129.02203,35.13875],[129.02081,35.13685],[129.02049,35.13669],[129.01917,35.13624],[129.01837,35.13605],[129.01709,35.13602],[129.0128,35.1374],[129.01213,35.13773],[129.01154,35.13805],[129.01132,35.13819],[129.01229,35.1383],[129.01279,35.13847],[129.0131,35.13872],[129.01425,35.13987],[129.01456,35.14023],[129.01602,35.14207],[129.01615,35.14224],[129.01621,35.14252],[129.01625,35.14314],[129.01623,35.14337],[129.01578,35.14382],[129.01568,35.14693],[129.01619,35.14825],[129.02072,35.14843],[129.02339,35.14744]]]]}},{"type":"Feature","properties":{"adm_cd":"21050760","adm_nm":"부산광역시 부산진구 개금3동"},"geometry":{"type":"MultiPolygon","coordinates":[[[[129.03354,35.15954],[129.03363,35.15909],[129.0338,35.15828],[129.03381,35.15823],[129.03394,35.15735],[129.0336,35.15754],[129.03095,35.15667],[129.02949,35.15568],[129.02903,35.15559],[129.02753,35.15529],[129.02551,35.1549],[129.01936,35.15346],[129.01878,35.15332],[129.01852,35.15326],[129.01807,35.15315],[129.01779,35.15308],[129.01667,35.15281],[129.01663,35.1531],[129.01649,35.15406],[129.01631,35.15464],[129.01594,35.15571],[129.01522,35.15666],[129.015,35.1569],[129.01488,35.15704],[129.01482,35.15711],[129.01458,35.15732],[129.01436,35.15749],[129.01413,35.15765],[129.01408,35.15768],[129.01377,35.15788],[129.01302,35.15835],[129.01064,35.16015],[129.01103,35.16272],[129.01163,35.16384],[129.01284,35.16567],[129.01312,35.16557],[129.0165,35.16534],[129.01658,35.16537],[129.01749,35.16563],[129.01933,35.16598],[129.01944,35.16599],[129.02094,35.16587],[129.02341,35.16557],[129.02718,35.16579],[129.02877,35.16593],[129.02888,35.16576],[129.02921,35.16527],[129.0306,35.16271],[129.03188,35.15909],[129.03354,35.15954]]]]}},{"type":"Feature","properties":{"adm_cd":"21050800","adm_nm":"부산광역시 부산진구 당감1동"},"geometry":{"type":"MultiPolygon","coordinates":[[[[129.0215,35.17832],[129.02153,35.17682],[129.02185,35.17394],[129.02398,35.17168],[129.02418,35.17149],[129.02444,35.17129],[129.02699,35.16956],[129.02702,35.16954],[129.02716,35.16952],[129.03267,35.16586],[129.03467,35.16506],[129.0364,35.16457],[129.03952,35.16399],[129.03871,35.16747],[129.03913,35.16752],[129.0398,35.16752],[129.04062,35.16692],[129.04106,35.16605],[129.04251,35.16614],[129.04496,35.1628],[129.04376,35.16251],[129.04005,35.1616],[129.03707,35.1607],[129.03354,35.15954],[129.03188,35.15909],[129.0306,35.16271],[129.02921,35.16527],[129.02888,35.16576],[129.02877,35.16593],[129.02718,35.16579],[129.02341,35.16557],[129.02094,35.16587],[129.01944,35.16599],[129.01933,35.16598],[129.01749,35.16563],[129.01658,35.16537],[129.0165,35.16534],[129.01312,35.16557],[129.01284,35.16567],[129.01249,35.16605],[129.0117,35.16738],[129.01165,35.16762],[129.01176,35.16782],[129.01184,35.168],[129.01181,35.16844],[129.0117,35.16881],[129.0115,35.1691],[129.01123,35.16937],[129.01009,35.17036],[129.01017,35.17361],[129.01138,35.17411],[129.01594,35.1777],[129.01618,35.17798],[129.01668,35.17859],[129.01786,35.17933],[129.01952,35.17986],[129.01972,35.17971],[129.01996,35.17931],[129.0215,35.17832]]]]}},{"type":"Feature","properties":{"adm_cd":"21050810","adm_nm":"부산광역시 부산진구 가야제1동"},"geometry":{"type":"MultiPolygon","coordinates":[[[[129.04594,35.15666],[129.04613,35.15415],[129.04587,35.15331],[129.04581,35.15315],[129.04574,35.15301],[129.04567,35.15291],[129.04556,35.15284],[129.04428,35.15205],[129.04422,35.15203],[129.04241,35.15072],[129.041,35.14958],[129.04067,35.14839],[129.03986,35.14788],[129.03928,35.14724],[129.03872,35.1462],[129.03837,35.1451],[129.03832,35.14489],[129.03829,35.14452],[129.03826,35.1442],[129.0383,35.14292],[129.03833,35.14288],[129.03845,35.14259],[129.03848,35.14228],[129.03845,35.14206],[129.03829,35.14154],[129.03762,35.13973],[129.03739,35.13941],[129.03469,35.13728],[129.03313,35.13706],[129.03223,35.1374],[129.03191,35.1375],[129.03178,35.13751],[129.03168,35.13749],[129.02863,35.13673],[129.02828,35.13663],[129.02802,35.13651],[129.02785,35.13635],[129.02702,35.13535],[129.02627,35.13512],[129.02618,35.13533],[129.02562,35.13891],[129.02591,35.14014],[129.0266,35.14192],[129.02743,35.14376],[129.02778,35.14429],[129.03037,35.14744],[129.03373,35.14714],[129.0337,35.1476],[129.03349,35.14801],[129.03252,35.15016],[129.03235,35.15131],[129.03245,35.15206],[129.03244,35.15268],[129.03213,35.15421],[129.03209,35.15442],[129.03185,35.15535],[129.03176,35.15562],[129.03166,35.15602],[129.03227,35.15611],[129.03663,35.15676],[129.03771,35.15692],[129.03778,35.15674],[129.03811,35.15647],[129.03857,35.15608],[129.03869,35.15599],[129.04067,35.15585],[129.04134,35.15594],[129.0423,35.15626],[129.04289,35.1567],[129.04356,35.15719],[129.04406,35.15743],[129.04594,35.15666]]]]}},{"type":"Feature","properties":{"adm_cd":"21050820","adm_nm":"부산광역시 부산진구 부전1동"},"geometry":{"type":"MultiPolygon","coordinates":[[[[129.06264,35.17152],[129.06436,35.17059],[129.06567,35.16985],[129.06642,35.16876],[129.06701,35.16787],[129.06678,35.16751],[129.06652,35.16711],[129.0663,35.16683],[129.06556,35.16587],[129.06531,35.16554],[129.06484,35.16493],[129.06397,35.16392],[129.06309,35.16289],[129.06258,35.16222],[129.06223,35.16097],[129.06227,35.1588],[129.0623,35.15783],[129.0599,35.15844],[129.05838,35.15802],[129.05669,35.15782],[129.05471,35.15779],[129.05295,35.15778],[129.05265,35.15778],[129.05258,35.15827],[129.05255,35.15845],[129.05256,35.15868],[129.05257,35.15893],[129.05265,35.15947],[129.05267,35.15958],[129.05303,35.16036],[129.05328,35.16069],[129.05338,35.16079],[129.05363,35.16104],[129.05315,35.16659],[129.05349,35.16652],[129.05435,35.16659],[129.05471,35.16661],[129.05619,35.16682],[129.06003,35.16887],[129.06164,35.16981],[129.06165,35.17152],[129.06165,35.17157],[129.06228,35.17153],[129.06235,35.17152],[129.06264,35.17152]]]]}},{"type":"Feature","properties":{"adm_cd":"21050830","adm_nm":"부산광역시 부산진구 전포1동"},"geometry":{"type":"MultiPolygon","coordinates":[[[[129.08203,35.15948],[129.08293,35.15824],[129.08254,35.15787],[129.08226,35.1575],[129.08,35.15334],[129.07987,35.1527],[129.07872,35.15229],[129.07781,35.15194],[129.07424,35.15029],[129.0717,35.14906],[129.07134,35.14878],[129.06677,35.14778],[129.06333,35.14869],[129.06238,35.15061],[129.0623,35.15783],[129.06404,35.15775],[129.06975,35.15769],[129.07216,35.15816],[129.07303,35.15834],[129.07307,35.15835],[129.07323,35.1584],[129.07346,35.1585],[129.07363,35.1586],[129.0741,35.15892],[129.0759,35.16013],[129.07763,35.1616],[129.07852,35.16242],[129.08089,35.15971],[129.08203,35.15948]]]]}},{"type":"Feature","properties":{"adm_cd":"21060510","adm_nm":"부산광역시 동래구 수민동"},"geometry":{"type":"MultiPolygon","coordinates":[[[[129.09241,35.19967],[129.09251,35.19964],[129.09279,35.19953],[129.09396,35.1991],[129.09435,35.19895],[129.09452,35.19889],[129.0955,35.19818],[129.0975,35.19612],[129.09785,35.19553],[129.09798,35.19527],[129.09818,35.19482],[129.09848,35.19414],[129.09849,35.19412],[129.09897,35.19302],[129.09906,35.19278],[129.09941,35.19175],[129.09543,35.19238],[129.09499,35.19242],[129.09073,35.19346],[129.09039,35.19351],[129.08955,35.19362],[129.08711,35.19416],[129.08651,35.19434],[129.08637,35.19438],[129.08588,35.1946],[129.08561,35.19472],[129.08472,35.19521],[129.08406,35.19563],[129.0831,35.19642],[129.08033,35.19927],[129.07845,35.20195],[129.07917,35.20196],[129.0832,35.20204],[129.08365,35.20234],[129.08379,35.20263],[129.08409,35.20438],[129.08552,35.20329],[129.08556,35.20358],[129.08639,35.20395],[129.08703,35.20397],[129.08717,35.20396],[129.0884,35.20258],[129.08898,35.20139],[129.08899,35.20078],[129.09241,35.19967]]]]}},{"type":"Feature","properties":{"adm_cd":"21060520","adm_nm":"부산광역시 동래구 복산동"},"geometry":{"type":"MultiPolygon","coordinates":[[[[129.09239,35.21004],[129.0926,35.21003],[129.09278,35.20995],[129.09315,35.20976],[129.09378,35.20942],[129.09388,35.2093],[129.0955,35.20699],[129.09581,35.20651],[129.0959,35.20624],[129.09594,35.20592],[129.0959,35.20571],[129.09589,35.20565],[129.09561,35.2048],[129.09545,35.2047],[129.09241,35.19967],[129.08899,35.20078],[129.08898,35.20139],[129.0884,35.20258],[129.08717,35.20396],[129.08703,35.20397],[129.08639,35.20395],[129.08556,35.20358],[129.08552,35.20329],[129.08409,35.20438],[129.08395,35.2044],[129.08385,35.20443],[129.08359,35.20461],[129.08343,35.20484],[129.08324,35.20532],[129.08326,35.2054],[129.08594,35.20853],[129.086,35.20857],[129.08774,35.20954],[129.08813,35.20971],[129.0906,35.21047],[129.0907,35.21048],[129.0908,35.21047],[129.09089,35.21044],[129.09111,35.21037],[129.09184,35.21008],[129.09239,35.21004]]]]}},{"type":"Feature","properties":{"adm_cd":"21060550","adm_nm":"부산광역시 동래구 온천1동"},"geometry":{"type":"MultiPolygon","coordinates":[[[[129.08192,35.22451],[129.0825,35.2239],[129.08509,35.22193],[129.08726,35.22166],[129.08494,35.21792],[129.08327,35.21623],[129.08082,35.21362],[129.08048,35.21369],[129.08003,35.21379],[129.079,35.21222],[129.07876,35.21183],[129.07793,35.21285],[129.07725,35.21357],[129.07711,35.21371],[129.07703,35.2138],[129.07309,35.21486],[129.07267,35.21484],[129.0726,35.2148],[129.07079,35.21666],[129.06313,35.22179],[129.06226,35.22172],[129.06189,35.22169],[129.06151,35.22263],[129.05926,35.22404],[129.0602,35.22622],[129.06065,35.2265],[129.06222,35.22683],[129.06269,35.22685],[129.06366,35.22689],[129.06535,35.22694],[129.06611,35.22687],[129.06649,35.22648],[129.06653,35.2253],[129.06687,35.22518],[129.06859,35.22509],[129.06882,35.22508],[129.06917,35.2251],[129.07047,35.22574],[129.07155,35.22627],[129.07675,35.2264],[129.0775,35.22635],[129.07771,35.22627],[129.0807,35.22383],[129.08192,35.22451]]]]}},{"type":"Feature","properties":{"adm_cd":"21060560","adm_nm":"부산광역시 동래구 온천2동"},"geometry":{"type":"MultiPolygon","coordinates":[[[[129.07876,35.21183],[129.07885,35.20407],[129.07315,35.20647],[129.0685,35.20829],[129.06631,35.20897],[129.06588,35.2091],[129.06528,35.20935],[129.06518,35.20941],[129.06446,35.2099],[129.06442,35.21014],[129.06296,35.21109],[129.06272,35.21123],[129.0624,35.21141],[129.06167,35.21172],[129.06155,35.21174],[129.06083,35.21184],[129.05988,35.21127],[129.05967,35.21114],[129.05776,35.21101],[129.05401,35.21087],[129.05257,35.2111],[129.05145,35.21136],[129.05141,35.21167],[129.05137,35.21223],[129.05134,35.21298],[129.05134,35.21324],[129.05164,35.21374],[129.05183,35.21397],[129.05334,35.21565],[129.05479,35.2172],[129.05627,35.21908],[129.05689,35.2208],[129.05779,35.22273],[129.05807,35.22322],[129.0587,35.22373],[129.05926,35.22404],[129.06151,35.22263],[129.06189,35.22169],[129.06226,35.22172],[129.06313,35.22179],[129.07079,35.21666],[129.0726,35.2148],[129.07267,35.21484],[129.07309,35.21486],[129.07703,35.2138],[129.07711,35.21371],[129.07725,35.21357],[129.07793,35.21285],[129.07876,35.21183]]]]}},{"type":"Feature","properties":{"adm_cd":"21060570","adm_nm":"부산광역시 동래구 온천3동"},"geometry":{"type":"MultiPolygon","coordinates":[[[[129.07885,35.20407],[129.0783,35.20253],[129.07641,35.20262],[129.07382,35.20202],[129.07183,35.20126],[129.06864,35.20045],[129.06815,35.20061],[129.06753,35.20082],[129.0674,35.20087],[129.06717,35.20094],[129.0654,35.20175],[129.06449,35.20216],[129.06444,35.20219],[129.06376,35.20251],[129.06369,35.20254],[129.06358,35.20259],[129.06299,35.20285],[129.06251,35.20305],[129.06248,35.20307],[129.05965,35.20195],[129.05968,35.20208],[129.0595,35.20238],[129.05942,35.20247],[129.05884,35.20318],[129.0582,35.20366],[129.05715,35.20408],[129.05541,35.2055],[129.05098,35.20844],[129.05145,35.21136],[129.05257,35.2111],[129.05401,35.21087],[129.05776,35.21101],[129.05967,35.21114],[129.05988,35.21127],[129.06083,35.21184],[129.06155,35.21174],[129.06167,35.21172],[129.0624,35.21141],[129.06272,35.21123],[129.06296,35.21109],[129.06442,35.21014],[129.06446,35.2099],[129.06518,35.20941],[129.06528,35.20935],[129.06588,35.2091],[129.06631,35.20897],[129.0685,35.20829],[129.07315,35.20647],[129.07885,35.20407]]]]}},{"type":"Feature","properties":{"adm_cd":"21060580","adm_nm":"부산광역시 동래구 사직1동"},"geometry":{"type":"MultiPolygon","coordinates":[[[[129.0654,35.20175],[129.06454,35.20057],[129.06564,35.1968],[129.06569,35.19666],[129.06648,35.19416],[129.0642,35.1937],[129.06355,35.19586],[129.06345,35.19619],[129.06187,35.19589],[129.06102,35.19572],[129.05905,35.19966],[129.0587,35.20083],[129.05965,35.20195],[129.06248,35.20307],[129.06251,35.20305],[129.06299,35.20285],[129.06358,35.20259],[129.06369,35.20254],[129.06376,35.20251],[129.06444,35.20219],[129.06449,35.20216],[129.0654,35.20175]]]]}},{"type":"Feature","properties":{"adm_cd":"21060590","adm_nm":"부산광역시 동래구 사직2동"},"geometry":{"type":"MultiPolygon","coordinates":[[[[129.05965,35.20195],[129.0587,35.20083],[129.05905,35.19966],[129.06102,35.19572],[129.06187,35.19589],[129.06345,35.19619],[129.06355,35.19586],[129.0642,35.1937],[129.06462,35.19225],[129.06275,35.19187],[129.05988,35.1913],[129.05577,35.19237],[129.05322,35.19208],[129.05306,35.19208],[129.05279,35.19217],[129.04769,35.19421],[129.04606,35.19599],[129.0441,35.19794],[129.04387,35.19839],[129.0436,35.19896],[129.04353,35.19929],[129.04347,35.20125],[129.04351,35.20191],[129.04358,35.20216],[129.0451,35.20197],[129.04738,35.20408],[129.05,35.20666],[129.0504,35.20722],[129.05098,35.20844],[129.05541,35.2055],[129.05715,35.20408],[129.0582,35.20366],[129.05884,35.20318],[129.05942,35.20247],[129.0595,35.20238],[129.05968,35.20208],[129.05965,35.20195]]]]}},{"type":"Feature","properties":{"adm_cd":"21060600","adm_nm":"부산광역시 동래구 사직3동"},"geometry":{"type":"MultiPolygon","coordinates":[[[[129.0783,35.20253],[129.07845,35.20195],[129.08033,35.19927],[129.07816,35.19938],[129.07809,35.19938],[129.07791,35.1994],[129.0764,35.19885],[129.07626,35.1988],[129.07487,35.19828],[129.07426,35.19806],[129.07341,35.19716],[129.07296,35.19668],[129.07123,35.19512],[129.06648,35.19416],[129.06569,35.19666],[129.06564,35.1968],[129.06454,35.20057],[129.0654,35.20175],[129.06717,35.20094],[129.0674,35.20087],[129.06753,35.20082],[129.06815,35.20061],[129.06864,35.20045],[129.07183,35.20126],[129.07382,35.20202],[129.07641,35.20262],[129.0783,35.20253]]]]}},{"type":"Feature","properties":{"adm_cd":"21060610","adm_nm":"부산광역시 동래구 안락1동"},"geometry":{"type":"MultiPolygon","coordinates":[[[[129.09953,35.20266],[129.09964,35.20243],[129.10006,35.2015],[129.1001,35.2015],[129.10083,35.20136],[129.10105,35.20132],[129.10378,35.20083],[129.10445,35.20071],[129.10458,35.20072],[129.10436,35.19817],[129.10422,35.19659],[129.10326,35.19674],[129.10324,35.19671],[129.10319,35.19663],[129.10305,35.19637],[129.10252,35.1953],[129.10247,35.19521],[129.10098,35.19224],[129.10083,35.19194],[129.10062,35.19144],[129.09941,35.19175],[129.09906,35.19278],[129.09897,35.19302],[129.09849,35.19412],[129.09848,35.19414],[129.09818,35.19482],[129.09798,35.19527],[129.09785,35.19553],[129.0975,35.19612],[129.0955,35.19818],[129.09452,35.19889],[129.09435,35.19895],[129.09396,35.1991],[129.09279,35.19953],[129.09251,35.19964],[129.09241,35.19967],[129.09545,35.2047],[129.09779,35.20403],[129.09953,35.20266]]]]}},{"type":"Feature","properties":{"adm_cd":"21060620","adm_nm":"부산광역시 동래구 안락2동"},"geometry":{"type":"MultiPolygon","coordinates":[[[[129.11638,35.20109],[129.11587,35.20042],[129.11583,35.20034],[129.1158,35.20027],[129.11557,35.19975],[129.11521,35.19891],[129.11517,35.19879],[129.11455,35.19664],[129.11436,35.19556],[129.11434,35.19532],[129.11425,35.19439],[129.11424,35.19419],[129.11423,35.19415],[129.11421,35.19352],[129.11421,35.19348],[129.1142,35.19309],[129.11529,35.18966],[129.11552,35.18783],[129.11516,35.18318],[129.11498,35.18331],[129.11459,35.18362],[129.11448,35.18374],[129.11416,35.18404],[129.11391,35.18434],[129.11241,35.18627],[129.1122,35.187],[129.11216,35.18715],[129.11052,35.18964],[129.10838,35.19041],[129.10818,35.19044],[129.10563,35.19074],[129.10526,35.19076],[129.10378,35.19086],[129.10237,35.19099],[129.10062,35.19144],[129.10083,35.19194],[129.10098,35.19224],[129.10247,35.19521],[129.10252,35.1953],[129.10305,35.19637],[129.10319,35.19663],[129.10324,35.19671],[129.10326,35.19674],[129.10422,35.19659],[129.10436,35.19817],[129.10458,35.20072],[129.10809,35.20056],[129.11292,35.20031],[129.11303,35.20031],[129.11309,35.20033],[129.11316,35.20039],[129.11348,35.20084],[129.11373,35.20153],[129.11378,35.20172],[129.11378,35.20177],[129.11506,35.20177],[129.11638,35.20109]]]]}},{"type":"Feature","properties":{"adm_cd":"21060630","adm_nm":"부산광역시 동래구 명장1동"},"geometry":{"type":"MultiPolygon","coordinates":[[[[129.11004,35.21011],[129.10992,35.20993],[129.10987,35.20967],[129.11012,35.20739],[129.11016,35.20706],[129.11023,35.20686],[129.11138,35.20387],[129.11211,35.20321],[129.11378,35.20177],[129.11378,35.20172],[129.11373,35.20153],[129.11348,35.20084],[129.11316,35.20039],[129.11309,35.20033],[129.11303,35.20031],[129.11292,35.20031],[129.10809,35.20056],[129.10458,35.20072],[129.10445,35.20071],[129.10378,35.20083],[129.10105,35.20132],[129.10083,35.20136],[129.1001,35.2015],[129.10006,35.2015],[129.09964,35.20243],[129.09953,35.20266],[129.10015,35.20314],[129.10087,35.20377],[129.10337,35.20712],[129.10344,35.2075],[129.10346,35.20764],[129.10351,35.20793],[129.10352,35.20809],[129.10352,35.20817],[129.10353,35.20838],[129.10354,35.20866],[129.10356,35.20909],[129.10357,35.20939],[129.1038,35.20974],[129.10419,35.20993],[129.10507,35.21036],[129.10627,35.20965],[129.10636,35.20959],[129.10864,35.21019],[129.11004,35.21011]]]]}},{"type":"Feature","properties":{"adm_cd":"21060640","adm_nm":"부산광역시 동래구 명장2동"},"geometry":{"type":"MultiPolygon","coordinates":[[[[129.09754,35.21408],[129.10136,35.21274],[129.10177,35.21259],[129.10187,35.21255],[129.10203,35.21247],[129.10231,35.21232],[129.10252,35.2122],[129.10249,35.21203],[129.10247,35.21193],[129.10243,35.21179],[129.10241,35.2117],[129.10233,35.21135],[129.10245,35.21129],[129.10437,35.21049],[129.10444,35.21047],[129.10497,35.21034],[129.10507,35.21036],[129.10419,35.20993],[129.1038,35.20974],[129.10357,35.20939],[129.10356,35.20909],[129.10354,35.20866],[129.10353,35.20838],[129.10352,35.20817],[129.10352,35.20809],[129.10351,35.20793],[129.10346,35.20764],[129.10344,35.2075],[129.10337,35.20712],[129.10087,35.20377],[129.10015,35.20314],[129.09953,35.20266],[129.09779,35.20403],[129.09545,35.2047],[129.09561,35.2048],[129.09589,35.20565],[129.0959,35.20571],[129.09594,35.20592],[129.0959,35.20624],[129.09581,35.20651],[129.0955,35.20699],[129.09388,35.2093],[129.09378,35.20942],[129.09315,35.20976],[129.09278,35.20995],[129.0926,35.21003],[129.09239,35.21004],[129.09273,35.21052],[129.09288,35.21075],[129.09301,35.21214],[129.09299,35.21224],[129.09295,35.21234],[129.09274,35.21271],[129.09262,35.21287],[129.09252,35.21313],[129.0932,35.21416],[129.09327,35.21425],[129.09359,35.21467],[129.09372,35.21477],[129.09399,35.21496],[129.09436,35.21543],[129.09563,35.21454],[129.09754,35.21408]]]]}},{"type":"Feature","properties":{"adm_cd":"21060650","adm_nm":"부산광역시 동래구 명륜동"},"geometry":{"type":"MultiPolygon","coordinates":[[[[129.09399,35.21496],[129.09372,35.21477],[129.09359,35.21467],[129.09327,35.21425],[129.0932,35.21416],[129.09252,35.21313],[129.09262,35.21287],[129.09274,35.21271],[129.09295,35.21234],[129.09299,35.21224],[129.09301,35.21214],[129.09288,35.21075],[129.09273,35.21052],[129.09239,35.21004],[129.09184,35.21008],[129.09111,35.21037],[129.09089,35.21044],[129.0908,35.21047],[129.0907,35.21048],[129.0906,35.21047],[129.08813,35.20971],[129.08774,35.20954],[129.086,35.20857],[129.08594,35.20853],[129.08326,35.2054],[129.08324,35.20532],[129.08343,35.20484],[129.08359,35.20461],[129.08385,35.20443],[129.08395,35.2044],[129.08409,35.20438],[129.08379,35.20263],[129.08365,35.20234],[129.0832,35.20204],[129.07917,35.20196],[129.07845,35.20195],[129.0783,35.20253],[129.07885,35.20407],[129.07876,35.21183],[129.079,35.21222],[129.08003,35.21379],[129.08048,35.21369],[129.08082,35.21362],[129.08327,35.21623],[129.08494,35.21792],[129.08656,35.21705],[129.08789,35.21764],[129.08833,35.21768],[129.09239,35.2165],[129.09333,35.21585],[129.09369,35.21553],[129.09399,35.21496]]]]}},{"type":"Feature","properties":{"adm_cd":"21070530","adm_nm":"부산광역시 남구 대연3동"},"geometry":{"type":"MultiPolygon","coordinates":[[[[129.096,35.15987],[129.09797,35.15581],[129.09812,35.15554],[129.09823,35.15534],[129.09911,35.15405],[129.10015,35.15255],[129.10164,35.15069],[129.10196,35.14947],[129.10256,35.1477],[129.1033,35.14601],[129.10334,35.14576],[129.10341,35.14436],[129.10274,35.14365],[129.10243,35.14322],[129.10232,35.1428],[129.10274,35.14231],[129.10295,35.14207],[129.10333,35.14164],[129.10363,35.14133],[129.10369,35.14127],[129.10399,35.14098],[129.10488,35.14021],[129.10603,35.13936],[129.10687,35.13874],[129.10764,35.13817],[129.11134,35.13568],[129.1086,35.13237],[129.10596,35.12918],[129.10601,35.12783],[129.10615,35.12762],[129.10628,35.12732],[129.10627,35.12714],[129.10579,35.12691],[129.10493,35.12649],[129.10356,35.12658],[129.10307,35.12642],[129.10274,35.1263],[129.10214,35.12606],[129.10154,35.12577],[129.10088,35.12544],[129.09994,35.12503],[129.09872,35.12491],[129.09985,35.12701],[129.10064,35.12809],[129.1007,35.12818],[129.0998,35.1287],[129.0972,35.1301],[129.09815,35.1301],[129.09821,35.13417],[129.09819,35.13424],[129.09778,35.13478],[129.09767,35.13492],[129.0976,35.13498],[129.09715,35.13536],[129.09708,35.13538],[129.09671,35.13545],[129.09642,35.13577],[129.09761,35.13625],[129.09764,35.13626],[129.09789,35.13637],[129.09606,35.14016],[129.09603,35.14022],[129.09499,35.14203],[129.0912,35.14627],[129.09115,35.14632],[129.09112,35.14634],[129.09069,35.14661],[129.08774,35.1483],[129.08756,35.14838],[129.0873,35.14846],[129.08711,35.1485],[129.08675,35.14857],[129.08608,35.14867],[129.08499,35.1488],[129.08364,35.14905],[129.08332,35.14929],[129.07987,35.1527],[129.08,35.15334],[129.08226,35.1575],[129.08254,35.15787],[129.08293,35.15824],[129.08413,35.15881],[129.0877,35.16037],[129.08802,35.16047],[129.08939,35.16081],[129.08978,35.1607],[129.09031,35.1605],[129.09105,35.16035],[129.09277,35.16032],[129.09371,35.16065],[129.09437,35.16114],[129.09482,35.16174],[129.09554,35.16033],[129.096,35.15987]]]]}},{"type":"Feature","properties":{"adm_cd":"21070540","adm_nm":"부산광역시 남구 대연4동"},"geometry":{"type":"MultiPolygon","coordinates":[[[[129.0972,35.1301],[129.0998,35.1287],[129.1007,35.12818],[129.10064,35.12809],[129.09985,35.12701],[129.09872,35.12491],[129.09475,35.12518],[129.09454,35.12513],[129.09274,35.12444],[129.0921,35.12414],[129.09167,35.12366],[129.09137,35.12309],[129.09149,35.12281],[129.09128,35.12207],[129.09068,35.12103],[129.09035,35.12085],[129.08733,35.12488],[129.08545,35.12524],[129.08621,35.12655],[129.08595,35.12775],[129.08586,35.12805],[129.08582,35.12814],[129.08558,35.12846],[129.08543,35.12861],[129.08458,35.12889],[129.084,35.12899],[129.08376,35.12898],[129.08291,35.12895],[129.08273,35.12918],[129.08215,35.13054],[129.08212,35.13088],[129.08324,35.13139],[129.08793,35.13316],[129.08802,35.13314],[129.08812,35.13312],[129.08814,35.13309],[129.08826,35.13229],[129.08827,35.13221],[129.0883,35.13206],[129.08837,35.13155],[129.08839,35.13152],[129.08913,35.13041],[129.08928,35.13019],[129.0972,35.1301]]]]}},{"type":"Feature","properties":{"adm_cd":"21070550","adm_nm":"부산광역시 남구 대연5동"},"geometry":{"type":"MultiPolygon","coordinates":[[[[129.09642,35.13577],[129.09384,35.13528],[129.09362,35.13526],[129.09054,35.13506],[129.09051,35.13506],[129.08966,35.13502],[129.0894,35.135],[129.08935,35.135],[129.08923,35.135],[129.08914,35.13499],[129.08833,35.13496],[129.08798,35.13495],[129.08706,35.13577],[129.08702,35.13619],[129.08697,35.13658],[129.08697,35.13662],[129.08687,35.13762],[129.08684,35.13804],[129.08707,35.13804],[129.08729,35.13804],[129.08726,35.13882],[129.08652,35.14034],[129.08649,35.14038],[129.08639,35.1405],[129.08621,35.14072],[129.08274,35.14125],[129.08235,35.14317],[129.08231,35.14357],[129.08326,35.14473],[129.08364,35.14905],[129.08499,35.1488],[129.08608,35.14867],[129.08675,35.14857],[129.08711,35.1485],[129.0873,35.14846],[129.08756,35.14838],[129.08774,35.1483],[129.09069,35.14661],[129.09112,35.14634],[129.09115,35.14632],[129.0912,35.14627],[129.09499,35.14203],[129.09603,35.14022],[129.09606,35.14016],[129.09789,35.13637],[129.09764,35.13626],[129.09761,35.13625],[129.09642,35.13577]]]]}},{"type":"Feature","properties":{"adm_cd":"21070560","adm_nm":"부산광역시 남구 대연6동"},"geometry":{"type":"MultiPolygon","coordinates":[[[[129.08798,35.13495],[129.08559,35.13487],[129.08387,35.13478],[129.08161,35.13453],[129.08149,35.13451],[129.08128,35.13447],[129.07895,35.13369],[129.07927,35.13495],[129.07928,35.13505],[129.07926,35.1353],[129.07868,35.13657],[129.07813,35.13714],[129.07766,35.13718],[129.0761,35.14062],[129.07607,35.14071],[129.07605,35.14079],[129.07607,35.14084],[129.07615,35.14088],[129.07626,35.1409],[129.07649,35.14094],[129.07755,35.14092],[129.08231,35.14357],[129.08235,35.14317],[129.08274,35.14125],[129.08621,35.14072],[129.08639,35.1405],[129.08649,35.14038],[129.08652,35.14034],[129.08726,35.13882],[129.08729,35.13804],[129.08707,35.13804],[129.08684,35.13804],[129.08687,35.13762],[129.08697,35.13662],[129.08697,35.13658],[129.08702,35.13619],[129.08706,35.13577],[129.08798,35.13495]]]]}},{"type":"Feature","properties":{"adm_cd":"21070570","adm_nm":"부산광역시 남구 용호1동"},"geometry":{"type":"MultiPolygon","coordinates":[[[[129.11181,35.13548],[129.11341,35.1348],[129.11476,35.13416],[129.11505,35.134],[129.11551,35.13375],[129.11689,35.13286],[129.11624,35.13213],[129.11552,35.13132],[129.11543,35.13121],[129.11521,35.13097],[129.11653,35.13021],[129.11583,35.12915],[129.11376,35.12702],[129.1132,35.1264],[129.11315,35.12634],[129.11305,35.1262],[129.11251,35.12481],[129.11245,35.124],[129.11242,35.12354],[129.11183,35.11879],[129.11106,35.11638],[129.10611,35.11676],[129.10277,35.11724],[129.1036,35.11782],[129.10382,35.11809],[129.10518,35.11994],[129.10536,35.12019],[129.10484,35.12123],[129.10481,35.1213],[129.10432,35.12236],[129.10423,35.12372],[129.10422,35.12378],[129.10433,35.12492],[129.10493,35.12649],[129.10579,35.12691],[129.10627,35.12714],[129.10628,35.12732],[129.10615,35.12762],[129.10601,35.12783],[129.10596,35.12918],[129.1086,35.13237],[129.11134,35.13568],[129.11181,35.13548]]]]}},{"type":"Feature","properties":{"adm_cd":"21070580","adm_nm":"부산광역시 남구 용호2동"},"geometry":{"type":"MultiPolygon","coordinates":[[[[129.12724,35.1143],[129.12744,35.11215],[129.12779,35.11099],[129.12793,35.11024],[129.12783,35.10963],[129.12685,35.1075],[129.12607,35.10624],[129.12374,35.10195],[129.12369,35.10174],[129.12391,35.10143],[129.12466,35.10093],[129.12521,35.10086],[129.12518,35.1007],[129.12418,35.09929],[129.12388,35.09904],[129.1235,35.09886],[129.11957,35.09938],[129.11853,35.09956],[129.11572,35.10014],[129.11543,35.10028],[129.11461,35.10095],[129.11389,35.10161],[129.11295,35.10299],[129.11271,35.10459],[129.11205,35.1078],[129.11106,35.11131],[129.11102,35.11311],[129.11106,35.11638],[129.11678,35.11558],[129.12323,35.11484],[129.12724,35.1143]]]]}},{"type":"Feature","properties":{"adm_cd":"21070590","adm_nm":"부산광역시 남구 용호3동"},"geometry":{"type":"MultiPolygon","coordinates":[[[[129.12724,35.1143],[129.12323,35.11484],[129.11678,35.11558],[129.11106,35.11638],[129.11183,35.11879],[129.11242,35.12354],[129.11245,35.124],[129.11251,35.12481],[129.11305,35.1262],[129.11315,35.12634],[129.1132,35.1264],[129.11376,35.12702],[129.11583,35.12915],[129.11653,35.13021],[129.11665,35.13014],[129.11717,35.13027],[129.11831,35.13151],[129.11858,35.13184],[129.12061,35.13395],[129.12108,35.13327],[129.12118,35.13289],[129.12107,35.13254],[129.1216,35.13133],[129.12234,35.12877],[129.12254,35.12707],[129.12287,35.12629],[129.12494,35.12217],[129.12595,35.12104],[129.12703,35.11981],[129.12715,35.11928],[129.12724,35.1148],[129.12724,35.1143]]]]}},{"type":"Feature","properties":{"adm_cd":"21070600","adm_nm":"부산광역시 남구 용호4동"},"geometry":{"type":"MultiPolygon","coordinates":[[[[129.11106,35.11638],[129.11102,35.11311],[129.11106,35.11131],[129.11205,35.1078],[129.11271,35.10459],[129.11295,35.10299],[129.11053,35.1011],[129.10879,35.10233],[129.10568,35.10001],[129.10563,35.09996],[129.10535,35.09963],[129.10527,35.09951],[129.105,35.09918],[129.10489,35.09906],[129.10478,35.09896],[129.10469,35.09887],[129.10456,35.09875],[129.10449,35.09872],[129.10442,35.09869],[129.10432,35.09866],[129.10423,35.09864],[129.10414,35.09862],[129.1032,35.09843],[129.10273,35.09836],[129.09953,35.09823],[129.09944,35.09826],[129.09756,35.09932],[129.09835,35.09984],[129.1029,35.10269],[129.10696,35.10932],[129.10702,35.10942],[129.10703,35.10956],[129.10704,35.11001],[129.10628,35.11358],[129.10616,35.11378],[129.10586,35.11404],[129.10565,35.11408],[129.10523,35.11407],[129.10485,35.11404],[129.10412,35.11471],[129.10284,35.11678],[129.10277,35.11724],[129.10611,35.11676],[129.11106,35.11638]]]]}},{"type":"Feature","properties":{"adm_cd":"21070610","adm_nm":"부산광역시 남구 용당동"},"geometry":{"type":"MultiPolygon","coordinates":[[[[129.10493,35.12649],[129.10433,35.12492],[129.10422,35.12378],[129.10423,35.12372],[129.10432,35.12236],[129.10481,35.1213],[129.10484,35.12123],[129.10536,35.12019],[129.10518,35.11994],[129.10382,35.11809],[129.1036,35.11782],[129.10277,35.11724],[129.10284,35.11678],[129.10412,35.11471],[129.10485,35.11404],[129.10523,35.11407],[129.10565,35.11408],[129.10586,35.11404],[129.10616,35.11378],[129.10628,35.11358],[129.10704,35.11001],[129.10703,35.10956],[129.10702,35.10942],[129.10696,35.10932],[129.1029,35.10269],[129.09835,35.09984],[129.09756,35.09932],[129.0946,35.09913],[129.09374,35.10753],[129.09181,35.10779],[129.08738,35.10714],[129.08721,35.1075],[129.08715,35.10901],[129.0873,35.10902],[129.08837,35.10909],[129.0882,35.11044],[129.08787,35.11689],[129.08785,35.11729],[129.08825,35.11856],[129.09035,35.12085],[129.09068,35.12103],[129.09128,35.12207],[129.09149,35.12281],[129.09137,35.12309],[129.09167,35.12366],[129.0921,35.12414],[129.09274,35.12444],[129.09454,35.12513],[129.09475,35.12518],[129.09872,35.12491],[129.09994,35.12503],[129.10088,35.12544],[129.10154,35.12577],[129.10214,35.12606],[129.10274,35.1263],[129.10307,35.12642],[129.10356,35.12658],[129.10493,35.12649]]]]}},{"type":"Feature","properties":{"adm_cd":"21070620","adm_nm":"부산광역시 남구 감만1동"},"geometry":{"type":"MultiPolygon","coordinates":[[[[129.0776,35.12081],[129.07708,35.11973],[129.0791,35.11861],[129.07989,35.11886],[129.08049,35.1192],[129.0808,35.11956],[129.08334,35.11949],[129.08733,35.11878],[129.08825,35.11856],[129.08785,35.11729],[129.08787,35.11689],[129.0882,35.11044],[129.08837,35.10909],[129.0873,35.10902],[129.08715,35.10901],[129.08721,35.1075],[129.08738,35.10714],[129.08759,35.10359],[129.07491,35.10358],[129.06743,35.10756],[129.0672,35.10769],[129.06989,35.11384],[129.07378,35.11675],[129.07325,35.11814],[129.07227,35.11873],[129.07135,35.11771],[129.07101,35.11738],[129.0695,35.1183],[129.073,35.12217],[129.07308,35.12217],[129.07498,35.12171],[129.0762,35.12091],[129.0776,35.12081]]]]}},{"type":"Feature","properties":{"adm_cd":"21070630","adm_nm":"부산광역시 남구 감만2동"},"geometry":{"type":"MultiPolygon","coordinates":[[[[129.09035,35.12085],[129.08825,35.11856],[129.08733,35.11878],[129.08334,35.11949],[129.0808,35.11956],[129.08049,35.1192],[129.07989,35.11886],[129.0791,35.11861],[129.07708,35.11973],[129.0776,35.12081],[129.07905,35.12109],[129.07962,35.12128],[129.07968,35.12131],[129.08081,35.12179],[129.08098,35.12186],[129.08175,35.12271],[129.0836,35.1241],[129.08363,35.12412],[129.08407,35.12441],[129.08545,35.12524],[129.08733,35.12488],[129.09035,35.12085]]]]}},{"type":"Feature","properties":{"adm_cd":"21070660","adm_nm":"부산광역시 남구 문현1동"},"geometry":{"type":"MultiPolygon","coordinates":[[[[129.08364,35.14905],[129.08326,35.14473],[129.08231,35.14357],[129.07755,35.14092],[129.07627,35.14316],[129.07628,35.14322],[129.07628,35.14334],[129.07621,35.14338],[129.07617,35.14341],[129.07606,35.14342],[129.07584,35.14341],[129.0756,35.1434],[129.07539,35.14337],[129.0752,35.14334],[129.0751,35.14331],[129.07208,35.14239],[129.0709,35.14184],[129.06874,35.1407],[129.06705,35.13999],[129.06716,35.14037],[129.06789,35.14181],[129.06801,35.14205],[129.06842,35.14263],[129.07083,35.14581],[129.071,35.14767],[129.07134,35.14878],[129.0717,35.14906],[129.07424,35.15029],[129.07781,35.15194],[129.07872,35.15229],[129.07987,35.1527],[129.08332,35.14929],[129.08364,35.14905]]]]}},{"type":"Feature","properties":{"adm_cd":"21070670","adm_nm":"부산광역시 남구 문현2동"},"geometry":{"type":"MultiPolygon","coordinates":[[[[129.06705,35.13999],[129.06789,35.13692],[129.06609,35.13698],[129.06448,35.14139],[129.06399,35.14208],[129.06364,35.14258],[129.0635,35.14277],[129.06343,35.14295],[129.0632,35.14356],[129.06319,35.14374],[129.06317,35.14454],[129.06312,35.14818],[129.06328,35.14855],[129.06333,35.14869],[129.06677,35.14778],[129.07134,35.14878],[129.071,35.14767],[129.07083,35.14581],[129.06842,35.14263],[129.06801,35.14205],[129.06789,35.14181],[129.06716,35.14037],[129.06705,35.13999]]]]}},{"type":"Feature","properties":{"adm_cd":"21070680","adm_nm":"부산광역시 남구 문현3동"},"geometry":{"type":"MultiPolygon","coordinates":[[[[129.07755,35.14092],[129.07649,35.14094],[129.07626,35.1409],[129.07615,35.14088],[129.07607,35.14084],[129.07605,35.14079],[129.07607,35.14071],[129.0761,35.14062],[129.07766,35.13718],[129.07813,35.13714],[129.07868,35.13657],[129.07926,35.1353],[129.07928,35.13505],[129.07927,35.13495],[129.07895,35.13369],[129.07861,35.13366],[129.07852,35.13365],[129.07824,35.13368],[129.07788,35.13378],[129.07753,35.13393],[129.07729,35.13405],[129.07688,35.13426],[129.0765,35.13447],[129.07653,35.13452],[129.07519,35.13526],[129.07504,35.13533],[129.07457,35.13557],[129.07317,35.1363],[129.07199,35.13686],[129.07194,35.13688],[129.07185,35.13692],[129.07168,35.13697],[129.07062,35.13698],[129.06789,35.13692],[129.06705,35.13999],[129.06874,35.1407],[129.0709,35.14184],[129.07208,35.14239],[129.0751,35.14331],[129.0752,35.14334],[129.07539,35.14337],[129.0756,35.1434],[129.07584,35.14341],[129.07606,35.14342],[129.07617,35.14341],[129.07621,35.14338],[129.07628,35.14334],[129.07628,35.14322],[129.07627,35.14316],[129.07755,35.14092]]]]}},{"type":"Feature","properties":{"adm_cd":"21070690","adm_nm":"부산광역시 남구 문현4동"},"geometry":{"type":"MultiPolygon","coordinates":[[[[129.07895,35.13369],[129.07585,35.1299],[129.07283,35.13133],[129.07308,35.13163],[129.07304,35.13177],[129.07281,35.13204],[129.06968,35.13041],[129.06954,35.13003],[129.0693,35.1293],[129.06856,35.12788],[129.06852,35.12783],[129.0684,35.12769],[129.06782,35.12711],[129.06771,35.12706],[129.06642,35.12759],[129.0653,35.12962],[129.06533,35.12991],[129.06609,35.13698],[129.06789,35.13692],[129.07062,35.13698],[129.07168,35.13697],[129.07185,35.13692],[129.07194,35.13688],[129.07199,35.13686],[129.07317,35.1363],[129.07457,35.13557],[129.07504,35.13533],[129.07519,35.13526],[129.07653,35.13452],[129.0765,35.13447],[129.07688,35.13426],[129.07729,35.13405],[129.07753,35.13393],[129.07788,35.13378],[129.07824,35.13368],[129.07852,35.13365],[129.07861,35.13366],[129.07895,35.13369]]]]}},{"type":"Feature","properties":{"adm_cd":"21070700","adm_nm":"부산광역시 남구 대연1동"},"geometry":{"type":"MultiPolygon","coordinates":[[[[129.0972,35.1301],[129.08928,35.13019],[129.08913,35.13041],[129.08839,35.13152],[129.08837,35.13155],[129.0883,35.13206],[129.08827,35.13221],[129.08826,35.13229],[129.08814,35.13309],[129.08812,35.13312],[129.08802,35.13314],[129.08793,35.13316],[129.08324,35.13139],[129.08212,35.13088],[129.08122,35.13103],[129.08119,35.13102],[129.07996,35.13028],[129.07903,35.12971],[129.07892,35.12965],[129.07873,35.12955],[129.0787,35.12955],[129.07805,35.12955],[129.07752,35.12959],[129.07585,35.1299],[129.07895,35.13369],[129.08128,35.13447],[129.08149,35.13451],[129.08161,35.13453],[129.08387,35.13478],[129.08559,35.13487],[129.08798,35.13495],[129.08833,35.13496],[129.08914,35.13499],[129.08923,35.135],[129.08935,35.135],[129.0894,35.135],[129.08966,35.13502],[129.09051,35.13506],[129.09054,35.13506],[129.09362,35.13526],[129.09384,35.13528],[129.09642,35.13577],[129.09671,35.13545],[129.09708,35.13538],[129.09715,35.13536],[129.0976,35.13498],[129.09767,35.13492],[129.09778,35.13478],[129.09819,35.13424],[129.09821,35.13417],[129.09815,35.1301],[129.0972,35.1301]]]]}},{"type":"Feature","properties":{"adm_cd":"21070710","adm_nm":"부산광역시 남구 우암동"},"geometry":{"type":"MultiPolygon","coordinates":[[[[129.07585,35.1299],[129.07752,35.12959],[129.07805,35.12955],[129.0787,35.12955],[129.07873,35.12955],[129.07892,35.12965],[129.07903,35.12971],[129.07996,35.13028],[129.08119,35.13102],[129.08122,35.13103],[129.08212,35.13088],[129.08215,35.13054],[129.08273,35.12918],[129.08291,35.12895],[129.08376,35.12898],[129.084,35.12899],[129.08458,35.12889],[129.08543,35.12861],[129.08558,35.12846],[129.08582,35.12814],[129.08586,35.12805],[129.08595,35.12775],[129.08621,35.12655],[129.08545,35.12524],[129.08407,35.12441],[129.08363,35.12412],[129.0836,35.1241],[129.08175,35.12271],[129.08098,35.12186],[129.08081,35.12179],[129.07968,35.12131],[129.07962,35.12128],[129.07905,35.12109],[129.0776,35.12081],[129.0762,35.12091],[129.07498,35.12171],[129.07308,35.12217],[129.073,35.12217],[129.07197,35.12251],[129.07095,35.12283],[129.06998,35.12313],[129.06994,35.12309],[129.0694,35.12248],[129.06866,35.12168],[129.06708,35.12226],[129.06534,35.12289],[129.06544,35.12309],[129.06546,35.12312],[129.06627,35.12466],[129.06652,35.12512],[129.06672,35.1255],[129.06678,35.12589],[129.06672,35.12637],[129.06666,35.12679],[129.06657,35.1271],[129.06642,35.12759],[129.06771,35.12706],[129.06782,35.12711],[129.0684,35.12769],[129.06852,35.12783],[129.06856,35.12788],[129.0693,35.1293],[129.06954,35.13003],[129.06968,35.13041],[129.07281,35.13204],[129.07304,35.13177],[129.07308,35.13163],[129.07283,35.13133],[129.07585,35.1299]]]]}},{"type":"Feature","properties":{"adm_cd":"21080510","adm_nm":"부산광역시 북구 구포1동"},"geometry":{"type":"MultiPolygon","coordinates":[[[[129.0139,35.20535],[129.01482,35.20428],[129.01702,35.20218],[129.01756,35.20172],[129.01825,35.20086],[129.01832,35.20001],[129.01708,35.20042],[129.01384,35.20095],[129.01307,35.20084],[129.01166,35.20127],[129.01107,35.20151],[129.01071,35.20176],[129.00992,35.20264],[129.00904,35.20378],[129.00899,35.20383],[129.00871,35.20421],[129.00864,35.20427],[129.00813,35.20417],[129.00637,35.20376],[129.00585,35.20325],[129.00565,35.20302],[129.00537,35.2027],[129.00529,35.20266],[129.00458,35.20244],[129.00414,35.20231],[129.0036,35.20217],[129.00334,35.20207],[129.00319,35.20216],[129.00182,35.20342],[129.00148,35.20388],[129.00132,35.20415],[129.00127,35.20446],[129.00125,35.20456],[129.00113,35.20524],[129.00109,35.20544],[129.00093,35.20622],[128.99892,35.20621],[128.99633,35.20611],[128.99569,35.20559],[128.99434,35.20671],[128.99505,35.2073],[128.99581,35.20794],[128.99593,35.20966],[128.99616,35.21306],[129.00109,35.21061],[129.00245,35.21015],[129.00354,35.20986],[129.0041,35.20981],[129.00486,35.20998],[129.00733,35.20938],[129.00901,35.20783],[129.00995,35.20695],[129.01041,35.20651],[129.01055,35.20637],[129.01054,35.20633],[129.01047,35.20606],[129.01041,35.20583],[129.01139,35.20508],[129.0121,35.20487],[129.01229,35.20487],[129.0139,35.20535]]]]}},{"type":"Feature","properties":{"adm_cd":"21080520","adm_nm":"부산광역시 북구 구포2동"},"geometry":{"type":"MultiPolygon","coordinates":[[[[129.0036,35.20217],[129.00392,35.20198],[129.00397,35.20195],[129.00405,35.20188],[129.00413,35.20179],[129.0045,35.20132],[129.00458,35.20122],[129.00463,35.20114],[129.00491,35.20063],[129.00518,35.19917],[129.00505,35.19886],[129.00258,35.1944],[129.00171,35.19281],[129.00061,35.19166],[128.99821,35.1923],[128.99548,35.19386],[128.99496,35.19479],[128.99424,35.19513],[128.99397,35.19524],[128.99392,35.19526],[128.99159,35.1941],[128.99142,35.19401],[128.99112,35.19382],[128.98795,35.1959],[128.98804,35.19641],[128.98819,35.19724],[128.98987,35.19891],[128.99178,35.20096],[128.98928,35.2025],[128.99287,35.20549],[128.99351,35.20602],[128.9942,35.2066],[128.99434,35.20671],[128.99569,35.20559],[128.99633,35.20611],[128.99892,35.20621],[129.00093,35.20622],[129.00109,35.20544],[129.00113,35.20524],[129.00125,35.20456],[129.00127,35.20446],[129.00132,35.20415],[129.00148,35.20388],[129.00182,35.20342],[129.00319,35.20216],[129.00334,35.20207],[129.0036,35.20217]]]]}},{"type":"Feature","properties":{"adm_cd":"21080530","adm_nm":"부산광역시 북구 구포3동"},"geometry":{"type":"MultiPolygon","coordinates":[[[[129.01832,35.20001],[129.02178,35.1994],[129.02322,35.19789],[129.02449,35.19632],[129.02514,35.19491],[129.0255,35.19341],[129.02534,35.1926],[129.02464,35.19137],[129.02303,35.18935],[129.02206,35.18835],[129.02114,35.18775],[129.02068,35.1876],[129.02052,35.18759],[129.01938,35.18778],[129.01793,35.18827],[129.01708,35.1886],[129.01682,35.1889],[129.01599,35.18931],[129.01158,35.18892],[129.00911,35.18881],[129.00826,35.18901],[129.00786,35.1895],[129.00721,35.19045],[129.00735,35.19168],[129.00759,35.19224],[129.0077,35.1925],[129.00729,35.19252],[129.00551,35.19261],[129.00332,35.19272],[129.00171,35.19281],[129.00258,35.1944],[129.00505,35.19886],[129.00518,35.19917],[129.00491,35.20063],[129.00463,35.20114],[129.00458,35.20122],[129.0045,35.20132],[129.00413,35.20179],[129.00405,35.20188],[129.00397,35.20195],[129.00392,35.20198],[129.0036,35.20217],[129.00414,35.20231],[129.00458,35.20244],[129.00529,35.20266],[129.00537,35.2027],[129.00565,35.20302],[129.00585,35.20325],[129.00637,35.20376],[129.00813,35.20417],[129.00864,35.20427],[129.00871,35.20421],[129.00899,35.20383],[129.00904,35.20378],[129.00992,35.20264],[129.01071,35.20176],[129.01107,35.20151],[129.01166,35.20127],[129.01307,35.20084],[129.01384,35.20095],[129.01708,35.20042],[129.01832,35.20001]]]]}},{"type":"Feature","properties":{"adm_cd":"21080540","adm_nm":"부산광역시 북구 금곡동"},"geometry":{"type":"MultiPolygon","coordinates":[[[[129.05057,35.28006],[129.04688,35.27377],[129.04624,35.27288],[129.04456,35.2708],[129.0435,35.26992],[129.04318,35.26953],[129.04258,35.26864],[129.0424,35.26792],[129.0424,35.2668],[129.04234,35.26543],[129.04213,35.26401],[129.04189,35.26368],[129.0416,35.26333],[129.04001,35.2628],[129.03912,35.26284],[129.03775,35.26212],[129.037,35.26119],[129.0361,35.25972],[129.03604,35.2595],[129.03598,35.25926],[129.03539,35.25876],[129.03489,35.25835],[129.02987,35.25556],[129.0293,35.25553],[129.02808,35.25574],[129.02723,35.25557],[129.02184,35.25122],[129.02156,35.25],[129.01977,35.24764],[129.01711,35.24529],[129.01665,35.24529],[129.016,35.24529],[129.01474,35.24529],[129.01305,35.24452],[129.01396,35.24154],[129.0141,35.24081],[129.01423,35.24016],[129.0142,35.23987],[129.01318,35.23992],[129.01319,35.2401],[129.01267,35.24029],[129.00596,35.24238],[129.00256,35.24324],[129.00195,35.24306],[129.00146,35.24212],[129.00551,35.25041],[129.00749,35.25425],[129.00994,35.259],[129.01025,35.25974],[129.01098,35.26162],[129.01112,35.262],[129.01146,35.26313],[129.01165,35.26389],[129.01174,35.26426],[129.01244,35.26736],[129.01252,35.26774],[129.01274,35.26889],[129.01281,35.26926],[129.01287,35.26963],[129.0129,35.27],[129.01294,35.27038],[129.01296,35.27076],[129.01297,35.27114],[129.01295,35.27153],[129.01288,35.27219],[129.01261,35.27328],[129.01263,35.2733],[129.01281,35.27345],[129.01489,35.27452],[129.01628,35.27513],[129.01667,35.27528],[129.01678,35.27531],[129.01706,35.27539],[129.01722,35.27543],[129.01808,35.27547],[129.01827,35.27545],[129.0187,35.2755],[129.01996,35.27575],[129.02038,35.27584],[129.02113,35.27612],[129.02151,35.27625],[129.02618,35.27807],[129.03009,35.27852],[129.03392,35.27695],[129.03406,35.27691],[129.03423,35.27686],[129.03787,35.2761],[129.03923,35.27589],[129.04155,35.27848],[129.04211,35.27909],[129.04223,35.27917],[129.04395,35.28025],[129.04411,35.28031],[129.0443,35.28033],[129.04859,35.28039],[129.04869,35.28038],[129.04991,35.27999],[129.05057,35.28006]]]]}},{"type":"Feature","properties":{"adm_cd":"21080550","adm_nm":"부산광역시 북구 화명1동"},"geometry":{"type":"MultiPolygon","coordinates":[[[[129.04881,35.23848],[129.04916,35.23803],[129.04697,35.23477],[129.04654,35.23444],[129.04574,35.23334],[129.04609,35.23131],[129.04653,35.231],[129.04912,35.23087],[129.04881,35.22841],[129.04745,35.22592],[129.04643,35.22493],[129.04538,35.22423],[129.04474,35.22719],[129.04407,35.22849],[129.04093,35.22824],[129.03886,35.22778],[129.03432,35.22755],[129.03342,35.22771],[129.02601,35.22626],[129.02469,35.22436],[129.02402,35.22382],[129.02216,35.22391],[129.02148,35.22389],[129.02105,35.22403],[129.02085,35.22405],[129.02038,35.22401],[129.01966,35.22384],[129.01951,35.22374],[129.01549,35.22083],[129.01214,35.21886],[129.01097,35.21789],[129.0107,35.21782],[129.01059,35.2178],[129.00911,35.21745],[129.00841,35.22026],[129.00821,35.2211],[129.00857,35.22188],[129.00863,35.22201],[129.00872,35.22219],[129.00906,35.22346],[129.00907,35.22357],[129.00834,35.22396],[129.00762,35.22433],[129.0075,35.2244],[129.00778,35.22468],[129.00851,35.22543],[129.00928,35.22621],[129.01011,35.22702],[129.01224,35.22822],[129.01239,35.22843],[129.01243,35.22852],[129.01251,35.22869],[129.01254,35.22879],[129.01268,35.22929],[129.0127,35.22936],[129.01326,35.23174],[129.01327,35.23179],[129.0134,35.23236],[129.01348,35.23269],[129.01382,35.23415],[129.01387,35.23445],[129.01412,35.2346],[129.01471,35.23495],[129.0162,35.23595],[129.01658,35.23629],[129.01683,35.23653],[129.01717,35.23685],[129.01768,35.23734],[129.02319,35.23519],[129.02432,35.23435],[129.02588,35.23381],[129.02635,35.23456],[129.02769,35.23672],[129.02764,35.23677],[129.02323,35.23867],[129.02314,35.23867],[129.02302,35.2385],[129.02284,35.23826],[129.0227,35.23832],[129.02291,35.23864],[129.02299,35.23872],[129.0231,35.23877],[129.02319,35.2388],[129.02336,35.23882],[129.02353,35.23883],[129.03343,35.23915],[129.03741,35.23946],[129.03926,35.23942],[129.04881,35.23848]]]]}},{"type":"Feature","properties":{"adm_cd":"21080560","adm_nm":"부산광역시 북구 덕천1동"},"geometry":{"type":"MultiPolygon","coordinates":[[[[129.02216,35.22391],[129.02351,35.22231],[129.02365,35.22128],[129.0236,35.2205],[129.02349,35.21957],[129.02338,35.21859],[129.02308,35.21644],[129.02336,35.21399],[129.02402,35.2135],[129.02405,35.21349],[129.02504,35.21336],[129.02351,35.21214],[129.02316,35.21214],[129.02284,35.21213],[129.0202,35.21205],[129.01933,35.21202],[129.01765,35.21196],[129.01728,35.21187],[129.01248,35.21067],[129.01207,35.21056],[129.01094,35.21027],[129.01056,35.21129],[129.01048,35.21152],[129.00961,35.21413],[129.0095,35.21479],[129.01074,35.21527],[129.01194,35.21582],[129.01174,35.21633],[129.01165,35.21656],[129.01155,35.21683],[129.01114,35.21766],[129.01097,35.21789],[129.01214,35.21886],[129.01549,35.22083],[129.01951,35.22374],[129.01966,35.22384],[129.02038,35.22401],[129.02085,35.22405],[129.02105,35.22403],[129.02148,35.22389],[129.02216,35.22391]]]]}},{"type":"Feature","properties":{"adm_cd":"21080570","adm_nm":"부산광역시 북구 덕천2동"},"geometry":{"type":"MultiPolygon","coordinates":[[[[129.00821,35.2211],[129.00841,35.22026],[129.00911,35.21745],[129.01059,35.2178],[129.0107,35.21782],[129.01097,35.21789],[129.01114,35.21766],[129.01155,35.21683],[129.01165,35.21656],[129.01174,35.21633],[129.01194,35.21582],[129.01074,35.21527],[129.0095,35.21479],[129.00961,35.21413],[129.01048,35.21152],[129.01056,35.21129],[129.01094,35.21027],[129.01132,35.20924],[129.0115,35.20873],[129.01153,35.20865],[129.01182,35.20872],[129.01237,35.20885],[129.01257,35.2089],[129.01274,35.20894],[129.01397,35.20927],[129.01466,35.20782],[129.0143,35.20562],[129.0139,35.20535],[129.01229,35.20487],[129.0121,35.20487],[129.01139,35.20508],[129.01041,35.20583],[129.01047,35.20606],[129.01054,35.20633],[129.01055,35.20637],[129.01041,35.20651],[129.00995,35.20695],[129.00901,35.20783],[129.00733,35.20938],[129.00486,35.20998],[129.0041,35.20981],[129.00354,35.20986],[129.00245,35.21015],[129.00109,35.21061],[128.99616,35.21306],[128.99688,35.22363],[129.00359,35.22256],[129.00463,35.22246],[129.00468,35.22273],[129.00485,35.2241],[129.00432,35.22513],[129.0042,35.22535],[129.00397,35.22555],[129.00364,35.2262],[129.00401,35.22621],[129.00462,35.22604],[129.00536,35.22573],[129.00584,35.2253],[129.00606,35.22497],[129.00592,35.22463],[129.0055,35.22174],[129.00544,35.22112],[129.00541,35.2205],[129.00611,35.22038],[129.00716,35.22032],[129.00821,35.2211]]]]}},{"type":"Feature","properties":{"adm_cd":"21080580","adm_nm":"부산광역시 북구 덕천3동"},"geometry":{"type":"MultiPolygon","coordinates":[[[[129.02178,35.1994],[129.01832,35.20001],[129.01825,35.20086],[129.01756,35.20172],[129.01702,35.20218],[129.01482,35.20428],[129.0139,35.20535],[129.0143,35.20562],[129.01466,35.20782],[129.01397,35.20927],[129.01274,35.20894],[129.01257,35.2089],[129.01237,35.20885],[129.01182,35.20872],[129.01153,35.20865],[129.0115,35.20873],[129.01132,35.20924],[129.01094,35.21027],[129.01207,35.21056],[129.01248,35.21067],[129.01728,35.21187],[129.01765,35.21196],[129.01933,35.21202],[129.0202,35.21205],[129.02284,35.21213],[129.02316,35.21214],[129.02351,35.21214],[129.02294,35.21129],[129.02288,35.21108],[129.02286,35.21102],[129.02276,35.21051],[129.02262,35.20939],[129.02262,35.20921],[129.02262,35.20917],[129.02276,35.20891],[129.02279,35.20887],[129.02282,35.20881],[129.02295,35.20877],[129.02317,35.20863],[129.02355,35.20737],[129.02389,35.2062],[129.024,35.20539],[129.02399,35.20514],[129.02394,35.20494],[129.02383,35.2047],[129.0237,35.20447],[129.02343,35.20416],[129.02303,35.2037],[129.02259,35.20327],[129.02204,35.20271],[129.02173,35.20227],[129.02166,35.20201],[129.02151,35.20128],[129.0215,35.20052],[129.02178,35.1994]]]]}},{"type":"Feature","properties":{"adm_cd":"21080590","adm_nm":"부산광역시 북구 만덕1동"},"geometry":{"type":"MultiPolygon","coordinates":[[[[129.05971,35.23002],[129.06,35.22968],[129.06033,35.22924],[129.06057,35.22847],[129.06056,35.22834],[129.0604,35.22814],[129.0603,35.22789],[129.05997,35.22679],[129.06,35.22664],[129.06015,35.22631],[129.0602,35.22622],[129.05926,35.22404],[129.0587,35.22373],[129.05807,35.22322],[129.05779,35.22273],[129.05689,35.2208],[129.05627,35.21908],[129.05479,35.2172],[129.05334,35.21565],[129.05183,35.21397],[129.05164,35.21374],[129.05134,35.21324],[129.05134,35.21298],[129.05137,35.21223],[129.05141,35.21167],[129.05145,35.21136],[129.05099,35.21122],[129.05056,35.21122],[129.0484,35.21135],[129.04783,35.21143],[129.04544,35.21187],[129.04487,35.21221],[129.04441,35.21257],[129.04417,35.21264],[129.04399,35.21269],[129.04301,35.21295],[129.04233,35.21308],[129.0413,35.21305],[129.04118,35.21304],[129.0401,35.2129],[129.03952,35.21283],[129.03855,35.21274],[129.0383,35.21274],[129.03814,35.21274],[129.03807,35.21274],[129.03779,35.21276],[129.03691,35.21313],[129.03686,35.21317],[129.0312,35.21294],[129.02727,35.21304],[129.02504,35.21336],[129.02405,35.21349],[129.02402,35.2135],[129.02336,35.21399],[129.02308,35.21644],[129.02338,35.21859],[129.02349,35.21957],[129.0236,35.2205],[129.02365,35.22128],[129.02351,35.22231],[129.02216,35.22391],[129.02402,35.22382],[129.02469,35.22436],[129.02601,35.22626],[129.03342,35.22771],[129.03432,35.22755],[129.03886,35.22778],[129.04093,35.22824],[129.04407,35.22849],[129.04474,35.22719],[129.04538,35.22423],[129.04643,35.22493],[129.04745,35.22592],[129.04881,35.22841],[129.04912,35.23087],[129.05159,35.22965],[129.0527,35.22955],[129.05381,35.22951],[129.05615,35.22967],[129.05625,35.22968],[129.05699,35.22993],[129.05798,35.23016],[129.05812,35.23019],[129.05832,35.23019],[129.05971,35.23002]]]]}},{"type":"Feature","properties":{"adm_cd":"21080600","adm_nm":"부산광역시 북구 만덕2동"},"geometry":{"type":"MultiPolygon","coordinates":[[[[129.05145,35.21136],[129.05098,35.20844],[129.0504,35.20722],[129.05,35.20666],[129.04738,35.20408],[129.0451,35.20197],[129.04358,35.20216],[129.04351,35.20191],[129.04347,35.20125],[129.04353,35.19929],[129.0436,35.19896],[129.04387,35.19839],[129.04154,35.19911],[129.04107,35.19922],[129.03983,35.1995],[129.03955,35.1995],[129.03555,35.19845],[129.03477,35.19817],[129.03437,35.19797],[129.03381,35.19762],[129.03351,35.19704],[129.03311,35.19637],[129.03194,35.19527],[129.02895,35.19404],[129.02753,35.19351],[129.02695,35.19338],[129.02611,35.19334],[129.0255,35.19341],[129.02702,35.19535],[129.02723,35.19631],[129.0273,35.19651],[129.0277,35.19717],[129.02797,35.19761],[129.02968,35.20009],[129.0308,35.20093],[129.03095,35.20104],[129.0313,35.20143],[129.03129,35.20163],[129.03078,35.20408],[129.03116,35.20704],[129.03123,35.20742],[129.03146,35.20841],[129.03152,35.20859],[129.03163,35.20893],[129.03181,35.20948],[129.03246,35.20946],[129.03259,35.20945],[129.0329,35.21093],[129.03254,35.21256],[129.0312,35.21294],[129.03686,35.21317],[129.03691,35.21313],[129.03779,35.21276],[129.03807,35.21274],[129.03814,35.21274],[129.0383,35.21274],[129.03855,35.21274],[129.03952,35.21283],[129.0401,35.2129],[129.04118,35.21304],[129.0413,35.21305],[129.04233,35.21308],[129.04301,35.21295],[129.04399,35.21269],[129.04417,35.21264],[129.04441,35.21257],[129.04487,35.21221],[129.04544,35.21187],[129.04783,35.21143],[129.0484,35.21135],[129.05056,35.21122],[129.05099,35.21122],[129.05145,35.21136]]]]}},{"type":"Feature","properties":{"adm_cd":"21080610","adm_nm":"부산광역시 북구 만덕3동"},"geometry":{"type":"MultiPolygon","coordinates":[[[[129.0312,35.21294],[129.03254,35.21256],[129.0329,35.21093],[129.03259,35.20945],[129.03246,35.20946],[129.03181,35.20948],[129.03163,35.20893],[129.03152,35.20859],[129.03146,35.20841],[129.03123,35.20742],[129.03116,35.20704],[129.03078,35.20408],[129.03129,35.20163],[129.0313,35.20143],[129.03095,35.20104],[129.0308,35.20093],[129.02968,35.20009],[129.02797,35.19761],[129.0277,35.19717],[129.0273,35.19651],[129.02723,35.19631],[129.02702,35.19535],[129.0255,35.19341],[129.02514,35.19491],[129.02449,35.19632],[129.02322,35.19789],[129.02178,35.1994],[129.0215,35.20052],[129.02151,35.20128],[129.02166,35.20201],[129.02173,35.20227],[129.02204,35.20271],[129.02259,35.20327],[129.02303,35.2037],[129.02343,35.20416],[129.0237,35.20447],[129.02383,35.2047],[129.02394,35.20494],[129.02399,35.20514],[129.024,35.20539],[129.02389,35.2062],[129.02355,35.20737],[129.02317,35.20863],[129.02295,35.20877],[129.02282,35.20881],[129.02279,35.20887],[129.02276,35.20891],[129.02262,35.20917],[129.02262,35.20921],[129.02262,35.20939],[129.02276,35.21051],[129.02286,35.21102],[129.02288,35.21108],[129.02294,35.21129],[129.02351,35.21214],[129.02504,35.21336],[129.02727,35.21304],[129.0312,35.21294]]]]}},{"type":"Feature","properties":{"adm_cd":"21080620","adm_nm":"부산광역시 북구 화명2동"},"geometry":{"type":"MultiPolygon","coordinates":[[[[129.04881,35.23848],[129.03926,35.23942],[129.03741,35.23946],[129.03343,35.23915],[129.02353,35.23883],[129.02336,35.23882],[129.02319,35.2388],[129.0231,35.23877],[129.02299,35.23872],[129.02291,35.23864],[129.0227,35.23832],[129.02284,35.23826],[129.02302,35.2385],[129.02314,35.23867],[129.02323,35.23867],[129.02764,35.23677],[129.02769,35.23672],[129.02635,35.23456],[129.02588,35.23381],[129.02432,35.23435],[129.02319,35.23519],[129.01768,35.23734],[129.01717,35.23685],[129.01683,35.23653],[129.01658,35.23629],[129.0162,35.23595],[129.01471,35.23495],[129.01412,35.2346],[129.01387,35.23445],[129.01365,35.23463],[129.01367,35.23633],[129.0137,35.2369],[129.01397,35.2369],[129.0142,35.23987],[129.01423,35.24016],[129.0141,35.24081],[129.01396,35.24154],[129.01305,35.24452],[129.01474,35.24529],[129.016,35.24529],[129.01665,35.24529],[129.01711,35.24529],[129.01977,35.24764],[129.02156,35.25],[129.02184,35.25122],[129.02723,35.25557],[129.02808,35.25574],[129.0293,35.25553],[129.02987,35.25556],[129.03489,35.25835],[129.03539,35.25876],[129.03598,35.25926],[129.03604,35.2595],[129.0361,35.25972],[129.03765,35.25972],[129.04065,35.2589],[129.04673,35.25703],[129.04779,35.25646],[129.04855,35.25507],[129.04774,35.25464],[129.047,35.25423],[129.04542,35.25214],[129.04537,35.25094],[129.04544,35.24766],[129.04552,35.24702],[129.0461,35.24627],[129.04762,35.24621],[129.04828,35.24603],[129.04872,35.24587],[129.04961,35.24513],[129.05107,35.24102],[129.05064,35.23988],[129.04992,35.23898],[129.04881,35.23848]]]]}},{"type":"Feature","properties":{"adm_cd":"21080630","adm_nm":"부산광역시 북구 화명3동"},"geometry":{"type":"MultiPolygon","coordinates":[[[[129.0142,35.23987],[129.01397,35.2369],[129.0137,35.2369],[129.01367,35.23633],[129.01365,35.23463],[129.01387,35.23445],[129.01382,35.23415],[129.01348,35.23269],[129.0134,35.23236],[129.01327,35.23179],[129.01326,35.23174],[129.0127,35.22936],[129.01268,35.22929],[129.01254,35.22879],[129.01251,35.22869],[129.01243,35.22852],[129.01239,35.22843],[129.01224,35.22822],[129.01011,35.22702],[129.00928,35.22621],[129.00851,35.22543],[129.00778,35.22468],[129.0075,35.2244],[129.00762,35.22433],[129.00834,35.22396],[129.00907,35.22357],[129.00906,35.22346],[129.00872,35.22219],[129.00863,35.22201],[129.00857,35.22188],[129.00821,35.2211],[129.00716,35.22032],[129.00611,35.22038],[129.00541,35.2205],[129.00544,35.22112],[129.0055,35.22174],[129.00592,35.22463],[129.00606,35.22497],[129.00584,35.2253],[129.00536,35.22573],[129.00462,35.22604],[129.00401,35.22621],[129.00364,35.2262],[129.00397,35.22555],[129.0042,35.22535],[129.00432,35.22513],[129.00485,35.2241],[129.00468,35.22273],[129.00463,35.22246],[129.00359,35.22256],[128.99688,35.22363],[128.99757,35.2338],[128.99761,35.23439],[128.99774,35.23525],[128.9986,35.237],[129.00146,35.24212],[129.00195,35.24306],[129.00256,35.24324],[129.00596,35.24238],[129.01267,35.24029],[129.01319,35.2401],[129.01318,35.23992],[129.0142,35.23987]]]]}},{"type":"Feature","properties":{"adm_cd":"21090730","adm_nm":"부산광역시 해운대구 우1동"},"geometry":{"type":"MultiPolygon","coordinates":[[[[129.16631,35.17907],[129.16637,35.17866],[129.16601,35.17799],[129.1657,35.17744],[129.16501,35.1756],[129.16458,35.17451],[129.16444,35.17429],[129.1638,35.17396],[129.16361,35.17374],[129.16424,35.17297],[129.16429,35.17282],[129.16431,35.17237],[129.1643,35.17223],[129.16283,35.16668],[129.16285,35.16614],[129.16286,35.16606],[129.16199,35.16384],[129.16142,35.16316],[129.16119,35.16293],[129.16074,35.16148],[129.1604,35.15931],[129.16063,35.15857],[129.15864,35.15808],[129.15698,35.15756],[129.15569,35.15701],[129.15489,35.15656],[129.15465,35.15607],[129.15497,35.15486],[129.15402,35.15443],[129.15345,35.15295],[129.15304,35.15188],[129.15266,35.15176],[129.15164,35.15174],[129.15056,35.15175],[129.15029,35.15184],[129.14993,35.15227],[129.14991,35.15271],[129.15112,35.15652],[129.15153,35.15674],[129.15279,35.15735],[129.15216,35.15809],[129.15132,35.15897],[129.15015,35.15966],[129.14888,35.16045],[129.14846,35.16069],[129.14761,35.16121],[129.14617,35.16198],[129.14464,35.16286],[129.14447,35.1643],[129.14544,35.16507],[129.14637,35.16561],[129.14786,35.16623],[129.14908,35.16687],[129.14953,35.16715],[129.14978,35.16745],[129.14971,35.1678],[129.1496,35.16889],[129.14966,35.16946],[129.14977,35.1699],[129.15019,35.17052],[129.15107,35.17181],[129.15119,35.172],[129.15126,35.17223],[129.15106,35.17285],[129.14723,35.17664],[129.14617,35.17814],[129.14563,35.17952],[129.14534,35.18078],[129.14524,35.18294],[129.14535,35.18603],[129.14577,35.19205],[129.14722,35.19265],[129.14964,35.19466],[129.15179,35.19819],[129.15303,35.19924],[129.15454,35.19902],[129.15562,35.19822],[129.15627,35.19823],[129.15717,35.19772],[129.1583,35.19746],[129.15986,35.1966],[129.16024,35.19555],[129.16099,35.19528],[129.16126,35.19485],[129.16085,35.19432],[129.16031,35.19284],[129.16062,35.19152],[129.16175,35.18987],[129.16173,35.18876],[129.16191,35.18775],[129.16328,35.1876],[129.16301,35.18686],[129.1633,35.18628],[129.16266,35.186],[129.16193,35.18504],[129.16142,35.18459],[129.16104,35.18424],[129.16115,35.18373],[129.16186,35.18347],[129.16223,35.18159],[129.16403,35.18055],[129.16605,35.17951],[129.16631,35.17907]]]]}},{"type":"Feature","properties":{"adm_cd":"21090740","adm_nm":"부산광역시 해운대구 우2동"},"geometry":{"type":"MultiPolygon","coordinates":[[[[129.14464,35.16286],[129.14319,35.16371],[129.14279,35.16371],[129.14048,35.16199],[129.13969,35.16254],[129.13917,35.1628],[129.13852,35.16306],[129.13788,35.1632],[129.13693,35.16319],[129.13555,35.1628],[129.13408,35.16217],[129.13498,35.16037],[129.13629,35.15865],[129.13691,35.15771],[129.13733,35.15681],[129.13736,35.15566],[129.13698,35.15459],[129.1365,35.15376],[129.13296,35.15006],[129.13075,35.14771],[129.13032,35.14799],[129.13336,35.15111],[129.13595,35.15396],[129.13623,35.15434],[129.13652,35.15492],[129.13673,35.15562],[129.13666,35.15673],[129.13635,35.15756],[129.13587,35.15827],[129.13478,35.15973],[129.13292,35.16192],[129.13245,35.16171],[129.13133,35.16297],[129.13095,35.16329],[129.13026,35.16377],[129.12658,35.16603],[129.12436,35.16906],[129.12356,35.1704],[129.12343,35.17061],[129.12317,35.17105],[129.12261,35.1727],[129.1225,35.17302],[129.12192,35.17364],[129.12106,35.17465],[129.12242,35.17534],[129.12328,35.17441],[129.12409,35.17341],[129.12567,35.17418],[129.12784,35.17535],[129.12847,35.17515],[129.12902,35.17543],[129.12978,35.17595],[129.13004,35.17603],[129.13025,35.17579],[129.13068,35.17581],[129.13118,35.17608],[129.13224,35.17618],[129.13294,35.17676],[129.13316,35.17746],[129.13405,35.17796],[129.13421,35.17849],[129.13542,35.17898],[129.13578,35.18004],[129.1377,35.18086],[129.14129,35.18524],[129.14371,35.18818],[129.14398,35.18846],[129.14461,35.19],[129.14513,35.19114],[129.14577,35.19205],[129.14535,35.18603],[129.14524,35.18294],[129.14534,35.18078],[129.14563,35.17952],[129.14617,35.17814],[129.14723,35.17664],[129.15106,35.17285],[129.15126,35.17223],[129.15119,35.172],[129.15107,35.17181],[129.15019,35.17052],[129.14977,35.1699],[129.14966,35.16946],[129.1496,35.16889],[129.14971,35.1678],[129.14978,35.16745],[129.14953,35.16715],[129.14908,35.16687],[129.14786,35.16623],[129.14637,35.16561],[129.14544,35.16507],[129.14447,35.1643],[129.14464,35.16286]]]]}},{"type":"Feature","properties":{"adm_cd":"21090530","adm_nm":"부산광역시 해운대구 중1동"},"geometry":{"type":"MultiPolygon","coordinates":[[[[129.17463,35.16822],[129.176,35.16727],[129.17698,35.16651],[129.17559,35.16516],[129.17553,35.16484],[129.17574,35.16465],[129.17812,35.16375],[129.17773,35.16339],[129.17716,35.16304],[129.17594,35.16237],[129.17587,35.16204],[129.17533,35.162],[129.17395,35.16174],[129.17335,35.16167],[129.1733,35.16167],[129.17307,35.16164],[129.17299,35.16163],[129.17291,35.16162],[129.17219,35.16149],[129.17214,35.16148],[129.1721,35.16147],[129.17181,35.16141],[129.17171,35.16135],[129.17166,35.16131],[129.17165,35.16127],[129.17351,35.15958],[129.17556,35.15775],[129.17567,35.15766],[129.17574,35.15762],[129.1762,35.15731],[129.17698,35.15681],[129.17773,35.15633],[129.17768,35.15492],[129.17383,35.15662],[129.17339,35.15685],[129.17208,35.1576],[129.17058,35.15852],[129.17008,35.15895],[129.16981,35.15916],[129.16857,35.15942],[129.16534,35.15923],[129.16445,35.15916],[129.16263,35.15894],[129.16257,35.15893],[129.16158,35.15879],[129.16063,35.15857],[129.1604,35.15931],[129.16074,35.16148],[129.16119,35.16293],[129.16142,35.16316],[129.16199,35.16384],[129.16286,35.16606],[129.16285,35.16614],[129.16283,35.16668],[129.1664,35.16708],[129.16695,35.16775],[129.16964,35.17067],[129.17041,35.17073],[129.17069,35.17075],[129.17077,35.17076],[129.17119,35.17079],[129.17123,35.17087],[129.17169,35.17196],[129.17171,35.17259],[129.17121,35.17346],[129.17213,35.17288],[129.17266,35.1729],[129.17273,35.1729],[129.17288,35.17282],[129.17303,35.17271],[129.17311,35.17263],[129.17315,35.17258],[129.17327,35.17241],[129.17416,35.17054],[129.17428,35.17025],[129.17436,35.16991],[129.17424,35.16964],[129.17399,35.16936],[129.17392,35.16909],[129.17406,35.16877],[129.17463,35.16822]]]]}},{"type":"Feature","properties":{"adm_cd":"21090540","adm_nm":"부산광역시 해운대구 중2동"},"geometry":{"type":"MultiPolygon","coordinates":[[[[129.18969,35.1659],[129.19041,35.16564],[129.19138,35.16491],[129.19289,35.1649],[129.19388,35.16506],[129.19607,35.16502],[129.1962,35.16427],[129.19546,35.16305],[129.19421,35.16122],[129.19412,35.16108],[129.19367,35.16065],[129.19229,35.15984],[129.19179,35.15982],[129.19112,35.16011],[129.18855,35.15981],[129.18779,35.15972],[129.18711,35.15943],[129.186,35.15896],[129.18501,35.15753],[129.18467,35.15676],[129.18394,35.15611],[129.18325,35.15562],[129.18223,35.15512],[129.18119,35.15474],[129.18064,35.15469],[129.17843,35.15484],[129.1777,35.15489],[129.17768,35.15492],[129.17773,35.15633],[129.17698,35.15681],[129.1762,35.15731],[129.17574,35.15762],[129.17567,35.15766],[129.17556,35.15775],[129.17351,35.15958],[129.17165,35.16127],[129.17166,35.16131],[129.17171,35.16135],[129.17181,35.16141],[129.1721,35.16147],[129.17214,35.16148],[129.17219,35.16149],[129.17291,35.16162],[129.17299,35.16163],[129.17307,35.16164],[129.1733,35.16167],[129.17335,35.16167],[129.17395,35.16174],[129.17533,35.162],[129.17587,35.16204],[129.17628,35.16204],[129.17797,35.16237],[129.17897,35.16276],[129.18011,35.16358],[129.1807,35.16424],[129.18082,35.16436],[129.18201,35.1645],[129.18433,35.16448],[129.18612,35.16402],[129.18749,35.16453],[129.18715,35.16659],[129.1871,35.16699],[129.18667,35.16728],[129.18669,35.16735],[129.18741,35.16735],[129.18785,35.16738],[129.18791,35.16732],[129.188,35.16719],[129.18821,35.16641],[129.18886,35.16607],[129.18969,35.1659]]]]}},{"type":"Feature","properties":{"adm_cd":"21090560","adm_nm":"부산광역시 해운대구 송정동"},"geometry":{"type":"MultiPolygon","coordinates":[[[[129.20792,35.18194],[129.20758,35.18047],[129.20733,35.18007],[129.20567,35.17911],[129.20494,35.17905],[129.20459,35.18024],[129.20453,35.18063],[129.20391,35.18063],[129.20337,35.18057],[129.20273,35.18046],[129.20247,35.18039],[129.2023,35.18035],[129.20015,35.17935],[129.19968,35.17908],[129.19887,35.17842],[129.19804,35.17718],[129.19748,35.17606],[129.19739,35.17588],[129.19765,35.17527],[129.19777,35.17485],[129.19807,35.17334],[129.19781,35.17045],[129.19745,35.16874],[129.19607,35.16502],[129.19388,35.16506],[129.19289,35.1649],[129.19138,35.16491],[129.19041,35.16564],[129.18969,35.1659],[129.19087,35.16743],[129.19082,35.16807],[129.19067,35.1689],[129.19061,35.16912],[129.19097,35.17043],[129.19099,35.17089],[129.19166,35.17213],[129.19188,35.17302],[129.19163,35.17366],[129.19184,35.17388],[129.19201,35.17439],[129.19184,35.17604],[129.19091,35.17791],[129.19072,35.1781],[129.19012,35.17827],[129.18947,35.17954],[129.18955,35.18063],[129.19015,35.1816],[129.1906,35.1828],[129.19017,35.18326],[129.18875,35.18376],[129.18784,35.18429],[129.18791,35.18468],[129.18931,35.18607],[129.18959,35.18647],[129.1894,35.18694],[129.18865,35.18745],[129.18858,35.18808],[129.18904,35.18996],[129.19081,35.19291],[129.19352,35.19507],[129.19366,35.19581],[129.19386,35.19811],[129.1947,35.19896],[129.19687,35.20032],[129.19728,35.20047],[129.19767,35.20062],[129.19839,35.20083],[129.19945,35.20069],[129.20426,35.19833],[129.20667,35.19705],[129.20745,35.19456],[129.20731,35.19401],[129.20715,35.19334],[129.20686,35.19262],[129.20658,35.1921],[129.20634,35.19157],[129.20632,35.19128],[129.20689,35.18587],[129.2076,35.18258],[129.20786,35.18207],[129.20792,35.18194]]]]}},{"type":"Feature","properties":{"adm_cd":"21090580","adm_nm":"부산광역시 해운대구 반여2동"},"geometry":{"type":"MultiPolygon","coordinates":[[[[129.14577,35.19205],[129.14074,35.19298],[129.13822,35.19345],[129.13625,35.19379],[129.13555,35.19411],[129.13334,35.19426],[129.13254,35.19369],[129.13216,35.19374],[129.13194,35.19361],[129.13142,35.19352],[129.13054,35.19353],[129.1295,35.19389],[129.1286,35.1939],[129.12753,35.19408],[129.12648,35.19447],[129.12557,35.19427],[129.12418,35.19415],[129.1235,35.19406],[129.12241,35.19374],[129.1233,35.19453],[129.12463,35.19513],[129.12637,35.19588],[129.12683,35.19613],[129.12731,35.19646],[129.12766,35.19672],[129.12778,35.19698],[129.12792,35.19786],[129.12796,35.19853],[129.12813,35.19896],[129.12941,35.19882],[129.134,35.1983],[129.1354,35.19798],[129.13806,35.19728],[129.14133,35.19649],[129.1437,35.19569],[129.14522,35.19475],[129.14577,35.19205]]]]}},{"type":"Feature","properties":{"adm_cd":"21090590","adm_nm":"부산광역시 해운대구 반여3동"},"geometry":{"type":"MultiPolygon","coordinates":[[[[129.15296,35.20093],[129.15303,35.19924],[129.15179,35.19819],[129.14964,35.19466],[129.14722,35.19265],[129.14577,35.19205],[129.14522,35.19475],[129.1437,35.19569],[129.14133,35.19649],[129.13806,35.19728],[129.1354,35.19798],[129.134,35.1983],[129.12941,35.19882],[129.12813,35.19896],[129.12831,35.19939],[129.12905,35.20032],[129.13031,35.20154],[129.13067,35.20206],[129.13102,35.20297],[129.1313,35.2042],[129.13153,35.20456],[129.13189,35.20453],[129.13302,35.20421],[129.13385,35.20415],[129.13439,35.2044],[129.13554,35.20517],[129.13616,35.20573],[129.13644,35.20651],[129.13664,35.20748],[129.13705,35.20749],[129.13773,35.20714],[129.13852,35.20691],[129.13983,35.20653],[129.14099,35.20634],[129.1425,35.20594],[129.14389,35.20541],[129.14454,35.20522],[129.14526,35.20517],[129.14557,35.20508],[129.14604,35.20473],[129.14665,35.20393],[129.1478,35.20278],[129.14864,35.2023],[129.15003,35.20174],[129.15296,35.20093]]]]}},{"type":"Feature","properties":{"adm_cd":"21090620","adm_nm":"부산광역시 해운대구 반송2동"},"geometry":{"type":"MultiPolygon","coordinates":[[[[129.1664,35.22084],[129.16453,35.22206],[129.16416,35.22241],[129.16385,35.2227],[129.16287,35.2238],[129.1588,35.22553],[129.15757,35.22587],[129.15333,35.22703],[129.15249,35.22736],[129.15198,35.22833],[129.15128,35.22987],[129.14991,35.23009],[129.14935,35.23012],[129.1493,35.2301],[129.14911,35.23004],[129.14875,35.22991],[129.1485,35.22985],[129.14802,35.22973],[129.14686,35.22943],[129.14483,35.22901],[129.14253,35.22913],[129.14174,35.2298],[129.13993,35.2301],[129.13981,35.23076],[129.14086,35.2322],[129.14158,35.23321],[129.14157,35.23355],[129.14138,35.23375],[129.13933,35.23453],[129.13867,35.23496],[129.13819,35.23555],[129.13627,35.23691],[129.13609,35.23717],[129.13695,35.23767],[129.13728,35.23847],[129.1379,35.23892],[129.13897,35.23985],[129.13993,35.2406],[129.14054,35.24158],[129.14125,35.24189],[129.1416,35.24259],[129.1412,35.2438],[129.14129,35.24416],[129.14214,35.24489],[129.1424,35.24558],[129.14376,35.24686],[129.14361,35.24869],[129.14432,35.24991],[129.14429,35.25073],[129.14535,35.25032],[129.14558,35.25023],[129.14666,35.24953],[129.14684,35.2494],[129.14698,35.24925],[129.14706,35.24915],[129.14723,35.2489],[129.14734,35.24874],[129.14812,35.24727],[129.14822,35.24731],[129.14926,35.24759],[129.1496,35.24763],[129.14996,35.24761],[129.1503,35.2475],[129.15429,35.24552],[129.15496,35.24505],[129.15542,35.2442],[129.15569,35.24327],[129.15521,35.23934],[129.15514,35.23715],[129.15513,35.23701],[129.15684,35.2359],[129.1579,35.23537],[129.15795,35.23535],[129.16164,35.23394],[129.16735,35.22968],[129.16755,35.22949],[129.1679,35.22917],[129.16913,35.22786],[129.16927,35.22767],[129.16952,35.22675],[129.16957,35.22635],[129.16951,35.22609],[129.16887,35.22466],[129.16796,35.22376],[129.16773,35.22332],[129.1664,35.22084]]]]}},{"type":"Feature","properties":{"adm_cd":"21090640","adm_nm":"부산광역시 해운대구 재송1동"},"geometry":{"type":"MultiPolygon","coordinates":[[[[129.14371,35.18818],[129.14129,35.18524],[129.1377,35.18086],[129.13578,35.18004],[129.13542,35.17898],[129.13421,35.17849],[129.13405,35.17796],[129.13316,35.17746],[129.13294,35.17676],[129.13224,35.17618],[129.13118,35.17608],[129.13068,35.17581],[129.13025,35.17579],[129.13004,35.17603],[129.12978,35.17595],[129.12902,35.17543],[129.12847,35.17515],[129.12784,35.17535],[129.12567,35.17418],[129.12409,35.17341],[129.12328,35.17441],[129.12242,35.17534],[129.12106,35.17465],[129.11926,35.17675],[129.11926,35.1785],[129.11845,35.18178],[129.11552,35.18783],[129.11529,35.18966],[129.11929,35.19195],[129.12036,35.19165],[129.12124,35.18779],[129.12557,35.18731],[129.12649,35.18836],[129.12871,35.18863],[129.12941,35.188],[129.12945,35.18778],[129.12905,35.18755],[129.12883,35.18726],[129.12896,35.18691],[129.12934,35.1861],[129.12941,35.18567],[129.12947,35.18527],[129.12959,35.18516],[129.12991,35.18513],[129.13057,35.18521],[129.13287,35.18617],[129.13326,35.18637],[129.13525,35.18769],[129.1381,35.18888],[129.13834,35.18894],[129.13861,35.1889],[129.14371,35.18818]]]]}},{"type":"Feature","properties":{"adm_cd":"21090650","adm_nm":"부산광역시 해운대구 재송2동"},"geometry":{"type":"MultiPolygon","coordinates":[[[[129.14577,35.19205],[129.14513,35.19114],[129.14461,35.19],[129.14398,35.18846],[129.14371,35.18818],[129.13861,35.1889],[129.13834,35.18894],[129.1381,35.18888],[129.13525,35.18769],[129.13326,35.18637],[129.13287,35.18617],[129.13057,35.18521],[129.12991,35.18513],[129.12959,35.18516],[129.12947,35.18527],[129.12941,35.18567],[129.12934,35.1861],[129.12896,35.18691],[129.12883,35.18726],[129.12905,35.18755],[129.12945,35.18778],[129.12941,35.188],[129.12871,35.18863],[129.12649,35.18836],[129.12557,35.18731],[129.12124,35.18779],[129.12036,35.19165],[129.11929,35.19195],[129.12044,35.19261],[129.12241,35.19374],[129.1235,35.19406],[129.12418,35.19415],[129.12557,35.19427],[129.12648,35.19447],[129.12753,35.19408],[129.1286,35.1939],[129.1295,35.19389],[129.13054,35.19353],[129.13142,35.19352],[129.13194,35.19361],[129.13216,35.19374],[129.13254,35.19369],[129.13334,35.19426],[129.13555,35.19411],[129.13625,35.19379],[129.13822,35.19345],[129.14074,35.19298],[129.14577,35.19205]]]]}},{"type":"Feature","properties":{"adm_cd":"21090660","adm_nm":"부산광역시 해운대구 좌1동"},"geometry":{"type":"MultiPolygon","coordinates":[[[[129.18184,35.17213],[129.18115,35.17181],[129.17781,35.17016],[129.17607,35.16932],[129.17509,35.16863],[129.17463,35.16822],[129.17406,35.16877],[129.17392,35.16909],[129.17399,35.16936],[129.17424,35.16964],[129.17436,35.16991],[129.17428,35.17025],[129.17416,35.17054],[129.17327,35.17241],[129.17315,35.17258],[129.17311,35.17263],[129.17303,35.17271],[129.17288,35.17282],[129.17273,35.1729],[129.17266,35.1729],[129.17213,35.17288],[129.17121,35.17346],[129.17269,35.17425],[129.17092,35.17661],[129.17264,35.17762],[129.17284,35.17771],[129.17294,35.17777],[129.17304,35.17782],[129.17324,35.17791],[129.17329,35.17792],[129.17347,35.17798],[129.17368,35.17803],[129.17387,35.17805],[129.17411,35.17806],[129.17414,35.17807],[129.17442,35.17805],[129.17474,35.17799],[129.17488,35.17796],[129.1752,35.17789],[129.17531,35.17786],[129.1755,35.17782],[129.17679,35.1775],[129.17756,35.17729],[129.17785,35.17721],[129.17809,35.17712],[129.1783,35.177],[129.17854,35.17684],[129.17867,35.17674],[129.17872,35.17669],[129.17887,35.17652],[129.17955,35.17553],[129.17979,35.17517],[129.18135,35.17285],[129.18184,35.17213]]]]}},{"type":"Feature","properties":{"adm_cd":"21090670","adm_nm":"부산광역시 해운대구 좌2동"},"geometry":{"type":"MultiPolygon","coordinates":[[[[129.18969,35.1659],[129.18886,35.16607],[129.18821,35.16641],[129.188,35.16719],[129.18791,35.16732],[129.18785,35.16738],[129.18741,35.16735],[129.18669,35.16735],[129.18667,35.16728],[129.1871,35.16699],[129.18715,35.16659],[129.18749,35.16453],[129.18612,35.16402],[129.18433,35.16448],[129.18201,35.1645],[129.18082,35.16436],[129.1807,35.16424],[129.18011,35.16358],[129.17897,35.16276],[129.17797,35.16237],[129.17628,35.16204],[129.17587,35.16204],[129.17594,35.16237],[129.17716,35.16304],[129.17773,35.16339],[129.17812,35.16375],[129.17574,35.16465],[129.17553,35.16484],[129.17559,35.16516],[129.17698,35.16651],[129.176,35.16727],[129.17463,35.16822],[129.17509,35.16863],[129.17607,35.16932],[129.17781,35.17016],[129.18115,35.17181],[129.18184,35.17213],[129.18195,35.17219],[129.18244,35.17246],[129.18284,35.1727],[129.18304,35.17286],[129.18313,35.17293],[129.18337,35.17315],[129.18351,35.17337],[129.18356,35.17343],[129.18368,35.1737],[129.18377,35.17403],[129.18381,35.17435],[129.1838,35.17465],[129.18375,35.17493],[129.18358,35.17534],[129.18337,35.17566],[129.1831,35.17606],[129.18467,35.17646],[129.18856,35.17736],[129.19091,35.17791],[129.19184,35.17604],[129.19201,35.17439],[129.19184,35.17388],[129.19163,35.17366],[129.19188,35.17302],[129.19166,35.17213],[129.19099,35.17089],[129.19097,35.17043],[129.19061,35.16912],[129.19067,35.1689],[129.19082,35.16807],[129.19087,35.16743],[129.18969,35.1659]]]]}},{"type":"Feature","properties":{"adm_cd":"21090680","adm_nm":"부산광역시 해운대구 좌3동"},"geometry":{"type":"MultiPolygon","coordinates":[[[[129.17092,35.17661],[129.17269,35.17425],[129.17121,35.17346],[129.17171,35.17259],[129.17169,35.17196],[129.17123,35.17087],[129.17119,35.17079],[129.17077,35.17076],[129.17069,35.17075],[129.17041,35.17073],[129.16964,35.17067],[129.16695,35.16775],[129.1664,35.16708],[129.16283,35.16668],[129.1643,35.17223],[129.16431,35.17237],[129.16429,35.17282],[129.16424,35.17297],[129.16361,35.17374],[129.1638,35.17396],[129.16444,35.17429],[129.16458,35.17451],[129.16501,35.1756],[129.1657,35.17744],[129.16601,35.17799],[129.16637,35.17866],[129.16631,35.17907],[129.16687,35.17951],[129.16805,35.18011],[129.16826,35.18006],[129.17092,35.17661]]]]}},{"type":"Feature","properties":{"adm_cd":"21090690","adm_nm":"부산광역시 해운대구 좌4동"},"geometry":{"type":"MultiPolygon","coordinates":[[[[129.18904,35.18996],[129.18858,35.18808],[129.18865,35.18745],[129.1894,35.18694],[129.18959,35.18647],[129.18931,35.18607],[129.18791,35.18468],[129.18784,35.18429],[129.18875,35.18376],[129.19017,35.18326],[129.1906,35.1828],[129.19015,35.1816],[129.18955,35.18063],[129.18947,35.17954],[129.19012,35.17827],[129.19072,35.1781],[129.19091,35.17791],[129.18856,35.17736],[129.18467,35.17646],[129.1831,35.17606],[129.18337,35.17566],[129.18358,35.17534],[129.18375,35.17493],[129.1838,35.17465],[129.18381,35.17435],[129.18377,35.17403],[129.18368,35.1737],[129.18356,35.17343],[129.18351,35.17337],[129.18337,35.17315],[129.18313,35.17293],[129.18304,35.17286],[129.18284,35.1727],[129.18244,35.17246],[129.18195,35.17219],[129.18184,35.17213],[129.18135,35.17285],[129.17979,35.17517],[129.17955,35.17553],[129.17887,35.17652],[129.17872,35.17669],[129.17867,35.17674],[129.17854,35.17684],[129.1783,35.177],[129.17809,35.17712],[129.17785,35.17721],[129.17756,35.17729],[129.17679,35.1775],[129.1755,35.17782],[129.17531,35.17786],[129.1752,35.17789],[129.17488,35.17796],[129.17474,35.17799],[129.17442,35.17805],[129.17414,35.17807],[129.17411,35.17806],[129.17387,35.17805],[129.17368,35.17803],[129.17347,35.17798],[129.17329,35.17792],[129.17324,35.17791],[129.17304,35.17782],[129.17294,35.17777],[129.17284,35.17771],[129.17264,35.17762],[129.17092,35.17661],[129.16826,35.18006],[129.16805,35.18011],[129.16687,35.17951],[129.16631,35.17907],[129.16605,35.17951],[129.16403,35.18055],[129.16223,35.18159],[129.16186,35.18347],[129.16115,35.18373],[129.16104,35.18424],[129.16142,35.18459],[129.16193,35.18504],[129.16266,35.186],[129.1633,35.18628],[129.16301,35.18686],[129.16328,35.1876],[129.16191,35.18775],[129.16173,35.18876],[129.16175,35.18987],[129.16062,35.19152],[129.16031,35.19284],[129.16085,35.19432],[129.16126,35.19485],[129.16099,35.19528],[129.16024,35.19555],[129.15986,35.1966],[129.1583,35.19746],[129.15717,35.19772],[129.15627,35.19823],[129.15562,35.19822],[129.15454,35.19902],[129.15303,35.19924],[129.15296,35.20093],[129.15421,35.20177],[129.15457,35.20335],[129.15488,35.20406],[129.15618,35.20427],[129.15908,35.20474],[129.16026,35.20629],[129.16298,35.20597],[129.16425,35.20485],[129.16504,35.20311],[129.16937,35.20098],[129.17008,35.20096],[129.1714,35.20187],[129.17247,35.20202],[129.17474,35.20095],[129.17963,35.1979],[129.18262,35.19798],[129.18432,35.19658],[129.18564,35.19549],[129.18332,35.19072],[129.18378,35.18972],[129.18638,35.18947],[129.18819,35.18934],[129.18904,35.18996]]]]}},{"type":"Feature","properties":{"adm_cd":"21090700","adm_nm":"부산광역시 해운대구 반여1동"},"geometry":{"type":"MultiPolygon","coordinates":[[[[129.15618,35.20427],[129.15488,35.20406],[129.15457,35.20335],[129.15421,35.20177],[129.15296,35.20093],[129.15003,35.20174],[129.14864,35.2023],[129.1478,35.20278],[129.14665,35.20393],[129.14604,35.20473],[129.14557,35.20508],[129.14526,35.20517],[129.14454,35.20522],[129.14389,35.20541],[129.1425,35.20594],[129.14099,35.20634],[129.13983,35.20653],[129.13852,35.20691],[129.13773,35.20714],[129.13705,35.20749],[129.13664,35.20748],[129.13644,35.20651],[129.13616,35.20573],[129.13554,35.20517],[129.13439,35.2044],[129.13385,35.20415],[129.13302,35.20421],[129.13189,35.20453],[129.13153,35.20456],[129.1313,35.2042],[129.13102,35.20297],[129.13067,35.20206],[129.13031,35.20154],[129.12905,35.20032],[129.12831,35.19939],[129.12813,35.19896],[129.12796,35.19853],[129.12792,35.19786],[129.12778,35.19698],[129.12766,35.19672],[129.12731,35.19646],[129.12683,35.19613],[129.12637,35.19588],[129.12463,35.19513],[129.1233,35.19453],[129.12241,35.19374],[129.12044,35.19261],[129.11929,35.19195],[129.11529,35.18966],[129.1142,35.19309],[129.11421,35.19348],[129.11421,35.19352],[129.11423,35.19415],[129.11424,35.19419],[129.11425,35.19439],[129.11434,35.19532],[129.11436,35.19556],[129.11455,35.19664],[129.11517,35.19879],[129.11521,35.19891],[129.11557,35.19975],[129.1158,35.20027],[129.11583,35.20034],[129.11587,35.20042],[129.11638,35.20109],[129.11829,35.20361],[129.11911,35.20455],[129.11938,35.20497],[129.11987,35.20581],[129.12016,35.20631],[129.12024,35.20653],[129.12098,35.20856],[129.12117,35.20932],[129.12117,35.20954],[129.12119,35.21008],[129.12029,35.21332],[129.11977,35.21481],[129.12037,35.215],[129.12116,35.21536],[129.12196,35.21611],[129.12214,35.21628],[129.12221,35.21634],[129.12234,35.21643],[129.12246,35.21652],[129.12255,35.21658],[129.1227,35.21668],[129.12275,35.21671],[129.12293,35.21683],[129.1231,35.21691],[129.12508,35.21756],[129.12525,35.21761],[129.12872,35.2186],[129.13003,35.2187],[129.12998,35.21848],[129.13361,35.21811],[129.13445,35.2181],[129.13476,35.2181],[129.13525,35.2181],[129.13555,35.21811],[129.13567,35.21812],[129.13583,35.21813],[129.13644,35.21823],[129.137,35.21838],[129.13775,35.21843],[129.14103,35.21854],[129.14129,35.21841],[129.14185,35.21804],[129.14199,35.21794],[129.14234,35.21711],[129.14241,35.21693],[129.14349,35.21422],[129.14363,35.21365],[129.14351,35.21277],[129.14423,35.21107],[129.1447,35.21006],[129.14572,35.20864],[129.15071,35.20603],[129.15618,35.20427]]]]}},{"type":"Feature","properties":{"adm_cd":"21090710","adm_nm":"부산광역시 해운대구 반여4동"},"geometry":{"type":"MultiPolygon","coordinates":[[[[129.11638,35.20109],[129.11506,35.20177],[129.11378,35.20177],[129.11211,35.20321],[129.11138,35.20387],[129.11023,35.20686],[129.11016,35.20706],[129.11012,35.20739],[129.10987,35.20967],[129.10992,35.20993],[129.11004,35.21011],[129.11032,35.21098],[129.11104,35.21159],[129.11116,35.21169],[129.11194,35.21221],[129.11345,35.21294],[129.11654,35.21392],[129.11835,35.21359],[129.11891,35.21364],[129.11908,35.21459],[129.11977,35.21481],[129.12029,35.21332],[129.12119,35.21008],[129.12117,35.20954],[129.12117,35.20932],[129.12098,35.20856],[129.12024,35.20653],[129.12016,35.20631],[129.11987,35.20581],[129.11938,35.20497],[129.11911,35.20455],[129.11829,35.20361],[129.11638,35.20109]]]]}},{"type":"Feature","properties":{"adm_cd":"21090720","adm_nm":"부산광역시 해운대구 반송1동"},"geometry":{"type":"MultiPolygon","coordinates":[[[[129.1664,35.22084],[129.1661,35.21911],[129.1662,35.21874],[129.16623,35.21857],[129.16621,35.21847],[129.16613,35.21821],[129.1654,35.21614],[129.16474,35.21494],[129.16203,35.21256],[129.16045,35.21184],[129.15976,35.20969],[129.16009,35.20817],[129.16026,35.20629],[129.15908,35.20474],[129.15618,35.20427],[129.15071,35.20603],[129.14572,35.20864],[129.1447,35.21006],[129.14423,35.21107],[129.14351,35.21277],[129.14363,35.21365],[129.14349,35.21422],[129.14241,35.21693],[129.14234,35.21711],[129.14199,35.21794],[129.14185,35.21804],[129.14129,35.21841],[129.14103,35.21854],[129.13775,35.21843],[129.137,35.21838],[129.13644,35.21823],[129.13583,35.21813],[129.13567,35.21812],[129.13555,35.21811],[129.13525,35.2181],[129.13476,35.2181],[129.13445,35.2181],[129.13361,35.21811],[129.12998,35.21848],[129.13003,35.2187],[129.12872,35.2186],[129.12525,35.21761],[129.12508,35.21756],[129.1231,35.21691],[129.12293,35.21683],[129.12275,35.21671],[129.1227,35.21668],[129.12255,35.21658],[129.12246,35.21652],[129.12234,35.21643],[129.12221,35.21634],[129.12214,35.21628],[129.12196,35.21611],[129.12116,35.21536],[129.12037,35.215],[129.11977,35.21481],[129.11908,35.21459],[129.11808,35.21766],[129.11745,35.21918],[129.11742,35.21926],[129.11733,35.22013],[129.1173,35.22047],[129.11735,35.22245],[129.11739,35.22252],[129.11808,35.2239],[129.11896,35.22484],[129.11948,35.22511],[129.12085,35.22582],[129.12368,35.22711],[129.12584,35.22694],[129.12718,35.22768],[129.12966,35.2305],[129.13056,35.23126],[129.13013,35.23228],[129.13023,35.23327],[129.1306,35.23384],[129.13099,35.23524],[129.13222,35.23555],[129.13351,35.23642],[129.13446,35.23683],[129.13585,35.23654],[129.13609,35.23717],[129.13627,35.23691],[129.13819,35.23555],[129.13867,35.23496],[129.13933,35.23453],[129.14138,35.23375],[129.14157,35.23355],[129.14158,35.23321],[129.14086,35.2322],[129.13981,35.23076],[129.13993,35.2301],[129.14174,35.2298],[129.14253,35.22913],[129.14483,35.22901],[129.14686,35.22943],[129.14802,35.22973],[129.1485,35.22985],[129.14875,35.22991],[129.14911,35.23004],[129.1493,35.2301],[129.14935,35.23012],[129.14991,35.23009],[129.15128,35.22987],[129.15198,35.22833],[129.15249,35.22736],[129.15333,35.22703],[129.15757,35.22587],[129.1588,35.22553],[129.16287,35.2238],[129.16385,35.2227],[129.16416,35.22241],[129.16453,35.22206],[129.1664,35.22084]]]]}},{"type":"Feature","properties":{"adm_cd":"21100510","adm_nm":"부산광역시 사하구 괴정1동"},"geometry":{"type":"MultiPolygon","coordinates":[[[[128.99308,35.09324],[128.99059,35.09119],[128.98878,35.09183],[128.98356,35.09188],[128.9824,35.09431],[128.9845,35.0946],[128.98455,35.09461],[128.98469,35.09469],[128.98492,35.09486],[128.98511,35.09509],[128.98595,35.09652],[128.98616,35.0971],[128.98632,35.09752],[128.98668,35.0986],[128.98677,35.09895],[128.98769,35.10395],[128.98778,35.10483],[128.9876,35.10518],[128.9874,35.10548],[128.98748,35.10574],[128.98776,35.10639],[128.98842,35.10701],[128.98993,35.1083],[128.99113,35.10927],[128.9916,35.10965],[128.99182,35.10959],[128.99204,35.10942],[128.99297,35.1077],[128.99354,35.10547],[128.99276,35.10281],[128.99253,35.1027],[128.99247,35.10241],[128.99248,35.10237],[128.99284,35.10115],[128.99299,35.10067],[128.99314,35.10018],[128.99326,35.09986],[128.99337,35.09959],[128.99345,35.09523],[128.99308,35.09324]]]]}},{"type":"Feature","properties":{"adm_cd":"21100520","adm_nm":"부산광역시 사하구 괴정2동"},"geometry":{"type":"MultiPolygon","coordinates":[[[[129.00371,35.11067],[129.00615,35.10955],[129.00628,35.10947],[129.00663,35.10917],[129.00682,35.10901],[129.01016,35.1061],[129.01051,35.10559],[129.00969,35.10477],[129.00966,35.10473],[129.00743,35.10183],[129.00732,35.10159],[129.00726,35.10134],[129.00675,35.09909],[129.00346,35.09697],[129.00024,35.09738],[129.00048,35.09967],[128.99956,35.10078],[128.99894,35.10325],[128.99859,35.10469],[128.99817,35.10748],[128.99875,35.11215],[128.99892,35.11345],[128.99969,35.11612],[129.00015,35.11838],[129.00116,35.11423],[129.00167,35.1143],[129.00178,35.1143],[129.00227,35.11426],[129.00269,35.11421],[129.00283,35.11418],[129.00309,35.11409],[129.00317,35.11403],[129.0038,35.11325],[129.00383,35.11316],[129.00384,35.11306],[129.00382,35.11298],[129.0038,35.11292],[129.00374,35.11271],[129.00327,35.11181],[129.00371,35.11067]]]]}},{"type":"Feature","properties":{"adm_cd":"21100530","adm_nm":"부산광역시 사하구 괴정3동"},"geometry":{"type":"MultiPolygon","coordinates":[[[[129.00015,35.11838],[128.99969,35.11612],[128.99892,35.11345],[128.99875,35.11215],[128.99817,35.10748],[128.99859,35.10469],[128.99894,35.10325],[128.99956,35.10078],[129.00048,35.09967],[129.00024,35.09738],[128.99823,35.09575],[128.99568,35.09464],[128.99379,35.09389],[128.99308,35.09324],[128.99345,35.09523],[128.99337,35.09959],[128.99326,35.09986],[128.99314,35.10018],[128.99299,35.10067],[128.99284,35.10115],[128.99248,35.10237],[128.99247,35.10241],[128.99253,35.1027],[128.99276,35.10281],[128.99354,35.10547],[128.99297,35.1077],[128.99204,35.10942],[128.99182,35.10959],[128.9916,35.10965],[128.99219,35.11077],[128.99265,35.11099],[128.99297,35.1112],[128.99307,35.11131],[128.99395,35.11254],[128.99447,35.1137],[128.99475,35.11437],[128.99512,35.11485],[128.99533,35.11507],[128.99557,35.11529],[128.99808,35.1176],[128.99814,35.11764],[128.99885,35.11815],[128.99923,35.11839],[128.99938,35.11848],[128.9996,35.11852],[128.9997,35.11853],[129.00015,35.11838]]]]}},{"type":"Feature","properties":{"adm_cd":"21100540","adm_nm":"부산광역시 사하구 괴정4동"},"geometry":{"type":"MultiPolygon","coordinates":[[[[128.99219,35.11077],[128.9916,35.10965],[128.99113,35.10927],[128.98993,35.1083],[128.98842,35.10701],[128.98776,35.10639],[128.98748,35.10574],[128.9874,35.10548],[128.9876,35.10518],[128.98778,35.10483],[128.98769,35.10395],[128.98677,35.09895],[128.98668,35.0986],[128.98632,35.09752],[128.98616,35.0971],[128.98595,35.09652],[128.98511,35.09509],[128.98492,35.09486],[128.98469,35.09469],[128.98455,35.09461],[128.9845,35.0946],[128.9824,35.09431],[128.982,35.0942],[128.98175,35.09417],[128.98156,35.09418],[128.98097,35.09422],[128.98092,35.09422],[128.98079,35.09425],[128.98049,35.09434],[128.97896,35.09543],[128.97784,35.09604],[128.97642,35.09657],[128.97628,35.0966],[128.97609,35.0966],[128.975,35.09653],[128.97666,35.09745],[128.97804,35.09937],[128.98155,35.10213],[128.98275,35.10282],[128.98303,35.10293],[128.98355,35.10364],[128.9855,35.10717],[128.98811,35.10777],[128.98845,35.10796],[128.98858,35.10807],[128.98966,35.10937],[128.99014,35.10996],[128.99069,35.11066],[128.99076,35.11071],[128.99082,35.11074],[128.99157,35.11078],[128.99219,35.11077]]]]}},{"type":"Feature","properties":{"adm_cd":"21100550","adm_nm":"부산광역시 사하구 당리동"},"geometry":{"type":"MultiPolygon","coordinates":[[[[128.99797,35.12255],[129.00032,35.12038],[129.00051,35.1202],[129.00015,35.11838],[128.9997,35.11853],[128.9996,35.11852],[128.99938,35.11848],[128.99923,35.11839],[128.99885,35.11815],[128.99814,35.11764],[128.99808,35.1176],[128.99557,35.11529],[128.99533,35.11507],[128.99512,35.11485],[128.99475,35.11437],[128.99447,35.1137],[128.99395,35.11254],[128.99307,35.11131],[128.99297,35.1112],[128.99265,35.11099],[128.99219,35.11077],[128.99157,35.11078],[128.99082,35.11074],[128.99076,35.11071],[128.99069,35.11066],[128.99014,35.10996],[128.98966,35.10937],[128.98858,35.10807],[128.98845,35.10796],[128.98811,35.10777],[128.9855,35.10717],[128.98355,35.10364],[128.98303,35.10293],[128.98275,35.10282],[128.98155,35.10213],[128.97804,35.09937],[128.97666,35.09745],[128.975,35.09653],[128.97134,35.09773],[128.97337,35.10198],[128.97355,35.10351],[128.97296,35.10381],[128.97097,35.10447],[128.97072,35.10455],[128.97056,35.1046],[128.97034,35.10468],[128.9702,35.10474],[128.97012,35.10477],[128.96992,35.10486],[128.96972,35.10497],[128.96949,35.10512],[128.96944,35.10515],[128.96908,35.10541],[128.969,35.1055],[128.96896,35.10554],[128.96831,35.10623],[128.9692,35.1064],[128.97173,35.10924],[128.97188,35.10944],[128.97324,35.11154],[128.97564,35.11634],[128.97568,35.11646],[128.97579,35.11693],[128.97612,35.11683],[128.97618,35.11682],[128.9763,35.1168],[128.97982,35.11675],[128.98039,35.11719],[128.98153,35.11811],[128.98159,35.11824],[128.9817,35.11871],[128.98178,35.11906],[128.98189,35.11936],[128.98215,35.1196],[128.98227,35.11971],[128.98234,35.11978],[128.98422,35.12113],[128.98553,35.12201],[128.98674,35.12313],[128.98715,35.12363],[128.98727,35.12379],[128.98736,35.1239],[128.98751,35.12419],[128.98758,35.12444],[128.98769,35.12493],[128.98978,35.1237],[128.99024,35.12359],[128.99282,35.12321],[128.99306,35.12318],[128.99495,35.12315],[128.99797,35.12255]]]]}},{"type":"Feature","properties":{"adm_cd":"21100560","adm_nm":"부산광역시 사하구 하단1동"},"geometry":{"type":"MultiPolygon","coordinates":[[[[128.93686,35.10988],[128.93939,35.10918],[128.94164,35.10872],[128.94548,35.10807],[128.95046,35.10741],[128.95998,35.1062],[128.96831,35.10623],[128.96896,35.10554],[128.969,35.1055],[128.96908,35.10541],[128.96944,35.10515],[128.96949,35.10512],[128.96972,35.10497],[128.96992,35.10486],[128.97012,35.10477],[128.9702,35.10474],[128.97034,35.10468],[128.97056,35.1046],[128.97072,35.10455],[128.97097,35.10447],[128.97296,35.10381],[128.97355,35.10351],[128.97337,35.10198],[128.97134,35.09773],[128.971,35.09819],[128.97085,35.09833],[128.97034,35.09871],[128.96971,35.0991],[128.96965,35.09913],[128.96775,35.10009],[128.967,35.10042],[128.96645,35.10062],[128.96633,35.10065],[128.96619,35.10067],[128.96441,35.10083],[128.96335,35.09996],[128.96319,35.09986],[128.96275,35.09966],[128.96199,35.09935],[128.96138,35.09915],[128.96038,35.09887],[128.95827,35.09902],[128.95596,35.09918],[128.95562,35.09921],[128.95546,35.09782],[128.95531,35.0965],[128.95515,35.09514],[128.95488,35.09396],[128.95437,35.0924],[128.95344,35.08956],[128.95245,35.08766],[128.95128,35.08595],[128.95121,35.08585],[128.95118,35.08579],[128.95053,35.08373],[128.95133,35.08016],[128.95103,35.07963],[128.9509,35.07802],[128.93852,35.0781],[128.93298,35.08412],[128.92952,35.08847],[128.92535,35.09341],[128.92678,35.09536],[128.92866,35.09913],[128.92904,35.1],[128.93035,35.10312],[128.93178,35.10666],[128.93247,35.10888],[128.9329,35.11028],[128.93686,35.10988]]]]}},{"type":"Feature","properties":{"adm_cd":"21100570","adm_nm":"부산광역시 사하구 하단2동"},"geometry":{"type":"MultiPolygon","coordinates":[[[[128.97579,35.11693],[128.97568,35.11646],[128.97564,35.11634],[128.97324,35.11154],[128.97188,35.10944],[128.97173,35.10924],[128.9692,35.1064],[128.96831,35.10623],[128.95998,35.1062],[128.95046,35.10741],[128.94548,35.10807],[128.94164,35.10872],[128.93939,35.10918],[128.93686,35.10988],[128.93904,35.1129],[128.95688,35.12731],[128.95826,35.12309],[128.95991,35.12028],[128.96096,35.12003],[128.9615,35.11991],[128.96315,35.12016],[128.9633,35.12065],[128.96362,35.12157],[128.96368,35.12167],[128.96371,35.12172],[128.96633,35.12142],[128.96741,35.12121],[128.96781,35.12113],[128.9689,35.12092],[128.97495,35.11761],[128.97579,35.11693]]]]}},{"type":"Feature","properties":{"adm_cd":"21100580","adm_nm":"부산광역시 사하구 신평1동"},"geometry":{"type":"MultiPolygon","coordinates":[[[[128.975,35.09653],[128.97609,35.0966],[128.97628,35.0966],[128.97642,35.09657],[128.97784,35.09604],[128.97896,35.09543],[128.98049,35.09434],[128.98079,35.09425],[128.98092,35.09422],[128.98097,35.09422],[128.98156,35.09418],[128.98175,35.09417],[128.982,35.0942],[128.9824,35.09431],[128.98356,35.09188],[128.98368,35.09028],[128.9843,35.08754],[128.98435,35.08739],[128.98437,35.08727],[128.98436,35.08706],[128.98426,35.08665],[128.98309,35.08493],[128.97744,35.08512],[128.97507,35.08517],[128.96775,35.08539],[128.96603,35.09003],[128.96774,35.09119],[128.96894,35.0919],[128.96849,35.09396],[128.96811,35.09542],[128.96779,35.09561],[128.96777,35.09564],[128.96892,35.09642],[128.97134,35.09773],[128.975,35.09653]]]]}},{"type":"Feature","properties":{"adm_cd":"21100590","adm_nm":"부산광역시 사하구 신평2동"},"geometry":{"type":"MultiPolygon","coordinates":[[[[128.97134,35.09773],[128.96892,35.09642],[128.96777,35.09564],[128.96779,35.09561],[128.96811,35.09542],[128.96849,35.09396],[128.96894,35.0919],[128.96774,35.09119],[128.96603,35.09003],[128.96775,35.08539],[128.96802,35.08459],[128.96492,35.08354],[128.95773,35.08143],[128.95702,35.08124],[128.95103,35.07963],[128.95133,35.08016],[128.95053,35.08373],[128.95118,35.08579],[128.95121,35.08585],[128.95128,35.08595],[128.95245,35.08766],[128.95344,35.08956],[128.95437,35.0924],[128.95488,35.09396],[128.95515,35.09514],[128.95531,35.0965],[128.95546,35.09782],[128.95562,35.09921],[128.95596,35.09918],[128.95827,35.09902],[128.96038,35.09887],[128.96138,35.09915],[128.96199,35.09935],[128.96275,35.09966],[128.96319,35.09986],[128.96335,35.09996],[128.96441,35.10083],[128.96619,35.10067],[128.96633,35.10065],[128.96645,35.10062],[128.967,35.10042],[128.96775,35.10009],[128.96965,35.09913],[128.96971,35.0991],[128.97034,35.09871],[128.97085,35.09833],[128.971,35.09819],[128.97134,35.09773]]]]}},{"type":"Feature","properties":{"adm_cd":"21100600","adm_nm":"부산광역시 사하구 장림1동"},"geometry":{"type":"MultiPolygon","coordinates":[[[[128.97744,35.08512],[128.97733,35.08231],[128.97657,35.08064],[128.97494,35.08063],[128.97304,35.08065],[128.97048,35.08067],[128.96935,35.08068],[128.96882,35.08069],[128.96857,35.08071],[128.96826,35.08074],[128.96822,35.08075],[128.96801,35.08032],[128.96794,35.08016],[128.96785,35.07995],[128.96764,35.07942],[128.96762,35.07936],[128.96743,35.07878],[128.96719,35.07749],[128.96658,35.07337],[128.9666,35.07311],[128.96662,35.07293],[128.96665,35.07286],[128.96676,35.07275],[128.96721,35.07242],[128.96739,35.07232],[128.96745,35.07228],[128.96762,35.07192],[128.96801,35.07071],[128.96916,35.06644],[128.96912,35.0659],[128.96795,35.06504],[128.96739,35.06504],[128.96685,35.06507],[128.96661,35.06528],[128.96411,35.0675],[128.96342,35.06825],[128.96284,35.06866],[128.95852,35.07088],[128.95717,35.07146],[128.95521,35.07268],[128.95254,35.07204],[128.9509,35.07802],[128.95103,35.07963],[128.95702,35.08124],[128.95773,35.08143],[128.96492,35.08354],[128.96802,35.08459],[128.96775,35.08539],[128.97507,35.08517],[128.97744,35.08512]]]]}},{"type":"Feature","properties":{"adm_cd":"21100610","adm_nm":"부산광역시 사하구 장림2동"},"geometry":{"type":"MultiPolygon","coordinates":[[[[128.98309,35.08493],[128.98357,35.08491],[128.98366,35.08474],[128.98304,35.08147],[128.98367,35.07993],[128.98403,35.07966],[128.98463,35.0792],[128.98479,35.07907],[128.98481,35.07903],[128.98542,35.07597],[128.98538,35.07489],[128.9841,35.07414],[128.98272,35.07336],[128.98059,35.07204],[128.97968,35.07035],[128.97876,35.06934],[128.97383,35.06566],[128.97372,35.0656],[128.97343,35.06562],[128.97137,35.06614],[128.97063,35.06638],[128.96912,35.0659],[128.96916,35.06644],[128.96801,35.07071],[128.96762,35.07192],[128.96745,35.07228],[128.96739,35.07232],[128.96721,35.07242],[128.96676,35.07275],[128.96665,35.07286],[128.96662,35.07293],[128.9666,35.07311],[128.96658,35.07337],[128.96719,35.07749],[128.96743,35.07878],[128.96762,35.07936],[128.96764,35.07942],[128.96785,35.07995],[128.96794,35.08016],[128.96801,35.08032],[128.96822,35.08075],[128.96826,35.08074],[128.96857,35.08071],[128.96882,35.08069],[128.96935,35.08068],[128.97048,35.08067],[128.97304,35.08065],[128.97494,35.08063],[128.97657,35.08064],[128.97733,35.08231],[128.97744,35.08512],[128.98309,35.08493]]]]}},{"type":"Feature","properties":{"adm_cd":"21100620","adm_nm":"부산광역시 사하구 다대1동"},"geometry":{"type":"MultiPolygon","coordinates":[[[[128.97266,35.02966],[128.97109,35.02933],[128.96872,35.02985],[128.96853,35.03023],[128.9686,35.03058],[128.96871,35.03082],[128.97106,35.03419],[128.97141,35.03449],[128.97182,35.03469],[128.97226,35.03481],[128.97276,35.03469],[128.9731,35.03453],[128.97357,35.03398],[128.97376,35.03359],[128.97384,35.03295],[128.97373,35.03265],[128.9736,35.03232],[128.97344,35.03199],[128.97315,35.0315],[128.97299,35.03126],[128.97284,35.03108],[128.97266,35.02966]]],[[[128.97598,35.04327],[128.97565,35.04321],[128.97528,35.04329],[128.97482,35.04345],[128.97441,35.04364],[128.97409,35.04381],[128.97361,35.04411],[128.9735,35.04418],[128.97256,35.04492],[128.97215,35.04528],[128.97203,35.04575],[128.97214,35.04609],[128.97246,35.0462],[128.97332,35.04623],[128.97372,35.0461],[128.97403,35.04603],[128.97449,35.04589],[128.97502,35.04569],[128.97527,35.04554],[128.97567,35.04521],[128.97626,35.04468],[128.97643,35.04443],[128.97656,35.04416],[128.97649,35.04378],[128.9763,35.04353],[128.97616,35.04335],[128.97598,35.04327]]],[[[128.96912,35.0659],[128.97063,35.06638],[128.97172,35.06341],[128.97195,35.06305],[128.97236,35.06252],[128.97399,35.06175],[128.97446,35.06158],[128.97532,35.06127],[128.97652,35.0607],[128.97808,35.05944],[128.97832,35.05924],[128.97852,35.05895],[128.97855,35.05838],[128.97855,35.05835],[128.97818,35.05779],[128.97756,35.05692],[128.97734,35.05541],[128.97679,35.05525],[128.97594,35.05552],[128.97585,35.05558],[128.97571,35.05568],[128.97533,35.05595],[128.97531,35.05656],[128.9728,35.05663],[128.97245,35.05526],[128.97241,35.05464],[128.97239,35.05441],[128.97349,35.05335],[128.97389,35.05324],[128.97394,35.05323],[128.97458,35.05319],[128.97588,35.05311],[128.97803,35.05311],[128.98005,35.05313],[128.98265,35.05194],[128.98285,35.05162],[128.98214,35.04776],[128.97995,35.04774],[128.97588,35.04796],[128.97467,35.04865],[128.97311,35.0491],[128.97225,35.04884],[128.97051,35.0481],[128.97004,35.04778],[128.96958,35.04747],[128.96949,35.04722],[128.96911,35.04622],[128.96915,35.04577],[128.96961,35.04498],[128.97007,35.04475],[128.97116,35.04431],[128.97291,35.04347],[128.97287,35.04306],[128.96993,35.04042],[128.97261,35.0404],[128.9711,35.03826],[128.96854,35.03708],[128.96823,35.03697],[128.96784,35.03675],[128.96754,35.03645],[128.96735,35.03614],[128.96716,35.03553],[128.96713,35.03447],[128.96719,35.03411],[128.96697,35.03328],[128.96614,35.03262],[128.96568,35.03264],[128.96462,35.03393],[128.96301,35.03707],[128.96265,35.03853],[128.9627,35.03921],[128.96339,35.04007],[128.96447,35.04229],[128.9645,35.04621],[128.96437,35.04646],[128.96207,35.04737],[128.96112,35.04735],[128.95922,35.04732],[128.95835,35.04796],[128.9559,35.05243],[128.95569,35.0531],[128.95689,35.05448],[128.9564,35.05633],[128.95545,35.05998],[128.95361,35.06696],[128.95293,35.06954],[128.95254,35.07204],[128.95521,35.07268],[128.95717,35.07146],[128.95852,35.07088],[128.96284,35.06866],[128.96342,35.06825],[128.96411,35.0675],[128.96661,35.06528],[128.96685,35.06507],[128.96739,35.06504],[128.96795,35.06504],[128.96912,35.0659]]]]}},{"type":"Feature","properties":{"adm_cd":"21100630","adm_nm":"부산광역시 사하구 다대2동"},"geometry":{"type":"MultiPolygon","coordinates":[[[[128.99686,35.04845],[128.99442,35.04812],[128.99061,35.04892],[128.99028,35.04908],[128.98981,35.05052],[128.99006,35.05257],[128.99051,35.05292],[128.98816,35.05797],[128.98456,35.05969],[128.98011,35.05787],[128.97756,35.05692],[128.97818,35.05779],[128.97855,35.05835],[128.97855,35.05838],[128.97852,35.05895],[128.97832,35.05924],[128.97808,35.05944],[128.97652,35.0607],[128.97532,35.06127],[128.97446,35.06158],[128.97399,35.06175],[128.97236,35.06252],[128.97195,35.06305],[128.97172,35.06341],[128.97063,35.06638],[128.97137,35.06614],[128.97343,35.06562],[128.97372,35.0656],[128.97383,35.06566],[128.97876,35.06934],[128.97968,35.07035],[128.9812,35.06873],[128.98297,35.06845],[128.98375,35.06804],[128.98734,35.06608],[128.98756,35.06586],[128.98786,35.0653],[128.98839,35.06343],[128.98893,35.06124],[128.99166,35.0604],[128.99337,35.06003],[128.99386,35.06001],[128.9947,35.05773],[128.99488,35.05722],[128.99498,35.05691],[128.995,35.05673],[128.99501,35.05656],[128.99501,35.05644],[128.99494,35.05607],[128.99469,35.05441],[128.99469,35.05417],[128.99471,35.05404],[128.99475,35.05387],[128.99541,35.05213],[128.99686,35.04845]]]]}},{"type":"Feature","properties":{"adm_cd":"21100640","adm_nm":"부산광역시 사하구 구평동"},"geometry":{"type":"MultiPolygon","coordinates":[[[[128.99059,35.09119],[128.99097,35.09002],[128.99177,35.08897],[128.99254,35.08832],[128.99338,35.0879],[128.99426,35.08838],[128.99669,35.0861],[128.99665,35.08545],[128.99694,35.08337],[128.99718,35.08303],[128.99312,35.08387],[128.99273,35.08014],[128.9932,35.07907],[128.99508,35.07572],[128.9951,35.07569],[128.99503,35.07454],[128.99469,35.07436],[128.99373,35.07379],[128.99378,35.07267],[128.99439,35.07139],[128.99537,35.07135],[128.99538,35.06679],[128.99533,35.06349],[128.99641,35.06026],[128.99896,35.05441],[128.99952,35.05312],[128.9996,35.05293],[129.0013,35.04822],[129.00016,35.04794],[128.99976,35.04787],[128.99902,35.04881],[128.99686,35.04845],[128.99541,35.05213],[128.99475,35.05387],[128.99471,35.05404],[128.99469,35.05417],[128.99469,35.05441],[128.99494,35.05607],[128.99501,35.05644],[128.99501,35.05656],[128.995,35.05673],[128.99498,35.05691],[128.99488,35.05722],[128.9947,35.05773],[128.99386,35.06001],[128.99337,35.06003],[128.99166,35.0604],[128.98893,35.06124],[128.98839,35.06343],[128.98786,35.0653],[128.98756,35.06586],[128.98734,35.06608],[128.98375,35.06804],[128.98297,35.06845],[128.9812,35.06873],[128.97968,35.07035],[128.98059,35.07204],[128.98272,35.07336],[128.9841,35.07414],[128.98538,35.07489],[128.98542,35.07597],[128.98481,35.07903],[128.98479,35.07907],[128.98463,35.0792],[128.98403,35.07966],[128.98367,35.07993],[128.98304,35.08147],[128.98366,35.08474],[128.98357,35.08491],[128.98309,35.08493],[128.98426,35.08665],[128.98436,35.08706],[128.98437,35.08727],[128.98435,35.08739],[128.9843,35.08754],[128.98368,35.09028],[128.98356,35.09188],[128.98878,35.09183],[128.99059,35.09119]]]]}},{"type":"Feature","properties":{"adm_cd":"21100650","adm_nm":"부산광역시 사하구 감천1동"},"geometry":{"type":"MultiPolygon","coordinates":[[[[129.00346,35.09697],[129.00312,35.09473],[129.00247,35.09387],[129.00265,35.09339],[129.00452,35.09099],[129.00666,35.08974],[129.01317,35.08809],[129.01265,35.08626],[129.01163,35.08156],[129.0116,35.08066],[129.01136,35.07693],[129.01132,35.07686],[129.01119,35.07686],[129.01103,35.07688],[129.01088,35.0769],[129.01066,35.07695],[129.01039,35.07702],[129.01012,35.07714],[129.00935,35.07751],[129.00864,35.07796],[129.0085,35.07809],[129.00835,35.07824],[129.00625,35.07863],[129.00444,35.07844],[129.00393,35.08129],[129.00432,35.08228],[129.00515,35.0844],[129.00271,35.08468],[128.99916,35.08332],[128.99977,35.08172],[129.00179,35.08123],[129.00153,35.08041],[128.99863,35.08055],[128.99798,35.08083],[128.99718,35.08303],[128.99694,35.08337],[128.99665,35.08545],[128.99669,35.0861],[128.99426,35.08838],[128.99338,35.0879],[128.99254,35.08832],[128.99177,35.08897],[128.99097,35.09002],[128.99059,35.09119],[128.99308,35.09324],[128.99379,35.09389],[128.99568,35.09464],[128.99823,35.09575],[129.00024,35.09738],[129.00346,35.09697]]]]}},{"type":"Feature","properties":{"adm_cd":"21100660","adm_nm":"부산광역시 사하구 감천2동"},"geometry":{"type":"MultiPolygon","coordinates":[[[[129.01284,35.09541],[129.01384,35.09417],[129.01415,35.09366],[129.0143,35.09319],[129.01442,35.09149],[129.0144,35.09138],[129.01425,35.0907],[129.01402,35.08919],[129.01317,35.08809],[129.00666,35.08974],[129.00452,35.09099],[129.00265,35.09339],[129.00247,35.09387],[129.00312,35.09473],[129.00346,35.09697],[129.00675,35.09909],[129.00919,35.09936],[129.01003,35.09938],[129.0101,35.09938],[129.01014,35.09937],[129.01017,35.09935],[129.01026,35.09928],[129.0103,35.09923],[129.0105,35.09899],[129.01173,35.0972],[129.01284,35.09541]]]]}},{"type":"Feature","properties":{"adm_cd":"21110510","adm_nm":"부산광역시 금정구 서1동"},"geometry":{"type":"MultiPolygon","coordinates":[[[[129.09966,35.21616],[129.09754,35.21408],[129.09563,35.21454],[129.09436,35.21543],[129.09407,35.21647],[129.09512,35.21761],[129.09536,35.21753],[129.09546,35.21749],[129.09598,35.21821],[129.09641,35.21902],[129.09642,35.21906],[129.09644,35.21981],[129.09617,35.22018],[129.09945,35.2222],[129.10053,35.21921],[129.10145,35.21962],[129.10187,35.21924],[129.10024,35.21715],[129.09966,35.21616]]]]}},{"type":"Feature","properties":{"adm_cd":"21110520","adm_nm":"부산광역시 금정구 서2동"},"geometry":{"type":"MultiPolygon","coordinates":[[[[129.10842,35.21411],[129.11032,35.21098],[129.11004,35.21011],[129.10864,35.21019],[129.10636,35.20959],[129.10627,35.20965],[129.10507,35.21036],[129.10497,35.21034],[129.10444,35.21047],[129.10437,35.21049],[129.10245,35.21129],[129.10233,35.21135],[129.10241,35.2117],[129.10243,35.21179],[129.10247,35.21193],[129.10249,35.21203],[129.10252,35.2122],[129.10231,35.21232],[129.10203,35.21247],[129.10187,35.21255],[129.10177,35.21259],[129.10136,35.21274],[129.09754,35.21408],[129.09966,35.21616],[129.10197,35.21525],[129.10842,35.21411]]]]}},{"type":"Feature","properties":{"adm_cd":"21110730","adm_nm":"부산광역시 금정구 금사회동동"},"geometry":{"type":"MultiPolygon","coordinates":[[[[129.14429,35.25073],[129.14432,35.24991],[129.14361,35.24869],[129.14376,35.24686],[129.1424,35.24558],[129.14214,35.24489],[129.14129,35.24416],[129.1412,35.2438],[129.1416,35.24259],[129.14125,35.24189],[129.14054,35.24158],[129.13993,35.2406],[129.13897,35.23985],[129.1379,35.23892],[129.13728,35.23847],[129.13695,35.23767],[129.13609,35.23717],[129.13585,35.23654],[129.13446,35.23683],[129.13351,35.23642],[129.13222,35.23555],[129.13099,35.23524],[129.1306,35.23384],[129.13023,35.23327],[129.13013,35.23228],[129.13056,35.23126],[129.12966,35.2305],[129.12718,35.22768],[129.12584,35.22694],[129.12368,35.22711],[129.12085,35.22582],[129.11948,35.22511],[129.11896,35.22484],[129.11808,35.2239],[129.11739,35.22252],[129.11735,35.22245],[129.1173,35.22047],[129.11733,35.22013],[129.11742,35.21926],[129.11745,35.21918],[129.11808,35.21766],[129.11908,35.21459],[129.11891,35.21364],[129.11835,35.21359],[129.11654,35.21392],[129.11345,35.21294],[129.11194,35.21221],[129.11116,35.21169],[129.11104,35.21159],[129.11032,35.21098],[129.10842,35.21411],[129.10965,35.21726],[129.11067,35.21902],[129.10901,35.2217],[129.10873,35.22206],[129.10871,35.22209],[129.10829,35.22241],[129.10743,35.22285],[129.10667,35.22308],[129.10561,35.22397],[129.1054,35.22428],[129.10548,35.22443],[129.10575,35.2247],[129.10673,35.22561],[129.10777,35.22663],[129.10762,35.22717],[129.1073,35.22755],[129.10701,35.22777],[129.10672,35.2279],[129.10886,35.22948],[129.10977,35.22992],[129.11179,35.23147],[129.11215,35.23184],[129.11417,35.23476],[129.11637,35.23769],[129.11666,35.23804],[129.11678,35.23813],[129.11691,35.23819],[129.1215,35.24002],[129.12563,35.24057],[129.12799,35.24074],[129.12831,35.24102],[129.13131,35.24439],[129.13192,35.24509],[129.13244,35.24634],[129.13294,35.24829],[129.13438,35.25091],[129.13458,35.25108],[129.136,35.25236],[129.13738,35.25313],[129.13924,35.25416],[129.14429,35.25073]]]]}},{"type":"Feature","properties":{"adm_cd":"21110570","adm_nm":"부산광역시 금정구 부곡1동"},"geometry":{"type":"MultiPolygon","coordinates":[[[[129.10358,35.22978],[129.10255,35.22638],[129.10076,35.22308],[129.09945,35.2222],[129.09617,35.22018],[129.09245,35.22196],[129.09168,35.22199],[129.08884,35.22161],[129.0878,35.22222],[129.08916,35.22651],[129.09177,35.22577],[129.0918,35.22577],[129.09213,35.22574],[129.09274,35.2257],[129.09579,35.22547],[129.09607,35.22547],[129.09623,35.22547],[129.09691,35.2256],[129.09701,35.22563],[129.09859,35.22633],[129.09974,35.22687],[129.10014,35.22708],[129.10068,35.22766],[129.10113,35.22838],[129.10171,35.23049],[129.10358,35.22978]]]]}},{"type":"Feature","properties":{"adm_cd":"21110580","adm_nm":"부산광역시 금정구 부곡2동"},"geometry":{"type":"MultiPolygon","coordinates":[[[[129.10171,35.23049],[129.10113,35.22838],[129.10068,35.22766],[129.10014,35.22708],[129.09974,35.22687],[129.09859,35.22633],[129.09701,35.22563],[129.09691,35.2256],[129.09623,35.22547],[129.09607,35.22547],[129.09579,35.22547],[129.09274,35.2257],[129.09213,35.22574],[129.0918,35.22577],[129.09177,35.22577],[129.08916,35.22651],[129.08941,35.23109],[129.08964,35.23495],[129.09184,35.23493],[129.09588,35.23461],[129.09784,35.23433],[129.09856,35.23448],[129.09902,35.23457],[129.09915,35.23464],[129.09949,35.23497],[129.0999,35.23548],[129.10091,35.23613],[129.10124,35.23628],[129.10249,35.23563],[129.10276,35.23537],[129.10293,35.23506],[129.10315,35.23429],[129.10351,35.23407],[129.10371,35.23374],[129.10263,35.23115],[129.10253,35.23098],[129.10231,35.23079],[129.10171,35.23049]]]]}},{"type":"Feature","properties":{"adm_cd":"21110590","adm_nm":"부산광역시 금정구 부곡3동"},"geometry":{"type":"MultiPolygon","coordinates":[[[[129.13924,35.25416],[129.13738,35.25313],[129.136,35.25236],[129.13458,35.25108],[129.13438,35.25091],[129.13294,35.24829],[129.13244,35.24634],[129.13192,35.24509],[129.13131,35.24439],[129.12831,35.24102],[129.12799,35.24074],[129.12563,35.24057],[129.1215,35.24002],[129.11691,35.23819],[129.11678,35.23813],[129.11666,35.23804],[129.11637,35.23769],[129.11417,35.23476],[129.11215,35.23184],[129.11179,35.23147],[129.10977,35.22992],[129.10886,35.22948],[129.10672,35.2279],[129.10358,35.22978],[129.10171,35.23049],[129.10231,35.23079],[129.10253,35.23098],[129.10263,35.23115],[129.10371,35.23374],[129.10351,35.23407],[129.10315,35.23429],[129.10293,35.23506],[129.10276,35.23537],[129.10249,35.23563],[129.10124,35.23628],[129.10091,35.23613],[129.0999,35.23548],[129.09949,35.23497],[129.09915,35.23464],[129.09902,35.23457],[129.09856,35.23448],[129.09784,35.23433],[129.09588,35.23461],[129.09184,35.23493],[129.08964,35.23495],[129.08885,35.23684],[129.08859,35.2375],[129.08853,35.2377],[129.08851,35.23836],[129.0885,35.2402],[129.08851,35.24039],[129.08853,35.24049],[129.08858,35.24058],[129.08865,35.24071],[129.08881,35.24095],[129.08887,35.24101],[129.08935,35.24147],[129.08981,35.24194],[129.09099,35.24315],[129.09258,35.24428],[129.09468,35.2456],[129.09472,35.24562],[129.09465,35.24505],[129.09465,35.24502],[129.09464,35.24496],[129.09466,35.24492],[129.09582,35.24472],[129.09591,35.24471],[129.096,35.24473],[129.09717,35.24501],[129.09731,35.24504],[129.09752,35.24514],[129.10008,35.24663],[129.10031,35.24682],[129.10081,35.24753],[129.10077,35.24802],[129.1007,35.24913],[129.10084,35.25034],[129.10148,35.25179],[129.1024,35.25247],[129.1038,35.25384],[129.10391,35.25395],[129.10453,35.25467],[129.10491,35.25536],[129.10492,35.2555],[129.10498,35.25585],[129.10509,35.25603],[129.10532,35.25606],[129.10614,35.25607],[129.10648,35.256],[129.10699,35.25575],[129.11054,35.25659],[129.11143,35.257],[129.11601,35.25913],[129.11828,35.25967],[129.12008,35.26031],[129.12099,35.26085],[129.12136,35.26106],[129.12156,35.26116],[129.12207,35.26138],[129.12225,35.26145],[129.12246,35.26153],[129.12264,35.26157],[129.12273,35.2616],[129.12467,35.26181],[129.12564,35.26189],[129.12601,35.2619],[129.12628,35.2619],[129.12638,35.26187],[129.12904,35.26076],[129.12942,35.26057],[129.12963,35.26046],[129.13021,35.26005],[129.13174,35.25995],[129.1354,35.25946],[129.13593,35.25944],[129.13624,35.25943],[129.13643,35.25943],[129.13662,35.25944],[129.13743,35.25962],[129.13774,35.2597],[129.13808,35.25984],[129.13815,35.25988],[129.1383,35.25996],[129.1385,35.26007],[129.13869,35.26016],[129.13889,35.26023],[129.1394,35.26035],[129.13951,35.26036],[129.13956,35.26036],[129.13993,35.26033],[129.14038,35.26028],[129.14067,35.26022],[129.14081,35.26019],[129.14086,35.26018],[129.14088,35.26016],[129.14093,35.26013],[129.14098,35.26005],[129.14101,35.26001],[129.14106,35.2599],[129.14107,35.25987],[129.14111,35.25978],[129.14115,35.25965],[129.14115,35.25954],[129.14113,35.25943],[129.14104,35.25922],[129.1402,35.25743],[129.14001,35.25716],[129.13963,35.25579],[129.13924,35.25416]]]]}},{"type":"Feature","properties":{"adm_cd":"21110600","adm_nm":"부산광역시 금정구 부곡4동"},"geometry":{"type":"MultiPolygon","coordinates":[[[[129.09617,35.22018],[129.09644,35.21981],[129.09642,35.21906],[129.09641,35.21902],[129.09598,35.21821],[129.09546,35.21749],[129.09536,35.21753],[129.09512,35.21761],[129.09407,35.21647],[129.09436,35.21543],[129.09399,35.21496],[129.09369,35.21553],[129.09333,35.21585],[129.09239,35.2165],[129.08833,35.21768],[129.08789,35.21764],[129.08656,35.21705],[129.08494,35.21792],[129.08726,35.22166],[129.0878,35.22222],[129.08884,35.22161],[129.09168,35.22199],[129.09245,35.22196],[129.09617,35.22018]]]]}},{"type":"Feature","properties":{"adm_cd":"21110610","adm_nm":"부산광역시 금정구 장전1동"},"geometry":{"type":"MultiPolygon","coordinates":[[[[129.07742,35.24568],[129.07837,35.24502],[129.0787,35.24494],[129.07893,35.24489],[129.0811,35.2445],[129.08141,35.24447],[129.08296,35.24442],[129.08306,35.24445],[129.08339,35.24468],[129.08439,35.24449],[129.08584,35.24343],[129.08836,35.24191],[129.08882,35.24165],[129.08901,35.24158],[129.08935,35.24147],[129.08887,35.24101],[129.08881,35.24095],[129.08865,35.24071],[129.08858,35.24058],[129.08853,35.24049],[129.08851,35.24039],[129.0885,35.2402],[129.08851,35.23836],[129.08853,35.2377],[129.08859,35.2375],[129.08885,35.23684],[129.08964,35.23495],[129.08941,35.23109],[129.08556,35.23304],[129.08414,35.23353],[129.08293,35.23429],[129.08171,35.23697],[129.07785,35.23831],[129.07765,35.23837],[129.07721,35.23843],[129.0768,35.23834],[129.0756,35.23666],[129.06869,35.23869],[129.06631,35.23936],[129.0661,35.23941],[129.0656,35.2394],[129.06496,35.23934],[129.06438,35.23923],[129.06367,35.23906],[129.0633,35.23892],[129.06305,35.23882],[129.06228,35.23836],[129.06134,35.24028],[129.06126,35.24047],[129.06124,35.24068],[129.06244,35.24436],[129.06254,35.2445],[129.06268,35.24467],[129.0668,35.24898],[129.06751,35.24971],[129.06885,35.24973],[129.06894,35.24942],[129.06923,35.24868],[129.06937,35.24853],[129.07057,35.24779],[129.07098,35.2476],[129.07427,35.24644],[129.07681,35.24557],[129.07702,35.24556],[129.07742,35.24568]]]]}},{"type":"Feature","properties":{"adm_cd":"21110640","adm_nm":"부산광역시 금정구 선두구동"},"geometry":{"type":"MultiPolygon","coordinates":[[[[129.10892,35.30507],[129.11045,35.30443],[129.11602,35.30218],[129.12083,35.30193],[129.12143,35.30177],[129.1222,35.3015],[129.12582,35.29989],[129.12747,35.29911],[129.12966,35.298],[129.12968,35.29797],[129.12988,35.29759],[129.12996,35.2972],[129.12998,35.29712],[129.13,35.29663],[129.12994,35.29302],[129.12983,35.29033],[129.12745,35.28572],[129.12649,35.28318],[129.12645,35.28309],[129.12641,35.283],[129.12597,35.28247],[129.12586,35.28233],[129.12569,35.28213],[129.12491,35.28139],[129.12404,35.28057],[129.12396,35.28049],[129.12393,35.28041],[129.12393,35.28029],[129.1242,35.27948],[129.12425,35.27938],[129.12428,35.27934],[129.12431,35.2793],[129.12439,35.27919],[129.12473,35.27881],[129.12514,35.27841],[129.12543,35.27672],[129.12493,35.27463],[129.12464,35.27379],[129.12452,35.27356],[129.12439,35.27332],[129.12317,35.27192],[129.12264,35.27138],[129.12262,35.27135],[129.12253,35.27127],[129.12242,35.27122],[129.12235,35.27117],[129.12226,35.2711],[129.12213,35.27098],[129.12202,35.27083],[129.12137,35.26959],[129.12093,35.26802],[129.11938,35.2622],[129.11938,35.26209],[129.11966,35.26129],[129.1198,35.26095],[129.12002,35.26043],[129.12008,35.26031],[129.11828,35.25967],[129.11601,35.25913],[129.11143,35.257],[129.11054,35.25659],[129.10699,35.25575],[129.10648,35.256],[129.10614,35.25607],[129.10532,35.25606],[129.10509,35.25603],[129.10498,35.25585],[129.10492,35.2555],[129.10361,35.25553],[129.10353,35.25554],[129.10245,35.2557],[129.10163,35.25618],[129.1014,35.25638],[129.10116,35.25686],[129.10066,35.25736],[129.1,35.25776],[129.09951,35.25799],[129.09975,35.25893],[129.0998,35.25916],[129.09974,35.25931],[129.09834,35.26092],[129.09819,35.261],[129.09707,35.26141],[129.09539,35.26301],[129.09538,35.26342],[129.09577,35.26763],[129.09581,35.26785],[129.09588,35.26807],[129.09598,35.26837],[129.09651,35.26941],[129.09729,35.27183],[129.09738,35.27276],[129.09722,35.27318],[129.09561,35.27441],[129.09378,35.27501],[129.09456,35.27663],[129.09638,35.2792],[129.09654,35.27925],[129.10006,35.2812],[129.10261,35.28336],[129.10368,35.28322],[129.10387,35.28252],[129.10428,35.28255],[129.10451,35.28267],[129.10491,35.28286],[129.10535,35.2832],[129.10547,35.28339],[129.10549,35.28355],[129.10528,35.28419],[129.10523,35.28435],[129.10461,35.28562],[129.10417,35.28643],[129.10342,35.28775],[129.10201,35.29098],[129.10189,35.29152],[129.10188,35.29227],[129.10191,35.29288],[129.102,35.29317],[129.10211,35.29346],[129.10242,35.294],[129.10262,35.29431],[129.10277,35.29449],[129.10279,35.29457],[129.10281,35.29471],[129.10284,35.29497],[129.10275,35.29516],[129.10272,35.29518],[129.10056,35.29641],[129.09959,35.29688],[129.09843,35.29573],[129.09798,35.29612],[129.09772,35.29664],[129.09662,35.30163],[129.09678,35.30252],[129.097,35.30354],[129.09793,35.30405],[129.09814,35.30417],[129.10348,35.30614],[129.10387,35.30618],[129.10621,35.3062],[129.10892,35.30507]]]]}},{"type":"Feature","properties":{"adm_cd":"21110670","adm_nm":"부산광역시 금정구 청룡노포동"},"geometry":{"type":"MultiPolygon","coordinates":[[[[129.09738,35.27276],[129.09588,35.27197],[129.09128,35.27215],[129.08951,35.27351],[129.08821,35.27519],[129.08819,35.27522],[129.08815,35.27526],[129.08812,35.27529],[129.08808,35.27532],[129.08804,35.27534],[129.08801,35.27536],[129.08798,35.27537],[129.08795,35.27539],[129.08792,35.2754],[129.08789,35.27541],[129.08786,35.27542],[129.08782,35.27544],[129.08779,35.27544],[129.08775,35.27545],[129.0877,35.27545],[129.08366,35.27554],[129.08315,35.27545],[129.08219,35.2759],[129.08185,35.27606],[129.08113,35.27627],[129.08096,35.27621],[129.08048,35.2759],[129.08012,35.27559],[129.07927,35.27494],[129.0779,35.27408],[129.07711,35.27364],[129.0767,35.27345],[129.07605,35.27324],[129.0706,35.27268],[129.06565,35.27218],[129.06391,35.27234],[129.06368,35.27249],[129.06341,35.27258],[129.06083,35.27224],[129.05908,35.27401],[129.05721,35.27568],[129.05458,35.27759],[129.05186,35.27933],[129.05057,35.28006],[129.05075,35.28014],[129.05087,35.28024],[129.05095,35.28036],[129.05096,35.28046],[129.05062,35.2814],[129.05057,35.28151],[129.05042,35.28167],[129.05018,35.2819],[129.05005,35.28208],[129.04995,35.2823],[129.04986,35.28271],[129.04988,35.28352],[129.04991,35.28386],[129.04994,35.28393],[129.05186,35.28796],[129.05192,35.28804],[129.06,35.29548],[129.06013,35.29555],[129.06019,35.29558],[129.06027,35.29554],[129.06045,35.29538],[129.06059,35.29517],[129.06077,35.29496],[129.06089,35.29481],[129.06119,35.29452],[129.06298,35.29278],[129.06345,35.2924],[129.06388,35.29212],[129.06444,35.29182],[129.06469,35.2917],[129.06511,35.29151],[129.06525,35.29145],[129.06923,35.29013],[129.06944,35.29007],[129.06971,35.29005],[129.07294,35.28991],[129.07317,35.28994],[129.07343,35.29002],[129.07356,35.29007],[129.07764,35.29351],[129.07812,35.29396],[129.08019,35.29594],[129.08621,35.30119],[129.08653,35.30148],[129.08708,35.30192],[129.08749,35.30223],[129.08895,35.30307],[129.08911,35.30314],[129.08922,35.30319],[129.09052,35.30354],[129.09065,35.30356],[129.09077,35.30357],[129.09086,35.30356],[129.09098,35.30351],[129.09404,35.30345],[129.09572,35.30355],[129.097,35.30354],[129.09678,35.30252],[129.09662,35.30163],[129.09772,35.29664],[129.09798,35.29612],[129.09843,35.29573],[129.09959,35.29688],[129.10056,35.29641],[129.10272,35.29518],[129.10275,35.29516],[129.10284,35.29497],[129.10281,35.29471],[129.10279,35.29457],[129.10277,35.29449],[129.10262,35.29431],[129.10242,35.294],[129.10211,35.29346],[129.102,35.29317],[129.10191,35.29288],[129.10188,35.29227],[129.10189,35.29152],[129.10201,35.29098],[129.10342,35.28775],[129.10417,35.28643],[129.10461,35.28562],[129.10523,35.28435],[129.10528,35.28419],[129.10549,35.28355],[129.10547,35.28339],[129.10535,35.2832],[129.10491,35.28286],[129.10451,35.28267],[129.10428,35.28255],[129.10387,35.28252],[129.10368,35.28322],[129.10261,35.28336],[129.10006,35.2812],[129.09654,35.27925],[129.09638,35.2792],[129.09456,35.27663],[129.09378,35.27501],[129.09561,35.27441],[129.09722,35.27318],[129.09738,35.27276]]]]}},{"type":"Feature","properties":{"adm_cd":"21110680","adm_nm":"부산광역시 금정구 남산동"},"geometry":{"type":"MultiPolygon","coordinates":[[[[129.09738,35.27276],[129.09729,35.27183],[129.09651,35.26941],[129.09598,35.26837],[129.09588,35.26807],[129.09581,35.26785],[129.09577,35.26763],[129.09538,35.26342],[129.09539,35.26301],[129.09707,35.26141],[129.09644,35.2616],[129.09621,35.26165],[129.09567,35.2609],[129.09445,35.25909],[129.09328,35.25726],[129.09169,35.25777],[129.09137,35.25799],[129.09139,35.2598],[129.09035,35.26049],[129.08479,35.26369],[129.08353,35.26413],[129.08256,35.2643],[129.08111,35.26443],[129.08062,35.26404],[129.08065,35.26296],[129.08081,35.2615],[129.0802,35.26103],[129.07906,35.26042],[129.07748,35.26006],[129.07637,35.26023],[129.07448,35.25997],[129.06948,35.25804],[129.06797,35.25731],[129.06779,35.25724],[129.06758,35.25716],[129.06732,35.25728],[129.06682,35.25757],[129.06243,35.2616],[129.06216,35.26192],[129.06193,35.26252],[129.06208,35.26312],[129.06236,35.26366],[129.06245,35.26437],[129.06247,35.26449],[129.06231,35.26535],[129.06169,35.26733],[129.06099,35.26914],[129.06044,35.27032],[129.06064,35.2717],[129.06083,35.27224],[129.06341,35.27258],[129.06368,35.27249],[129.06391,35.27234],[129.06565,35.27218],[129.0706,35.27268],[129.07605,35.27324],[129.0767,35.27345],[129.07711,35.27364],[129.0779,35.27408],[129.07927,35.27494],[129.08012,35.27559],[129.08048,35.2759],[129.08096,35.27621],[129.08113,35.27627],[129.08185,35.27606],[129.08219,35.2759],[129.08315,35.27545],[129.08366,35.27554],[129.0877,35.27545],[129.08775,35.27545],[129.08779,35.27544],[129.08782,35.27544],[129.08786,35.27542],[129.08789,35.27541],[129.08792,35.2754],[129.08795,35.27539],[129.08798,35.27537],[129.08801,35.27536],[129.08804,35.27534],[129.08808,35.27532],[129.08812,35.27529],[129.08815,35.27526],[129.08819,35.27522],[129.08821,35.27519],[129.08951,35.27351],[129.09128,35.27215],[129.09588,35.27197],[129.09738,35.27276]]]]}},{"type":"Feature","properties":{"adm_cd":"21110690","adm_nm":"부산광역시 금정구 구서1동"},"geometry":{"type":"MultiPolygon","coordinates":[[[[129.10492,35.2555],[129.10491,35.25536],[129.10453,35.25467],[129.10391,35.25395],[129.1038,35.25384],[129.1024,35.25247],[129.10148,35.25179],[129.10084,35.25034],[129.1007,35.24913],[129.10077,35.24802],[129.10081,35.24753],[129.10031,35.24682],[129.10008,35.24663],[129.09752,35.24514],[129.09731,35.24504],[129.09717,35.24501],[129.096,35.24473],[129.09591,35.24471],[129.09582,35.24472],[129.09466,35.24492],[129.09464,35.24496],[129.09465,35.24502],[129.09465,35.24505],[129.09472,35.24562],[129.09468,35.2456],[129.09258,35.24428],[129.09099,35.24315],[129.08981,35.24194],[129.08935,35.24147],[129.08901,35.24158],[129.08882,35.24165],[129.08836,35.24191],[129.08584,35.24343],[129.08439,35.24449],[129.08339,35.24468],[129.08306,35.24445],[129.08296,35.24442],[129.08141,35.24447],[129.0811,35.2445],[129.07893,35.24489],[129.0787,35.24494],[129.07837,35.24502],[129.07742,35.24568],[129.07847,35.24723],[129.07843,35.24812],[129.07852,35.24848],[129.07891,35.24902],[129.08083,35.24979],[129.0849,35.24979],[129.08497,35.24968],[129.08991,35.24998],[129.08997,35.25136],[129.08998,35.25153],[129.09447,35.25531],[129.09606,35.2563],[129.09842,35.2577],[129.09852,35.25775],[129.09883,35.25786],[129.09951,35.25799],[129.1,35.25776],[129.10066,35.25736],[129.10116,35.25686],[129.1014,35.25638],[129.10163,35.25618],[129.10245,35.2557],[129.10353,35.25554],[129.10361,35.25553],[129.10492,35.2555]]]]}},{"type":"Feature","properties":{"adm_cd":"21110700","adm_nm":"부산광역시 금정구 구서2동"},"geometry":{"type":"MultiPolygon","coordinates":[[[[129.09707,35.26141],[129.09819,35.261],[129.09834,35.26092],[129.09974,35.25931],[129.0998,35.25916],[129.09975,35.25893],[129.09951,35.25799],[129.09883,35.25786],[129.09852,35.25775],[129.09842,35.2577],[129.09606,35.2563],[129.09447,35.25531],[129.08998,35.25153],[129.08997,35.25136],[129.08991,35.24998],[129.08497,35.24968],[129.0849,35.24979],[129.08083,35.24979],[129.07891,35.24902],[129.07852,35.24848],[129.07843,35.24812],[129.07847,35.24723],[129.07742,35.24568],[129.07702,35.24556],[129.07681,35.24557],[129.07427,35.24644],[129.07098,35.2476],[129.07057,35.24779],[129.06937,35.24853],[129.06923,35.24868],[129.06894,35.24942],[129.06885,35.24973],[129.06751,35.24971],[129.06738,35.25024],[129.06696,35.25315],[129.06686,35.25425],[129.06719,35.25567],[129.06797,35.25731],[129.06948,35.25804],[129.07448,35.25997],[129.07637,35.26023],[129.07748,35.26006],[129.07906,35.26042],[129.0802,35.26103],[129.08081,35.2615],[129.08065,35.26296],[129.08062,35.26404],[129.08111,35.26443],[129.08256,35.2643],[129.08353,35.26413],[129.08479,35.26369],[129.09035,35.26049],[129.09139,35.2598],[129.09137,35.25799],[129.09169,35.25777],[129.09328,35.25726],[129.09445,35.25909],[129.09567,35.2609],[129.09621,35.26165],[129.09644,35.2616],[129.09707,35.26141]]]]}},{"type":"Feature","properties":{"adm_cd":"21110710","adm_nm":"부산광역시 금정구 금성동"},"geometry":{"type":"MultiPolygon","coordinates":[[[[129.06083,35.27224],[129.06064,35.2717],[129.06044,35.27032],[129.06099,35.26914],[129.06169,35.26733],[129.06231,35.26535],[129.06247,35.26449],[129.06245,35.26437],[129.06236,35.26366],[129.06208,35.26312],[129.06193,35.26252],[129.06216,35.26192],[129.06243,35.2616],[129.06682,35.25757],[129.06732,35.25728],[129.06758,35.25716],[129.06779,35.25724],[129.06797,35.25731],[129.06719,35.25567],[129.06686,35.25425],[129.06696,35.25315],[129.06738,35.25024],[129.06751,35.24971],[129.0668,35.24898],[129.06268,35.24467],[129.06254,35.2445],[129.06244,35.24436],[129.06124,35.24068],[129.06126,35.24047],[129.06134,35.24028],[129.06228,35.23836],[129.06171,35.2376],[129.0602,35.23489],[129.05949,35.23336],[129.05933,35.23264],[129.05934,35.23254],[129.05971,35.23002],[129.05832,35.23019],[129.05812,35.23019],[129.05798,35.23016],[129.05699,35.22993],[129.05625,35.22968],[129.05615,35.22967],[129.05381,35.22951],[129.0527,35.22955],[129.05159,35.22965],[129.04912,35.23087],[129.04653,35.231],[129.04609,35.23131],[129.04574,35.23334],[129.04654,35.23444],[129.04697,35.23477],[129.04916,35.23803],[129.04881,35.23848],[129.04992,35.23898],[129.05064,35.23988],[129.05107,35.24102],[129.04961,35.24513],[129.04872,35.24587],[129.04828,35.24603],[129.04762,35.24621],[129.0461,35.24627],[129.04552,35.24702],[129.04544,35.24766],[129.04537,35.25094],[129.04542,35.25214],[129.047,35.25423],[129.04774,35.25464],[129.04855,35.25507],[129.04779,35.25646],[129.04673,35.25703],[129.04065,35.2589],[129.03765,35.25972],[129.0361,35.25972],[129.037,35.26119],[129.03775,35.26212],[129.03912,35.26284],[129.04001,35.2628],[129.0416,35.26333],[129.04189,35.26368],[129.04213,35.26401],[129.04234,35.26543],[129.0424,35.2668],[129.0424,35.26792],[129.04258,35.26864],[129.04318,35.26953],[129.0435,35.26992],[129.04456,35.2708],[129.04624,35.27288],[129.04688,35.27377],[129.05057,35.28006],[129.05186,35.27933],[129.05458,35.27759],[129.05721,35.27568],[129.05908,35.27401],[129.06083,35.27224]]]]}},{"type":"Feature","properties":{"adm_cd":"21110720","adm_nm":"부산광역시 금정구 서3동"},"geometry":{"type":"MultiPolygon","coordinates":[[[[129.10672,35.2279],[129.10701,35.22777],[129.1073,35.22755],[129.10762,35.22717],[129.10777,35.22663],[129.10673,35.22561],[129.10575,35.2247],[129.10548,35.22443],[129.1054,35.22428],[129.10561,35.22397],[129.10667,35.22308],[129.10743,35.22285],[129.10829,35.22241],[129.10871,35.22209],[129.10873,35.22206],[129.10901,35.2217],[129.11067,35.21902],[129.10965,35.21726],[129.10842,35.21411],[129.10197,35.21525],[129.09966,35.21616],[129.10024,35.21715],[129.10187,35.21924],[129.10145,35.21962],[129.10053,35.21921],[129.09945,35.2222],[129.10076,35.22308],[129.10255,35.22638],[129.10358,35.22978],[129.10672,35.2279]]]]}},{"type":"Feature","properties":{"adm_cd":"21120510","adm_nm":"부산광역시 강서구 대저1동"},"geometry":{"type":"MultiPolygon","coordinates":[[[[128.99688,35.22363],[128.99616,35.21306],[128.99593,35.20966],[128.99581,35.20794],[128.99505,35.2073],[128.99434,35.20671],[128.9942,35.2066],[128.99351,35.20602],[128.99287,35.20549],[128.98928,35.2025],[128.99178,35.20096],[128.98987,35.19891],[128.98819,35.19724],[128.98668,35.19603],[128.98485,35.19622],[128.98315,35.19639],[128.98207,35.1965],[128.98132,35.19605],[128.9784,35.19428],[128.97248,35.19068],[128.97107,35.19214],[128.96974,35.1936],[128.96906,35.19475],[128.96839,35.19537],[128.96773,35.19593],[128.96619,35.19713],[128.96537,35.19646],[128.96358,35.19477],[128.96359,35.19648],[128.96359,35.19815],[128.96353,35.20055],[128.96348,35.20181],[128.9634,35.20322],[128.96221,35.20287],[128.95914,35.20156],[128.95705,35.20064],[128.95224,35.19851],[128.95261,35.198],[128.95317,35.19735],[128.95406,35.19636],[128.95671,35.19323],[128.95719,35.19264],[128.95,35.18761],[128.94716,35.19029],[128.9457,35.19171],[128.93954,35.19306],[128.934,35.19321],[128.93274,35.19066],[128.92899,35.18975],[128.92709,35.19038],[128.92928,35.19149],[128.93003,35.19238],[128.93046,35.19336],[128.93058,35.19364],[128.93117,35.19667],[128.93116,35.19735],[128.93116,35.19755],[128.93156,35.19816],[128.93282,35.19996],[128.93385,35.20123],[128.93406,35.20142],[128.93456,35.20188],[128.93471,35.20195],[128.93611,35.20264],[128.93673,35.20308],[128.93676,35.2031],[128.93775,35.20388],[128.93802,35.20409],[128.93873,35.2049],[128.94406,35.21203],[128.94481,35.21308],[128.94524,35.21369],[128.94571,35.21437],[128.94596,35.21483],[128.94613,35.21526],[128.94616,35.21599],[128.94615,35.21639],[128.94615,35.21658],[128.94607,35.21703],[128.94589,35.21752],[128.94582,35.21767],[128.94564,35.21808],[128.94544,35.21835],[128.9451,35.21876],[128.94498,35.21892],[128.94486,35.2191],[128.94479,35.21925],[128.94394,35.22154],[128.94389,35.22168],[128.94389,35.22176],[128.94388,35.22179],[128.94388,35.22188],[128.94389,35.22248],[128.94395,35.22407],[128.94413,35.22484],[128.94712,35.22668],[128.95025,35.22485],[128.95246,35.22432],[128.95848,35.22497],[128.95948,35.22508],[128.96681,35.22652],[128.97057,35.22726],[128.97083,35.22729],[128.97167,35.22736],[128.97677,35.22782],[128.97748,35.22793],[128.97933,35.22823],[128.98002,35.22834],[128.98074,35.22853],[128.98775,35.23089],[128.99311,35.23292],[128.99554,35.23325],[128.99761,35.23439],[128.99757,35.2338],[128.99688,35.22363]]]]}},{"type":"Feature","properties":{"adm_cd":"21120520","adm_nm":"부산광역시 강서구 대저2동"},"geometry":{"type":"MultiPolygon","coordinates":[[[[128.97248,35.19068],[128.96602,35.18676],[128.96552,35.18646],[128.96201,35.18198],[128.96216,35.17986],[128.96249,35.17516],[128.96256,35.1741],[128.96265,35.1729],[128.96242,35.16349],[128.96059,35.15447],[128.95953,35.14924],[128.96004,35.14657],[128.96082,35.14254],[128.96121,35.14051],[128.96142,35.13944],[128.96057,35.13718],[128.95688,35.12731],[128.93904,35.1129],[128.93568,35.11322],[128.93469,35.11333],[128.93399,35.11355],[128.9337,35.11367],[128.93348,35.11376],[128.93316,35.11395],[128.93267,35.1149],[128.93258,35.11685],[128.93203,35.11784],[128.92791,35.12312],[128.92748,35.12367],[128.92625,35.12493],[128.92451,35.12676],[128.92366,35.12804],[128.92306,35.12912],[128.92249,35.13013],[128.92206,35.13089],[128.92172,35.13138],[128.9214,35.1316],[128.92114,35.13171],[128.92076,35.13175],[128.9191,35.13181],[128.91897,35.13185],[128.91888,35.13187],[128.9186,35.132],[128.91839,35.13216],[128.9181,35.13264],[128.91803,35.13319],[128.91821,35.13416],[128.91879,35.13501],[128.92199,35.13863],[128.92206,35.13874],[128.92324,35.14054],[128.92455,35.14262],[128.92545,35.14416],[128.926,35.1453],[128.9262,35.14633],[128.92612,35.14745],[128.92589,35.14865],[128.9254,35.14972],[128.92438,35.15157],[128.9242,35.15181],[128.92379,35.1524],[128.922,35.15691],[128.92046,35.16137],[128.92031,35.16189],[128.91969,35.16365],[128.91925,35.16493],[128.9183,35.16669],[128.91695,35.16896],[128.91644,35.16953],[128.91607,35.17035],[128.91625,35.17084],[128.91644,35.17132],[128.91651,35.17152],[128.91772,35.17451],[128.91831,35.17591],[128.91957,35.18104],[128.91983,35.18215],[128.92022,35.18353],[128.92126,35.18667],[128.92262,35.18848],[128.92296,35.18884],[128.92376,35.18926],[128.92497,35.18969],[128.92709,35.19038],[128.92899,35.18975],[128.93274,35.19066],[128.934,35.19321],[128.93954,35.19306],[128.9457,35.19171],[128.94716,35.19029],[128.95,35.18761],[128.95719,35.19264],[128.95671,35.19323],[128.95406,35.19636],[128.95317,35.19735],[128.95261,35.198],[128.95224,35.19851],[128.95705,35.20064],[128.95914,35.20156],[128.96221,35.20287],[128.9634,35.20322],[128.96348,35.20181],[128.96353,35.20055],[128.96359,35.19815],[128.96359,35.19648],[128.96358,35.19477],[128.96537,35.19646],[128.96619,35.19713],[128.96773,35.19593],[128.96839,35.19537],[128.96906,35.19475],[128.96974,35.1936],[128.97107,35.19214],[128.97248,35.19068]]]]}},{"type":"Feature","properties":{"adm_cd":"21120530","adm_nm":"부산광역시 강서구 강동동"},"geometry":{"type":"MultiPolygon","coordinates":[[[[128.94712,35.22668],[128.94413,35.22484],[128.94395,35.22407],[128.94389,35.22248],[128.94388,35.22188],[128.94388,35.22179],[128.94389,35.22176],[128.94389,35.22168],[128.94394,35.22154],[128.94479,35.21925],[128.94486,35.2191],[128.94498,35.21892],[128.9451,35.21876],[128.94544,35.21835],[128.94564,35.21808],[128.94582,35.21767],[128.94589,35.21752],[128.94607,35.21703],[128.94615,35.21658],[128.94615,35.21639],[128.94616,35.21599],[128.94613,35.21526],[128.94596,35.21483],[128.94571,35.21437],[128.94524,35.21369],[128.94481,35.21308],[128.94406,35.21203],[128.93873,35.2049],[128.93802,35.20409],[128.93775,35.20388],[128.93676,35.2031],[128.93673,35.20308],[128.93611,35.20264],[128.93471,35.20195],[128.93456,35.20188],[128.93406,35.20142],[128.93385,35.20123],[128.93282,35.19996],[128.93156,35.19816],[128.93116,35.19755],[128.93116,35.19735],[128.93117,35.19667],[128.93058,35.19364],[128.93046,35.19336],[128.93003,35.19238],[128.92928,35.19149],[128.92709,35.19038],[128.92497,35.18969],[128.92376,35.18926],[128.92296,35.18884],[128.92262,35.18848],[128.92126,35.18667],[128.92022,35.18353],[128.91983,35.18215],[128.91957,35.18104],[128.91831,35.17591],[128.91772,35.17451],[128.91651,35.17152],[128.91644,35.17132],[128.91625,35.17084],[128.91607,35.17035],[128.91644,35.16953],[128.91695,35.16896],[128.9183,35.16669],[128.91925,35.16493],[128.91969,35.16365],[128.92031,35.16189],[128.92046,35.16137],[128.922,35.15691],[128.92379,35.1524],[128.9242,35.15181],[128.92438,35.15157],[128.9254,35.14972],[128.92589,35.14865],[128.92612,35.14745],[128.9262,35.14633],[128.926,35.1453],[128.92545,35.14416],[128.92455,35.14262],[128.92324,35.14054],[128.92206,35.13874],[128.92199,35.13863],[128.91879,35.13501],[128.91821,35.13416],[128.91677,35.13475],[128.91611,35.13468],[128.9155,35.13461],[128.91136,35.13398],[128.909,35.13317],[128.90624,35.13147],[128.90609,35.13143],[128.90416,35.13089],[128.90378,35.13079],[128.90372,35.13242],[128.90348,35.13319],[128.9032,35.13412],[128.90296,35.13707],[128.90296,35.14124],[128.90295,35.15045],[128.90295,35.1515],[128.90296,35.16007],[128.90296,35.16248],[128.90296,35.16252],[128.90331,35.16407],[128.90332,35.16415],[128.90477,35.17068],[128.90498,35.17161],[128.90543,35.17591],[128.90609,35.18763],[128.90606,35.18816],[128.90604,35.18843],[128.9059,35.1893],[128.90559,35.19125],[128.9054,35.19173],[128.90524,35.19216],[128.90486,35.19317],[128.90427,35.19471],[128.9044,35.19569],[128.90456,35.19684],[128.90564,35.19956],[128.90569,35.19959],[128.90771,35.20082],[128.91476,35.20566],[128.91677,35.20704],[128.91802,35.20893],[128.91885,35.21017],[128.91986,35.21238],[128.92065,35.21409],[128.92349,35.21605],[128.92384,35.2163],[128.92603,35.21788],[128.92724,35.2187],[128.93168,35.2217],[128.93286,35.22214],[128.93686,35.22493],[128.94102,35.22687],[128.94483,35.22792],[128.94604,35.22727],[128.94712,35.22668]]]]}},{"type":"Feature","properties":{"adm_cd":"21120590","adm_nm":"부산광역시 강서구 명지1동"},"geometry":{"type":"MultiPolygon","coordinates":[[[[128.91821,35.13416],[128.91803,35.13319],[128.9181,35.13264],[128.91839,35.13216],[128.9186,35.132],[128.91888,35.13187],[128.91897,35.13185],[128.9191,35.13181],[128.92076,35.13175],[128.92114,35.13171],[128.9214,35.1316],[128.92172,35.13138],[128.92206,35.13089],[128.92249,35.13013],[128.92306,35.12912],[128.92366,35.12804],[128.92451,35.12676],[128.92625,35.12493],[128.92748,35.12367],[128.92791,35.12312],[128.93203,35.11784],[128.93258,35.11685],[128.93267,35.1149],[128.93316,35.11395],[128.93348,35.11376],[128.9337,35.11367],[128.93399,35.11355],[128.93469,35.11333],[128.93568,35.11322],[128.93904,35.1129],[128.93686,35.10988],[128.9329,35.11028],[128.93247,35.10888],[128.93178,35.10666],[128.93035,35.10312],[128.92904,35.1],[128.92866,35.09913],[128.92678,35.09536],[128.92535,35.09341],[128.9219,35.09269],[128.91445,35.09005],[128.91217,35.08937],[128.89627,35.089],[128.89686,35.09041],[128.89776,35.09308],[128.89939,35.09929],[128.90084,35.10694],[128.90096,35.10797],[128.90056,35.10912],[128.90041,35.11048],[128.90055,35.11115],[128.90085,35.11195],[128.90087,35.11198],[128.9016,35.11306],[128.90209,35.11369],[128.90353,35.11467],[128.90455,35.11564],[128.90546,35.11806],[128.9031,35.11865],[128.90064,35.11926],[128.90001,35.12141],[128.90024,35.12327],[128.90053,35.12524],[128.90118,35.12805],[128.90179,35.13061],[128.90378,35.13079],[128.90416,35.13089],[128.90609,35.13143],[128.90624,35.13147],[128.909,35.13317],[128.91136,35.13398],[128.9155,35.13461],[128.91611,35.13468],[128.91677,35.13475],[128.91821,35.13416]]]]}},{"type":"Feature","properties":{"adm_cd":"21120550","adm_nm":"부산광역시 강서구 가락동"},"geometry":{"type":"MultiPolygon","coordinates":[[[[128.91239,35.22256],[128.91257,35.22243],[128.91282,35.22219],[128.91546,35.21857],[128.91646,35.21717],[128.91663,35.21696],[128.91976,35.21642],[128.92349,35.21605],[128.92065,35.21409],[128.91986,35.21238],[128.91885,35.21017],[128.91802,35.20893],[128.91677,35.20704],[128.91476,35.20566],[128.90771,35.20082],[128.90569,35.19959],[128.90564,35.19956],[128.90456,35.19684],[128.9044,35.19569],[128.90427,35.19471],[128.90486,35.19317],[128.90524,35.19216],[128.9054,35.19173],[128.90559,35.19125],[128.9059,35.1893],[128.90604,35.18843],[128.90606,35.18816],[128.90609,35.18763],[128.90543,35.17591],[128.90498,35.17161],[128.90477,35.17068],[128.90332,35.16415],[128.90331,35.16407],[128.90296,35.16252],[128.90296,35.16248],[128.90296,35.16007],[128.90295,35.1515],[128.90295,35.15045],[128.90296,35.14124],[128.90296,35.13707],[128.9032,35.13412],[128.90348,35.13319],[128.90372,35.13242],[128.90378,35.13079],[128.9016,35.13283],[128.90051,35.13351],[128.89804,35.13495],[128.89635,35.13568],[128.89542,35.13631],[128.89458,35.13701],[128.89244,35.13919],[128.8906,35.14113],[128.88936,35.14326],[128.88896,35.144],[128.88835,35.14527],[128.88815,35.14568],[128.88794,35.14665],[128.88766,35.14799],[128.88748,35.14988],[128.88741,35.15088],[128.8871,35.15563],[128.88708,35.15635],[128.88731,35.15704],[128.88763,35.15784],[128.88795,35.15848],[128.88831,35.15905],[128.88911,35.16004],[128.88962,35.16059],[128.89003,35.16107],[128.8904,35.1618],[128.8906,35.16247],[128.89062,35.16261],[128.89069,35.16325],[128.89064,35.16399],[128.89034,35.16435],[128.88089,35.17151],[128.8802,35.17203],[128.88022,35.17481],[128.88022,35.17582],[128.88009,35.17779],[128.88002,35.17887],[128.8801,35.17976],[128.88065,35.181],[128.88114,35.18146],[128.88163,35.18195],[128.88156,35.18294],[128.87889,35.18524],[128.8765,35.18741],[128.87602,35.18818],[128.87582,35.1888],[128.8759,35.19088],[128.87619,35.19291],[128.87278,35.1983],[128.87039,35.20171],[128.87098,35.20225],[128.87203,35.20308],[128.87252,35.20346],[128.87543,35.20589],[128.87741,35.2081],[128.87771,35.20843],[128.87906,35.20976],[128.87964,35.21016],[128.88048,35.21023],[128.88161,35.21047],[128.88175,35.2105],[128.88381,35.21207],[128.88414,35.21251],[128.88395,35.21317],[128.88414,35.21368],[128.88603,35.21453],[128.88627,35.2146],[128.88642,35.21463],[128.88713,35.21426],[128.88752,35.21419],[128.88795,35.21435],[128.88861,35.21473],[128.8887,35.21474],[128.88879,35.21475],[128.88912,35.21478],[128.8937,35.21376],[128.8966,35.21311],[128.89668,35.21313],[128.8972,35.21326],[128.90494,35.21534],[128.90888,35.21479],[128.91023,35.21502],[128.90505,35.22007],[128.90911,35.22281],[128.90953,35.22309],[128.91021,35.22294],[128.90985,35.22274],[128.90877,35.22188],[128.90867,35.22159],[128.90871,35.2207],[128.90889,35.22056],[128.90919,35.22076],[128.90995,35.22173],[128.91013,35.22209],[128.9099,35.22234],[128.9099,35.22238],[128.91002,35.22258],[128.9103,35.22293],[128.91239,35.22256]]]]}},{"type":"Feature","properties":{"adm_cd":"21120562","adm_nm":"부산광역시 강서구 신호동"},"geometry":{"type":"MultiPolygon","coordinates":[[[[128.87195,35.08048],[128.86905,35.08181],[128.87105,35.08476],[128.87098,35.08867],[128.86668,35.09774],[128.86636,35.09804],[128.86574,35.09803],[128.86583,35.09952],[128.86619,35.10009],[128.86735,35.10082],[128.86874,35.10163],[128.87127,35.10056],[128.87438,35.09909],[128.87466,35.09899],[128.87546,35.09886],[128.87717,35.09865],[128.8926,35.09396],[128.89132,35.09064],[128.89069,35.08902],[128.88927,35.08532],[128.88688,35.07911],[128.88482,35.06354],[128.88197,35.06006],[128.87331,35.06155],[128.8603,35.06837],[128.8588,35.06976],[128.85998,35.07132],[128.86113,35.0713],[128.86314,35.0698],[128.87349,35.06964],[128.87455,35.06973],[128.87481,35.07053],[128.87501,35.07407],[128.87519,35.07936],[128.87195,35.08048],[128.87195,35.08048]]]]}},{"type":"Feature","properties":{"adm_cd":"21120580","adm_nm":"부산광역시 강서구 가덕도동"},"geometry":{"type":"MultiPolygon","coordinates":[[[[128.83247,35.08631],[128.83293,35.08595],[128.83319,35.08476],[128.83316,35.08289],[128.83416,35.08241],[128.83522,35.08227],[128.83582,35.08176],[128.83452,35.08024],[128.83476,35.08025],[128.8345,35.07151],[128.83433,35.068],[128.83381,35.06684],[128.83357,35.06627],[128.83384,35.06606],[128.83421,35.06597],[128.83507,35.06602],[128.83678,35.06735],[128.83678,35.06968],[128.83685,35.07387],[128.83735,35.07491],[128.83742,35.07505],[128.84028,35.07443],[128.84152,35.07183],[128.8414,35.07112],[128.84239,35.06955],[128.84697,35.06868],[128.84935,35.06851],[128.85028,35.0689],[128.85321,35.06916],[128.85494,35.069],[128.85521,35.06878],[128.85524,35.06789],[128.8564,35.06627],[128.85751,35.06545],[128.85884,35.06423],[128.8586,35.06404],[128.85807,35.06362],[128.8541,35.06275],[128.85285,35.06276],[128.84997,35.06219],[128.84762,35.06115],[128.8458,35.05962],[128.84609,35.05829],[128.84614,35.05806],[128.84664,35.05641],[128.84861,35.05435],[128.85023,35.05179],[128.85116,35.04265],[128.85125,35.04159],[128.85054,35.03908],[128.84955,35.03843],[128.84915,35.03514],[128.84973,35.0342],[128.84955,35.03353],[128.84573,35.03235],[128.84525,35.03204],[128.84431,35.03143],[128.84342,35.03056],[128.84329,35.02967],[128.84363,35.02894],[128.84376,35.02868],[128.84249,35.02534],[128.84093,35.0232],[128.84055,35.02268],[128.83889,35.01791],[128.83573,35.01635],[128.83582,35.01288],[128.836,35.0127],[128.84044,35.00796],[128.8414,35.00661],[128.84106,35.00493],[128.83979,35.00351],[128.83859,35.00023],[128.84109,34.99714],[128.84076,34.99613],[128.83993,34.99598],[128.83871,34.99642],[128.83506,34.99444],[128.83044,34.98986],[128.82989,34.98843],[128.82731,34.98805],[128.82692,34.98915],[128.8279,34.99151],[128.82916,34.99259],[128.82961,34.99453],[128.82797,34.99472],[128.82353,34.99403],[128.82128,34.99423],[128.82155,34.99727],[128.82199,34.99879],[128.82173,35.00082],[128.81814,35.00138],[128.81832,35.00485],[128.81945,35.00466],[128.82244,35.00487],[128.82359,35.0057],[128.82341,35.00705],[128.81934,35.00897],[128.81987,35.00973],[128.82493,35.01075],[128.82603,35.01378],[128.82452,35.01524],[128.8182,35.01796],[128.8142,35.01861],[128.81112,35.01874],[128.81073,35.01968],[128.81057,35.02171],[128.80581,35.0206],[128.80424,35.02392],[128.80683,35.02498],[128.80909,35.02478],[128.81145,35.02423],[128.8133,35.02421],[128.81466,35.02528],[128.81523,35.02773],[128.81512,35.02831],[128.815,35.02897],[128.81495,35.02903],[128.81426,35.02986],[128.81321,35.03034],[128.81262,35.03029],[128.81233,35.03024],[128.81112,35.03006],[128.80942,35.03016],[128.80901,35.03044],[128.8083,35.03139],[128.80746,35.03339],[128.80759,35.03373],[128.80796,35.03394],[128.80872,35.03381],[128.80945,35.03353],[128.80993,35.03348],[128.81074,35.03339],[128.81092,35.03346],[128.81107,35.03355],[128.81115,35.03361],[128.8118,35.03465],[128.81244,35.0366],[128.81239,35.03808],[128.81201,35.04016],[128.81082,35.04159],[128.80894,35.04298],[128.80747,35.04335],[128.80691,35.04385],[128.80614,35.04496],[128.80599,35.04571],[128.80614,35.04622],[128.80585,35.04699],[128.80481,35.04759],[128.8039,35.04765],[128.80168,35.04752],[128.79955,35.04751],[128.79747,35.04871],[128.79692,35.0498],[128.79685,35.05045],[128.79682,35.05407],[128.79599,35.0589],[128.79797,35.0594],[128.79887,35.05745],[128.80562,35.05978],[128.80322,35.06565],[128.81058,35.06749],[128.82178,35.07031],[128.83078,35.07289],[128.83073,35.07763],[128.8307,35.08045],[128.82369,35.08095],[128.80942,35.08197],[128.80949,35.08278],[128.8115,35.08299],[128.81809,35.083],[128.81853,35.083],[128.82154,35.08445],[128.82154,35.08493],[128.82154,35.08585],[128.82306,35.08585],[128.82456,35.08585],[128.82643,35.08621],[128.82643,35.08787],[128.8271,35.08843],[128.82792,35.08911],[128.82838,35.08948],[128.83247,35.08631]]]]}},{"type":"Feature","properties":{"adm_cd":"21130510","adm_nm":"부산광역시 연제구 거제1동"},"geometry":{"type":"MultiPolygon","coordinates":[[[[129.08033,35.19927],[129.0831,35.19642],[129.08406,35.19563],[129.08472,35.19521],[129.08561,35.19472],[129.08588,35.1946],[129.08637,35.19438],[129.08651,35.19434],[129.08711,35.19416],[129.08955,35.19362],[129.09039,35.19351],[129.09073,35.19346],[129.08863,35.19178],[129.08713,35.19181],[129.08548,35.19185],[129.08491,35.19192],[129.08362,35.19218],[129.08019,35.1916],[129.07722,35.18773],[129.0754,35.18844],[129.07412,35.18859],[129.07387,35.18912],[129.07369,35.18934],[129.06992,35.19185],[129.06715,35.19208],[129.06648,35.19416],[129.07123,35.19512],[129.07296,35.19668],[129.07341,35.19716],[129.07426,35.19806],[129.07487,35.19828],[129.07626,35.1988],[129.0764,35.19885],[129.07791,35.1994],[129.07809,35.19938],[129.07816,35.19938],[129.08033,35.19927]]]]}},{"type":"Feature","properties":{"adm_cd":"21130520","adm_nm":"부산광역시 연제구 거제2동"},"geometry":{"type":"MultiPolygon","coordinates":[[[[129.07412,35.18859],[129.07063,35.18552],[129.0705,35.18553],[129.06918,35.18545],[129.06387,35.18448],[129.0612,35.18389],[129.06033,35.18407],[129.05664,35.18446],[129.05397,35.18432],[129.05204,35.18478],[129.05097,35.1858],[129.04823,35.18959],[129.04697,35.19186],[129.04693,35.19218],[129.04706,35.19292],[129.04742,35.19384],[129.04769,35.19421],[129.05279,35.19217],[129.05306,35.19208],[129.05322,35.19208],[129.05577,35.19237],[129.05988,35.1913],[129.06275,35.19187],[129.06462,35.19225],[129.0642,35.1937],[129.06648,35.19416],[129.06715,35.19208],[129.06992,35.19185],[129.07369,35.18934],[129.07387,35.18912],[129.07412,35.18859]]]]}},{"type":"Feature","properties":{"adm_cd":"21130530","adm_nm":"부산광역시 연제구 거제3동"},"geometry":{"type":"MultiPolygon","coordinates":[[[[129.07722,35.18773],[129.07477,35.18434],[129.07472,35.18426],[129.07364,35.18268],[129.07359,35.1826],[129.07238,35.18068],[129.07237,35.18065],[129.0723,35.18052],[129.07191,35.17959],[129.07194,35.17794],[129.07027,35.17583],[129.06778,35.17657],[129.06734,35.1769],[129.06779,35.17861],[129.06785,35.17877],[129.06825,35.17991],[129.06863,35.18088],[129.06881,35.18132],[129.06883,35.18135],[129.06896,35.18166],[129.06917,35.18217],[129.07044,35.18515],[129.07063,35.18552],[129.07412,35.18859],[129.0754,35.18844],[129.07722,35.18773]]]]}},{"type":"Feature","properties":{"adm_cd":"21130540","adm_nm":"부산광역시 연제구 거제4동"},"geometry":{"type":"MultiPolygon","coordinates":[[[[129.07063,35.18552],[129.07044,35.18515],[129.06917,35.18217],[129.06896,35.18166],[129.06883,35.18135],[129.06881,35.18132],[129.06863,35.18088],[129.06825,35.17991],[129.06785,35.17877],[129.06779,35.17861],[129.06734,35.1769],[129.06473,35.17714],[129.0638,35.17726],[129.06377,35.17726],[129.06339,35.17734],[129.06306,35.17744],[129.06297,35.17749],[129.06292,35.17754],[129.06286,35.17765],[129.0628,35.17801],[129.06276,35.17859],[129.06273,35.1787],[129.0621,35.17993],[129.06203,35.18004],[129.06193,35.1801],[129.06166,35.18025],[129.0612,35.18389],[129.06387,35.18448],[129.06918,35.18545],[129.0705,35.18553],[129.07063,35.18552]]]]}},{"type":"Feature","properties":{"adm_cd":"21130550","adm_nm":"부산광역시 연제구 연산1동"},"geometry":{"type":"MultiPolygon","coordinates":[[[[129.09543,35.19238],[129.09539,35.19232],[129.09507,35.19186],[129.09455,35.1911],[129.09405,35.18987],[129.09391,35.18952],[129.09337,35.18818],[129.09323,35.18784],[129.09326,35.18591],[129.09336,35.18527],[129.09345,35.18499],[129.09352,35.18484],[129.09366,35.18328],[129.093,35.18269],[129.09174,35.18345],[129.09027,35.18376],[129.09024,35.18372],[129.08912,35.18373],[129.08724,35.18383],[129.08718,35.18385],[129.0872,35.18426],[129.08729,35.18706],[129.08643,35.18708],[129.08504,35.18712],[129.0841,35.18795],[129.08441,35.18822],[129.08462,35.1884],[129.08449,35.18891],[129.08426,35.18987],[129.08362,35.19218],[129.08491,35.19192],[129.08548,35.19185],[129.08713,35.19181],[129.08863,35.19178],[129.09073,35.19346],[129.09499,35.19242],[129.09543,35.19238]]]]}},{"type":"Feature","properties":{"adm_cd":"21130560","adm_nm":"부산광역시 연제구 연산2동"},"geometry":{"type":"MultiPolygon","coordinates":[[[[129.08384,35.18101],[129.08443,35.17966],[129.08549,35.17723],[129.08588,35.17631],[129.08591,35.17623],[129.08653,35.17461],[129.08578,35.17472],[129.08461,35.17486],[129.08364,35.17243],[129.08272,35.16979],[129.08268,35.16965],[129.08294,35.16924],[129.08326,35.16892],[129.08354,35.16866],[129.08414,35.1677],[129.08464,35.16638],[129.08461,35.16564],[129.08422,35.1644],[129.08371,35.16338],[129.08331,35.16274],[129.08293,35.16214],[129.08203,35.15948],[129.08089,35.15971],[129.07852,35.16242],[129.07885,35.16573],[129.07929,35.16667],[129.07999,35.16706],[129.08081,35.16774],[129.08142,35.16926],[129.08199,35.17125],[129.08196,35.17149],[129.08196,35.17154],[129.08192,35.17174],[129.08168,35.17198],[129.07796,35.1754],[129.07554,35.17731],[129.07503,35.17759],[129.07777,35.18112],[129.07833,35.1818],[129.07916,35.1814],[129.08384,35.18101]]]]}},{"type":"Feature","properties":{"adm_cd":"21130570","adm_nm":"부산광역시 연제구 연산3동"},"geometry":{"type":"MultiPolygon","coordinates":[[[[129.09646,35.17346],[129.09699,35.17331],[129.09699,35.1732],[129.09711,35.17182],[129.09713,35.17163],[129.09625,35.17022],[129.0953,35.16884],[129.09473,35.16811],[129.09394,35.16733],[129.0932,35.16686],[129.09232,35.16617],[129.09394,35.1626],[129.09432,35.16222],[129.09482,35.16174],[129.09437,35.16114],[129.09371,35.16065],[129.09277,35.16032],[129.09105,35.16035],[129.09031,35.1605],[129.08978,35.1607],[129.08939,35.16081],[129.08802,35.16047],[129.0877,35.16037],[129.08413,35.15881],[129.08293,35.15824],[129.08497,35.16019],[129.08579,35.1607],[129.08842,35.16367],[129.08864,35.16396],[129.08889,35.16442],[129.08888,35.16451],[129.08854,35.16537],[129.08833,35.16585],[129.08774,35.16692],[129.08752,35.16721],[129.0874,35.16745],[129.08704,35.16905],[129.0869,35.16967],[129.08688,35.16979],[129.08684,35.17002],[129.08699,35.17091],[129.08702,35.17112],[129.08711,35.1716],[129.08717,35.17194],[129.08724,35.17234],[129.08773,35.17447],[129.08859,35.17437],[129.08889,35.17433],[129.08937,35.17426],[129.09077,35.17407],[129.093,35.1738],[129.09308,35.17379],[129.09389,35.1737],[129.09412,35.17367],[129.09445,35.17364],[129.09646,35.17346]]]]}},{"type":"Feature","properties":{"adm_cd":"21130580","adm_nm":"부산광역시 연제구 연산4동"},"geometry":{"type":"MultiPolygon","coordinates":[[[[129.093,35.18269],[129.096,35.18019],[129.09402,35.17969],[129.09345,35.17954],[129.09273,35.17953],[129.09032,35.1795],[129.08834,35.17984],[129.08506,35.17984],[129.08443,35.17966],[129.08384,35.18101],[129.08137,35.18714],[129.08019,35.1916],[129.08362,35.19218],[129.08426,35.18987],[129.08449,35.18891],[129.08462,35.1884],[129.08441,35.18822],[129.0841,35.18795],[129.08504,35.18712],[129.08643,35.18708],[129.08729,35.18706],[129.0872,35.18426],[129.08718,35.18385],[129.08724,35.18383],[129.08912,35.18373],[129.09024,35.18372],[129.09027,35.18376],[129.09174,35.18345],[129.093,35.18269]]]]}},{"type":"Feature","properties":{"adm_cd":"21130590","adm_nm":"부산광역시 연제구 연산5동"},"geometry":{"type":"MultiPolygon","coordinates":[[[[129.08384,35.18101],[129.07916,35.1814],[129.07833,35.1818],[129.07777,35.18112],[129.07503,35.17759],[129.07191,35.17959],[129.0723,35.18052],[129.07237,35.18065],[129.07238,35.18068],[129.07359,35.1826],[129.07364,35.18268],[129.07472,35.18426],[129.07477,35.18434],[129.07722,35.18773],[129.08019,35.1916],[129.08137,35.18714],[129.08384,35.18101]]]]}},{"type":"Feature","properties":{"adm_cd":"21130600","adm_nm":"부산광역시 연제구 연산6동"},"geometry":{"type":"MultiPolygon","coordinates":[[[[129.09742,35.17952],[129.0971,35.17897],[129.09667,35.17795],[129.09657,35.17772],[129.09648,35.17736],[129.09647,35.17701],[129.09668,35.17511],[129.09646,35.17346],[129.09445,35.17364],[129.09412,35.17367],[129.09389,35.1737],[129.09308,35.17379],[129.093,35.1738],[129.09077,35.17407],[129.08937,35.17426],[129.08889,35.17433],[129.08859,35.17437],[129.08773,35.17447],[129.08724,35.17234],[129.08717,35.17194],[129.08711,35.1716],[129.08702,35.17112],[129.08699,35.17091],[129.08684,35.17002],[129.08688,35.16979],[129.0869,35.16967],[129.08704,35.16905],[129.0874,35.16745],[129.08752,35.16721],[129.08774,35.16692],[129.08833,35.16585],[129.08854,35.16537],[129.08888,35.16451],[129.08889,35.16442],[129.08864,35.16396],[129.08842,35.16367],[129.08579,35.1607],[129.08497,35.16019],[129.08293,35.15824],[129.08203,35.15948],[129.08293,35.16214],[129.08331,35.16274],[129.08371,35.16338],[129.08422,35.1644],[129.08461,35.16564],[129.08464,35.16638],[129.08414,35.1677],[129.08354,35.16866],[129.08326,35.16892],[129.08294,35.16924],[129.08268,35.16965],[129.08272,35.16979],[129.08364,35.17243],[129.08461,35.17486],[129.08578,35.17472],[129.08653,35.17461],[129.08591,35.17623],[129.08588,35.17631],[129.08549,35.17723],[129.08443,35.17966],[129.08506,35.17984],[129.08834,35.17984],[129.09032,35.1795],[129.09273,35.17953],[129.09345,35.17954],[129.09402,35.17969],[129.096,35.18019],[129.09742,35.17952]]]]}},{"type":"Feature","properties":{"adm_cd":"21130620","adm_nm":"부산광역시 연제구 연산8동"},"geometry":{"type":"MultiPolygon","coordinates":[[[[129.09941,35.19175],[129.10054,35.18919],[129.10121,35.18769],[129.10265,35.18772],[129.10095,35.18504],[129.10061,35.18454],[129.10033,35.18416],[129.10022,35.18405],[129.10002,35.18385],[129.09995,35.1838],[129.09988,35.18375],[129.09981,35.1837],[129.09971,35.18365],[129.09961,35.1836],[129.09948,35.18352],[129.09945,35.18349],[129.09942,35.18347],[129.09937,35.18342],[129.09803,35.18194],[129.09754,35.18116],[129.0973,35.1806],[129.09721,35.18031],[129.0972,35.18017],[129.0972,35.18005],[129.09724,35.17987],[129.09731,35.17963],[129.09742,35.17952],[129.096,35.18019],[129.093,35.18269],[129.09366,35.18328],[129.09352,35.18484],[129.09345,35.18499],[129.09336,35.18527],[129.09326,35.18591],[129.09323,35.18784],[129.09337,35.18818],[129.09391,35.18952],[129.09405,35.18987],[129.09455,35.1911],[129.09507,35.19186],[129.09539,35.19232],[129.09543,35.19238],[129.09941,35.19175]]]]}},{"type":"Feature","properties":{"adm_cd":"21130630","adm_nm":"부산광역시 연제구 연산9동"},"geometry":{"type":"MultiPolygon","coordinates":[[[[129.10062,35.19144],[129.10237,35.19099],[129.10378,35.19086],[129.10526,35.19076],[129.10563,35.19074],[129.10818,35.19044],[129.10838,35.19041],[129.11052,35.18964],[129.11216,35.18715],[129.1122,35.187],[129.11241,35.18627],[129.11391,35.18434],[129.11416,35.18404],[129.11448,35.18374],[129.11459,35.18362],[129.11498,35.18331],[129.11516,35.18318],[129.11496,35.1826],[129.11418,35.18076],[129.11415,35.1807],[129.11356,35.17953],[129.1123,35.17717],[129.1111,35.17594],[129.11057,35.17604],[129.10957,35.17623],[129.10795,35.17723],[129.10783,35.17736],[129.10718,35.17811],[129.10715,35.17855],[129.1071,35.17949],[129.10708,35.17966],[129.10621,35.18003],[129.10435,35.18072],[129.10357,35.18087],[129.10039,35.18027],[129.09866,35.17984],[129.09742,35.17952],[129.09731,35.17963],[129.09724,35.17987],[129.0972,35.18005],[129.0972,35.18017],[129.09721,35.18031],[129.0973,35.1806],[129.09754,35.18116],[129.09803,35.18194],[129.09937,35.18342],[129.09942,35.18347],[129.09945,35.18349],[129.09948,35.18352],[129.09961,35.1836],[129.09971,35.18365],[129.09981,35.1837],[129.09988,35.18375],[129.09995,35.1838],[129.10002,35.18385],[129.10022,35.18405],[129.10033,35.18416],[129.10061,35.18454],[129.10095,35.18504],[129.10265,35.18772],[129.10121,35.18769],[129.10054,35.18919],[129.09941,35.19175],[129.10062,35.19144]]]]}},{"type":"Feature","properties":{"adm_cd":"21140510","adm_nm":"부산광역시 수영구 남천1동"},"geometry":{"type":"MultiPolygon","coordinates":[[[[129.11346,35.14894],[129.11116,35.14583],[129.11082,35.14291],[129.11084,35.14237],[129.11085,35.14221],[129.11086,35.14218],[129.11165,35.13918],[129.11186,35.13899],[129.11215,35.1389],[129.11233,35.1389],[129.11238,35.1389],[129.11561,35.13955],[129.11556,35.13934],[129.11417,35.13734],[129.11361,35.13756],[129.11371,35.13766],[129.11403,35.13753],[129.11446,35.13813],[129.11457,35.13839],[129.1143,35.13859],[129.11257,35.13693],[129.11199,35.13638],[129.11389,35.1365],[129.11842,35.13706],[129.11914,35.13725],[129.11998,35.13766],[129.12075,35.13818],[129.12424,35.14172],[129.13032,35.14799],[129.13075,35.14771],[129.12679,35.14353],[129.12222,35.13894],[129.12098,35.13772],[129.11971,35.13694],[129.11844,35.13655],[129.11499,35.13594],[129.11181,35.13548],[129.11134,35.13568],[129.10764,35.13817],[129.10687,35.13874],[129.10603,35.13936],[129.10488,35.14021],[129.10399,35.14098],[129.10369,35.14127],[129.10363,35.14133],[129.10333,35.14164],[129.10295,35.14207],[129.10274,35.14231],[129.10232,35.1428],[129.10243,35.14322],[129.10274,35.14365],[129.10341,35.14436],[129.10334,35.14576],[129.1033,35.14601],[129.10256,35.1477],[129.10196,35.14947],[129.10164,35.15069],[129.10238,35.15054],[129.10377,35.15031],[129.10807,35.1499],[129.10901,35.15006],[129.11087,35.15043],[129.11119,35.15058],[129.11346,35.14894]]]]}},{"type":"Feature","properties":{"adm_cd":"21140520","adm_nm":"부산광역시 수영구 남천2동"},"geometry":{"type":"MultiPolygon","coordinates":[[[[129.11514,35.14799],[129.11511,35.1471],[129.11538,35.14638],[129.11555,35.14619],[129.11739,35.14611],[129.11777,35.14598],[129.11778,35.14131],[129.11774,35.13984],[129.11624,35.13947],[129.11561,35.13955],[129.11238,35.1389],[129.11233,35.1389],[129.11215,35.1389],[129.11186,35.13899],[129.11165,35.13918],[129.11086,35.14218],[129.11085,35.14221],[129.11084,35.14237],[129.11082,35.14291],[129.11116,35.14583],[129.11346,35.14894],[129.11514,35.14799]]]]}},{"type":"Feature","properties":{"adm_cd":"21140530","adm_nm":"부산광역시 수영구 수영동"},"geometry":{"type":"MultiPolygon","coordinates":[[[[129.1225,35.17302],[129.12261,35.1727],[129.12317,35.17105],[129.12343,35.17061],[129.12356,35.1704],[129.12436,35.16906],[129.12658,35.16603],[129.1254,35.16552],[129.1252,35.16551],[129.12489,35.16552],[129.12432,35.16571],[129.12416,35.16576],[129.12326,35.16608],[129.12133,35.16769],[129.1202,35.16834],[129.11948,35.16843],[129.11885,35.16852],[129.11737,35.16806],[129.11726,35.16803],[129.11677,35.16787],[129.11662,35.16782],[129.11597,35.16762],[129.11569,35.16761],[129.11546,35.16762],[129.1148,35.16771],[129.11436,35.1679],[129.11165,35.16969],[129.11049,35.1705],[129.10957,35.17115],[129.10954,35.17161],[129.11028,35.17311],[129.11068,35.17388],[129.11093,35.17438],[129.11519,35.17361],[129.11698,35.17324],[129.11805,35.17318],[129.12045,35.17306],[129.1225,35.17302]]]]}},{"type":"Feature","properties":{"adm_cd":"21140540","adm_nm":"부산광역시 수영구 망미1동"},"geometry":{"type":"MultiPolygon","coordinates":[[[[129.10718,35.17811],[129.10721,35.17778],[129.10721,35.17769],[129.10723,35.17747],[129.10724,35.17739],[129.10735,35.17629],[129.10736,35.17618],[129.10756,35.17492],[129.10924,35.1716],[129.10864,35.17155],[129.10728,35.17178],[129.1052,35.16958],[129.1036,35.16683],[129.10396,35.16595],[129.10403,35.16563],[129.10331,35.16369],[129.10309,35.16334],[129.10259,35.1629],[129.10208,35.16264],[129.10146,35.16247],[129.09945,35.16226],[129.09823,35.1626],[129.09693,35.16292],[129.0969,35.16293],[129.09658,35.163],[129.09519,35.16213],[129.09482,35.16174],[129.09432,35.16222],[129.09394,35.1626],[129.09232,35.16617],[129.0932,35.16686],[129.09394,35.16733],[129.09473,35.16811],[129.0953,35.16884],[129.09625,35.17022],[129.09713,35.17163],[129.09711,35.17182],[129.09699,35.1732],[129.09699,35.17331],[129.09646,35.17346],[129.09668,35.17511],[129.09647,35.17701],[129.09648,35.17736],[129.09657,35.17772],[129.09667,35.17795],[129.0971,35.17897],[129.09742,35.17952],[129.09866,35.17984],[129.10039,35.18027],[129.10357,35.18087],[129.10435,35.18072],[129.10621,35.18003],[129.10708,35.17966],[129.1071,35.17949],[129.10715,35.17855],[129.10718,35.17811]]]]}},{"type":"Feature","properties":{"adm_cd":"21140550","adm_nm":"부산광역시 수영구 망미2동"},"geometry":{"type":"MultiPolygon","coordinates":[[[[129.12106,35.17465],[129.12192,35.17364],[129.1225,35.17302],[129.12045,35.17306],[129.11805,35.17318],[129.11698,35.17324],[129.11519,35.17361],[129.11093,35.17438],[129.11068,35.17388],[129.11028,35.17311],[129.10954,35.17161],[129.10924,35.1716],[129.10756,35.17492],[129.10736,35.17618],[129.10735,35.17629],[129.10724,35.17739],[129.10723,35.17747],[129.10721,35.17769],[129.10721,35.17778],[129.10718,35.17811],[129.10783,35.17736],[129.10795,35.17723],[129.10957,35.17623],[129.11057,35.17604],[129.1111,35.17594],[129.1123,35.17717],[129.11356,35.17953],[129.11415,35.1807],[129.11418,35.18076],[129.11496,35.1826],[129.11516,35.18318],[129.11552,35.18783],[129.11845,35.18178],[129.11926,35.1785],[129.11926,35.17675],[129.12106,35.17465]]]]}},{"type":"Feature","properties":{"adm_cd":"21140560","adm_nm":"부산광역시 수영구 광안1동"},"geometry":{"type":"MultiPolygon","coordinates":[[[[129.11876,35.16485],[129.12096,35.15865],[129.11354,35.15975],[129.11361,35.16001],[129.1137,35.16036],[129.11366,35.16037],[129.11273,35.16065],[129.11258,35.16066],[129.11207,35.16066],[129.11059,35.16061],[129.11041,35.15924],[129.10857,35.1595],[129.10799,35.1598],[129.10814,35.16066],[129.10695,35.16084],[129.1062,35.16093],[129.10521,35.16105],[129.10046,35.16101],[129.09753,35.16027],[129.096,35.15987],[129.09554,35.16033],[129.09482,35.16174],[129.09519,35.16213],[129.09658,35.163],[129.0969,35.16293],[129.09693,35.16292],[129.09823,35.1626],[129.09945,35.16226],[129.10146,35.16247],[129.10208,35.16264],[129.10259,35.1629],[129.10309,35.16334],[129.10331,35.16369],[129.10403,35.16563],[129.10396,35.16595],[129.10749,35.16573],[129.10827,35.16571],[129.10859,35.16579],[129.10889,35.16644],[129.10895,35.16659],[129.10918,35.16654],[129.11,35.16636],[129.11007,35.16632],[129.11068,35.16603],[129.11112,35.16579],[129.11123,35.16573],[129.11203,35.16615],[129.11208,35.16618],[129.1126,35.16645],[129.11455,35.16522],[129.11585,35.16503],[129.11816,35.1647],[129.11876,35.16485]]]]}},{"type":"Feature","properties":{"adm_cd":"21140570","adm_nm":"부산광역시 수영구 광안2동"},"geometry":{"type":"MultiPolygon","coordinates":[[[[129.12096,35.15865],[129.12018,35.15765],[129.11912,35.15627],[129.11811,35.15497],[129.11955,35.15429],[129.11962,35.15426],[129.12033,35.15398],[129.12011,35.15389],[129.1193,35.15343],[129.11813,35.15249],[129.11759,35.152],[129.1159,35.14969],[129.11542,35.14881],[129.11526,35.14852],[129.11514,35.14799],[129.11346,35.14894],[129.11119,35.15058],[129.1124,35.15469],[129.11242,35.15477],[129.11273,35.15597],[129.11281,35.15631],[129.11298,35.15709],[129.11333,35.15873],[129.11354,35.15975],[129.12096,35.15865]]]]}},{"type":"Feature","properties":{"adm_cd":"21140580","adm_nm":"부산광역시 수영구 광안3동"},"geometry":{"type":"MultiPolygon","coordinates":[[[[129.10924,35.1716],[129.10954,35.17161],[129.10957,35.17115],[129.11049,35.1705],[129.11165,35.16969],[129.11436,35.1679],[129.1148,35.16771],[129.11546,35.16762],[129.11569,35.16761],[129.11597,35.16762],[129.11662,35.16782],[129.11677,35.16787],[129.11726,35.16803],[129.11737,35.16806],[129.11885,35.16852],[129.11948,35.16843],[129.1202,35.16834],[129.11788,35.16745],[129.11829,35.16621],[129.11857,35.16541],[129.11876,35.16485],[129.11816,35.1647],[129.11585,35.16503],[129.11455,35.16522],[129.1126,35.16645],[129.11208,35.16618],[129.11203,35.16615],[129.11123,35.16573],[129.11112,35.16579],[129.11068,35.16603],[129.11007,35.16632],[129.11,35.16636],[129.10918,35.16654],[129.10895,35.16659],[129.10889,35.16644],[129.10859,35.16579],[129.10827,35.16571],[129.10749,35.16573],[129.10396,35.16595],[129.1036,35.16683],[129.1052,35.16958],[129.10728,35.17178],[129.10864,35.17155],[129.10924,35.1716]]]]}},{"type":"Feature","properties":{"adm_cd":"21140590","adm_nm":"부산광역시 수영구 광안4동"},"geometry":{"type":"MultiPolygon","coordinates":[[[[129.11354,35.15975],[129.11333,35.15873],[129.11298,35.15709],[129.11281,35.15631],[129.11273,35.15597],[129.11242,35.15477],[129.1124,35.15469],[129.11119,35.15058],[129.11087,35.15043],[129.10901,35.15006],[129.10807,35.1499],[129.10377,35.15031],[129.10238,35.15054],[129.10164,35.15069],[129.10015,35.15255],[129.09911,35.15405],[129.09823,35.15534],[129.09812,35.15554],[129.09797,35.15581],[129.096,35.15987],[129.09753,35.16027],[129.10046,35.16101],[129.10521,35.16105],[129.1062,35.16093],[129.10695,35.16084],[129.10814,35.16066],[129.10799,35.1598],[129.10857,35.1595],[129.11041,35.15924],[129.11059,35.16061],[129.11207,35.16066],[129.11258,35.16066],[129.11273,35.16065],[129.11366,35.16037],[129.1137,35.16036],[129.11361,35.16001],[129.11354,35.15975]]]]}},{"type":"Feature","properties":{"adm_cd":"21140600","adm_nm":"부산광역시 수영구 민락동"},"geometry":{"type":"MultiPolygon","coordinates":[[[[129.12658,35.16603],[129.13026,35.16377],[129.13095,35.16329],[129.13133,35.16297],[129.13245,35.16171],[129.1317,35.16138],[129.13114,35.16113],[129.13335,35.15859],[129.13402,35.15797],[129.1346,35.15744],[129.13521,35.15664],[129.13528,35.15566],[129.13478,35.15505],[129.13437,35.15471],[129.1274,35.15245],[129.12453,35.15233],[129.12431,35.15294],[129.12374,35.1545],[129.12233,35.15456],[129.12224,35.15455],[129.12155,35.15446],[129.12082,35.15423],[129.12033,35.15398],[129.11962,35.15426],[129.11955,35.15429],[129.11811,35.15497],[129.11912,35.15627],[129.12018,35.15765],[129.12096,35.15865],[129.11876,35.16485],[129.11857,35.16541],[129.11829,35.16621],[129.11788,35.16745],[129.1202,35.16834],[129.12133,35.16769],[129.12326,35.16608],[129.12416,35.16576],[129.12432,35.16571],[129.12489,35.16552],[129.1252,35.16551],[129.1254,35.16552],[129.12658,35.16603]]]]}},{"type":"Feature","properties":{"adm_cd":"21150510","adm_nm":"부산광역시 사상구 삼락동"},"geometry":{"type":"MultiPolygon","coordinates":[[[[128.98795,35.1959],[128.98766,35.19429],[128.98761,35.19401],[128.98755,35.19374],[128.98712,35.19353],[128.98677,35.19335],[128.98608,35.19302],[128.98605,35.19299],[128.98357,35.19051],[128.98343,35.18998],[128.98171,35.18279],[128.98154,35.18206],[128.98165,35.18204],[128.98097,35.17913],[128.98012,35.17554],[128.98027,35.17345],[128.9814,35.17252],[128.98038,35.1686],[128.98033,35.16863],[128.98017,35.16871],[128.97876,35.16942],[128.97859,35.16947],[128.97856,35.16948],[128.97819,35.16952],[128.978,35.16954],[128.97668,35.16962],[128.97664,35.16912],[128.97664,35.16901],[128.97661,35.16857],[128.97658,35.16808],[128.97641,35.16698],[128.97625,35.16586],[128.97604,35.16472],[128.97576,35.16352],[128.97564,35.16308],[128.97552,35.16264],[128.97528,35.16184],[128.9752,35.16158],[128.97511,35.1613],[128.97487,35.16053],[128.97461,35.16041],[128.97402,35.16007],[128.97342,35.15972],[128.97325,35.15961],[128.97217,35.15824],[128.9694,35.15308],[128.96936,35.15292],[128.96929,35.15264],[128.96891,35.15001],[128.96842,35.14844],[128.96752,35.14557],[128.96651,35.14421],[128.96476,35.14415],[128.96246,35.14333],[128.96082,35.14254],[128.96004,35.14657],[128.95953,35.14924],[128.96059,35.15447],[128.96242,35.16349],[128.96265,35.1729],[128.96256,35.1741],[128.96249,35.17516],[128.96216,35.17986],[128.96201,35.18198],[128.96552,35.18646],[128.96602,35.18676],[128.97248,35.19068],[128.9784,35.19428],[128.98132,35.19605],[128.98207,35.1965],[128.98315,35.19639],[128.98485,35.19622],[128.98668,35.19603],[128.98819,35.19724],[128.98804,35.19641],[128.98795,35.1959]]]]}},{"type":"Feature","properties":{"adm_cd":"21150520","adm_nm":"부산광역시 사상구 모라1동"},"geometry":{"type":"MultiPolygon","coordinates":[[[[129.00061,35.19166],[128.99947,35.19073],[128.99434,35.185],[128.99315,35.18322],[128.99297,35.18269],[128.99293,35.18265],[128.99192,35.18177],[128.9913,35.18136],[128.98799,35.18077],[128.98165,35.18204],[128.98154,35.18206],[128.98171,35.18279],[128.98343,35.18998],[128.98357,35.19051],[128.98605,35.19299],[128.98608,35.19302],[128.98677,35.19335],[128.98712,35.19353],[128.98755,35.19374],[128.98761,35.19401],[128.98766,35.19429],[128.98795,35.1959],[128.99112,35.19382],[128.99142,35.19401],[128.99159,35.1941],[128.99392,35.19526],[128.99397,35.19524],[128.99424,35.19513],[128.99496,35.19479],[128.99548,35.19386],[128.99821,35.1923],[129.00061,35.19166]]]]}},{"type":"Feature","properties":{"adm_cd":"21150540","adm_nm":"부산광역시 사상구 모라3동"},"geometry":{"type":"MultiPolygon","coordinates":[[[[129.02114,35.18775],[129.0217,35.18419],[129.02173,35.18356],[129.02175,35.18352],[129.02189,35.18329],[129.02221,35.18316],[129.02231,35.18315],[129.02256,35.18311],[129.02357,35.183],[129.0238,35.18304],[129.02369,35.18159],[129.02364,35.18092],[129.02356,35.18074],[129.0235,35.18064],[129.02252,35.17911],[129.0215,35.17832],[129.01996,35.17931],[129.01972,35.17971],[129.01952,35.17986],[129.01786,35.17933],[129.01668,35.17859],[129.01618,35.17798],[129.01594,35.1777],[129.01138,35.17411],[129.01017,35.17361],[129.00996,35.17406],[129.00945,35.17461],[129.00914,35.17476],[129.0083,35.1749],[129.00224,35.17564],[128.99904,35.17577],[128.99858,35.17597],[128.99885,35.17736],[128.99886,35.17746],[128.9968,35.17937],[128.99614,35.17982],[128.99576,35.17998],[128.99557,35.18005],[128.99501,35.18017],[128.99452,35.18023],[128.99283,35.18032],[128.9913,35.18136],[128.99192,35.18177],[128.99293,35.18265],[128.99297,35.18269],[128.99315,35.18322],[128.99434,35.185],[128.99947,35.19073],[129.00061,35.19166],[129.00171,35.19281],[129.00332,35.19272],[129.00551,35.19261],[129.00729,35.19252],[129.0077,35.1925],[129.00759,35.19224],[129.00735,35.19168],[129.00721,35.19045],[129.00786,35.1895],[129.00826,35.18901],[129.00911,35.18881],[129.01158,35.18892],[129.01599,35.18931],[129.01682,35.1889],[129.01708,35.1886],[129.01793,35.18827],[129.01938,35.18778],[129.02052,35.18759],[129.02068,35.1876],[129.02114,35.18775]]]]}},{"type":"Feature","properties":{"adm_cd":"21150550","adm_nm":"부산광역시 사상구 덕포1동"},"geometry":{"type":"MultiPolygon","coordinates":[[[[128.99521,35.17185],[128.99524,35.1706],[128.99521,35.17043],[128.99515,35.17027],[128.99351,35.16858],[128.99333,35.16848],[128.99237,35.16795],[128.9898,35.16713],[128.9891,35.16711],[128.98349,35.1673],[128.98332,35.16734],[128.98265,35.16751],[128.98248,35.16758],[128.98202,35.16779],[128.98154,35.16801],[128.98093,35.16831],[128.98088,35.16834],[128.98038,35.1686],[128.9814,35.17252],[128.98308,35.17232],[128.98352,35.17232],[128.98424,35.17228],[128.98494,35.17223],[128.98562,35.17218],[128.9859,35.17215],[128.98796,35.17194],[128.98865,35.17153],[128.9897,35.17092],[128.99297,35.17111],[128.99365,35.17116],[128.99439,35.17126],[128.99521,35.17185]]]]}},{"type":"Feature","properties":{"adm_cd":"21150560","adm_nm":"부산광역시 사상구 덕포2동"},"geometry":{"type":"MultiPolygon","coordinates":[[[[128.9913,35.18136],[128.99283,35.18032],[128.99452,35.18023],[128.99501,35.18017],[128.99557,35.18005],[128.99576,35.17998],[128.99614,35.17982],[128.9968,35.17937],[128.99886,35.17746],[128.99885,35.17736],[128.99858,35.17597],[128.99521,35.17185],[128.99439,35.17126],[128.99365,35.17116],[128.99297,35.17111],[128.9897,35.17092],[128.98865,35.17153],[128.98796,35.17194],[128.9859,35.17215],[128.98562,35.17218],[128.98494,35.17223],[128.98424,35.17228],[128.98352,35.17232],[128.98308,35.17232],[128.9814,35.17252],[128.98027,35.17345],[128.98012,35.17554],[128.98097,35.17913],[128.98165,35.18204],[128.98799,35.18077],[128.9913,35.18136]]]]}},{"type":"Feature","properties":{"adm_cd":"21150570","adm_nm":"부산광역시 사상구 괘법동"},"geometry":{"type":"MultiPolygon","coordinates":[[[[129.01017,35.17361],[129.01009,35.17036],[129.0094,35.16909],[129.00795,35.16666],[129.00778,35.16641],[129.00739,35.1662],[129.00683,35.16596],[129.00608,35.16525],[129.00603,35.16515],[129.00586,35.16447],[129.00552,35.16393],[129.00492,35.16309],[129.00435,35.16253],[129.00332,35.16157],[129.00304,35.16133],[129.00289,35.16129],[129.00275,35.1613],[129.00248,35.16142],[129.00244,35.16143],[129.00163,35.16177],[129.00027,35.16211],[129.0001,35.16207],[128.9997,35.16187],[128.99644,35.16213],[128.99607,35.16253],[128.99576,35.16288],[128.99527,35.16324],[128.99408,35.16319],[128.99404,35.16277],[128.99382,35.16217],[128.99345,35.16141],[128.99059,35.15893],[128.99043,35.15889],[128.99012,35.15883],[128.98991,35.15894],[128.9897,35.15933],[128.98912,35.15942],[128.98834,35.15954],[128.98826,35.15955],[128.98658,35.15867],[128.98606,35.15808],[128.9859,35.15756],[128.98575,35.15708],[128.97569,35.15917],[128.97578,35.15945],[128.97589,35.15987],[128.976,35.16034],[128.97504,35.1605],[128.97487,35.16053],[128.97511,35.1613],[128.9752,35.16158],[128.97528,35.16184],[128.97552,35.16264],[128.97564,35.16308],[128.97576,35.16352],[128.97604,35.16472],[128.97625,35.16586],[128.97641,35.16698],[128.97658,35.16808],[128.97661,35.16857],[128.97664,35.16901],[128.97664,35.16912],[128.97668,35.16962],[128.978,35.16954],[128.97819,35.16952],[128.97856,35.16948],[128.97859,35.16947],[128.97876,35.16942],[128.98017,35.16871],[128.98033,35.16863],[128.98038,35.1686],[128.98088,35.16834],[128.98093,35.16831],[128.98154,35.16801],[128.98202,35.16779],[128.98248,35.16758],[128.98265,35.16751],[128.98332,35.16734],[128.98349,35.1673],[128.9891,35.16711],[128.9898,35.16713],[128.99237,35.16795],[128.99333,35.16848],[128.99351,35.16858],[128.99515,35.17027],[128.99521,35.17043],[128.99524,35.1706],[128.99521,35.17185],[128.99858,35.17597],[128.99904,35.17577],[129.00224,35.17564],[129.0083,35.1749],[129.00914,35.17476],[129.00945,35.17461],[129.00996,35.17406],[129.01017,35.17361]]]]}},{"type":"Feature","properties":{"adm_cd":"21150600","adm_nm":"부산광역시 사상구 주례1동"},"geometry":{"type":"MultiPolygon","coordinates":[[[[129.00604,35.1508],[128.99767,35.15002],[128.99174,35.14965],[128.99206,35.15096],[128.9929,35.15428],[128.99415,35.15603],[128.99503,35.15709],[128.99611,35.15742],[128.99694,35.158],[128.9977,35.15857],[128.99907,35.16044],[128.9997,35.16187],[129.0001,35.16207],[129.00027,35.16211],[129.00163,35.16177],[129.00244,35.16143],[129.00248,35.16142],[129.00275,35.1613],[129.00289,35.16129],[129.00304,35.16133],[129.00332,35.16157],[129.00435,35.16253],[129.00492,35.16309],[129.00552,35.16393],[129.00586,35.16447],[129.0078,35.16376],[129.00793,35.16366],[129.00797,35.16351],[129.00677,35.16126],[129.00581,35.15837],[129.00512,35.15566],[129.00544,35.15178],[129.00553,35.15152],[129.0056,35.15135],[129.00586,35.15091],[129.00588,35.15088],[129.00604,35.1508]]]]}},{"type":"Feature","properties":{"adm_cd":"21150610","adm_nm":"부산광역시 사상구 주례2동"},"geometry":{"type":"MultiPolygon","coordinates":[[[[129.01284,35.16567],[129.01163,35.16384],[129.01103,35.16272],[129.01064,35.16015],[129.01302,35.15835],[129.01377,35.15788],[129.01408,35.15768],[129.01413,35.15765],[129.01436,35.15749],[129.01458,35.15732],[129.01482,35.15711],[129.01488,35.15704],[129.015,35.1569],[129.01522,35.15666],[129.01594,35.15571],[129.01631,35.15464],[129.01649,35.15406],[129.01663,35.1531],[129.01667,35.15281],[129.01619,35.14825],[129.01568,35.14693],[129.01578,35.14382],[129.01623,35.14337],[129.01625,35.14314],[129.01621,35.14252],[129.01615,35.14224],[129.01602,35.14207],[129.01456,35.14023],[129.01425,35.13987],[129.0131,35.13872],[129.01279,35.13847],[129.01229,35.1383],[129.01132,35.13819],[129.00658,35.13939],[129.00625,35.14279],[129.00635,35.14448],[129.00677,35.1457],[129.00791,35.14588],[129.00787,35.14657],[129.00782,35.14705],[129.0078,35.1472],[129.00774,35.14775],[129.00756,35.14896],[129.00732,35.14961],[129.00682,35.15017],[129.00661,35.15037],[129.00634,35.15058],[129.00613,35.15074],[129.00604,35.1508],[129.00588,35.15088],[129.00586,35.15091],[129.0056,35.15135],[129.00553,35.15152],[129.00544,35.15178],[129.00512,35.15566],[129.00581,35.15837],[129.00677,35.16126],[129.00797,35.16351],[129.00793,35.16366],[129.0078,35.16376],[129.00586,35.16447],[129.00603,35.16515],[129.00608,35.16525],[129.00683,35.16596],[129.00739,35.1662],[129.00778,35.16641],[129.00795,35.16666],[129.0094,35.16909],[129.01009,35.17036],[129.01123,35.16937],[129.0115,35.1691],[129.0117,35.16881],[129.01181,35.16844],[129.01184,35.168],[129.01176,35.16782],[129.01165,35.16762],[129.0117,35.16738],[129.01249,35.16605],[129.01284,35.16567]]]]}},{"type":"Feature","properties":{"adm_cd":"21150620","adm_nm":"부산광역시 사상구 주례3동"},"geometry":{"type":"MultiPolygon","coordinates":[[[[129.00658,35.13939],[129.00474,35.13944],[129.00452,35.13951],[129.00431,35.13973],[129.00421,35.1398],[129.00328,35.14041],[129.00311,35.14051],[129.00269,35.1406],[128.99837,35.14077],[128.99638,35.14049],[128.9953,35.14059],[128.99404,35.14472],[128.99408,35.14615],[128.9944,35.14631],[128.99474,35.14648],[128.99603,35.14717],[128.99625,35.14729],[128.99732,35.14789],[128.99746,35.14798],[128.99767,35.15002],[129.00604,35.1508],[129.00613,35.15074],[129.00634,35.15058],[129.00661,35.15037],[129.00682,35.15017],[129.00732,35.14961],[129.00756,35.14896],[129.00774,35.14775],[129.0078,35.1472],[129.00782,35.14705],[129.00787,35.14657],[129.00791,35.14588],[129.00677,35.1457],[129.00635,35.14448],[129.00625,35.14279],[129.00658,35.13939]]]]}},{"type":"Feature","properties":{"adm_cd":"21150630","adm_nm":"부산광역시 사상구 학장동"},"geometry":{"type":"MultiPolygon","coordinates":[[[[128.99174,35.14965],[128.99767,35.15002],[128.99746,35.14798],[128.99732,35.14789],[128.99625,35.14729],[128.99603,35.14717],[128.99474,35.14648],[128.9944,35.14631],[128.99408,35.14615],[128.99404,35.14472],[128.9953,35.14059],[128.99638,35.14049],[128.99837,35.14077],[129.00269,35.1406],[129.00311,35.14051],[129.00328,35.14041],[129.00421,35.1398],[129.00431,35.13973],[129.00452,35.13951],[129.00295,35.13493],[129.00239,35.12901],[129.00225,35.12743],[129.0016,35.1265],[129.00104,35.12632],[128.99961,35.12585],[128.99844,35.12467],[128.99797,35.12255],[128.99495,35.12315],[128.99306,35.12318],[128.99282,35.12321],[128.99024,35.12359],[128.98978,35.1237],[128.98769,35.12493],[128.98798,35.12647],[128.98798,35.12655],[128.98795,35.12687],[128.98792,35.12716],[128.98788,35.12743],[128.98728,35.12903],[128.98716,35.12925],[128.9851,35.13149],[128.98503,35.13156],[128.98434,35.13218],[128.98417,35.13231],[128.98396,35.13238],[128.98208,35.1328],[128.98152,35.1328],[128.97844,35.1345],[128.97742,35.13547],[128.97707,35.13577],[128.97589,35.13634],[128.97518,35.13626],[128.9742,35.13538],[128.97381,35.135],[128.97373,35.13492],[128.97364,35.1348],[128.97291,35.13347],[128.97217,35.13385],[128.97253,35.1378],[128.97275,35.13835],[128.9732,35.13947],[128.97327,35.1396],[128.97335,35.13974],[128.97392,35.1405],[128.97428,35.14097],[128.97462,35.14143],[128.97478,35.14174],[128.97524,35.14275],[128.97525,35.14278],[128.97526,35.14281],[128.97536,35.14308],[128.97591,35.14848],[128.97605,35.15017],[128.97608,35.15042],[128.97621,35.15152],[128.97623,35.15155],[128.97628,35.15156],[128.97646,35.1516],[128.97654,35.15159],[128.977,35.15157],[128.97775,35.15148],[128.98198,35.15077],[128.98314,35.15057],[128.98404,35.15041],[128.9873,35.14984],[128.98941,35.14947],[128.99174,35.14965]]]]}},{"type":"Feature","properties":{"adm_cd":"21150640","adm_nm":"부산광역시 사상구 엄궁동"},"geometry":{"type":"MultiPolygon","coordinates":[[[[128.97291,35.13347],[128.97364,35.1348],[128.97373,35.13492],[128.97381,35.135],[128.9742,35.13538],[128.97518,35.13626],[128.97589,35.13634],[128.97707,35.13577],[128.97742,35.13547],[128.97844,35.1345],[128.98152,35.1328],[128.98208,35.1328],[128.98396,35.13238],[128.98417,35.13231],[128.98434,35.13218],[128.98503,35.13156],[128.9851,35.13149],[128.98716,35.12925],[128.98728,35.12903],[128.98788,35.12743],[128.98792,35.12716],[128.98795,35.12687],[128.98798,35.12655],[128.98798,35.12647],[128.98769,35.12493],[128.98758,35.12444],[128.98751,35.12419],[128.98736,35.1239],[128.98727,35.12379],[128.98715,35.12363],[128.98674,35.12313],[128.98553,35.12201],[128.98422,35.12113],[128.98234,35.11978],[128.98227,35.11971],[128.98215,35.1196],[128.98189,35.11936],[128.98178,35.11906],[128.9817,35.11871],[128.98159,35.11824],[128.98153,35.11811],[128.98039,35.11719],[128.97982,35.11675],[128.9763,35.1168],[128.97618,35.11682],[128.97612,35.11683],[128.97579,35.11693],[128.97495,35.11761],[128.9689,35.12092],[128.96781,35.12113],[128.96741,35.12121],[128.96633,35.12142],[128.96371,35.12172],[128.96368,35.12167],[128.96362,35.12157],[128.9633,35.12065],[128.96315,35.12016],[128.9615,35.11991],[128.96096,35.12003],[128.95991,35.12028],[128.95826,35.12309],[128.95688,35.12731],[128.96057,35.13718],[128.96453,35.13725],[128.96696,35.13511],[128.96704,35.13474],[128.96712,35.13442],[128.96719,35.13412],[128.9672,35.13408],[128.96728,35.13377],[128.96738,35.1334],[128.96749,35.13309],[128.96757,35.13286],[128.96758,35.13283],[128.96769,35.13263],[128.96775,35.1325],[128.96789,35.13223],[128.96815,35.13189],[128.9689,35.13108],[128.96945,35.13073],[128.9702,35.13033],[128.97196,35.13183],[128.97199,35.13187],[128.97225,35.13228],[128.97291,35.13347]]]]}},{"type":"Feature","properties":{"adm_cd":"21150650","adm_nm":"부산광역시 사상구 감전동"},"geometry":{"type":"MultiPolygon","coordinates":[[[[128.9997,35.16187],[128.99907,35.16044],[128.9977,35.15857],[128.99694,35.158],[128.99611,35.15742],[128.99503,35.15709],[128.99415,35.15603],[128.9929,35.15428],[128.99206,35.15096],[128.99174,35.14965],[128.98941,35.14947],[128.9873,35.14984],[128.98404,35.15041],[128.98314,35.15057],[128.98198,35.15077],[128.97775,35.15148],[128.977,35.15157],[128.97654,35.15159],[128.97646,35.1516],[128.97628,35.15156],[128.97623,35.15155],[128.97621,35.15152],[128.97608,35.15042],[128.97605,35.15017],[128.97591,35.14848],[128.97536,35.14308],[128.97526,35.14281],[128.97525,35.14278],[128.97524,35.14275],[128.97478,35.14174],[128.97462,35.14143],[128.97428,35.14097],[128.97392,35.1405],[128.97335,35.13974],[128.97327,35.1396],[128.9732,35.13947],[128.97275,35.13835],[128.97253,35.1378],[128.97217,35.13385],[128.97291,35.13347],[128.97225,35.13228],[128.97199,35.13187],[128.97196,35.13183],[128.9702,35.13033],[128.96945,35.13073],[128.9689,35.13108],[128.96815,35.13189],[128.96789,35.13223],[128.96775,35.1325],[128.96769,35.13263],[128.96758,35.13283],[128.96757,35.13286],[128.96749,35.13309],[128.96738,35.1334],[128.96728,35.13377],[128.9672,35.13408],[128.96719,35.13412],[128.96712,35.13442],[128.96704,35.13474],[128.96696,35.13511],[128.96453,35.13725],[128.96057,35.13718],[128.96142,35.13944],[128.96121,35.14051],[128.96082,35.14254],[128.96246,35.14333],[128.96476,35.14415],[128.96651,35.14421],[128.96752,35.14557],[128.96842,35.14844],[128.96891,35.15001],[128.96929,35.15264],[128.96936,35.15292],[128.9694,35.15308],[128.97217,35.15824],[128.97325,35.15961],[128.97342,35.15972],[128.97402,35.16007],[128.97461,35.16041],[128.97487,35.16053],[128.97504,35.1605],[128.976,35.16034],[128.97589,35.15987],[128.97578,35.15945],[128.97569,35.15917],[128.98575,35.15708],[128.9859,35.15756],[128.98606,35.15808],[128.98658,35.15867],[128.98826,35.15955],[128.98834,35.15954],[128.98912,35.15942],[128.9897,35.15933],[128.98991,35.15894],[128.99012,35.15883],[128.99043,35.15889],[128.99059,35.15893],[128.99345,35.16141],[128.99382,35.16217],[128.99404,35.16277],[128.99408,35.16319],[128.99527,35.16324],[128.99576,35.16288],[128.99607,35.16253],[128.99644,35.16213],[128.9997,35.16187]]]]}},{"type":"Feature","properties":{"adm_cd":"21510110","adm_nm":"부산광역시 기장군 기장읍"},"geometry":{"type":"MultiPolygon","coordinates":[[[[129.25291,35.25225],[129.25336,35.25017],[129.25338,35.24667],[129.25185,35.24462],[129.24828,35.24331],[129.24803,35.24178],[129.2483,35.24085],[129.24856,35.23995],[129.24682,35.23774],[129.24622,35.23728],[129.24574,35.23707],[129.24511,35.23497],[129.24545,35.23389],[129.24574,35.23114],[129.24555,35.23069],[129.24546,35.23045],[129.24376,35.22992],[129.24168,35.22897],[129.24107,35.22799],[129.2421,35.22706],[129.24234,35.22624],[129.2404,35.22274],[129.23892,35.22052],[129.23658,35.21962],[129.23584,35.2195],[129.23123,35.22068],[129.23054,35.22163],[129.22846,35.22071],[129.22847,35.22049],[129.22853,35.21933],[129.23,35.21931],[129.23073,35.21925],[129.23323,35.21447],[129.23321,35.2144],[129.23014,35.20453],[129.23006,35.20427],[129.23152,35.20191],[129.23183,35.20147],[129.23015,35.19573],[129.22731,35.1927],[129.22573,35.19187],[129.22382,35.18999],[129.22411,35.18925],[129.22454,35.18803],[129.22504,35.1863],[129.22475,35.18573],[129.22183,35.18419],[129.22026,35.18362],[129.21933,35.18376],[129.21892,35.18405],[129.21812,35.18493],[129.21777,35.18634],[129.21467,35.18655],[129.21362,35.18581],[129.21336,35.18562],[129.21343,35.18527],[129.21393,35.18507],[129.21391,35.18431],[129.21348,35.18294],[129.21281,35.18088],[129.21234,35.18083],[129.21169,35.18113],[129.21085,35.18168],[129.21082,35.1821],[129.21094,35.18229],[129.21083,35.18245],[129.21033,35.18252],[129.20833,35.18205],[129.20792,35.18194],[129.20786,35.18207],[129.2076,35.18258],[129.20689,35.18587],[129.20632,35.19128],[129.20634,35.19157],[129.20658,35.1921],[129.20686,35.19262],[129.20715,35.19334],[129.20731,35.19401],[129.20745,35.19456],[129.20667,35.19705],[129.20426,35.19833],[129.19945,35.20069],[129.19839,35.20083],[129.19767,35.20062],[129.19728,35.20047],[129.19687,35.20032],[129.1947,35.19896],[129.19386,35.19811],[129.19366,35.19581],[129.19352,35.19507],[129.19081,35.19291],[129.18904,35.18996],[129.18819,35.18934],[129.18638,35.18947],[129.18378,35.18972],[129.18332,35.19072],[129.18564,35.19549],[129.18432,35.19658],[129.18262,35.19798],[129.17963,35.1979],[129.17474,35.20095],[129.17247,35.20202],[129.1714,35.20187],[129.17008,35.20096],[129.16937,35.20098],[129.16504,35.20311],[129.16425,35.20485],[129.16298,35.20597],[129.16026,35.20629],[129.16009,35.20817],[129.15976,35.20969],[129.16045,35.21184],[129.16203,35.21256],[129.16474,35.21494],[129.1654,35.21614],[129.16613,35.21821],[129.16621,35.21847],[129.16623,35.21857],[129.1662,35.21874],[129.1661,35.21911],[129.16642,35.21918],[129.16712,35.21928],[129.16736,35.21932],[129.16761,35.21932],[129.16784,35.21931],[129.16909,35.21916],[129.16922,35.21913],[129.16943,35.21907],[129.1697,35.21894],[129.17,35.21878],[129.17028,35.21868],[129.17052,35.21861],[129.17071,35.2186],[129.17087,35.2186],[129.17101,35.21863],[129.17402,35.21912],[129.17434,35.21923],[129.17498,35.21947],[129.17504,35.21951],[129.17515,35.2196],[129.17539,35.21988],[129.1756,35.22022],[129.17885,35.2235],[129.18141,35.22574],[129.18156,35.22587],[129.1828,35.22686],[129.18285,35.22689],[129.18297,35.2269],[129.18308,35.2269],[129.18485,35.22727],[129.18752,35.22902],[129.18758,35.22907],[129.18762,35.22912],[129.18909,35.23112],[129.18912,35.23123],[129.18912,35.23141],[129.18912,35.23157],[129.1905,35.2378],[129.1918,35.24024],[129.19343,35.24168],[129.19353,35.2418],[129.19357,35.24192],[129.1936,35.24204],[129.1936,35.24208],[129.19359,35.24213],[129.19358,35.24223],[129.19351,35.24244],[129.19327,35.24313],[129.19168,35.24737],[129.19157,35.2476],[129.19142,35.24783],[129.19121,35.24808],[129.19102,35.2483],[129.19076,35.24859],[129.19034,35.24904],[129.19019,35.24916],[129.19006,35.24927],[129.18983,35.2494],[129.18955,35.24955],[129.18886,35.24984],[129.18861,35.24992],[129.18833,35.25005],[129.18795,35.25026],[129.18739,35.25063],[129.18712,35.2509],[129.18702,35.25102],[129.18694,35.25122],[129.18671,35.25186],[129.18669,35.252],[129.1866,35.25476],[129.1866,35.25483],[129.18862,35.26112],[129.18979,35.26397],[129.19169,35.26538],[129.19201,35.2651],[129.19211,35.26503],[129.19278,35.26471],[129.19293,35.26466],[129.19309,35.26462],[129.19323,35.26464],[129.19476,35.26517],[129.19486,35.26522],[129.19496,35.26531],[129.19504,35.26542],[129.19513,35.26556],[129.19519,35.26567],[129.19598,35.26758],[129.19802,35.26854],[129.19844,35.26869],[129.19872,35.26875],[129.199,35.26879],[129.19949,35.26883],[129.20007,35.26886],[129.20638,35.26918],[129.20649,35.26918],[129.20659,35.26917],[129.20672,35.26904],[129.20681,35.26888],[129.20692,35.26862],[129.20717,35.26772],[129.20726,35.26724],[129.20737,35.26653],[129.20738,35.26638],[129.20737,35.26581],[129.20734,35.26565],[129.20729,35.26552],[129.20714,35.26524],[129.20707,35.26509],[129.20702,35.26492],[129.207,35.26481],[129.20699,35.26468],[129.20848,35.26218],[129.20861,35.26199],[129.20943,35.26102],[129.21013,35.26028],[129.21035,35.26009],[129.21059,35.25996],[129.21197,35.25957],[129.21217,35.25952],[129.21288,35.2595],[129.2131,35.25951],[129.21532,35.25913],[129.21899,35.25791],[129.21982,35.25751],[129.21984,35.25748],[129.21991,35.25742],[129.21997,35.25729],[129.22009,35.25677],[129.21994,35.2565],[129.21988,35.25629],[129.21986,35.25554],[129.21994,35.25522],[129.22007,35.2549],[129.22045,35.25464],[129.22566,35.25149],[129.2273,35.25188],[129.22857,35.25409],[129.22868,35.25418],[129.22901,35.25426],[129.2294,35.25426],[129.22977,35.25421],[129.23019,35.25409],[129.23054,35.25395],[129.23109,35.25366],[129.23128,35.2536],[129.23141,35.25362],[129.23175,35.25375],[129.23415,35.25533],[129.23484,35.25603],[129.2351,35.2562],[129.23585,35.25621],[129.23619,35.2562],[129.23891,35.25585],[129.24065,35.25556],[129.24132,35.25519],[129.24204,35.25449],[129.24582,35.2537],[129.24682,35.25401],[129.24987,35.25313],[129.25291,35.25225]]]]}},{"type":"Feature","properties":{"adm_cd":"21510120","adm_nm":"부산광역시 기장군 장안읍"},"geometry":{"type":"MultiPolygon","coordinates":[[[[129.20297,35.38787],[129.20315,35.38583],[129.20321,35.3855],[129.2034,35.38515],[129.20431,35.38429],[129.20871,35.38117],[129.20903,35.381],[129.21095,35.38044],[129.21736,35.37869],[129.21772,35.37867],[129.22198,35.3793],[129.22267,35.37941],[129.22295,35.37947],[129.22335,35.37962],[129.22408,35.38005],[129.22628,35.3806],[129.2304,35.38147],[129.2312,35.38161],[129.23235,35.38122],[129.23282,35.38091],[129.23369,35.3806],[129.23564,35.38031],[129.23581,35.38039],[129.23617,35.38092],[129.23669,35.38227],[129.24131,35.38558],[129.24164,35.3857],[129.24196,35.38565],[129.24736,35.38474],[129.2492,35.38349],[129.25039,35.38376],[129.25095,35.38455],[129.2512,35.38572],[129.25079,35.38615],[129.25091,35.3868],[129.25194,35.38719],[129.252,35.38721],[129.25343,35.38685],[129.25451,35.38648],[129.25457,35.38602],[129.25509,35.38553],[129.25612,35.38485],[129.2562,35.38484],[129.25663,35.38479],[129.25995,35.38464],[129.26234,35.38558],[129.26527,35.38647],[129.26537,35.38627],[129.26581,35.38542],[129.26677,35.38336],[129.26732,35.38145],[129.26827,35.37991],[129.26961,35.37936],[129.27158,35.37785],[129.2725,35.37692],[129.27671,35.3724],[129.27731,35.37132],[129.2776,35.37018],[129.27856,35.36788],[129.27971,35.36578],[129.28091,35.36556],[129.28318,35.36523],[129.28351,35.36271],[129.28326,35.36251],[129.28255,35.36192],[129.28099,35.36048],[129.2808,35.35919],[129.28057,35.35611],[129.28244,35.35391],[129.28346,35.35344],[129.28448,35.35227],[129.2846,35.35102],[129.28456,35.35076],[129.28385,35.34597],[129.28377,35.34568],[129.28188,35.34298],[129.28143,35.34257],[129.28029,35.34204],[129.27988,35.3417],[129.27986,35.34151],[129.28246,35.3398],[129.28256,35.33978],[129.28404,35.33947],[129.28428,35.33943],[129.2855,35.3392],[129.28553,35.33923],[129.28585,35.3395],[129.28623,35.33974],[129.2866,35.33997],[129.28917,35.34021],[129.28936,35.34014],[129.29089,35.33866],[129.29118,35.33779],[129.29206,35.33654],[129.29318,35.33595],[129.29654,35.33557],[129.2977,35.33553],[129.29984,35.33495],[129.30088,35.33424],[129.3017,35.3334],[129.30321,35.33182],[129.30336,35.33167],[129.30392,35.33093],[129.30453,35.32951],[129.30359,35.32948],[129.30285,35.32881],[129.30229,35.32831],[129.30197,35.32769],[129.30042,35.32261],[129.30106,35.32219],[129.30241,35.32175],[129.30265,35.32137],[129.30182,35.32032],[129.29904,35.31827],[129.29065,35.3188],[129.28967,35.31815],[129.28868,35.31859],[129.28685,35.31986],[129.28651,35.32036],[129.28702,35.32056],[129.28769,35.32116],[129.28795,35.32322],[129.2873,35.32348],[129.28474,35.32373],[129.28448,35.32618],[129.28446,35.32638],[129.28185,35.32659],[129.27785,35.32558],[129.27776,35.32556],[129.27713,35.3254],[129.27757,35.32469],[129.274,35.32327],[129.27122,35.32275],[129.26887,35.32156],[129.26832,35.32119],[129.26528,35.31911],[129.26295,35.31516],[129.26257,35.31525],[129.2612,35.31558],[129.26097,35.31531],[129.26092,35.31525],[129.25894,35.31289],[129.25622,35.31245],[129.25572,35.31262],[129.2544,35.31309],[129.25323,35.31118],[129.25296,35.30887],[129.25294,35.30869],[129.2516,35.30869],[129.2464,35.3081],[129.24519,35.30778],[129.24486,35.3077],[129.24337,35.30766],[129.24324,35.30767],[129.24312,35.30769],[129.24306,35.30772],[129.24299,35.30775],[129.24292,35.30779],[129.24276,35.30789],[129.24141,35.30887],[129.23993,35.31007],[129.23979,35.31022],[129.23971,35.3103],[129.23912,35.3115],[129.23894,35.31188],[129.2389,35.31198],[129.23887,35.31205],[129.23883,35.31216],[129.23877,35.31232],[129.23798,35.31369],[129.23781,35.31385],[129.23749,35.31408],[129.23688,35.31441],[129.23639,35.31466],[129.2354,35.31515],[129.23477,35.31537],[129.23389,35.31565],[129.23381,35.31566],[129.23355,35.3157],[129.23328,35.31571],[129.2332,35.31571],[129.23264,35.31577],[129.23234,35.31586],[129.23198,35.3161],[129.23014,35.31744],[129.22978,35.31782],[129.22956,35.31813],[129.2294,35.3184],[129.22938,35.31854],[129.22939,35.31864],[129.22948,35.31888],[129.23007,35.31972],[129.23024,35.31952],[129.23046,35.31926],[129.23075,35.31906],[129.23101,35.31891],[129.23161,35.31869],[129.23184,35.31864],[129.23217,35.31864],[129.23238,35.31869],[129.23314,35.31904],[129.23331,35.31919],[129.23385,35.32023],[129.23392,35.32043],[129.23405,35.32133],[129.23375,35.32162],[129.23187,35.32143],[129.23162,35.32191],[129.22976,35.32553],[129.2276,35.32661],[129.22513,35.3272],[129.22088,35.32811],[129.22022,35.32875],[129.21914,35.32935],[129.21868,35.32959],[129.21571,35.33085],[129.21554,35.33087],[129.21537,35.33087],[129.21505,35.33086],[129.2147,35.33082],[129.2143,35.33081],[129.21401,35.33081],[129.21392,35.33081],[129.21386,35.33083],[129.21358,35.331],[129.21339,35.33118],[129.21172,35.33287],[129.21087,35.33382],[129.21086,35.33385],[129.21082,35.3339],[129.2108,35.33397],[129.21067,35.33579],[129.21068,35.33594],[129.21075,35.33611],[129.20812,35.33768],[129.2052,35.33943],[129.20506,35.33947],[129.20382,35.33998],[129.20362,35.34008],[129.20349,35.34016],[129.20343,35.3402],[129.20336,35.3403],[129.2033,35.34051],[129.20255,35.34483],[129.20256,35.34519],[129.20257,35.34543],[129.20263,35.34565],[129.20279,35.34622],[129.20327,35.34769],[129.2042,35.34909],[129.20643,35.35233],[129.20837,35.35671],[129.2084,35.35685],[129.20841,35.35706],[129.20841,35.35735],[129.20839,35.35999],[129.2072,35.36176],[129.2062,35.36385],[129.20612,35.36403],[129.20591,35.36494],[129.20591,35.36506],[129.20597,35.36522],[129.20618,35.36548],[129.20624,35.3656],[129.20627,35.36572],[129.20616,35.36707],[129.20613,35.36719],[129.20487,35.37059],[129.20479,35.37078],[129.20196,35.37493],[129.2007,35.37521],[129.19936,35.37575],[129.1988,35.37688],[129.19875,35.37695],[129.19868,35.37704],[129.19582,35.37982],[129.19573,35.37988],[129.19515,35.38016],[129.19507,35.38018],[129.19489,35.38023],[129.19479,35.38026],[129.1947,35.38029],[129.19463,35.38032],[129.19457,35.38036],[129.19452,35.38039],[129.19447,35.38048],[129.19377,35.38182],[129.19373,35.38194],[129.19372,35.38199],[129.19372,35.38205],[129.19373,35.38208],[129.19451,35.38375],[129.1968,35.38547],[129.19763,35.38627],[129.19911,35.38769],[129.20031,35.38853],[129.20053,35.38867],[129.20118,35.38859],[129.20259,35.38814],[129.20275,35.38806],[129.20287,35.38798],[129.20297,35.38787]]]]}},{"type":"Feature","properties":{"adm_cd":"21510130","adm_nm":"부산광역시 기장군 정관읍"},"geometry":{"type":"MultiPolygon","coordinates":[[[[129.23007,35.31972],[129.23009,35.31987],[129.22997,35.32007],[129.22981,35.32018],[129.22963,35.32022],[129.22945,35.32019],[129.22929,35.3201],[129.22919,35.31999],[129.22776,35.31667],[129.22766,35.31635],[129.22762,35.31607],[129.22756,35.31564],[129.22574,35.31485],[129.22336,35.3141],[129.22244,35.31412],[129.22115,35.3145],[129.22101,35.31455],[129.22087,35.31463],[129.22073,35.31472],[129.22068,35.31476],[129.22059,35.31485],[129.22045,35.31503],[129.22025,35.31527],[129.22018,35.31534],[129.22009,35.31539],[129.21999,35.31543],[129.21939,35.31567],[129.21918,35.31574],[129.21889,35.31584],[129.21872,35.31588],[129.21845,35.31591],[129.21836,35.31591],[129.21822,35.31591],[129.21769,35.31578],[129.21748,35.31572],[129.21738,35.31567],[129.21728,35.31559],[129.21698,35.31531],[129.21693,35.31527],[129.2159,35.31426],[129.21336,35.3112],[129.21327,35.31108],[129.21316,35.31089],[129.21315,35.31083],[129.21313,35.31076],[129.21029,35.30873],[129.20139,35.30915],[129.20127,35.30916],[129.20113,35.30917],[129.19719,35.3097],[129.197,35.30978],[129.19667,35.31001],[129.1964,35.31009],[129.19544,35.31013],[129.19488,35.31008],[129.19443,35.31002],[129.19196,35.30948],[129.18441,35.3072],[129.18165,35.30599],[129.18042,35.3054],[129.18028,35.30521],[129.17909,35.30479],[129.17793,35.30438],[129.17766,35.30432],[129.17754,35.30431],[129.17714,35.30429],[129.17511,35.30438],[129.17478,35.30444],[129.17459,35.30449],[129.17165,35.30619],[129.17058,35.30681],[129.16947,35.30746],[129.16493,35.30756],[129.16482,35.30757],[129.16466,35.30764],[129.1646,35.3077],[129.16455,35.30776],[129.16452,35.30781],[129.16366,35.31105],[129.16368,35.31169],[129.16286,35.31245],[129.16282,35.31248],[129.16278,35.31249],[129.16265,35.31251],[129.16256,35.3125],[129.16243,35.31248],[129.16232,35.31245],[129.1622,35.31239],[129.16209,35.31229],[129.16005,35.31035],[129.15708,35.30881],[129.15697,35.30876],[129.1568,35.30873],[129.15605,35.30861],[129.15587,35.3086],[129.1557,35.30859],[129.15549,35.30859],[129.15537,35.30858],[129.15521,35.30859],[129.15506,35.30862],[129.15481,35.30869],[129.15477,35.30871],[129.15465,35.30876],[129.15453,35.30883],[129.15448,35.30887],[129.15429,35.30899],[129.15423,35.30904],[129.15411,35.30914],[129.15405,35.30919],[129.15392,35.30932],[129.15377,35.3095],[129.15374,35.30953],[129.15368,35.30966],[129.15363,35.30975],[129.15353,35.31],[129.15339,35.31053],[129.15336,35.31077],[129.15336,35.31098],[129.15339,35.31358],[129.1534,35.31364],[129.15341,35.31372],[129.15409,35.31598],[129.15465,35.31744],[129.15472,35.31757],[129.15408,35.32076],[129.15396,35.32076],[129.15384,35.32077],[129.1537,35.3208],[129.15359,35.32083],[129.1535,35.32087],[129.15335,35.32096],[129.15326,35.32103],[129.15324,35.32106],[129.1532,35.3211],[129.1522,35.32222],[129.15212,35.32239],[129.15211,35.32242],[129.1521,35.32249],[129.15207,35.32263],[129.15205,35.32297],[129.15204,35.32465],[129.15204,35.32474],[129.15207,35.32482],[129.15256,35.3259],[129.15262,35.32597],[129.1525,35.33024],[129.152,35.33322],[129.15158,35.33494],[129.15123,35.33618],[129.14916,35.33731],[129.14898,35.33736],[129.14873,35.33722],[129.1487,35.33718],[129.14842,35.33689],[129.14812,35.33668],[129.14774,35.33648],[129.14734,35.33627],[129.14671,35.33627],[129.14625,35.33633],[129.14269,35.33773],[129.14239,35.33787],[129.14199,35.33817],[129.14181,35.33844],[129.14178,35.33861],[129.14163,35.33896],[129.14069,35.34034],[129.14029,35.34067],[129.14004,35.34083],[129.13776,35.34199],[129.13511,35.34314],[129.13502,35.34317],[129.13497,35.34317],[129.13483,35.34319],[129.13463,35.34316],[129.13369,35.34294],[129.13258,35.34365],[129.13226,35.34375],[129.13186,35.34381],[129.13167,35.34382],[129.13107,35.34386],[129.12932,35.34397],[129.12824,35.3438],[129.12776,35.34437],[129.12756,35.34462],[129.12727,35.34504],[129.12724,35.3452],[129.12723,35.34529],[129.12725,35.34539],[129.12731,35.34556],[129.12737,35.34567],[129.12942,35.34852],[129.12949,35.34859],[129.12966,35.34874],[129.12982,35.34885],[129.13002,35.34895],[129.13065,35.34924],[129.13103,35.3494],[129.13176,35.34966],[129.13228,35.34982],[129.13247,35.34987],[129.13261,35.3499],[129.13306,35.34997],[129.13327,35.35],[129.13395,35.3506],[129.13457,35.35141],[129.1346,35.35149],[129.13473,35.35287],[129.13473,35.35296],[129.13471,35.35306],[129.13196,35.35716],[129.13003,35.35883],[129.12956,35.35916],[129.13028,35.36195],[129.13029,35.36265],[129.1303,35.36284],[129.13032,35.36298],[129.13034,35.36311],[129.13036,35.36322],[129.13038,35.36337],[129.13059,35.3643],[129.13068,35.3646],[129.13086,35.36503],[129.1313,35.36556],[129.1314,35.36565],[129.13153,35.36569],[129.13206,35.36568],[129.13241,35.36562],[129.1326,35.36557],[129.13292,35.36553],[129.13331,35.3655],[129.13369,35.36551],[129.13407,35.36552],[129.13657,35.36575],[129.13797,35.36596],[129.13816,35.36599],[129.13841,35.36605],[129.13851,35.36608],[129.14098,35.36511],[129.14122,35.36502],[129.14142,35.36495],[129.14635,35.36388],[129.14836,35.36417],[129.1484,35.36416],[129.14895,35.36409],[129.14936,35.36399],[129.14988,35.36384],[129.15279,35.36272],[129.15309,35.36254],[129.15334,35.36237],[129.15374,35.36185],[129.15399,35.36134],[129.1541,35.36106],[129.15415,35.36081],[129.15725,35.359],[129.15756,35.35901],[129.16141,35.35885],[129.16161,35.35883],[129.16179,35.35878],[129.16188,35.35871],[129.16239,35.35805],[129.1624,35.35797],[129.16235,35.35778],[129.16227,35.35761],[129.16219,35.35717],[129.16216,35.35702],[129.16216,35.35688],[129.1623,35.35659],[129.16255,35.35636],[129.16283,35.35621],[129.16363,35.35584],[129.16746,35.35406],[129.17453,35.35147],[129.17461,35.35145],[129.17543,35.35137],[129.17702,35.3513],[129.17714,35.35129],[129.17735,35.35133],[129.17789,35.35141],[129.17808,35.35144],[129.17824,35.35152],[129.1784,35.3516],[129.18163,35.35365],[129.18179,35.3538],[129.18194,35.354],[129.18209,35.35433],[129.18214,35.35458],[129.18219,35.35503],[129.18228,35.35518],[129.18256,35.35544],[129.18558,35.35817],[129.18631,35.35852],[129.18693,35.35881],[129.18771,35.35915],[129.18948,35.35976],[129.18959,35.35976],[129.18971,35.35975],[129.18986,35.3597],[129.18999,35.35963],[129.19026,35.35949],[129.19036,35.35949],[129.19232,35.36021],[129.19349,35.36091],[129.19358,35.36101],[129.19364,35.36117],[129.19382,35.36187],[129.19809,35.36922],[129.19925,35.37492],[129.19934,35.37544],[129.19937,35.37562],[129.19936,35.37575],[129.2007,35.37521],[129.20196,35.37493],[129.20479,35.37078],[129.20487,35.37059],[129.20613,35.36719],[129.20616,35.36707],[129.20627,35.36572],[129.20624,35.3656],[129.20618,35.36548],[129.20597,35.36522],[129.20591,35.36506],[129.20591,35.36494],[129.20612,35.36403],[129.2062,35.36385],[129.2072,35.36176],[129.20839,35.35999],[129.20841,35.35735],[129.20841,35.35706],[129.2084,35.35685],[129.20837,35.35671],[129.20643,35.35233],[129.2042,35.34909],[129.20327,35.34769],[129.20279,35.34622],[129.20263,35.34565],[129.20257,35.34543],[129.20256,35.34519],[129.20255,35.34483],[129.2033,35.34051],[129.20336,35.3403],[129.20343,35.3402],[129.20349,35.34016],[129.20362,35.34008],[129.20382,35.33998],[129.20506,35.33947],[129.2052,35.33943],[129.20812,35.33768],[129.21075,35.33611],[129.21068,35.33594],[129.21067,35.33579],[129.2108,35.33397],[129.21082,35.3339],[129.21086,35.33385],[129.21087,35.33382],[129.21172,35.33287],[129.21339,35.33118],[129.21358,35.331],[129.21386,35.33083],[129.21392,35.33081],[129.21401,35.33081],[129.2143,35.33081],[129.2147,35.33082],[129.21505,35.33086],[129.21537,35.33087],[129.21554,35.33087],[129.21571,35.33085],[129.21868,35.32959],[129.21914,35.32935],[129.22022,35.32875],[129.22088,35.32811],[129.22513,35.3272],[129.2276,35.32661],[129.22976,35.32553],[129.23162,35.32191],[129.23187,35.32143],[129.23375,35.32162],[129.23405,35.32133],[129.23392,35.32043],[129.23385,35.32023],[129.23331,35.31919],[129.23314,35.31904],[129.23238,35.31869],[129.23217,35.31864],[129.23184,35.31864],[129.23161,35.31869],[129.23101,35.31891],[129.23075,35.31906],[129.23046,35.31926],[129.23024,35.31952],[129.23007,35.31972]]]]}},{"type":"Feature","properties":{"adm_cd":"21510111","adm_nm":"부산광역시 기장군 일광읍"},"geometry":{"type":"MultiPolygon","coordinates":[[[[129.23007,35.31972],[129.22948,35.31888],[129.22939,35.31864],[129.22938,35.31854],[129.2294,35.3184],[129.22956,35.31813],[129.22978,35.31782],[129.23014,35.31744],[129.23198,35.3161],[129.23234,35.31586],[129.23264,35.31577],[129.2332,35.31571],[129.23328,35.31571],[129.23355,35.3157],[129.23381,35.31566],[129.23389,35.31565],[129.23477,35.31537],[129.2354,35.31515],[129.23639,35.31466],[129.23688,35.31441],[129.23749,35.31408],[129.23781,35.31385],[129.23798,35.31369],[129.23877,35.31232],[129.23883,35.31216],[129.23887,35.31205],[129.2389,35.31198],[129.23894,35.31188],[129.23912,35.3115],[129.23971,35.3103],[129.23979,35.31022],[129.23993,35.31007],[129.24141,35.30887],[129.24276,35.30789],[129.24292,35.30779],[129.24299,35.30775],[129.24306,35.30772],[129.24312,35.30769],[129.24324,35.30767],[129.24337,35.30766],[129.24486,35.3077],[129.24519,35.30778],[129.2464,35.3081],[129.2516,35.30869],[129.25294,35.30869],[129.25296,35.30887],[129.25323,35.31118],[129.2544,35.31309],[129.25572,35.31262],[129.25622,35.31245],[129.25894,35.31289],[129.26092,35.31525],[129.26097,35.31531],[129.2612,35.31558],[129.26257,35.31525],[129.26295,35.31516],[129.26216,35.31037],[129.26176,35.30939],[129.26139,35.30954],[129.25869,35.30625],[129.25856,35.30603],[129.25855,35.30594],[129.2586,35.30534],[129.25867,35.305],[129.2606,35.29899],[129.26137,35.29756],[129.2614,35.2975],[129.2618,35.2975],[129.26213,35.29764],[129.26259,35.29811],[129.26302,35.29861],[129.26326,35.29908],[129.26355,35.29921],[129.26388,35.29921],[129.26413,35.29884],[129.26379,35.29632],[129.26374,35.29606],[129.26186,35.29371],[129.26186,35.2935],[129.26136,35.29058],[129.26031,35.28941],[129.25934,35.28887],[129.25824,35.28824],[129.25788,35.28802],[129.25773,35.2879],[129.25762,35.28774],[129.25753,35.28758],[129.25767,35.28727],[129.25903,35.2848],[129.25987,35.28356],[129.26028,35.28274],[129.26047,35.28139],[129.26016,35.28086],[129.25881,35.28019],[129.25806,35.28039],[129.25754,35.28043],[129.25714,35.28029],[129.25658,35.2801],[129.25611,35.27948],[129.25574,35.27899],[129.25539,35.27712],[129.25536,35.27608],[129.25565,35.27572],[129.25587,35.27545],[129.25547,35.2742],[129.25432,35.27283],[129.25291,35.27117],[129.25165,35.27069],[129.25126,35.27064],[129.25102,35.27134],[129.25034,35.27168],[129.24674,35.27252],[129.2465,35.27256],[129.2458,35.27241],[129.24547,35.27224],[129.24467,35.27161],[129.24406,35.27086],[129.24391,35.27032],[129.24389,35.27025],[129.24381,35.26952],[129.244,35.26875],[129.24452,35.26786],[129.24424,35.26638],[129.24371,35.26461],[129.2431,35.26364],[129.2429,35.26356],[129.24283,35.26362],[129.24276,35.26379],[129.24279,35.26417],[129.24295,35.2643],[129.24288,35.26451],[129.24168,35.265],[129.23612,35.26473],[129.23573,35.26456],[129.23481,35.26355],[129.23448,35.26302],[129.23409,35.26239],[129.23406,35.26208],[129.23395,35.26092],[129.2345,35.25934],[129.23545,35.25838],[129.23635,35.25791],[129.2395,35.25751],[129.23993,35.25779],[129.24096,35.25852],[129.24213,35.25936],[129.24368,35.2601],[129.24421,35.26023],[129.24784,35.25964],[129.25112,35.26015],[129.25197,35.26021],[129.25263,35.25959],[129.25357,35.25679],[129.25356,35.25655],[129.25214,35.25594],[129.25202,35.25522],[129.25244,35.25371],[129.25291,35.25225],[129.24987,35.25313],[129.24682,35.25401],[129.24582,35.2537],[129.24204,35.25449],[129.24132,35.25519],[129.24065,35.25556],[129.23891,35.25585],[129.23619,35.2562],[129.23585,35.25621],[129.2351,35.2562],[129.23484,35.25603],[129.23415,35.25533],[129.23175,35.25375],[129.23141,35.25362],[129.23128,35.2536],[129.23109,35.25366],[129.23054,35.25395],[129.23019,35.25409],[129.22977,35.25421],[129.2294,35.25426],[129.22901,35.25426],[129.22868,35.25418],[129.22857,35.25409],[129.2273,35.25188],[129.22566,35.25149],[129.22045,35.25464],[129.22007,35.2549],[129.21994,35.25522],[129.21986,35.25554],[129.21988,35.25629],[129.21994,35.2565],[129.22009,35.25677],[129.21997,35.25729],[129.21991,35.25742],[129.21984,35.25748],[129.21982,35.25751],[129.21899,35.25791],[129.21532,35.25913],[129.2131,35.25951],[129.21288,35.2595],[129.21217,35.25952],[129.21197,35.25957],[129.21059,35.25996],[129.21035,35.26009],[129.21013,35.26028],[129.20943,35.26102],[129.20861,35.26199],[129.20848,35.26218],[129.20699,35.26468],[129.207,35.26481],[129.20702,35.26492],[129.20707,35.26509],[129.20714,35.26524],[129.20729,35.26552],[129.20734,35.26565],[129.20737,35.26581],[129.20738,35.26638],[129.20737,35.26653],[129.20726,35.26724],[129.20717,35.26772],[129.20692,35.26862],[129.20681,35.26888],[129.20672,35.26904],[129.20659,35.26917],[129.20649,35.26918],[129.20638,35.26918],[129.20007,35.26886],[129.19949,35.26883],[129.199,35.26879],[129.19872,35.26875],[129.19844,35.26869],[129.19802,35.26854],[129.19598,35.26758],[129.19584,35.26791],[129.19576,35.26804],[129.19557,35.26828],[129.1954,35.26848],[129.19526,35.26856],[129.1951,35.26864],[129.19476,35.26877],[129.19424,35.26892],[129.19402,35.26897],[129.19371,35.26902],[129.19338,35.26906],[129.19326,35.26906],[129.1931,35.26908],[129.19298,35.26913],[129.19291,35.26916],[129.19284,35.26921],[129.19272,35.26934],[129.19131,35.27083],[129.19109,35.27107],[129.19103,35.27116],[129.19099,35.27124],[129.19096,35.27132],[129.19094,35.27144],[129.19094,35.27151],[129.19102,35.27164],[129.19109,35.27171],[129.19115,35.27176],[129.19233,35.27244],[129.19273,35.27265],[129.19328,35.273],[129.19347,35.27315],[129.1936,35.27325],[129.19372,35.2734],[129.19388,35.27361],[129.19402,35.27383],[129.19411,35.27397],[129.19416,35.27411],[129.19471,35.27842],[129.1947,35.27853],[129.19468,35.27869],[129.19447,35.27947],[129.1942,35.28032],[129.19253,35.28143],[129.19236,35.28154],[129.19219,35.28161],[129.18945,35.28289],[129.18935,35.28293],[129.18923,35.28298],[129.18912,35.283],[129.18891,35.283],[129.18867,35.283],[129.18848,35.283],[129.18826,35.28299],[129.18821,35.28298],[129.18792,35.28295],[129.18779,35.28295],[129.18769,35.28296],[129.1876,35.28298],[129.18744,35.28304],[129.18731,35.28309],[129.18721,35.28313],[129.1869,35.28326],[129.18473,35.28435],[129.18187,35.28618],[129.17956,35.29128],[129.17955,35.29132],[129.17953,35.29136],[129.17953,35.29144],[129.17953,35.29151],[129.17968,35.29233],[129.17973,35.29253],[129.18011,35.29393],[129.18023,35.29434],[129.18028,35.29443],[129.18037,35.29457],[129.18045,35.29466],[129.18111,35.29542],[129.18116,35.29546],[129.18121,35.29549],[129.18131,35.2955],[129.18215,35.29647],[129.18302,35.29903],[129.18303,35.29908],[129.18304,35.29914],[129.18304,35.29919],[129.18292,35.29959],[129.18286,35.29971],[129.1827,35.3],[129.18254,35.30023],[129.18231,35.30056],[129.18133,35.30191],[129.18082,35.30251],[129.1807,35.30264],[129.18058,35.30275],[129.18044,35.30283],[129.18028,35.30296],[129.18024,35.30299],[129.17986,35.30336],[129.17965,35.30363],[129.17957,35.30383],[129.17956,35.30401],[129.17959,35.30416],[129.18028,35.30521],[129.18042,35.3054],[129.18165,35.30599],[129.18441,35.3072],[129.19196,35.30948],[129.19443,35.31002],[129.19488,35.31008],[129.19544,35.31013],[129.1964,35.31009],[129.19667,35.31001],[129.197,35.30978],[129.19719,35.3097],[129.20113,35.30917],[129.20127,35.30916],[129.20139,35.30915],[129.21029,35.30873],[129.21313,35.31076],[129.21315,35.31083],[129.21316,35.31089],[129.21327,35.31108],[129.21336,35.3112],[129.2159,35.31426],[129.21693,35.31527],[129.21698,35.31531],[129.21728,35.31559],[129.21738,35.31567],[129.21748,35.31572],[129.21769,35.31578],[129.21822,35.31591],[129.21836,35.31591],[129.21845,35.31591],[129.21872,35.31588],[129.21889,35.31584],[129.21918,35.31574],[129.21939,35.31567],[129.21999,35.31543],[129.22009,35.31539],[129.22018,35.31534],[129.22025,35.31527],[129.22045,35.31503],[129.22059,35.31485],[129.22068,35.31476],[129.22073,35.31472],[129.22087,35.31463],[129.22101,35.31455],[129.22115,35.3145],[129.22244,35.31412],[129.22336,35.3141],[129.22574,35.31485],[129.22756,35.31564],[129.22762,35.31607],[129.22766,35.31635],[129.22776,35.31667],[129.22919,35.31999],[129.22929,35.3201],[129.22945,35.32019],[129.22963,35.32022],[129.22981,35.32018],[129.22997,35.32007],[129.23009,35.31987],[129.23007,35.31972]]]]}},{"type":"Feature","properties":{"adm_cd":"21510330","adm_nm":"부산광역시 기장군 철마면"},"geometry":{"type":"MultiPolygon","coordinates":[[[[129.18028,35.30521],[129.17959,35.30416],[129.17956,35.30401],[129.17957,35.30383],[129.17965,35.30363],[129.17986,35.30336],[129.18024,35.30299],[129.18028,35.30296],[129.18044,35.30283],[129.18058,35.30275],[129.1807,35.30264],[129.18082,35.30251],[129.18133,35.30191],[129.18231,35.30056],[129.18254,35.30023],[129.1827,35.3],[129.18286,35.29971],[129.18292,35.29959],[129.18304,35.29919],[129.18304,35.29914],[129.18303,35.29908],[129.18302,35.29903],[129.18215,35.29647],[129.18131,35.2955],[129.18121,35.29549],[129.18116,35.29546],[129.18111,35.29542],[129.18045,35.29466],[129.18037,35.29457],[129.18028,35.29443],[129.18023,35.29434],[129.18011,35.29393],[129.17973,35.29253],[129.17968,35.29233],[129.17953,35.29151],[129.17953,35.29144],[129.17953,35.29136],[129.17955,35.29132],[129.17956,35.29128],[129.18187,35.28618],[129.18473,35.28435],[129.1869,35.28326],[129.18721,35.28313],[129.18731,35.28309],[129.18744,35.28304],[129.1876,35.28298],[129.18769,35.28296],[129.18779,35.28295],[129.18792,35.28295],[129.18821,35.28298],[129.18826,35.28299],[129.18848,35.283],[129.18867,35.283],[129.18891,35.283],[129.18912,35.283],[129.18923,35.28298],[129.18935,35.28293],[129.18945,35.28289],[129.19219,35.28161],[129.19236,35.28154],[129.19253,35.28143],[129.1942,35.28032],[129.19447,35.27947],[129.19468,35.27869],[129.1947,35.27853],[129.19471,35.27842],[129.19416,35.27411],[129.19411,35.27397],[129.19402,35.27383],[129.19388,35.27361],[129.19372,35.2734],[129.1936,35.27325],[129.19347,35.27315],[129.19328,35.273],[129.19273,35.27265],[129.19233,35.27244],[129.19115,35.27176],[129.19109,35.27171],[129.19102,35.27164],[129.19094,35.27151],[129.19094,35.27144],[129.19096,35.27132],[129.19099,35.27124],[129.19103,35.27116],[129.19109,35.27107],[129.19131,35.27083],[129.19272,35.26934],[129.19284,35.26921],[129.19291,35.26916],[129.19298,35.26913],[129.1931,35.26908],[129.19326,35.26906],[129.19338,35.26906],[129.19371,35.26902],[129.19402,35.26897],[129.19424,35.26892],[129.19476,35.26877],[129.1951,35.26864],[129.19526,35.26856],[129.1954,35.26848],[129.19557,35.26828],[129.19576,35.26804],[129.19584,35.26791],[129.19598,35.26758],[129.19519,35.26567],[129.19513,35.26556],[129.19504,35.26542],[129.19496,35.26531],[129.19486,35.26522],[129.19476,35.26517],[129.19323,35.26464],[129.19309,35.26462],[129.19293,35.26466],[129.19278,35.26471],[129.19211,35.26503],[129.19201,35.2651],[129.19169,35.26538],[129.18979,35.26397],[129.18862,35.26112],[129.1866,35.25483],[129.1866,35.25476],[129.18669,35.252],[129.18671,35.25186],[129.18694,35.25122],[129.18702,35.25102],[129.18712,35.2509],[129.18739,35.25063],[129.18795,35.25026],[129.18833,35.25005],[129.18861,35.24992],[129.18886,35.24984],[129.18955,35.24955],[129.18983,35.2494],[129.19006,35.24927],[129.19019,35.24916],[129.19034,35.24904],[129.19076,35.24859],[129.19102,35.2483],[129.19121,35.24808],[129.19142,35.24783],[129.19157,35.2476],[129.19168,35.24737],[129.19327,35.24313],[129.19351,35.24244],[129.19358,35.24223],[129.19359,35.24213],[129.1936,35.24208],[129.1936,35.24204],[129.19357,35.24192],[129.19353,35.2418],[129.19343,35.24168],[129.1918,35.24024],[129.1905,35.2378],[129.18912,35.23157],[129.18912,35.23141],[129.18912,35.23123],[129.18909,35.23112],[129.18762,35.22912],[129.18758,35.22907],[129.18752,35.22902],[129.18485,35.22727],[129.18308,35.2269],[129.18297,35.2269],[129.18285,35.22689],[129.1828,35.22686],[129.18156,35.22587],[129.18141,35.22574],[129.17885,35.2235],[129.1756,35.22022],[129.17539,35.21988],[129.17515,35.2196],[129.17504,35.21951],[129.17498,35.21947],[129.17434,35.21923],[129.17402,35.21912],[129.17101,35.21863],[129.17087,35.2186],[129.17071,35.2186],[129.17052,35.21861],[129.17028,35.21868],[129.17,35.21878],[129.1697,35.21894],[129.16943,35.21907],[129.16922,35.21913],[129.16909,35.21916],[129.16784,35.21931],[129.16761,35.21932],[129.16736,35.21932],[129.16712,35.21928],[129.16642,35.21918],[129.1661,35.21911],[129.1664,35.22084],[129.16773,35.22332],[129.16796,35.22376],[129.16887,35.22466],[129.16951,35.22609],[129.16957,35.22635],[129.16952,35.22675],[129.16927,35.22767],[129.16913,35.22786],[129.1679,35.22917],[129.16755,35.22949],[129.16735,35.22968],[129.16164,35.23394],[129.15795,35.23535],[129.1579,35.23537],[129.15684,35.2359],[129.15513,35.23701],[129.15514,35.23715],[129.15521,35.23934],[129.15569,35.24327],[129.15542,35.2442],[129.15496,35.24505],[129.15429,35.24552],[129.1503,35.2475],[129.14996,35.24761],[129.1496,35.24763],[129.14926,35.24759],[129.14822,35.24731],[129.14812,35.24727],[129.14734,35.24874],[129.14723,35.2489],[129.14706,35.24915],[129.14698,35.24925],[129.14684,35.2494],[129.14666,35.24953],[129.14558,35.25023],[129.14535,35.25032],[129.14429,35.25073],[129.13924,35.25416],[129.13963,35.25579],[129.14001,35.25716],[129.1402,35.25743],[129.14104,35.25922],[129.14113,35.25943],[129.14115,35.25954],[129.14115,35.25965],[129.14111,35.25978],[129.14107,35.25987],[129.14106,35.2599],[129.14101,35.26001],[129.14098,35.26005],[129.14093,35.26013],[129.14088,35.26016],[129.14086,35.26018],[129.14081,35.26019],[129.14067,35.26022],[129.14038,35.26028],[129.13993,35.26033],[129.13956,35.26036],[129.13951,35.26036],[129.1394,35.26035],[129.13889,35.26023],[129.13869,35.26016],[129.1385,35.26007],[129.1383,35.25996],[129.13815,35.25988],[129.13808,35.25984],[129.13774,35.2597],[129.13743,35.25962],[129.13662,35.25944],[129.13643,35.25943],[129.13624,35.25943],[129.13593,35.25944],[129.1354,35.25946],[129.13174,35.25995],[129.13021,35.26005],[129.12963,35.26046],[129.12942,35.26057],[129.12904,35.26076],[129.12638,35.26187],[129.12628,35.2619],[129.12601,35.2619],[129.12564,35.26189],[129.12467,35.26181],[129.12273,35.2616],[129.12264,35.26157],[129.12246,35.26153],[129.12225,35.26145],[129.12207,35.26138],[129.12156,35.26116],[129.12136,35.26106],[129.12099,35.26085],[129.12008,35.26031],[129.12002,35.26043],[129.1198,35.26095],[129.11966,35.26129],[129.11938,35.26209],[129.11938,35.2622],[129.12093,35.26802],[129.12137,35.26959],[129.12202,35.27083],[129.12213,35.27098],[129.12226,35.2711],[129.12235,35.27117],[129.12242,35.27122],[129.12253,35.27127],[129.12262,35.27135],[129.12264,35.27138],[129.12317,35.27192],[129.12439,35.27332],[129.12452,35.27356],[129.12464,35.27379],[129.12493,35.27463],[129.12543,35.27672],[129.12514,35.27841],[129.12473,35.27881],[129.12439,35.27919],[129.12431,35.2793],[129.12428,35.27934],[129.12425,35.27938],[129.1242,35.27948],[129.12393,35.28029],[129.12393,35.28041],[129.12396,35.28049],[129.12404,35.28057],[129.12491,35.28139],[129.12569,35.28213],[129.12586,35.28233],[129.12597,35.28247],[129.12641,35.283],[129.12645,35.28309],[129.12649,35.28318],[129.12745,35.28572],[129.12983,35.29033],[129.12994,35.29302],[129.13,35.29663],[129.12998,35.29712],[129.12996,35.2972],[129.12988,35.29759],[129.12968,35.29797],[129.12966,35.298],[129.12747,35.29911],[129.12582,35.29989],[129.1222,35.3015],[129.12143,35.30177],[129.12083,35.30193],[129.11602,35.30218],[129.11045,35.30443],[129.10892,35.30507],[129.10961,35.30544],[129.11042,35.30597],[129.11098,35.30661],[129.11165,35.30877],[129.11171,35.30922],[129.1118,35.3102],[129.11192,35.31157],[129.11192,35.31168],[129.11189,35.31219],[129.11191,35.31434],[129.11194,35.31515],[129.11208,35.31615],[129.11223,35.31706],[129.11247,35.31783],[129.11272,35.31835],[129.11331,35.3195],[129.11365,35.31985],[129.11467,35.32039],[129.11568,35.32092],[129.11798,35.32215],[129.11848,35.32246],[129.11902,35.32328],[129.11933,35.32382],[129.11955,35.32442],[129.11965,35.325],[129.11966,35.32535],[129.11974,35.32581],[129.1199,35.32654],[129.12012,35.32724],[129.12048,35.32818],[129.12059,35.32842],[129.12087,35.32892],[129.12116,35.32925],[129.12132,35.3294],[129.12169,35.32957],[129.12206,35.3297],[129.12239,35.32978],[129.12273,35.32986],[129.12287,35.32992],[129.12329,35.3301],[129.12419,35.3305],[129.12453,35.33066],[129.12467,35.33073],[129.12482,35.33085],[129.12524,35.33125],[129.12552,35.33152],[129.12572,35.33175],[129.12584,35.33192],[129.126,35.33222],[129.12607,35.3324],[129.12623,35.33293],[129.12625,35.33304],[129.12626,35.33326],[129.12625,35.33349],[129.12621,35.33373],[129.12612,35.33405],[129.12605,35.3342],[129.12593,35.33448],[129.1258,35.33477],[129.12563,35.33505],[129.12547,35.33532],[129.12523,35.33575],[129.1251,35.336],[129.12505,35.33614],[129.12503,35.3363],[129.12506,35.33655],[129.12508,35.33668],[129.12593,35.34104],[129.12597,35.34116],[129.12604,35.34133],[129.12619,35.34161],[129.12631,35.34181],[129.1264,35.34192],[129.12648,35.34197],[129.12658,35.34205],[129.12671,35.34214],[129.12689,35.34224],[129.1272,35.34241],[129.12759,35.34263],[129.128,35.34288],[129.12822,35.34304],[129.1283,35.34314],[129.12834,35.34321],[129.12834,35.34334],[129.12834,35.34349],[129.12833,35.34359],[129.12829,35.34371],[129.12824,35.3438],[129.12932,35.34397],[129.13107,35.34386],[129.13167,35.34382],[129.13186,35.34381],[129.13226,35.34375],[129.13258,35.34365],[129.13369,35.34294],[129.13463,35.34316],[129.13483,35.34319],[129.13497,35.34317],[129.13502,35.34317],[129.13511,35.34314],[129.13776,35.34199],[129.14004,35.34083],[129.14029,35.34067],[129.14069,35.34034],[129.14163,35.33896],[129.14178,35.33861],[129.14181,35.33844],[129.14199,35.33817],[129.14239,35.33787],[129.14269,35.33773],[129.14625,35.33633],[129.14671,35.33627],[129.14734,35.33627],[129.14774,35.33648],[129.14812,35.33668],[129.14842,35.33689],[129.1487,35.33718],[129.14873,35.33722],[129.14898,35.33736],[129.14916,35.33731],[129.15123,35.33618],[129.15158,35.33494],[129.152,35.33322],[129.1525,35.33024],[129.15262,35.32597],[129.15256,35.3259],[129.15207,35.32482],[129.15204,35.32474],[129.15204,35.32465],[129.15205,35.32297],[129.15207,35.32263],[129.1521,35.32249],[129.15211,35.32242],[129.15212,35.32239],[129.1522,35.32222],[129.1532,35.3211],[129.15324,35.32106],[129.15326,35.32103],[129.15335,35.32096],[129.1535,35.32087],[129.15359,35.32083],[129.1537,35.3208],[129.15384,35.32077],[129.15396,35.32076],[129.15408,35.32076],[129.15472,35.31757],[129.15465,35.31744],[129.15409,35.31598],[129.15341,35.31372],[129.1534,35.31364],[129.15339,35.31358],[129.15336,35.31098],[129.15336,35.31077],[129.15339,35.31053],[129.15353,35.31],[129.15363,35.30975],[129.15368,35.30966],[129.15374,35.30953],[129.15377,35.3095],[129.15392,35.30932],[129.15405,35.30919],[129.15411,35.30914],[129.15423,35.30904],[129.15429,35.30899],[129.15448,35.30887],[129.15453,35.30883],[129.15465,35.30876],[129.15477,35.30871],[129.15481,35.30869],[129.15506,35.30862],[129.15521,35.30859],[129.15537,35.30858],[129.15549,35.30859],[129.1557,35.30859],[129.15587,35.3086],[129.15605,35.30861],[129.1568,35.30873],[129.15697,35.30876],[129.15708,35.30881],[129.16005,35.31035],[129.16209,35.31229],[129.1622,35.31239],[129.16232,35.31245],[129.16243,35.31248],[129.16256,35.3125],[129.16265,35.31251],[129.16278,35.31249],[129.16282,35.31248],[129.16286,35.31245],[129.16368,35.31169],[129.16366,35.31105],[129.16452,35.30781],[129.16455,35.30776],[129.1646,35.3077],[129.16466,35.30764],[129.16482,35.30757],[129.16493,35.30756],[129.16947,35.30746],[129.17058,35.30681],[129.17165,35.30619],[129.17459,35.30449],[129.17478,35.30444],[129.17511,35.30438],[129.17714,35.30429],[129.17754,35.30431],[129.17766,35.30432],[129.17793,35.30438],[129.17909,35.30479],[129.18028,35.30521]]]]}},{"type":"Feature","properties":{"adm_cd":"21090750","adm_nm":"부산광역시 해운대구 우3동"},"geometry":{"type":"MultiPolygon","coordinates":[[[[129.15279,35.15735],[129.14883,35.15662],[129.14839,35.15642],[129.14767,35.15576],[129.14745,35.15423],[129.14741,35.15401],[129.14726,35.15369],[129.14709,35.15347],[129.14675,35.15336],[129.14637,35.15337],[129.1423,35.15445],[129.14141,35.15506],[129.14103,35.15588],[129.14091,35.15634],[129.14045,35.15707],[129.13587,35.16112],[129.13574,35.16123],[129.13508,35.16169],[129.13408,35.16217],[129.13555,35.1628],[129.13693,35.16319],[129.13788,35.1632],[129.13852,35.16306],[129.13917,35.1628],[129.13969,35.16254],[129.14048,35.16199],[129.14279,35.16371],[129.14319,35.16371],[129.14464,35.16286],[129.14617,35.16198],[129.14761,35.16121],[129.14846,35.16069],[129.14888,35.16045],[129.15015,35.15966],[129.15132,35.15897],[129.15216,35.15809],[129.15279,35.15735]]]]}},{"type":"Feature","properties":{"adm_cd":"21050770","adm_nm":"부산광역시 부산진구 범천1동"},"geometry":{"type":"MultiPolygon","coordinates":[[[[129.06333,35.14869],[129.06328,35.14855],[129.06312,35.14818],[129.06317,35.14454],[129.06319,35.14374],[129.0632,35.14356],[129.06343,35.14295],[129.0635,35.14277],[129.06364,35.14258],[129.06399,35.14208],[129.06448,35.14139],[129.05893,35.14149],[129.05727,35.14203],[129.05725,35.14885],[129.05722,35.14939],[129.05715,35.14985],[129.05701,35.15055],[129.06238,35.15061],[129.06333,35.14869]]]]}},{"type":"Feature","properties":{"adm_cd":"21050840","adm_nm":"부산광역시 부산진구 범천2동"},"geometry":{"type":"MultiPolygon","coordinates":[[[[129.05059,35.15701],[129.04985,35.15526],[129.05262,35.15385],[129.05491,35.15173],[129.05635,35.15089],[129.05701,35.15055],[129.05715,35.14985],[129.05722,35.14939],[129.05725,35.14885],[129.05727,35.14203],[129.05672,35.14206],[129.05655,35.14207],[129.05485,35.14191],[129.05253,35.14209],[129.05206,35.14219],[129.05173,35.1423],[129.05171,35.14233],[129.05166,35.14236],[129.05164,35.14241],[129.05162,35.14243],[129.05157,35.1426],[129.05089,35.14332],[129.05085,35.14335],[129.05064,35.14346],[129.0467,35.14543],[129.04631,35.14561],[129.0453,35.14598],[129.04522,35.146],[129.04463,35.14607],[129.04447,35.14608],[129.04215,35.1461],[129.04176,35.14619],[129.04172,35.14619],[129.04162,35.14619],[129.04122,35.14613],[129.04101,35.14609],[129.04089,35.14606],[129.04044,35.14562],[129.0394,35.14448],[129.03913,35.14397],[129.03907,35.14362],[129.03906,35.14354],[129.03915,35.14342],[129.03921,35.1433],[129.03924,35.14323],[129.03932,35.14282],[129.03937,35.14258],[129.03921,35.1417],[129.03898,35.14109],[129.03893,35.14094],[129.03884,35.14078],[129.03881,35.14072],[129.03868,35.14055],[129.03836,35.14017],[129.03803,35.13985],[129.03774,35.13962],[129.03739,35.13941],[129.03762,35.13973],[129.03829,35.14154],[129.03845,35.14206],[129.03848,35.14228],[129.03845,35.14259],[129.03833,35.14288],[129.0383,35.14292],[129.03826,35.1442],[129.03829,35.14452],[129.03832,35.14489],[129.03837,35.1451],[129.03872,35.1462],[129.03928,35.14724],[129.03986,35.14788],[129.04067,35.14839],[129.041,35.14958],[129.04241,35.15072],[129.04422,35.15203],[129.04428,35.15205],[129.04556,35.15284],[129.04567,35.15291],[129.04574,35.15301],[129.04581,35.15315],[129.04587,35.15331],[129.04613,35.15415],[129.04594,35.15666],[129.04941,35.15731],[129.05059,35.15701]]]]}},{"type":"Feature","properties":{"adm_cd":"21120600","adm_nm":"부산광역시 강서구 명지2동"},"geometry":{"type":"MultiPolygon","coordinates":[[[[128.89627,35.089],[128.91217,35.08937],[128.9123,35.08409],[128.91224,35.08197],[128.91218,35.07946],[128.89532,35.07914],[128.89534,35.08196],[128.89535,35.08431],[128.89537,35.08682],[128.89627,35.089]]]]}},{"type":"Feature","properties":{"adm_cd":"21110740","adm_nm":"부산광역시 금정구 장전2동"},"geometry":{"type":"MultiPolygon","coordinates":[[[[129.08941,35.23109],[129.08916,35.22651],[129.0878,35.22222],[129.08726,35.22166],[129.08509,35.22193],[129.0825,35.2239],[129.08192,35.22451],[129.0807,35.22383],[129.07771,35.22627],[129.0775,35.22635],[129.07675,35.2264],[129.07155,35.22627],[129.07047,35.22574],[129.06917,35.2251],[129.06882,35.22508],[129.06859,35.22509],[129.06687,35.22518],[129.06653,35.2253],[129.06649,35.22648],[129.06611,35.22687],[129.06535,35.22694],[129.06366,35.22689],[129.06269,35.22685],[129.06222,35.22683],[129.06065,35.2265],[129.0602,35.22622],[129.06015,35.22631],[129.06,35.22664],[129.05997,35.22679],[129.0603,35.22789],[129.0604,35.22814],[129.06056,35.22834],[129.06057,35.22847],[129.06033,35.22924],[129.06,35.22968],[129.05971,35.23002],[129.05934,35.23254],[129.05933,35.23264],[129.05949,35.23336],[129.0602,35.23489],[129.06171,35.2376],[129.06228,35.23836],[129.06305,35.23882],[129.0633,35.23892],[129.06367,35.23906],[129.06438,35.23923],[129.06496,35.23934],[129.0656,35.2394],[129.0661,35.23941],[129.06631,35.23936],[129.06869,35.23869],[129.0756,35.23666],[129.0768,35.23834],[129.07721,35.23843],[129.07765,35.23837],[129.07785,35.23831],[129.08171,35.23697],[129.08293,35.23429],[129.08414,35.23353],[129.08556,35.23304],[129.08941,35.23109]]]]}},{"type":"Feature","properties":{"adm_cd":"21120561","adm_nm":"부산광역시 강서구 녹산동"},"geometry":{"type":"MultiPolygon","coordinates":[[[[128.8926,35.09396],[128.87717,35.09865],[128.87546,35.09886],[128.87466,35.09899],[128.87438,35.09909],[128.87127,35.10056],[128.86874,35.10163],[128.86735,35.10082],[128.86619,35.10009],[128.86583,35.09952],[128.86574,35.09803],[128.86636,35.09804],[128.86668,35.09774],[128.87098,35.08867],[128.87105,35.08476],[128.86905,35.08181],[128.87195,35.08048],[128.85711,35.08039],[128.85269,35.08036],[128.83476,35.08025],[128.83452,35.08024],[128.83582,35.08176],[128.83522,35.08227],[128.83416,35.08241],[128.83316,35.08289],[128.83319,35.08476],[128.83293,35.08595],[128.83247,35.08631],[128.83326,35.08738],[128.83298,35.08867],[128.83222,35.08847],[128.82818,35.09173],[128.82595,35.09354],[128.82463,35.0946],[128.82288,35.09692],[128.82276,35.09882],[128.82394,35.10177],[128.82481,35.10199],[128.82571,35.10203],[128.82774,35.10212],[128.83049,35.10222],[128.83115,35.10223],[128.83181,35.10225],[128.8321,35.10219],[128.83248,35.102],[128.83305,35.10171],[128.83372,35.10141],[128.8345,35.10124],[128.83459,35.10122],[128.83484,35.10122],[128.83489,35.10123],[128.83562,35.1014],[128.83666,35.10199],[128.84059,35.10527],[128.84133,35.10605],[128.84208,35.10703],[128.84303,35.10899],[128.8431,35.10913],[128.84314,35.10935],[128.84321,35.10969],[128.84325,35.11015],[128.84327,35.11057],[128.84294,35.11297],[128.8429,35.11317],[128.84279,35.11338],[128.84267,35.11355],[128.84216,35.11406],[128.8417,35.11448],[128.84158,35.11457],[128.84138,35.11469],[128.84051,35.11504],[128.84019,35.11515],[128.84008,35.11516],[128.83994,35.11515],[128.83851,35.11505],[128.83824,35.11528],[128.83766,35.11585],[128.83756,35.11597],[128.83749,35.1161],[128.83625,35.11864],[128.83633,35.11974],[128.83629,35.12209],[128.83624,35.12269],[128.83615,35.12295],[128.836,35.12323],[128.83565,35.12362],[128.83551,35.12381],[128.83539,35.12406],[128.83484,35.12531],[128.8344,35.1263],[128.8342,35.12809],[128.83418,35.12827],[128.83414,35.12843],[128.83406,35.12865],[128.83388,35.12886],[128.83357,35.12919],[128.83318,35.12951],[128.83298,35.12964],[128.83288,35.12965],[128.83203,35.12953],[128.83175,35.12939],[128.83148,35.12922],[128.83116,35.129],[128.83089,35.12876],[128.83072,35.12853],[128.83059,35.12843],[128.83047,35.12834],[128.83026,35.12828],[128.82997,35.12826],[128.82747,35.12815],[128.82729,35.12818],[128.8271,35.12826],[128.82688,35.12842],[128.82673,35.12859],[128.82651,35.1289],[128.82648,35.12897],[128.82651,35.12913],[128.82649,35.12938],[128.82646,35.1295],[128.82636,35.12956],[128.82416,35.13044],[128.82029,35.13182],[128.81805,35.13237],[128.81786,35.13241],[128.8177,35.13243],[128.8176,35.13243],[128.81713,35.13242],[128.81631,35.13242],[128.81569,35.13251],[128.81555,35.13253],[128.81545,35.13256],[128.80841,35.13778],[128.80829,35.13788],[128.80715,35.13899],[128.80706,35.1391],[128.80695,35.13926],[128.80691,35.13937],[128.80688,35.13947],[128.80664,35.14094],[128.80457,35.14184],[128.80233,35.14315],[128.80133,35.14674],[128.79938,35.14888],[128.79617,35.15255],[128.79442,35.15554],[128.79362,35.15705],[128.79402,35.15794],[128.79567,35.15839],[128.79705,35.15871],[128.79737,35.15857],[128.79805,35.15789],[128.79854,35.15788],[128.80074,35.15796],[128.8018,35.15851],[128.80216,35.15936],[128.80372,35.16007],[128.80596,35.1605],[128.80605,35.16042],[128.80667,35.15984],[128.80741,35.15941],[128.80863,35.15899],[128.80973,35.15943],[128.81144,35.15997],[128.81586,35.16038],[128.82116,35.15802],[128.82247,35.15737],[128.82278,35.15652],[128.82584,35.15578],[128.82801,35.15576],[128.82838,35.15653],[128.82951,35.15697],[128.82999,35.15716],[128.8302,35.15723],[128.8306,35.15717],[128.83253,35.1569],[128.83406,35.15735],[128.83506,35.15809],[128.83531,35.15846],[128.83538,35.15857],[128.83616,35.15907],[128.83744,35.15925],[128.84094,35.15879],[128.8417,35.15839],[128.84336,35.15799],[128.84364,35.1584],[128.84384,35.15871],[128.84456,35.16016],[128.84441,35.16229],[128.84454,35.16277],[128.84549,35.16431],[128.84666,35.16528],[128.8514,35.16625],[128.86054,35.16741],[128.86369,35.16743],[128.86611,35.16684],[128.86591,35.16121],[128.86549,35.16042],[128.86545,35.15792],[128.87045,35.1521],[128.87183,35.15195],[128.87328,35.15184],[128.87479,35.15173],[128.87579,35.15231],[128.87476,35.15357],[128.87391,35.15716],[128.87394,35.15733],[128.87404,35.15803],[128.87448,35.1598],[128.87652,35.16041],[128.87792,35.16041],[128.87926,35.16199],[128.87886,35.16238],[128.87602,35.16565],[128.87601,35.16573],[128.87597,35.16603],[128.87591,35.16646],[128.87615,35.16699],[128.87639,35.1675],[128.87577,35.17051],[128.87478,35.17079],[128.87473,35.17081],[128.87235,35.17227],[128.8727,35.17285],[128.87329,35.17382],[128.87348,35.17414],[128.87362,35.17436],[128.8802,35.17203],[128.88089,35.17151],[128.89034,35.16435],[128.89064,35.16399],[128.89069,35.16325],[128.89062,35.16261],[128.8906,35.16247],[128.8904,35.1618],[128.89003,35.16107],[128.88962,35.16059],[128.88911,35.16004],[128.88831,35.15905],[128.88795,35.15848],[128.88763,35.15784],[128.88731,35.15704],[128.88708,35.15635],[128.8871,35.15563],[128.88741,35.15088],[128.88748,35.14988],[128.88766,35.14799],[128.88794,35.14665],[128.88815,35.14568],[128.88835,35.14527],[128.88896,35.144],[128.88936,35.14326],[128.8906,35.14113],[128.89244,35.13919],[128.89458,35.13701],[128.89542,35.13631],[128.89635,35.13568],[128.89804,35.13495],[128.90051,35.13351],[128.9016,35.13283],[128.90378,35.13079],[128.90179,35.13061],[128.90118,35.12805],[128.90053,35.12524],[128.90024,35.12327],[128.90001,35.12141],[128.90064,35.11926],[128.90088,35.11823],[128.89959,35.11449],[128.89825,35.11054],[128.89612,35.10428],[128.89275,35.09436],[128.8926,35.09396]]]]}}]}