{"type":"FeatureCollection","features":[{"type":"Feature","properties":{"adm_cd":"22010540","adm_nm":"대구광역시 중구 삼덕동"},"geometry":{"type":"MultiPolygon","coordinates":[[[[128.59981,35.86827],[128.60252,35.86766],[128.61317,35.86548],[128.60962,35.86184],[128.60029,35.86369],[128.59999,35.86375],[128.60005,35.86395],[128.59967,35.86418],[128.59866,35.86463],[128.59778,35.86496],[128.59773,35.86498],[128.59754,35.86512],[128.59719,35.86539],[128.5953,35.86717],[128.59544,35.86834],[128.59939,35.86836],[128.59957,35.86832],[128.59981,35.86827]]]]}},{"type":"Feature","properties":{"adm_cd":"22010560","adm_nm":"대구광역시 중구 성내1동"},"geometry":{"type":"MultiPolygon","coordinates":[[[[128.60136,35.8748],[128.59981,35.86827],[128.59957,35.86832],[128.59939,35.86836],[128.59544,35.86834],[128.5953,35.86717],[128.59719,35.86539],[128.59754,35.86512],[128.59773,35.86498],[128.59778,35.86496],[128.59866,35.86463],[128.59967,35.86418],[128.60005,35.86395],[128.59999,35.86375],[128.60073,35.8605],[128.59645,35.86003],[128.59644,35.86006],[128.59617,35.86058],[128.59607,35.86079],[128.59596,35.861],[128.59595,35.86103],[128.59575,35.86158],[128.5948,35.86429],[128.59347,35.86612],[128.59366,35.8699],[128.59407,35.87206],[128.59495,35.8753],[128.59914,35.87546],[128.60136,35.8748]]]]}},{"type":"Feature","properties":{"adm_cd":"22010590","adm_nm":"대구광역시 중구 성내2동"},"geometry":{"type":"MultiPolygon","coordinates":[[[[128.59495,35.8753],[128.59407,35.87206],[128.59366,35.8699],[128.59347,35.86612],[128.59239,35.8663],[128.59086,35.86611],[128.58946,35.86637],[128.58836,35.86657],[128.58793,35.86665],[128.58785,35.86667],[128.58777,35.86664],[128.58696,35.86639],[128.58235,35.86515],[128.58261,35.87059],[128.58516,35.87052],[128.58725,35.87006],[128.58726,35.87018],[128.58727,35.87027],[128.58787,35.87567],[128.58838,35.87753],[128.59492,35.87631],[128.59495,35.8753]]]]}},{"type":"Feature","properties":{"adm_cd":"22010610","adm_nm":"대구광역시 중구 성내3동"},"geometry":{"type":"MultiPolygon","coordinates":[[[[128.58017,35.87908],[128.58838,35.87753],[128.58787,35.87567],[128.58727,35.87027],[128.58726,35.87018],[128.58725,35.87006],[128.58516,35.87052],[128.58261,35.87059],[128.58239,35.87081],[128.58211,35.87341],[128.58021,35.87369],[128.58011,35.87362],[128.58,35.87353],[128.57971,35.87316],[128.57958,35.87298],[128.57955,35.87283],[128.57954,35.87277],[128.57937,35.87265],[128.57927,35.87259],[128.57891,35.87238],[128.57793,35.87204],[128.57697,35.87196],[128.57681,35.87196],[128.57566,35.87304],[128.57563,35.87309],[128.57559,35.87343],[128.57559,35.87347],[128.5756,35.87405],[128.57665,35.87606],[128.57686,35.87623],[128.57694,35.87619],[128.57806,35.87558],[128.57847,35.87536],[128.57931,35.87533],[128.57839,35.87624],[128.57794,35.8795],[128.58017,35.87908]]]]}},{"type":"Feature","properties":{"adm_cd":"22010620","adm_nm":"대구광역시 중구 대신동"},"geometry":{"type":"MultiPolygon","coordinates":[[[[128.58261,35.87059],[128.58235,35.86515],[128.58172,35.86476],[128.5742,35.86268],[128.57406,35.86367],[128.5738,35.86535],[128.57498,35.86632],[128.57505,35.86638],[128.57564,35.86679],[128.57615,35.86713],[128.57772,35.86818],[128.57778,35.86822],[128.57854,35.86883],[128.57883,35.86908],[128.5796,35.87005],[128.57965,35.87013],[128.57972,35.87031],[128.57938,35.87047],[128.57954,35.87277],[128.57955,35.87283],[128.57958,35.87298],[128.57971,35.87316],[128.58,35.87353],[128.58011,35.87362],[128.58021,35.87369],[128.58211,35.87341],[128.58239,35.87081],[128.58261,35.87059]]]]}},{"type":"Feature","properties":{"adm_cd":"22010640","adm_nm":"대구광역시 중구 남산1동"},"geometry":{"type":"MultiPolygon","coordinates":[[[[128.59347,35.86612],[128.5948,35.86429],[128.59575,35.86158],[128.59595,35.86103],[128.59596,35.861],[128.59607,35.86079],[128.59617,35.86058],[128.59644,35.86006],[128.59645,35.86003],[128.59677,35.85946],[128.59693,35.85911],[128.59553,35.85854],[128.59519,35.85848],[128.59473,35.85841],[128.59467,35.85658],[128.58779,35.85675],[128.59038,35.86204],[128.59052,35.86199],[128.59084,35.86188],[128.59237,35.86139],[128.59269,35.86129],[128.59274,35.86143],[128.59327,35.86304],[128.59369,35.865],[128.59354,35.86533],[128.59327,35.86539],[128.59274,35.86542],[128.59241,35.86547],[128.59101,35.86571],[128.59076,35.86576],[128.59086,35.86611],[128.59239,35.8663],[128.59347,35.86612]]]]}},{"type":"Feature","properties":{"adm_cd":"22010650","adm_nm":"대구광역시 중구 남산2동"},"geometry":{"type":"MultiPolygon","coordinates":[[[[128.59086,35.86611],[128.59076,35.86576],[128.59101,35.86571],[128.59241,35.86547],[128.59274,35.86542],[128.59327,35.86539],[128.59354,35.86533],[128.59369,35.865],[128.59327,35.86304],[128.59274,35.86143],[128.59269,35.86129],[128.59237,35.86139],[128.59084,35.86188],[128.59052,35.86199],[128.59038,35.86204],[128.58696,35.86338],[128.58249,35.86221],[128.58172,35.86476],[128.58235,35.86515],[128.58696,35.86639],[128.58777,35.86664],[128.58785,35.86667],[128.58793,35.86665],[128.58836,35.86657],[128.58946,35.86637],[128.59086,35.86611]]]]}},{"type":"Feature","properties":{"adm_cd":"22010660","adm_nm":"대구광역시 중구 남산3동"},"geometry":{"type":"MultiPolygon","coordinates":[[[[128.59038,35.86204],[128.58779,35.85675],[128.58423,35.85643],[128.58286,35.85633],[128.58249,35.86221],[128.58696,35.86338],[128.59038,35.86204]]]]}},{"type":"Feature","properties":{"adm_cd":"22010670","adm_nm":"대구광역시 중구 남산4동"},"geometry":{"type":"MultiPolygon","coordinates":[[[[128.58249,35.86221],[128.58286,35.85633],[128.57458,35.86006],[128.5742,35.86268],[128.58172,35.86476],[128.58249,35.86221]]]]}},{"type":"Feature","properties":{"adm_cd":"22010680","adm_nm":"대구광역시 중구 대봉1동"},"geometry":{"type":"MultiPolygon","coordinates":[[[[128.60962,35.86184],[128.60914,35.86143],[128.60899,35.86131],[128.60845,35.85991],[128.60839,35.85975],[128.60823,35.85826],[128.60815,35.85758],[128.60847,35.85495],[128.60245,35.85527],[128.60098,35.85985],[128.60073,35.8605],[128.59999,35.86375],[128.60029,35.86369],[128.60962,35.86184]]]]}},{"type":"Feature","properties":{"adm_cd":"22010690","adm_nm":"대구광역시 중구 대봉2동"},"geometry":{"type":"MultiPolygon","coordinates":[[[[128.60245,35.85527],[128.60004,35.85541],[128.59875,35.85549],[128.59854,35.8555],[128.5984,35.85556],[128.5982,35.85565],[128.59791,35.8558],[128.59787,35.85582],[128.59764,35.85596],[128.5975,35.85605],[128.59707,35.85624],[128.59693,35.85628],[128.5969,35.85629],[128.59663,35.85635],[128.59596,35.85645],[128.59589,35.85646],[128.59472,35.85657],[128.59467,35.85658],[128.59473,35.85841],[128.59519,35.85848],[128.59553,35.85854],[128.59693,35.85911],[128.59677,35.85946],[128.59645,35.86003],[128.60073,35.8605],[128.60098,35.85985],[128.60245,35.85527]]]]}},{"type":"Feature","properties":{"adm_cd":"22010700","adm_nm":"대구광역시 중구 동인동"},"geometry":{"type":"MultiPolygon","coordinates":[[[[128.61474,35.86818],[128.61457,35.86796],[128.61317,35.86548],[128.60252,35.86766],[128.59981,35.86827],[128.60136,35.8748],[128.60151,35.87465],[128.60348,35.87408],[128.60445,35.87391],[128.60585,35.87385],[128.60617,35.87383],[128.60757,35.87405],[128.60969,35.87463],[128.61032,35.8749],[128.61201,35.87378],[128.61474,35.86818]]]]}},{"type":"Feature","properties":{"adm_cd":"22020510","adm_nm":"대구광역시 동구 신암1동"},"geometry":{"type":"MultiPolygon","coordinates":[[[[128.62313,35.88312],[128.62234,35.88287],[128.6223,35.88286],[128.62122,35.88262],[128.61809,35.88191],[128.61666,35.88163],[128.61487,35.88128],[128.61408,35.88117],[128.61209,35.88179],[128.61439,35.88506],[128.61579,35.88659],[128.61703,35.88879],[128.61742,35.88925],[128.61989,35.89089],[128.62119,35.88961],[128.62172,35.88914],[128.62283,35.88624],[128.62308,35.88554],[128.62319,35.88522],[128.62279,35.88454],[128.6227,35.88435],[128.62275,35.88418],[128.62313,35.88312]]]]}},{"type":"Feature","properties":{"adm_cd":"22020520","adm_nm":"대구광역시 동구 신암2동"},"geometry":{"type":"MultiPolygon","coordinates":[[[[128.61408,35.88117],[128.61658,35.87653],[128.61086,35.87497],[128.61032,35.8749],[128.60677,35.8766],[128.60686,35.87694],[128.60718,35.87749],[128.60796,35.8779],[128.60895,35.87842],[128.6099,35.87893],[128.61161,35.88049],[128.61209,35.88179],[128.61408,35.88117]]]]}},{"type":"Feature","properties":{"adm_cd":"22020530","adm_nm":"대구광역시 동구 신암3동"},"geometry":{"type":"MultiPolygon","coordinates":[[[[128.62698,35.87798],[128.62666,35.87755],[128.62603,35.87738],[128.62595,35.87737],[128.62564,35.87735],[128.62339,35.87723],[128.62329,35.87722],[128.62269,35.87724],[128.62235,35.87728],[128.62183,35.87738],[128.62091,35.87739],[128.61818,35.87697],[128.61814,35.87696],[128.61658,35.87653],[128.61408,35.88117],[128.61487,35.88128],[128.61666,35.88163],[128.61809,35.88191],[128.62122,35.88262],[128.6223,35.88286],[128.62234,35.88287],[128.62313,35.88312],[128.62328,35.88316],[128.62407,35.88333],[128.62421,35.88336],[128.62466,35.88292],[128.62475,35.88282],[128.62494,35.88264],[128.62644,35.88118],[128.62683,35.8808],[128.62691,35.88072],[128.62703,35.88038],[128.62736,35.87862],[128.62698,35.87798]]]]}},{"type":"Feature","properties":{"adm_cd":"22020540","adm_nm":"대구광역시 동구 신암4동"},"geometry":{"type":"MultiPolygon","coordinates":[[[[128.62806,35.88963],[128.63309,35.88565],[128.6363,35.88238],[128.63656,35.8821],[128.63725,35.88121],[128.63693,35.88097],[128.63524,35.87991],[128.63517,35.87989],[128.63439,35.87965],[128.63045,35.87849],[128.62698,35.87798],[128.62736,35.87862],[128.62703,35.88038],[128.62691,35.88072],[128.62683,35.8808],[128.62644,35.88118],[128.62494,35.88264],[128.62475,35.88282],[128.62466,35.88292],[128.62421,35.88336],[128.62407,35.88333],[128.62328,35.88316],[128.62313,35.88312],[128.62275,35.88418],[128.6227,35.88435],[128.62279,35.88454],[128.62319,35.88522],[128.62308,35.88554],[128.62283,35.88624],[128.62172,35.88914],[128.62119,35.88961],[128.61989,35.89089],[128.62224,35.89247],[128.62574,35.89091],[128.62806,35.88963]]]]}},{"type":"Feature","properties":{"adm_cd":"22020550","adm_nm":"대구광역시 동구 신암5동"},"geometry":{"type":"MultiPolygon","coordinates":[[[[128.63489,35.89146],[128.63799,35.89009],[128.64164,35.8886],[128.64133,35.88813],[128.64078,35.8876],[128.64036,35.88725],[128.64022,35.88716],[128.63977,35.88698],[128.639,35.88674],[128.63779,35.88644],[128.63707,35.88631],[128.63699,35.88629],[128.63446,35.88586],[128.63433,35.88583],[128.63309,35.88565],[128.62806,35.88963],[128.62896,35.89036],[128.62901,35.89039],[128.6301,35.89128],[128.63022,35.89138],[128.63026,35.89141],[128.63038,35.89196],[128.63042,35.89207],[128.63054,35.89226],[128.6309,35.8927],[128.63119,35.89303],[128.63192,35.89344],[128.63489,35.89146]]]]}},{"type":"Feature","properties":{"adm_cd":"22020560","adm_nm":"대구광역시 동구 신천1·2동"},"geometry":{"type":"MultiPolygon","coordinates":[[[[128.61859,35.86781],[128.61474,35.86818],[128.61201,35.87378],[128.61032,35.8749],[128.61086,35.87497],[128.61658,35.87653],[128.61735,35.87513],[128.61794,35.87397],[128.61884,35.8723],[128.61937,35.87139],[128.6194,35.87133],[128.6198,35.87059],[128.62003,35.87017],[128.62012,35.8696],[128.61859,35.86781]]]]}},{"type":"Feature","properties":{"adm_cd":"22020580","adm_nm":"대구광역시 동구 신천3동"},"geometry":{"type":"MultiPolygon","coordinates":[[[[128.6271,35.86713],[128.61927,35.86774],[128.61859,35.86781],[128.62012,35.8696],[128.62003,35.87017],[128.6198,35.87059],[128.6194,35.87133],[128.61937,35.87139],[128.61884,35.8723],[128.61794,35.87397],[128.61735,35.87513],[128.61658,35.87653],[128.61814,35.87696],[128.61818,35.87697],[128.62091,35.87739],[128.62183,35.87738],[128.62235,35.87728],[128.62269,35.87724],[128.62329,35.87722],[128.62339,35.87723],[128.62564,35.87735],[128.62595,35.87737],[128.62603,35.87738],[128.62666,35.87755],[128.6261,35.87654],[128.62563,35.87542],[128.62534,35.87473],[128.62555,35.87192],[128.62558,35.87175],[128.62578,35.87059],[128.62581,35.87045],[128.62647,35.86845],[128.62648,35.86842],[128.6271,35.86713]]]]}},{"type":"Feature","properties":{"adm_cd":"22020590","adm_nm":"대구광역시 동구 신천4동"},"geometry":{"type":"MultiPolygon","coordinates":[[[[128.63521,35.87213],[128.63485,35.87203],[128.63455,35.87188],[128.63439,35.87181],[128.63391,35.87134],[128.63218,35.86944],[128.63193,35.86915],[128.6307,35.86779],[128.63042,35.86748],[128.62985,35.86682],[128.6271,35.86713],[128.62648,35.86842],[128.62647,35.86845],[128.62581,35.87045],[128.62578,35.87059],[128.62558,35.87175],[128.62555,35.87192],[128.62534,35.87473],[128.62563,35.87542],[128.6261,35.87654],[128.62666,35.87755],[128.62698,35.87798],[128.63045,35.87849],[128.63102,35.87838],[128.63175,35.87776],[128.6324,35.87702],[128.63411,35.8751],[128.63521,35.87213]]]]}},{"type":"Feature","properties":{"adm_cd":"22020600","adm_nm":"대구광역시 동구 효목1동"},"geometry":{"type":"MultiPolygon","coordinates":[[[[128.65424,35.88187],[128.66022,35.87684],[128.65605,35.8761],[128.65417,35.8769],[128.65247,35.87807],[128.65093,35.87849],[128.64972,35.87842],[128.64952,35.87841],[128.64529,35.87684],[128.64491,35.87662],[128.64353,35.87872],[128.64329,35.8791],[128.64309,35.87935],[128.64215,35.88038],[128.64201,35.88044],[128.64198,35.88046],[128.64174,35.88054],[128.6412,35.88074],[128.64064,35.88094],[128.63986,35.88122],[128.63819,35.88148],[128.63803,35.88214],[128.6363,35.88238],[128.63309,35.88565],[128.63433,35.88583],[128.63446,35.88586],[128.63699,35.88629],[128.63707,35.88631],[128.63779,35.88644],[128.639,35.88674],[128.63977,35.88698],[128.64022,35.88716],[128.64036,35.88725],[128.64078,35.8876],[128.64133,35.88813],[128.64164,35.8886],[128.64196,35.88909],[128.64429,35.88771],[128.65424,35.88187]]]]}},{"type":"Feature","properties":{"adm_cd":"22020610","adm_nm":"대구광역시 동구 효목2동"},"geometry":{"type":"MultiPolygon","coordinates":[[[[128.64491,35.87662],[128.64442,35.87632],[128.6395,35.87342],[128.63944,35.87338],[128.63937,35.87334],[128.63923,35.87326],[128.63896,35.87318],[128.63884,35.87315],[128.63879,35.87313],[128.63841,35.87303],[128.6382,35.87297],[128.6379,35.87288],[128.63768,35.87282],[128.63722,35.87269],[128.63587,35.87231],[128.63521,35.87213],[128.63411,35.8751],[128.6324,35.87702],[128.63175,35.87776],[128.63102,35.87838],[128.63045,35.87849],[128.63439,35.87965],[128.63517,35.87989],[128.63524,35.87991],[128.63693,35.88097],[128.63725,35.88121],[128.63656,35.8821],[128.6363,35.88238],[128.63803,35.88214],[128.63819,35.88148],[128.63986,35.88122],[128.64064,35.88094],[128.6412,35.88074],[128.64174,35.88054],[128.64198,35.88046],[128.64201,35.88044],[128.64215,35.88038],[128.64309,35.87935],[128.64329,35.8791],[128.64353,35.87872],[128.64491,35.87662]]]]}},{"type":"Feature","properties":{"adm_cd":"22020620","adm_nm":"대구광역시 동구 도평동"},"geometry":{"type":"MultiPolygon","coordinates":[[[[128.74108,35.93769],[128.74089,35.93716],[128.73952,35.9351],[128.73943,35.93501],[128.73788,35.92983],[128.73463,35.92958],[128.73418,35.93011],[128.734,35.93015],[128.73347,35.93026],[128.73251,35.93001],[128.73173,35.92975],[128.72884,35.92928],[128.72803,35.92956],[128.72707,35.92991],[128.72572,35.93006],[128.71938,35.92933],[128.71809,35.92872],[128.7184,35.92828],[128.71851,35.92813],[128.71702,35.92408],[128.7167,35.92389],[128.71476,35.92286],[128.71269,35.92253],[128.71174,35.92238],[128.711,35.92203],[128.70585,35.91814],[128.70577,35.9175],[128.70572,35.91678],[128.70572,35.91624],[128.70364,35.91449],[128.70288,35.91416],[128.70215,35.91491],[128.6995,35.91791],[128.69896,35.91845],[128.69752,35.91917],[128.69693,35.91939],[128.69526,35.91965],[128.69485,35.91965],[128.69396,35.91964],[128.69274,35.91944],[128.69036,35.91941],[128.68974,35.91948],[128.68874,35.91989],[128.68577,35.92061],[128.68551,35.92051],[128.68545,35.92048],[128.68446,35.92006],[128.68372,35.91944],[128.68189,35.91813],[128.68152,35.91801],[128.68024,35.91771],[128.67954,35.9176],[128.67901,35.91741],[128.67777,35.91663],[128.6769,35.91603],[128.67677,35.91566],[128.67666,35.91533],[128.67632,35.91471],[128.67539,35.91377],[128.67469,35.91319],[128.67399,35.91299],[128.67301,35.91298],[128.67291,35.91298],[128.67257,35.91298],[128.67238,35.91298],[128.67032,35.91005],[128.66927,35.90599],[128.66936,35.90516],[128.66988,35.90332],[128.65878,35.90324],[128.65694,35.9043],[128.65688,35.90453],[128.65739,35.90556],[128.65776,35.90631],[128.65844,35.90769],[128.65518,35.90777],[128.65457,35.90766],[128.65269,35.90759],[128.65126,35.90888],[128.65109,35.9091],[128.64802,35.9088],[128.64605,35.909],[128.64353,35.90895],[128.64262,35.90901],[128.64576,35.91101],[128.6478,35.91339],[128.64839,35.91372],[128.64843,35.91372],[128.64854,35.91375],[128.64922,35.91385],[128.6497,35.91389],[128.64989,35.91392],[128.65014,35.91402],[128.65022,35.91407],[128.65027,35.9141],[128.65067,35.91457],[128.65138,35.91542],[128.65183,35.91622],[128.65177,35.91754],[128.65423,35.9188],[128.6557,35.92008],[128.65599,35.92089],[128.656,35.92099],[128.65601,35.92117],[128.65598,35.92195],[128.65587,35.92254],[128.65568,35.92306],[128.65564,35.92398],[128.65618,35.92678],[128.65702,35.92787],[128.6597,35.92903],[128.66009,35.92917],[128.66055,35.92965],[128.66038,35.93059],[128.66016,35.93157],[128.66039,35.93333],[128.66047,35.9336],[128.66094,35.93409],[128.66134,35.93373],[128.6615,35.93364],[128.66324,35.93313],[128.66355,35.93389],[128.66412,35.93529],[128.66487,35.93717],[128.6649,35.93732],[128.66644,35.94117],[128.66827,35.94354],[128.66923,35.94454],[128.67262,35.9454],[128.67389,35.94554],[128.67697,35.94581],[128.67795,35.94582],[128.679,35.94594],[128.68036,35.94653],[128.68165,35.94714],[128.68208,35.94737],[128.68387,35.94726],[128.68578,35.94654],[128.6861,35.94574],[128.68689,35.94539],[128.69066,35.9453],[128.69153,35.94574],[128.69174,35.94588],[128.69195,35.94602],[128.69216,35.94616],[128.69226,35.94622],[128.69505,35.94637],[128.69535,35.9463],[128.69688,35.9451],[128.69696,35.94496],[128.69705,35.94477],[128.6972,35.94447],[128.69825,35.94354],[128.69916,35.94299],[128.69941,35.94285],[128.70066,35.94255],[128.70113,35.94263],[128.70275,35.94301],[128.7046,35.94354],[128.70575,35.94388],[128.7087,35.94324],[128.71258,35.94261],[128.71684,35.94229],[128.71774,35.94191],[128.71791,35.9418],[128.71922,35.94108],[128.72219,35.94032],[128.723,35.94014],[128.72308,35.94014],[128.72592,35.94049],[128.72661,35.94052],[128.73622,35.93884],[128.73656,35.93858],[128.73771,35.9378],[128.73808,35.93778],[128.73914,35.93771],[128.73945,35.93769],[128.74006,35.93769],[128.74108,35.93769]]]]}},{"type":"Feature","properties":{"adm_cd":"22020630","adm_nm":"대구광역시 동구 불로·봉무동"},"geometry":{"type":"MultiPolygon","coordinates":[[[[128.66094,35.93409],[128.66047,35.9336],[128.66039,35.93333],[128.66016,35.93157],[128.66038,35.93059],[128.66055,35.92965],[128.66009,35.92917],[128.6597,35.92903],[128.65702,35.92787],[128.65618,35.92678],[128.65564,35.92398],[128.65568,35.92306],[128.65587,35.92254],[128.65598,35.92195],[128.65601,35.92117],[128.656,35.92099],[128.65599,35.92089],[128.6557,35.92008],[128.65423,35.9188],[128.65177,35.91754],[128.65183,35.91622],[128.65138,35.91542],[128.65067,35.91457],[128.65027,35.9141],[128.65022,35.91407],[128.65014,35.91402],[128.64989,35.91392],[128.6497,35.91389],[128.64922,35.91385],[128.64854,35.91375],[128.64843,35.91372],[128.64839,35.91372],[128.6478,35.91339],[128.64576,35.91101],[128.64262,35.90901],[128.64353,35.90895],[128.64605,35.909],[128.64802,35.9088],[128.65109,35.9091],[128.65126,35.90888],[128.65057,35.90863],[128.64955,35.90838],[128.64866,35.90802],[128.64738,35.90752],[128.64475,35.90652],[128.64366,35.90637],[128.64223,35.90639],[128.6404,35.90657],[128.63599,35.9016],[128.63553,35.90063],[128.6352,35.89984],[128.63414,35.90038],[128.6331,35.90089],[128.63255,35.90103],[128.632,35.90102],[128.63145,35.90095],[128.6283,35.90034],[128.62724,35.90414],[128.62725,35.9048],[128.62742,35.90555],[128.62748,35.9057],[128.62758,35.90592],[128.62801,35.90687],[128.6282,35.9073],[128.62832,35.90753],[128.62844,35.90767],[128.62888,35.90816],[128.62949,35.90874],[128.62976,35.90899],[128.63114,35.91062],[128.63169,35.9121],[128.63191,35.91269],[128.63239,35.91398],[128.63268,35.91477],[128.63288,35.91566],[128.63287,35.91579],[128.63281,35.91656],[128.63273,35.91705],[128.63272,35.91708],[128.63254,35.91782],[128.63249,35.91792],[128.63231,35.91884],[128.63219,35.91996],[128.63216,35.92047],[128.63207,35.92462],[128.63206,35.92522],[128.63206,35.92565],[128.63205,35.92596],[128.63205,35.92604],[128.63204,35.92608],[128.63198,35.92645],[128.63198,35.92649],[128.63192,35.92662],[128.63174,35.92702],[128.63167,35.92717],[128.63099,35.92808],[128.63082,35.9283],[128.63064,35.92851],[128.63054,35.92862],[128.62927,35.92936],[128.62862,35.92994],[128.62825,35.93034],[128.62585,35.93487],[128.6252,35.93584],[128.6272,35.93559],[128.62764,35.93554],[128.62784,35.93555],[128.62807,35.93557],[128.62836,35.93559],[128.62852,35.93564],[128.62909,35.93585],[128.6296,35.93606],[128.63,35.93623],[128.63172,35.93626],[128.6338,35.93534],[128.63456,35.93498],[128.63477,35.93484],[128.63546,35.93447],[128.63739,35.93386],[128.63826,35.93371],[128.64061,35.93443],[128.64099,35.9346],[128.64173,35.93537],[128.64175,35.93543],[128.64188,35.93635],[128.64195,35.93671],[128.64198,35.93681],[128.64284,35.93837],[128.64483,35.93799],[128.64524,35.93784],[128.64926,35.93878],[128.65113,35.93774],[128.65426,35.93789],[128.65447,35.93781],[128.65848,35.93568],[128.65914,35.93528],[128.66094,35.93409]]]]}},{"type":"Feature","properties":{"adm_cd":"22020650","adm_nm":"대구광역시 동구 지저동"},"geometry":{"type":"MultiPolygon","coordinates":[[[[128.65269,35.90759],[128.65002,35.90556],[128.64765,35.9018],[128.64641,35.89814],[128.64559,35.89543],[128.64365,35.89231],[128.64333,35.89179],[128.64224,35.88956],[128.64203,35.88919],[128.64196,35.88909],[128.64164,35.8886],[128.63799,35.89009],[128.63489,35.89146],[128.63192,35.89344],[128.63006,35.89639],[128.62977,35.89689],[128.62893,35.89874],[128.6286,35.89953],[128.6283,35.90034],[128.63145,35.90095],[128.632,35.90102],[128.63255,35.90103],[128.6331,35.90089],[128.63414,35.90038],[128.6352,35.89984],[128.63553,35.90063],[128.63599,35.9016],[128.6404,35.90657],[128.64223,35.90639],[128.64366,35.90637],[128.64475,35.90652],[128.64738,35.90752],[128.64866,35.90802],[128.64955,35.90838],[128.65057,35.90863],[128.65126,35.90888],[128.65269,35.90759]]]]}},{"type":"Feature","properties":{"adm_cd":"22020660","adm_nm":"대구광역시 동구 동촌동"},"geometry":{"type":"MultiPolygon","coordinates":[[[[128.66988,35.90332],[128.67009,35.90256],[128.66966,35.90008],[128.66894,35.89597],[128.66678,35.89308],[128.66528,35.88971],[128.66134,35.88526],[128.66116,35.88511],[128.66098,35.88498],[128.66074,35.88483],[128.65839,35.88371],[128.65424,35.88187],[128.64429,35.88771],[128.64196,35.88909],[128.64203,35.88919],[128.64224,35.88956],[128.64333,35.89179],[128.64365,35.89231],[128.64559,35.89543],[128.64641,35.89814],[128.64765,35.9018],[128.65002,35.90556],[128.65269,35.90759],[128.65457,35.90766],[128.65518,35.90777],[128.65844,35.90769],[128.65776,35.90631],[128.65739,35.90556],[128.65688,35.90453],[128.65694,35.9043],[128.65878,35.90324],[128.66988,35.90332]]]]}},{"type":"Feature","properties":{"adm_cd":"22020680","adm_nm":"대구광역시 동구 방촌동"},"geometry":{"type":"MultiPolygon","coordinates":[[[[128.67501,35.8776],[128.67333,35.8739],[128.66845,35.87363],[128.66829,35.8736],[128.66633,35.87318],[128.66629,35.87318],[128.66367,35.87278],[128.66342,35.87282],[128.66269,35.87323],[128.66022,35.87684],[128.65424,35.88187],[128.65839,35.88371],[128.65932,35.88343],[128.6609,35.8834],[128.66114,35.88337],[128.66174,35.88319],[128.66209,35.88309],[128.66351,35.88238],[128.66568,35.8814],[128.66974,35.87958],[128.66998,35.87952],[128.67025,35.87944],[128.67076,35.87933],[128.67086,35.87954],[128.67217,35.87918],[128.67471,35.87842],[128.67494,35.8778],[128.67501,35.8776]]]]}},{"type":"Feature","properties":{"adm_cd":"22020690","adm_nm":"대구광역시 동구 해안동"},"geometry":{"type":"MultiPolygon","coordinates":[[[[128.70288,35.91416],[128.7034,35.91303],[128.7053,35.9126],[128.7063,35.9119],[128.70679,35.91131],[128.70787,35.9092],[128.70764,35.90629],[128.70762,35.90613],[128.70705,35.9049],[128.70209,35.89877],[128.7004,35.89777],[128.7001,35.89572],[128.70082,35.89453],[128.7014,35.893],[128.70163,35.89126],[128.70128,35.88964],[128.70063,35.88907],[128.70005,35.88865],[128.69968,35.88842],[128.6989,35.88776],[128.69877,35.8876],[128.69815,35.88678],[128.69829,35.88588],[128.69839,35.88542],[128.69855,35.88468],[128.69865,35.88425],[128.69873,35.88411],[128.69883,35.88388],[128.69898,35.88351],[128.69913,35.88295],[128.69925,35.88241],[128.69916,35.88069],[128.69883,35.88057],[128.69662,35.88039],[128.69124,35.88012],[128.69117,35.88014],[128.69106,35.88018],[128.69099,35.88026],[128.69024,35.88237],[128.69016,35.88274],[128.68976,35.88283],[128.68905,35.88283],[128.6886,35.88283],[128.68803,35.88282],[128.68767,35.88278],[128.68755,35.88275],[128.68748,35.88273],[128.68711,35.88264],[128.68703,35.88259],[128.68676,35.88241],[128.68668,35.88235],[128.68665,35.8823],[128.68504,35.88022],[128.68482,35.87951],[128.68481,35.87929],[128.68486,35.87909],[128.68491,35.87892],[128.68491,35.87872],[128.6849,35.87834],[128.68488,35.87824],[128.6848,35.87793],[128.68474,35.87781],[128.67995,35.87767],[128.67501,35.8776],[128.67494,35.8778],[128.67471,35.87842],[128.67217,35.87918],[128.67086,35.87954],[128.67076,35.87933],[128.67025,35.87944],[128.66998,35.87952],[128.66974,35.87958],[128.66568,35.8814],[128.66351,35.88238],[128.66209,35.88309],[128.66174,35.88319],[128.66114,35.88337],[128.6609,35.8834],[128.65932,35.88343],[128.65839,35.88371],[128.66074,35.88483],[128.66098,35.88498],[128.66116,35.88511],[128.66134,35.88526],[128.66528,35.88971],[128.66678,35.89308],[128.66894,35.89597],[128.66966,35.90008],[128.67009,35.90256],[128.66988,35.90332],[128.66936,35.90516],[128.66927,35.90599],[128.67032,35.91005],[128.67238,35.91298],[128.67257,35.91298],[128.67291,35.91298],[128.67301,35.91298],[128.67399,35.91299],[128.67469,35.91319],[128.67539,35.91377],[128.67632,35.91471],[128.67666,35.91533],[128.67677,35.91566],[128.6769,35.91603],[128.67777,35.91663],[128.67901,35.91741],[128.67954,35.9176],[128.68024,35.91771],[128.68152,35.91801],[128.68189,35.91813],[128.68372,35.91944],[128.68446,35.92006],[128.68545,35.92048],[128.68551,35.92051],[128.68577,35.92061],[128.68874,35.91989],[128.68974,35.91948],[128.69036,35.91941],[128.69274,35.91944],[128.69396,35.91964],[128.69485,35.91965],[128.69526,35.91965],[128.69693,35.91939],[128.69752,35.91917],[128.69896,35.91845],[128.6995,35.91791],[128.70215,35.91491],[128.70288,35.91416]]]]}},{"type":"Feature","properties":{"adm_cd":"22020710","adm_nm":"대구광역시 동구 공산동"},"geometry":{"type":"MultiPolygon","coordinates":[[[[128.69525,36.0163],[128.69738,36.01317],[128.70052,36.01121],[128.70356,36.01069],[128.70541,36.01026],[128.70928,36.00927],[128.71087,36.00875],[128.71518,36.0079],[128.71705,36.00822],[128.71876,36.00806],[128.72146,36.00689],[128.72328,36.00595],[128.72556,36.00481],[128.72572,36.0047],[128.7259,36.00453],[128.72886,36.00169],[128.7289,36.00164],[128.72895,36.0016],[128.72898,36.00154],[128.72903,36.00137],[128.72906,36.00123],[128.72913,36.00089],[128.72921,36.00034],[128.7292,36.00026],[128.72919,36.00017],[128.72901,35.99898],[128.72882,35.99802],[128.72884,35.99796],[128.72893,35.99781],[128.72897,35.99775],[128.72902,35.99771],[128.72912,35.99764],[128.72916,35.99762],[128.72922,35.99758],[128.72928,35.99756],[128.72935,35.99755],[128.73005,35.99753],[128.732,35.99709],[128.73369,35.99516],[128.73381,35.99502],[128.73391,35.9949],[128.73398,35.9948],[128.73401,35.99476],[128.73401,35.99472],[128.73398,35.99466],[128.73394,35.99457],[128.73381,35.99434],[128.73375,35.99428],[128.73365,35.99415],[128.73364,35.99413],[128.73363,35.99407],[128.73364,35.99399],[128.73367,35.99395],[128.73371,35.99389],[128.73377,35.99384],[128.7348,35.99308],[128.73487,35.99304],[128.73516,35.9929],[128.73497,35.99225],[128.73495,35.9922],[128.73485,35.99207],[128.73448,35.99159],[128.73441,35.99151],[128.73413,35.99128],[128.7335,35.9908],[128.73231,35.98978],[128.7321,35.98919],[128.73142,35.98724],[128.73139,35.98713],[128.73138,35.98706],[128.73137,35.98695],[128.73137,35.9869],[128.7316,35.98544],[128.73173,35.98495],[128.73282,35.9829],[128.73286,35.98285],[128.73289,35.98281],[128.73296,35.98277],[128.73325,35.98269],[128.73385,35.98252],[128.73475,35.98226],[128.73523,35.98207],[128.73632,35.98163],[128.73636,35.9816],[128.73639,35.98158],[128.73641,35.98152],[128.7364,35.98067],[128.73639,35.98057],[128.73635,35.98037],[128.73628,35.98019],[128.73621,35.9797],[128.73627,35.97892],[128.73629,35.97887],[128.73633,35.97881],[128.73637,35.97875],[128.73787,35.97709],[128.73814,35.97683],[128.73829,35.9767],[128.73848,35.97654],[128.73876,35.97635],[128.73884,35.97631],[128.74107,35.97523],[128.74161,35.97507],[128.7418,35.97503],[128.74198,35.97499],[128.74252,35.9749],[128.74291,35.97484],[128.74312,35.97479],[128.74331,35.9747],[128.74495,35.97398],[128.745,35.97394],[128.74566,35.97317],[128.7457,35.97311],[128.74607,35.97193],[128.74607,35.97143],[128.74608,35.97106],[128.74606,35.97081],[128.74562,35.96791],[128.74453,35.96667],[128.74438,35.96654],[128.74414,35.96607],[128.74288,35.96209],[128.74273,35.9614],[128.74263,35.96109],[128.74213,35.95979],[128.74176,35.95923],[128.74093,35.9583],[128.74079,35.95818],[128.74064,35.95805],[128.74019,35.95774],[128.73903,35.95532],[128.74179,35.94797],[128.7434,35.94553],[128.74345,35.94548],[128.74351,35.94541],[128.74461,35.94447],[128.74468,35.94443],[128.74476,35.9444],[128.74492,35.94437],[128.74508,35.94436],[128.74524,35.94436],[128.74557,35.94437],[128.74505,35.9441],[128.74497,35.94405],[128.74487,35.94396],[128.74473,35.94379],[128.74255,35.94009],[128.74108,35.93769],[128.74006,35.93769],[128.73945,35.93769],[128.73914,35.93771],[128.73808,35.93778],[128.73771,35.9378],[128.73656,35.93858],[128.73622,35.93884],[128.72661,35.94052],[128.72592,35.94049],[128.72308,35.94014],[128.723,35.94014],[128.72219,35.94032],[128.71922,35.94108],[128.71791,35.9418],[128.71774,35.94191],[128.71684,35.94229],[128.71258,35.94261],[128.7087,35.94324],[128.70575,35.94388],[128.7046,35.94354],[128.70275,35.94301],[128.70113,35.94263],[128.70066,35.94255],[128.69941,35.94285],[128.69916,35.94299],[128.69825,35.94354],[128.6972,35.94447],[128.69705,35.94477],[128.69696,35.94496],[128.69688,35.9451],[128.69535,35.9463],[128.69505,35.94637],[128.69226,35.94622],[128.69216,35.94616],[128.69195,35.94602],[128.69174,35.94588],[128.69153,35.94574],[128.69066,35.9453],[128.68689,35.94539],[128.6861,35.94574],[128.68578,35.94654],[128.68387,35.94726],[128.68208,35.94737],[128.68165,35.94714],[128.68036,35.94653],[128.679,35.94594],[128.67795,35.94582],[128.67697,35.94581],[128.67389,35.94554],[128.67262,35.9454],[128.66923,35.94454],[128.66827,35.94354],[128.66644,35.94117],[128.6649,35.93732],[128.66487,35.93717],[128.66412,35.93529],[128.66355,35.93389],[128.66324,35.93313],[128.6615,35.93364],[128.66134,35.93373],[128.66094,35.93409],[128.65914,35.93528],[128.65848,35.93568],[128.65447,35.93781],[128.65426,35.93789],[128.65113,35.93774],[128.64926,35.93878],[128.64524,35.93784],[128.64483,35.93799],[128.64284,35.93837],[128.64198,35.93681],[128.64195,35.93671],[128.64188,35.93635],[128.64175,35.93543],[128.64173,35.93537],[128.64099,35.9346],[128.64061,35.93443],[128.63826,35.93371],[128.63739,35.93386],[128.63546,35.93447],[128.63477,35.93484],[128.63456,35.93498],[128.6338,35.93534],[128.63172,35.93626],[128.63,35.93623],[128.6296,35.93606],[128.62909,35.93585],[128.62852,35.93564],[128.62836,35.93559],[128.62807,35.93557],[128.62784,35.93555],[128.62764,35.93554],[128.6272,35.93559],[128.6252,35.93584],[128.62506,35.93601],[128.62481,35.93661],[128.62483,35.93698],[128.62489,35.93747],[128.62504,35.93801],[128.62558,35.93838],[128.62584,35.93857],[128.62601,35.9387],[128.62621,35.93885],[128.62635,35.93897],[128.62647,35.93907],[128.62667,35.94058],[128.62693,35.94437],[128.62702,35.9457],[128.62671,35.94599],[128.62618,35.94627],[128.6257,35.94648],[128.6234,35.94731],[128.6231,35.94867],[128.62316,35.94966],[128.62354,35.95252],[128.62418,35.95475],[128.62521,35.956],[128.62538,35.95611],[128.6256,35.95626],[128.62586,35.95642],[128.62624,35.95844],[128.62487,35.96087],[128.62057,35.96815],[128.61919,35.96981],[128.61862,35.97016],[128.6184,35.9703],[128.6179,35.97084],[128.61795,35.97128],[128.6181,35.97231],[128.61867,35.97308],[128.619,35.97351],[128.61941,35.97406],[128.61951,35.9742],[128.61949,35.97498],[128.61909,35.97626],[128.61859,35.97677],[128.61763,35.9775],[128.61664,35.97767],[128.61537,35.9792],[128.61498,35.97969],[128.61469,35.98011],[128.61401,35.98111],[128.61391,35.98127],[128.61389,35.9814],[128.61391,35.98171],[128.61391,35.98183],[128.61389,35.98192],[128.61384,35.982],[128.6135,35.98257],[128.61335,35.98277],[128.61323,35.98292],[128.6109,35.98508],[128.61051,35.98538],[128.60988,35.98584],[128.60706,35.98751],[128.60676,35.98769],[128.60656,35.9878],[128.60638,35.98788],[128.60558,35.98821],[128.60542,35.98827],[128.60519,35.98833],[128.60498,35.98837],[128.60384,35.98853],[128.60295,35.98939],[128.60294,35.98942],[128.60294,35.98945],[128.60342,35.98969],[128.60382,35.98984],[128.60406,35.98992],[128.60462,35.99013],[128.60513,35.99033],[128.60574,35.99064],[128.60602,35.9908],[128.6063,35.99098],[128.60958,35.99507],[128.61141,35.99741],[128.61255,35.999],[128.61261,35.99906],[128.6127,35.99911],[128.61278,35.99913],[128.61289,35.99916],[128.61304,35.99918],[128.61334,35.99917],[128.61357,35.99917],[128.61367,35.99918],[128.61441,35.99967],[128.61454,35.99976],[128.61582,36.00075],[128.61591,36.00082],[128.61594,36.00087],[128.61618,36.00143],[128.61711,36.00433],[128.61713,36.00448],[128.61724,36.00511],[128.62005,36.00628],[128.62466,36.0077],[128.62475,36.00773],[128.62485,36.00775],[128.62624,36.00795],[128.62649,36.00798],[128.62713,36.00799],[128.63224,36.00812],[128.63883,36.00922],[128.63888,36.00923],[128.63964,36.00962],[128.63976,36.00973],[128.64061,36.01055],[128.64162,36.01031],[128.64178,36.01028],[128.6419,36.01026],[128.64215,36.01025],[128.64263,36.01029],[128.64292,36.01034],[128.64336,36.01043],[128.64347,36.01045],[128.64373,36.01052],[128.64399,36.01057],[128.64413,36.01058],[128.64423,36.01057],[128.64428,36.01056],[128.64777,36.00932],[128.65005,36.00824],[128.65032,36.00803],[128.65052,36.00789],[128.65077,36.00775],[128.65081,36.00773],[128.65095,36.00767],[128.65115,36.00762],[128.65122,36.00763],[128.65129,36.00765],[128.65311,36.00843],[128.65318,36.00846],[128.65324,36.0085],[128.65335,36.0086],[128.65509,36.00973],[128.65899,36.01039],[128.65907,36.0104],[128.6617,36.01061],[128.66302,36.01062],[128.66327,36.0106],[128.66335,36.01059],[128.66422,36.01061],[128.66433,36.01062],[128.66442,36.01064],[128.66446,36.01066],[128.66455,36.01071],[128.66467,36.0108],[128.66569,36.01176],[128.66573,36.01181],[128.66576,36.01188],[128.66589,36.01228],[128.66593,36.01248],[128.66625,36.01306],[128.66669,36.01356],[128.66673,36.0136],[128.66691,36.01373],[128.6673,36.01395],[128.66741,36.014],[128.66779,36.01411],[128.66791,36.01414],[128.66799,36.01414],[128.67334,36.01406],[128.6765,36.01398],[128.67666,36.01398],[128.67676,36.01399],[128.68362,36.01469],[128.68468,36.01443],[128.685,36.01437],[128.68509,36.01436],[128.68666,36.01425],[128.68732,36.01423],[128.69041,36.01461],[128.6906,36.01463],[128.69081,36.01469],[128.69087,36.01471],[128.69101,36.01477],[128.69135,36.01496],[128.69198,36.01533],[128.69206,36.0154],[128.69211,36.01546],[128.69223,36.01568],[128.69228,36.01575],[128.69233,36.01579],[128.69246,36.01585],[128.69273,36.01595],[128.69422,36.01639],[128.69443,36.01643],[128.69474,36.01645],[128.69493,36.01642],[128.69507,36.01639],[128.69512,36.01637],[128.69525,36.0163]]]]}},{"type":"Feature","properties":{"adm_cd":"22020730","adm_nm":"대구광역시 동구 안심1동"},"geometry":{"type":"MultiPolygon","coordinates":[[[[128.70871,35.87293],[128.70911,35.87223],[128.70902,35.87098],[128.709,35.87089],[128.70897,35.87077],[128.70895,35.87074],[128.7089,35.87066],[128.70856,35.87038],[128.70769,35.86503],[128.70638,35.86164],[128.70632,35.86155],[128.70621,35.86145],[128.70558,35.86098],[128.70548,35.8609],[128.70494,35.86041],[128.70488,35.86034],[128.70483,35.86027],[128.70435,35.85916],[128.70411,35.85824],[128.70403,35.85768],[128.69986,35.85785],[128.69893,35.8579],[128.6975,35.85797],[128.69672,35.85801],[128.69472,35.85811],[128.69387,35.85812],[128.69289,35.85812],[128.6925,35.85812],[128.69188,35.85816],[128.6892,35.85856],[128.68731,35.85896],[128.68724,35.85897],[128.68664,35.85911],[128.68636,35.85917],[128.68569,35.85936],[128.68224,35.86047],[128.68175,35.86077],[128.68105,35.86132],[128.68066,35.86173],[128.68029,35.86224],[128.68023,35.86282],[128.68013,35.86679],[128.68111,35.86688],[128.68214,35.86702],[128.68398,35.86734],[128.68594,35.86821],[128.68588,35.86896],[128.68583,35.86961],[128.68754,35.87],[128.68931,35.87032],[128.69102,35.8706],[128.69153,35.87072],[128.69482,35.87241],[128.69519,35.8726],[128.6955,35.87276],[128.69567,35.87288],[128.69585,35.87303],[128.69593,35.87312],[128.6963,35.8736],[128.69652,35.87386],[128.69749,35.87477],[128.69836,35.87441],[128.6987,35.87456],[128.69876,35.87458],[128.69908,35.87469],[128.69931,35.87469],[128.70635,35.87358],[128.70649,35.87355],[128.70656,35.87354],[128.7066,35.87353],[128.70725,35.87339],[128.70745,35.87334],[128.7075,35.87332],[128.70871,35.87293]]]]}},{"type":"Feature","properties":{"adm_cd":"22020740","adm_nm":"대구광역시 동구 안심2동"},"geometry":{"type":"MultiPolygon","coordinates":[[[[128.73788,35.92983],[128.73787,35.9298],[128.73785,35.9297],[128.73785,35.92964],[128.73785,35.92956],[128.73785,35.92949],[128.73833,35.92849],[128.73839,35.92839],[128.74006,35.9269],[128.74159,35.9253],[128.74446,35.92192],[128.74287,35.92018],[128.74287,35.91982],[128.74325,35.91893],[128.74351,35.91835],[128.74191,35.91537],[128.7417,35.91531],[128.74148,35.91524],[128.74102,35.91509],[128.74005,35.91303],[128.73975,35.91225],[128.73958,35.91182],[128.73951,35.91165],[128.73765,35.90891],[128.73357,35.90525],[128.73209,35.90474],[128.73189,35.90468],[128.73169,35.90461],[128.73142,35.90453],[128.73083,35.90434],[128.73075,35.90432],[128.7301,35.90417],[128.72975,35.90409],[128.72945,35.90402],[128.72914,35.90395],[128.7284,35.90378],[128.72668,35.90336],[128.72424,35.90143],[128.72341,35.90073],[128.72279,35.90018],[128.71869,35.90053],[128.71785,35.90061],[128.71555,35.89893],[128.71535,35.89866],[128.71494,35.89797],[128.71456,35.8973],[128.71417,35.8966],[128.71334,35.89504],[128.71285,35.89392],[128.71271,35.89324],[128.71033,35.89304],[128.71008,35.89323],[128.70986,35.89336],[128.70978,35.89336],[128.70971,35.89335],[128.70957,35.8933],[128.70839,35.89203],[128.70829,35.8919],[128.70823,35.89177],[128.70791,35.89117],[128.70782,35.89097],[128.70745,35.8865],[128.70776,35.88045],[128.70801,35.87755],[128.70853,35.87399],[128.70871,35.87293],[128.7075,35.87332],[128.70745,35.87334],[128.70725,35.87339],[128.7066,35.87353],[128.70656,35.87354],[128.70649,35.87355],[128.70635,35.87358],[128.69931,35.87469],[128.69908,35.87469],[128.69876,35.87458],[128.6987,35.87456],[128.69836,35.87441],[128.69749,35.87477],[128.69652,35.87386],[128.6963,35.8736],[128.69593,35.87312],[128.69585,35.87303],[128.69567,35.87288],[128.6955,35.87276],[128.69519,35.8726],[128.69482,35.87241],[128.69153,35.87072],[128.69102,35.8706],[128.68931,35.87032],[128.68754,35.87],[128.68583,35.86961],[128.68588,35.86896],[128.68594,35.86821],[128.68398,35.86734],[128.68214,35.86702],[128.68111,35.86688],[128.68013,35.86679],[128.68001,35.8672],[128.6795,35.86822],[128.67749,35.87155],[128.67606,35.87334],[128.67333,35.8739],[128.67501,35.8776],[128.67995,35.87767],[128.68474,35.87781],[128.6848,35.87793],[128.68488,35.87824],[128.6849,35.87834],[128.68491,35.87872],[128.68491,35.87892],[128.68486,35.87909],[128.68481,35.87929],[128.68482,35.87951],[128.68504,35.88022],[128.68665,35.8823],[128.68668,35.88235],[128.68676,35.88241],[128.68703,35.88259],[128.68711,35.88264],[128.68748,35.88273],[128.68755,35.88275],[128.68767,35.88278],[128.68803,35.88282],[128.6886,35.88283],[128.68905,35.88283],[128.68976,35.88283],[128.69016,35.88274],[128.69024,35.88237],[128.69099,35.88026],[128.69106,35.88018],[128.69117,35.88014],[128.69124,35.88012],[128.69662,35.88039],[128.69883,35.88057],[128.69916,35.88069],[128.69925,35.88241],[128.69913,35.88295],[128.69898,35.88351],[128.69883,35.88388],[128.69873,35.88411],[128.69865,35.88425],[128.69855,35.88468],[128.69839,35.88542],[128.69829,35.88588],[128.69815,35.88678],[128.69877,35.8876],[128.6989,35.88776],[128.69968,35.88842],[128.70005,35.88865],[128.70063,35.88907],[128.70128,35.88964],[128.70163,35.89126],[128.7014,35.893],[128.70082,35.89453],[128.7001,35.89572],[128.7004,35.89777],[128.70209,35.89877],[128.70705,35.9049],[128.70762,35.90613],[128.70764,35.90629],[128.70787,35.9092],[128.70679,35.91131],[128.7063,35.9119],[128.7053,35.9126],[128.7034,35.91303],[128.70288,35.91416],[128.70364,35.91449],[128.70572,35.91624],[128.70572,35.91678],[128.70577,35.9175],[128.70585,35.91814],[128.711,35.92203],[128.71174,35.92238],[128.71269,35.92253],[128.71476,35.92286],[128.7167,35.92389],[128.71702,35.92408],[128.71851,35.92813],[128.7184,35.92828],[128.71809,35.92872],[128.71938,35.92933],[128.72572,35.93006],[128.72707,35.92991],[128.72803,35.92956],[128.72884,35.92928],[128.73173,35.92975],[128.73251,35.93001],[128.73347,35.93026],[128.734,35.93015],[128.73418,35.93011],[128.73463,35.92958],[128.73788,35.92983]]]]}},{"type":"Feature","properties":{"adm_cd":"22020770","adm_nm":"대구광역시 동구 안심4동"},"geometry":{"type":"MultiPolygon","coordinates":[[[[128.70801,35.87755],[128.70992,35.87699],[128.71608,35.8764],[128.72756,35.87543],[128.73427,35.87484],[128.73366,35.87382],[128.73314,35.87274],[128.7326,35.87143],[128.73327,35.87116],[128.72756,35.86917],[128.723,35.86758],[128.71861,35.86618],[128.7177,35.86587],[128.71348,35.86601],[128.71343,35.8654],[128.71496,35.86239],[128.71427,35.86236],[128.71411,35.8623],[128.71142,35.86084],[128.70612,35.85826],[128.70403,35.85768],[128.70411,35.85824],[128.70435,35.85916],[128.70483,35.86027],[128.70488,35.86034],[128.70494,35.86041],[128.70548,35.8609],[128.70558,35.86098],[128.70621,35.86145],[128.70632,35.86155],[128.70638,35.86164],[128.70769,35.86503],[128.70856,35.87038],[128.7089,35.87066],[128.70895,35.87074],[128.70897,35.87077],[128.709,35.87089],[128.70902,35.87098],[128.70911,35.87223],[128.70871,35.87293],[128.70853,35.87399],[128.70801,35.87755]]]]}},{"type":"Feature","properties":{"adm_cd":"22030510","adm_nm":"대구광역시 서구 내당1동"},"geometry":{"type":"MultiPolygon","coordinates":[[[[128.56771,35.86108],[128.55847,35.85825],[128.55725,35.85784],[128.55616,35.86357],[128.55937,35.86426],[128.5638,35.86578],[128.56556,35.86622],[128.56601,35.86426],[128.56771,35.86108]]]]}},{"type":"Feature","properties":{"adm_cd":"22030520","adm_nm":"대구광역시 서구 내당2·3동"},"geometry":{"type":"MultiPolygon","coordinates":[[[[128.57938,35.87047],[128.57972,35.87031],[128.57965,35.87013],[128.5796,35.87005],[128.57883,35.86908],[128.57854,35.86883],[128.57778,35.86822],[128.57772,35.86818],[128.57615,35.86713],[128.57564,35.86679],[128.57505,35.86638],[128.57498,35.86632],[128.5738,35.86535],[128.57406,35.86367],[128.5742,35.86268],[128.56771,35.86108],[128.56601,35.86426],[128.56556,35.86622],[128.56796,35.86671],[128.56993,35.86697],[128.57094,35.86714],[128.57115,35.86717],[128.57376,35.86784],[128.57443,35.86805],[128.57678,35.86898],[128.57736,35.86932],[128.57739,35.86938],[128.57882,35.87078],[128.57938,35.87047]]]]}},{"type":"Feature","properties":{"adm_cd":"22030530","adm_nm":"대구광역시 서구 내당4동"},"geometry":{"type":"MultiPolygon","coordinates":[[[[128.55725,35.85784],[128.55723,35.85774],[128.55355,35.85639],[128.5535,35.85646],[128.55263,35.85614],[128.54933,35.85493],[128.54913,35.85485],[128.54807,35.85457],[128.54508,35.85607],[128.54395,35.85959],[128.54365,35.86007],[128.54387,35.86018],[128.54491,35.86064],[128.54637,35.86128],[128.54792,35.86197],[128.54919,35.86252],[128.55077,35.86275],[128.55345,35.8631],[128.55616,35.86357],[128.55725,35.85784]]]]}},{"type":"Feature","properties":{"adm_cd":"22030540","adm_nm":"대구광역시 서구 비산1동"},"geometry":{"type":"MultiPolygon","coordinates":[[[[128.57269,35.8829],[128.57171,35.88059],[128.57145,35.87976],[128.56813,35.8796],[128.56314,35.88058],[128.5589,35.881],[128.55802,35.88139],[128.56617,35.88416],[128.56633,35.8842],[128.56639,35.88422],[128.56664,35.88428],[128.56696,35.88434],[128.56728,35.8844],[128.56783,35.88445],[128.56797,35.88445],[128.56805,35.88446],[128.56811,35.88445],[128.56875,35.88437],[128.56929,35.88427],[128.56979,35.88414],[128.56993,35.8841],[128.57018,35.88403],[128.57097,35.88379],[128.57157,35.88353],[128.5716,35.88351],[128.57213,35.88324],[128.57224,35.88318],[128.57269,35.8829]]]]}},{"type":"Feature","properties":{"adm_cd":"22030550","adm_nm":"대구광역시 서구 비산2·3동"},"geometry":{"type":"MultiPolygon","coordinates":[[[[128.57794,35.8795],[128.57839,35.87624],[128.57931,35.87533],[128.57847,35.87536],[128.57806,35.87558],[128.57694,35.87619],[128.57686,35.87623],[128.57665,35.87606],[128.5756,35.87405],[128.57559,35.87347],[128.57559,35.87343],[128.57563,35.87309],[128.57566,35.87304],[128.57681,35.87196],[128.57697,35.87196],[128.57793,35.87204],[128.57891,35.87238],[128.57927,35.87259],[128.57937,35.87265],[128.57954,35.87277],[128.57938,35.87047],[128.57882,35.87078],[128.5771,35.87168],[128.577,35.87173],[128.57657,35.87187],[128.57646,35.8719],[128.57111,35.87245],[128.57119,35.87602],[128.57145,35.87976],[128.57171,35.88059],[128.57269,35.8829],[128.57364,35.88202],[128.57507,35.8808],[128.57526,35.88066],[128.57562,35.8804],[128.57571,35.88035],[128.57676,35.87981],[128.57761,35.87955],[128.57794,35.8795]]]]}},{"type":"Feature","properties":{"adm_cd":"22030560","adm_nm":"대구광역시 서구 비산4동"},"geometry":{"type":"MultiPolygon","coordinates":[[[[128.57882,35.87078],[128.57739,35.86938],[128.57736,35.86932],[128.57678,35.86898],[128.57443,35.86805],[128.57376,35.86784],[128.57115,35.86717],[128.57094,35.86714],[128.56993,35.86697],[128.56796,35.86671],[128.56827,35.86974],[128.56768,35.8722],[128.57111,35.87245],[128.57646,35.8719],[128.57657,35.87187],[128.577,35.87173],[128.5771,35.87168],[128.57882,35.87078]]]]}},{"type":"Feature","properties":{"adm_cd":"22030570","adm_nm":"대구광역시 서구 비산5동"},"geometry":{"type":"MultiPolygon","coordinates":[[[[128.56853,35.88881],[128.57112,35.88688],[128.57226,35.88603],[128.57292,35.88548],[128.57356,35.88495],[128.57278,35.88311],[128.57269,35.8829],[128.57224,35.88318],[128.57213,35.88324],[128.5716,35.88351],[128.57157,35.88353],[128.57097,35.88379],[128.57018,35.88403],[128.56993,35.8841],[128.56979,35.88414],[128.56929,35.88427],[128.56875,35.88437],[128.56811,35.88445],[128.56805,35.88446],[128.56797,35.88445],[128.56783,35.88445],[128.56728,35.8844],[128.56696,35.88434],[128.56664,35.88428],[128.56639,35.88422],[128.56633,35.8842],[128.56617,35.88416],[128.56297,35.88962],[128.5665,35.88911],[128.56853,35.88881]]]]}},{"type":"Feature","properties":{"adm_cd":"22030580","adm_nm":"대구광역시 서구 비산6동"},"geometry":{"type":"MultiPolygon","coordinates":[[[[128.57111,35.87245],[128.56768,35.8722],[128.56716,35.87218],[128.56745,35.87592],[128.56813,35.8796],[128.57145,35.87976],[128.57119,35.87602],[128.57111,35.87245]]]]}},{"type":"Feature","properties":{"adm_cd":"22030590","adm_nm":"대구광역시 서구 비산7동"},"geometry":{"type":"MultiPolygon","coordinates":[[[[128.55203,35.89417],[128.5519,35.89405],[128.55197,35.89396],[128.55254,35.89331],[128.55275,35.89307],[128.55431,35.89127],[128.55509,35.89077],[128.55617,35.89057],[128.55849,35.89025],[128.55961,35.89009],[128.56297,35.88962],[128.56617,35.88416],[128.55802,35.88139],[128.55501,35.8809],[128.55475,35.88264],[128.54264,35.88348],[128.5419,35.88353],[128.53777,35.88381],[128.53708,35.88393],[128.53651,35.88415],[128.53586,35.88449],[128.53509,35.88494],[128.53372,35.88582],[128.53246,35.88664],[128.53118,35.88763],[128.5348,35.88797],[128.53658,35.88842],[128.53876,35.88931],[128.54211,35.89135],[128.54275,35.89246],[128.54435,35.89313],[128.54601,35.89383],[128.54659,35.89402],[128.54686,35.89411],[128.55074,35.89541],[128.55101,35.8955],[128.5519,35.89435],[128.55203,35.89417]]]]}},{"type":"Feature","properties":{"adm_cd":"22030600","adm_nm":"대구광역시 서구 평리1동"},"geometry":{"type":"MultiPolygon","coordinates":[[[[128.56813,35.8796],[128.56745,35.87592],[128.56716,35.87218],[128.56289,35.87202],[128.56314,35.88058],[128.56813,35.8796]]]]}},{"type":"Feature","properties":{"adm_cd":"22030610","adm_nm":"대구광역시 서구 평리2동"},"geometry":{"type":"MultiPolygon","coordinates":[[[[128.56796,35.86671],[128.56556,35.86622],[128.5638,35.86578],[128.56289,35.87202],[128.56716,35.87218],[128.56768,35.8722],[128.56827,35.86974],[128.56796,35.86671]]]]}},{"type":"Feature","properties":{"adm_cd":"22030620","adm_nm":"대구광역시 서구 평리3동"},"geometry":{"type":"MultiPolygon","coordinates":[[[[128.56314,35.88058],[128.56289,35.87202],[128.55497,35.8706],[128.55491,35.87556],[128.55501,35.8809],[128.55802,35.88139],[128.5589,35.881],[128.56314,35.88058]]]]}},{"type":"Feature","properties":{"adm_cd":"22030630","adm_nm":"대구광역시 서구 평리4동"},"geometry":{"type":"MultiPolygon","coordinates":[[[[128.5638,35.86578],[128.55937,35.86426],[128.55616,35.86357],[128.55345,35.8631],[128.55215,35.87007],[128.55497,35.8706],[128.56289,35.87202],[128.5638,35.86578]]]]}},{"type":"Feature","properties":{"adm_cd":"22030640","adm_nm":"대구광역시 서구 평리5동"},"geometry":{"type":"MultiPolygon","coordinates":[[[[128.55497,35.8706],[128.55215,35.87007],[128.54662,35.86896],[128.54686,35.87398],[128.55491,35.87556],[128.55497,35.8706]]]]}},{"type":"Feature","properties":{"adm_cd":"22030650","adm_nm":"대구광역시 서구 평리6동"},"geometry":{"type":"MultiPolygon","coordinates":[[[[128.55501,35.8809],[128.55491,35.87556],[128.54686,35.87398],[128.54687,35.87408],[128.54715,35.8789],[128.54564,35.88134],[128.54527,35.88135],[128.54264,35.8815],[128.54243,35.88151],[128.54248,35.8821],[128.54264,35.88348],[128.55475,35.88264],[128.55501,35.8809]]]]}},{"type":"Feature","properties":{"adm_cd":"22030660","adm_nm":"대구광역시 서구 상중이동"},"geometry":{"type":"MultiPolygon","coordinates":[[[[128.53118,35.88763],[128.53246,35.88664],[128.53372,35.88582],[128.53509,35.88494],[128.53586,35.88449],[128.53651,35.88415],[128.53708,35.88393],[128.53777,35.88381],[128.5419,35.88353],[128.54264,35.88348],[128.54248,35.8821],[128.54243,35.88151],[128.54264,35.8815],[128.54527,35.88135],[128.54564,35.88134],[128.54715,35.8789],[128.54687,35.87408],[128.54686,35.87398],[128.54662,35.86896],[128.55215,35.87007],[128.55345,35.8631],[128.55077,35.86275],[128.54919,35.86252],[128.54792,35.86197],[128.54637,35.86128],[128.54491,35.86064],[128.54387,35.86018],[128.54365,35.86007],[128.54395,35.85959],[128.54508,35.85607],[128.54361,35.8558],[128.54023,35.8563],[128.53989,35.85907],[128.5333,35.8591],[128.5337,35.86096],[128.53392,35.86195],[128.534,35.86233],[128.53396,35.86234],[128.53281,35.86277],[128.53127,35.86334],[128.52933,35.86365],[128.52858,35.86375],[128.52745,35.86388],[128.5267,35.86392],[128.52636,35.86394],[128.52567,35.86456],[128.52553,35.86474],[128.52531,35.866],[128.52488,35.86729],[128.52095,35.8677],[128.52081,35.86774],[128.52059,35.8681],[128.51915,35.86958],[128.51979,35.87021],[128.51988,35.8703],[128.51995,35.87037],[128.52008,35.87054],[128.5203,35.87081],[128.52032,35.87085],[128.52034,35.8709],[128.52049,35.87122],[128.52057,35.87141],[128.52064,35.87157],[128.52121,35.87307],[128.52123,35.87317],[128.52123,35.87328],[128.52093,35.87599],[128.52083,35.87636],[128.52055,35.87737],[128.52046,35.87767],[128.52044,35.87774],[128.52035,35.87805],[128.51981,35.87904],[128.51955,35.87948],[128.51908,35.88025],[128.51905,35.88029],[128.519,35.88035],[128.51887,35.88052],[128.51876,35.88065],[128.51871,35.88069],[128.51861,35.88075],[128.51789,35.88159],[128.51723,35.8828],[128.5172,35.88292],[128.51719,35.88298],[128.5173,35.88372],[128.51731,35.88376],[128.5177,35.88415],[128.52,35.88586],[128.52031,35.88607],[128.5207,35.88631],[128.52091,35.8864],[128.52095,35.88642],[128.52111,35.88638],[128.52126,35.88636],[128.52137,35.88635],[128.5215,35.88634],[128.522,35.88635],[128.52438,35.88683],[128.5254,35.88717],[128.52587,35.88755],[128.52614,35.88777],[128.52599,35.8889],[128.53118,35.88763]]]]}},{"type":"Feature","properties":{"adm_cd":"22030680","adm_nm":"대구광역시 서구 원대동"},"geometry":{"type":"MultiPolygon","coordinates":[[[[128.58208,35.88513],[128.58021,35.8792],[128.58017,35.87908],[128.57794,35.8795],[128.57761,35.87955],[128.57676,35.87981],[128.57571,35.88035],[128.57562,35.8804],[128.57526,35.88066],[128.57507,35.8808],[128.57364,35.88202],[128.57269,35.8829],[128.57278,35.88311],[128.57356,35.88495],[128.57292,35.88548],[128.57226,35.88603],[128.57112,35.88688],[128.56853,35.88881],[128.57615,35.88761],[128.57673,35.88736],[128.58108,35.88555],[128.58208,35.88513]]]]}},{"type":"Feature","properties":{"adm_cd":"22040510","adm_nm":"대구광역시 남구 이천동"},"geometry":{"type":"MultiPolygon","coordinates":[[[[128.60245,35.85527],[128.60847,35.85495],[128.60852,35.85435],[128.60734,35.84937],[128.60717,35.84893],[128.60698,35.84844],[128.6071,35.84659],[128.6072,35.84626],[128.60728,35.84598],[128.60735,35.84575],[128.60747,35.84505],[128.60647,35.84503],[128.60491,35.84588],[128.60067,35.84717],[128.60062,35.8472],[128.60021,35.84785],[128.59961,35.84882],[128.59578,35.84987],[128.59387,35.85461],[128.59472,35.85657],[128.59589,35.85646],[128.59596,35.85645],[128.59663,35.85635],[128.5969,35.85629],[128.59693,35.85628],[128.59707,35.85624],[128.5975,35.85605],[128.59764,35.85596],[128.59787,35.85582],[128.59791,35.8558],[128.5982,35.85565],[128.5984,35.85556],[128.59854,35.8555],[128.59875,35.85549],[128.60004,35.85541],[128.60245,35.85527]]]]}},{"type":"Feature","properties":{"adm_cd":"22040530","adm_nm":"대구광역시 남구 봉덕1동"},"geometry":{"type":"MultiPolygon","coordinates":[[[[128.60647,35.84503],[128.60667,35.84381],[128.60446,35.8434],[128.60095,35.84467],[128.59832,35.84485],[128.59053,35.84532],[128.59056,35.8478],[128.59245,35.84776],[128.59327,35.84781],[128.59486,35.84791],[128.59497,35.84797],[128.59517,35.84825],[128.59582,35.84954],[128.59582,35.8496],[128.59578,35.84987],[128.59961,35.84882],[128.60021,35.84785],[128.60062,35.8472],[128.60067,35.84717],[128.60491,35.84588],[128.60647,35.84503]]]]}},{"type":"Feature","properties":{"adm_cd":"22040540","adm_nm":"대구광역시 남구 봉덕2동"},"geometry":{"type":"MultiPolygon","coordinates":[[[[128.60667,35.84381],[128.60769,35.84389],[128.6077,35.84327],[128.60773,35.84245],[128.60773,35.84224],[128.60727,35.83983],[128.60718,35.83961],[128.60684,35.8391],[128.60678,35.83882],[128.60676,35.83872],[128.60635,35.83678],[128.60623,35.83622],[128.60605,35.83537],[128.60643,35.83268],[128.60652,35.8323],[128.60663,35.83178],[128.60686,35.83127],[128.60697,35.83102],[128.60741,35.83011],[128.60775,35.82883],[128.60798,35.82772],[128.60765,35.82759],[128.60746,35.82751],[128.60643,35.82855],[128.60561,35.8295],[128.60516,35.82723],[128.60519,35.82613],[128.60516,35.8256],[128.60515,35.82541],[128.60511,35.82459],[128.6046,35.82318],[128.60352,35.82035],[128.60312,35.81933],[128.60109,35.81527],[128.60062,35.81489],[128.59883,35.8144],[128.59856,35.81437],[128.59804,35.81432],[128.59717,35.81419],[128.59477,35.81343],[128.59383,35.81306],[128.5921,35.81157],[128.59089,35.81006],[128.59079,35.80993],[128.59071,35.80977],[128.59065,35.80964],[128.59008,35.80917],[128.58841,35.80817],[128.58801,35.80801],[128.58757,35.80789],[128.58623,35.80762],[128.58562,35.80771],[128.58404,35.81086],[128.58398,35.81111],[128.58399,35.81141],[128.58404,35.81155],[128.58723,35.8154],[128.59014,35.81905],[128.5929,35.82274],[128.59337,35.82329],[128.59519,35.82483],[128.59701,35.82597],[128.59741,35.82628],[128.5979,35.82704],[128.59922,35.82925],[128.60188,35.83399],[128.60012,35.84067],[128.60018,35.84074],[128.60031,35.84094],[128.60065,35.8418],[128.60072,35.84233],[128.60083,35.84344],[128.60095,35.84467],[128.60446,35.8434],[128.60667,35.84381]]]]}},{"type":"Feature","properties":{"adm_cd":"22040550","adm_nm":"대구광역시 남구 봉덕3동"},"geometry":{"type":"MultiPolygon","coordinates":[[[[128.60095,35.84467],[128.60083,35.84344],[128.60072,35.84233],[128.60065,35.8418],[128.60031,35.84094],[128.60018,35.84074],[128.60012,35.84067],[128.60188,35.83399],[128.59922,35.82925],[128.5979,35.82704],[128.59741,35.82628],[128.59701,35.82597],[128.59519,35.82483],[128.59337,35.82329],[128.5929,35.82274],[128.59014,35.81905],[128.58723,35.8154],[128.58404,35.81155],[128.58399,35.81141],[128.58398,35.81111],[128.58404,35.81086],[128.58291,35.81248],[128.58323,35.81387],[128.58403,35.81588],[128.58536,35.8188],[128.58618,35.82177],[128.58632,35.82277],[128.58638,35.82288],[128.58669,35.82338],[128.58675,35.82347],[128.58738,35.82405],[128.58817,35.82469],[128.58834,35.82491],[128.58844,35.82507],[128.58985,35.82775],[128.58986,35.82782],[128.58987,35.82792],[128.58929,35.83011],[128.58897,35.83121],[128.58884,35.83163],[128.58862,35.83198],[128.58812,35.83275],[128.58767,35.83342],[128.58725,35.83363],[128.58686,35.83377],[128.58614,35.83461],[128.58602,35.83476],[128.58527,35.83671],[128.58499,35.83803],[128.58498,35.83859],[128.58496,35.83963],[128.58494,35.83966],[128.5845,35.84009],[128.5839,35.84065],[128.58342,35.84109],[128.58281,35.84162],[128.58379,35.84152],[128.58824,35.84134],[128.58877,35.84133],[128.59094,35.84131],[128.59104,35.84138],[128.59109,35.84141],[128.59107,35.84243],[128.59085,35.84241],[128.59051,35.84249],[128.5905,35.84261],[128.5905,35.84289],[128.59053,35.84532],[128.59832,35.84485],[128.60095,35.84467]]]]}},{"type":"Feature","properties":{"adm_cd":"22040560","adm_nm":"대구광역시 남구 대명1동"},"geometry":{"type":"MultiPolygon","coordinates":[[[[128.58009,35.84675],[128.58007,35.8459],[128.58006,35.84532],[128.58003,35.84397],[128.57997,35.84073],[128.58039,35.8405],[128.57676,35.83908],[128.57051,35.84331],[128.56981,35.84405],[128.57234,35.84547],[128.57268,35.84517],[128.57605,35.84505],[128.57828,35.84592],[128.57851,35.84678],[128.58009,35.84675]]]]}},{"type":"Feature","properties":{"adm_cd":"22040570","adm_nm":"대구광역시 남구 대명2동"},"geometry":{"type":"MultiPolygon","coordinates":[[[[128.59467,35.85658],[128.59472,35.85657],[128.59387,35.85461],[128.59578,35.84987],[128.59582,35.8496],[128.59582,35.84954],[128.59517,35.84825],[128.59497,35.84797],[128.59486,35.84791],[128.59327,35.84781],[128.59245,35.84776],[128.59056,35.8478],[128.59056,35.84796],[128.59056,35.84813],[128.59056,35.84877],[128.59056,35.84885],[128.59055,35.84897],[128.58972,35.84962],[128.58901,35.8495],[128.58745,35.8492],[128.58349,35.84759],[128.58344,35.84771],[128.58313,35.84865],[128.58297,35.84932],[128.58292,35.84979],[128.58315,35.84974],[128.58333,35.84971],[128.58344,35.84969],[128.58348,35.84973],[128.5836,35.84991],[128.58393,35.85042],[128.5847,35.85166],[128.58483,35.85189],[128.58473,35.85271],[128.58456,35.85407],[128.58423,35.85643],[128.58779,35.85675],[128.59467,35.85658]]]]}},{"type":"Feature","properties":{"adm_cd":"22040580","adm_nm":"대구광역시 남구 대명3동"},"geometry":{"type":"MultiPolygon","coordinates":[[[[128.58286,35.85633],[128.58423,35.85643],[128.58456,35.85407],[128.58473,35.85271],[128.58483,35.85189],[128.5847,35.85166],[128.58393,35.85042],[128.5836,35.84991],[128.58348,35.84973],[128.58344,35.84969],[128.58333,35.84971],[128.58315,35.84974],[128.58292,35.84979],[128.58297,35.84932],[128.58313,35.84865],[128.58344,35.84771],[128.58349,35.84759],[128.58009,35.84675],[128.57851,35.84678],[128.57916,35.8476],[128.57802,35.84978],[128.578,35.84981],[128.57795,35.84989],[128.57726,35.85096],[128.57462,35.85111],[128.57362,35.85116],[128.57458,35.86006],[128.58286,35.85633]]]]}},{"type":"Feature","properties":{"adm_cd":"22040590","adm_nm":"대구광역시 남구 대명4동"},"geometry":{"type":"MultiPolygon","coordinates":[[[[128.57851,35.84678],[128.57828,35.84592],[128.57605,35.84505],[128.57268,35.84517],[128.57234,35.84547],[128.56981,35.84405],[128.5689,35.84306],[128.56826,35.84272],[128.5669,35.84267],[128.56455,35.84241],[128.56091,35.84199],[128.5619,35.84325],[128.56203,35.84341],[128.56212,35.84353],[128.56472,35.84558],[128.56529,35.84601],[128.56552,35.84616],[128.56585,35.84637],[128.5669,35.84702],[128.57136,35.84976],[128.57212,35.85023],[128.5734,35.85099],[128.57362,35.85116],[128.57462,35.85111],[128.57726,35.85096],[128.57795,35.84989],[128.578,35.84981],[128.57802,35.84978],[128.57916,35.8476],[128.57851,35.84678]]]]}},{"type":"Feature","properties":{"adm_cd":"22040600","adm_nm":"대구광역시 남구 대명5동"},"geometry":{"type":"MultiPolygon","coordinates":[[[[128.59056,35.8478],[128.59053,35.84532],[128.5905,35.84289],[128.5905,35.84261],[128.59051,35.84249],[128.59085,35.84241],[128.59107,35.84243],[128.59109,35.84141],[128.59104,35.84138],[128.59094,35.84131],[128.58877,35.84133],[128.58824,35.84134],[128.58379,35.84152],[128.58281,35.84162],[128.58039,35.8405],[128.57997,35.84073],[128.58003,35.84397],[128.58006,35.84532],[128.58007,35.8459],[128.58009,35.84675],[128.58349,35.84759],[128.58745,35.8492],[128.58901,35.8495],[128.58972,35.84962],[128.59055,35.84897],[128.59056,35.84885],[128.59056,35.84877],[128.59056,35.84813],[128.59056,35.84796],[128.59056,35.8478]]]]}},{"type":"Feature","properties":{"adm_cd":"22040610","adm_nm":"대구광역시 남구 대명6동"},"geometry":{"type":"MultiPolygon","coordinates":[[[[128.57141,35.8394],[128.5714,35.83859],[128.5714,35.83715],[128.57138,35.83241],[128.57138,35.83206],[128.57138,35.83143],[128.57205,35.83104],[128.57274,35.83064],[128.5732,35.83057],[128.57359,35.83036],[128.57461,35.82863],[128.57569,35.82638],[128.57782,35.82055],[128.57805,35.81976],[128.57811,35.81916],[128.57798,35.81862],[128.5774,35.81813],[128.57651,35.81729],[128.57553,35.81739],[128.57196,35.8189],[128.57114,35.81947],[128.57123,35.82052],[128.57106,35.82159],[128.5705,35.82249],[128.56824,35.82435],[128.56836,35.82635],[128.56837,35.82682],[128.56802,35.82787],[128.56573,35.83163],[128.56494,35.83359],[128.56489,35.83426],[128.56485,35.8349],[128.56282,35.8349],[128.56081,35.83837],[128.56138,35.83851],[128.56474,35.83923],[128.5693,35.83949],[128.56955,35.83951],[128.57014,35.8395],[128.57141,35.8394]]]]}},{"type":"Feature","properties":{"adm_cd":"22040640","adm_nm":"대구광역시 남구 대명9동"},"geometry":{"type":"MultiPolygon","coordinates":[[[[128.58323,35.81387],[128.58191,35.81275],[128.58146,35.81172],[128.5809,35.81149],[128.58078,35.81178],[128.58004,35.813],[128.57995,35.81311],[128.5797,35.81331],[128.57947,35.81349],[128.57925,35.81365],[128.57905,35.81383],[128.57886,35.81407],[128.57775,35.81559],[128.57746,35.81616],[128.57741,35.8163],[128.57739,35.81639],[128.57738,35.81643],[128.57737,35.8167],[128.5774,35.81813],[128.57798,35.81862],[128.57811,35.81916],[128.57805,35.81976],[128.57782,35.82055],[128.57569,35.82638],[128.57461,35.82863],[128.57359,35.83036],[128.5732,35.83057],[128.57274,35.83064],[128.57205,35.83104],[128.57138,35.83143],[128.57138,35.83206],[128.57138,35.83241],[128.5714,35.83715],[128.5714,35.83859],[128.57141,35.8394],[128.57676,35.83908],[128.58039,35.8405],[128.58281,35.84162],[128.58342,35.84109],[128.5839,35.84065],[128.5845,35.84009],[128.58494,35.83966],[128.58496,35.83963],[128.58498,35.83859],[128.58499,35.83803],[128.58527,35.83671],[128.58602,35.83476],[128.58614,35.83461],[128.58686,35.83377],[128.58725,35.83363],[128.58767,35.83342],[128.58812,35.83275],[128.58862,35.83198],[128.58884,35.83163],[128.58897,35.83121],[128.58929,35.83011],[128.58987,35.82792],[128.58986,35.82782],[128.58985,35.82775],[128.58844,35.82507],[128.58834,35.82491],[128.58817,35.82469],[128.58738,35.82405],[128.58675,35.82347],[128.58669,35.82338],[128.58638,35.82288],[128.58632,35.82277],[128.58618,35.82177],[128.58536,35.8188],[128.58403,35.81588],[128.58323,35.81387]]]]}},{"type":"Feature","properties":{"adm_cd":"22040650","adm_nm":"대구광역시 남구 대명10동"},"geometry":{"type":"MultiPolygon","coordinates":[[[[128.57676,35.83908],[128.57141,35.8394],[128.57014,35.8395],[128.56955,35.83951],[128.5693,35.83949],[128.56474,35.83923],[128.56138,35.83851],[128.56081,35.83837],[128.55746,35.83759],[128.56091,35.84199],[128.56455,35.84241],[128.5669,35.84267],[128.56826,35.84272],[128.5689,35.84306],[128.56981,35.84405],[128.57051,35.84331],[128.57676,35.83908]]]]}},{"type":"Feature","properties":{"adm_cd":"22040660","adm_nm":"대구광역시 남구 대명11동"},"geometry":{"type":"MultiPolygon","coordinates":[[[[128.56824,35.82435],[128.56787,35.82426],[128.56732,35.8242],[128.56603,35.82446],[128.56285,35.82616],[128.56169,35.8272],[128.56111,35.82813],[128.56051,35.82933],[128.55798,35.83299],[128.55787,35.8331],[128.55756,35.83338],[128.55749,35.83343],[128.55731,35.83355],[128.55714,35.83365],[128.55691,35.83378],[128.55659,35.83393],[128.55637,35.83402],[128.55614,35.83406],[128.55542,35.83446],[128.55746,35.83759],[128.56081,35.83837],[128.56282,35.8349],[128.56485,35.8349],[128.56489,35.83426],[128.56494,35.83359],[128.56573,35.83163],[128.56802,35.82787],[128.56837,35.82682],[128.56836,35.82635],[128.56824,35.82435]]]]}},{"type":"Feature","properties":{"adm_cd":"22050510","adm_nm":"대구광역시 북구 고성동"},"geometry":{"type":"MultiPolygon","coordinates":[[[[128.58462,35.88459],[128.59024,35.8834],[128.5884,35.87758],[128.58838,35.87753],[128.58017,35.87908],[128.58021,35.8792],[128.58208,35.88513],[128.58462,35.88459]]]]}},{"type":"Feature","properties":{"adm_cd":"22050520","adm_nm":"대구광역시 북구 칠성동"},"geometry":{"type":"MultiPolygon","coordinates":[[[[128.59092,35.8857],[128.59295,35.8845],[128.59411,35.88302],[128.59509,35.88258],[128.5972,35.88175],[128.59778,35.88198],[128.59853,35.88233],[128.59963,35.88296],[128.59998,35.88319],[128.60001,35.88321],[128.60021,35.88338],[128.60108,35.88415],[128.6012,35.88426],[128.60215,35.88585],[128.60254,35.88226],[128.60269,35.88185],[128.60286,35.88137],[128.60312,35.88067],[128.60363,35.87998],[128.60506,35.87811],[128.60543,35.87773],[128.60677,35.8766],[128.61032,35.8749],[128.60969,35.87463],[128.60757,35.87405],[128.60617,35.87383],[128.60585,35.87385],[128.60445,35.87391],[128.60348,35.87408],[128.60151,35.87465],[128.60136,35.8748],[128.59914,35.87546],[128.59495,35.8753],[128.59492,35.87631],[128.58838,35.87753],[128.5884,35.87758],[128.59024,35.8834],[128.58462,35.88459],[128.5857,35.88667],[128.58589,35.88665],[128.59092,35.8857]]]]}},{"type":"Feature","properties":{"adm_cd":"22050550","adm_nm":"대구광역시 북구 침산1동"},"geometry":{"type":"MultiPolygon","coordinates":[[[[128.59317,35.90575],[128.59334,35.90383],[128.59358,35.90114],[128.59306,35.90103],[128.58808,35.90053],[128.58619,35.89572],[128.58511,35.89348],[128.58358,35.89218],[128.58337,35.89189],[128.58299,35.89069],[128.58314,35.89038],[128.58356,35.88995],[128.57979,35.89081],[128.57933,35.89131],[128.57756,35.89325],[128.57761,35.89345],[128.57799,35.89468],[128.57937,35.89944],[128.57939,35.89953],[128.57916,35.90131],[128.57912,35.90159],[128.57882,35.90381],[128.57903,35.9038],[128.57958,35.90496],[128.57982,35.90559],[128.58002,35.90611],[128.58304,35.90603],[128.59317,35.90575]]]]}},{"type":"Feature","properties":{"adm_cd":"22050560","adm_nm":"대구광역시 북구 침산2동"},"geometry":{"type":"MultiPolygon","coordinates":[[[[128.59933,35.89052],[128.60204,35.88787],[128.60215,35.88585],[128.6012,35.88426],[128.60108,35.88415],[128.60021,35.88338],[128.60001,35.88321],[128.59998,35.88319],[128.59963,35.88296],[128.59853,35.88233],[128.59778,35.88198],[128.5972,35.88175],[128.59509,35.88258],[128.59411,35.88302],[128.59295,35.8845],[128.59092,35.8857],[128.59104,35.88612],[128.59116,35.88653],[128.59117,35.88656],[128.59164,35.88825],[128.59127,35.88893],[128.59111,35.88924],[128.59048,35.89046],[128.59028,35.89087],[128.59,35.89142],[128.58976,35.89191],[128.59338,35.89314],[128.59391,35.89246],[128.5942,35.89214],[128.59439,35.89198],[128.59443,35.89196],[128.59467,35.89183],[128.59685,35.89079],[128.59725,35.89061],[128.59758,35.89045],[128.59762,35.89044],[128.59767,35.89041],[128.59788,35.89032],[128.5982,35.89017],[128.59846,35.89008],[128.59875,35.88997],[128.59891,35.88992],[128.59909,35.88986],[128.59933,35.89052]]]]}},{"type":"Feature","properties":{"adm_cd":"22050570","adm_nm":"대구광역시 북구 침산3동"},"geometry":{"type":"MultiPolygon","coordinates":[[[[128.59338,35.89314],[128.58976,35.89191],[128.59,35.89142],[128.59028,35.89087],[128.59048,35.89046],[128.59111,35.88924],[128.59127,35.88893],[128.59164,35.88825],[128.59117,35.88656],[128.59116,35.88653],[128.59104,35.88612],[128.59092,35.8857],[128.58589,35.88665],[128.5857,35.88667],[128.58462,35.88459],[128.58208,35.88513],[128.58356,35.88995],[128.58314,35.89038],[128.58299,35.89069],[128.58337,35.89189],[128.58358,35.89218],[128.58511,35.89348],[128.58619,35.89572],[128.58808,35.90053],[128.59306,35.90103],[128.59305,35.9006],[128.593,35.90006],[128.59297,35.89971],[128.59272,35.89866],[128.5926,35.89815],[128.59256,35.89803],[128.59252,35.89786],[128.59247,35.89769],[128.59245,35.89762],[128.59237,35.89727],[128.59234,35.89693],[128.59234,35.89665],[128.59237,35.89623],[128.59238,35.89619],[128.59238,35.8961],[128.5924,35.89583],[128.59248,35.89526],[128.59257,35.89493],[128.5926,35.89484],[128.59271,35.89453],[128.59291,35.89404],[128.59312,35.89362],[128.59318,35.8935],[128.59338,35.89314]]]]}},{"type":"Feature","properties":{"adm_cd":"22050610","adm_nm":"대구광역시 북구 산격1동"},"geometry":{"type":"MultiPolygon","coordinates":[[[[128.6062,35.90213],[128.6056,35.90157],[128.60398,35.90092],[128.60346,35.90074],[128.60326,35.90055],[128.59982,35.89643],[128.59888,35.89296],[128.59827,35.89172],[128.59933,35.89052],[128.59909,35.88986],[128.59891,35.88992],[128.59875,35.88997],[128.59846,35.89008],[128.5982,35.89017],[128.59788,35.89032],[128.59767,35.89041],[128.59762,35.89044],[128.59758,35.89045],[128.59725,35.89061],[128.59685,35.89079],[128.59467,35.89183],[128.59443,35.89196],[128.59439,35.89198],[128.5942,35.89214],[128.59391,35.89246],[128.59338,35.89314],[128.59318,35.8935],[128.59312,35.89362],[128.59291,35.89404],[128.59271,35.89453],[128.5926,35.89484],[128.59257,35.89493],[128.59248,35.89526],[128.5924,35.89583],[128.59238,35.8961],[128.59238,35.89619],[128.59237,35.89623],[128.59234,35.89665],[128.59234,35.89693],[128.59237,35.89727],[128.59245,35.89762],[128.59247,35.89769],[128.59252,35.89786],[128.59256,35.89803],[128.5926,35.89815],[128.59272,35.89866],[128.59297,35.89971],[128.593,35.90006],[128.59305,35.9006],[128.59306,35.90103],[128.59358,35.90114],[128.59457,35.90136],[128.59721,35.90192],[128.59763,35.90201],[128.59807,35.90211],[128.60163,35.90243],[128.60366,35.90251],[128.60488,35.90256],[128.60524,35.90249],[128.60532,35.90248],[128.6062,35.90213]]]]}},{"type":"Feature","properties":{"adm_cd":"22050620","adm_nm":"대구광역시 북구 산격2동"},"geometry":{"type":"MultiPolygon","coordinates":[[[[128.60705,35.91563],[128.60683,35.91412],[128.60876,35.91445],[128.60946,35.91415],[128.61134,35.9126],[128.61462,35.9126],[128.61544,35.91142],[128.61629,35.9102],[128.61911,35.90615],[128.6181,35.90543],[128.61763,35.90494],[128.61738,35.90468],[128.61702,35.90416],[128.61657,35.90333],[128.61641,35.9029],[128.61584,35.90133],[128.61576,35.9011],[128.61568,35.9009],[128.61562,35.90069],[128.61532,35.89969],[128.61524,35.89911],[128.61506,35.89784],[128.61509,35.89776],[128.60922,35.90034],[128.6062,35.90213],[128.60532,35.90248],[128.60524,35.90249],[128.60488,35.90256],[128.60366,35.90251],[128.60163,35.90243],[128.59807,35.90211],[128.59763,35.90201],[128.59721,35.90192],[128.59457,35.90136],[128.59358,35.90114],[128.59334,35.90383],[128.59317,35.90575],[128.59372,35.9057],[128.59392,35.90568],[128.59439,35.90568],[128.59463,35.90568],[128.59489,35.90568],[128.59517,35.9057],[128.59527,35.90571],[128.59544,35.90572],[128.59594,35.90577],[128.59749,35.90596],[128.59801,35.90614],[128.59858,35.90634],[128.59935,35.9067],[128.59983,35.90693],[128.60041,35.90734],[128.60058,35.9077],[128.60067,35.90799],[128.60083,35.90844],[128.60086,35.90857],[128.60095,35.90894],[128.60102,35.90925],[128.60107,35.90952],[128.60112,35.90976],[128.60114,35.90991],[128.6012,35.91035],[128.6012,35.91046],[128.60136,35.91105],[128.60204,35.91239],[128.6052,35.91512],[128.60535,35.91524],[128.60541,35.91529],[128.60662,35.91606],[128.60678,35.9159],[128.60705,35.91563]]]]}},{"type":"Feature","properties":{"adm_cd":"22050630","adm_nm":"대구광역시 북구 산격3동"},"geometry":{"type":"MultiPolygon","coordinates":[[[[128.61509,35.89776],[128.61513,35.89761],[128.61494,35.89749],[128.61453,35.89713],[128.61439,35.89701],[128.61334,35.89608],[128.61316,35.89592],[128.61414,35.8939],[128.61622,35.88964],[128.61648,35.88931],[128.61682,35.88892],[128.61685,35.8889],[128.61703,35.88879],[128.61579,35.88659],[128.61439,35.88506],[128.61431,35.88516],[128.6139,35.88552],[128.61368,35.88567],[128.6129,35.88619],[128.61283,35.8862],[128.6112,35.88627],[128.60722,35.88657],[128.60387,35.88843],[128.60393,35.88943],[128.60396,35.8897],[128.60432,35.88998],[128.60476,35.89026],[128.60522,35.89256],[128.60522,35.89259],[128.60523,35.89313],[128.60524,35.89557],[128.60526,35.89603],[128.60529,35.89683],[128.60533,35.89693],[128.60537,35.89701],[128.60545,35.8971],[128.60557,35.89723],[128.60604,35.89762],[128.60715,35.89858],[128.60789,35.89921],[128.60827,35.89954],[128.60922,35.90034],[128.61509,35.89776]]]]}},{"type":"Feature","properties":{"adm_cd":"22050640","adm_nm":"대구광역시 북구 산격4동"},"geometry":{"type":"MultiPolygon","coordinates":[[[[128.60922,35.90034],[128.60827,35.89954],[128.60789,35.89921],[128.60715,35.89858],[128.60604,35.89762],[128.60557,35.89723],[128.60545,35.8971],[128.60537,35.89701],[128.60533,35.89693],[128.60529,35.89683],[128.60526,35.89603],[128.60524,35.89557],[128.60523,35.89313],[128.60522,35.89259],[128.60522,35.89256],[128.60476,35.89026],[128.60432,35.88998],[128.60396,35.8897],[128.60393,35.88943],[128.60387,35.88843],[128.60204,35.88787],[128.59933,35.89052],[128.59827,35.89172],[128.59888,35.89296],[128.59982,35.89643],[128.60326,35.90055],[128.60346,35.90074],[128.60398,35.90092],[128.6056,35.90157],[128.6062,35.90213],[128.60922,35.90034]]]]}},{"type":"Feature","properties":{"adm_cd":"22050650","adm_nm":"대구광역시 북구 복현1동"},"geometry":{"type":"MultiPolygon","coordinates":[[[[128.62224,35.89247],[128.61989,35.89089],[128.61742,35.88925],[128.61703,35.88879],[128.61685,35.8889],[128.61682,35.88892],[128.61648,35.88931],[128.61622,35.88964],[128.61414,35.8939],[128.61316,35.89592],[128.61334,35.89608],[128.61439,35.89701],[128.61453,35.89713],[128.61494,35.89749],[128.61513,35.89761],[128.61586,35.89703],[128.61859,35.89484],[128.61872,35.89474],[128.61912,35.89442],[128.61925,35.89433],[128.62084,35.89308],[128.62224,35.89247]]]]}},{"type":"Feature","properties":{"adm_cd":"22050660","adm_nm":"대구광역시 북구 복현2동"},"geometry":{"type":"MultiPolygon","coordinates":[[[[128.62758,35.90592],[128.62748,35.9057],[128.62742,35.90555],[128.62725,35.9048],[128.62724,35.90414],[128.6283,35.90034],[128.6286,35.89953],[128.62893,35.89874],[128.62977,35.89689],[128.63006,35.89639],[128.63192,35.89344],[128.63119,35.89303],[128.6309,35.8927],[128.63054,35.89226],[128.63042,35.89207],[128.63038,35.89196],[128.63026,35.89141],[128.63022,35.89138],[128.6301,35.89128],[128.62901,35.89039],[128.62896,35.89036],[128.62806,35.88963],[128.62574,35.89091],[128.62224,35.89247],[128.62084,35.89308],[128.61925,35.89433],[128.61912,35.89442],[128.61872,35.89474],[128.61859,35.89484],[128.61586,35.89703],[128.61513,35.89761],[128.61509,35.89776],[128.61506,35.89784],[128.61524,35.89911],[128.61532,35.89969],[128.61562,35.90069],[128.61568,35.9009],[128.61576,35.9011],[128.61584,35.90133],[128.61641,35.9029],[128.61657,35.90333],[128.61702,35.90416],[128.61738,35.90468],[128.61763,35.90494],[128.6181,35.90543],[128.61911,35.90615],[128.62138,35.90742],[128.62758,35.90592]]]]}},{"type":"Feature","properties":{"adm_cd":"22050700","adm_nm":"대구광역시 북구 검단동"},"geometry":{"type":"MultiPolygon","coordinates":[[[[128.62758,35.90592],[128.62138,35.90742],[128.61911,35.90615],[128.61629,35.9102],[128.61544,35.91142],[128.61462,35.9126],[128.61134,35.9126],[128.60946,35.91415],[128.60876,35.91445],[128.60683,35.91412],[128.60705,35.91563],[128.60832,35.91753],[128.6085,35.91778],[128.60884,35.91821],[128.60903,35.91844],[128.60912,35.91855],[128.60918,35.91861],[128.60962,35.91904],[128.60984,35.91927],[128.61006,35.91945],[128.61023,35.91959],[128.61041,35.91974],[128.61051,35.91982],[128.61067,35.91994],[128.61111,35.92027],[128.61632,35.92363],[128.61817,35.92468],[128.6239,35.92793],[128.62541,35.92813],[128.62662,35.92829],[128.63054,35.92862],[128.63064,35.92851],[128.63082,35.9283],[128.63099,35.92808],[128.63167,35.92717],[128.63174,35.92702],[128.63192,35.92662],[128.63198,35.92649],[128.63198,35.92645],[128.63204,35.92608],[128.63205,35.92604],[128.63205,35.92596],[128.63206,35.92565],[128.63206,35.92522],[128.63207,35.92462],[128.63216,35.92047],[128.63219,35.91996],[128.63231,35.91884],[128.63249,35.91792],[128.63254,35.91782],[128.63272,35.91708],[128.63273,35.91705],[128.63281,35.91656],[128.63287,35.91579],[128.63288,35.91566],[128.63268,35.91477],[128.63239,35.91398],[128.63191,35.91269],[128.63169,35.9121],[128.63114,35.91062],[128.62976,35.90899],[128.62949,35.90874],[128.62888,35.90816],[128.62844,35.90767],[128.62832,35.90753],[128.6282,35.9073],[128.62801,35.90687],[128.62758,35.90592]]]]}},{"type":"Feature","properties":{"adm_cd":"22050710","adm_nm":"대구광역시 북구 무태조야동"},"geometry":{"type":"MultiPolygon","coordinates":[[[[128.6252,35.93584],[128.62585,35.93487],[128.62825,35.93034],[128.62862,35.92994],[128.62927,35.92936],[128.63054,35.92862],[128.62662,35.92829],[128.62541,35.92813],[128.6239,35.92793],[128.61817,35.92468],[128.61632,35.92363],[128.61111,35.92027],[128.61067,35.91994],[128.61051,35.91982],[128.61041,35.91974],[128.61023,35.91959],[128.61006,35.91945],[128.60984,35.91927],[128.60962,35.91904],[128.60918,35.91861],[128.60912,35.91855],[128.60903,35.91844],[128.60884,35.91821],[128.6085,35.91778],[128.60832,35.91753],[128.60705,35.91563],[128.60678,35.9159],[128.60662,35.91606],[128.60541,35.91529],[128.60535,35.91524],[128.6052,35.91512],[128.60204,35.91239],[128.60136,35.91105],[128.6012,35.91046],[128.6012,35.91035],[128.60114,35.90991],[128.60112,35.90976],[128.60107,35.90952],[128.60102,35.90925],[128.60095,35.90894],[128.60086,35.90857],[128.60083,35.90844],[128.60067,35.90799],[128.60058,35.9077],[128.60041,35.90734],[128.59983,35.90693],[128.59935,35.9067],[128.59858,35.90634],[128.59801,35.90614],[128.59749,35.90596],[128.59594,35.90577],[128.59544,35.90572],[128.59527,35.90571],[128.59517,35.9057],[128.59489,35.90568],[128.59463,35.90568],[128.59439,35.90568],[128.59392,35.90568],[128.59372,35.9057],[128.59317,35.90575],[128.58304,35.90603],[128.58002,35.90611],[128.57982,35.90559],[128.57958,35.90496],[128.57903,35.9038],[128.57882,35.90381],[128.57281,35.90368],[128.57298,35.90563],[128.57195,35.90564],[128.57121,35.90549],[128.5705,35.90534],[128.56969,35.90514],[128.56922,35.90674],[128.56921,35.90679],[128.56911,35.90718],[128.56832,35.91026],[128.56852,35.91266],[128.56877,35.91395],[128.56987,35.91913],[128.56988,35.91918],[128.56995,35.91958],[128.56977,35.91982],[128.56943,35.92033],[128.5693,35.92113],[128.56916,35.92216],[128.56942,35.92293],[128.56966,35.92349],[128.56977,35.92356],[128.57045,35.92387],[128.57088,35.92505],[128.57019,35.9257],[128.57045,35.92559],[128.57115,35.92532],[128.57169,35.92511],[128.57283,35.92495],[128.5739,35.92542],[128.57403,35.9255],[128.57432,35.92565],[128.5744,35.92569],[128.57441,35.92581],[128.57442,35.92591],[128.57458,35.92635],[128.57478,35.92686],[128.57689,35.92932],[128.57763,35.92997],[128.57792,35.93],[128.57933,35.9299],[128.5794,35.92986],[128.57943,35.92984],[128.5795,35.92984],[128.57966,35.92984],[128.58149,35.93002],[128.58203,35.93157],[128.58209,35.93194],[128.58209,35.93219],[128.58209,35.93257],[128.58208,35.93285],[128.58205,35.93311],[128.58201,35.93337],[128.58172,35.93383],[128.58161,35.93399],[128.58167,35.93424],[128.58173,35.93443],[128.58185,35.93479],[128.58208,35.93511],[128.58244,35.93558],[128.58246,35.9356],[128.58294,35.93603],[128.58322,35.93624],[128.58354,35.93649],[128.58374,35.93664],[128.58405,35.93688],[128.58421,35.937],[128.58438,35.93713],[128.58515,35.93765],[128.58532,35.93771],[128.58573,35.93765],[128.58603,35.93761],[128.58624,35.93758],[128.5891,35.93852],[128.59232,35.94012],[128.59432,35.94218],[128.59823,35.94527],[128.59995,35.94569],[128.60027,35.9455],[128.6007,35.94524],[128.60124,35.94522],[128.60177,35.9452],[128.60436,35.94577],[128.60509,35.94636],[128.60658,35.94797],[128.60667,35.94926],[128.60664,35.94978],[128.60651,35.95073],[128.60627,35.95206],[128.60616,35.95239],[128.60596,35.95283],[128.6056,35.95317],[128.60511,35.95357],[128.60383,35.95449],[128.60263,35.95517],[128.60255,35.95519],[128.60176,35.95579],[128.59972,35.95736],[128.59958,35.9575],[128.59968,35.96032],[128.60063,35.96103],[128.60086,35.9612],[128.6012,35.96124],[128.60137,35.96138],[128.60157,35.96156],[128.60309,35.96412],[128.60338,35.96547],[128.60384,35.97277],[128.60356,35.97386],[128.60306,35.9743],[128.60259,35.97493],[128.60256,35.97507],[128.60247,35.97552],[128.60243,35.97582],[128.6024,35.97599],[128.60238,35.97613],[128.60251,35.98061],[128.60283,35.98223],[128.60319,35.98336],[128.60357,35.9842],[128.60302,35.98616],[128.60384,35.98853],[128.60498,35.98837],[128.60519,35.98833],[128.60542,35.98827],[128.60558,35.98821],[128.60638,35.98788],[128.60656,35.9878],[128.60676,35.98769],[128.60706,35.98751],[128.60988,35.98584],[128.61051,35.98538],[128.6109,35.98508],[128.61323,35.98292],[128.61335,35.98277],[128.6135,35.98257],[128.61384,35.982],[128.61389,35.98192],[128.61391,35.98183],[128.61391,35.98171],[128.61389,35.9814],[128.61391,35.98127],[128.61401,35.98111],[128.61469,35.98011],[128.61498,35.97969],[128.61537,35.9792],[128.61664,35.97767],[128.61763,35.9775],[128.61859,35.97677],[128.61909,35.97626],[128.61949,35.97498],[128.61951,35.9742],[128.61941,35.97406],[128.619,35.97351],[128.61867,35.97308],[128.6181,35.97231],[128.61795,35.97128],[128.6179,35.97084],[128.6184,35.9703],[128.61862,35.97016],[128.61919,35.96981],[128.62057,35.96815],[128.62487,35.96087],[128.62624,35.95844],[128.62586,35.95642],[128.6256,35.95626],[128.62538,35.95611],[128.62521,35.956],[128.62418,35.95475],[128.62354,35.95252],[128.62316,35.94966],[128.6231,35.94867],[128.6234,35.94731],[128.6257,35.94648],[128.62618,35.94627],[128.62671,35.94599],[128.62702,35.9457],[128.62693,35.94437],[128.62667,35.94058],[128.62647,35.93907],[128.62635,35.93897],[128.62621,35.93885],[128.62601,35.9387],[128.62584,35.93857],[128.62558,35.93838],[128.62504,35.93801],[128.62489,35.93747],[128.62483,35.93698],[128.62481,35.93661],[128.62506,35.93601],[128.6252,35.93584]]]]}},{"type":"Feature","properties":{"adm_cd":"22050740","adm_nm":"대구광역시 북구 태전2동"},"geometry":{"type":"MultiPolygon","coordinates":[[[[128.55416,35.9321],[128.55456,35.93206],[128.55428,35.93126],[128.55403,35.93088],[128.55395,35.93076],[128.55359,35.93026],[128.55323,35.92976],[128.55297,35.9294],[128.55202,35.92811],[128.55185,35.92789],[128.55149,35.92742],[128.55063,35.92531],[128.55282,35.92376],[128.55396,35.92416],[128.55478,35.92432],[128.55489,35.92432],[128.55668,35.92268],[128.55837,35.91952],[128.55877,35.91821],[128.55857,35.91813],[128.5578,35.9176],[128.5575,35.91738],[128.5572,35.91709],[128.5571,35.91681],[128.55708,35.91651],[128.55709,35.91606],[128.5571,35.91602],[128.55713,35.91545],[128.55713,35.91536],[128.55712,35.91514],[128.55567,35.91373],[128.55334,35.91158],[128.55225,35.91053],[128.55215,35.91037],[128.55216,35.91029],[128.55227,35.91001],[128.55241,35.90961],[128.55256,35.90927],[128.55273,35.90892],[128.55277,35.90883],[128.55278,35.90872],[128.55263,35.90847],[128.55258,35.90842],[128.55143,35.90757],[128.54886,35.9079],[128.54855,35.90797],[128.54748,35.90827],[128.5445,35.91048],[128.54362,35.91152],[128.54321,35.91256],[128.54293,35.91365],[128.54303,35.91407],[128.54319,35.91445],[128.54331,35.9146],[128.54491,35.91606],[128.54531,35.91642],[128.54561,35.91669],[128.54621,35.91723],[128.54653,35.91756],[128.54655,35.9176],[128.5467,35.91779],[128.54747,35.91884],[128.54683,35.91976],[128.5466,35.92009],[128.54645,35.92029],[128.54648,35.92053],[128.54804,35.93032],[128.5485,35.93287],[128.54851,35.93296],[128.55416,35.9321]]]]}},{"type":"Feature","properties":{"adm_cd":"22050750","adm_nm":"대구광역시 북구 관문동"},"geometry":{"type":"MultiPolygon","coordinates":[[[[128.57019,35.9257],[128.57088,35.92505],[128.57045,35.92387],[128.56977,35.92356],[128.56966,35.92349],[128.56942,35.92293],[128.56916,35.92216],[128.5693,35.92113],[128.56943,35.92033],[128.56977,35.91982],[128.56995,35.91958],[128.56988,35.91918],[128.56987,35.91913],[128.56877,35.91395],[128.56852,35.91266],[128.56832,35.91026],[128.56911,35.90718],[128.56921,35.90679],[128.56922,35.90674],[128.56969,35.90514],[128.5705,35.90534],[128.57121,35.90549],[128.57195,35.90564],[128.57298,35.90563],[128.57281,35.90368],[128.57219,35.90357],[128.57143,35.90344],[128.57087,35.90332],[128.57031,35.90317],[128.56986,35.90302],[128.56946,35.90286],[128.56884,35.90255],[128.56823,35.90226],[128.56781,35.90204],[128.56747,35.90183],[128.56716,35.90165],[128.56711,35.90162],[128.56671,35.90136],[128.56626,35.90105],[128.56587,35.90077],[128.56564,35.90061],[128.5653,35.90031],[128.56505,35.9001],[128.56481,35.8999],[128.56363,35.89889],[128.56284,35.89823],[128.56249,35.89795],[128.56217,35.89772],[128.56186,35.8975],[128.56157,35.89733],[128.56112,35.89706],[128.56094,35.89696],[128.56034,35.89693],[128.55932,35.89692],[128.55849,35.89691],[128.55816,35.89685],[128.55375,35.89578],[128.55256,35.89474],[128.55218,35.89438],[128.55203,35.89417],[128.5519,35.89435],[128.55101,35.8955],[128.55074,35.89541],[128.54686,35.89411],[128.54659,35.89402],[128.54601,35.89383],[128.54435,35.89313],[128.54275,35.89246],[128.54211,35.89135],[128.53876,35.88931],[128.53658,35.88842],[128.5348,35.88797],[128.53118,35.88763],[128.52599,35.8889],[128.52574,35.88915],[128.52536,35.88952],[128.52474,35.88975],[128.52388,35.89005],[128.52301,35.89032],[128.52188,35.89066],[128.51618,35.89226],[128.5141,35.89278],[128.51221,35.89309],[128.51075,35.89304],[128.51019,35.89301],[128.50839,35.89279],[128.50784,35.89268],[128.50732,35.89253],[128.50692,35.89235],[128.50654,35.89212],[128.50415,35.89059],[128.50445,35.89316],[128.50475,35.89875],[128.50517,35.903],[128.50705,35.9064],[128.50717,35.9066],[128.51032,35.90992],[128.51055,35.91014],[128.51083,35.91038],[128.51099,35.91051],[128.51116,35.9106],[128.51128,35.91065],[128.51368,35.91161],[128.51378,35.91165],[128.51394,35.91169],[128.51403,35.91171],[128.51415,35.91168],[128.51423,35.91165],[128.51427,35.91163],[128.51439,35.91158],[128.51789,35.91324],[128.52197,35.9164],[128.52285,35.91717],[128.52315,35.91749],[128.52321,35.91758],[128.52326,35.91766],[128.5233,35.91775],[128.5233,35.91798],[128.5233,35.91838],[128.5233,35.91875],[128.52328,35.91891],[128.52323,35.91909],[128.5232,35.9192],[128.5232,35.91925],[128.52324,35.91934],[128.52343,35.91959],[128.52354,35.91972],[128.52586,35.92235],[128.52656,35.92276],[128.52873,35.92355],[128.5289,35.92359],[128.52905,35.92361],[128.52924,35.92361],[128.52966,35.92358],[128.52971,35.92326],[128.52978,35.92318],[128.52987,35.92306],[128.53003,35.92292],[128.53022,35.92302],[128.53091,35.92343],[128.53157,35.92392],[128.53194,35.92424],[128.5323,35.92458],[128.53381,35.92532],[128.53412,35.92538],[128.53429,35.9254],[128.53487,35.92475],[128.53494,35.92463],[128.53497,35.92451],[128.53544,35.92202],[128.5362,35.92005],[128.53734,35.91724],[128.53784,35.91707],[128.53871,35.91683],[128.53881,35.91682],[128.53937,35.91672],[128.53969,35.91667],[128.53988,35.91659],[128.54073,35.91599],[128.54256,35.91451],[128.54281,35.91421],[128.54293,35.91365],[128.54321,35.91256],[128.54362,35.91152],[128.5445,35.91048],[128.54748,35.90827],[128.54855,35.90797],[128.54886,35.9079],[128.55143,35.90757],[128.55258,35.90842],[128.55263,35.90847],[128.55278,35.90872],[128.55277,35.90883],[128.55273,35.90892],[128.55256,35.90927],[128.55241,35.90961],[128.55227,35.91001],[128.55216,35.91029],[128.55215,35.91037],[128.55225,35.91053],[128.55334,35.91158],[128.55567,35.91373],[128.55712,35.91514],[128.55713,35.91536],[128.55713,35.91545],[128.5571,35.91602],[128.55709,35.91606],[128.55708,35.91651],[128.5571,35.91681],[128.5572,35.91709],[128.5575,35.91738],[128.5578,35.9176],[128.55857,35.91813],[128.55877,35.91821],[128.55971,35.91917],[128.56155,35.91957],[128.5636,35.92097],[128.56583,35.92279],[128.56743,35.92509],[128.56748,35.92531],[128.56752,35.92572],[128.56767,35.92625],[128.56866,35.92664],[128.56921,35.9264],[128.57019,35.9257]]]]}},{"type":"Feature","properties":{"adm_cd":"22050760","adm_nm":"대구광역시 북구 읍내동"},"geometry":{"type":"MultiPolygon","coordinates":[[[[128.55285,35.96074],[128.55405,35.95923],[128.55538,35.95704],[128.55552,35.95672],[128.55557,35.95651],[128.55561,35.95623],[128.55561,35.95612],[128.5554,35.95606],[128.55537,35.95576],[128.55553,35.95501],[128.55574,35.95421],[128.55604,35.95324],[128.55647,35.95194],[128.5565,35.95188],[128.55664,35.95157],[128.55706,35.95081],[128.55733,35.95043],[128.55739,35.95034],[128.55762,35.94991],[128.55775,35.9495],[128.55779,35.9493],[128.55778,35.94899],[128.55769,35.94874],[128.55737,35.94835],[128.55505,35.94612],[128.55497,35.94602],[128.5548,35.94577],[128.55468,35.94559],[128.55458,35.94535],[128.55452,35.94515],[128.5544,35.94448],[128.55431,35.94387],[128.55433,35.94366],[128.55447,35.94334],[128.55457,35.94325],[128.55477,35.94312],[128.55507,35.94302],[128.55538,35.94291],[128.55585,35.94272],[128.55624,35.94252],[128.5565,35.94236],[128.55673,35.94222],[128.55697,35.942],[128.55714,35.94182],[128.55727,35.94167],[128.55731,35.94162],[128.55743,35.94148],[128.55755,35.94123],[128.55761,35.94097],[128.5576,35.94077],[128.55756,35.9405],[128.55753,35.94028],[128.55746,35.94005],[128.55743,35.93997],[128.55741,35.93992],[128.55731,35.9397],[128.55727,35.93964],[128.55713,35.93948],[128.55675,35.93912],[128.55667,35.93905],[128.55642,35.93877],[128.55567,35.9379],[128.55546,35.93758],[128.55545,35.93755],[128.55529,35.93717],[128.55522,35.93689],[128.55511,35.93585],[128.55511,35.93581],[128.55507,35.93539],[128.55504,35.93513],[128.55502,35.9349],[128.55501,35.93477],[128.555,35.93458],[128.55498,35.93438],[128.55496,35.93411],[128.55494,35.93402],[128.55489,35.93377],[128.55482,35.93349],[128.55472,35.93323],[128.5547,35.93317],[128.55466,35.93308],[128.55446,35.93267],[128.55416,35.9321],[128.54851,35.93296],[128.54856,35.93337],[128.54877,35.93479],[128.54923,35.93792],[128.5494,35.93835],[128.55012,35.94026],[128.5478,35.94127],[128.54654,35.94624],[128.54559,35.9511],[128.54546,35.95134],[128.54239,35.95705],[128.54205,35.95724],[128.54014,35.95822],[128.53785,35.95873],[128.53665,35.95877],[128.53543,35.95866],[128.53463,35.95844],[128.53347,35.96036],[128.53194,35.96134],[128.53045,35.96249],[128.53025,35.96467],[128.52967,35.96843],[128.52964,35.96857],[128.5285,35.9715],[128.52743,35.97424],[128.5273,35.97446],[128.52696,35.97526],[128.52695,35.97535],[128.52694,35.9755],[128.52697,35.97568],[128.52701,35.97583],[128.52709,35.97594],[128.52717,35.97602],[128.52731,35.97613],[128.52744,35.9762],[128.52755,35.97622],[128.52777,35.97628],[128.52803,35.97636],[128.52819,35.97643],[128.52838,35.97654],[128.5287,35.97681],[128.52905,35.97711],[128.52918,35.97726],[128.52924,35.97738],[128.52929,35.97753],[128.52931,35.97764],[128.52931,35.97778],[128.52879,35.98045],[128.53084,35.98043],[128.53266,35.97953],[128.53287,35.97944],[128.53359,35.97914],[128.53381,35.97905],[128.53403,35.97902],[128.5342,35.97901],[128.53688,35.97799],[128.5421,35.97495],[128.54223,35.97486],[128.54235,35.97475],[128.5445,35.97118],[128.54551,35.96932],[128.54559,35.96915],[128.54599,35.96786],[128.54601,35.96762],[128.546,35.96746],[128.54595,35.9673],[128.54587,35.9672],[128.54585,35.96712],[128.54587,35.96693],[128.54595,35.96658],[128.54603,35.96628],[128.54615,35.96599],[128.54636,35.96569],[128.54722,35.9645],[128.54746,35.96421],[128.54879,35.96292],[128.54927,35.9625],[128.54956,35.96226],[128.54981,35.9621],[128.55038,35.96179],[128.55101,35.96151],[128.55285,35.96074]]]]}},{"type":"Feature","properties":{"adm_cd":"22050770","adm_nm":"대구광역시 북구 관음동"},"geometry":{"type":"MultiPolygon","coordinates":[[[[128.54851,35.93296],[128.5485,35.93287],[128.54576,35.93364],[128.54575,35.93371],[128.54558,35.93375],[128.54489,35.93385],[128.54464,35.93387],[128.54431,35.9339],[128.5422,35.93404],[128.5338,35.93466],[128.53383,35.93483],[128.53411,35.93617],[128.53437,35.93713],[128.53506,35.93875],[128.53474,35.94136],[128.53455,35.94271],[128.53395,35.94625],[128.53297,35.94946],[128.5328,35.9497],[128.53274,35.94982],[128.5327,35.94999],[128.53265,35.95032],[128.53261,35.95067],[128.53261,35.95102],[128.53268,35.95215],[128.5341,35.95696],[128.53463,35.95844],[128.53543,35.95866],[128.53665,35.95877],[128.53785,35.95873],[128.54014,35.95822],[128.54205,35.95724],[128.54239,35.95705],[128.54546,35.95134],[128.54559,35.9511],[128.54654,35.94624],[128.5478,35.94127],[128.55012,35.94026],[128.5494,35.93835],[128.54923,35.93792],[128.54877,35.93479],[128.54856,35.93337],[128.54851,35.93296]]]]}},{"type":"Feature","properties":{"adm_cd":"22050780","adm_nm":"대구광역시 북구 태전1동"},"geometry":{"type":"MultiPolygon","coordinates":[[[[128.5485,35.93287],[128.54804,35.93032],[128.54648,35.92053],[128.54645,35.92029],[128.5466,35.92009],[128.54683,35.91976],[128.54747,35.91884],[128.5467,35.91779],[128.54655,35.9176],[128.54653,35.91756],[128.54621,35.91723],[128.54561,35.91669],[128.54531,35.91642],[128.54491,35.91606],[128.54331,35.9146],[128.54319,35.91445],[128.54303,35.91407],[128.54293,35.91365],[128.54281,35.91421],[128.54256,35.91451],[128.54073,35.91599],[128.53988,35.91659],[128.53969,35.91667],[128.53937,35.91672],[128.53881,35.91682],[128.53871,35.91683],[128.53784,35.91707],[128.53734,35.91724],[128.5362,35.92005],[128.53544,35.92202],[128.53497,35.92451],[128.53494,35.92463],[128.53487,35.92475],[128.53429,35.9254],[128.53412,35.92538],[128.53381,35.92532],[128.5323,35.92458],[128.53194,35.92424],[128.53157,35.92392],[128.53091,35.92343],[128.53022,35.92302],[128.53003,35.92292],[128.52987,35.92306],[128.52978,35.92318],[128.52971,35.92326],[128.52966,35.92358],[128.52945,35.92559],[128.52945,35.92581],[128.52952,35.92841],[128.52955,35.92856],[128.52967,35.92871],[128.53101,35.93006],[128.53162,35.93052],[128.53299,35.93148],[128.53354,35.9322],[128.53402,35.93361],[128.53401,35.93385],[128.53399,35.93407],[128.53393,35.93429],[128.5338,35.93466],[128.5422,35.93404],[128.54431,35.9339],[128.54464,35.93387],[128.54489,35.93385],[128.54558,35.93375],[128.54575,35.93371],[128.54576,35.93364],[128.5485,35.93287]]]]}},{"type":"Feature","properties":{"adm_cd":"22050790","adm_nm":"대구광역시 북구 구암동"},"geometry":{"type":"MultiPolygon","coordinates":[[[[128.58161,35.93399],[128.58172,35.93383],[128.58201,35.93337],[128.58205,35.93311],[128.58208,35.93285],[128.58209,35.93257],[128.58209,35.93219],[128.58209,35.93194],[128.58203,35.93157],[128.58149,35.93002],[128.57966,35.92984],[128.5795,35.92984],[128.57943,35.92984],[128.5794,35.92986],[128.57933,35.9299],[128.57792,35.93],[128.57763,35.92997],[128.57689,35.92932],[128.57478,35.92686],[128.57458,35.92635],[128.57442,35.92591],[128.57441,35.92581],[128.5744,35.92569],[128.57432,35.92565],[128.57403,35.9255],[128.5739,35.92542],[128.57283,35.92495],[128.57169,35.92511],[128.57115,35.92532],[128.57045,35.92559],[128.57019,35.9257],[128.56921,35.9264],[128.56866,35.92664],[128.56767,35.92625],[128.56752,35.92572],[128.56748,35.92531],[128.56743,35.92509],[128.56583,35.92279],[128.5636,35.92097],[128.56155,35.91957],[128.55971,35.91917],[128.55877,35.91821],[128.55837,35.91952],[128.55668,35.92268],[128.55489,35.92432],[128.55478,35.92432],[128.55396,35.92416],[128.55282,35.92376],[128.55063,35.92531],[128.55149,35.92742],[128.55185,35.92789],[128.55202,35.92811],[128.55297,35.9294],[128.55323,35.92976],[128.55359,35.93026],[128.55395,35.93076],[128.55403,35.93088],[128.55428,35.93126],[128.55456,35.93206],[128.55513,35.93201],[128.55631,35.93189],[128.5582,35.93173],[128.56098,35.9315],[128.56142,35.93147],[128.56146,35.93151],[128.56154,35.93198],[128.56172,35.93308],[128.5618,35.93352],[128.56293,35.93956],[128.56294,35.93963],[128.56387,35.94415],[128.57079,35.94328],[128.57247,35.94311],[128.57282,35.94313],[128.57333,35.94316],[128.57378,35.94336],[128.5741,35.94355],[128.57464,35.94394],[128.57538,35.94447],[128.57949,35.94542],[128.57949,35.9432],[128.57947,35.94227],[128.57894,35.93986],[128.57886,35.93947],[128.57861,35.93855],[128.57846,35.93825],[128.57828,35.93808],[128.57822,35.93802],[128.57828,35.93776],[128.57835,35.93746],[128.57904,35.93491],[128.57907,35.93487],[128.57918,35.93477],[128.57944,35.93458],[128.57961,35.93447],[128.58051,35.93388],[128.58081,35.93391],[128.58115,35.93395],[128.58161,35.93399]]]]}},{"type":"Feature","properties":{"adm_cd":"22050810","adm_nm":"대구광역시 북구 노원동"},"geometry":{"type":"MultiPolygon","coordinates":[[[[128.58356,35.88995],[128.58208,35.88513],[128.58108,35.88555],[128.57673,35.88736],[128.57615,35.88761],[128.56853,35.88881],[128.5665,35.88911],[128.56297,35.88962],[128.55961,35.89009],[128.55849,35.89025],[128.55617,35.89057],[128.55509,35.89077],[128.55431,35.89127],[128.55275,35.89307],[128.55254,35.89331],[128.55197,35.89396],[128.5519,35.89405],[128.55203,35.89417],[128.55218,35.89438],[128.55256,35.89474],[128.55375,35.89578],[128.55816,35.89685],[128.55849,35.89691],[128.55932,35.89692],[128.56034,35.89693],[128.56094,35.89696],[128.56112,35.89706],[128.56157,35.89733],[128.56186,35.8975],[128.56217,35.89772],[128.56249,35.89795],[128.56284,35.89823],[128.56363,35.89889],[128.56481,35.8999],[128.56505,35.9001],[128.5653,35.90031],[128.56564,35.90061],[128.56587,35.90077],[128.56626,35.90105],[128.56671,35.90136],[128.56711,35.90162],[128.56716,35.90165],[128.56747,35.90183],[128.56781,35.90204],[128.56823,35.90226],[128.56884,35.90255],[128.56946,35.90286],[128.56986,35.90302],[128.57031,35.90317],[128.57087,35.90332],[128.57143,35.90344],[128.57219,35.90357],[128.57281,35.90368],[128.57882,35.90381],[128.57912,35.90159],[128.57916,35.90131],[128.57939,35.89953],[128.57937,35.89944],[128.57799,35.89468],[128.57761,35.89345],[128.57756,35.89325],[128.57933,35.89131],[128.57979,35.89081],[128.58356,35.88995]]]]}},{"type":"Feature","properties":{"adm_cd":"22050820","adm_nm":"대구광역시 북구 동천동"},"geometry":{"type":"MultiPolygon","coordinates":[[[[128.56387,35.94415],[128.56294,35.93963],[128.56293,35.93956],[128.5618,35.93352],[128.56172,35.93308],[128.56154,35.93198],[128.56146,35.93151],[128.56142,35.93147],[128.56098,35.9315],[128.5582,35.93173],[128.55631,35.93189],[128.55513,35.93201],[128.55456,35.93206],[128.55416,35.9321],[128.55446,35.93267],[128.55466,35.93308],[128.5547,35.93317],[128.55472,35.93323],[128.55482,35.93349],[128.55489,35.93377],[128.55494,35.93402],[128.55496,35.93411],[128.55498,35.93438],[128.555,35.93458],[128.55501,35.93477],[128.55502,35.9349],[128.55504,35.93513],[128.55507,35.93539],[128.55511,35.93581],[128.55511,35.93585],[128.55522,35.93689],[128.55529,35.93717],[128.55545,35.93755],[128.55546,35.93758],[128.55567,35.9379],[128.55642,35.93877],[128.55667,35.93905],[128.55675,35.93912],[128.55713,35.93948],[128.55727,35.93964],[128.55731,35.9397],[128.55741,35.93992],[128.55743,35.93997],[128.55746,35.94005],[128.55753,35.94028],[128.55756,35.9405],[128.5576,35.94077],[128.55761,35.94097],[128.55755,35.94123],[128.55743,35.94148],[128.55731,35.94162],[128.55727,35.94167],[128.55714,35.94182],[128.55697,35.942],[128.55673,35.94222],[128.5565,35.94236],[128.55624,35.94252],[128.55585,35.94272],[128.55538,35.94291],[128.55507,35.94302],[128.55477,35.94312],[128.55457,35.94325],[128.55447,35.94334],[128.55433,35.94366],[128.55431,35.94387],[128.5544,35.94448],[128.55452,35.94515],[128.55458,35.94535],[128.55468,35.94559],[128.5548,35.94577],[128.55497,35.94602],[128.55505,35.94612],[128.56427,35.94641],[128.56387,35.94415]]]]}},{"type":"Feature","properties":{"adm_cd":"22050830","adm_nm":"대구광역시 북구 국우동"},"geometry":{"type":"MultiPolygon","coordinates":[[[[128.58161,35.93399],[128.58115,35.93395],[128.58081,35.93391],[128.58051,35.93388],[128.57961,35.93447],[128.57944,35.93458],[128.57918,35.93477],[128.57907,35.93487],[128.57904,35.93491],[128.57835,35.93746],[128.57828,35.93776],[128.57822,35.93802],[128.57828,35.93808],[128.57846,35.93825],[128.57861,35.93855],[128.57886,35.93947],[128.57894,35.93986],[128.57947,35.94227],[128.57949,35.9432],[128.57949,35.94542],[128.57538,35.94447],[128.57464,35.94394],[128.5741,35.94355],[128.57378,35.94336],[128.57333,35.94316],[128.57282,35.94313],[128.57247,35.94311],[128.57079,35.94328],[128.56387,35.94415],[128.56427,35.94641],[128.55505,35.94612],[128.55737,35.94835],[128.55769,35.94874],[128.55778,35.94899],[128.55779,35.9493],[128.55775,35.9495],[128.55762,35.94991],[128.55739,35.95034],[128.55733,35.95043],[128.55706,35.95081],[128.55664,35.95157],[128.5565,35.95188],[128.55647,35.95194],[128.55604,35.95324],[128.55574,35.95421],[128.55553,35.95501],[128.55537,35.95576],[128.5554,35.95606],[128.55561,35.95612],[128.55561,35.95623],[128.55557,35.95651],[128.55552,35.95672],[128.55538,35.95704],[128.55405,35.95923],[128.55285,35.96074],[128.55296,35.96074],[128.55332,35.96076],[128.55347,35.96104],[128.55316,35.96343],[128.55347,35.96375],[128.55363,35.96389],[128.55416,35.9643],[128.55459,35.96461],[128.55492,35.96483],[128.55516,35.96501],[128.55541,35.96519],[128.5557,35.96541],[128.55596,35.96563],[128.55603,35.96571],[128.5561,35.966],[128.55612,35.96623],[128.55609,35.96731],[128.55606,35.96752],[128.55599,35.96781],[128.55597,35.96785],[128.55591,35.96808],[128.55584,35.96835],[128.55581,35.96858],[128.55578,35.96896],[128.55578,35.96906],[128.55577,35.96931],[128.55586,35.96961],[128.55624,35.97059],[128.55686,35.97101],[128.55721,35.97119],[128.55774,35.97143],[128.5583,35.97167],[128.55859,35.97175],[128.56211,35.97254],[128.56417,35.97287],[128.56605,35.9742],[128.56606,35.97433],[128.5661,35.97441],[128.56619,35.97452],[128.56633,35.9747],[128.5668,35.97513],[128.56708,35.97538],[128.56716,35.97544],[128.57196,35.97771],[128.57207,35.97774],[128.57223,35.97776],[128.57236,35.97777],[128.57716,35.97787],[128.57722,35.97787],[128.57864,35.97785],[128.57916,35.97784],[128.57952,35.9778],[128.58015,35.97771],[128.58034,35.97768],[128.58063,35.97761],[128.58083,35.97754],[128.58125,35.97744],[128.58144,35.97741],[128.58318,35.97735],[128.58406,35.97745],[128.58559,35.97764],[128.58568,35.97765],[128.58985,35.97872],[128.59041,35.97888],[128.5907,35.979],[128.59092,35.97911],[128.59308,35.98043],[128.59317,35.98051],[128.59321,35.98062],[128.59365,35.98166],[128.59368,35.98174],[128.59367,35.98183],[128.59365,35.98198],[128.59362,35.98213],[128.59356,35.98252],[128.59355,35.98261],[128.59355,35.98266],[128.59356,35.98269],[128.59358,35.98273],[128.59364,35.98276],[128.59463,35.98327],[128.59473,35.98331],[128.59672,35.98393],[128.59687,35.98397],[128.59707,35.98403],[128.59725,35.98405],[128.5976,35.98406],[128.59777,35.98406],[128.59819,35.98405],[128.59848,35.98407],[128.59864,35.9841],[128.59875,35.98414],[128.60215,35.98556],[128.60302,35.98616],[128.60357,35.9842],[128.60319,35.98336],[128.60283,35.98223],[128.60251,35.98061],[128.60238,35.97613],[128.6024,35.97599],[128.60243,35.97582],[128.60247,35.97552],[128.60256,35.97507],[128.60259,35.97493],[128.60306,35.9743],[128.60356,35.97386],[128.60384,35.97277],[128.60338,35.96547],[128.60309,35.96412],[128.60157,35.96156],[128.60137,35.96138],[128.6012,35.96124],[128.60086,35.9612],[128.60063,35.96103],[128.59968,35.96032],[128.59958,35.9575],[128.59972,35.95736],[128.60176,35.95579],[128.60255,35.95519],[128.60263,35.95517],[128.60383,35.95449],[128.60511,35.95357],[128.6056,35.95317],[128.60596,35.95283],[128.60616,35.95239],[128.60627,35.95206],[128.60651,35.95073],[128.60664,35.94978],[128.60667,35.94926],[128.60658,35.94797],[128.60509,35.94636],[128.60436,35.94577],[128.60177,35.9452],[128.60124,35.94522],[128.6007,35.94524],[128.60027,35.9455],[128.59995,35.94569],[128.59823,35.94527],[128.59432,35.94218],[128.59232,35.94012],[128.5891,35.93852],[128.58624,35.93758],[128.58603,35.93761],[128.58573,35.93765],[128.58532,35.93771],[128.58515,35.93765],[128.58438,35.93713],[128.58421,35.937],[128.58405,35.93688],[128.58374,35.93664],[128.58354,35.93649],[128.58322,35.93624],[128.58294,35.93603],[128.58246,35.9356],[128.58244,35.93558],[128.58208,35.93511],[128.58185,35.93479],[128.58173,35.93443],[128.58167,35.93424],[128.58161,35.93399]]]]}},{"type":"Feature","properties":{"adm_cd":"22050840","adm_nm":"대구광역시 북구 대현동"},"geometry":{"type":"MultiPolygon","coordinates":[[[[128.61439,35.88506],[128.61209,35.88179],[128.61161,35.88049],[128.6099,35.87893],[128.60895,35.87842],[128.60796,35.8779],[128.60718,35.87749],[128.60686,35.87694],[128.60677,35.8766],[128.60543,35.87773],[128.60506,35.87811],[128.60363,35.87998],[128.60312,35.88067],[128.60286,35.88137],[128.60269,35.88185],[128.60254,35.88226],[128.60215,35.88585],[128.60204,35.88787],[128.60387,35.88843],[128.60722,35.88657],[128.6112,35.88627],[128.61283,35.8862],[128.6129,35.88619],[128.61368,35.88567],[128.6139,35.88552],[128.61431,35.88516],[128.61439,35.88506]]]]}},{"type":"Feature","properties":{"adm_cd":"22060510","adm_nm":"대구광역시 수성구 범어1동"},"geometry":{"type":"MultiPolygon","coordinates":[[[[128.62245,35.85955],[128.62421,35.85937],[128.62657,35.85939],[128.63254,35.85893],[128.63226,35.85854],[128.63187,35.85654],[128.63184,35.85588],[128.63193,35.85373],[128.6321,35.85321],[128.63287,35.85105],[128.63306,35.85053],[128.63294,35.8505],[128.63223,35.8493],[128.63214,35.84854],[128.6323,35.84781],[128.63223,35.84724],[128.63111,35.8464],[128.63073,35.84623],[128.63052,35.84624],[128.6304,35.84648],[128.63008,35.8473],[128.6261,35.84823],[128.62615,35.84928],[128.62519,35.85037],[128.62438,35.85042],[128.62388,35.85045],[128.62356,35.85047],[128.62065,35.85065],[128.62069,35.8513],[128.62145,35.85963],[128.62245,35.85955]]]]}},{"type":"Feature","properties":{"adm_cd":"22060520","adm_nm":"대구광역시 수성구 범어2동"},"geometry":{"type":"MultiPolygon","coordinates":[[[[128.63905,35.86625],[128.639,35.8659],[128.63922,35.86462],[128.63968,35.86255],[128.64041,35.859],[128.63254,35.85893],[128.62657,35.85939],[128.62686,35.86085],[128.62705,35.86204],[128.6271,35.8623],[128.62711,35.86237],[128.62711,35.86246],[128.62712,35.86249],[128.62715,35.86305],[128.62715,35.86312],[128.62716,35.86398],[128.62717,35.86419],[128.6271,35.86713],[128.62985,35.86682],[128.63477,35.86751],[128.63513,35.86752],[128.63517,35.86752],[128.63538,35.8675],[128.63563,35.86748],[128.63582,35.86744],[128.6363,35.86726],[128.63663,35.86708],[128.63905,35.86625]]]]}},{"type":"Feature","properties":{"adm_cd":"22060530","adm_nm":"대구광역시 수성구 범어3동"},"geometry":{"type":"MultiPolygon","coordinates":[[[[128.61859,35.86781],[128.61927,35.86774],[128.6271,35.86713],[128.62717,35.86419],[128.62716,35.86398],[128.62715,35.86312],[128.62715,35.86305],[128.62712,35.86249],[128.62711,35.86246],[128.62711,35.86237],[128.6271,35.8623],[128.62705,35.86204],[128.62686,35.86085],[128.62657,35.85939],[128.62421,35.85937],[128.62245,35.85955],[128.6225,35.86032],[128.62256,35.86145],[128.62255,35.86151],[128.62252,35.86173],[128.62228,35.86225],[128.62225,35.86229],[128.62202,35.86248],[128.62143,35.86279],[128.62129,35.86284],[128.62123,35.86287],[128.62088,35.86299],[128.62006,35.86329],[128.61938,35.86362],[128.6173,35.86472],[128.6172,35.8648],[128.61715,35.86485],[128.61702,35.86497],[128.61692,35.86516],[128.61689,35.86526],[128.61689,35.86528],[128.6169,35.86539],[128.61699,35.86553],[128.61707,35.8656],[128.61744,35.86588],[128.61749,35.86594],[128.61773,35.86627],[128.61777,35.8664],[128.61787,35.86696],[128.61787,35.86715],[128.61783,35.86737],[128.61777,35.86749],[128.61764,35.86761],[128.61747,35.86769],[128.61736,35.86772],[128.61731,35.86773],[128.61724,35.86774],[128.61502,35.86775],[128.61457,35.86796],[128.61474,35.86818],[128.61859,35.86781]]]]}},{"type":"Feature","properties":{"adm_cd":"22060540","adm_nm":"대구광역시 수성구 범어4동"},"geometry":{"type":"MultiPolygon","coordinates":[[[[128.64336,35.84805],[128.6422,35.84717],[128.64139,35.84698],[128.64135,35.84697],[128.64107,35.84694],[128.64084,35.84694],[128.63936,35.84709],[128.63768,35.84883],[128.63567,35.85018],[128.63457,35.85041],[128.63306,35.85053],[128.63287,35.85105],[128.6321,35.85321],[128.63193,35.85373],[128.63184,35.85588],[128.63187,35.85654],[128.63226,35.85854],[128.63254,35.85893],[128.64041,35.859],[128.64279,35.85902],[128.64373,35.85797],[128.64452,35.85632],[128.64475,35.8558],[128.6436,35.85332],[128.64336,35.84805]]]]}},{"type":"Feature","properties":{"adm_cd":"22060550","adm_nm":"대구광역시 수성구 만촌1동"},"geometry":{"type":"MultiPolygon","coordinates":[[[[128.66022,35.87684],[128.66269,35.87323],[128.66231,35.87052],[128.66229,35.86911],[128.66233,35.8685],[128.66282,35.86785],[128.66299,35.86717],[128.66277,35.86665],[128.6622,35.86591],[128.65004,35.86574],[128.64999,35.86575],[128.64979,35.8667],[128.64977,35.86681],[128.64972,35.86705],[128.64961,35.86749],[128.64898,35.87009],[128.64743,35.86906],[128.6474,35.86904],[128.64617,35.86815],[128.64611,35.86811],[128.64488,35.86716],[128.64436,35.86683],[128.64382,35.86653],[128.64375,35.8665],[128.64321,35.86627],[128.64292,35.86619],[128.64243,35.86605],[128.64185,35.86594],[128.64145,35.86593],[128.64094,35.8659],[128.64064,35.86592],[128.64029,35.86594],[128.64011,35.86596],[128.63985,35.86603],[128.63905,35.86625],[128.63663,35.86708],[128.6363,35.86726],[128.63582,35.86744],[128.63563,35.86748],[128.63538,35.8675],[128.63517,35.86752],[128.63513,35.86752],[128.63477,35.86751],[128.62985,35.86682],[128.63042,35.86748],[128.6307,35.86779],[128.63193,35.86915],[128.63218,35.86944],[128.63391,35.87134],[128.63439,35.87181],[128.63455,35.87188],[128.63485,35.87203],[128.63521,35.87213],[128.63587,35.87231],[128.63722,35.87269],[128.63768,35.87282],[128.6379,35.87288],[128.6382,35.87297],[128.63841,35.87303],[128.63879,35.87313],[128.63884,35.87315],[128.63896,35.87318],[128.63923,35.87326],[128.63937,35.87334],[128.63944,35.87338],[128.6395,35.87342],[128.64442,35.87632],[128.64491,35.87662],[128.64529,35.87684],[128.64952,35.87841],[128.64972,35.87842],[128.65093,35.87849],[128.65247,35.87807],[128.65417,35.8769],[128.65605,35.8761],[128.66022,35.87684]]]]}},{"type":"Feature","properties":{"adm_cd":"22060560","adm_nm":"대구광역시 수성구 만촌2동"},"geometry":{"type":"MultiPolygon","coordinates":[[[[128.6622,35.86591],[128.66127,35.86404],[128.65702,35.8606],[128.65683,35.85751],[128.6579,35.85671],[128.65849,35.85688],[128.6589,35.85692],[128.66196,35.85564],[128.66144,35.85501],[128.66082,35.85456],[128.66032,35.85398],[128.66077,35.85299],[128.65923,35.85314],[128.65893,35.85317],[128.65745,35.85355],[128.65581,35.85421],[128.65389,35.85502],[128.64814,35.85801],[128.64279,35.85902],[128.64041,35.859],[128.63968,35.86255],[128.63922,35.86462],[128.639,35.8659],[128.63905,35.86625],[128.63985,35.86603],[128.64011,35.86596],[128.64029,35.86594],[128.64064,35.86592],[128.64094,35.8659],[128.64145,35.86593],[128.64185,35.86594],[128.64243,35.86605],[128.64292,35.86619],[128.64321,35.86627],[128.64375,35.8665],[128.64382,35.86653],[128.64436,35.86683],[128.64488,35.86716],[128.64611,35.86811],[128.64617,35.86815],[128.6474,35.86904],[128.64743,35.86906],[128.64898,35.87009],[128.64961,35.86749],[128.64972,35.86705],[128.64977,35.86681],[128.64979,35.8667],[128.64999,35.86575],[128.65004,35.86574],[128.6622,35.86591]]]]}},{"type":"Feature","properties":{"adm_cd":"22060570","adm_nm":"대구광역시 수성구 만촌3동"},"geometry":{"type":"MultiPolygon","coordinates":[[[[128.66077,35.85299],[128.66037,35.85237],[128.65864,35.84898],[128.6541,35.84515],[128.65126,35.84325],[128.65077,35.84297],[128.64704,35.84161],[128.64651,35.8415],[128.64657,35.84204],[128.64684,35.84509],[128.64668,35.84557],[128.64608,35.84739],[128.646,35.84757],[128.64584,35.84787],[128.64525,35.84836],[128.64336,35.84805],[128.6436,35.85332],[128.64475,35.8558],[128.64452,35.85632],[128.64373,35.85797],[128.64279,35.85902],[128.64814,35.85801],[128.65389,35.85502],[128.65581,35.85421],[128.65745,35.85355],[128.65893,35.85317],[128.65923,35.85314],[128.66077,35.85299]]]]}},{"type":"Feature","properties":{"adm_cd":"22060580","adm_nm":"대구광역시 수성구 수성1가동"},"geometry":{"type":"MultiPolygon","coordinates":[[[[128.61406,35.85997],[128.61329,35.85112],[128.6132,35.84992],[128.61306,35.84912],[128.60877,35.84899],[128.60734,35.84937],[128.60852,35.85435],[128.60847,35.85495],[128.60815,35.85758],[128.60823,35.85826],[128.60839,35.85975],[128.60845,35.85991],[128.60899,35.86131],[128.60914,35.86143],[128.61406,35.85997]]]]}},{"type":"Feature","properties":{"adm_cd":"22060590","adm_nm":"대구광역시 수성구 수성2·3가동"},"geometry":{"type":"MultiPolygon","coordinates":[[[[128.62145,35.85963],[128.62069,35.8513],[128.62065,35.85065],[128.61685,35.85091],[128.61329,35.85112],[128.61406,35.85997],[128.62145,35.85963]]]]}},{"type":"Feature","properties":{"adm_cd":"22060600","adm_nm":"대구광역시 수성구 수성4가동"},"geometry":{"type":"MultiPolygon","coordinates":[[[[128.62245,35.85955],[128.62145,35.85963],[128.61406,35.85997],[128.60914,35.86143],[128.60962,35.86184],[128.61317,35.86548],[128.61457,35.86796],[128.61502,35.86775],[128.61724,35.86774],[128.61731,35.86773],[128.61736,35.86772],[128.61747,35.86769],[128.61764,35.86761],[128.61777,35.86749],[128.61783,35.86737],[128.61787,35.86715],[128.61787,35.86696],[128.61777,35.8664],[128.61773,35.86627],[128.61749,35.86594],[128.61744,35.86588],[128.61707,35.8656],[128.61699,35.86553],[128.6169,35.86539],[128.61689,35.86528],[128.61689,35.86526],[128.61692,35.86516],[128.61702,35.86497],[128.61715,35.86485],[128.6172,35.8648],[128.6173,35.86472],[128.61938,35.86362],[128.62006,35.86329],[128.62088,35.86299],[128.62123,35.86287],[128.62129,35.86284],[128.62143,35.86279],[128.62202,35.86248],[128.62225,35.86229],[128.62228,35.86225],[128.62252,35.86173],[128.62255,35.86151],[128.62256,35.86145],[128.6225,35.86032],[128.62245,35.85955]]]]}},{"type":"Feature","properties":{"adm_cd":"22060610","adm_nm":"대구광역시 수성구 황금1동"},"geometry":{"type":"MultiPolygon","coordinates":[[[[128.64336,35.84805],[128.64525,35.84836],[128.64584,35.84787],[128.646,35.84757],[128.64608,35.84739],[128.64668,35.84557],[128.64684,35.84509],[128.64657,35.84204],[128.64651,35.8415],[128.64617,35.84062],[128.6472,35.83694],[128.64762,35.83642],[128.64655,35.83559],[128.64646,35.83552],[128.64433,35.83357],[128.6445,35.83308],[128.64446,35.83277],[128.64379,35.83146],[128.64311,35.83079],[128.64056,35.83034],[128.64035,35.83054],[128.64018,35.83085],[128.6401,35.83124],[128.64008,35.83158],[128.64011,35.83197],[128.63917,35.83332],[128.63707,35.83492],[128.63615,35.83558],[128.63592,35.83563],[128.6357,35.83563],[128.63548,35.83559],[128.63534,35.83552],[128.63422,35.83501],[128.63342,35.83443],[128.63196,35.8343],[128.63173,35.83447],[128.63017,35.83572],[128.62992,35.83596],[128.62985,35.83605],[128.62986,35.83632],[128.62989,35.83671],[128.62953,35.83922],[128.62721,35.83915],[128.62779,35.83977],[128.62791,35.84021],[128.62787,35.84089],[128.62774,35.84126],[128.62763,35.84158],[128.62762,35.84164],[128.62759,35.84182],[128.62793,35.84302],[128.62976,35.846],[128.63008,35.8473],[128.6304,35.84648],[128.63052,35.84624],[128.63073,35.84623],[128.63111,35.8464],[128.63223,35.84724],[128.6323,35.84781],[128.63214,35.84854],[128.63223,35.8493],[128.63294,35.8505],[128.63306,35.85053],[128.63457,35.85041],[128.63567,35.85018],[128.63768,35.84883],[128.63936,35.84709],[128.64084,35.84694],[128.64107,35.84694],[128.64135,35.84697],[128.64139,35.84698],[128.6422,35.84717],[128.64336,35.84805]]]]}},{"type":"Feature","properties":{"adm_cd":"22060620","adm_nm":"대구광역시 수성구 황금2동"},"geometry":{"type":"MultiPolygon","coordinates":[[[[128.62065,35.85065],[128.62356,35.85047],[128.62388,35.85045],[128.62438,35.85042],[128.62519,35.85037],[128.62615,35.84928],[128.6261,35.84823],[128.63008,35.8473],[128.62976,35.846],[128.62793,35.84302],[128.62759,35.84182],[128.62762,35.84164],[128.62763,35.84158],[128.62774,35.84126],[128.62787,35.84089],[128.62791,35.84021],[128.62779,35.83977],[128.62721,35.83915],[128.62627,35.83928],[128.6243,35.83996],[128.61673,35.84051],[128.61678,35.84884],[128.61685,35.85091],[128.62065,35.85065]]]]}},{"type":"Feature","properties":{"adm_cd":"22060630","adm_nm":"대구광역시 수성구 중동"},"geometry":{"type":"MultiPolygon","coordinates":[[[[128.61685,35.85091],[128.61678,35.84884],[128.61673,35.84051],[128.61448,35.84062],[128.6122,35.84078],[128.61216,35.84042],[128.61211,35.84004],[128.61205,35.83916],[128.60684,35.8391],[128.60718,35.83961],[128.60727,35.83983],[128.60773,35.84224],[128.60773,35.84245],[128.6077,35.84327],[128.60769,35.84389],[128.60667,35.84381],[128.60647,35.84503],[128.60747,35.84505],[128.60735,35.84575],[128.60728,35.84598],[128.6072,35.84626],[128.6071,35.84659],[128.60698,35.84844],[128.60717,35.84893],[128.60734,35.84937],[128.60877,35.84899],[128.61306,35.84912],[128.6132,35.84992],[128.61329,35.85112],[128.61685,35.85091]]]]}},{"type":"Feature","properties":{"adm_cd":"22060640","adm_nm":"대구광역시 수성구 상동"},"geometry":{"type":"MultiPolygon","coordinates":[[[[128.61673,35.84051],[128.61673,35.83917],[128.61672,35.83072],[128.61672,35.82978],[128.61379,35.82608],[128.61163,35.82585],[128.61,35.82533],[128.60849,35.82515],[128.60746,35.82751],[128.60765,35.82759],[128.60798,35.82772],[128.60775,35.82883],[128.60741,35.83011],[128.60697,35.83102],[128.60686,35.83127],[128.60663,35.83178],[128.60652,35.8323],[128.60643,35.83268],[128.60605,35.83537],[128.60623,35.83622],[128.60635,35.83678],[128.60676,35.83872],[128.60678,35.83882],[128.60684,35.8391],[128.61205,35.83916],[128.61211,35.84004],[128.61216,35.84042],[128.6122,35.84078],[128.61448,35.84062],[128.61673,35.84051]]]]}},{"type":"Feature","properties":{"adm_cd":"22060650","adm_nm":"대구광역시 수성구 파동"},"geometry":{"type":"MultiPolygon","coordinates":[[[[128.60746,35.82751],[128.60849,35.82515],[128.61,35.82533],[128.61163,35.82585],[128.61397,35.82434],[128.61585,35.82386],[128.61597,35.82382],[128.61639,35.82357],[128.61875,35.82214],[128.61897,35.82196],[128.61964,35.82137],[128.62063,35.82043],[128.62099,35.81996],[128.62224,35.81783],[128.62225,35.81769],[128.62214,35.81755],[128.62223,35.81734],[128.62233,35.81724],[128.62261,35.8171],[128.62349,35.81666],[128.62468,35.81614],[128.62607,35.81571],[128.63055,35.81291],[128.63217,35.81176],[128.63237,35.81161],[128.63585,35.80895],[128.63586,35.80609],[128.63581,35.80611],[128.63535,35.80623],[128.63509,35.80627],[128.63302,35.80654],[128.63263,35.80652],[128.6322,35.8065],[128.63175,35.80645],[128.63115,35.8063],[128.62681,35.80709],[128.62666,35.80715],[128.62486,35.80773],[128.62364,35.80683],[128.6234,35.80657],[128.62326,35.80634],[128.62319,35.80598],[128.62233,35.8052],[128.61623,35.8042],[128.61611,35.8042],[128.61592,35.80421],[128.60849,35.80506],[128.60141,35.80657],[128.59588,35.80742],[128.59453,35.80766],[128.59071,35.80977],[128.59079,35.80993],[128.59089,35.81006],[128.5921,35.81157],[128.59383,35.81306],[128.59477,35.81343],[128.59717,35.81419],[128.59804,35.81432],[128.59856,35.81437],[128.59883,35.8144],[128.60062,35.81489],[128.60109,35.81527],[128.60312,35.81933],[128.60352,35.82035],[128.6046,35.82318],[128.60511,35.82459],[128.60515,35.82541],[128.60516,35.8256],[128.60519,35.82613],[128.60516,35.82723],[128.60561,35.8295],[128.60643,35.82855],[128.60746,35.82751]]]]}},{"type":"Feature","properties":{"adm_cd":"22060660","adm_nm":"대구광역시 수성구 두산동"},"geometry":{"type":"MultiPolygon","coordinates":[[[[128.6243,35.83996],[128.62411,35.83726],[128.62368,35.83231],[128.62354,35.83027],[128.62355,35.83017],[128.62697,35.83044],[128.62719,35.83017],[128.62792,35.82865],[128.62795,35.82852],[128.62794,35.8283],[128.6275,35.82753],[128.62707,35.82723],[128.627,35.82722],[128.62673,35.82697],[128.62644,35.82655],[128.62602,35.82588],[128.62478,35.82296],[128.62474,35.82287],[128.62435,35.82116],[128.62482,35.82085],[128.62605,35.82032],[128.62605,35.81966],[128.62571,35.81815],[128.62468,35.81614],[128.62349,35.81666],[128.62261,35.8171],[128.62233,35.81724],[128.62223,35.81734],[128.62214,35.81755],[128.62225,35.81769],[128.62224,35.81783],[128.62099,35.81996],[128.62063,35.82043],[128.61964,35.82137],[128.61897,35.82196],[128.61875,35.82214],[128.61639,35.82357],[128.61597,35.82382],[128.61585,35.82386],[128.61397,35.82434],[128.61163,35.82585],[128.61379,35.82608],[128.61672,35.82978],[128.61672,35.83072],[128.61673,35.83917],[128.61673,35.84051],[128.6243,35.83996]]]]}},{"type":"Feature","properties":{"adm_cd":"22060670","adm_nm":"대구광역시 수성구 지산1동"},"geometry":{"type":"MultiPolygon","coordinates":[[[[128.62721,35.83915],[128.62953,35.83922],[128.62989,35.83671],[128.62986,35.83632],[128.62985,35.83605],[128.62992,35.83596],[128.63017,35.83572],[128.63173,35.83447],[128.63196,35.8343],[128.63342,35.83443],[128.63422,35.83501],[128.63534,35.83552],[128.63548,35.83559],[128.6357,35.83563],[128.63592,35.83563],[128.63615,35.83558],[128.63707,35.83492],[128.63917,35.83332],[128.64011,35.83197],[128.64008,35.83158],[128.6401,35.83124],[128.64018,35.83085],[128.64035,35.83054],[128.64056,35.83034],[128.64311,35.83079],[128.64379,35.83146],[128.64446,35.83277],[128.6445,35.83308],[128.64433,35.83357],[128.64646,35.83552],[128.64655,35.83559],[128.64762,35.83642],[128.64783,35.83699],[128.6489,35.83648],[128.64913,35.83633],[128.64947,35.83566],[128.64971,35.8347],[128.65002,35.83412],[128.65038,35.83369],[128.65141,35.83256],[128.6525,35.83276],[128.65347,35.83098],[128.65335,35.82886],[128.65309,35.82837],[128.6528,35.82803],[128.65276,35.82742],[128.65399,35.82611],[128.65419,35.8259],[128.65232,35.82615],[128.6512,35.82628],[128.65041,35.82614],[128.64905,35.82556],[128.64557,35.82413],[128.64261,35.82336],[128.63974,35.8212],[128.63785,35.82248],[128.63613,35.82352],[128.6358,35.82359],[128.63544,35.8237],[128.63306,35.82458],[128.63276,35.82479],[128.6322,35.82524],[128.62707,35.82723],[128.6275,35.82753],[128.62794,35.8283],[128.62795,35.82852],[128.62792,35.82865],[128.62719,35.83017],[128.62697,35.83044],[128.62355,35.83017],[128.62354,35.83027],[128.62368,35.83231],[128.62411,35.83726],[128.6243,35.83996],[128.62627,35.83928],[128.62721,35.83915]]]]}},{"type":"Feature","properties":{"adm_cd":"22060680","adm_nm":"대구광역시 수성구 지산2동"},"geometry":{"type":"MultiPolygon","coordinates":[[[[128.63974,35.8212],[128.63657,35.82037],[128.6368,35.81881],[128.6378,35.81632],[128.63772,35.81324],[128.63877,35.81055],[128.6378,35.80935],[128.63696,35.80837],[128.6367,35.80846],[128.63589,35.80892],[128.63585,35.80895],[128.63237,35.81161],[128.63217,35.81176],[128.63055,35.81291],[128.62607,35.81571],[128.62468,35.81614],[128.62571,35.81815],[128.62605,35.81966],[128.62605,35.82032],[128.62482,35.82085],[128.62435,35.82116],[128.62474,35.82287],[128.62478,35.82296],[128.62602,35.82588],[128.62644,35.82655],[128.62673,35.82697],[128.627,35.82722],[128.62707,35.82723],[128.6322,35.82524],[128.63276,35.82479],[128.63306,35.82458],[128.63544,35.8237],[128.6358,35.82359],[128.63613,35.82352],[128.63785,35.82248],[128.63974,35.8212]]]]}},{"type":"Feature","properties":{"adm_cd":"22060690","adm_nm":"대구광역시 수성구 범물1동"},"geometry":{"type":"MultiPolygon","coordinates":[[[[128.65419,35.8259],[128.65479,35.82561],[128.65529,35.82521],[128.65557,35.82397],[128.65566,35.82352],[128.65567,35.82339],[128.65569,35.82292],[128.65564,35.8222],[128.65563,35.82172],[128.65564,35.82129],[128.65586,35.82075],[128.65604,35.82051],[128.65719,35.81955],[128.65783,35.81968],[128.65815,35.81971],[128.65969,35.81963],[128.66244,35.81929],[128.66415,35.81906],[128.66683,35.81853],[128.66856,35.81816],[128.66895,35.81806],[128.66965,35.8178],[128.67016,35.81758],[128.67143,35.817],[128.67255,35.81607],[128.67304,35.81567],[128.67335,35.81494],[128.67329,35.8147],[128.67132,35.80932],[128.67068,35.80816],[128.67057,35.80684],[128.67252,35.80363],[128.67567,35.8026],[128.67758,35.80264],[128.67781,35.80181],[128.67846,35.79849],[128.67847,35.79808],[128.67825,35.79598],[128.67821,35.79569],[128.6772,35.79412],[128.67717,35.79417],[128.67709,35.79427],[128.67691,35.79441],[128.67663,35.79461],[128.67501,35.79554],[128.67485,35.7956],[128.67476,35.79562],[128.67217,35.79581],[128.66807,35.79733],[128.66798,35.79736],[128.66745,35.79753],[128.66654,35.79783],[128.66414,35.79842],[128.66394,35.79846],[128.662,35.79887],[128.66184,35.79889],[128.66173,35.79889],[128.66165,35.79888],[128.66056,35.79883],[128.6601,35.79878],[128.65994,35.79875],[128.65985,35.79872],[128.65959,35.79858],[128.65892,35.79846],[128.65736,35.79872],[128.65314,35.79976],[128.65305,35.79979],[128.65278,35.79998],[128.65264,35.80008],[128.65242,35.80026],[128.65228,35.80041],[128.65212,35.80059],[128.65184,35.80099],[128.65174,35.80118],[128.65086,35.80286],[128.65108,35.80318],[128.65207,35.80544],[128.65223,35.80629],[128.65187,35.80814],[128.6512,35.81085],[128.65076,35.81301],[128.65065,35.81439],[128.65036,35.81486],[128.64945,35.81502],[128.6494,35.81503],[128.64885,35.81506],[128.64771,35.81555],[128.6467,35.81603],[128.64652,35.81608],[128.64567,35.81638],[128.64562,35.81642],[128.64524,35.81675],[128.64231,35.81952],[128.63974,35.8212],[128.64261,35.82336],[128.64557,35.82413],[128.64905,35.82556],[128.65041,35.82614],[128.6512,35.82628],[128.65232,35.82615],[128.65419,35.8259]]]]}},{"type":"Feature","properties":{"adm_cd":"22060700","adm_nm":"대구광역시 수성구 범물2동"},"geometry":{"type":"MultiPolygon","coordinates":[[[[128.65086,35.80286],[128.64929,35.80348],[128.64912,35.80353],[128.64898,35.80354],[128.64886,35.80353],[128.64872,35.80349],[128.64857,35.80342],[128.6484,35.80332],[128.64753,35.80285],[128.64712,35.80264],[128.64675,35.80249],[128.64654,35.80242],[128.64631,35.80237],[128.64588,35.80229],[128.6455,35.80226],[128.64203,35.80201],[128.64198,35.80201],[128.64039,35.80223],[128.64032,35.80225],[128.64024,35.80229],[128.64015,35.80237],[128.63922,35.80328],[128.63877,35.80401],[128.63867,35.8042],[128.63808,35.80483],[128.63789,35.80501],[128.63742,35.8053],[128.63606,35.80601],[128.63586,35.80609],[128.63585,35.80895],[128.63589,35.80892],[128.6367,35.80846],[128.63696,35.80837],[128.6378,35.80935],[128.63877,35.81055],[128.63772,35.81324],[128.6378,35.81632],[128.6368,35.81881],[128.63657,35.82037],[128.63974,35.8212],[128.64231,35.81952],[128.64524,35.81675],[128.64562,35.81642],[128.64567,35.81638],[128.64652,35.81608],[128.6467,35.81603],[128.64771,35.81555],[128.64885,35.81506],[128.6494,35.81503],[128.64945,35.81502],[128.65036,35.81486],[128.65065,35.81439],[128.65076,35.81301],[128.6512,35.81085],[128.65187,35.80814],[128.65223,35.80629],[128.65207,35.80544],[128.65108,35.80318],[128.65086,35.80286]]]]}},{"type":"Feature","properties":{"adm_cd":"22060710","adm_nm":"대구광역시 수성구 고산1동"},"geometry":{"type":"MultiPolygon","coordinates":[[[[128.7233,35.83529],[128.72051,35.83582],[128.71896,35.83566],[128.71888,35.83565],[128.71846,35.83546],[128.71819,35.83533],[128.71661,35.83417],[128.71422,35.83207],[128.71252,35.83053],[128.71181,35.83],[128.71081,35.82904],[128.70974,35.82797],[128.70883,35.82668],[128.70879,35.8266],[128.70875,35.8265],[128.70871,35.82638],[128.70867,35.82622],[128.7086,35.82586],[128.70857,35.82562],[128.70849,35.82427],[128.70849,35.82412],[128.70852,35.82383],[128.70883,35.82234],[128.70964,35.82084],[128.70973,35.82069],[128.70981,35.82056],[128.70991,35.82041],[128.70993,35.82039],[128.71008,35.82023],[128.71019,35.82013],[128.71028,35.82006],[128.71034,35.82001],[128.71041,35.81998],[128.71056,35.81989],[128.71149,35.81933],[128.71159,35.81926],[128.71172,35.81916],[128.71178,35.81911],[128.71186,35.81904],[128.71309,35.81794],[128.71317,35.81787],[128.71322,35.81781],[128.71328,35.81775],[128.71331,35.81771],[128.71335,35.81764],[128.71342,35.81748],[128.71354,35.81718],[128.71358,35.81702],[128.7136,35.8169],[128.71361,35.81683],[128.71391,35.81533],[128.71452,35.81335],[128.71516,35.81159],[128.71594,35.80941],[128.71599,35.8093],[128.71769,35.80671],[128.71639,35.80589],[128.71618,35.80581],[128.71608,35.80578],[128.71477,35.80546],[128.7146,35.80542],[128.71456,35.80542],[128.71449,35.80542],[128.71444,35.80543],[128.71436,35.80546],[128.71414,35.80552],[128.71407,35.80553],[128.71397,35.80555],[128.71389,35.80556],[128.71377,35.80555],[128.71126,35.8051],[128.71108,35.80506],[128.71103,35.80504],[128.71088,35.80497],[128.7107,35.80487],[128.71063,35.80482],[128.71033,35.80462],[128.71024,35.80456],[128.70996,35.80436],[128.70989,35.80431],[128.70904,35.80369],[128.7025,35.79854],[128.70235,35.79842],[128.70019,35.79665],[128.70015,35.79658],[128.70011,35.79608],[128.70012,35.79548],[128.70012,35.79532],[128.70009,35.79522],[128.69999,35.79513],[128.69938,35.7949],[128.69737,35.79415],[128.69718,35.79413],[128.69695,35.79415],[128.69677,35.7942],[128.69663,35.79426],[128.69545,35.79503],[128.69535,35.7951],[128.69492,35.79554],[128.69483,35.79565],[128.69479,35.79581],[128.69461,35.79631],[128.69446,35.79655],[128.69442,35.79659],[128.69434,35.79662],[128.69428,35.79662],[128.69316,35.79657],[128.69297,35.79654],[128.69278,35.79647],[128.69141,35.79583],[128.69122,35.79573],[128.69094,35.79548],[128.69069,35.79515],[128.69063,35.79499],[128.68913,35.79241],[128.68906,35.79233],[128.68888,35.79228],[128.68405,35.79059],[128.68258,35.7899],[128.68146,35.79085],[128.67863,35.79281],[128.67855,35.79282],[128.6784,35.79283],[128.67821,35.79288],[128.67801,35.793],[128.67784,35.7931],[128.67748,35.79336],[128.67729,35.79349],[128.67726,35.79353],[128.67723,35.79358],[128.6772,35.79412],[128.67821,35.79569],[128.67825,35.79598],[128.67847,35.79808],[128.67846,35.79849],[128.67781,35.80181],[128.67758,35.80264],[128.68118,35.80413],[128.68359,35.80626],[128.6839,35.80655],[128.68668,35.80927],[128.68677,35.80947],[128.68659,35.80983],[128.68658,35.80986],[128.68584,35.811],[128.6863,35.81184],[128.68804,35.81215],[128.68971,35.81232],[128.69083,35.81221],[128.69261,35.81313],[128.69486,35.81469],[128.69641,35.81702],[128.69671,35.81777],[128.69702,35.81882],[128.69727,35.82077],[128.69751,35.82088],[128.7002,35.82218],[128.70186,35.82581],[128.70226,35.83003],[128.70314,35.83261],[128.70381,35.83372],[128.70383,35.83396],[128.70386,35.83433],[128.70392,35.83539],[128.70392,35.8365],[128.70392,35.83755],[128.70332,35.83755],[128.7034,35.84063],[128.7035,35.84125],[128.70388,35.84116],[128.70735,35.84027],[128.70758,35.84017],[128.70825,35.83987],[128.70834,35.83983],[128.7091,35.83945],[128.7092,35.8394],[128.70935,35.83931],[128.70968,35.83911],[128.70993,35.83896],[128.71011,35.83885],[128.71026,35.83876],[128.71032,35.83872],[128.711,35.83844],[128.71202,35.83803],[128.71263,35.83779],[128.71268,35.83777],[128.71333,35.83758],[128.71342,35.83756],[128.71364,35.8375],[128.7233,35.83529]]]]}},{"type":"Feature","properties":{"adm_cd":"22060720","adm_nm":"대구광역시 수성구 고산2동"},"geometry":{"type":"MultiPolygon","coordinates":[[[[128.68013,35.86679],[128.68023,35.86282],[128.68029,35.86224],[128.68066,35.86173],[128.68105,35.86132],[128.68175,35.86077],[128.68224,35.86047],[128.68569,35.85936],[128.68636,35.85917],[128.68664,35.85911],[128.68724,35.85897],[128.68731,35.85896],[128.6892,35.85856],[128.69188,35.85816],[128.6925,35.85812],[128.69289,35.85812],[128.69387,35.85812],[128.69472,35.85811],[128.69672,35.85801],[128.6975,35.85797],[128.69893,35.8579],[128.69986,35.85785],[128.70101,35.85625],[128.70206,35.85532],[128.70187,35.85462],[128.70163,35.85394],[128.70027,35.85293],[128.69898,35.85141],[128.69884,35.85123],[128.69872,35.8508],[128.69863,35.85047],[128.69868,35.85036],[128.70125,35.84857],[128.70139,35.8485],[128.70344,35.84809],[128.70253,35.84511],[128.70209,35.84438],[128.70139,35.84384],[128.70085,35.84352],[128.70036,35.84342],[128.6999,35.84336],[128.69949,35.8433],[128.69913,35.84225],[128.70299,35.84137],[128.7035,35.84125],[128.7034,35.84063],[128.70332,35.83755],[128.70392,35.83755],[128.70392,35.8365],[128.70392,35.83539],[128.70386,35.83433],[128.70383,35.83396],[128.70381,35.83372],[128.70314,35.83261],[128.70226,35.83003],[128.70186,35.82581],[128.7002,35.82218],[128.69751,35.82088],[128.69727,35.82077],[128.69702,35.81882],[128.69671,35.81777],[128.69641,35.81702],[128.69486,35.81469],[128.69261,35.81313],[128.69083,35.81221],[128.68971,35.81232],[128.68804,35.81215],[128.6863,35.81184],[128.68584,35.811],[128.68658,35.80986],[128.68659,35.80983],[128.68677,35.80947],[128.68668,35.80927],[128.6839,35.80655],[128.68359,35.80626],[128.68118,35.80413],[128.67758,35.80264],[128.67567,35.8026],[128.67252,35.80363],[128.67057,35.80684],[128.67068,35.80816],[128.67132,35.80932],[128.67329,35.8147],[128.67335,35.81494],[128.67304,35.81567],[128.67255,35.81607],[128.67143,35.817],[128.67016,35.81758],[128.66965,35.8178],[128.66895,35.81806],[128.66856,35.81816],[128.66683,35.81853],[128.66415,35.81906],[128.66244,35.81929],[128.65969,35.81963],[128.65815,35.81971],[128.65783,35.81968],[128.65719,35.81955],[128.65604,35.82051],[128.65586,35.82075],[128.65564,35.82129],[128.65563,35.82172],[128.65564,35.8222],[128.65569,35.82292],[128.65567,35.82339],[128.65566,35.82352],[128.65557,35.82397],[128.65529,35.82521],[128.65479,35.82561],[128.65419,35.8259],[128.65399,35.82611],[128.65276,35.82742],[128.6528,35.82803],[128.65309,35.82837],[128.65335,35.82886],[128.65347,35.83098],[128.6525,35.83276],[128.65141,35.83256],[128.65038,35.83369],[128.65002,35.83412],[128.64971,35.8347],[128.64947,35.83566],[128.64913,35.83633],[128.6489,35.83648],[128.64783,35.83699],[128.64762,35.83642],[128.6472,35.83694],[128.64617,35.84062],[128.64651,35.8415],[128.64704,35.84161],[128.65077,35.84297],[128.65126,35.84325],[128.6541,35.84515],[128.65864,35.84898],[128.66037,35.85237],[128.66077,35.85299],[128.66032,35.85398],[128.66082,35.85456],[128.66144,35.85501],[128.66196,35.85564],[128.6589,35.85692],[128.65849,35.85688],[128.6579,35.85671],[128.65683,35.85751],[128.65702,35.8606],[128.66127,35.86404],[128.6622,35.86591],[128.66277,35.86665],[128.66299,35.86717],[128.66282,35.86785],[128.66233,35.8685],[128.66229,35.86911],[128.66231,35.87052],[128.66269,35.87323],[128.66342,35.87282],[128.66367,35.87278],[128.66629,35.87318],[128.66633,35.87318],[128.66829,35.8736],[128.66845,35.87363],[128.67333,35.8739],[128.67606,35.87334],[128.67749,35.87155],[128.6795,35.86822],[128.68001,35.8672],[128.68013,35.86679]]]]}},{"type":"Feature","properties":{"adm_cd":"22060730","adm_nm":"대구광역시 수성구 고산3동"},"geometry":{"type":"MultiPolygon","coordinates":[[[[128.72613,35.85712],[128.72496,35.85782],[128.72151,35.85628],[128.72241,35.85541],[128.72422,35.85424],[128.72529,35.85352],[128.72612,35.84598],[128.72616,35.8449],[128.72618,35.84423],[128.72539,35.84339],[128.72405,35.84004],[128.72406,35.83935],[128.72415,35.83859],[128.72518,35.83657],[128.72518,35.83652],[128.72518,35.83644],[128.72516,35.83633],[128.72511,35.83613],[128.72465,35.83574],[128.72367,35.83541],[128.7233,35.83529],[128.71364,35.8375],[128.71342,35.83756],[128.71333,35.83758],[128.71268,35.83777],[128.71263,35.83779],[128.71202,35.83803],[128.711,35.83844],[128.71032,35.83872],[128.71026,35.83876],[128.71011,35.83885],[128.70993,35.83896],[128.70968,35.83911],[128.70935,35.83931],[128.7092,35.8394],[128.7091,35.83945],[128.70834,35.83983],[128.70825,35.83987],[128.70758,35.84017],[128.70735,35.84027],[128.70388,35.84116],[128.7035,35.84125],[128.70299,35.84137],[128.69913,35.84225],[128.69949,35.8433],[128.6999,35.84336],[128.70036,35.84342],[128.70085,35.84352],[128.70139,35.84384],[128.70209,35.84438],[128.70253,35.84511],[128.70344,35.84809],[128.70139,35.8485],[128.70125,35.84857],[128.69868,35.85036],[128.69863,35.85047],[128.69872,35.8508],[128.69884,35.85123],[128.69898,35.85141],[128.70027,35.85293],[128.70163,35.85394],[128.70187,35.85462],[128.70206,35.85532],[128.70101,35.85625],[128.69986,35.85785],[128.70403,35.85768],[128.70612,35.85826],[128.71142,35.86084],[128.71411,35.8623],[128.71427,35.86236],[128.71496,35.86239],[128.71527,35.86241],[128.71665,35.86238],[128.71726,35.86234],[128.7183,35.86215],[128.71952,35.86188],[128.71978,35.86181],[128.72046,35.86158],[128.72078,35.86146],[128.72401,35.86013],[128.72613,35.85712]]]]}},{"type":"Feature","properties":{"adm_cd":"22070550","adm_nm":"대구광역시 달서구 두류3동"},"geometry":{"type":"MultiPolygon","coordinates":[[[[128.56337,35.85179],[128.56262,35.84958],[128.55625,35.84685],[128.55414,35.8461],[128.55398,35.84609],[128.55382,35.84608],[128.55362,35.84609],[128.55293,35.84613],[128.55275,35.84615],[128.55167,35.84634],[128.54782,35.84931],[128.54765,35.84946],[128.54753,35.8496],[128.54745,35.84981],[128.54741,35.85003],[128.54736,35.85036],[128.54913,35.85485],[128.54933,35.85493],[128.55263,35.85614],[128.5535,35.85646],[128.55355,35.85639],[128.55723,35.85774],[128.55725,35.85784],[128.55847,35.85825],[128.55841,35.85647],[128.55982,35.8548],[128.56153,35.85292],[128.56185,35.8526],[128.56217,35.85231],[128.56249,35.85213],[128.5629,35.85195],[128.56337,35.85179]]]]}},{"type":"Feature","properties":{"adm_cd":"22070560","adm_nm":"대구광역시 달서구 본리동"},"geometry":{"type":"MultiPolygon","coordinates":[[[[128.54876,35.83718],[128.54141,35.83733],[128.54126,35.83734],[128.53848,35.83739],[128.53694,35.83742],[128.53225,35.83728],[128.52877,35.83717],[128.52861,35.83716],[128.52761,35.8371],[128.5278,35.83773],[128.52787,35.83824],[128.52789,35.83844],[128.52795,35.83895],[128.52792,35.83941],[128.52782,35.84003],[128.52774,35.84051],[128.52772,35.8406],[128.52762,35.84107],[128.52753,35.84146],[128.53085,35.84198],[128.53308,35.84195],[128.53536,35.84192],[128.53603,35.84191],[128.53604,35.84205],[128.53605,35.84252],[128.53606,35.843],[128.53607,35.84353],[128.54483,35.84347],[128.54482,35.84186],[128.54482,35.84115],[128.54679,35.84113],[128.54781,35.84112],[128.54787,35.84112],[128.54883,35.8411],[128.54878,35.83838],[128.54878,35.83802],[128.54876,35.83733],[128.54876,35.83718]]]]}},{"type":"Feature","properties":{"adm_cd":"22070570","adm_nm":"대구광역시 달서구 감삼동"},"geometry":{"type":"MultiPolygon","coordinates":[[[[128.54736,35.85036],[128.54726,35.8502],[128.54709,35.84995],[128.54685,35.8496],[128.54591,35.84819],[128.54578,35.84799],[128.54543,35.84747],[128.54456,35.84616],[128.54449,35.84599],[128.54449,35.84595],[128.54447,35.84585],[128.5445,35.84557],[128.54483,35.84347],[128.53607,35.84353],[128.53462,35.84358],[128.53339,35.84409],[128.53296,35.84435],[128.53263,35.84454],[128.53069,35.84676],[128.53069,35.8471],[128.53068,35.84823],[128.53068,35.8483],[128.53067,35.84909],[128.5334,35.84987],[128.53725,35.85024],[128.53946,35.851],[128.54577,35.85354],[128.54807,35.85457],[128.54913,35.85485],[128.54736,35.85036]]]]}},{"type":"Feature","properties":{"adm_cd":"22070580","adm_nm":"대구광역시 달서구 죽전동"},"geometry":{"type":"MultiPolygon","coordinates":[[[[128.54508,35.85607],[128.54807,35.85457],[128.54577,35.85354],[128.53946,35.851],[128.53725,35.85024],[128.5334,35.84987],[128.53399,35.85318],[128.53402,35.85441],[128.53405,35.85559],[128.53405,35.85563],[128.53407,35.8568],[128.53407,35.85683],[128.5339,35.85684],[128.53365,35.85684],[128.53327,35.85685],[128.53327,35.85688],[128.53328,35.85789],[128.53329,35.85807],[128.5333,35.85875],[128.5333,35.8591],[128.53989,35.85907],[128.54023,35.8563],[128.54361,35.8558],[128.54508,35.85607]]]]}},{"type":"Feature","properties":{"adm_cd":"22070590","adm_nm":"대구광역시 달서구 장기동"},"geometry":{"type":"MultiPolygon","coordinates":[[[[128.52183,35.84977],[128.52428,35.84892],[128.52514,35.84871],[128.52728,35.84851],[128.52758,35.84855],[128.52787,35.84859],[128.53067,35.84909],[128.53068,35.8483],[128.53068,35.84823],[128.53069,35.8471],[128.53069,35.84676],[128.53263,35.84454],[128.53296,35.84435],[128.53339,35.84409],[128.53462,35.84358],[128.53607,35.84353],[128.53606,35.843],[128.53605,35.84252],[128.53604,35.84205],[128.53603,35.84191],[128.53536,35.84192],[128.53308,35.84195],[128.53085,35.84198],[128.52753,35.84146],[128.52762,35.84107],[128.52772,35.8406],[128.52774,35.84051],[128.52782,35.84003],[128.52792,35.83941],[128.52795,35.83895],[128.52789,35.83844],[128.52787,35.83824],[128.5278,35.83773],[128.52761,35.8371],[128.52112,35.8367],[128.51258,35.83606],[128.50737,35.83557],[128.50731,35.84402],[128.5098,35.84342],[128.51133,35.8459],[128.51527,35.84961],[128.51636,35.85055],[128.51936,35.85053],[128.52183,35.84977]]]]}},{"type":"Feature","properties":{"adm_cd":"22070600","adm_nm":"대구광역시 달서구 이곡1동"},"geometry":{"type":"MultiPolygon","coordinates":[[[[128.51561,35.86811],[128.5155,35.86688],[128.51638,35.86535],[128.5175,35.86318],[128.51687,35.8631],[128.51641,35.86305],[128.51442,35.86123],[128.51442,35.86119],[128.51438,35.85942],[128.51438,35.85899],[128.51547,35.85898],[128.51547,35.85892],[128.51544,35.85718],[128.51542,35.85519],[128.5154,35.85443],[128.5154,35.85422],[128.51543,35.85369],[128.51545,35.85342],[128.51547,35.85314],[128.51557,35.85241],[128.51575,35.85106],[128.51636,35.85055],[128.51527,35.84961],[128.51133,35.8459],[128.5098,35.84342],[128.50731,35.84402],[128.50729,35.84731],[128.50729,35.84801],[128.50728,35.8494],[128.50728,35.85058],[128.50728,35.85117],[128.50728,35.85236],[128.50731,35.85409],[128.50736,35.8568],[128.5074,35.85859],[128.5074,35.85862],[128.5074,35.85869],[128.50743,35.85987],[128.50744,35.86031],[128.50746,35.86114],[128.50762,35.86621],[128.50877,35.86715],[128.50893,35.86727],[128.51065,35.86843],[128.51203,35.86863],[128.51282,35.86846],[128.51561,35.86811]]]]}},{"type":"Feature","properties":{"adm_cd":"22070610","adm_nm":"대구광역시 달서구 신당동"},"geometry":{"type":"MultiPolygon","coordinates":[[[[128.49889,35.86435],[128.49886,35.8625],[128.49886,35.8624],[128.49943,35.86185],[128.49998,35.85918],[128.49998,35.85915],[128.49987,35.85432],[128.49982,35.85203],[128.49982,35.84915],[128.49995,35.83857],[128.49996,35.83787],[128.5,35.83542],[128.5,35.83529],[128.49696,35.83517],[128.49223,35.83499],[128.48578,35.83497],[128.48235,35.83502],[128.48541,35.8327],[128.48481,35.83218],[128.48458,35.83201],[128.48374,35.83149],[128.48332,35.83126],[128.4818,35.83041],[128.47719,35.82751],[128.47064,35.833],[128.47068,35.83518],[128.47071,35.83786],[128.47069,35.84016],[128.47067,35.84117],[128.47071,35.8428],[128.47078,35.84381],[128.47108,35.84631],[128.47194,35.85352],[128.47304,35.85951],[128.47385,35.86142],[128.47401,35.8616],[128.4741,35.86165],[128.47464,35.86177],[128.47502,35.86184],[128.47519,35.86185],[128.47536,35.86186],[128.47569,35.86185],[128.47625,35.86185],[128.47665,35.86186],[128.47706,35.8619],[128.47722,35.86195],[128.47735,35.86202],[128.47815,35.86266],[128.47842,35.86304],[128.47851,35.86322],[128.47912,35.86456],[128.47955,35.86551],[128.47962,35.86566],[128.47981,35.86587],[128.48114,35.86711],[128.48196,35.86763],[128.48213,35.86772],[128.48229,35.86779],[128.48234,35.86781],[128.48587,35.86816],[128.4862,35.86817],[128.48654,35.86815],[128.48681,35.86812],[128.48708,35.86808],[128.48745,35.86797],[128.48779,35.86783],[128.48788,35.86777],[128.48885,35.86702],[128.4891,35.86687],[128.48939,35.86677],[128.49473,35.86502],[128.49742,35.8644],[128.49889,35.86435]]]]}},{"type":"Feature","properties":{"adm_cd":"22070630","adm_nm":"대구광역시 달서구 월성2동"},"geometry":{"type":"MultiPolygon","coordinates":[[[[128.53578,35.83142],[128.53484,35.83053],[128.5332,35.82894],[128.53274,35.82849],[128.532,35.82775],[128.53185,35.8276],[128.53171,35.82746],[128.53143,35.82718],[128.53122,35.82702],[128.53092,35.82677],[128.53043,35.82645],[128.53012,35.82627],[128.52984,35.82618],[128.52947,35.82657],[128.52752,35.8286],[128.52617,35.83002],[128.52533,35.83085],[128.52426,35.83191],[128.52417,35.83199],[128.52376,35.83235],[128.52257,35.83119],[128.52105,35.82971],[128.52093,35.82959],[128.51952,35.82822],[128.51859,35.82731],[128.51803,35.82677],[128.51503,35.82385],[128.51346,35.82232],[128.51219,35.82109],[128.51199,35.8209],[128.50535,35.81454],[128.50261,35.81558],[128.50164,35.81595],[128.50008,35.81653],[128.499,35.81679],[128.49749,35.81703],[128.49723,35.81707],[128.49678,35.81712],[128.49602,35.81719],[128.49554,35.81719],[128.49496,35.81714],[128.49459,35.81705],[128.49418,35.81694],[128.49339,35.81667],[128.49324,35.8166],[128.49255,35.81622],[128.49236,35.81612],[128.48946,35.81705],[128.48853,35.81746],[128.48043,35.81775],[128.48057,35.8181],[128.4808,35.81902],[128.48101,35.82033],[128.48104,35.82082],[128.48095,35.8215],[128.48074,35.82224],[128.48041,35.82292],[128.4798,35.82405],[128.47918,35.82502],[128.47849,35.82599],[128.47809,35.82651],[128.47748,35.82722],[128.47719,35.82751],[128.4818,35.83041],[128.48332,35.83126],[128.48374,35.83149],[128.48458,35.83201],[128.48481,35.83218],[128.48541,35.8327],[128.48235,35.83502],[128.48578,35.83497],[128.49223,35.83499],[128.49696,35.83517],[128.5,35.83529],[128.50737,35.83557],[128.51258,35.83606],[128.52112,35.8367],[128.52761,35.8371],[128.52861,35.83716],[128.52841,35.83664],[128.52831,35.83598],[128.52973,35.83506],[128.53074,35.83469],[128.53074,35.83487],[128.53073,35.83539],[128.53149,35.83542],[128.53386,35.83551],[128.53387,35.83499],[128.53388,35.83445],[128.53389,35.83371],[128.5339,35.83311],[128.53393,35.83141],[128.53578,35.83142]]]]}},{"type":"Feature","properties":{"adm_cd":"22070650","adm_nm":"대구광역시 달서구 상인1동"},"geometry":{"type":"MultiPolygon","coordinates":[[[[128.54508,35.82331],[128.54551,35.82345],[128.54559,35.82346],[128.54585,35.82347],[128.54724,35.82263],[128.55139,35.82013],[128.55133,35.82007],[128.55081,35.81964],[128.55052,35.81938],[128.54987,35.81881],[128.54938,35.81838],[128.54923,35.81818],[128.54918,35.81796],[128.54917,35.81791],[128.54914,35.81753],[128.5492,35.81712],[128.5493,35.81681],[128.54946,35.8164],[128.54956,35.81612],[128.54959,35.81605],[128.5497,35.81572],[128.54976,35.81556],[128.54645,35.81336],[128.54633,35.81329],[128.54583,35.81299],[128.54489,35.81241],[128.54464,35.8123],[128.54148,35.81485],[128.5395,35.81691],[128.53782,35.81876],[128.53265,35.81722],[128.53011,35.82002],[128.52869,35.82165],[128.53637,35.82445],[128.54002,35.82526],[128.54311,35.82321],[128.54508,35.82331]]]]}},{"type":"Feature","properties":{"adm_cd":"22070660","adm_nm":"대구광역시 달서구 상인2동"},"geometry":{"type":"MultiPolygon","coordinates":[[[[128.54464,35.8123],[128.5486,35.80828],[128.54742,35.80829],[128.54735,35.80829],[128.54478,35.80829],[128.5438,35.80831],[128.5434,35.80833],[128.5427,35.80842],[128.542,35.80862],[128.5414,35.80884],[128.54134,35.80886],[128.54066,35.80913],[128.54063,35.80914],[128.54037,35.80924],[128.54002,35.80937],[128.53971,35.80948],[128.53924,35.80959],[128.53822,35.80972],[128.53809,35.80974],[128.53775,35.80978],[128.53772,35.80979],[128.53731,35.80984],[128.53728,35.80984],[128.5366,35.80992],[128.53576,35.8099],[128.53474,35.80985],[128.5338,35.8098],[128.53339,35.80977],[128.53316,35.80976],[128.5333,35.81198],[128.53342,35.81263],[128.53373,35.81291],[128.53233,35.81404],[128.53057,35.81493],[128.53089,35.81625],[128.53108,35.81652],[128.53128,35.81661],[128.53151,35.81671],[128.53163,35.81677],[128.5318,35.81684],[128.53198,35.81692],[128.53265,35.81722],[128.53782,35.81876],[128.5395,35.81691],[128.54148,35.81485],[128.54464,35.8123]]]]}},{"type":"Feature","properties":{"adm_cd":"22070670","adm_nm":"대구광역시 달서구 상인3동"},"geometry":{"type":"MultiPolygon","coordinates":[[[[128.57114,35.81947],[128.57196,35.8189],[128.57553,35.81739],[128.57651,35.81729],[128.5774,35.81813],[128.57737,35.8167],[128.57738,35.81643],[128.57739,35.81639],[128.57741,35.8163],[128.57746,35.81616],[128.57775,35.81559],[128.57886,35.81407],[128.57905,35.81383],[128.57925,35.81365],[128.57947,35.81349],[128.5797,35.81331],[128.57995,35.81311],[128.58004,35.813],[128.58078,35.81178],[128.5809,35.81149],[128.58037,35.80985],[128.5797,35.80848],[128.57892,35.80796],[128.57546,35.80644],[128.5737,35.80723],[128.57215,35.80751],[128.57022,35.8078],[128.56996,35.80782],[128.56301,35.80767],[128.55239,35.80736],[128.55223,35.80734],[128.55212,35.8073],[128.55195,35.80722],[128.5519,35.80717],[128.55185,35.80709],[128.55183,35.80701],[128.55184,35.80694],[128.55186,35.80686],[128.55009,35.80653],[128.5486,35.80828],[128.54464,35.8123],[128.54489,35.81241],[128.54583,35.81299],[128.54633,35.81329],[128.54645,35.81336],[128.54976,35.81556],[128.5497,35.81572],[128.54959,35.81605],[128.54956,35.81612],[128.54946,35.8164],[128.5493,35.81681],[128.5492,35.81712],[128.54914,35.81753],[128.54917,35.81791],[128.54918,35.81796],[128.54923,35.81818],[128.54938,35.81838],[128.54987,35.81881],[128.55052,35.81938],[128.55081,35.81964],[128.55133,35.82007],[128.55258,35.81914],[128.5537,35.81929],[128.55495,35.81909],[128.55513,35.81906],[128.55571,35.81884],[128.55614,35.81861],[128.55753,35.81782],[128.5583,35.81737],[128.5594,35.81708],[128.56196,35.81644],[128.56532,35.81594],[128.56734,35.81678],[128.56831,35.81746],[128.56945,35.81863],[128.57007,35.81904],[128.57026,35.81915],[128.57114,35.81947]]]]}},{"type":"Feature","properties":{"adm_cd":"22070680","adm_nm":"대구광역시 달서구 도원동"},"geometry":{"type":"MultiPolygon","coordinates":[[[[128.58404,35.81086],[128.58562,35.80771],[128.58602,35.80587],[128.58646,35.80179],[128.58645,35.80084],[128.58631,35.80017],[128.5854,35.7993],[128.57882,35.79652],[128.57684,35.79619],[128.57524,35.79631],[128.57346,35.79681],[128.57301,35.79696],[128.57197,35.79721],[128.56962,35.79768],[128.56727,35.79522],[128.56853,35.79237],[128.56906,35.79037],[128.56964,35.78654],[128.56955,35.78352],[128.56961,35.78305],[128.56993,35.7824],[128.57017,35.78215],[128.57055,35.78146],[128.57061,35.78016],[128.56744,35.77667],[128.56562,35.7748],[128.56544,35.77468],[128.56506,35.77451],[128.56413,35.7741],[128.56343,35.77436],[128.56335,35.77439],[128.56297,35.77453],[128.56235,35.77455],[128.55998,35.77425],[128.55988,35.77422],[128.55893,35.77393],[128.55417,35.77293],[128.55313,35.77518],[128.55319,35.77553],[128.55321,35.77571],[128.55299,35.77695],[128.55294,35.77713],[128.55202,35.77888],[128.55182,35.77925],[128.55167,35.77943],[128.55143,35.77963],[128.55111,35.77986],[128.55077,35.78004],[128.54981,35.78052],[128.54955,35.78065],[128.54923,35.78074],[128.5489,35.78091],[128.54854,35.78119],[128.54767,35.78192],[128.54648,35.78309],[128.54629,35.78342],[128.54339,35.78648],[128.54324,35.78654],[128.5421,35.787],[128.54198,35.78706],[128.54184,35.78725],[128.54172,35.78743],[128.54156,35.78787],[128.54171,35.78907],[128.54166,35.78998],[128.54139,35.79064],[128.54085,35.79226],[128.54063,35.79291],[128.54092,35.7935],[128.54142,35.79534],[128.54172,35.79798],[128.54088,35.79882],[128.54057,35.799],[128.53725,35.80087],[128.53718,35.80091],[128.53712,35.80093],[128.53618,35.80111],[128.53579,35.80116],[128.53548,35.80176],[128.53497,35.80156],[128.53463,35.80185],[128.53451,35.80239],[128.53341,35.80265],[128.53283,35.80347],[128.53242,35.80372],[128.53198,35.80371],[128.53179,35.80392],[128.53175,35.80416],[128.5319,35.8044],[128.53215,35.80454],[128.53144,35.8055],[128.53078,35.80566],[128.53007,35.80549],[128.52939,35.80582],[128.52886,35.80594],[128.5287,35.80599],[128.52845,35.80607],[128.52842,35.80608],[128.52705,35.80892],[128.5274,35.80909],[128.5278,35.80926],[128.52807,35.80937],[128.5282,35.80942],[128.52848,35.8095],[128.52874,35.80955],[128.52904,35.80957],[128.52911,35.80958],[128.52946,35.80961],[128.53063,35.80966],[128.53316,35.80976],[128.53339,35.80977],[128.5338,35.8098],[128.53474,35.80985],[128.53576,35.8099],[128.5366,35.80992],[128.53728,35.80984],[128.53731,35.80984],[128.53772,35.80979],[128.53775,35.80978],[128.53809,35.80974],[128.53822,35.80972],[128.53924,35.80959],[128.53971,35.80948],[128.54002,35.80937],[128.54037,35.80924],[128.54063,35.80914],[128.54066,35.80913],[128.54134,35.80886],[128.5414,35.80884],[128.542,35.80862],[128.5427,35.80842],[128.5434,35.80833],[128.5438,35.80831],[128.54478,35.80829],[128.54735,35.80829],[128.54742,35.80829],[128.5486,35.80828],[128.55009,35.80653],[128.55186,35.80686],[128.55184,35.80694],[128.55183,35.80701],[128.55185,35.80709],[128.5519,35.80717],[128.55195,35.80722],[128.55212,35.8073],[128.55223,35.80734],[128.55239,35.80736],[128.56301,35.80767],[128.56996,35.80782],[128.57022,35.8078],[128.57215,35.80751],[128.5737,35.80723],[128.57546,35.80644],[128.57892,35.80796],[128.5797,35.80848],[128.58037,35.80985],[128.5809,35.81149],[128.58146,35.81172],[128.58191,35.81275],[128.58323,35.81387],[128.58291,35.81248],[128.58404,35.81086]]]]}},{"type":"Feature","properties":{"adm_cd":"22070690","adm_nm":"대구광역시 달서구 송현1동"},"geometry":{"type":"MultiPolygon","coordinates":[[[[128.56824,35.82435],[128.5705,35.82249],[128.57106,35.82159],[128.57123,35.82052],[128.57114,35.81947],[128.57026,35.81915],[128.57007,35.81904],[128.56945,35.81863],[128.56831,35.81746],[128.56734,35.81678],[128.56532,35.81594],[128.56196,35.81644],[128.5594,35.81708],[128.5583,35.81737],[128.55753,35.81782],[128.55614,35.81861],[128.55571,35.81884],[128.55513,35.81906],[128.55495,35.81909],[128.5537,35.81929],[128.55258,35.81914],[128.55133,35.82007],[128.55139,35.82013],[128.54724,35.82263],[128.54585,35.82347],[128.54559,35.82346],[128.54551,35.82345],[128.54508,35.82331],[128.54646,35.82487],[128.54953,35.8284],[128.55092,35.83004],[128.55111,35.83028],[128.55114,35.83032],[128.55099,35.8304],[128.55157,35.83111],[128.55175,35.83133],[128.55221,35.83186],[128.55542,35.83446],[128.55614,35.83406],[128.55637,35.83402],[128.55659,35.83393],[128.55691,35.83378],[128.55714,35.83365],[128.55731,35.83355],[128.55749,35.83343],[128.55756,35.83338],[128.55787,35.8331],[128.55798,35.83299],[128.56051,35.82933],[128.56111,35.82813],[128.56169,35.8272],[128.56285,35.82616],[128.56603,35.82446],[128.56732,35.8242],[128.56787,35.82426],[128.56824,35.82435]]]]}},{"type":"Feature","properties":{"adm_cd":"22070700","adm_nm":"대구광역시 달서구 송현2동"},"geometry":{"type":"MultiPolygon","coordinates":[[[[128.55542,35.83446],[128.55221,35.83186],[128.55175,35.83133],[128.55157,35.83111],[128.55099,35.8304],[128.55114,35.83032],[128.55111,35.83028],[128.55092,35.83004],[128.54953,35.8284],[128.54646,35.82487],[128.54508,35.82331],[128.54311,35.82321],[128.54002,35.82526],[128.5407,35.82538],[128.54118,35.82546],[128.54175,35.82556],[128.5426,35.82684],[128.54298,35.82922],[128.54386,35.83221],[128.54466,35.83394],[128.54491,35.83392],[128.54584,35.83391],[128.5461,35.8339],[128.54875,35.83386],[128.54876,35.83607],[128.54876,35.83718],[128.54901,35.83717],[128.55416,35.83709],[128.55746,35.83759],[128.55542,35.83446]]]]}},{"type":"Feature","properties":{"adm_cd":"22070710","adm_nm":"대구광역시 달서구 본동"},"geometry":{"type":"MultiPolygon","coordinates":[[[[128.54876,35.83718],[128.54876,35.83607],[128.54875,35.83386],[128.5461,35.8339],[128.54584,35.83391],[128.54491,35.83392],[128.54466,35.83394],[128.54386,35.83221],[128.54298,35.82922],[128.5426,35.82684],[128.54175,35.82556],[128.54118,35.82546],[128.5407,35.82538],[128.54089,35.82551],[128.54097,35.82563],[128.54099,35.82585],[128.54096,35.82614],[128.54068,35.82674],[128.53935,35.82926],[128.53665,35.83201],[128.53586,35.8315],[128.53578,35.83142],[128.53393,35.83141],[128.5339,35.83311],[128.53389,35.83371],[128.53388,35.83445],[128.53387,35.83499],[128.53386,35.83551],[128.53149,35.83542],[128.53073,35.83539],[128.53074,35.83487],[128.53074,35.83469],[128.52973,35.83506],[128.52831,35.83598],[128.52841,35.83664],[128.52861,35.83716],[128.52877,35.83717],[128.53225,35.83728],[128.53694,35.83742],[128.53848,35.83739],[128.54126,35.83734],[128.54141,35.83733],[128.54876,35.83718]]]]}},{"type":"Feature","properties":{"adm_cd":"22070720","adm_nm":"대구광역시 달서구 용산1동"},"geometry":{"type":"MultiPolygon","coordinates":[[[[128.5333,35.8591],[128.5333,35.85875],[128.53329,35.85807],[128.53328,35.85789],[128.53327,35.85688],[128.53327,35.85685],[128.53365,35.85684],[128.5339,35.85684],[128.53407,35.85683],[128.53407,35.8568],[128.53405,35.85563],[128.53405,35.85559],[128.53402,35.85441],[128.53399,35.85318],[128.5334,35.84987],[128.53067,35.84909],[128.52787,35.84859],[128.52758,35.84855],[128.52728,35.84851],[128.52514,35.84871],[128.52428,35.84892],[128.52183,35.84977],[128.52178,35.85],[128.52172,35.85052],[128.5217,35.85106],[128.52175,35.85145],[128.52182,35.85181],[128.52185,35.85197],[128.52193,35.85222],[128.52372,35.85695],[128.52377,35.85707],[128.52444,35.85882],[128.5259,35.86249],[128.52611,35.86297],[128.52627,35.86328],[128.5267,35.86392],[128.52745,35.86388],[128.52858,35.86375],[128.52933,35.86365],[128.53127,35.86334],[128.53281,35.86277],[128.53396,35.86234],[128.534,35.86233],[128.53392,35.86195],[128.5337,35.86096],[128.5333,35.8591]]]]}},{"type":"Feature","properties":{"adm_cd":"22070730","adm_nm":"대구광역시 달서구 용산2동"},"geometry":{"type":"MultiPolygon","coordinates":[[[[128.5267,35.86392],[128.52627,35.86328],[128.52611,35.86297],[128.5259,35.86249],[128.52444,35.85882],[128.52377,35.85707],[128.52372,35.85695],[128.52193,35.85222],[128.52185,35.85197],[128.52182,35.85181],[128.52175,35.85145],[128.5217,35.85106],[128.52172,35.85052],[128.52178,35.85],[128.52183,35.84977],[128.51936,35.85053],[128.51636,35.85055],[128.51575,35.85106],[128.51557,35.85241],[128.51547,35.85314],[128.51545,35.85342],[128.51543,35.85369],[128.5154,35.85422],[128.5154,35.85443],[128.51542,35.85519],[128.51544,35.85718],[128.51547,35.85892],[128.51547,35.85898],[128.51438,35.85899],[128.51438,35.85942],[128.51442,35.86119],[128.51442,35.86123],[128.51641,35.86305],[128.51687,35.8631],[128.5175,35.86318],[128.51638,35.86535],[128.5155,35.86688],[128.51561,35.86811],[128.51915,35.86958],[128.52059,35.8681],[128.52081,35.86774],[128.52095,35.8677],[128.52488,35.86729],[128.52531,35.866],[128.52553,35.86474],[128.52567,35.86456],[128.52636,35.86394],[128.5267,35.86392]]]]}},{"type":"Feature","properties":{"adm_cd":"22070740","adm_nm":"대구광역시 달서구 이곡2동"},"geometry":{"type":"MultiPolygon","coordinates":[[[[128.50731,35.84402],[128.50737,35.83557],[128.5,35.83529],[128.5,35.83542],[128.49996,35.83787],[128.49995,35.83857],[128.49982,35.84915],[128.49982,35.85203],[128.49987,35.85432],[128.49998,35.85915],[128.49998,35.85918],[128.49943,35.86185],[128.49886,35.8624],[128.49886,35.8625],[128.49889,35.86435],[128.50089,35.86384],[128.50107,35.8638],[128.50118,35.86378],[128.50134,35.8638],[128.50146,35.86381],[128.5016,35.86385],[128.5017,35.86391],[128.50185,35.86401],[128.50199,35.8641],[128.50211,35.86422],[128.50218,35.86428],[128.50228,35.8644],[128.5024,35.8646],[128.50247,35.86477],[128.50249,35.86489],[128.50255,35.86509],[128.5026,35.86516],[128.50289,35.86538],[128.50383,35.86588],[128.50401,35.86596],[128.50416,35.86599],[128.50684,35.8662],[128.50762,35.86621],[128.50746,35.86114],[128.50744,35.86031],[128.50743,35.85987],[128.5074,35.85869],[128.5074,35.85862],[128.5074,35.85859],[128.50736,35.8568],[128.50731,35.85409],[128.50728,35.85236],[128.50728,35.85117],[128.50728,35.85058],[128.50728,35.8494],[128.50729,35.84801],[128.50729,35.84731],[128.50731,35.84402]]]]}},{"type":"Feature","properties":{"adm_cd":"22070750","adm_nm":"대구광역시 달서구 성당동"},"geometry":{"type":"MultiPolygon","coordinates":[[[[128.5734,35.85099],[128.57212,35.85023],[128.57136,35.84976],[128.5669,35.84702],[128.56585,35.84637],[128.56552,35.84616],[128.56529,35.84601],[128.56472,35.84558],[128.56212,35.84353],[128.56203,35.84341],[128.5619,35.84325],[128.56091,35.84199],[128.55746,35.83759],[128.55416,35.83709],[128.54901,35.83717],[128.54876,35.83718],[128.54876,35.83733],[128.54878,35.83802],[128.54878,35.83838],[128.54883,35.8411],[128.54787,35.84112],[128.54781,35.84112],[128.54679,35.84113],[128.54482,35.84115],[128.54482,35.84186],[128.54483,35.84347],[128.5445,35.84557],[128.54447,35.84585],[128.54449,35.84595],[128.54449,35.84599],[128.54456,35.84616],[128.54543,35.84747],[128.54578,35.84799],[128.54591,35.84819],[128.54685,35.8496],[128.54709,35.84995],[128.54726,35.8502],[128.54736,35.85036],[128.54741,35.85003],[128.54745,35.84981],[128.54753,35.8496],[128.54765,35.84946],[128.54782,35.84931],[128.55167,35.84634],[128.55275,35.84615],[128.55293,35.84613],[128.55362,35.84609],[128.55382,35.84608],[128.55398,35.84609],[128.55414,35.8461],[128.55625,35.84685],[128.56262,35.84958],[128.56337,35.85179],[128.56496,35.8509],[128.5668,35.85092],[128.56788,35.85197],[128.56844,35.85247],[128.56873,35.85256],[128.57129,35.8533],[128.57228,35.85222],[128.5734,35.85099]]]]}},{"type":"Feature","properties":{"adm_cd":"22070760","adm_nm":"대구광역시 달서구 두류1,2동"},"geometry":{"type":"MultiPolygon","coordinates":[[[[128.57458,35.86006],[128.57362,35.85116],[128.5734,35.85099],[128.57228,35.85222],[128.57129,35.8533],[128.56873,35.85256],[128.56844,35.85247],[128.56788,35.85197],[128.5668,35.85092],[128.56496,35.8509],[128.56337,35.85179],[128.5629,35.85195],[128.56249,35.85213],[128.56217,35.85231],[128.56185,35.8526],[128.56153,35.85292],[128.55982,35.8548],[128.55841,35.85647],[128.55847,35.85825],[128.56771,35.86108],[128.5742,35.86268],[128.57458,35.86006]]]]}},{"type":"Feature","properties":{"adm_cd":"22510110","adm_nm":"대구광역시 달성군 화원읍"},"geometry":{"type":"MultiPolygon","coordinates":[[[[128.50535,35.81454],[128.50521,35.81437],[128.50573,35.81404],[128.5065,35.81358],[128.50832,35.81252],[128.50844,35.81246],[128.50893,35.8122],[128.50949,35.81203],[128.51068,35.81175],[128.51178,35.81142],[128.51268,35.81114],[128.51292,35.81097],[128.51323,35.81045],[128.51332,35.81026],[128.51348,35.80994],[128.51349,35.80991],[128.51312,35.80976],[128.51167,35.80914],[128.51078,35.80877],[128.5095,35.80823],[128.50852,35.80782],[128.50791,35.80643],[128.50786,35.80619],[128.50785,35.80613],[128.50795,35.80599],[128.50808,35.80588],[128.50827,35.80581],[128.51155,35.80521],[128.5139,35.80401],[128.5139,35.80396],[128.51392,35.80382],[128.51626,35.79915],[128.51635,35.79902],[128.51713,35.79821],[128.51747,35.79787],[128.5186,35.79699],[128.52523,35.7924],[128.52542,35.79243],[128.52562,35.79242],[128.52656,35.79229],[128.52693,35.79221],[128.52705,35.79209],[128.52719,35.79151],[128.52746,35.79003],[128.5275,35.78939],[128.52754,35.78927],[128.52762,35.7891],[128.52816,35.78808],[128.52835,35.78795],[128.52845,35.78791],[128.5286,35.78786],[128.53278,35.78652],[128.53299,35.7865],[128.53754,35.78646],[128.53767,35.78647],[128.5379,35.78656],[128.54014,35.78767],[128.54156,35.78787],[128.54172,35.78743],[128.54184,35.78725],[128.54198,35.78706],[128.5421,35.787],[128.54324,35.78654],[128.54339,35.78648],[128.54629,35.78342],[128.54648,35.78309],[128.54767,35.78192],[128.54854,35.78119],[128.5489,35.78091],[128.54923,35.78074],[128.54955,35.78065],[128.54981,35.78052],[128.55077,35.78004],[128.55111,35.77986],[128.55143,35.77963],[128.55167,35.77943],[128.55182,35.77925],[128.55202,35.77888],[128.55294,35.77713],[128.55299,35.77695],[128.55321,35.77571],[128.55319,35.77553],[128.55313,35.77518],[128.55417,35.77293],[128.55329,35.77246],[128.54932,35.76789],[128.54922,35.76777],[128.54916,35.76767],[128.54911,35.76756],[128.54907,35.76731],[128.54908,35.76701],[128.54921,35.76391],[128.54923,35.76376],[128.54928,35.76358],[128.54942,35.76331],[128.54961,35.76303],[128.55036,35.76216],[128.55045,35.76209],[128.55073,35.76191],[128.55085,35.76181],[128.55088,35.76177],[128.55091,35.76172],[128.55093,35.76159],[128.55094,35.76124],[128.55091,35.76113],[128.55087,35.76095],[128.55081,35.76088],[128.55069,35.76081],[128.545,35.75773],[128.54493,35.75769],[128.54318,35.75702],[128.54301,35.75697],[128.54288,35.75694],[128.54273,35.75691],[128.54202,35.75685],[128.54194,35.75686],[128.53653,35.75407],[128.53524,35.75335],[128.53506,35.75325],[128.53498,35.75323],[128.53391,35.7534],[128.53385,35.75342],[128.53206,35.75422],[128.53144,35.75454],[128.53142,35.75487],[128.53141,35.75493],[128.53139,35.755],[128.53137,35.7551],[128.53134,35.75515],[128.53042,35.75643],[128.53038,35.75649],[128.53034,35.75652],[128.52924,35.7573],[128.52848,35.75767],[128.5275,35.75788],[128.52614,35.7584],[128.52608,35.75844],[128.52604,35.75848],[128.52601,35.75852],[128.5251,35.75997],[128.52504,35.76008],[128.525,35.76017],[128.52496,35.76027],[128.52497,35.76038],[128.52499,35.76054],[128.52502,35.76064],[128.52506,35.76075],[128.5251,35.76081],[128.52515,35.76088],[128.52528,35.76105],[128.52531,35.7611],[128.52533,35.76116],[128.52535,35.76125],[128.52538,35.76137],[128.52539,35.76196],[128.52539,35.76201],[128.52537,35.76214],[128.52537,35.7622],[128.52535,35.76227],[128.52531,35.7624],[128.52528,35.76253],[128.52525,35.76262],[128.5252,35.76277],[128.52505,35.76314],[128.52496,35.76333],[128.52487,35.76348],[128.52483,35.76353],[128.52478,35.76358],[128.52471,35.76362],[128.52461,35.76365],[128.51764,35.76577],[128.50925,35.76871],[128.50909,35.76876],[128.50892,35.76878],[128.5087,35.76879],[128.50856,35.76878],[128.50834,35.76875],[128.50807,35.76871],[128.50789,35.76869],[128.50765,35.76869],[128.50654,35.7687],[128.50642,35.76871],[128.5063,35.76873],[128.50624,35.76874],[128.50617,35.76876],[128.50596,35.76886],[128.50583,35.76894],[128.50387,35.77022],[128.50377,35.77029],[128.50297,35.77098],[128.50273,35.77119],[128.5014,35.77246],[128.50135,35.77252],[128.50029,35.7738],[128.49591,35.77545],[128.49551,35.77553],[128.49504,35.7757],[128.49156,35.77721],[128.49147,35.77726],[128.49127,35.77736],[128.49095,35.77753],[128.48651,35.78011],[128.48495,35.78116],[128.48449,35.78177],[128.48419,35.78222],[128.48392,35.78268],[128.48289,35.7855],[128.48282,35.78593],[128.47984,35.78701],[128.47979,35.787],[128.47973,35.787],[128.47963,35.787],[128.47952,35.78702],[128.47931,35.78711],[128.47906,35.78727],[128.4789,35.78749],[128.47704,35.79232],[128.4763,35.79574],[128.47597,35.79725],[128.47543,35.79974],[128.47482,35.8026],[128.47477,35.80279],[128.47454,35.8037],[128.47294,35.80865],[128.47226,35.80953],[128.47362,35.81018],[128.47443,35.81065],[128.47536,35.81125],[128.47552,35.81137],[128.47562,35.81144],[128.47603,35.81173],[128.4772,35.81268],[128.4777,35.81319],[128.47818,35.81376],[128.47878,35.81468],[128.47984,35.81653],[128.48024,35.81725],[128.48043,35.81775],[128.48853,35.81746],[128.48946,35.81705],[128.49236,35.81612],[128.49255,35.81622],[128.49324,35.8166],[128.49339,35.81667],[128.49418,35.81694],[128.49459,35.81705],[128.49496,35.81714],[128.49554,35.81719],[128.49602,35.81719],[128.49678,35.81712],[128.49723,35.81707],[128.49749,35.81703],[128.499,35.81679],[128.50008,35.81653],[128.50164,35.81595],[128.50261,35.81558],[128.50535,35.81454]]]]}},{"type":"Feature","properties":{"adm_cd":"22510120","adm_nm":"대구광역시 달성군 논공읍"},"geometry":{"type":"MultiPolygon","coordinates":[[[[128.49311,35.72511],[128.4917,35.72444],[128.49162,35.72442],[128.49149,35.72442],[128.49101,35.72454],[128.49077,35.72461],[128.48765,35.72568],[128.48679,35.72609],[128.4838,35.72666],[128.48239,35.72609],[128.48228,35.72605],[128.47725,35.72425],[128.47385,35.72364],[128.46848,35.72216],[128.46839,35.72212],[128.46826,35.72206],[128.46819,35.722],[128.46813,35.72195],[128.46695,35.72089],[128.46536,35.71944],[128.46384,35.71853],[128.46219,35.71759],[128.46126,35.71738],[128.46115,35.71742],[128.46103,35.71746],[128.46096,35.71746],[128.46082,35.71742],[128.46052,35.71731],[128.45802,35.71622],[128.45765,35.71601],[128.45754,35.71593],[128.4571,35.7156],[128.45318,35.71278],[128.45279,35.71303],[128.4515,35.71392],[128.45108,35.71423],[128.45067,35.71454],[128.45034,35.71483],[128.44999,35.71515],[128.4497,35.71546],[128.44958,35.71561],[128.44949,35.71572],[128.44928,35.71602],[128.44924,35.71607],[128.44888,35.71673],[128.44876,35.71698],[128.4487,35.71711],[128.44868,35.71715],[128.44858,35.7173],[128.4485,35.71737],[128.44831,35.71752],[128.44818,35.71761],[128.446,35.71908],[128.44591,35.71911],[128.44353,35.7188],[128.44013,35.71888],[128.43902,35.71878],[128.4383,35.71873],[128.43673,35.71874],[128.43658,35.71874],[128.4341,35.71881],[128.43391,35.7202],[128.43376,35.72093],[128.43372,35.72113],[128.43325,35.72322],[128.43312,35.72382],[128.43309,35.72392],[128.4329,35.72461],[128.4325,35.72538],[128.43233,35.72559],[128.43182,35.72627],[128.43035,35.72802],[128.4303,35.72808],[128.42984,35.72847],[128.42933,35.72887],[128.42915,35.729],[128.42893,35.72915],[128.42875,35.72925],[128.42828,35.72947],[128.42607,35.73054],[128.42168,35.73272],[128.41958,35.73388],[128.41915,35.73423],[128.41876,35.73455],[128.41811,35.7351],[128.41798,35.73522],[128.41656,35.73663],[128.41566,35.73704],[128.4148,35.73738],[128.41436,35.73755],[128.41395,35.73766],[128.41338,35.73775],[128.41286,35.73782],[128.41122,35.73798],[128.41004,35.7381],[128.40723,35.73868],[128.4062,35.73895],[128.40531,35.73926],[128.40442,35.73959],[128.40333,35.7401],[128.40295,35.74029],[128.40159,35.74109],[128.40077,35.74161],[128.39897,35.74272],[128.39827,35.7431],[128.39779,35.74336],[128.39746,35.7435],[128.39632,35.74397],[128.39489,35.74445],[128.39404,35.74484],[128.39389,35.74492],[128.39374,35.74498],[128.39371,35.745],[128.39264,35.74553],[128.39201,35.74613],[128.39146,35.74671],[128.39083,35.74746],[128.39076,35.74754],[128.3898,35.74869],[128.38891,35.74986],[128.38845,35.75061],[128.38603,35.75503],[128.38581,35.75554],[128.38567,35.75588],[128.38548,35.75645],[128.38531,35.75715],[128.38517,35.75788],[128.38513,35.75875],[128.38512,35.75928],[128.38512,35.75951],[128.38519,35.76027],[128.38539,35.7611],[128.38546,35.76129],[128.38567,35.76185],[128.38601,35.76258],[128.38644,35.76335],[128.3867,35.76373],[128.38711,35.76422],[128.38858,35.76584],[128.38907,35.76634],[128.3893,35.76656],[128.39011,35.76737],[128.39245,35.76979],[128.39317,35.77056],[128.39403,35.77148],[128.39506,35.77269],[128.3964,35.77436],[128.39683,35.77491],[128.39703,35.77516],[128.39779,35.77616],[128.39866,35.77739],[128.39904,35.77793],[128.39908,35.77801],[128.40001,35.77963],[128.40041,35.78043],[128.40079,35.78119],[128.40144,35.78252],[128.40229,35.78437],[128.40251,35.78513],[128.40278,35.78596],[128.40341,35.78772],[128.4049,35.79141],[128.40605,35.7939],[128.4068,35.79537],[128.40742,35.79653],[128.40779,35.79711],[128.40825,35.79767],[128.40861,35.79806],[128.40904,35.79849],[128.41094,35.80028],[128.41191,35.79988],[128.41318,35.79932],[128.41397,35.79894],[128.41662,35.79764],[128.41686,35.79752],[128.41719,35.79731],[128.41748,35.79712],[128.41983,35.79551],[128.42027,35.79518],[128.42042,35.79501],[128.42061,35.79477],[128.42073,35.79453],[128.42081,35.79424],[128.42084,35.79401],[128.42092,35.79206],[128.42091,35.79167],[128.42085,35.79126],[128.42079,35.79095],[128.42078,35.7907],[128.42078,35.79009],[128.4208,35.78995],[128.42085,35.78968],[128.4209,35.78952],[128.42104,35.78921],[128.42128,35.78882],[128.42148,35.78855],[128.42183,35.78816],[128.42186,35.78813],[128.422,35.78801],[128.42224,35.7878],[128.42269,35.78744],[128.42306,35.78719],[128.42311,35.78717],[128.4233,35.78704],[128.42412,35.78652],[128.42463,35.78613],[128.42484,35.78594],[128.42536,35.78545],[128.4255,35.78526],[128.42565,35.78499],[128.4266,35.78304],[128.42692,35.78235],[128.42695,35.78205],[128.42697,35.78194],[128.42706,35.78177],[128.42734,35.78149],[128.42797,35.78099],[128.42807,35.78096],[128.42916,35.78069],[128.43001,35.78075],[128.43029,35.78072],[128.43039,35.78069],[128.43047,35.78063],[128.4305,35.78058],[128.43059,35.78044],[128.43062,35.78039],[128.43152,35.77885],[128.43788,35.77265],[128.43823,35.7719],[128.44153,35.76858],[128.44159,35.76854],[128.44171,35.76852],[128.4418,35.7685],[128.44192,35.76851],[128.44327,35.76879],[128.4455,35.7692],[128.44605,35.76929],[128.44611,35.76929],[128.44776,35.76947],[128.44866,35.76953],[128.44883,35.76954],[128.4489,35.76952],[128.44898,35.76951],[128.45398,35.76772],[128.45404,35.76769],[128.45425,35.76759],[128.45771,35.76558],[128.46297,35.76252],[128.46317,35.7624],[128.46342,35.76191],[128.46388,35.76093],[128.46453,35.75962],[128.46471,35.75943],[128.46554,35.75881],[128.46575,35.75869],[128.46924,35.75689],[128.4701,35.7565],[128.47026,35.75644],[128.47042,35.75643],[128.47065,35.75643],[128.47204,35.75444],[128.47257,35.75311],[128.47293,35.75194],[128.47287,35.75165],[128.47285,35.75155],[128.47285,35.75145],[128.47287,35.7514],[128.47317,35.75066],[128.47319,35.75063],[128.47565,35.74962],[128.47578,35.74958],[128.47595,35.74954],[128.47631,35.74946],[128.47647,35.74942],[128.47671,35.74938],[128.47685,35.74937],[128.477,35.74936],[128.47717,35.74934],[128.4772,35.74935],[128.47729,35.74935],[128.47794,35.74945],[128.47821,35.7495],[128.47847,35.74957],[128.47865,35.74963],[128.4787,35.74967],[128.47877,35.74973],[128.479,35.74995],[128.47909,35.75004],[128.47918,35.75009],[128.47927,35.75013],[128.47936,35.75015],[128.47947,35.75017],[128.47969,35.75016],[128.47979,35.75014],[128.47985,35.75012],[128.48007,35.75004],[128.4802,35.74998],[128.48059,35.74977],[128.48068,35.74971],[128.48073,35.74968],[128.48076,35.74963],[128.48133,35.74761],[128.48178,35.74479],[128.4821,35.74226],[128.48204,35.74215],[128.48198,35.74198],[128.48194,35.74186],[128.48187,35.74158],[128.48174,35.741],[128.48165,35.74055],[128.48161,35.74029],[128.48153,35.73972],[128.48153,35.73963],[128.48152,35.73951],[128.48154,35.73937],[128.4816,35.73913],[128.48168,35.73898],[128.48177,35.73886],[128.48188,35.73875],[128.48218,35.73846],[128.48231,35.73836],[128.48249,35.73826],[128.4827,35.73815],[128.48387,35.73757],[128.48393,35.73756],[128.48404,35.73757],[128.48422,35.73757],[128.48441,35.73757],[128.48452,35.73757],[128.48459,35.73755],[128.48583,35.73703],[128.4859,35.737],[128.48709,35.73608],[128.48715,35.73603],[128.48721,35.73596],[128.48727,35.73582],[128.48732,35.73568],[128.48734,35.73557],[128.48736,35.73491],[128.48735,35.73473],[128.48732,35.73461],[128.48728,35.73453],[128.48725,35.73447],[128.48725,35.73443],[128.48725,35.73436],[128.48869,35.73158],[128.48873,35.73151],[128.489,35.73106],[128.48907,35.73096],[128.48917,35.73084],[128.48945,35.73049],[128.48954,35.73038],[128.48973,35.73021],[128.4902,35.72979],[128.49027,35.72976],[128.49287,35.72625],[128.49311,35.72511]]]]}},{"type":"Feature","properties":{"adm_cd":"22510130","adm_nm":"대구광역시 달성군 다사읍"},"geometry":{"type":"MultiPolygon","coordinates":[[[[128.50415,35.89059],[128.50654,35.89212],[128.50692,35.89235],[128.50732,35.89253],[128.50784,35.89268],[128.50839,35.89279],[128.51019,35.89301],[128.51075,35.89304],[128.51221,35.89309],[128.5141,35.89278],[128.51618,35.89226],[128.52188,35.89066],[128.52301,35.89032],[128.52388,35.89005],[128.52474,35.88975],[128.52536,35.88952],[128.52574,35.88915],[128.52599,35.8889],[128.52614,35.88777],[128.52587,35.88755],[128.5254,35.88717],[128.52438,35.88683],[128.522,35.88635],[128.5215,35.88634],[128.52137,35.88635],[128.52126,35.88636],[128.52111,35.88638],[128.52095,35.88642],[128.52091,35.8864],[128.5207,35.88631],[128.52031,35.88607],[128.52,35.88586],[128.5177,35.88415],[128.51731,35.88376],[128.5173,35.88372],[128.51719,35.88298],[128.5172,35.88292],[128.51723,35.8828],[128.51789,35.88159],[128.51861,35.88075],[128.51871,35.88069],[128.51876,35.88065],[128.51887,35.88052],[128.519,35.88035],[128.51905,35.88029],[128.51908,35.88025],[128.51955,35.87948],[128.51981,35.87904],[128.52035,35.87805],[128.52044,35.87774],[128.52046,35.87767],[128.52055,35.87737],[128.52083,35.87636],[128.52093,35.87599],[128.52123,35.87328],[128.52123,35.87317],[128.52121,35.87307],[128.52064,35.87157],[128.52057,35.87141],[128.52049,35.87122],[128.52034,35.8709],[128.52032,35.87085],[128.5203,35.87081],[128.52008,35.87054],[128.51995,35.87037],[128.51988,35.8703],[128.51979,35.87021],[128.51915,35.86958],[128.51561,35.86811],[128.51282,35.86846],[128.51203,35.86863],[128.51065,35.86843],[128.50893,35.86727],[128.50877,35.86715],[128.50762,35.86621],[128.50684,35.8662],[128.50416,35.86599],[128.50401,35.86596],[128.50383,35.86588],[128.50289,35.86538],[128.5026,35.86516],[128.50255,35.86509],[128.50249,35.86489],[128.50247,35.86477],[128.5024,35.8646],[128.50228,35.8644],[128.50218,35.86428],[128.50211,35.86422],[128.50199,35.8641],[128.50185,35.86401],[128.5017,35.86391],[128.5016,35.86385],[128.50146,35.86381],[128.50134,35.8638],[128.50118,35.86378],[128.50107,35.8638],[128.50089,35.86384],[128.49889,35.86435],[128.49742,35.8644],[128.49473,35.86502],[128.48939,35.86677],[128.4891,35.86687],[128.48885,35.86702],[128.48788,35.86777],[128.48779,35.86783],[128.48745,35.86797],[128.48708,35.86808],[128.48681,35.86812],[128.48654,35.86815],[128.4862,35.86817],[128.48587,35.86816],[128.48234,35.86781],[128.48229,35.86779],[128.48213,35.86772],[128.48196,35.86763],[128.48114,35.86711],[128.47981,35.86587],[128.47962,35.86566],[128.47955,35.86551],[128.47912,35.86456],[128.47851,35.86322],[128.47842,35.86304],[128.47815,35.86266],[128.47735,35.86202],[128.47722,35.86195],[128.47706,35.8619],[128.47665,35.86186],[128.47625,35.86185],[128.47569,35.86185],[128.47536,35.86186],[128.47519,35.86185],[128.47502,35.86184],[128.47464,35.86177],[128.4741,35.86165],[128.47401,35.8616],[128.47385,35.86142],[128.47304,35.85951],[128.47194,35.85352],[128.47108,35.84631],[128.47078,35.84381],[128.47071,35.8428],[128.47067,35.84117],[128.47069,35.84016],[128.47071,35.83786],[128.47068,35.83518],[128.47064,35.833],[128.46943,35.83387],[128.46748,35.8353],[128.46651,35.83609],[128.46455,35.83778],[128.46379,35.8384],[128.46291,35.83911],[128.46204,35.83979],[128.46074,35.8408],[128.46012,35.84126],[128.45988,35.8414],[128.45946,35.84159],[128.45631,35.843],[128.45605,35.84308],[128.45355,35.84372],[128.45306,35.84382],[128.45216,35.84398],[128.44779,35.84483],[128.43464,35.84821],[128.42279,35.85126],[128.42132,35.85139],[128.41819,35.8543],[128.41803,35.85449],[128.41792,35.85479],[128.41787,35.85504],[128.41787,35.85518],[128.41812,35.85872],[128.41818,35.85927],[128.41827,35.86018],[128.41911,35.86193],[128.41952,35.86242],[128.41902,35.86505],[128.41817,35.86745],[128.4181,35.86767],[128.41801,35.86804],[128.41774,35.87045],[128.41794,35.87176],[128.418,35.87191],[128.41811,35.87207],[128.41822,35.87215],[128.41886,35.8724],[128.41893,35.8724],[128.42021,35.8723],[128.42039,35.87228],[128.42088,35.87207],[128.42125,35.87185],[128.42148,35.87176],[128.42161,35.87174],[128.42194,35.87174],[128.42209,35.87176],[128.42227,35.8718],[128.42232,35.87182],[128.42238,35.87183],[128.42264,35.87197],[128.42289,35.87218],[128.42354,35.8728],[128.42362,35.87302],[128.42367,35.87316],[128.42402,35.87524],[128.42408,35.87596],[128.4243,35.87696],[128.42438,35.87714],[128.42472,35.87789],[128.42665,35.88052],[128.42787,35.882],[128.42872,35.88266],[128.42884,35.88273],[128.42894,35.88278],[128.4291,35.88283],[128.42921,35.88285],[128.42934,35.88285],[128.43003,35.88274],[128.43017,35.88272],[128.43035,35.88262],[128.43077,35.88221],[128.43093,35.8821],[128.43101,35.88207],[128.43111,35.88205],[128.43116,35.88205],[128.43125,35.88207],[128.43142,35.88214],[128.43156,35.8822],[128.43394,35.88337],[128.43621,35.88514],[128.43632,35.88526],[128.43652,35.8855],[128.43708,35.8865],[128.43862,35.88708],[128.44316,35.88837],[128.4441,35.88854],[128.44431,35.88832],[128.44521,35.88755],[128.447,35.88926],[128.44724,35.88952],[128.44733,35.88973],[128.44777,35.89044],[128.44888,35.89136],[128.44911,35.89155],[128.45036,35.89249],[128.45292,35.89437],[128.45383,35.89469],[128.45392,35.8947],[128.45465,35.89469],[128.45471,35.89469],[128.45954,35.89755],[128.45968,35.89771],[128.46137,35.89949],[128.46303,35.89915],[128.4647,35.89846],[128.46488,35.8984],[128.46501,35.89838],[128.46525,35.89838],[128.46554,35.8984],[128.46567,35.89842],[128.46592,35.89848],[128.4661,35.89853],[128.46631,35.89863],[128.46768,35.89937],[128.46773,35.89941],[128.4678,35.89949],[128.4679,35.8997],[128.46795,35.89982],[128.47032,35.8984],[128.47069,35.89777],[128.47082,35.8976],[128.47091,35.89753],[128.47157,35.89703],[128.47435,35.89537],[128.47462,35.89527],[128.47491,35.89518],[128.47512,35.89516],[128.47528,35.89518],[128.47539,35.89522],[128.47671,35.89633],[128.47771,35.8972],[128.47821,35.89776],[128.47829,35.89779],[128.47837,35.89779],[128.47854,35.89779],[128.47861,35.89778],[128.47898,35.89775],[128.47902,35.89774],[128.47962,35.89765],[128.47998,35.89754],[128.48013,35.89747],[128.48019,35.89742],[128.48036,35.89713],[128.48084,35.89637],[128.48102,35.89621],[128.48132,35.89602],[128.48193,35.89572],[128.4842,35.89476],[128.48424,35.89477],[128.48438,35.89497],[128.4844,35.89502],[128.48443,35.8951],[128.48445,35.8954],[128.48444,35.89573],[128.48444,35.89599],[128.48447,35.89614],[128.48453,35.89618],[128.48787,35.89796],[128.48803,35.89802],[128.48857,35.89812],[128.48886,35.89814],[128.48904,35.89813],[128.49041,35.89777],[128.49052,35.89772],[128.49264,35.89627],[128.49275,35.89616],[128.4928,35.89599],[128.49286,35.89576],[128.49287,35.89559],[128.49281,35.89537],[128.49276,35.89514],[128.49275,35.89499],[128.49278,35.89483],[128.49306,35.89428],[128.4946,35.8913],[128.49662,35.88938],[128.49822,35.88877],[128.49975,35.88848],[128.50003,35.88797],[128.50084,35.88665],[128.50118,35.88627],[128.50134,35.88612],[128.5014,35.88606],[128.50148,35.88603],[128.50151,35.88601],[128.50171,35.88609],[128.50199,35.88639],[128.50342,35.88805],[128.50435,35.88914],[128.50455,35.88938],[128.50415,35.89059]]]]}},{"type":"Feature","properties":{"adm_cd":"22510310","adm_nm":"대구광역시 달성군 가창면"},"geometry":{"type":"MultiPolygon","coordinates":[[[[128.63586,35.80609],[128.63606,35.80601],[128.63742,35.8053],[128.63789,35.80501],[128.63808,35.80483],[128.63867,35.8042],[128.63877,35.80401],[128.63922,35.80328],[128.64015,35.80237],[128.64024,35.80229],[128.64032,35.80225],[128.64039,35.80223],[128.64198,35.80201],[128.64203,35.80201],[128.6455,35.80226],[128.64588,35.80229],[128.64631,35.80237],[128.64654,35.80242],[128.64675,35.80249],[128.64712,35.80264],[128.64753,35.80285],[128.6484,35.80332],[128.64857,35.80342],[128.64872,35.80349],[128.64886,35.80353],[128.64898,35.80354],[128.64912,35.80353],[128.64929,35.80348],[128.65086,35.80286],[128.65174,35.80118],[128.65184,35.80099],[128.65212,35.80059],[128.65228,35.80041],[128.65242,35.80026],[128.65264,35.80008],[128.65278,35.79998],[128.65305,35.79979],[128.65314,35.79976],[128.65736,35.79872],[128.65892,35.79846],[128.65959,35.79858],[128.65985,35.79872],[128.65994,35.79875],[128.6601,35.79878],[128.66056,35.79883],[128.66165,35.79888],[128.66173,35.79889],[128.66184,35.79889],[128.662,35.79887],[128.66394,35.79846],[128.66414,35.79842],[128.66654,35.79783],[128.66745,35.79753],[128.66798,35.79736],[128.66807,35.79733],[128.67217,35.79581],[128.67476,35.79562],[128.67485,35.7956],[128.67501,35.79554],[128.67663,35.79461],[128.67691,35.79441],[128.67709,35.79427],[128.67717,35.79417],[128.6772,35.79412],[128.67723,35.79358],[128.67726,35.79353],[128.67729,35.79349],[128.67748,35.79336],[128.67784,35.7931],[128.67801,35.793],[128.67821,35.79288],[128.6784,35.79283],[128.67855,35.79282],[128.67863,35.79281],[128.68146,35.79085],[128.68258,35.7899],[128.68244,35.78899],[128.68189,35.78757],[128.68156,35.78701],[128.68147,35.78682],[128.68138,35.78658],[128.68132,35.78608],[128.68128,35.78572],[128.68127,35.7856],[128.6814,35.78493],[128.6815,35.78454],[128.68172,35.78367],[128.68178,35.7835],[128.68192,35.78326],[128.68473,35.77908],[128.68514,35.77865],[128.6852,35.77861],[128.68525,35.7786],[128.68537,35.77862],[128.68576,35.77873],[128.68586,35.77873],[128.68599,35.77871],[128.68619,35.77865],[128.68651,35.77846],[128.68656,35.77839],[128.68708,35.77652],[128.68709,35.77638],[128.68722,35.77472],[128.68723,35.77463],[128.68722,35.77425],[128.68719,35.77398],[128.68717,35.77385],[128.68712,35.7737],[128.68708,35.7736],[128.68689,35.77338],[128.68662,35.77311],[128.68649,35.77297],[128.68632,35.77274],[128.68621,35.77251],[128.68617,35.7724],[128.68613,35.77213],[128.68616,35.76949],[128.6862,35.7694],[128.68633,35.76926],[128.68643,35.76919],[128.68658,35.76914],[128.68679,35.7691],[128.68694,35.7691],[128.68719,35.76912],[128.68735,35.76915],[128.68769,35.76926],[128.688,35.76936],[128.68831,35.76945],[128.68847,35.76946],[128.68855,35.76946],[128.68866,35.76944],[128.68869,35.76943],[128.68871,35.7694],[128.69187,35.76521],[128.69189,35.76518],[128.69189,35.76513],[128.69163,35.76368],[128.69134,35.76276],[128.69133,35.76271],[128.69247,35.75993],[128.69619,35.75659],[128.69312,35.74932],[128.69262,35.74802],[128.69261,35.7477],[128.69263,35.74729],[128.69294,35.74629],[128.69438,35.74388],[128.69376,35.74306],[128.69189,35.74119],[128.68983,35.74005],[128.68966,35.74003],[128.68952,35.73987],[128.68937,35.73951],[128.68867,35.73753],[128.68869,35.73735],[128.68902,35.73702],[128.68934,35.73678],[128.68972,35.73656],[128.69037,35.73622],[128.69086,35.73588],[128.6911,35.73565],[128.69175,35.73263],[128.69179,35.73233],[128.69156,35.73174],[128.69098,35.73068],[128.69059,35.73027],[128.69016,35.72988],[128.68983,35.72969],[128.68741,35.72848],[128.68624,35.72796],[128.686,35.72791],[128.68583,35.72785],[128.68547,35.72762],[128.68513,35.72736],[128.68302,35.72551],[128.683,35.72545],[128.68299,35.72531],[128.68311,35.72391],[128.68318,35.72326],[128.68329,35.72254],[128.68339,35.72176],[128.68336,35.72161],[128.68331,35.72155],[128.68327,35.72149],[128.68308,35.72139],[128.68286,35.7213],[128.68257,35.72124],[128.6823,35.72121],[128.68195,35.72119],[128.6779,35.72104],[128.67669,35.72125],[128.67656,35.72126],[128.67558,35.72133],[128.67531,35.72133],[128.67498,35.72131],[128.67382,35.72116],[128.67289,35.72096],[128.67194,35.72076],[128.67188,35.72069],[128.67186,35.72064],[128.67186,35.72053],[128.67184,35.72043],[128.67179,35.7203],[128.67154,35.71983],[128.67118,35.71918],[128.67105,35.719],[128.67091,35.71894],[128.67076,35.71892],[128.67055,35.71894],[128.66757,35.71937],[128.66396,35.72049],[128.66375,35.72055],[128.66354,35.72055],[128.66119,35.72007],[128.66099,35.71998],[128.66056,35.71978],[128.65817,35.71852],[128.65665,35.71728],[128.65533,35.71541],[128.65502,35.71504],[128.65478,35.7148],[128.65461,35.71465],[128.65438,35.71449],[128.65043,35.71215],[128.64623,35.70843],[128.64361,35.70723],[128.64023,35.70631],[128.6396,35.70615],[128.63877,35.70598],[128.63783,35.70585],[128.63769,35.70585],[128.63402,35.70655],[128.6325,35.70686],[128.63199,35.70698],[128.63162,35.70704],[128.6313,35.70707],[128.63097,35.70704],[128.63084,35.707],[128.63051,35.70676],[128.62898,35.70584],[128.62503,35.70398],[128.62454,35.70381],[128.62391,35.70361],[128.62377,35.70357],[128.62307,35.7034],[128.62254,35.70347],[128.62187,35.70375],[128.62068,35.70428],[128.61856,35.70586],[128.61593,35.70846],[128.61412,35.71033],[128.61405,35.71041],[128.61398,35.71051],[128.61397,35.7106],[128.61404,35.71427],[128.61414,35.71438],[128.61435,35.71459],[128.6148,35.71498],[128.61488,35.71505],[128.6153,35.71536],[128.61614,35.71598],[128.61684,35.71646],[128.61692,35.71652],[128.61701,35.71661],[128.61708,35.71671],[128.61724,35.71709],[128.61726,35.71723],[128.61727,35.71746],[128.61719,35.71784],[128.61715,35.71796],[128.61643,35.71976],[128.61633,35.71995],[128.61561,35.72107],[128.61545,35.72128],[128.61525,35.72154],[128.61511,35.72167],[128.61421,35.72247],[128.6141,35.72253],[128.61381,35.72263],[128.61335,35.72276],[128.61319,35.72274],[128.61307,35.72275],[128.61297,35.72281],[128.61288,35.7229],[128.61029,35.72535],[128.61021,35.7255],[128.6102,35.72565],[128.61023,35.72585],[128.61039,35.72656],[128.61044,35.72665],[128.61186,35.72796],[128.61344,35.72935],[128.61365,35.72939],[128.61401,35.72945],[128.61428,35.72952],[128.61449,35.72961],[128.6147,35.72975],[128.61503,35.73002],[128.61533,35.73031],[128.6154,35.73044],[128.61542,35.73104],[128.61537,35.73128],[128.61525,35.73157],[128.61502,35.73189],[128.61465,35.73258],[128.6145,35.73285],[128.61447,35.73294],[128.61447,35.733],[128.61526,35.73438],[128.61534,35.73442],[128.6156,35.73446],[128.61653,35.73453],[128.6166,35.73457],[128.61664,35.73464],[128.61666,35.73712],[128.6166,35.73714],[128.61416,35.73796],[128.61271,35.73838],[128.61213,35.7385],[128.61189,35.73854],[128.61078,35.73855],[128.60894,35.73906],[128.60881,35.73908],[128.60862,35.73907],[128.60728,35.73902],[128.60658,35.73895],[128.60619,35.73879],[128.60526,35.73835],[128.60242,35.73719],[128.60217,35.7371],[128.60192,35.73705],[128.59998,35.73667],[128.59967,35.73665],[128.59663,35.73698],[128.59618,35.73708],[128.5938,35.7358],[128.59377,35.73562],[128.59351,35.73516],[128.5933,35.73481],[128.59311,35.73455],[128.59191,35.733],[128.59182,35.7329],[128.59161,35.73275],[128.58961,35.73193],[128.58941,35.73185],[128.58931,35.73187],[128.58618,35.73421],[128.58468,35.73561],[128.5846,35.73574],[128.58411,35.73637],[128.5837,35.73687],[128.58253,35.73821],[128.58209,35.73864],[128.58191,35.7388],[128.58176,35.73883],[128.58012,35.7391],[128.58003,35.73909],[128.57774,35.73769],[128.57166,35.7346],[128.57113,35.73436],[128.57091,35.73426],[128.57073,35.73425],[128.57037,35.73423],[128.57,35.73428],[128.5677,35.73515],[128.56752,35.73522],[128.56727,35.7355],[128.56724,35.73558],[128.56714,35.73568],[128.56615,35.73647],[128.56603,35.73647],[128.56433,35.73628],[128.56421,35.7362],[128.56343,35.73565],[128.5633,35.73549],[128.56314,35.7352],[128.56267,35.73368],[128.56265,35.73339],[128.56263,35.73264],[128.56262,35.73231],[128.56259,35.73209],[128.56254,35.73199],[128.56133,35.73024],[128.56083,35.72954],[128.56074,35.72947],[128.55946,35.72865],[128.55563,35.72731],[128.55536,35.72734],[128.55527,35.72733],[128.55239,35.7262],[128.5485,35.72384],[128.54743,35.72318],[128.54709,35.72296],[128.54606,35.72225],[128.54595,35.72213],[128.54579,35.72188],[128.54567,35.72161],[128.54559,35.72136],[128.545,35.72041],[128.54408,35.71928],[128.544,35.71922],[128.54389,35.71914],[128.54377,35.71909],[128.54363,35.71904],[128.54353,35.71901],[128.54329,35.71896],[128.54313,35.71894],[128.54298,35.71892],[128.54194,35.71881],[128.53958,35.7181],[128.53646,35.71667],[128.52889,35.71389],[128.52835,35.7137],[128.52811,35.71364],[128.52774,35.71362],[128.5273,35.71361],[128.52714,35.71361],[128.52607,35.71434],[128.52487,35.71525],[128.52402,35.7164],[128.52422,35.71667],[128.52421,35.71678],[128.52416,35.71701],[128.52412,35.71712],[128.52406,35.71726],[128.52353,35.71839],[128.52347,35.71849],[128.52337,35.71863],[128.52314,35.71888],[128.52475,35.71994],[128.52483,35.72],[128.52561,35.72085],[128.5259,35.7212],[128.52611,35.72149],[128.52626,35.72177],[128.52638,35.72207],[128.52644,35.72229],[128.52646,35.72238],[128.52651,35.72272],[128.52683,35.72801],[128.52681,35.72815],[128.52692,35.72865],[128.52702,35.72894],[128.52739,35.72949],[128.53022,35.73355],[128.53154,35.7354],[128.53166,35.73548],[128.53211,35.73569],[128.5353,35.73665],[128.53561,35.73672],[128.53599,35.73671],[128.53749,35.73635],[128.53806,35.73616],[128.53864,35.73588],[128.5389,35.73578],[128.53909,35.73573],[128.53913,35.73578],[128.54008,35.73727],[128.54021,35.73759],[128.54021,35.73774],[128.54014,35.73801],[128.53854,35.74337],[128.53731,35.74633],[128.53521,35.75259],[128.5352,35.75265],[128.53524,35.75335],[128.53653,35.75407],[128.54194,35.75686],[128.54202,35.75685],[128.54273,35.75691],[128.54288,35.75694],[128.54301,35.75697],[128.54318,35.75702],[128.54493,35.75769],[128.545,35.75773],[128.55069,35.76081],[128.55081,35.76088],[128.55087,35.76095],[128.55091,35.76113],[128.55094,35.76124],[128.55093,35.76159],[128.55091,35.76172],[128.55088,35.76177],[128.55085,35.76181],[128.55073,35.76191],[128.55045,35.76209],[128.55036,35.76216],[128.54961,35.76303],[128.54942,35.76331],[128.54928,35.76358],[128.54923,35.76376],[128.54921,35.76391],[128.54908,35.76701],[128.54907,35.76731],[128.54911,35.76756],[128.54916,35.76767],[128.54922,35.76777],[128.54932,35.76789],[128.55329,35.77246],[128.55417,35.77293],[128.55893,35.77393],[128.55988,35.77422],[128.55998,35.77425],[128.56235,35.77455],[128.56297,35.77453],[128.56335,35.77439],[128.56343,35.77436],[128.56413,35.7741],[128.56506,35.77451],[128.56544,35.77468],[128.56562,35.7748],[128.56744,35.77667],[128.57061,35.78016],[128.57055,35.78146],[128.57017,35.78215],[128.56993,35.7824],[128.56961,35.78305],[128.56955,35.78352],[128.56964,35.78654],[128.56906,35.79037],[128.56853,35.79237],[128.56727,35.79522],[128.56962,35.79768],[128.57197,35.79721],[128.57301,35.79696],[128.57346,35.79681],[128.57524,35.79631],[128.57684,35.79619],[128.57882,35.79652],[128.5854,35.7993],[128.58631,35.80017],[128.58645,35.80084],[128.58646,35.80179],[128.58602,35.80587],[128.58562,35.80771],[128.58623,35.80762],[128.58757,35.80789],[128.58801,35.80801],[128.58841,35.80817],[128.59008,35.80917],[128.59065,35.80964],[128.59071,35.80977],[128.59453,35.80766],[128.59588,35.80742],[128.60141,35.80657],[128.60849,35.80506],[128.61592,35.80421],[128.61611,35.8042],[128.61623,35.8042],[128.62233,35.8052],[128.62319,35.80598],[128.62326,35.80634],[128.6234,35.80657],[128.62364,35.80683],[128.62486,35.80773],[128.62666,35.80715],[128.62681,35.80709],[128.63115,35.8063],[128.63175,35.80645],[128.6322,35.8065],[128.63263,35.80652],[128.63302,35.80654],[128.63509,35.80627],[128.63535,35.80623],[128.63581,35.80611],[128.63586,35.80609]]]]}},{"type":"Feature","properties":{"adm_cd":"22510320","adm_nm":"대구광역시 달성군 하빈면"},"geometry":{"type":"MultiPolygon","coordinates":[[[[128.46795,35.89982],[128.4679,35.8997],[128.4678,35.89949],[128.46773,35.89941],[128.46768,35.89937],[128.46631,35.89863],[128.4661,35.89853],[128.46592,35.89848],[128.46567,35.89842],[128.46554,35.8984],[128.46525,35.89838],[128.46501,35.89838],[128.46488,35.8984],[128.4647,35.89846],[128.46303,35.89915],[128.46137,35.89949],[128.45968,35.89771],[128.45954,35.89755],[128.45471,35.89469],[128.45465,35.89469],[128.45392,35.8947],[128.45383,35.89469],[128.45292,35.89437],[128.45036,35.89249],[128.44911,35.89155],[128.44888,35.89136],[128.44777,35.89044],[128.44733,35.88973],[128.44724,35.88952],[128.447,35.88926],[128.44521,35.88755],[128.44431,35.88832],[128.4441,35.88854],[128.44316,35.88837],[128.43862,35.88708],[128.43708,35.8865],[128.43652,35.8855],[128.43632,35.88526],[128.43621,35.88514],[128.43394,35.88337],[128.43156,35.8822],[128.43142,35.88214],[128.43125,35.88207],[128.43116,35.88205],[128.43111,35.88205],[128.43101,35.88207],[128.43093,35.8821],[128.43077,35.88221],[128.43035,35.88262],[128.43017,35.88272],[128.43003,35.88274],[128.42934,35.88285],[128.42921,35.88285],[128.4291,35.88283],[128.42894,35.88278],[128.42884,35.88273],[128.42872,35.88266],[128.42787,35.882],[128.42665,35.88052],[128.42472,35.87789],[128.42438,35.87714],[128.4243,35.87696],[128.42408,35.87596],[128.42402,35.87524],[128.42367,35.87316],[128.42362,35.87302],[128.42354,35.8728],[128.42289,35.87218],[128.42264,35.87197],[128.42238,35.87183],[128.42232,35.87182],[128.42227,35.8718],[128.42209,35.87176],[128.42194,35.87174],[128.42161,35.87174],[128.42148,35.87176],[128.42125,35.87185],[128.42088,35.87207],[128.42039,35.87228],[128.42021,35.8723],[128.41893,35.8724],[128.41886,35.8724],[128.41822,35.87215],[128.41811,35.87207],[128.418,35.87191],[128.41794,35.87176],[128.41774,35.87045],[128.41801,35.86804],[128.4181,35.86767],[128.41817,35.86745],[128.41902,35.86505],[128.41952,35.86242],[128.41911,35.86193],[128.41827,35.86018],[128.41818,35.85927],[128.41812,35.85872],[128.41787,35.85518],[128.41787,35.85504],[128.41792,35.85479],[128.41803,35.85449],[128.41819,35.8543],[128.42132,35.85139],[128.41899,35.85151],[128.41767,35.85149],[128.41653,35.85139],[128.41518,35.85119],[128.4143,35.85103],[128.41307,35.85082],[128.4129,35.85079],[128.41193,35.85063],[128.40949,35.8503],[128.40834,35.85022],[128.40669,35.85031],[128.40466,35.8504],[128.40337,35.85043],[128.40204,35.85032],[128.40034,35.85001],[128.39882,35.84965],[128.39865,35.8496],[128.39819,35.84944],[128.39779,35.84942],[128.39697,35.84944],[128.39527,35.84951],[128.39373,35.84957],[128.39311,35.84963],[128.39265,35.84967],[128.39218,35.84974],[128.39172,35.84983],[128.39111,35.85001],[128.39056,35.8502],[128.39009,35.85037],[128.38876,35.8527],[128.38834,35.85358],[128.38795,35.85446],[128.38737,35.85607],[128.38702,35.85716],[128.38662,35.85852],[128.38632,35.85973],[128.38607,35.86101],[128.38591,35.86201],[128.38556,35.86427],[128.38547,35.86493],[128.38546,35.86503],[128.38546,35.86508],[128.38546,35.86517],[128.38548,35.86524],[128.38716,35.87116],[128.38727,35.87147],[128.38748,35.87183],[128.388,35.87263],[128.38811,35.8728],[128.38888,35.87394],[128.39011,35.87575],[128.39031,35.87605],[128.39057,35.87647],[128.39072,35.87673],[128.39087,35.87702],[128.39112,35.87749],[128.39125,35.87774],[128.39352,35.88257],[128.39371,35.88304],[128.39427,35.88315],[128.39525,35.88337],[128.39625,35.8836],[128.39729,35.88392],[128.39811,35.88423],[128.39826,35.8843],[128.39836,35.88438],[128.39845,35.8845],[128.39867,35.88503],[128.39871,35.88511],[128.39927,35.88593],[128.39933,35.886],[128.39968,35.88637],[128.40013,35.88684],[128.40107,35.88757],[128.40163,35.88792],[128.40174,35.88796],[128.40184,35.88798],[128.40209,35.88802],[128.40227,35.88806],[128.40237,35.88809],[128.40242,35.88811],[128.40252,35.88816],[128.40262,35.88824],[128.40298,35.88867],[128.40334,35.8891],[128.40664,35.89516],[128.40665,35.89523],[128.40663,35.89536],[128.40652,35.89592],[128.40657,35.89734],[128.4066,35.89782],[128.4068,35.89913],[128.40751,35.90103],[128.40808,35.90233],[128.4082,35.90258],[128.41048,35.90674],[128.41129,35.90784],[128.41177,35.9085],[128.41185,35.9086],[128.41201,35.90874],[128.41206,35.90879],[128.41212,35.90882],[128.41227,35.90885],[128.41244,35.9089],[128.41259,35.90895],[128.41274,35.90903],[128.41292,35.90914],[128.41296,35.90917],[128.413,35.90922],[128.41666,35.91433],[128.41771,35.91617],[128.41803,35.91785],[128.41821,35.91952],[128.4181,35.92125],[128.41815,35.92127],[128.41818,35.92129],[128.4188,35.92145],[128.42092,35.92196],[128.42103,35.92194],[128.42118,35.92192],[128.42127,35.92192],[128.42136,35.92193],[128.42144,35.92195],[128.42154,35.92198],[128.42347,35.92275],[128.42356,35.9228],[128.42366,35.92288],[128.42373,35.92297],[128.42385,35.92318],[128.42457,35.92459],[128.42464,35.92473],[128.42467,35.92484],[128.42468,35.92487],[128.42469,35.92501],[128.42467,35.92523],[128.42462,35.92539],[128.42441,35.92599],[128.42435,35.92625],[128.42434,35.92632],[128.42435,35.92645],[128.4244,35.92659],[128.42492,35.92791],[128.42587,35.92749],[128.42613,35.92738],[128.42644,35.92728],[128.42653,35.92725],[128.42662,35.92725],[128.42751,35.92734],[128.4277,35.92762],[128.42774,35.92769],[128.42772,35.92777],[128.42763,35.92786],[128.42749,35.92797],[128.42743,35.92807],[128.42744,35.92815],[128.42777,35.92885],[128.43145,35.93097],[128.43702,35.93161],[128.44117,35.93482],[128.44553,35.93545],[128.44561,35.93544],[128.44624,35.93529],[128.44747,35.93513],[128.44806,35.93505],[128.44835,35.93502],[128.44872,35.93499],[128.44912,35.935],[128.4492,35.93501],[128.44933,35.93503],[128.44973,35.9351],[128.45019,35.9352],[128.45044,35.93528],[128.45215,35.93589],[128.45228,35.93593],[128.45249,35.93601],[128.45266,35.93616],[128.45276,35.93631],[128.45339,35.93889],[128.45339,35.93921],[128.4533,35.93959],[128.45325,35.9397],[128.45323,35.93976],[128.45322,35.93993],[128.45323,35.94022],[128.45333,35.94106],[128.45355,35.94238],[128.45376,35.9431],[128.45377,35.94313],[128.45382,35.94313],[128.45434,35.94302],[128.45484,35.94287],[128.45509,35.94276],[128.45527,35.94264],[128.45626,35.94193],[128.45748,35.94198],[128.45752,35.94194],[128.45778,35.94164],[128.45799,35.9413],[128.45817,35.94067],[128.45826,35.94044],[128.45833,35.94032],[128.45848,35.94013],[128.45871,35.93995],[128.46047,35.93863],[128.46072,35.93846],[128.46109,35.93828],[128.46181,35.93799],[128.46255,35.9378],[128.46283,35.93825],[128.46306,35.93862],[128.46367,35.93875],[128.46445,35.93876],[128.46875,35.93845],[128.47568,35.936],[128.47624,35.93439],[128.47644,35.93288],[128.47656,35.93192],[128.47633,35.92938],[128.47593,35.92799],[128.47565,35.92706],[128.4755,35.92657],[128.47544,35.92646],[128.47537,35.9264],[128.47482,35.92593],[128.47474,35.92587],[128.47459,35.92579],[128.47444,35.92571],[128.47436,35.92564],[128.47429,35.92555],[128.47423,35.92546],[128.47419,35.92538],[128.47347,35.92379],[128.47326,35.9231],[128.47323,35.92298],[128.47322,35.92285],[128.47323,35.92275],[128.47333,35.92168],[128.47365,35.91944],[128.47398,35.91714],[128.474,35.91704],[128.47398,35.91691],[128.47394,35.91676],[128.47356,35.91572],[128.47348,35.91558],[128.47312,35.91505],[128.46912,35.91068],[128.46907,35.91063],[128.46899,35.91061],[128.46834,35.91054],[128.46827,35.91053],[128.46686,35.90716],[128.46717,35.90678],[128.46724,35.90666],[128.46729,35.90653],[128.46732,35.90637],[128.46745,35.90559],[128.46779,35.90336],[128.46812,35.90124],[128.46814,35.90109],[128.46814,35.90097],[128.46813,35.90077],[128.46795,35.89982]]]]}},{"type":"Feature","properties":{"adm_cd":"22510150","adm_nm":"대구광역시 달성군 옥포읍"},"geometry":{"type":"MultiPolygon","coordinates":[[[[128.53524,35.75335],[128.5352,35.75265],[128.53521,35.75259],[128.53731,35.74633],[128.53854,35.74337],[128.54014,35.73801],[128.54021,35.73774],[128.54021,35.73759],[128.54008,35.73727],[128.53913,35.73578],[128.53909,35.73573],[128.5389,35.73578],[128.53864,35.73588],[128.53806,35.73616],[128.53749,35.73635],[128.53599,35.73671],[128.53561,35.73672],[128.5353,35.73665],[128.53211,35.73569],[128.53166,35.73548],[128.53154,35.7354],[128.53022,35.73355],[128.52739,35.72949],[128.52702,35.72894],[128.52692,35.72865],[128.52681,35.72815],[128.52683,35.72801],[128.52651,35.72272],[128.52646,35.72238],[128.52644,35.72229],[128.52638,35.72207],[128.52626,35.72177],[128.52611,35.72149],[128.5259,35.7212],[128.52561,35.72085],[128.52483,35.72],[128.52475,35.71994],[128.52314,35.71888],[128.52208,35.72008],[128.52152,35.72064],[128.51838,35.72287],[128.5182,35.72292],[128.5142,35.72468],[128.51171,35.72581],[128.50751,35.72793],[128.50738,35.72798],[128.50718,35.72804],[128.50709,35.72806],[128.50687,35.72809],[128.50653,35.72807],[128.50627,35.72801],[128.50546,35.72775],[128.50533,35.72789],[128.50518,35.72796],[128.50482,35.72807],[128.50443,35.72814],[128.50405,35.72812],[128.50377,35.72808],[128.50348,35.72786],[128.50339,35.72772],[128.50337,35.72752],[128.5034,35.72732],[128.50338,35.72707],[128.50335,35.72697],[128.5033,35.72682],[128.50322,35.72668],[128.50295,35.72638],[128.50287,35.72634],[128.49999,35.72591],[128.49991,35.7259],[128.49983,35.72589],[128.495,35.72547],[128.49311,35.72511],[128.49287,35.72625],[128.49027,35.72976],[128.4902,35.72979],[128.48973,35.73021],[128.48954,35.73038],[128.48945,35.73049],[128.48917,35.73084],[128.48907,35.73096],[128.489,35.73106],[128.48873,35.73151],[128.48869,35.73158],[128.48725,35.73436],[128.48725,35.73443],[128.48725,35.73447],[128.48728,35.73453],[128.48732,35.73461],[128.48735,35.73473],[128.48736,35.73491],[128.48734,35.73557],[128.48732,35.73568],[128.48727,35.73582],[128.48721,35.73596],[128.48715,35.73603],[128.48709,35.73608],[128.4859,35.737],[128.48583,35.73703],[128.48459,35.73755],[128.48452,35.73757],[128.48441,35.73757],[128.48422,35.73757],[128.48404,35.73757],[128.48393,35.73756],[128.48387,35.73757],[128.4827,35.73815],[128.48249,35.73826],[128.48231,35.73836],[128.48218,35.73846],[128.48188,35.73875],[128.48177,35.73886],[128.48168,35.73898],[128.4816,35.73913],[128.48154,35.73937],[128.48152,35.73951],[128.48153,35.73963],[128.48153,35.73972],[128.48161,35.74029],[128.48165,35.74055],[128.48174,35.741],[128.48187,35.74158],[128.48194,35.74186],[128.48198,35.74198],[128.48204,35.74215],[128.4821,35.74226],[128.48178,35.74479],[128.48133,35.74761],[128.48076,35.74963],[128.48073,35.74968],[128.48068,35.74971],[128.48059,35.74977],[128.4802,35.74998],[128.48007,35.75004],[128.47985,35.75012],[128.47979,35.75014],[128.47969,35.75016],[128.47947,35.75017],[128.47936,35.75015],[128.47927,35.75013],[128.47918,35.75009],[128.47909,35.75004],[128.479,35.74995],[128.47877,35.74973],[128.4787,35.74967],[128.47865,35.74963],[128.47847,35.74957],[128.47821,35.7495],[128.47794,35.74945],[128.47729,35.74935],[128.4772,35.74935],[128.47717,35.74934],[128.477,35.74936],[128.47685,35.74937],[128.47671,35.74938],[128.47647,35.74942],[128.47631,35.74946],[128.47595,35.74954],[128.47578,35.74958],[128.47565,35.74962],[128.47319,35.75063],[128.47317,35.75066],[128.47287,35.7514],[128.47285,35.75145],[128.47285,35.75155],[128.47287,35.75165],[128.47293,35.75194],[128.47257,35.75311],[128.47204,35.75444],[128.47065,35.75643],[128.47042,35.75643],[128.47026,35.75644],[128.4701,35.7565],[128.46924,35.75689],[128.46575,35.75869],[128.46554,35.75881],[128.46471,35.75943],[128.46453,35.75962],[128.46388,35.76093],[128.46342,35.76191],[128.46317,35.7624],[128.46297,35.76252],[128.45771,35.76558],[128.45425,35.76759],[128.45404,35.76769],[128.45398,35.76772],[128.44898,35.76951],[128.4489,35.76952],[128.44883,35.76954],[128.44866,35.76953],[128.44776,35.76947],[128.44611,35.76929],[128.44605,35.76929],[128.4455,35.7692],[128.44327,35.76879],[128.44192,35.76851],[128.4418,35.7685],[128.44171,35.76852],[128.44159,35.76854],[128.44153,35.76858],[128.43823,35.7719],[128.43788,35.77265],[128.43152,35.77885],[128.43062,35.78039],[128.43059,35.78044],[128.4305,35.78058],[128.43047,35.78063],[128.43039,35.78069],[128.43029,35.78072],[128.43001,35.78075],[128.42916,35.78069],[128.42807,35.78096],[128.42797,35.78099],[128.42734,35.78149],[128.42706,35.78177],[128.42697,35.78194],[128.42695,35.78205],[128.42692,35.78235],[128.4266,35.78304],[128.42565,35.78499],[128.4255,35.78526],[128.42536,35.78545],[128.42484,35.78594],[128.42463,35.78613],[128.42412,35.78652],[128.4233,35.78704],[128.42311,35.78717],[128.42306,35.78719],[128.42269,35.78744],[128.42224,35.7878],[128.422,35.78801],[128.42186,35.78813],[128.42183,35.78816],[128.42148,35.78855],[128.42128,35.78882],[128.42104,35.78921],[128.4209,35.78952],[128.42085,35.78968],[128.4208,35.78995],[128.42078,35.79009],[128.42078,35.7907],[128.42079,35.79095],[128.42085,35.79126],[128.42091,35.79167],[128.42092,35.79206],[128.42084,35.79401],[128.42081,35.79424],[128.42073,35.79453],[128.42061,35.79477],[128.42042,35.79501],[128.42027,35.79518],[128.41983,35.79551],[128.41748,35.79712],[128.41719,35.79731],[128.41686,35.79752],[128.41662,35.79764],[128.41397,35.79894],[128.41318,35.79932],[128.41191,35.79988],[128.41094,35.80028],[128.41405,35.80313],[128.41774,35.8068],[128.41867,35.80778],[128.41956,35.80868],[128.42028,35.80936],[128.42072,35.80963],[128.42116,35.80979],[128.42198,35.80988],[128.4225,35.80989],[128.42572,35.80979],[128.42674,35.80976],[128.4277,35.8097],[128.42913,35.80962],[128.42927,35.80961],[128.43,35.80955],[128.43061,35.80948],[128.43126,35.8094],[128.43173,35.80934],[128.43344,35.80912],[128.43478,35.80897],[128.43848,35.80857],[128.43904,35.80852],[128.43987,35.80848],[128.44392,35.80846],[128.4443,35.80845],[128.44659,35.80844],[128.44779,35.80858],[128.4489,35.80875],[128.4504,35.80907],[128.45104,35.80921],[128.45117,35.80923],[128.45152,35.80929],[128.45198,35.80934],[128.4527,35.80936],[128.45921,35.80898],[128.46371,35.80869],[128.46579,35.80847],[128.46612,35.80844],[128.46675,35.8084],[128.4676,35.80834],[128.46826,35.80833],[128.46913,35.80844],[128.47016,35.80865],[128.47105,35.80893],[128.47226,35.80953],[128.47294,35.80865],[128.47454,35.8037],[128.47477,35.80279],[128.47482,35.8026],[128.47543,35.79974],[128.47597,35.79725],[128.4763,35.79574],[128.47704,35.79232],[128.4789,35.78749],[128.47906,35.78727],[128.47931,35.78711],[128.47952,35.78702],[128.47963,35.787],[128.47973,35.787],[128.47979,35.787],[128.47984,35.78701],[128.48282,35.78593],[128.48289,35.7855],[128.48392,35.78268],[128.48419,35.78222],[128.48449,35.78177],[128.48495,35.78116],[128.48651,35.78011],[128.49095,35.77753],[128.49127,35.77736],[128.49147,35.77726],[128.49156,35.77721],[128.49504,35.7757],[128.49551,35.77553],[128.49591,35.77545],[128.50029,35.7738],[128.50135,35.77252],[128.5014,35.77246],[128.50273,35.77119],[128.50297,35.77098],[128.50377,35.77029],[128.50387,35.77022],[128.50583,35.76894],[128.50596,35.76886],[128.50617,35.76876],[128.50624,35.76874],[128.5063,35.76873],[128.50642,35.76871],[128.50654,35.7687],[128.50765,35.76869],[128.50789,35.76869],[128.50807,35.76871],[128.50834,35.76875],[128.50856,35.76878],[128.5087,35.76879],[128.50892,35.76878],[128.50909,35.76876],[128.50925,35.76871],[128.51764,35.76577],[128.52461,35.76365],[128.52471,35.76362],[128.52478,35.76358],[128.52483,35.76353],[128.52487,35.76348],[128.52496,35.76333],[128.52505,35.76314],[128.5252,35.76277],[128.52525,35.76262],[128.52528,35.76253],[128.52531,35.7624],[128.52535,35.76227],[128.52537,35.7622],[128.52537,35.76214],[128.52539,35.76201],[128.52539,35.76196],[128.52538,35.76137],[128.52535,35.76125],[128.52533,35.76116],[128.52531,35.7611],[128.52528,35.76105],[128.52515,35.76088],[128.5251,35.76081],[128.52506,35.76075],[128.52502,35.76064],[128.52499,35.76054],[128.52497,35.76038],[128.52496,35.76027],[128.525,35.76017],[128.52504,35.76008],[128.5251,35.75997],[128.52601,35.75852],[128.52604,35.75848],[128.52608,35.75844],[128.52614,35.7584],[128.5275,35.75788],[128.52848,35.75767],[128.52924,35.7573],[128.53034,35.75652],[128.53038,35.75649],[128.53042,35.75643],[128.53134,35.75515],[128.53137,35.7551],[128.53139,35.755],[128.53141,35.75493],[128.53142,35.75487],[128.53144,35.75454],[128.53206,35.75422],[128.53385,35.75342],[128.53391,35.7534],[128.53498,35.75323],[128.53506,35.75325],[128.53524,35.75335]]]]}},{"type":"Feature","properties":{"adm_cd":"22510160","adm_nm":"대구광역시 달성군 현풍읍"},"geometry":{"type":"MultiPolygon","coordinates":[[[[128.4571,35.7156],[128.45764,35.71481],[128.45809,35.71409],[128.45823,35.71379],[128.45823,35.71367],[128.45811,35.71284],[128.45805,35.7126],[128.45792,35.71234],[128.45774,35.71204],[128.45762,35.71183],[128.45758,35.71168],[128.45761,35.71152],[128.45923,35.7056],[128.46021,35.705],[128.46092,35.70441],[128.46124,35.70369],[128.46125,35.70301],[128.46098,35.70236],[128.46045,35.70186],[128.4596,35.70163],[128.45874,35.70164],[128.4578,35.70032],[128.4578,35.69456],[128.4578,35.69412],[128.45781,35.69186],[128.45782,35.68931],[128.45757,35.6892],[128.45323,35.68731],[128.44756,35.68435],[128.44661,35.68165],[128.44645,35.67927],[128.44701,35.67775],[128.44778,35.67603],[128.44821,35.6754],[128.4484,35.67512],[128.45021,35.67555],[128.45092,35.67344],[128.44866,35.67313],[128.44802,35.67278],[128.44702,35.6718],[128.44582,35.66991],[128.44563,35.66911],[128.44562,35.6689],[128.44566,35.66862],[128.44569,35.66848],[128.44608,35.66734],[128.44611,35.66725],[128.44616,35.6671],[128.44646,35.66627],[128.44667,35.66559],[128.44674,35.66531],[128.44676,35.66499],[128.44673,35.66471],[128.44664,35.66436],[128.44656,35.66417],[128.44647,35.66395],[128.44642,35.66384],[128.44636,35.66374],[128.44627,35.66357],[128.44602,35.66324],[128.44597,35.66318],[128.44584,35.66302],[128.4458,35.66298],[128.44578,35.66295],[128.44568,35.66285],[128.44542,35.6626],[128.44531,35.66249],[128.44523,35.66242],[128.44504,35.66223],[128.44488,35.66208],[128.44468,35.66188],[128.44462,35.66181],[128.44437,35.66155],[128.44423,35.66139],[128.44403,35.66115],[128.44389,35.66097],[128.44385,35.6609],[128.44379,35.66081],[128.44374,35.6607],[128.44373,35.66067],[128.44368,35.66052],[128.44363,35.6603],[128.44364,35.65883],[128.44365,35.65848],[128.44365,35.6569],[128.44364,35.65639],[128.44364,35.65631],[128.44358,35.65627],[128.44351,35.65626],[128.44263,35.65613],[128.44039,35.65585],[128.44032,35.65585],[128.43867,35.65614],[128.43599,35.65711],[128.43474,35.65785],[128.4346,35.65798],[128.43405,35.65833],[128.43393,35.6584],[128.43306,35.6589],[128.43291,35.65897],[128.43208,35.65935],[128.43196,35.65939],[128.42771,35.66081],[128.42754,35.66084],[128.42742,35.66084],[128.42722,35.66082],[128.42695,35.66078],[128.42659,35.66067],[128.42629,35.66057],[128.42286,35.66053],[128.42038,35.66262],[128.42034,35.66267],[128.41975,35.66346],[128.41965,35.66362],[128.41952,35.66388],[128.41692,35.6705],[128.41619,35.6726],[128.41619,35.67276],[128.41624,35.67294],[128.41625,35.67306],[128.41626,35.67321],[128.41612,35.67388],[128.41608,35.67396],[128.41599,35.67404],[128.41449,35.67519],[128.41429,35.67531],[128.41411,35.67539],[128.41391,35.67545],[128.41192,35.67604],[128.40412,35.67832],[128.40396,35.67836],[128.40385,35.67835],[128.40371,35.6783],[128.40343,35.67817],[128.40324,35.67812],[128.403,35.67808],[128.40279,35.67809],[128.40266,35.6781],[128.40125,35.67837],[128.40097,35.67843],[128.40028,35.67862],[128.39913,35.67901],[128.39744,35.67963],[128.39734,35.67969],[128.39723,35.67977],[128.39595,35.68075],[128.3929,35.6799],[128.38806,35.67922],[128.38663,35.6813],[128.38448,35.68445],[128.38316,35.6872],[128.38314,35.68723],[128.38309,35.68727],[128.38191,35.68819],[128.38182,35.68824],[128.3817,35.68831],[128.38158,35.68837],[128.38021,35.68887],[128.37888,35.6892],[128.37866,35.68923],[128.37851,35.68929],[128.3783,35.68941],[128.37555,35.69123],[128.37552,35.69127],[128.37551,35.69131],[128.37576,35.69477],[128.37624,35.69726],[128.37646,35.69829],[128.37666,35.69894],[128.37688,35.69996],[128.37493,35.70108],[128.37476,35.7013],[128.37474,35.70158],[128.37478,35.70173],[128.37517,35.70249],[128.37589,35.70228],[128.37698,35.70198],[128.37809,35.7017],[128.3806,35.70114],[128.38203,35.70089],[128.38277,35.70087],[128.3841,35.70095],[128.38463,35.701],[128.38494,35.70103],[128.38584,35.70106],[128.38673,35.70109],[128.3878,35.70107],[128.38889,35.70098],[128.38918,35.70094],[128.38967,35.7008],[128.3904,35.70046],[128.39082,35.70023],[128.39187,35.69956],[128.39212,35.69939],[128.39282,35.69899],[128.39317,35.69878],[128.39395,35.69839],[128.39446,35.69814],[128.39492,35.69792],[128.39631,35.69745],[128.39706,35.69723],[128.39779,35.69704],[128.39846,35.69688],[128.40993,35.69417],[128.4107,35.694],[128.41357,35.69342],[128.41424,35.69328],[128.41491,35.69317],[128.41523,35.69312],[128.41551,35.69309],[128.41595,35.69306],[128.41663,35.69305],[128.41723,35.69307],[128.41784,35.69312],[128.41834,35.69318],[128.41874,35.69326],[128.41922,35.69338],[128.41989,35.69362],[128.42053,35.69388],[128.4219,35.69469],[128.42241,35.695],[128.42279,35.69528],[128.42307,35.6955],[128.42466,35.69674],[128.42743,35.69878],[128.42854,35.69959],[128.43004,35.70066],[128.43149,35.70169],[128.43152,35.70172],[128.43166,35.70181],[128.43282,35.70271],[128.43317,35.70302],[128.43438,35.7048],[128.43458,35.70559],[128.43482,35.70666],[128.43493,35.70798],[128.43495,35.70819],[128.43497,35.70947],[128.43491,35.7107],[128.43484,35.71214],[128.43444,35.71626],[128.43432,35.71721],[128.4341,35.71881],[128.43658,35.71874],[128.43673,35.71874],[128.4383,35.71873],[128.43902,35.71878],[128.44013,35.71888],[128.44353,35.7188],[128.44591,35.71911],[128.446,35.71908],[128.44818,35.71761],[128.44831,35.71752],[128.4485,35.71737],[128.44858,35.7173],[128.44868,35.71715],[128.4487,35.71711],[128.44876,35.71698],[128.44888,35.71673],[128.44924,35.71607],[128.44928,35.71602],[128.44949,35.71572],[128.44958,35.71561],[128.4497,35.71546],[128.44999,35.71515],[128.45034,35.71483],[128.45067,35.71454],[128.45108,35.71423],[128.4515,35.71392],[128.45279,35.71303],[128.45318,35.71278],[128.4571,35.7156]]]]}},{"type":"Feature","properties":{"adm_cd":"22510140","adm_nm":"대구광역시 달성군 유가읍"},"geometry":{"type":"MultiPolygon","coordinates":[[[[128.52314,35.71888],[128.52337,35.71863],[128.52347,35.71849],[128.52353,35.71839],[128.52406,35.71726],[128.52412,35.71712],[128.52416,35.71701],[128.52421,35.71678],[128.52422,35.71667],[128.52402,35.7164],[128.52487,35.71525],[128.52607,35.71434],[128.52714,35.71361],[128.52885,35.71189],[128.5295,35.71123],[128.52974,35.71097],[128.53241,35.70549],[128.53248,35.70241],[128.53223,35.70168],[128.53217,35.70149],[128.53152,35.69683],[128.53152,35.6968],[128.53152,35.69673],[128.53157,35.69662],[128.53177,35.69641],[128.53348,35.69499],[128.53361,35.69492],[128.53379,35.6949],[128.53406,35.69482],[128.53426,35.69472],[128.5345,35.69458],[128.53507,35.69411],[128.53514,35.69402],[128.53351,35.69139],[128.53152,35.68815],[128.53141,35.68795],[128.53138,35.68778],[128.53137,35.6865],[128.53146,35.68526],[128.53163,35.68412],[128.53184,35.68337],[128.53349,35.68208],[128.52641,35.68238],[128.52582,35.68229],[128.52513,35.68218],[128.52301,35.68159],[128.52284,35.68153],[128.5191,35.67963],[128.51889,35.67949],[128.51866,35.67929],[128.51838,35.679],[128.51807,35.67857],[128.51754,35.67772],[128.5174,35.67729],[128.51732,35.677],[128.51718,35.67666],[128.51711,35.67652],[128.51705,35.67646],[128.5159,35.67579],[128.51582,35.67574],[128.51199,35.67498],[128.51093,35.67487],[128.51055,35.67487],[128.51021,35.67486],[128.50984,35.67479],[128.50946,35.67468],[128.50913,35.67458],[128.50902,35.67452],[128.50809,35.67389],[128.50788,35.67372],[128.50762,35.67347],[128.50753,35.67331],[128.50749,35.67307],[128.50735,35.67207],[128.50738,35.67201],[128.50757,35.67187],[128.50789,35.67165],[128.50812,35.67141],[128.50853,35.67086],[128.50868,35.67058],[128.50884,35.67024],[128.50897,35.66996],[128.50916,35.66943],[128.50924,35.6692],[128.50926,35.66895],[128.509,35.66714],[128.50881,35.66636],[128.5084,35.6645],[128.5082,35.66356],[128.50817,35.66329],[128.50796,35.66],[128.50717,35.6554],[128.50684,35.65222],[128.50682,35.65031],[128.50681,35.65015],[128.50828,35.64925],[128.50914,35.64828],[128.51061,35.64657],[128.51068,35.64635],[128.51071,35.64569],[128.51068,35.64535],[128.50989,35.64301],[128.50982,35.64293],[128.50892,35.64195],[128.50731,35.64047],[128.50621,35.63959],[128.50567,35.63927],[128.50529,35.63908],[128.50509,35.639],[128.50479,35.63896],[128.50286,35.63869],[128.50221,35.63871],[128.50064,35.63892],[128.4978,35.63899],[128.49593,35.63836],[128.49526,35.63801],[128.49488,35.63784],[128.48624,35.63558],[128.48482,35.63545],[128.48286,35.63574],[128.48215,35.63726],[128.48062,35.63954],[128.47981,35.64011],[128.47892,35.64035],[128.47765,35.64043],[128.47701,35.64022],[128.47487,35.63935],[128.47379,35.63884],[128.47272,35.63827],[128.47246,35.6381],[128.47234,35.63802],[128.46981,35.63634],[128.46935,35.63635],[128.46694,35.63638],[128.4652,35.63713],[128.46466,35.63743],[128.46344,35.63813],[128.46159,35.63997],[128.46137,35.64027],[128.46113,35.64061],[128.46124,35.64072],[128.45996,35.64298],[128.45908,35.64439],[128.45883,35.64478],[128.45855,35.64508],[128.45832,35.64528],[128.45799,35.64553],[128.45748,35.64582],[128.45669,35.64622],[128.45598,35.64652],[128.45578,35.64662],[128.4556,35.6468],[128.45546,35.64694],[128.45524,35.64719],[128.45278,35.65039],[128.45226,35.65134],[128.45205,35.65183],[128.4519,35.65226],[128.45189,35.65264],[128.45194,35.65313],[128.45209,35.65426],[128.45235,35.65607],[128.45252,35.65746],[128.45267,35.65881],[128.45262,35.6589],[128.44998,35.66354],[128.44874,35.66558],[128.44868,35.66631],[128.44859,35.66837],[128.44878,35.66991],[128.44887,35.67059],[128.44899,35.67085],[128.44905,35.67133],[128.44899,35.67173],[128.44895,35.67194],[128.44887,35.67229],[128.44866,35.67313],[128.45092,35.67344],[128.45021,35.67555],[128.4484,35.67512],[128.44821,35.6754],[128.44778,35.67603],[128.44701,35.67775],[128.44645,35.67927],[128.44661,35.68165],[128.44756,35.68435],[128.45323,35.68731],[128.45757,35.6892],[128.45782,35.68931],[128.45781,35.69186],[128.4578,35.69412],[128.4578,35.69456],[128.4578,35.70032],[128.45874,35.70164],[128.4596,35.70163],[128.46045,35.70186],[128.46098,35.70236],[128.46125,35.70301],[128.46124,35.70369],[128.46092,35.70441],[128.46021,35.705],[128.45923,35.7056],[128.45761,35.71152],[128.45758,35.71168],[128.45762,35.71183],[128.45774,35.71204],[128.45792,35.71234],[128.45805,35.7126],[128.45811,35.71284],[128.45823,35.71367],[128.45823,35.71379],[128.45809,35.71409],[128.45764,35.71481],[128.4571,35.7156],[128.45754,35.71593],[128.45765,35.71601],[128.45802,35.71622],[128.46052,35.71731],[128.46082,35.71742],[128.46096,35.71746],[128.46103,35.71746],[128.46115,35.71742],[128.46126,35.71738],[128.46219,35.71759],[128.46384,35.71853],[128.46536,35.71944],[128.46695,35.72089],[128.46813,35.72195],[128.46819,35.722],[128.46826,35.72206],[128.46839,35.72212],[128.46848,35.72216],[128.47385,35.72364],[128.47725,35.72425],[128.48228,35.72605],[128.48239,35.72609],[128.4838,35.72666],[128.48679,35.72609],[128.48765,35.72568],[128.49077,35.72461],[128.49101,35.72454],[128.49149,35.72442],[128.49162,35.72442],[128.4917,35.72444],[128.49311,35.72511],[128.495,35.72547],[128.49983,35.72589],[128.49991,35.7259],[128.49999,35.72591],[128.50287,35.72634],[128.50295,35.72638],[128.50322,35.72668],[128.5033,35.72682],[128.50335,35.72697],[128.50338,35.72707],[128.5034,35.72732],[128.50337,35.72752],[128.50339,35.72772],[128.50348,35.72786],[128.50377,35.72808],[128.50405,35.72812],[128.50443,35.72814],[128.50482,35.72807],[128.50518,35.72796],[128.50533,35.72789],[128.50546,35.72775],[128.50627,35.72801],[128.50653,35.72807],[128.50687,35.72809],[128.50709,35.72806],[128.50718,35.72804],[128.50738,35.72798],[128.50751,35.72793],[128.51171,35.72581],[128.5142,35.72468],[128.5182,35.72292],[128.51838,35.72287],[128.52152,35.72064],[128.52208,35.72008],[128.52314,35.71888]]]]}},{"type":"Feature","properties":{"adm_cd":"22510360","adm_nm":"대구광역시 달성군 구지면"},"geometry":{"type":"MultiPolygon","coordinates":[[[[128.37517,35.70249],[128.37478,35.70173],[128.37474,35.70158],[128.37476,35.7013],[128.37493,35.70108],[128.37688,35.69996],[128.37666,35.69894],[128.37646,35.69829],[128.37624,35.69726],[128.37576,35.69477],[128.37551,35.69131],[128.37552,35.69127],[128.37555,35.69123],[128.3783,35.68941],[128.37851,35.68929],[128.37866,35.68923],[128.37888,35.6892],[128.38021,35.68887],[128.38158,35.68837],[128.3817,35.68831],[128.38182,35.68824],[128.38191,35.68819],[128.38309,35.68727],[128.38314,35.68723],[128.38316,35.6872],[128.38448,35.68445],[128.38663,35.6813],[128.38806,35.67922],[128.3929,35.6799],[128.39595,35.68075],[128.39723,35.67977],[128.39734,35.67969],[128.39744,35.67963],[128.39913,35.67901],[128.40028,35.67862],[128.40097,35.67843],[128.40125,35.67837],[128.40266,35.6781],[128.40279,35.67809],[128.403,35.67808],[128.40324,35.67812],[128.40343,35.67817],[128.40371,35.6783],[128.40385,35.67835],[128.40396,35.67836],[128.40412,35.67832],[128.41192,35.67604],[128.41391,35.67545],[128.41411,35.67539],[128.41429,35.67531],[128.41449,35.67519],[128.41599,35.67404],[128.41608,35.67396],[128.41612,35.67388],[128.41626,35.67321],[128.41625,35.67306],[128.41624,35.67294],[128.41619,35.67276],[128.41619,35.6726],[128.41692,35.6705],[128.41952,35.66388],[128.41965,35.66362],[128.41975,35.66346],[128.42034,35.66267],[128.42038,35.66262],[128.42286,35.66053],[128.42629,35.66057],[128.42659,35.66067],[128.42695,35.66078],[128.42722,35.66082],[128.42742,35.66084],[128.42754,35.66084],[128.42771,35.66081],[128.43196,35.65939],[128.43208,35.65935],[128.43291,35.65897],[128.43306,35.6589],[128.43393,35.6584],[128.43405,35.65833],[128.4346,35.65798],[128.43474,35.65785],[128.43599,35.65711],[128.43867,35.65614],[128.44032,35.65585],[128.44039,35.65585],[128.44263,35.65613],[128.44351,35.65626],[128.44358,35.65627],[128.44364,35.65631],[128.44364,35.65639],[128.44365,35.6569],[128.44365,35.65848],[128.44364,35.65883],[128.44363,35.6603],[128.44368,35.66052],[128.44373,35.66067],[128.44374,35.6607],[128.44379,35.66081],[128.44385,35.6609],[128.44389,35.66097],[128.44403,35.66115],[128.44423,35.66139],[128.44437,35.66155],[128.44462,35.66181],[128.44468,35.66188],[128.44488,35.66208],[128.44504,35.66223],[128.44523,35.66242],[128.44531,35.66249],[128.44542,35.6626],[128.44568,35.66285],[128.44578,35.66295],[128.4458,35.66298],[128.44584,35.66302],[128.44597,35.66318],[128.44602,35.66324],[128.44627,35.66357],[128.44636,35.66374],[128.44642,35.66384],[128.44647,35.66395],[128.44656,35.66417],[128.44664,35.66436],[128.44673,35.66471],[128.44676,35.66499],[128.44674,35.66531],[128.44667,35.66559],[128.44646,35.66627],[128.44616,35.6671],[128.44611,35.66725],[128.44608,35.66734],[128.44569,35.66848],[128.44566,35.66862],[128.44562,35.6689],[128.44563,35.66911],[128.44582,35.66991],[128.44702,35.6718],[128.44802,35.67278],[128.44866,35.67313],[128.44887,35.67229],[128.44895,35.67194],[128.44899,35.67173],[128.44905,35.67133],[128.44899,35.67085],[128.44887,35.67059],[128.44878,35.66991],[128.44859,35.66837],[128.44868,35.66631],[128.44874,35.66558],[128.44998,35.66354],[128.45262,35.6589],[128.45267,35.65881],[128.45252,35.65746],[128.45235,35.65607],[128.45209,35.65426],[128.45194,35.65313],[128.45189,35.65264],[128.4519,35.65226],[128.45205,35.65183],[128.45226,35.65134],[128.45278,35.65039],[128.45524,35.64719],[128.45546,35.64694],[128.4556,35.6468],[128.45578,35.64662],[128.45598,35.64652],[128.45669,35.64622],[128.45748,35.64582],[128.45799,35.64553],[128.45832,35.64528],[128.45855,35.64508],[128.45883,35.64478],[128.45908,35.64439],[128.45996,35.64298],[128.46124,35.64072],[128.46113,35.64061],[128.4602,35.64053],[128.45989,35.6405],[128.45965,35.64047],[128.4595,35.64046],[128.45874,35.64025],[128.45731,35.63963],[128.45542,35.63748],[128.45529,35.63743],[128.45472,35.63722],[128.45454,35.63722],[128.45428,35.63723],[128.45018,35.63803],[128.44779,35.63805],[128.44721,35.63828],[128.44681,35.63836],[128.44669,35.63839],[128.44659,35.63839],[128.4465,35.63837],[128.44644,35.63835],[128.44636,35.6383],[128.4462,35.63819],[128.43865,35.63191],[128.43794,35.6313],[128.43318,35.6254],[128.43191,35.62358],[128.42857,35.62292],[128.42682,35.62353],[128.42671,35.62355],[128.4266,35.62354],[128.42429,35.62244],[128.42418,35.62239],[128.42408,35.62232],[128.42386,35.62194],[128.42368,35.62152],[128.42364,35.62129],[128.42365,35.62079],[128.4236,35.62061],[128.42352,35.62046],[128.42337,35.62033],[128.4232,35.62025],[128.42311,35.62023],[128.42294,35.62019],[128.42261,35.62013],[128.4217,35.62005],[128.42151,35.62004],[128.42119,35.62007],[128.41958,35.62037],[128.41898,35.62057],[128.41879,35.6207],[128.41868,35.62084],[128.41867,35.62087],[128.41861,35.62105],[128.41841,35.62139],[128.41822,35.62152],[128.41799,35.62163],[128.41763,35.62175],[128.41748,35.62176],[128.41714,35.62179],[128.41708,35.62178],[128.41685,35.62176],[128.41646,35.62171],[128.41637,35.62169],[128.4163,35.62167],[128.41582,35.62121],[128.41503,35.6202],[128.41502,35.62015],[128.41502,35.6201],[128.41507,35.62006],[128.41514,35.62002],[128.4153,35.61994],[128.41537,35.61986],[128.41542,35.61971],[128.41544,35.61949],[128.41544,35.61942],[128.41544,35.61932],[128.41539,35.61916],[128.41526,35.61889],[128.41439,35.61793],[128.41325,35.61681],[128.41311,35.61668],[128.41303,35.61661],[128.411,35.61534],[128.40928,35.61506],[128.40653,35.61468],[128.40596,35.6148],[128.40541,35.61517],[128.40493,35.61573],[128.40278,35.61581],[128.39939,35.61592],[128.39934,35.61591],[128.39606,35.61446],[128.39565,35.61426],[128.39435,35.61395],[128.39216,35.61245],[128.38781,35.61015],[128.38773,35.61013],[128.38716,35.61011],[128.3863,35.61009],[128.38472,35.60998],[128.38423,35.60979],[128.384,35.60962],[128.38388,35.60951],[128.38378,35.60939],[128.38371,35.60918],[128.38365,35.60887],[128.3835,35.60824],[128.3834,35.60803],[128.38323,35.60783],[128.38274,35.60732],[128.38251,35.60708],[128.38247,35.60704],[128.38228,35.60694],[128.382,35.60682],[128.3818,35.60678],[128.38167,35.60677],[128.37828,35.60677],[128.37784,35.6068],[128.37748,35.60687],[128.37727,35.60692],[128.3729,35.60843],[128.37279,35.60848],[128.37277,35.6085],[128.37195,35.60932],[128.3717,35.60961],[128.37149,35.60994],[128.37077,35.61116],[128.37279,35.61099],[128.37446,35.61076],[128.37573,35.61057],[128.37643,35.61055],[128.37758,35.61057],[128.37928,35.61073],[128.38102,35.61099],[128.38271,35.61135],[128.38483,35.61188],[128.38542,35.61208],[128.3861,35.61241],[128.38678,35.61289],[128.38733,35.61336],[128.38796,35.61399],[128.38856,35.61478],[128.38881,35.61513],[128.38903,35.61553],[128.38927,35.61611],[128.38968,35.61732],[128.39011,35.61871],[128.39069,35.6201],[128.39134,35.62134],[128.39168,35.62186],[128.39219,35.62265],[128.3928,35.62349],[128.39569,35.62721],[128.39625,35.6279],[128.39635,35.62803],[128.39904,35.6301],[128.39969,35.63045],[128.4008,35.63104],[128.40168,35.63207],[128.40195,35.63285],[128.4023,35.63388],[128.40245,35.63431],[128.40259,35.63557],[128.40279,35.63734],[128.40291,35.64016],[128.40294,35.64142],[128.40294,35.64192],[128.40242,35.64343],[128.40081,35.64493],[128.39631,35.64811],[128.39164,35.64962],[128.3909,35.65003],[128.38476,35.65346],[128.38161,35.65529],[128.38062,35.65603],[128.37817,35.65803],[128.378,35.65817],[128.37702,35.65897],[128.37568,35.66009],[128.37459,35.66105],[128.37433,35.66129],[128.36824,35.66682],[128.36619,35.66852],[128.36512,35.66946],[128.36392,35.67062],[128.36348,35.67104],[128.36176,35.67294],[128.36134,35.67341],[128.36073,35.67412],[128.35954,35.67574],[128.35895,35.67661],[128.35877,35.67691],[128.35726,35.67888],[128.35554,35.6809],[128.3546,35.68235],[128.35428,35.68308],[128.35407,35.68378],[128.35374,35.68511],[128.35372,35.68521],[128.35343,35.6864],[128.35308,35.68764],[128.3518,35.69126],[128.35069,35.69416],[128.35044,35.69525],[128.35037,35.69558],[128.3504,35.69669],[128.35104,35.70288],[128.35105,35.70293],[128.35108,35.703],[128.35114,35.70312],[128.35126,35.70333],[128.35134,35.70344],[128.35153,35.70374],[128.35164,35.70388],[128.35259,35.70491],[128.35302,35.70521],[128.3533,35.70541],[128.35361,35.70562],[128.35472,35.70622],[128.35629,35.70707],[128.35707,35.70733],[128.35795,35.70748],[128.35833,35.70755],[128.3588,35.70758],[128.35965,35.7075],[128.36066,35.70728],[128.36234,35.70676],[128.36859,35.70453],[128.37517,35.70249]]]]}},{"type":"Feature","properties":{"adm_cd":"22520111","adm_nm":"대구광역시 군위군 군위읍"},"geometry":{"type":"MultiPolygon","coordinates":[[[[128.54553,36.29162],[128.54541,36.29083],[128.54539,36.29061],[128.54541,36.29045],[128.54543,36.29037],[128.5455,36.29027],[128.54569,36.29006],[128.54599,36.28981],[128.54619,36.28967],[128.54646,36.2896],[128.54682,36.28944],[128.54726,36.28922],[128.54756,36.28896],[128.54777,36.28876],[128.54785,36.28867],[128.54909,36.2857],[128.54959,36.2841],[128.54983,36.28279],[128.54991,36.28112],[128.55044,36.27854],[128.5519,36.27491],[128.55328,36.27394],[128.55336,36.27389],[128.55681,36.27363],[128.55688,36.27364],[128.55891,36.27448],[128.55971,36.27504],[128.56077,36.27577],[128.56195,36.27646],[128.56265,36.27682],[128.56293,36.27685],[128.56316,36.27682],[128.56341,36.27674],[128.56376,36.27654],[128.56398,36.27634],[128.56406,36.27623],[128.56426,36.27585],[128.56435,36.27573],[128.56459,36.27547],[128.56469,36.27539],[128.56574,36.27472],[128.56599,36.27458],[128.56665,36.27424],[128.56672,36.27421],[128.56682,36.27421],[128.56691,36.27421],[128.56883,36.27448],[128.57035,36.2747],[128.57044,36.27472],[128.57121,36.27491],[128.57142,36.27498],[128.57147,36.27501],[128.57361,36.27673],[128.57377,36.27693],[128.57394,36.27714],[128.57396,36.27726],[128.57401,36.27773],[128.57403,36.27795],[128.57414,36.27824],[128.57425,36.27834],[128.57566,36.27948],[128.57587,36.27961],[128.57607,36.27965],[128.57636,36.27964],[128.58051,36.27949],[128.58135,36.27934],[128.58506,36.27851],[128.58898,36.27731],[128.58906,36.27728],[128.59023,36.2771],[128.59046,36.27708],[128.59315,36.27703],[128.5933,36.27707],[128.59357,36.27721],[128.59382,36.27738],[128.59402,36.2775],[128.5942,36.27756],[128.59445,36.27757],[128.59457,36.27754],[128.59552,36.27707],[128.59641,36.27591],[128.5965,36.27571],[128.59758,36.27304],[128.59767,36.27277],[128.59769,36.27249],[128.5977,36.27235],[128.59766,36.27205],[128.59765,36.272],[128.5976,36.27176],[128.59757,36.2717],[128.59754,36.27164],[128.59755,36.27158],[128.59766,36.27143],[128.59777,36.27133],[128.59841,36.27081],[128.59848,36.27077],[128.59957,36.27044],[128.59982,36.27037],[128.60171,36.26993],[128.60359,36.2699],[128.60378,36.26991],[128.60484,36.27033],[128.60576,36.27072],[128.60599,36.27085],[128.60642,36.27103],[128.60695,36.27124],[128.60707,36.27127],[128.60774,36.27127],[128.6083,36.27124],[128.60954,36.27115],[128.60964,36.27112],[128.61334,36.26979],[128.61683,36.26767],[128.61744,36.26786],[128.61805,36.26799],[128.61971,36.2679],[128.6237,36.26688],[128.62402,36.26677],[128.627,36.26537],[128.62884,36.26391],[128.63253,36.26199],[128.63267,36.26195],[128.63637,36.26118],[128.63697,36.26006],[128.63806,36.25907],[128.63821,36.25896],[128.63834,36.25888],[128.63903,36.25862],[128.63991,36.2583],[128.64031,36.25807],[128.64058,36.2579],[128.64065,36.25776],[128.64067,36.25757],[128.64041,36.25436],[128.64038,36.25416],[128.64002,36.25285],[128.63868,36.24816],[128.63834,36.2473],[128.63827,36.24714],[128.63824,36.24711],[128.63821,36.24708],[128.6378,36.24684],[128.63763,36.24676],[128.63644,36.24621],[128.63521,36.24563],[128.63311,36.24429],[128.63305,36.24424],[128.63286,36.24408],[128.63272,36.24391],[128.63267,36.24382],[128.63105,36.23878],[128.63105,36.23873],[128.63108,36.23866],[128.63111,36.23862],[128.63116,36.23858],[128.63123,36.23857],[128.63142,36.23856],[128.63174,36.23856],[128.63188,36.23858],[128.63216,36.23861],[128.63249,36.23861],[128.63267,36.2386],[128.63278,36.23857],[128.63306,36.23849],[128.63336,36.23834],[128.6335,36.23824],[128.63374,36.23804],[128.63449,36.23735],[128.63454,36.23731],[128.6346,36.2372],[128.63657,36.23334],[128.63666,36.23315],[128.63667,36.23308],[128.6369,36.22976],[128.6361,36.22696],[128.63606,36.22689],[128.63593,36.22658],[128.63591,36.22648],[128.6359,36.22628],[128.6359,36.22596],[128.63589,36.2242],[128.63277,36.22576],[128.63219,36.22593],[128.62885,36.22556],[128.62873,36.22554],[128.62791,36.22528],[128.62774,36.22522],[128.62561,36.22433],[128.6255,36.22428],[128.61934,36.22116],[128.61927,36.22112],[128.6192,36.22107],[128.61621,36.21886],[128.61504,36.21775],[128.61179,36.21492],[128.60633,36.21217],[128.60063,36.20892],[128.60052,36.20886],[128.60035,36.20881],[128.60019,36.20877],[128.5976,36.20829],[128.59674,36.20817],[128.59637,36.20814],[128.59598,36.20815],[128.5958,36.20817],[128.5957,36.2082],[128.59561,36.20823],[128.59552,36.20828],[128.59545,36.20834],[128.59239,36.21148],[128.59121,36.21295],[128.58995,36.21436],[128.58959,36.2145],[128.58892,36.21475],[128.58849,36.21487],[128.58807,36.21496],[128.58777,36.21498],[128.58774,36.21497],[128.5877,36.21494],[128.58446,36.21229],[128.58436,36.2122],[128.58431,36.21214],[128.58322,36.21069],[128.58303,36.21029],[128.58269,36.20939],[128.58228,36.20818],[128.58145,36.20508],[128.58067,36.20179],[128.58058,36.20086],[128.58039,36.1996],[128.57964,36.19671],[128.57881,36.1951],[128.57877,36.19504],[128.57874,36.19498],[128.57874,36.19495],[128.57892,36.19256],[128.57906,36.19182],[128.57954,36.18939],[128.57957,36.18935],[128.58074,36.18792],[128.5808,36.18784],[128.58084,36.18782],[128.58088,36.18781],[128.58094,36.18781],[128.58137,36.18785],[128.58149,36.18786],[128.58166,36.18787],[128.58211,36.18784],[128.58216,36.18782],[128.5822,36.1878],[128.58369,36.18629],[128.58369,36.18624],[128.58369,36.18621],[128.58364,36.18616],[128.58326,36.18587],[128.58299,36.18568],[128.58221,36.18521],[128.58202,36.1851],[128.58186,36.18504],[128.57989,36.18421],[128.57914,36.18396],[128.57876,36.18383],[128.57849,36.18372],[128.57788,36.18338],[128.57711,36.18291],[128.57654,36.18227],[128.57354,36.1785],[128.57346,36.17838],[128.57342,36.17831],[128.5728,36.17695],[128.57279,36.17689],[128.57279,36.17683],[128.57283,36.17666],[128.57297,36.17622],[128.57309,36.17593],[128.57317,36.17577],[128.57317,36.17573],[128.57316,36.1757],[128.57312,36.17566],[128.5716,36.17458],[128.5715,36.17454],[128.57144,36.17452],[128.56843,36.17442],[128.56832,36.17443],[128.56759,36.17448],[128.56361,36.17495],[128.56317,36.17504],[128.56134,36.17542],[128.56127,36.17543],[128.56018,36.17594],[128.56016,36.17597],[128.56003,36.1764],[128.55999,36.17652],[128.55999,36.1766],[128.55999,36.17669],[128.55975,36.17764],[128.55973,36.1777],[128.55942,36.17829],[128.55913,36.17882],[128.55898,36.17902],[128.55891,36.1791],[128.55887,36.17912],[128.55883,36.17912],[128.55769,36.17835],[128.55766,36.17832],[128.55763,36.17828],[128.55745,36.17805],[128.55615,36.17804],[128.55515,36.17804],[128.55339,36.17805],[128.54912,36.17814],[128.54909,36.17815],[128.54587,36.18169],[128.54583,36.18177],[128.54567,36.18211],[128.54547,36.18274],[128.54538,36.18336],[128.54322,36.18689],[128.54152,36.189],[128.54084,36.18959],[128.5395,36.19103],[128.53923,36.19136],[128.53916,36.19144],[128.53914,36.19151],[128.53915,36.19155],[128.5392,36.19169],[128.53946,36.19223],[128.5395,36.19235],[128.5395,36.19237],[128.53944,36.19256],[128.53909,36.1934],[128.53897,36.19364],[128.53895,36.19367],[128.53634,36.19526],[128.5359,36.19549],[128.53126,36.1973],[128.52551,36.20013],[128.52408,36.20074],[128.52401,36.20077],[128.52395,36.20078],[128.52391,36.20078],[128.523,36.20067],[128.52287,36.20069],[128.52291,36.2012],[128.52297,36.2015],[128.52311,36.20191],[128.5235,36.2029],[128.52352,36.20296],[128.52354,36.203],[128.52498,36.20413],[128.52555,36.20444],[128.52577,36.20451],[128.52586,36.20455],[128.52598,36.20461],[128.5261,36.20468],[128.52626,36.20481],[128.52643,36.20496],[128.52655,36.2051],[128.52857,36.20767],[128.5287,36.20898],[128.52873,36.20934],[128.52876,36.20956],[128.52968,36.21172],[128.52982,36.212],[128.52988,36.21207],[128.52994,36.21212],[128.53013,36.21221],[128.53071,36.21253],[128.53079,36.2126],[128.53082,36.21264],[128.53084,36.21269],[128.53085,36.21278],[128.53133,36.21554],[128.53135,36.21568],[128.53147,36.21731],[128.53122,36.21884],[128.53119,36.21898],[128.53117,36.21902],[128.53096,36.21927],[128.53079,36.21944],[128.53075,36.21948],[128.53065,36.21969],[128.53062,36.21977],[128.53062,36.21984],[128.53062,36.22002],[128.53069,36.22029],[128.53072,36.22038],[128.53081,36.22059],[128.53098,36.22087],[128.53102,36.22091],[128.53114,36.22097],[128.53121,36.22101],[128.53136,36.22104],[128.53239,36.22124],[128.53382,36.2215],[128.53396,36.22151],[128.53406,36.22151],[128.53422,36.22149],[128.53454,36.22144],[128.53478,36.22138],[128.53496,36.22134],[128.5351,36.22135],[128.53522,36.22135],[128.53549,36.2214],[128.5358,36.22146],[128.53621,36.22157],[128.5364,36.22162],[128.53651,36.22167],[128.53663,36.22174],[128.53671,36.2218],[128.53684,36.22196],[128.53685,36.22198],[128.5369,36.22204],[128.53692,36.22209],[128.53693,36.22215],[128.53724,36.2239],[128.53729,36.22475],[128.53728,36.22481],[128.53725,36.22489],[128.53718,36.22498],[128.53709,36.22507],[128.53502,36.22691],[128.53495,36.22695],[128.53381,36.2276],[128.53231,36.22841],[128.52914,36.22956],[128.52712,36.23145],[128.52474,36.23357],[128.52278,36.23441],[128.52275,36.23443],[128.52269,36.23446],[128.52163,36.23572],[128.52159,36.23577],[128.52129,36.2362],[128.52124,36.23628],[128.5212,36.23637],[128.52119,36.23644],[128.52118,36.23651],[128.52118,36.23658],[128.52124,36.23703],[128.52125,36.23708],[128.52126,36.23713],[128.52134,36.23732],[128.52155,36.23776],[128.52196,36.23863],[128.52218,36.24072],[128.52069,36.24383],[128.52027,36.24552],[128.52023,36.24849],[128.52024,36.24854],[128.52026,36.24862],[128.52089,36.24956],[128.52095,36.24964],[128.52097,36.24966],[128.52112,36.24982],[128.52128,36.24999],[128.52376,36.25225],[128.52381,36.25228],[128.52388,36.25231],[128.52476,36.25432],[128.52574,36.2576],[128.52656,36.26085],[128.5269,36.26238],[128.52969,36.26714],[128.53015,36.26943],[128.53012,36.2695],[128.53016,36.26956],[128.53076,36.27038],[128.53082,36.27044],[128.5327,36.27185],[128.53379,36.27267],[128.534,36.27277],[128.53434,36.27284],[128.53554,36.27304],[128.53489,36.27435],[128.53269,36.27751],[128.53235,36.27773],[128.53195,36.27799],[128.52981,36.2789],[128.52749,36.27902],[128.52718,36.27941],[128.52722,36.2823],[128.52746,36.28481],[128.52796,36.28544],[128.52866,36.28628],[128.52917,36.28681],[128.52934,36.29227],[128.52926,36.29387],[128.53415,36.29505],[128.53613,36.29499],[128.53616,36.29489],[128.5362,36.29484],[128.53628,36.29479],[128.53742,36.29451],[128.53761,36.29447],[128.53809,36.29443],[128.53871,36.29441],[128.5436,36.29253],[128.54553,36.29162]]]]}},{"type":"Feature","properties":{"adm_cd":"22520311","adm_nm":"대구광역시 군위군 소보면"},"geometry":{"type":"MultiPolygon","coordinates":[[[[128.45555,36.32673],[128.45557,36.3262],[128.45557,36.32611],[128.45569,36.3254],[128.45572,36.32531],[128.45577,36.32525],[128.45582,36.32521],[128.45602,36.3251],[128.45827,36.32425],[128.46128,36.32332],[128.46282,36.32289],[128.4632,36.32286],[128.46434,36.32276],[128.4647,36.32267],[128.46688,36.32197],[128.47116,36.32004],[128.47288,36.31835],[128.47293,36.31829],[128.47296,36.31826],[128.47297,36.31823],[128.47346,36.31707],[128.47322,36.31643],[128.4732,36.3164],[128.47316,36.31628],[128.47313,36.31614],[128.47321,36.31212],[128.47323,36.31208],[128.47327,36.31206],[128.47344,36.31196],[128.47377,36.31183],[128.47387,36.3118],[128.47392,36.31179],[128.47413,36.31179],[128.47432,36.3118],[128.4751,36.31181],[128.47535,36.3118],[128.47546,36.31179],[128.47557,36.31178],[128.47878,36.31122],[128.47884,36.31121],[128.47894,36.31118],[128.47899,36.31117],[128.47904,36.31116],[128.48165,36.3096],[128.48198,36.30936],[128.48631,36.30823],[128.48637,36.30823],[128.48641,36.30823],[128.48759,36.30821],[128.48998,36.30705],[128.49024,36.30689],[128.49312,36.30492],[128.49631,36.30364],[128.49788,36.30337],[128.49794,36.30341],[128.49799,36.30345],[128.49805,36.30347],[128.49833,36.30356],[128.49855,36.30361],[128.49973,36.30388],[128.49981,36.30389],[128.49991,36.30389],[128.49998,36.30389],[128.50185,36.30385],[128.5019,36.30385],[128.5062,36.30342],[128.50865,36.30264],[128.51068,36.30073],[128.5108,36.30066],[128.51089,36.30064],[128.51096,36.30064],[128.51339,36.30116],[128.51356,36.30122],[128.514,36.30143],[128.51436,36.30165],[128.5146,36.30183],[128.51476,36.30191],[128.51493,36.30199],[128.51506,36.30201],[128.51515,36.30203],[128.51757,36.30204],[128.51784,36.30201],[128.51795,36.30198],[128.51801,36.30195],[128.51815,36.30186],[128.51832,36.30171],[128.51846,36.30157],[128.51871,36.30125],[128.51879,36.30115],[128.51885,36.30103],[128.51897,36.30091],[128.51963,36.30027],[128.51978,36.30017],[128.51988,36.30012],[128.52,36.30009],[128.52027,36.30004],[128.52342,36.29949],[128.52355,36.29949],[128.52373,36.29953],[128.52385,36.29959],[128.52434,36.29986],[128.52458,36.29997],[128.52466,36.3],[128.52476,36.29999],[128.52482,36.29997],[128.52559,36.29945],[128.52578,36.29931],[128.52592,36.29912],[128.52642,36.298],[128.52864,36.29478],[128.52926,36.29387],[128.52934,36.29227],[128.52917,36.28681],[128.52866,36.28628],[128.52796,36.28544],[128.52746,36.28481],[128.52722,36.2823],[128.52718,36.27941],[128.52749,36.27902],[128.52981,36.2789],[128.53195,36.27799],[128.53235,36.27773],[128.53269,36.27751],[128.53489,36.27435],[128.53554,36.27304],[128.53434,36.27284],[128.534,36.27277],[128.53379,36.27267],[128.5327,36.27185],[128.53082,36.27044],[128.53076,36.27038],[128.53016,36.26956],[128.53012,36.2695],[128.53015,36.26943],[128.52969,36.26714],[128.5269,36.26238],[128.52656,36.26085],[128.52574,36.2576],[128.52476,36.25432],[128.52388,36.25231],[128.52381,36.25228],[128.52376,36.25225],[128.52128,36.24999],[128.52112,36.24982],[128.52097,36.24966],[128.52095,36.24964],[128.52089,36.24956],[128.52026,36.24862],[128.52024,36.24854],[128.52023,36.24849],[128.52027,36.24552],[128.52069,36.24383],[128.52218,36.24072],[128.52196,36.23863],[128.52155,36.23776],[128.52134,36.23732],[128.52126,36.23713],[128.52125,36.23708],[128.52124,36.23703],[128.52118,36.23658],[128.52118,36.23651],[128.52119,36.23644],[128.5212,36.23637],[128.52124,36.23628],[128.52129,36.2362],[128.52159,36.23577],[128.52163,36.23572],[128.52269,36.23446],[128.52275,36.23443],[128.52278,36.23441],[128.52474,36.23357],[128.52712,36.23145],[128.52914,36.22956],[128.53231,36.22841],[128.53381,36.2276],[128.53495,36.22695],[128.53502,36.22691],[128.53709,36.22507],[128.53718,36.22498],[128.53725,36.22489],[128.53728,36.22481],[128.53729,36.22475],[128.53724,36.2239],[128.53693,36.22215],[128.53692,36.22209],[128.5369,36.22204],[128.53685,36.22198],[128.53684,36.22196],[128.53671,36.2218],[128.53663,36.22174],[128.53651,36.22167],[128.5364,36.22162],[128.53621,36.22157],[128.5358,36.22146],[128.53549,36.2214],[128.53522,36.22135],[128.5351,36.22135],[128.53496,36.22134],[128.53478,36.22138],[128.53454,36.22144],[128.53422,36.22149],[128.53406,36.22151],[128.53396,36.22151],[128.53382,36.2215],[128.53239,36.22124],[128.53136,36.22104],[128.53121,36.22101],[128.53114,36.22097],[128.53102,36.22091],[128.53098,36.22087],[128.53081,36.22059],[128.53072,36.22038],[128.53069,36.22029],[128.53062,36.22002],[128.53062,36.21984],[128.53062,36.21977],[128.53065,36.21969],[128.53075,36.21948],[128.53079,36.21944],[128.53096,36.21927],[128.53117,36.21902],[128.53119,36.21898],[128.53122,36.21884],[128.53147,36.21731],[128.53135,36.21568],[128.53133,36.21554],[128.53085,36.21278],[128.53084,36.21269],[128.53082,36.21264],[128.53079,36.2126],[128.53071,36.21253],[128.53013,36.21221],[128.52994,36.21212],[128.52988,36.21207],[128.52982,36.212],[128.52968,36.21172],[128.52876,36.20956],[128.52873,36.20934],[128.5287,36.20898],[128.52857,36.20767],[128.52655,36.2051],[128.52643,36.20496],[128.52626,36.20481],[128.5261,36.20468],[128.52598,36.20461],[128.52586,36.20455],[128.52577,36.20451],[128.52555,36.20444],[128.52498,36.20413],[128.52354,36.203],[128.52352,36.20296],[128.5235,36.2029],[128.52311,36.20191],[128.52297,36.2015],[128.52291,36.2012],[128.52287,36.20069],[128.522,36.20079],[128.51822,36.20057],[128.51809,36.20055],[128.51802,36.20054],[128.51661,36.20008],[128.51657,36.20006],[128.51654,36.20003],[128.51606,36.19946],[128.51601,36.19938],[128.51585,36.19897],[128.51569,36.19855],[128.51567,36.19842],[128.51566,36.19833],[128.51567,36.19824],[128.51569,36.19813],[128.51572,36.198],[128.5158,36.19779],[128.51585,36.19766],[128.51587,36.19758],[128.51587,36.1975],[128.51585,36.19736],[128.51574,36.19702],[128.51536,36.19599],[128.51505,36.19545],[128.51257,36.1912],[128.50997,36.18826],[128.50984,36.18813],[128.50821,36.18641],[128.50807,36.18627],[128.50798,36.18622],[128.50665,36.18556],[128.50649,36.1855],[128.5061,36.18538],[128.50435,36.18499],[128.50334,36.18653],[128.50332,36.1866],[128.50326,36.18676],[128.5029,36.18896],[128.50287,36.18917],[128.50287,36.18922],[128.50309,36.19016],[128.50347,36.19192],[128.50356,36.19244],[128.50361,36.19273],[128.50357,36.19277],[128.49833,36.19586],[128.49806,36.19581],[128.49774,36.19577],[128.49679,36.1957],[128.49664,36.19571],[128.49646,36.19573],[128.4964,36.19576],[128.49637,36.19578],[128.49617,36.19594],[128.49499,36.19736],[128.49487,36.19751],[128.49472,36.19771],[128.49473,36.19922],[128.49474,36.1994],[128.49475,36.19951],[128.49477,36.19962],[128.49487,36.19993],[128.49507,36.2004],[128.49512,36.20116],[128.49483,36.20309],[128.49449,36.20528],[128.49199,36.21028],[128.48876,36.21338],[128.48867,36.21354],[128.48858,36.21378],[128.48846,36.21409],[128.48846,36.21418],[128.48852,36.21614],[128.48853,36.21621],[128.48913,36.21726],[128.48958,36.21869],[128.48957,36.21875],[128.48954,36.21884],[128.48914,36.21972],[128.48629,36.22391],[128.48626,36.22393],[128.486,36.22393],[128.48579,36.22392],[128.48551,36.2239],[128.48527,36.22387],[128.48502,36.22383],[128.48314,36.22371],[128.48101,36.2239],[128.48082,36.22395],[128.48046,36.22407],[128.47955,36.22448],[128.47954,36.22452],[128.47949,36.22471],[128.47946,36.22491],[128.47946,36.22497],[128.47948,36.22517],[128.4795,36.22531],[128.47954,36.2254],[128.47959,36.22551],[128.47975,36.22575],[128.47983,36.22584],[128.47994,36.22595],[128.47998,36.22598],[128.48009,36.22606],[128.48032,36.22619],[128.48038,36.22622],[128.48053,36.22627],[128.48062,36.2263],[128.48103,36.2264],[128.48129,36.22648],[128.48188,36.22678],[128.48259,36.2272],[128.4828,36.22735],[128.48304,36.22755],[128.48573,36.23049],[128.48591,36.23078],[128.48604,36.23104],[128.48609,36.23122],[128.48607,36.23134],[128.48525,36.23337],[128.48521,36.23404],[128.4852,36.23407],[128.48518,36.23411],[128.48512,36.23411],[128.48483,36.23407],[128.48316,36.23371],[128.48244,36.23355],[128.48193,36.23346],[128.48127,36.23336],[128.48053,36.23329],[128.48007,36.23327],[128.47976,36.23331],[128.47948,36.23335],[128.47927,36.23341],[128.47906,36.23353],[128.47881,36.2337],[128.47847,36.23388],[128.47824,36.23394],[128.47807,36.23398],[128.47797,36.23395],[128.47726,36.23348],[128.47705,36.23331],[128.47677,36.23307],[128.47644,36.23277],[128.47617,36.23252],[128.47613,36.23244],[128.47611,36.23229],[128.47611,36.23202],[128.47611,36.23175],[128.47602,36.23146],[128.47593,36.23133],[128.47582,36.23126],[128.47404,36.2304],[128.47191,36.22969],[128.47023,36.2293],[128.46879,36.22942],[128.46677,36.22956],[128.46671,36.22956],[128.46661,36.22954],[128.46343,36.22889],[128.46322,36.22883],[128.46215,36.22851],[128.4621,36.2285],[128.46199,36.22844],[128.45451,36.22469],[128.45292,36.22333],[128.45025,36.22202],[128.44702,36.22059],[128.44695,36.22058],[128.44229,36.21889],[128.44078,36.21801],[128.43961,36.21947],[128.43931,36.21987],[128.4378,36.22195],[128.43768,36.22213],[128.43761,36.22227],[128.43758,36.22239],[128.43764,36.22373],[128.43767,36.22385],[128.43773,36.22403],[128.43785,36.22432],[128.43791,36.2244],[128.43802,36.22453],[128.43807,36.22463],[128.43814,36.22483],[128.43822,36.22515],[128.43824,36.22527],[128.43828,36.22652],[128.43827,36.22662],[128.43768,36.22812],[128.43764,36.22819],[128.4376,36.22825],[128.4375,36.22838],[128.43732,36.22853],[128.43724,36.22859],[128.43708,36.22869],[128.43695,36.22876],[128.43672,36.22881],[128.43658,36.22885],[128.43643,36.22891],[128.43628,36.22899],[128.43612,36.22911],[128.43598,36.22924],[128.43561,36.22958],[128.43552,36.22967],[128.43537,36.22987],[128.43461,36.23099],[128.43457,36.23105],[128.43455,36.23111],[128.43422,36.2324],[128.4342,36.23248],[128.4342,36.23255],[128.43423,36.23283],[128.43427,36.23304],[128.43427,36.2331],[128.43427,36.23318],[128.43421,36.23369],[128.4342,36.23374],[128.43417,36.23386],[128.43359,36.23516],[128.433,36.23558],[128.43243,36.23575],[128.43069,36.23605],[128.42814,36.23626],[128.42603,36.23638],[128.42564,36.23638],[128.4253,36.2364],[128.42489,36.23642],[128.42406,36.23656],[128.42391,36.23659],[128.42388,36.23661],[128.42382,36.23665],[128.42351,36.23776],[128.4234,36.23833],[128.4234,36.23845],[128.42358,36.23947],[128.42378,36.24036],[128.42203,36.24243],[128.42135,36.24265],[128.42063,36.24298],[128.42017,36.24323],[128.42005,36.24332],[128.41956,36.24475],[128.4194,36.24524],[128.41933,36.24554],[128.41932,36.2457],[128.42009,36.2481],[128.4213,36.2504],[128.42132,36.25042],[128.42139,36.2506],[128.42136,36.25073],[128.42101,36.25174],[128.42098,36.25181],[128.41937,36.25477],[128.41932,36.25486],[128.41916,36.25502],[128.41906,36.25509],[128.41896,36.25516],[128.41881,36.25522],[128.41848,36.25535],[128.41837,36.25539],[128.41811,36.2555],[128.41804,36.25555],[128.41792,36.25564],[128.41776,36.25582],[128.41719,36.25651],[128.4171,36.25663],[128.41663,36.25741],[128.41655,36.25757],[128.41657,36.25763],[128.41937,36.25885],[128.41944,36.2589],[128.41953,36.25896],[128.41964,36.25907],[128.42043,36.25986],[128.42054,36.25997],[128.42064,36.26007],[128.42074,36.2602],[128.42084,36.26032],[128.42091,36.26043],[128.42096,36.26056],[128.42103,36.26075],[128.42107,36.26092],[128.42111,36.26119],[128.42112,36.26134],[128.42112,36.26153],[128.4211,36.26165],[128.42108,36.26181],[128.42104,36.26194],[128.421,36.26208],[128.42097,36.26225],[128.42095,36.26246],[128.42093,36.26269],[128.42093,36.26296],[128.42095,36.26656],[128.42096,36.26675],[128.421,36.26691],[128.42146,36.26847],[128.42152,36.26862],[128.42196,36.26941],[128.4221,36.26964],[128.42218,36.26975],[128.42228,36.26987],[128.4231,36.27062],[128.42319,36.2707],[128.42334,36.27078],[128.4248,36.27156],[128.42644,36.27357],[128.42652,36.27367],[128.42699,36.27616],[128.42697,36.27622],[128.42613,36.27741],[128.42608,36.27747],[128.42434,36.27873],[128.42429,36.27877],[128.42424,36.27879],[128.42419,36.27881],[128.4241,36.27883],[128.42368,36.27889],[128.41402,36.28312],[128.41391,36.28319],[128.41373,36.28334],[128.41365,36.28342],[128.41358,36.2835],[128.41357,36.28353],[128.41354,36.28359],[128.41299,36.28507],[128.41219,36.28635],[128.41201,36.28662],[128.41154,36.28728],[128.41146,36.28738],[128.41143,36.2874],[128.41139,36.28743],[128.41125,36.28751],[128.41321,36.28893],[128.41349,36.28922],[128.41402,36.28981],[128.41408,36.2899],[128.41415,36.29016],[128.4142,36.29047],[128.41422,36.29079],[128.4142,36.29095],[128.41416,36.29106],[128.41411,36.2912],[128.414,36.29142],[128.41393,36.29154],[128.4139,36.29158],[128.41386,36.29164],[128.41377,36.29175],[128.41366,36.29185],[128.41343,36.29209],[128.4133,36.29223],[128.41324,36.29231],[128.4132,36.29237],[128.41316,36.29259],[128.41302,36.29343],[128.41299,36.29366],[128.413,36.29373],[128.41307,36.29386],[128.41524,36.29722],[128.41533,36.29734],[128.41664,36.29863],[128.41682,36.29881],[128.41704,36.29901],[128.41725,36.29914],[128.41741,36.29919],[128.4175,36.2992],[128.41759,36.29921],[128.41977,36.2991],[128.41981,36.29909],[128.41991,36.29908],[128.42015,36.29902],[128.42023,36.29899],[128.42044,36.29889],[128.42056,36.29883],[128.42072,36.29871],[128.42092,36.29857],[128.42105,36.2985],[128.42108,36.29848],[128.42112,36.29848],[128.42125,36.29848],[128.42423,36.29869],[128.42776,36.29913],[128.42849,36.2995],[128.43088,36.3011],[128.43121,36.30133],[128.4316,36.30164],[128.43184,36.30192],[128.432,36.30214],[128.43216,36.30247],[128.4322,36.30258],[128.43222,36.30266],[128.43226,36.30315],[128.43228,36.30351],[128.43242,36.30424],[128.43245,36.30439],[128.43248,36.30447],[128.43252,36.30451],[128.43368,36.30544],[128.43389,36.30554],[128.43414,36.30564],[128.43448,36.30573],[128.4347,36.30574],[128.43496,36.30574],[128.4352,36.30572],[128.43562,36.30564],[128.43582,36.30557],[128.436,36.30547],[128.43619,36.30535],[128.43633,36.30522],[128.4364,36.30511],[128.43656,36.30467],[128.43662,36.30456],[128.43713,36.30435],[128.43718,36.30435],[128.43758,36.3044],[128.43763,36.30442],[128.43835,36.30509],[128.43837,36.30511],[128.43843,36.30516],[128.43847,36.30523],[128.43885,36.30585],[128.43886,36.30591],[128.43922,36.31225],[128.43921,36.3123],[128.43895,36.31314],[128.43892,36.31323],[128.4388,36.3134],[128.43811,36.31402],[128.43843,36.31434],[128.43942,36.31505],[128.43992,36.31536],[128.44041,36.31566],[128.44046,36.31569],[128.44055,36.31571],[128.44065,36.31572],[128.44119,36.31576],[128.44142,36.31577],[128.44159,36.31579],[128.44178,36.31584],[128.44194,36.3159],[128.44218,36.31599],[128.44229,36.31605],[128.4438,36.31715],[128.44526,36.31832],[128.4453,36.31837],[128.44554,36.319],[128.44555,36.31906],[128.44555,36.31936],[128.44554,36.3195],[128.44557,36.31963],[128.4456,36.31973],[128.45073,36.32575],[128.45097,36.32638],[128.45103,36.32651],[128.45116,36.32663],[128.45154,36.32696],[128.4516,36.32701],[128.45164,36.32702],[128.45396,36.32705],[128.45418,36.32703],[128.4547,36.32697],[128.45555,36.32673]]]]}},{"type":"Feature","properties":{"adm_cd":"22520312","adm_nm":"대구광역시 군위군 효령면"},"geometry":{"type":"MultiPolygon","coordinates":[[[[128.63589,36.2242],[128.63596,36.22368],[128.63597,36.22355],[128.63595,36.2233],[128.63566,36.22131],[128.63498,36.21913],[128.63494,36.21901],[128.63487,36.2189],[128.63478,36.21879],[128.63466,36.21869],[128.63449,36.21859],[128.63338,36.21798],[128.63314,36.21787],[128.63285,36.21775],[128.63253,36.2176],[128.63226,36.21747],[128.63199,36.21733],[128.63192,36.21727],[128.63187,36.21719],[128.63187,36.21716],[128.63175,36.21623],[128.63176,36.21616],[128.63196,36.2154],[128.63228,36.2143],[128.6334,36.21059],[128.63375,36.20965],[128.63387,36.20936],[128.63389,36.20931],[128.63392,36.20928],[128.63396,36.20926],[128.63406,36.20923],[128.63471,36.20907],[128.63485,36.20904],[128.63656,36.20881],[128.6381,36.20861],[128.63992,36.20809],[128.64029,36.20766],[128.64063,36.20723],[128.64082,36.20695],[128.64088,36.20682],[128.64094,36.20652],[128.64098,36.20621],[128.64099,36.20585],[128.64091,36.20457],[128.6406,36.20268],[128.64048,36.20225],[128.63987,36.20114],[128.63982,36.20106],[128.63978,36.20102],[128.63972,36.20096],[128.63861,36.20021],[128.6378,36.19973],[128.63772,36.19969],[128.63768,36.19968],[128.6376,36.19968],[128.63744,36.19974],[128.63701,36.19989],[128.63636,36.20008],[128.63611,36.20011],[128.63555,36.20017],[128.63375,36.20035],[128.63369,36.20035],[128.62999,36.2],[128.62992,36.19998],[128.62919,36.1997],[128.62606,36.19827],[128.62601,36.19824],[128.62518,36.19682],[128.62373,36.19411],[128.62339,36.19331],[128.62331,36.19279],[128.62329,36.1925],[128.62324,36.19235],[128.62319,36.19224],[128.62304,36.19202],[128.62208,36.19079],[128.62192,36.19059],[128.62174,36.19037],[128.6216,36.19027],[128.62148,36.19024],[128.62057,36.19001],[128.62035,36.18998],[128.62027,36.18997],[128.62014,36.18999],[128.61986,36.19009],[128.61962,36.19014],[128.61946,36.19015],[128.61937,36.19013],[128.61788,36.18956],[128.61778,36.18951],[128.61758,36.18929],[128.61375,36.18516],[128.61276,36.18396],[128.61266,36.18383],[128.61257,36.18372],[128.6122,36.18325],[128.61132,36.18181],[128.61116,36.1815],[128.61102,36.18114],[128.61101,36.18103],[128.611,36.18069],[128.61098,36.17988],[128.61106,36.17399],[128.61106,36.17382],[128.61109,36.17348],[128.61121,36.17228],[128.61125,36.17202],[128.6113,36.17179],[128.61135,36.17168],[128.61141,36.1716],[128.61145,36.17156],[128.61154,36.17152],[128.61176,36.17145],[128.61208,36.17136],[128.61238,36.17126],[128.61241,36.17124],[128.61245,36.17119],[128.61254,36.17089],[128.61254,36.1708],[128.6125,36.16994],[128.61249,36.16983],[128.61246,36.16973],[128.61239,36.16959],[128.61178,36.16872],[128.61168,36.1686],[128.6115,36.1684],[128.61125,36.16816],[128.61088,36.16772],[128.61067,36.16746],[128.61019,36.16682],[128.61006,36.16662],[128.61001,36.16649],[128.60996,36.16617],[128.60993,36.16574],[128.61003,36.16509],[128.61005,36.16504],[128.61008,36.165],[128.61301,36.16353],[128.61318,36.16346],[128.61449,36.16304],[128.61465,36.16299],[128.61486,36.16296],[128.61533,36.16295],[128.61607,36.1629],[128.61623,36.16288],[128.61629,36.16286],[128.61635,36.16281],[128.61643,36.16273],[128.61746,36.16143],[128.61785,36.16079],[128.6179,36.16064],[128.61817,36.15949],[128.61845,36.158],[128.6196,36.15464],[128.62044,36.15386],[128.6205,36.15379],[128.62208,36.15086],[128.62324,36.14838],[128.62338,36.1481],[128.62628,36.14361],[128.63156,36.14071],[128.63162,36.14069],[128.63331,36.14054],[128.63347,36.14053],[128.63373,36.14056],[128.63492,36.14069],[128.63575,36.1408],[128.63595,36.14083],[128.63623,36.14082],[128.63635,36.14081],[128.6365,36.14076],[128.6367,36.14066],[128.64318,36.13739],[128.64321,36.1373],[128.64336,36.13707],[128.64345,36.13695],[128.64441,36.1357],[128.64498,36.13497],[128.64503,36.13493],[128.64515,36.13488],[128.64536,36.13481],[128.64563,36.13476],[128.64597,36.13476],[128.64634,36.13478],[128.64662,36.13482],[128.64698,36.1349],[128.6505,36.13467],[128.65481,36.13273],[128.65485,36.1327],[128.6601,36.12884],[128.66242,36.12503],[128.66404,36.12295],[128.66169,36.12184],[128.66054,36.12126],[128.65053,36.1152],[128.65012,36.11481],[128.64974,36.11446],[128.64777,36.11297],[128.6476,36.11285],[128.64703,36.11246],[128.64541,36.11151],[128.64536,36.11152],[128.64478,36.11168],[128.6447,36.1117],[128.6391,36.10985],[128.63899,36.10981],[128.63874,36.10967],[128.63852,36.10953],[128.63853,36.10942],[128.63896,36.10771],[128.63933,36.10683],[128.63941,36.1067],[128.63952,36.10662],[128.63962,36.10652],[128.63966,36.10644],[128.63969,36.10632],[128.64007,36.10497],[128.64014,36.10467],[128.64021,36.10415],[128.64019,36.10391],[128.63998,36.10292],[128.63994,36.10287],[128.63984,36.10283],[128.63966,36.10279],[128.63945,36.10273],[128.63927,36.10269],[128.6391,36.10266],[128.63891,36.10263],[128.63871,36.10262],[128.63852,36.10262],[128.63848,36.10264],[128.63839,36.10267],[128.63826,36.10277],[128.63818,36.10283],[128.63806,36.10298],[128.638,36.10308],[128.6378,36.10351],[128.63761,36.10395],[128.63756,36.10402],[128.63734,36.10429],[128.63716,36.10449],[128.63683,36.10478],[128.63642,36.10509],[128.63622,36.1052],[128.63606,36.10525],[128.63541,36.10539],[128.6351,36.10542],[128.63454,36.10544],[128.63397,36.10542],[128.63366,36.10537],[128.63354,36.10534],[128.63337,36.10529],[128.6332,36.10523],[128.63314,36.1052],[128.63311,36.10518],[128.63307,36.1051],[128.63279,36.10383],[128.63341,36.10268],[128.63357,36.10257],[128.63378,36.10238],[128.63395,36.10213],[128.63421,36.10172],[128.63462,36.10088],[128.63463,36.10083],[128.63153,36.09513],[128.6313,36.09486],[128.63123,36.0948],[128.63112,36.09474],[128.62693,36.09333],[128.62687,36.09332],[128.62681,36.0933],[128.62677,36.09327],[128.62549,36.09225],[128.62546,36.09221],[128.62545,36.09215],[128.62534,36.09132],[128.62533,36.09123],[128.62536,36.09117],[128.6255,36.09094],[128.62568,36.09063],[128.62572,36.09052],[128.62555,36.08899],[128.62551,36.08882],[128.62454,36.08652],[128.62449,36.08641],[128.62442,36.08631],[128.62397,36.08585],[128.62375,36.08566],[128.62347,36.08539],[128.62335,36.08524],[128.62332,36.08518],[128.62333,36.08509],[128.62358,36.08367],[128.62368,36.08311],[128.62385,36.08221],[128.62391,36.08202],[128.62398,36.08188],[128.62411,36.08163],[128.62267,36.07951],[128.62252,36.07934],[128.62247,36.07929],[128.62241,36.07926],[128.6223,36.07921],[128.6207,36.07868],[128.62052,36.07862],[128.62019,36.07857],[128.61742,36.0783],[128.61733,36.0783],[128.61722,36.07831],[128.61712,36.07833],[128.61689,36.07844],[128.61592,36.0788],[128.61491,36.07898],[128.6145,36.07903],[128.61444,36.07903],[128.61437,36.07901],[128.61224,36.07831],[128.61214,36.07826],[128.61143,36.07778],[128.61123,36.07764],[128.61118,36.07757],[128.61112,36.07747],[128.61082,36.07697],[128.61068,36.07673],[128.61057,36.0766],[128.61028,36.07633],[128.61014,36.07622],[128.60999,36.07616],[128.60985,36.07615],[128.60769,36.07611],[128.60635,36.07619],[128.60494,36.07648],[128.60457,36.07655],[128.60428,36.07657],[128.60389,36.07661],[128.60372,36.07661],[128.6034,36.07657],[128.60136,36.07631],[128.59785,36.07577],[128.59757,36.07565],[128.59739,36.07557],[128.59731,36.0755],[128.59721,36.0754],[128.59716,36.07531],[128.59701,36.0749],[128.59691,36.07469],[128.59682,36.07459],[128.59675,36.07452],[128.59573,36.07374],[128.59512,36.07333],[128.59471,36.07309],[128.58957,36.07075],[128.58914,36.0706],[128.58898,36.07057],[128.58889,36.07055],[128.58878,36.07055],[128.58818,36.07056],[128.58743,36.07061],[128.58727,36.07061],[128.58712,36.07059],[128.58695,36.07055],[128.58544,36.07012],[128.58471,36.06989],[128.58306,36.06926],[128.58287,36.06919],[128.58025,36.068],[128.58005,36.0679],[128.57995,36.06782],[128.57991,36.06778],[128.57988,36.06771],[128.57983,36.06741],[128.57962,36.06661],[128.57956,36.06651],[128.57948,36.06639],[128.57813,36.06495],[128.57794,36.06478],[128.5773,36.06436],[128.57648,36.06381],[128.57095,36.0609],[128.57065,36.06075],[128.57024,36.06059],[128.56997,36.06049],[128.56983,36.06045],[128.56972,36.06044],[128.56947,36.06047],[128.56939,36.0605],[128.56933,36.06053],[128.56925,36.06059],[128.56918,36.06068],[128.5685,36.06181],[128.56839,36.06202],[128.56736,36.0645],[128.56732,36.06463],[128.56552,36.06838],[128.56539,36.06844],[128.5653,36.0685],[128.56521,36.06857],[128.56513,36.06866],[128.56351,36.07056],[128.56346,36.07066],[128.56343,36.07074],[128.56341,36.07085],[128.5634,36.071],[128.5634,36.07128],[128.56341,36.07151],[128.56344,36.0725],[128.56344,36.07255],[128.56345,36.07261],[128.56482,36.07589],[128.56587,36.07871],[128.56644,36.08113],[128.56702,36.084],[128.56843,36.08726],[128.56868,36.08875],[128.56871,36.08896],[128.56874,36.08978],[128.56872,36.08988],[128.5687,36.08999],[128.56864,36.09015],[128.56857,36.0903],[128.56789,36.09206],[128.56725,36.09477],[128.56724,36.09485],[128.56726,36.09492],[128.56742,36.09534],[128.56754,36.09572],[128.56755,36.09581],[128.56754,36.09586],[128.5671,36.09668],[128.56702,36.0968],[128.56517,36.09868],[128.56512,36.09873],[128.56504,36.09875],[128.56353,36.10221],[128.56364,36.10241],[128.56423,36.10367],[128.56434,36.10393],[128.56451,36.10435],[128.56454,36.10448],[128.56455,36.10457],[128.56484,36.10986],[128.56482,36.11003],[128.56481,36.11011],[128.56442,36.11109],[128.5644,36.11112],[128.56436,36.11115],[128.5643,36.11118],[128.56368,36.11145],[128.5631,36.11168],[128.5631,36.1119],[128.56312,36.11213],[128.56316,36.11223],[128.56364,36.11352],[128.56428,36.11472],[128.5643,36.11476],[128.56431,36.11479],[128.56431,36.11481],[128.56427,36.115],[128.5639,36.11611],[128.56206,36.11918],[128.56199,36.11928],[128.56197,36.1193],[128.56193,36.11931],[128.55995,36.12001],[128.5599,36.12002],[128.55985,36.12003],[128.55981,36.12003],[128.55976,36.12001],[128.55915,36.1197],[128.55908,36.11966],[128.55904,36.11963],[128.55899,36.11959],[128.55884,36.11943],[128.55878,36.11938],[128.55873,36.11936],[128.55863,36.11932],[128.55854,36.1193],[128.55844,36.11929],[128.55835,36.11929],[128.55832,36.11929],[128.55806,36.11942],[128.55644,36.12034],[128.55629,36.12042],[128.55501,36.1212],[128.55495,36.12125],[128.55492,36.12129],[128.55267,36.12502],[128.55263,36.1251],[128.55262,36.12513],[128.55263,36.12516],[128.55277,36.12574],[128.55296,36.12606],[128.553,36.12616],[128.55329,36.12723],[128.5533,36.12734],[128.5533,36.12746],[128.55329,36.1275],[128.55327,36.12759],[128.55315,36.12797],[128.55309,36.1281],[128.55302,36.12821],[128.55286,36.12836],[128.55073,36.12986],[128.54864,36.13098],[128.54861,36.13102],[128.5486,36.13107],[128.54861,36.13121],[128.54861,36.1313],[128.54863,36.13147],[128.54866,36.13157],[128.54872,36.13168],[128.54879,36.13179],[128.55003,36.13302],[128.55165,36.1353],[128.55257,36.13847],[128.55257,36.13852],[128.55252,36.13865],[128.55246,36.13874],[128.55024,36.1401],[128.55004,36.14015],[128.54976,36.14021],[128.5496,36.14024],[128.5494,36.14026],[128.54909,36.14028],[128.54884,36.14033],[128.5486,36.14038],[128.54847,36.14044],[128.54836,36.14055],[128.54824,36.1407],[128.54817,36.14083],[128.54815,36.14096],[128.54816,36.14112],[128.54821,36.14129],[128.54831,36.14147],[128.54911,36.14548],[128.54914,36.14562],[128.54913,36.14584],[128.54912,36.14604],[128.54901,36.14624],[128.54876,36.14669],[128.54866,36.1469],[128.54846,36.14736],[128.54832,36.1478],[128.54833,36.14789],[128.54892,36.14878],[128.54945,36.14938],[128.54955,36.14949],[128.54968,36.1496],[128.54984,36.14971],[128.55001,36.14979],[128.55012,36.14983],[128.55019,36.14988],[128.55027,36.14999],[128.55035,36.15015],[128.55043,36.1504],[128.55046,36.15057],[128.55047,36.15074],[128.55042,36.15086],[128.55036,36.15092],[128.54999,36.15108],[128.54777,36.15199],[128.54618,36.15264],[128.54605,36.15266],[128.5457,36.15274],[128.54526,36.15285],[128.54515,36.15289],[128.54447,36.15333],[128.5444,36.15337],[128.54254,36.15474],[128.5425,36.15479],[128.54079,36.16036],[128.54047,36.16146],[128.54046,36.16152],[128.54048,36.16156],[128.54301,36.16469],[128.54436,36.16611],[128.5444,36.16613],[128.54446,36.16615],[128.54454,36.16616],[128.54467,36.16616],[128.54481,36.16615],[128.54497,36.16614],[128.54509,36.16609],[128.54516,36.16606],[128.54551,36.1658],[128.54564,36.16569],[128.54576,36.16551],[128.54585,36.16544],[128.54786,36.16438],[128.54794,36.16437],[128.54826,36.16434],[128.54848,36.16434],[128.55036,36.1645],[128.55093,36.16456],[128.55312,36.1649],[128.55322,36.16493],[128.55334,36.16498],[128.55341,36.16502],[128.55346,36.16507],[128.55349,36.1651],[128.55355,36.16516],[128.5536,36.16524],[128.55363,36.1653],[128.55406,36.16729],[128.55412,36.16764],[128.55424,36.16949],[128.55431,36.17079],[128.55414,36.17207],[128.55414,36.17215],[128.55414,36.17223],[128.55425,36.17313],[128.55429,36.17341],[128.55432,36.17349],[128.55435,36.17356],[128.55451,36.17377],[128.55456,36.17382],[128.55479,36.17399],[128.55515,36.17434],[128.55602,36.1753],[128.55616,36.17547],[128.55624,36.17557],[128.55633,36.1757],[128.55659,36.17617],[128.55662,36.17623],[128.55745,36.17805],[128.55763,36.17828],[128.55766,36.17832],[128.55769,36.17835],[128.55883,36.17912],[128.55887,36.17912],[128.55891,36.1791],[128.55898,36.17902],[128.55913,36.17882],[128.55942,36.17829],[128.55973,36.1777],[128.55975,36.17764],[128.55999,36.17669],[128.55999,36.1766],[128.55999,36.17652],[128.56003,36.1764],[128.56016,36.17597],[128.56018,36.17594],[128.56127,36.17543],[128.56134,36.17542],[128.56317,36.17504],[128.56361,36.17495],[128.56759,36.17448],[128.56832,36.17443],[128.56843,36.17442],[128.57144,36.17452],[128.5715,36.17454],[128.5716,36.17458],[128.57312,36.17566],[128.57316,36.1757],[128.57317,36.17573],[128.57317,36.17577],[128.57309,36.17593],[128.57297,36.17622],[128.57283,36.17666],[128.57279,36.17683],[128.57279,36.17689],[128.5728,36.17695],[128.57342,36.17831],[128.57346,36.17838],[128.57354,36.1785],[128.57654,36.18227],[128.57711,36.18291],[128.57788,36.18338],[128.57849,36.18372],[128.57876,36.18383],[128.57914,36.18396],[128.57989,36.18421],[128.58186,36.18504],[128.58202,36.1851],[128.58221,36.18521],[128.58299,36.18568],[128.58326,36.18587],[128.58364,36.18616],[128.58369,36.18621],[128.58369,36.18624],[128.58369,36.18629],[128.5822,36.1878],[128.58216,36.18782],[128.58211,36.18784],[128.58166,36.18787],[128.58149,36.18786],[128.58137,36.18785],[128.58094,36.18781],[128.58088,36.18781],[128.58084,36.18782],[128.5808,36.18784],[128.58074,36.18792],[128.57957,36.18935],[128.57954,36.18939],[128.57906,36.19182],[128.57892,36.19256],[128.57874,36.19495],[128.57874,36.19498],[128.57877,36.19504],[128.57881,36.1951],[128.57964,36.19671],[128.58039,36.1996],[128.58058,36.20086],[128.58067,36.20179],[128.58145,36.20508],[128.58228,36.20818],[128.58269,36.20939],[128.58303,36.21029],[128.58322,36.21069],[128.58431,36.21214],[128.58436,36.2122],[128.58446,36.21229],[128.5877,36.21494],[128.58774,36.21497],[128.58777,36.21498],[128.58807,36.21496],[128.58849,36.21487],[128.58892,36.21475],[128.58959,36.2145],[128.58995,36.21436],[128.59121,36.21295],[128.59239,36.21148],[128.59545,36.20834],[128.59552,36.20828],[128.59561,36.20823],[128.5957,36.2082],[128.5958,36.20817],[128.59598,36.20815],[128.59637,36.20814],[128.59674,36.20817],[128.5976,36.20829],[128.60019,36.20877],[128.60035,36.20881],[128.60052,36.20886],[128.60063,36.20892],[128.60633,36.21217],[128.61179,36.21492],[128.61504,36.21775],[128.61621,36.21886],[128.6192,36.22107],[128.61927,36.22112],[128.61934,36.22116],[128.6255,36.22428],[128.62561,36.22433],[128.62774,36.22522],[128.62791,36.22528],[128.62873,36.22554],[128.62885,36.22556],[128.63219,36.22593],[128.63277,36.22576],[128.63589,36.2242]]]]}},{"type":"Feature","properties":{"adm_cd":"22520313","adm_nm":"대구광역시 군위군 부계면"},"geometry":{"type":"MultiPolygon","coordinates":[[[[128.68207,36.11639],[128.6815,36.11547],[128.67996,36.11379],[128.67974,36.11361],[128.67958,36.11348],[128.67871,36.11271],[128.67792,36.11106],[128.67786,36.11091],[128.67754,36.10981],[128.67755,36.10976],[128.67784,36.10749],[128.67898,36.10566],[128.68006,36.10533],[128.68145,36.10532],[128.68284,36.10578],[128.6829,36.10581],[128.68296,36.10581],[128.68436,36.10561],[128.68518,36.10543],[128.6853,36.10537],[128.68537,36.10533],[128.6873,36.10361],[128.68743,36.10349],[128.68756,36.10336],[128.68767,36.10325],[128.68778,36.10313],[128.68967,36.10007],[128.68978,36.09986],[128.69063,36.09813],[128.69071,36.09793],[128.69073,36.09784],[128.69078,36.09758],[128.69083,36.09726],[128.69083,36.09709],[128.6908,36.09702],[128.69064,36.09684],[128.68976,36.09577],[128.68767,36.09321],[128.68749,36.09297],[128.68746,36.0929],[128.6874,36.09268],[128.68743,36.09262],[128.68746,36.09257],[128.68756,36.0925],[128.68762,36.09246],[128.6882,36.09216],[128.68871,36.0919],[128.68949,36.09153],[128.68962,36.09147],[128.69051,36.0911],[128.69056,36.09109],[128.69062,36.09109],[128.69408,36.09146],[128.69865,36.09266],[128.69874,36.0927],[128.69886,36.09278],[128.69905,36.09296],[128.69913,36.09307],[128.69918,36.09316],[128.6992,36.09323],[128.69919,36.09336],[128.69919,36.09418],[128.6992,36.09421],[128.70143,36.09426],[128.70152,36.09426],[128.70162,36.09424],[128.70167,36.09422],[128.70171,36.09421],[128.70183,36.09414],[128.70196,36.09404],[128.70204,36.09397],[128.70213,36.09389],[128.70217,36.09381],[128.70223,36.09365],[128.70235,36.0923],[128.70234,36.09218],[128.70232,36.09211],[128.70201,36.09101],[128.70198,36.09093],[128.70106,36.0888],[128.70099,36.08872],[128.69949,36.08713],[128.69936,36.08707],[128.69845,36.08652],[128.69838,36.08645],[128.69828,36.08631],[128.6979,36.08558],[128.69783,36.08543],[128.69781,36.08523],[128.69781,36.08451],[128.69782,36.08437],[128.69821,36.08331],[128.69829,36.08316],[128.69838,36.08304],[128.69846,36.08294],[128.69857,36.08284],[128.69872,36.08272],[128.69896,36.08255],[128.69915,36.08239],[128.69925,36.08228],[128.69936,36.08214],[128.69941,36.08202],[128.6995,36.08151],[128.69952,36.08117],[128.6995,36.08083],[128.69945,36.08058],[128.69938,36.0803],[128.69933,36.08018],[128.69927,36.08008],[128.69877,36.07942],[128.69602,36.07722],[128.69342,36.07506],[128.69339,36.07502],[128.69339,36.07496],[128.69342,36.07493],[128.6937,36.07473],[128.69375,36.07471],[128.69399,36.07458],[128.69406,36.07454],[128.69424,36.07439],[128.69439,36.07422],[128.69446,36.07413],[128.6945,36.07404],[128.69452,36.07385],[128.69452,36.07373],[128.6945,36.07368],[128.69285,36.06854],[128.69108,36.06567],[128.68924,36.06205],[128.68916,36.06189],[128.68913,36.06179],[128.68898,36.06106],[128.68898,36.06101],[128.68899,36.06098],[128.68901,36.06094],[128.68904,36.0609],[128.68911,36.06084],[128.68942,36.06061],[128.68971,36.06037],[128.68984,36.06022],[128.68992,36.06008],[128.69,36.05987],[128.69005,36.05965],[128.69006,36.05953],[128.69017,36.05757],[128.69016,36.05743],[128.69013,36.05735],[128.6899,36.05694],[128.68984,36.05686],[128.68967,36.05667],[128.68885,36.05583],[128.68581,36.05403],[128.68548,36.05385],[128.68475,36.05346],[128.68416,36.05316],[128.68366,36.0529],[128.68254,36.05232],[128.68168,36.05186],[128.68103,36.05142],[128.68087,36.05128],[128.68067,36.05105],[128.68056,36.05091],[128.67914,36.04911],[128.67913,36.04907],[128.67913,36.04901],[128.67915,36.04891],[128.67939,36.04844],[128.67947,36.04832],[128.67952,36.04827],[128.68018,36.04771],[128.68332,36.04516],[128.68656,36.04251],[128.68762,36.04081],[128.69016,36.03814],[128.6927,36.03631],[128.69286,36.03623],[128.69306,36.03616],[128.69532,36.03542],[128.69571,36.03532],[128.69582,36.03529],[128.69628,36.03523],[128.69684,36.03537],[128.69753,36.03377],[128.69776,36.03336],[128.69815,36.03311],[128.69837,36.03298],[128.69854,36.03289],[128.69879,36.03279],[128.69914,36.03264],[128.69956,36.03249],[128.69968,36.03243],[128.69973,36.03238],[128.69982,36.03226],[128.70003,36.03198],[128.70009,36.03189],[128.70037,36.03132],[128.70107,36.02761],[128.70107,36.02751],[128.70106,36.02743],[128.6993,36.02203],[128.69921,36.02185],[128.69776,36.01944],[128.69688,36.01818],[128.69538,36.01643],[128.69525,36.0163],[128.69512,36.01637],[128.69507,36.01639],[128.69493,36.01642],[128.69474,36.01645],[128.69443,36.01643],[128.69422,36.01639],[128.69273,36.01595],[128.69246,36.01585],[128.69233,36.01579],[128.69228,36.01575],[128.69223,36.01568],[128.69211,36.01546],[128.69206,36.0154],[128.69198,36.01533],[128.69135,36.01496],[128.69101,36.01477],[128.69087,36.01471],[128.69081,36.01469],[128.6906,36.01463],[128.69041,36.01461],[128.68732,36.01423],[128.68666,36.01425],[128.68509,36.01436],[128.685,36.01437],[128.68468,36.01443],[128.68362,36.01469],[128.67676,36.01399],[128.67666,36.01398],[128.6765,36.01398],[128.67334,36.01406],[128.66799,36.01414],[128.66791,36.01414],[128.66779,36.01411],[128.66741,36.014],[128.6673,36.01395],[128.66691,36.01373],[128.66673,36.0136],[128.66669,36.01356],[128.66625,36.01306],[128.66593,36.01248],[128.66589,36.01228],[128.66576,36.01188],[128.66573,36.01181],[128.66569,36.01176],[128.66467,36.0108],[128.66455,36.01071],[128.66446,36.01066],[128.66442,36.01064],[128.66433,36.01062],[128.66422,36.01061],[128.66335,36.01059],[128.66327,36.0106],[128.66302,36.01062],[128.6617,36.01061],[128.65907,36.0104],[128.65899,36.01039],[128.65509,36.00973],[128.65335,36.0086],[128.65324,36.0085],[128.65318,36.00846],[128.65311,36.00843],[128.65129,36.00765],[128.65122,36.00763],[128.65115,36.00762],[128.65095,36.00767],[128.65081,36.00773],[128.65077,36.00775],[128.65052,36.00789],[128.65032,36.00803],[128.65005,36.00824],[128.64777,36.00932],[128.64428,36.01056],[128.64423,36.01057],[128.64413,36.01058],[128.64399,36.01057],[128.64373,36.01052],[128.64347,36.01045],[128.64336,36.01043],[128.64292,36.01034],[128.64263,36.01029],[128.64215,36.01025],[128.6419,36.01026],[128.64178,36.01028],[128.64162,36.01031],[128.64061,36.01055],[128.64048,36.01071],[128.63946,36.01217],[128.63896,36.01299],[128.63859,36.01462],[128.63736,36.01697],[128.63733,36.01701],[128.6373,36.01704],[128.63723,36.0171],[128.63715,36.01715],[128.63273,36.01935],[128.63152,36.01977],[128.63022,36.02027],[128.62575,36.022],[128.62566,36.02204],[128.62544,36.02217],[128.62258,36.024],[128.62254,36.02403],[128.62252,36.02405],[128.62203,36.02476],[128.62129,36.02582],[128.62157,36.02663],[128.62185,36.02755],[128.62186,36.02762],[128.62202,36.03033],[128.6219,36.03169],[128.62234,36.03423],[128.62305,36.03708],[128.62536,36.04052],[128.62624,36.042],[128.62636,36.04224],[128.62761,36.04532],[128.62935,36.05124],[128.62938,36.05148],[128.62939,36.05162],[128.62941,36.05277],[128.62941,36.05539],[128.62936,36.05581],[128.62896,36.05769],[128.62846,36.0596],[128.62784,36.06233],[128.62776,36.0627],[128.62773,36.06323],[128.62772,36.06377],[128.62778,36.06819],[128.62861,36.07155],[128.62949,36.07447],[128.63037,36.07609],[128.63043,36.07622],[128.63045,36.07628],[128.63046,36.07645],[128.63046,36.07662],[128.63035,36.07736],[128.63033,36.07741],[128.63031,36.07743],[128.6302,36.07753],[128.6294,36.07817],[128.62738,36.07964],[128.62411,36.08163],[128.62398,36.08188],[128.62391,36.08202],[128.62385,36.08221],[128.62368,36.08311],[128.62358,36.08367],[128.62333,36.08509],[128.62332,36.08518],[128.62335,36.08524],[128.62347,36.08539],[128.62375,36.08566],[128.62397,36.08585],[128.62442,36.08631],[128.62449,36.08641],[128.62454,36.08652],[128.62551,36.08882],[128.62555,36.08899],[128.62572,36.09052],[128.62568,36.09063],[128.6255,36.09094],[128.62536,36.09117],[128.62533,36.09123],[128.62534,36.09132],[128.62545,36.09215],[128.62546,36.09221],[128.62549,36.09225],[128.62677,36.09327],[128.62681,36.0933],[128.62687,36.09332],[128.62693,36.09333],[128.63112,36.09474],[128.63123,36.0948],[128.6313,36.09486],[128.63153,36.09513],[128.63463,36.10083],[128.63462,36.10088],[128.63421,36.10172],[128.63395,36.10213],[128.63378,36.10238],[128.63357,36.10257],[128.63341,36.10268],[128.63279,36.10383],[128.63307,36.1051],[128.63311,36.10518],[128.63314,36.1052],[128.6332,36.10523],[128.63337,36.10529],[128.63354,36.10534],[128.63366,36.10537],[128.63397,36.10542],[128.63454,36.10544],[128.6351,36.10542],[128.63541,36.10539],[128.63606,36.10525],[128.63622,36.1052],[128.63642,36.10509],[128.63683,36.10478],[128.63716,36.10449],[128.63734,36.10429],[128.63756,36.10402],[128.63761,36.10395],[128.6378,36.10351],[128.638,36.10308],[128.63806,36.10298],[128.63818,36.10283],[128.63826,36.10277],[128.63839,36.10267],[128.63848,36.10264],[128.63852,36.10262],[128.63871,36.10262],[128.63891,36.10263],[128.6391,36.10266],[128.63927,36.10269],[128.63945,36.10273],[128.63966,36.10279],[128.63984,36.10283],[128.63994,36.10287],[128.63998,36.10292],[128.64019,36.10391],[128.64021,36.10415],[128.64014,36.10467],[128.64007,36.10497],[128.63969,36.10632],[128.63966,36.10644],[128.63962,36.10652],[128.63952,36.10662],[128.63941,36.1067],[128.63933,36.10683],[128.63896,36.10771],[128.63853,36.10942],[128.63852,36.10953],[128.63874,36.10967],[128.63899,36.10981],[128.6391,36.10985],[128.6447,36.1117],[128.64478,36.11168],[128.64536,36.11152],[128.64541,36.11151],[128.64703,36.11246],[128.6476,36.11285],[128.64777,36.11297],[128.64974,36.11446],[128.65012,36.11481],[128.65053,36.1152],[128.66054,36.12126],[128.66169,36.12184],[128.66404,36.12295],[128.66493,36.12298],[128.66517,36.12301],[128.66528,36.12303],[128.66533,36.12306],[128.66547,36.12316],[128.66567,36.12343],[128.66575,36.12363],[128.66584,36.12385],[128.66587,36.12395],[128.66596,36.1242],[128.66606,36.12434],[128.66615,36.12444],[128.66622,36.12449],[128.66825,36.12494],[128.66831,36.12494],[128.66834,36.12494],[128.6684,36.12491],[128.66873,36.12433],[128.66958,36.12362],[128.67261,36.12145],[128.67269,36.12141],[128.67273,36.12138],[128.67259,36.11925],[128.67238,36.11854],[128.67237,36.11846],[128.67238,36.11839],[128.6724,36.11833],[128.67249,36.11814],[128.67268,36.11777],[128.67276,36.11766],[128.67296,36.11756],[128.67306,36.11751],[128.67316,36.11748],[128.67453,36.11709],[128.67463,36.11712],[128.67516,36.11732],[128.67535,36.11739],[128.68144,36.11702],[128.68154,36.117],[128.68165,36.11695],[128.68171,36.11691],[128.68183,36.11677],[128.68201,36.11649],[128.68207,36.11639]]]]}},{"type":"Feature","properties":{"adm_cd":"22520314","adm_nm":"대구광역시 군위군 우보면"},"geometry":{"type":"MultiPolygon","coordinates":[[[[128.69985,36.20876],[128.69884,36.20786],[128.6969,36.20521],[128.69658,36.20475],[128.69657,36.20472],[128.69649,36.20285],[128.6965,36.20278],[128.69657,36.20261],[128.69662,36.20248],[128.69668,36.20239],[128.69684,36.20194],[128.69694,36.20026],[128.6965,36.19764],[128.69717,36.19644],[128.69729,36.19598],[128.69683,36.19544],[128.6957,36.19496],[128.69557,36.19491],[128.69481,36.19462],[128.69386,36.19393],[128.69197,36.19137],[128.69156,36.18896],[128.69155,36.18887],[128.69158,36.18879],[128.69172,36.18864],[128.69218,36.18796],[128.69259,36.1859],[128.69262,36.1857],[128.69259,36.18521],[128.69258,36.18516],[128.69141,36.18179],[128.69095,36.18136],[128.6828,36.17861],[128.68271,36.17859],[128.68254,36.17859],[128.68001,36.17882],[128.67985,36.17886],[128.6797,36.17893],[128.67952,36.17903],[128.67933,36.1792],[128.67907,36.17947],[128.6788,36.1798],[128.6786,36.18018],[128.67838,36.18047],[128.67813,36.18081],[128.67798,36.18095],[128.67787,36.18102],[128.67768,36.18107],[128.67752,36.1811],[128.67346,36.18139],[128.67297,36.18139],[128.67293,36.18138],[128.67286,36.18134],[128.67279,36.18127],[128.67278,36.18123],[128.67277,36.18119],[128.67278,36.18113],[128.67281,36.18094],[128.67284,36.18085],[128.67298,36.18061],[128.67313,36.18042],[128.67334,36.18023],[128.67764,36.17693],[128.67797,36.17674],[128.67831,36.1765],[128.67983,36.17526],[128.67984,36.17522],[128.67963,36.17491],[128.67931,36.1745],[128.67896,36.17412],[128.67788,36.17174],[128.67626,36.16636],[128.67625,36.16624],[128.67627,36.16613],[128.67631,36.166],[128.67638,36.16591],[128.67644,36.16585],[128.67652,36.1658],[128.67671,36.16574],[128.67783,36.16552],[128.67824,36.16545],[128.67933,36.16525],[128.68207,36.16495],[128.68598,36.164],[128.68606,36.16394],[128.68623,36.16373],[128.68633,36.16358],[128.68636,36.16346],[128.68794,36.16095],[128.68986,36.15948],[128.69679,36.15536],[128.69717,36.15519],[128.69749,36.15507],[128.69757,36.15505],[128.69768,36.15505],[128.6978,36.15507],[128.69798,36.15513],[128.69843,36.15552],[128.6993,36.15595],[128.70064,36.15637],[128.70092,36.15645],[128.70114,36.15648],[128.70134,36.15649],[128.70153,36.15647],[128.70386,36.15618],[128.70475,36.15606],[128.70482,36.15605],[128.70487,36.15603],[128.70623,36.15473],[128.70653,36.15364],[128.70645,36.15315],[128.70719,36.1504],[128.70708,36.15005],[128.70704,36.14856],[128.70733,36.14734],[128.70762,36.14509],[128.70765,36.14484],[128.70765,36.14471],[128.70765,36.14456],[128.70763,36.14446],[128.7076,36.14433],[128.70671,36.14275],[128.70664,36.14264],[128.70654,36.14251],[128.70646,36.14242],[128.70639,36.14237],[128.70619,36.14225],[128.70555,36.14192],[128.70205,36.14056],[128.70123,36.14028],[128.70042,36.14009],[128.69951,36.13993],[128.69842,36.13999],[128.69801,36.13988],[128.69726,36.13821],[128.69716,36.13776],[128.69673,36.136],[128.69673,36.13596],[128.69675,36.13589],[128.69689,36.13558],[128.69693,36.13552],[128.69697,36.13546],[128.69703,36.13541],[128.69709,36.13537],[128.69717,36.13533],[128.6973,36.13528],[128.69734,36.13525],[128.69738,36.13521],[128.69741,36.13517],[128.69743,36.13511],[128.69745,36.13499],[128.69748,36.13474],[128.69742,36.13385],[128.69736,36.13344],[128.6973,36.13325],[128.69595,36.13067],[128.69548,36.13002],[128.69507,36.12947],[128.69475,36.12914],[128.69315,36.12753],[128.693,36.12739],[128.69279,36.12721],[128.69262,36.12708],[128.69244,36.12695],[128.69222,36.12681],[128.69207,36.12672],[128.68909,36.12459],[128.68683,36.12298],[128.68669,36.12286],[128.68649,36.12269],[128.68638,36.12259],[128.6863,36.12246],[128.6858,36.12113],[128.68578,36.12105],[128.68576,36.12085],[128.68576,36.12054],[128.68577,36.12036],[128.6858,36.12014],[128.68582,36.11997],[128.68582,36.11986],[128.68581,36.11979],[128.68558,36.11908],[128.68557,36.11904],[128.68546,36.11895],[128.68525,36.11878],[128.68504,36.11861],[128.68207,36.11639],[128.68201,36.11649],[128.68183,36.11677],[128.68171,36.11691],[128.68165,36.11695],[128.68154,36.117],[128.68144,36.11702],[128.67535,36.11739],[128.67516,36.11732],[128.67463,36.11712],[128.67453,36.11709],[128.67316,36.11748],[128.67306,36.11751],[128.67296,36.11756],[128.67276,36.11766],[128.67268,36.11777],[128.67249,36.11814],[128.6724,36.11833],[128.67238,36.11839],[128.67237,36.11846],[128.67238,36.11854],[128.67259,36.11925],[128.67273,36.12138],[128.67269,36.12141],[128.67261,36.12145],[128.66958,36.12362],[128.66873,36.12433],[128.6684,36.12491],[128.66834,36.12494],[128.66831,36.12494],[128.66825,36.12494],[128.66622,36.12449],[128.66615,36.12444],[128.66606,36.12434],[128.66596,36.1242],[128.66587,36.12395],[128.66584,36.12385],[128.66575,36.12363],[128.66567,36.12343],[128.66547,36.12316],[128.66533,36.12306],[128.66528,36.12303],[128.66517,36.12301],[128.66493,36.12298],[128.66404,36.12295],[128.66242,36.12503],[128.6601,36.12884],[128.65485,36.1327],[128.65481,36.13273],[128.6505,36.13467],[128.64698,36.1349],[128.64662,36.13482],[128.64634,36.13478],[128.64597,36.13476],[128.64563,36.13476],[128.64536,36.13481],[128.64515,36.13488],[128.64503,36.13493],[128.64498,36.13497],[128.64441,36.1357],[128.64345,36.13695],[128.64336,36.13707],[128.64321,36.1373],[128.64318,36.13739],[128.6367,36.14066],[128.6365,36.14076],[128.63635,36.14081],[128.63623,36.14082],[128.63595,36.14083],[128.63575,36.1408],[128.63492,36.14069],[128.63373,36.14056],[128.63347,36.14053],[128.63331,36.14054],[128.63162,36.14069],[128.63156,36.14071],[128.62628,36.14361],[128.62338,36.1481],[128.62324,36.14838],[128.62208,36.15086],[128.6205,36.15379],[128.62044,36.15386],[128.6196,36.15464],[128.61845,36.158],[128.61817,36.15949],[128.6179,36.16064],[128.61785,36.16079],[128.61746,36.16143],[128.61643,36.16273],[128.61635,36.16281],[128.61629,36.16286],[128.61623,36.16288],[128.61607,36.1629],[128.61533,36.16295],[128.61486,36.16296],[128.61465,36.16299],[128.61449,36.16304],[128.61318,36.16346],[128.61301,36.16353],[128.61008,36.165],[128.61005,36.16504],[128.61003,36.16509],[128.60993,36.16574],[128.60996,36.16617],[128.61001,36.16649],[128.61006,36.16662],[128.61019,36.16682],[128.61067,36.16746],[128.61088,36.16772],[128.61125,36.16816],[128.6115,36.1684],[128.61168,36.1686],[128.61178,36.16872],[128.61239,36.16959],[128.61246,36.16973],[128.61249,36.16983],[128.6125,36.16994],[128.61254,36.1708],[128.61254,36.17089],[128.61245,36.17119],[128.61241,36.17124],[128.61238,36.17126],[128.61208,36.17136],[128.61176,36.17145],[128.61154,36.17152],[128.61145,36.17156],[128.61141,36.1716],[128.61135,36.17168],[128.6113,36.17179],[128.61125,36.17202],[128.61121,36.17228],[128.61109,36.17348],[128.61106,36.17382],[128.61106,36.17399],[128.61098,36.17988],[128.611,36.18069],[128.61101,36.18103],[128.61102,36.18114],[128.61116,36.1815],[128.61132,36.18181],[128.6122,36.18325],[128.61257,36.18372],[128.61266,36.18383],[128.61276,36.18396],[128.61375,36.18516],[128.61758,36.18929],[128.61778,36.18951],[128.61788,36.18956],[128.61937,36.19013],[128.61946,36.19015],[128.61962,36.19014],[128.61986,36.19009],[128.62014,36.18999],[128.62027,36.18997],[128.62035,36.18998],[128.62057,36.19001],[128.62148,36.19024],[128.6216,36.19027],[128.62174,36.19037],[128.62192,36.19059],[128.62208,36.19079],[128.62304,36.19202],[128.62319,36.19224],[128.62324,36.19235],[128.62329,36.1925],[128.62331,36.19279],[128.62339,36.19331],[128.62373,36.19411],[128.62518,36.19682],[128.62601,36.19824],[128.62606,36.19827],[128.62919,36.1997],[128.62992,36.19998],[128.62999,36.2],[128.63369,36.20035],[128.63375,36.20035],[128.63555,36.20017],[128.63611,36.20011],[128.63636,36.20008],[128.63701,36.19989],[128.63744,36.19974],[128.6376,36.19968],[128.63768,36.19968],[128.63772,36.19969],[128.6378,36.19973],[128.63861,36.20021],[128.63972,36.20096],[128.63978,36.20102],[128.63982,36.20106],[128.63987,36.20114],[128.64048,36.20225],[128.6406,36.20268],[128.64091,36.20457],[128.64099,36.20585],[128.64098,36.20621],[128.64094,36.20652],[128.64088,36.20682],[128.64082,36.20695],[128.64063,36.20723],[128.64029,36.20766],[128.63992,36.20809],[128.64018,36.20834],[128.64146,36.20996],[128.6416,36.21019],[128.64184,36.21065],[128.64201,36.21105],[128.64208,36.21124],[128.64218,36.21157],[128.64231,36.21194],[128.64234,36.212],[128.6424,36.21206],[128.6476,36.21649],[128.64936,36.21769],[128.64984,36.21756],[128.65208,36.21709],[128.65222,36.21709],[128.65241,36.21712],[128.65274,36.21717],[128.65304,36.21726],[128.65345,36.21742],[128.65576,36.2185],[128.65586,36.21858],[128.6559,36.21866],[128.65593,36.21875],[128.65595,36.21892],[128.65596,36.21918],[128.65593,36.21951],[128.66339,36.22144],[128.66441,36.22095],[128.66478,36.21914],[128.66678,36.21535],[128.66745,36.21216],[128.66744,36.21204],[128.66745,36.21192],[128.66749,36.21186],[128.66887,36.20984],[128.66924,36.20932],[128.66936,36.20918],[128.66948,36.20912],[128.66986,36.20898],[128.67125,36.20861],[128.67281,36.2084],[128.67278,36.20913],[128.67277,36.20994],[128.67381,36.2118],[128.67386,36.21186],[128.67393,36.21192],[128.67486,36.2125],[128.67493,36.21253],[128.68169,36.21491],[128.68276,36.21508],[128.68433,36.21475],[128.6879,36.21371],[128.68795,36.21368],[128.69217,36.21339],[128.69223,36.21344],[128.69303,36.21394],[128.69313,36.214],[128.69319,36.21402],[128.69334,36.21407],[128.69345,36.21409],[128.69359,36.21411],[128.69391,36.21412],[128.69425,36.21412],[128.69436,36.21411],[128.69439,36.2141],[128.6965,36.21256],[128.69724,36.21182],[128.69882,36.20983],[128.69985,36.20876]]]]}},{"type":"Feature","properties":{"adm_cd":"22520315","adm_nm":"대구광역시 군위군 의흥면"},"geometry":{"type":"MultiPolygon","coordinates":[[[[128.79049,36.19486],[128.78979,36.19407],[128.78972,36.19398],[128.7897,36.19388],[128.78968,36.19316],[128.78969,36.19304],[128.78971,36.19281],[128.79058,36.18842],[128.79137,36.18625],[128.79217,36.18439],[128.79228,36.18418],[128.79236,36.18399],[128.79242,36.18384],[128.79292,36.18172],[128.79305,36.18106],[128.7935,36.1787],[128.79351,36.17847],[128.79319,36.17686],[128.79233,36.17406],[128.79227,36.17391],[128.79216,36.17373],[128.79197,36.17351],[128.7918,36.17335],[128.79027,36.17227],[128.79009,36.1722],[128.78939,36.1707],[128.78987,36.17041],[128.79031,36.1701],[128.79043,36.16995],[128.79047,36.16982],[128.79048,36.16962],[128.79049,36.16943],[128.79031,36.16767],[128.79027,36.16752],[128.7888,36.16273],[128.78787,36.16085],[128.78685,36.15886],[128.78557,36.15675],[128.78543,36.15655],[128.7828,36.15324],[128.78229,36.15267],[128.78217,36.15262],[128.78208,36.15261],[128.77884,36.15315],[128.77874,36.15318],[128.77862,36.15325],[128.77854,36.1534],[128.77848,36.15355],[128.77838,36.15376],[128.77827,36.15388],[128.7781,36.15406],[128.77796,36.15416],[128.77779,36.15422],[128.77696,36.15441],[128.77671,36.15444],[128.7678,36.15394],[128.76745,36.15391],[128.76698,36.15387],[128.76687,36.15385],[128.76634,36.15363],[128.76609,36.15345],[128.76588,36.15329],[128.76563,36.15304],[128.76557,36.15297],[128.76536,36.15264],[128.76535,36.15254],[128.7654,36.15229],[128.76557,36.15196],[128.76586,36.15146],[128.76622,36.15103],[128.76646,36.15075],[128.76654,36.15062],[128.76655,36.15054],[128.76654,36.15035],[128.76634,36.14975],[128.76491,36.1462],[128.76486,36.14609],[128.7647,36.14594],[128.76385,36.14533],[128.7633,36.14503],[128.76294,36.1444],[128.76262,36.13977],[128.76278,36.13918],[128.76297,36.13795],[128.7628,36.13797],[128.76238,36.13801],[128.76153,36.13813],[128.76077,36.13825],[128.76051,36.13831],[128.75976,36.13855],[128.75494,36.13916],[128.75261,36.13944],[128.74996,36.13968],[128.74904,36.13976],[128.7488,36.13976],[128.74844,36.13975],[128.74834,36.13974],[128.74832,36.13971],[128.74827,36.13877],[128.74825,36.13787],[128.74825,36.13758],[128.74826,36.13743],[128.74839,36.13691],[128.74854,36.13631],[128.74881,36.1354],[128.74895,36.13501],[128.74899,36.13476],[128.74926,36.13293],[128.74926,36.13287],[128.7471,36.12904],[128.74696,36.12887],[128.74678,36.12869],[128.74004,36.12282],[128.73988,36.12269],[128.73974,36.12258],[128.73966,36.12253],[128.73953,36.12248],[128.73907,36.12232],[128.73877,36.12224],[128.73866,36.12223],[128.73655,36.12376],[128.73524,36.1245],[128.73356,36.12548],[128.73348,36.12554],[128.73289,36.12604],[128.72995,36.12868],[128.72983,36.12878],[128.72972,36.12892],[128.72842,36.13075],[128.7284,36.13081],[128.72839,36.13085],[128.72838,36.13087],[128.72772,36.13528],[128.72764,36.13598],[128.72765,36.13603],[128.7279,36.13781],[128.72792,36.13785],[128.72796,36.1379],[128.72801,36.13796],[128.72816,36.13807],[128.72841,36.13828],[128.72844,36.13831],[128.72847,36.13834],[128.72849,36.13839],[128.72851,36.1385],[128.72855,36.13875],[128.72857,36.13892],[128.72857,36.13903],[128.7286,36.13999],[128.7286,36.14003],[128.72837,36.14252],[128.72538,36.1451],[128.72534,36.14514],[128.72484,36.14543],[128.72475,36.14546],[128.72466,36.14546],[128.72445,36.14547],[128.72422,36.14548],[128.72405,36.14546],[128.72144,36.14796],[128.72109,36.14897],[128.72053,36.15033],[128.72049,36.15041],[128.72044,36.15049],[128.72037,36.15059],[128.71979,36.15116],[128.71963,36.15155],[128.71952,36.15178],[128.71949,36.15183],[128.71944,36.15186],[128.71939,36.15187],[128.71884,36.15183],[128.71726,36.15161],[128.71464,36.15118],[128.71376,36.15101],[128.71356,36.15096],[128.71347,36.1509],[128.71338,36.15084],[128.71322,36.15065],[128.71313,36.15051],[128.71303,36.15043],[128.71293,36.15037],[128.71284,36.15032],[128.71271,36.15029],[128.71256,36.15025],[128.71073,36.14994],[128.71061,36.14993],[128.71048,36.14993],[128.71036,36.14994],[128.71025,36.14995],[128.70719,36.1504],[128.70645,36.15315],[128.70653,36.15364],[128.70623,36.15473],[128.70487,36.15603],[128.70482,36.15605],[128.70475,36.15606],[128.70386,36.15618],[128.70153,36.15647],[128.70134,36.15649],[128.70114,36.15648],[128.70092,36.15645],[128.70064,36.15637],[128.6993,36.15595],[128.69843,36.15552],[128.69798,36.15513],[128.6978,36.15507],[128.69768,36.15505],[128.69757,36.15505],[128.69749,36.15507],[128.69717,36.15519],[128.69679,36.15536],[128.68986,36.15948],[128.68794,36.16095],[128.68636,36.16346],[128.68633,36.16358],[128.68623,36.16373],[128.68606,36.16394],[128.68598,36.164],[128.68207,36.16495],[128.67933,36.16525],[128.67824,36.16545],[128.67783,36.16552],[128.67671,36.16574],[128.67652,36.1658],[128.67644,36.16585],[128.67638,36.16591],[128.67631,36.166],[128.67627,36.16613],[128.67625,36.16624],[128.67626,36.16636],[128.67788,36.17174],[128.67896,36.17412],[128.67931,36.1745],[128.67963,36.17491],[128.67984,36.17522],[128.67983,36.17526],[128.67831,36.1765],[128.67797,36.17674],[128.67764,36.17693],[128.67334,36.18023],[128.67313,36.18042],[128.67298,36.18061],[128.67284,36.18085],[128.67281,36.18094],[128.67278,36.18113],[128.67277,36.18119],[128.67278,36.18123],[128.67279,36.18127],[128.67286,36.18134],[128.67293,36.18138],[128.67297,36.18139],[128.67346,36.18139],[128.67752,36.1811],[128.67768,36.18107],[128.67787,36.18102],[128.67798,36.18095],[128.67813,36.18081],[128.67838,36.18047],[128.6786,36.18018],[128.6788,36.1798],[128.67907,36.17947],[128.67933,36.1792],[128.67952,36.17903],[128.6797,36.17893],[128.67985,36.17886],[128.68001,36.17882],[128.68254,36.17859],[128.68271,36.17859],[128.6828,36.17861],[128.69095,36.18136],[128.69141,36.18179],[128.69258,36.18516],[128.69259,36.18521],[128.69262,36.1857],[128.69259,36.1859],[128.69218,36.18796],[128.69172,36.18864],[128.69158,36.18879],[128.69155,36.18887],[128.69156,36.18896],[128.69197,36.19137],[128.69386,36.19393],[128.69481,36.19462],[128.69557,36.19491],[128.6957,36.19496],[128.69683,36.19544],[128.69729,36.19598],[128.69717,36.19644],[128.6965,36.19764],[128.69694,36.20026],[128.69684,36.20194],[128.69668,36.20239],[128.69685,36.20226],[128.697,36.20218],[128.699,36.20128],[128.69913,36.20122],[128.70397,36.19944],[128.7049,36.19916],[128.70865,36.19858],[128.70872,36.19857],[128.70886,36.19857],[128.70907,36.19858],[128.70921,36.19861],[128.71212,36.19926],[128.71356,36.2],[128.7137,36.20005],[128.71383,36.20008],[128.71416,36.20015],[128.7143,36.20017],[128.71632,36.20036],[128.71661,36.20039],[128.71691,36.20039],[128.71716,36.20037],[128.71741,36.20034],[128.71759,36.20031],[128.71895,36.20006],[128.71898,36.20002],[128.71933,36.19882],[128.71936,36.19869],[128.71939,36.19848],[128.71939,36.19835],[128.71938,36.19824],[128.71937,36.19817],[128.71936,36.19812],[128.71938,36.19809],[128.71941,36.19806],[128.71944,36.19804],[128.72122,36.19803],[128.7213,36.19803],[128.72139,36.19805],[128.72465,36.19917],[128.72477,36.19922],[128.72484,36.19925],[128.72503,36.19937],[128.72536,36.19963],[128.72578,36.19998],[128.72618,36.20034],[128.72623,36.20037],[128.72754,36.20082],[128.72758,36.20083],[128.72764,36.20082],[128.7277,36.20077],[128.72849,36.19986],[128.72948,36.19873],[128.72961,36.19861],[128.72974,36.19852],[128.72984,36.19846],[128.72989,36.19845],[128.72998,36.19846],[128.73224,36.19891],[128.73239,36.19894],[128.73255,36.19903],[128.73284,36.19925],[128.73352,36.1998],[128.7351,36.20065],[128.73515,36.20065],[128.73518,36.20065],[128.74056,36.19917],[128.74072,36.19911],[128.74173,36.19861],[128.7418,36.19857],[128.74307,36.19759],[128.74313,36.19752],[128.74318,36.19738],[128.74319,36.19728],[128.74412,36.19605],[128.74523,36.19501],[128.74533,36.19491],[128.74568,36.19461],[128.74584,36.1945],[128.74594,36.19446],[128.74599,36.19444],[128.74604,36.19443],[128.74612,36.19444],[128.74636,36.19452],[128.74675,36.19467],[128.74921,36.19576],[128.74936,36.19584],[128.74944,36.19591],[128.75018,36.19696],[128.75022,36.19704],[128.75033,36.19766],[128.75033,36.19778],[128.75033,36.19789],[128.75029,36.19795],[128.7502,36.19803],[128.75007,36.19818],[128.75002,36.19827],[128.74989,36.19851],[128.74984,36.19864],[128.74984,36.19868],[128.74987,36.19874],[128.75177,36.20172],[128.75215,36.20215],[128.7527,36.20267],[128.75619,36.20254],[128.75807,36.20255],[128.75854,36.20116],[128.75857,36.20108],[128.75868,36.20079],[128.75874,36.20066],[128.75884,36.2005],[128.75891,36.20044],[128.76085,36.19961],[128.76595,36.19661],[128.76906,36.19392],[128.76916,36.19383],[128.76994,36.19347],[128.76999,36.19346],[128.77004,36.19347],[128.77013,36.19351],[128.77032,36.19363],[128.77077,36.19393],[128.77171,36.19445],[128.77197,36.19456],[128.77235,36.19473],[128.77268,36.19484],[128.77275,36.19486],[128.77357,36.19496],[128.77394,36.19498],[128.77427,36.19498],[128.77476,36.19488],[128.77746,36.19441],[128.7819,36.1939],[128.78208,36.19388],[128.78221,36.19388],[128.78338,36.19389],[128.78352,36.19389],[128.78363,36.19392],[128.78467,36.19464],[128.78481,36.19475],[128.78562,36.19566],[128.78578,36.19589],[128.7859,36.19609],[128.78599,36.1962],[128.78607,36.19626],[128.78619,36.19629],[128.78643,36.19631],[128.78667,36.19631],[128.78683,36.19628],[128.78714,36.1962],[128.78764,36.19605],[128.78816,36.19588],[128.79049,36.19486]]]]}},{"type":"Feature","properties":{"adm_cd":"22520316","adm_nm":"대구광역시 군위군 산성면"},"geometry":{"type":"MultiPolygon","coordinates":[[[[128.73866,36.12223],[128.73857,36.12151],[128.73912,36.11801],[128.73918,36.11762],[128.73923,36.11744],[128.7393,36.11726],[128.73936,36.11719],[128.73945,36.11713],[128.74013,36.11681],[128.74195,36.11439],[128.74219,36.11407],[128.74455,36.11052],[128.7447,36.11028],[128.74484,36.10995],[128.74509,36.10915],[128.74512,36.10822],[128.74511,36.10791],[128.74509,36.10767],[128.74486,36.10618],[128.74482,36.10601],[128.74423,36.10389],[128.74394,36.10284],[128.7417,36.10052],[128.74128,36.10024],[128.7359,36.09653],[128.73546,36.0959],[128.73541,36.09587],[128.73373,36.09462],[128.73287,36.09413],[128.72922,36.09226],[128.72877,36.09204],[128.72849,36.09192],[128.72829,36.09183],[128.72812,36.09177],[128.72785,36.09169],[128.7274,36.09157],[128.72702,36.09148],[128.72671,36.09138],[128.72635,36.09124],[128.72626,36.09118],[128.72617,36.09113],[128.72569,36.09084],[128.72537,36.09059],[128.72526,36.09048],[128.7252,36.09038],[128.72492,36.08968],[128.72466,36.08866],[128.72464,36.08854],[128.72466,36.08846],[128.72541,36.08708],[128.72613,36.08694],[128.72637,36.08689],[128.72644,36.08689],[128.72667,36.08689],[128.72699,36.08687],[128.72723,36.08685],[128.72735,36.08681],[128.72743,36.08678],[128.72752,36.08673],[128.72765,36.08653],[128.72797,36.08593],[128.72804,36.08574],[128.72917,36.08257],[128.72942,36.08114],[128.72942,36.08108],[128.72941,36.08104],[128.72685,36.07684],[128.72476,36.07433],[128.72454,36.07413],[128.72375,36.07353],[128.72369,36.07351],[128.72362,36.07349],[128.72276,36.07328],[128.7221,36.07318],[128.72187,36.07317],[128.72162,36.07318],[128.7215,36.0732],[128.72142,36.07324],[128.72134,36.07334],[128.72118,36.07364],[128.72109,36.07378],[128.721,36.07386],[128.72086,36.07392],[128.71672,36.07521],[128.71659,36.07525],[128.71504,36.07551],[128.71409,36.07561],[128.71405,36.0756],[128.71402,36.07559],[128.71139,36.07365],[128.71135,36.07356],[128.70925,36.06829],[128.7089,36.06712],[128.7089,36.06705],[128.70896,36.06693],[128.70921,36.0641],[128.70721,36.06077],[128.70609,36.05991],[128.7059,36.05983],[128.7051,36.05941],[128.70484,36.05925],[128.70468,36.05912],[128.70389,36.05825],[128.70256,36.05566],[128.70256,36.05562],[128.70356,36.05254],[128.7041,36.05125],[128.70447,36.05041],[128.70454,36.05028],[128.70456,36.05018],[128.70476,36.04801],[128.70479,36.04761],[128.7048,36.04688],[128.70475,36.04606],[128.70471,36.04575],[128.7047,36.04566],[128.70405,36.04382],[128.70395,36.04358],[128.70388,36.04342],[128.70375,36.04314],[128.70358,36.04283],[128.70333,36.04244],[128.70151,36.04003],[128.70145,36.03995],[128.70056,36.0391],[128.70026,36.03884],[128.70003,36.03869],[128.69785,36.03655],[128.69684,36.03537],[128.69628,36.03523],[128.69582,36.03529],[128.69571,36.03532],[128.69532,36.03542],[128.69306,36.03616],[128.69286,36.03623],[128.6927,36.03631],[128.69016,36.03814],[128.68762,36.04081],[128.68656,36.04251],[128.68332,36.04516],[128.68018,36.04771],[128.67952,36.04827],[128.67947,36.04832],[128.67939,36.04844],[128.67915,36.04891],[128.67913,36.04901],[128.67913,36.04907],[128.67914,36.04911],[128.68056,36.05091],[128.68067,36.05105],[128.68087,36.05128],[128.68103,36.05142],[128.68168,36.05186],[128.68254,36.05232],[128.68366,36.0529],[128.68416,36.05316],[128.68475,36.05346],[128.68548,36.05385],[128.68581,36.05403],[128.68885,36.05583],[128.68967,36.05667],[128.68984,36.05686],[128.6899,36.05694],[128.69013,36.05735],[128.69016,36.05743],[128.69017,36.05757],[128.69006,36.05953],[128.69005,36.05965],[128.69,36.05987],[128.68992,36.06008],[128.68984,36.06022],[128.68971,36.06037],[128.68942,36.06061],[128.68911,36.06084],[128.68904,36.0609],[128.68901,36.06094],[128.68899,36.06098],[128.68898,36.06101],[128.68898,36.06106],[128.68913,36.06179],[128.68916,36.06189],[128.68924,36.06205],[128.69108,36.06567],[128.69285,36.06854],[128.6945,36.07368],[128.69452,36.07373],[128.69452,36.07385],[128.6945,36.07404],[128.69446,36.07413],[128.69439,36.07422],[128.69424,36.07439],[128.69406,36.07454],[128.69399,36.07458],[128.69375,36.07471],[128.6937,36.07473],[128.69342,36.07493],[128.69339,36.07496],[128.69339,36.07502],[128.69342,36.07506],[128.69602,36.07722],[128.69877,36.07942],[128.69927,36.08008],[128.69933,36.08018],[128.69938,36.0803],[128.69945,36.08058],[128.6995,36.08083],[128.69952,36.08117],[128.6995,36.08151],[128.69941,36.08202],[128.69936,36.08214],[128.69925,36.08228],[128.69915,36.08239],[128.69896,36.08255],[128.69872,36.08272],[128.69857,36.08284],[128.69846,36.08294],[128.69838,36.08304],[128.69829,36.08316],[128.69821,36.08331],[128.69782,36.08437],[128.69781,36.08451],[128.69781,36.08523],[128.69783,36.08543],[128.6979,36.08558],[128.69828,36.08631],[128.69838,36.08645],[128.69845,36.08652],[128.69936,36.08707],[128.69949,36.08713],[128.70099,36.08872],[128.70106,36.0888],[128.70198,36.09093],[128.70201,36.09101],[128.70232,36.09211],[128.70234,36.09218],[128.70235,36.0923],[128.70223,36.09365],[128.70217,36.09381],[128.70213,36.09389],[128.70204,36.09397],[128.70196,36.09404],[128.70183,36.09414],[128.70171,36.09421],[128.70167,36.09422],[128.70162,36.09424],[128.70152,36.09426],[128.70143,36.09426],[128.6992,36.09421],[128.69919,36.09418],[128.69919,36.09336],[128.6992,36.09323],[128.69918,36.09316],[128.69913,36.09307],[128.69905,36.09296],[128.69886,36.09278],[128.69874,36.0927],[128.69865,36.09266],[128.69408,36.09146],[128.69062,36.09109],[128.69056,36.09109],[128.69051,36.0911],[128.68962,36.09147],[128.68949,36.09153],[128.68871,36.0919],[128.6882,36.09216],[128.68762,36.09246],[128.68756,36.0925],[128.68746,36.09257],[128.68743,36.09262],[128.6874,36.09268],[128.68746,36.0929],[128.68749,36.09297],[128.68767,36.09321],[128.68976,36.09577],[128.69064,36.09684],[128.6908,36.09702],[128.69083,36.09709],[128.69083,36.09726],[128.69078,36.09758],[128.69073,36.09784],[128.69071,36.09793],[128.69063,36.09813],[128.68978,36.09986],[128.68967,36.10007],[128.68778,36.10313],[128.68767,36.10325],[128.68756,36.10336],[128.68743,36.10349],[128.6873,36.10361],[128.68537,36.10533],[128.6853,36.10537],[128.68518,36.10543],[128.68436,36.10561],[128.68296,36.10581],[128.6829,36.10581],[128.68284,36.10578],[128.68145,36.10532],[128.68006,36.10533],[128.67898,36.10566],[128.67784,36.10749],[128.67755,36.10976],[128.67754,36.10981],[128.67786,36.11091],[128.67792,36.11106],[128.67871,36.11271],[128.67958,36.11348],[128.67974,36.11361],[128.67996,36.11379],[128.6815,36.11547],[128.68207,36.11639],[128.68504,36.11861],[128.68525,36.11878],[128.68546,36.11895],[128.68557,36.11904],[128.68558,36.11908],[128.68581,36.11979],[128.68582,36.11986],[128.68582,36.11997],[128.6858,36.12014],[128.68577,36.12036],[128.68576,36.12054],[128.68576,36.12085],[128.68578,36.12105],[128.6858,36.12113],[128.6863,36.12246],[128.68638,36.12259],[128.68649,36.12269],[128.68669,36.12286],[128.68683,36.12298],[128.68909,36.12459],[128.69207,36.12672],[128.69222,36.12681],[128.69244,36.12695],[128.69262,36.12708],[128.69279,36.12721],[128.693,36.12739],[128.69315,36.12753],[128.69475,36.12914],[128.69507,36.12947],[128.69548,36.13002],[128.69595,36.13067],[128.6973,36.13325],[128.69736,36.13344],[128.69742,36.13385],[128.69748,36.13474],[128.69745,36.13499],[128.69743,36.13511],[128.69741,36.13517],[128.69738,36.13521],[128.69734,36.13525],[128.6973,36.13528],[128.69717,36.13533],[128.69709,36.13537],[128.69703,36.13541],[128.69697,36.13546],[128.69693,36.13552],[128.69689,36.13558],[128.69675,36.13589],[128.69673,36.13596],[128.69673,36.136],[128.69716,36.13776],[128.69726,36.13821],[128.69801,36.13988],[128.69842,36.13999],[128.69951,36.13993],[128.70042,36.14009],[128.70123,36.14028],[128.70205,36.14056],[128.70555,36.14192],[128.70619,36.14225],[128.70639,36.14237],[128.70646,36.14242],[128.70654,36.14251],[128.70664,36.14264],[128.70671,36.14275],[128.7076,36.14433],[128.70763,36.14446],[128.70765,36.14456],[128.70765,36.14471],[128.70765,36.14484],[128.70762,36.14509],[128.70733,36.14734],[128.70704,36.14856],[128.70708,36.15005],[128.70719,36.1504],[128.71025,36.14995],[128.71036,36.14994],[128.71048,36.14993],[128.71061,36.14993],[128.71073,36.14994],[128.71256,36.15025],[128.71271,36.15029],[128.71284,36.15032],[128.71293,36.15037],[128.71303,36.15043],[128.71313,36.15051],[128.71322,36.15065],[128.71338,36.15084],[128.71347,36.1509],[128.71356,36.15096],[128.71376,36.15101],[128.71464,36.15118],[128.71726,36.15161],[128.71884,36.15183],[128.71939,36.15187],[128.71944,36.15186],[128.71949,36.15183],[128.71952,36.15178],[128.71963,36.15155],[128.71979,36.15116],[128.72037,36.15059],[128.72044,36.15049],[128.72049,36.15041],[128.72053,36.15033],[128.72109,36.14897],[128.72144,36.14796],[128.72405,36.14546],[128.72422,36.14548],[128.72445,36.14547],[128.72466,36.14546],[128.72475,36.14546],[128.72484,36.14543],[128.72534,36.14514],[128.72538,36.1451],[128.72837,36.14252],[128.7286,36.14003],[128.7286,36.13999],[128.72857,36.13903],[128.72857,36.13892],[128.72855,36.13875],[128.72851,36.1385],[128.72849,36.13839],[128.72847,36.13834],[128.72844,36.13831],[128.72841,36.13828],[128.72816,36.13807],[128.72801,36.13796],[128.72796,36.1379],[128.72792,36.13785],[128.7279,36.13781],[128.72765,36.13603],[128.72764,36.13598],[128.72772,36.13528],[128.72838,36.13087],[128.72839,36.13085],[128.7284,36.13081],[128.72842,36.13075],[128.72972,36.12892],[128.72983,36.12878],[128.72995,36.12868],[128.73289,36.12604],[128.73348,36.12554],[128.73356,36.12548],[128.73524,36.1245],[128.73655,36.12376],[128.73866,36.12223]]]]}},{"type":"Feature","properties":{"adm_cd":"22520317","adm_nm":"대구광역시 군위군 삼국유사면"},"geometry":{"type":"MultiPolygon","coordinates":[[[[128.88246,36.199],[128.88235,36.19648],[128.8818,36.19201],[128.88177,36.19198],[128.88148,36.19169],[128.88137,36.19154],[128.88118,36.19025],[128.88121,36.19013],[128.88339,36.18589],[128.88524,36.18395],[128.88599,36.18382],[128.89021,36.18217],[128.89029,36.18211],[128.89057,36.18178],[128.89131,36.18049],[128.89143,36.18014],[128.89144,36.18002],[128.89148,36.17957],[128.89145,36.17867],[128.89145,36.17861],[128.89135,36.17751],[128.89125,36.17654],[128.89117,36.1764],[128.89111,36.17631],[128.89113,36.17623],[128.89159,36.17566],[128.89182,36.17548],[128.89333,36.1744],[128.89361,36.17427],[128.8949,36.17379],[128.89518,36.17369],[128.89564,36.17355],[128.89605,36.17344],[128.89532,36.17279],[128.89524,36.1727],[128.89515,36.17261],[128.89418,36.16953],[128.89418,36.16932],[128.89426,36.16917],[128.89523,36.16792],[128.89691,36.16601],[128.89712,36.16579],[128.89733,36.16557],[128.89774,36.16533],[128.89792,36.16523],[128.89804,36.16512],[128.89827,36.1649],[128.89878,36.16437],[128.89893,36.16419],[128.90009,36.16255],[128.90009,36.1625],[128.90002,36.16241],[128.8999,36.16229],[128.89728,36.16027],[128.89687,36.16006],[128.89653,36.16005],[128.89617,36.16],[128.89599,36.15992],[128.89476,36.15868],[128.89443,36.1583],[128.8925,36.15554],[128.8912,36.15028],[128.89019,36.14724],[128.89017,36.14713],[128.89017,36.14689],[128.89018,36.14656],[128.89023,36.14625],[128.89026,36.14614],[128.89151,36.14339],[128.89114,36.14322],[128.89027,36.14286],[128.88969,36.14272],[128.88892,36.14263],[128.88853,36.14261],[128.88753,36.14259],[128.8873,36.1426],[128.88701,36.14264],[128.8868,36.14268],[128.88638,36.14282],[128.88575,36.14308],[128.88529,36.14329],[128.8765,36.14236],[128.87643,36.14235],[128.87633,36.14235],[128.86988,36.14416],[128.86973,36.14423],[128.86839,36.14515],[128.86636,36.14479],[128.86322,36.14478],[128.86135,36.14515],[128.86006,36.14528],[128.85971,36.14529],[128.85921,36.14531],[128.8591,36.14531],[128.85899,36.14526],[128.8589,36.14521],[128.85883,36.14514],[128.85875,36.14505],[128.85862,36.14491],[128.85661,36.14232],[128.85659,36.14228],[128.85659,36.14223],[128.8566,36.14217],[128.85665,36.14204],[128.85666,36.14196],[128.85662,36.14185],[128.85659,36.14179],[128.85653,36.14173],[128.85552,36.1408],[128.85527,36.14061],[128.85431,36.13997],[128.85374,36.13962],[128.85243,36.13886],[128.8518,36.13867],[128.85146,36.13863],[128.85127,36.13859],[128.85107,36.13848],[128.85099,36.13843],[128.85091,36.13832],[128.85083,36.13819],[128.85063,36.13771],[128.85057,36.13757],[128.85038,36.13693],[128.85037,36.13687],[128.85047,36.13499],[128.85049,36.13485],[128.85053,36.13469],[128.85064,36.13445],[128.85077,36.13418],[128.85146,36.13286],[128.85155,36.13277],[128.85169,36.13267],[128.85184,36.13259],[128.85194,36.13252],[128.85199,36.13246],[128.85205,36.13232],[128.85216,36.13207],[128.85259,36.13096],[128.85268,36.1306],[128.85302,36.12888],[128.85307,36.12853],[128.85307,36.1284],[128.85297,36.12775],[128.85122,36.12305],[128.85157,36.12196],[128.85161,36.1218],[128.85161,36.12165],[128.85157,36.12137],[128.85151,36.12115],[128.85125,36.12063],[128.85104,36.12023],[128.85075,36.11974],[128.85063,36.11955],[128.85027,36.119],[128.85017,36.11887],[128.84908,36.11797],[128.84894,36.11786],[128.84872,36.11773],[128.8484,36.11758],[128.84822,36.1175],[128.84801,36.11744],[128.84787,36.11743],[128.84749,36.11742],[128.84695,36.1174],[128.84662,36.1174],[128.84626,36.11737],[128.846,36.11731],[128.84547,36.11715],[128.84534,36.11707],[128.84515,36.11686],[128.84473,36.1163],[128.84394,36.11503],[128.84383,36.11481],[128.83921,36.11326],[128.83869,36.11317],[128.8382,36.11307],[128.83797,36.11298],[128.83782,36.11288],[128.83766,36.11264],[128.83758,36.11245],[128.83693,36.11018],[128.83688,36.10992],[128.83691,36.10837],[128.83689,36.10791],[128.83684,36.10769],[128.8363,36.10664],[128.83624,36.10654],[128.83591,36.10607],[128.83568,36.10583],[128.83531,36.10558],[128.83506,36.10544],[128.83478,36.10533],[128.83452,36.10526],[128.83406,36.10515],[128.83374,36.10512],[128.83301,36.10506],[128.83253,36.10503],[128.83226,36.10497],[128.83215,36.10485],[128.83187,36.10444],[128.83165,36.10411],[128.83152,36.10387],[128.83085,36.10262],[128.83029,36.10274],[128.83015,36.10276],[128.82985,36.10274],[128.82966,36.10269],[128.82941,36.10259],[128.82907,36.10239],[128.82894,36.10229],[128.82879,36.10217],[128.82865,36.10205],[128.82847,36.10194],[128.82762,36.10141],[128.82748,36.10137],[128.82471,36.10095],[128.82226,36.10054],[128.82215,36.1005],[128.82204,36.10042],[128.81882,36.09816],[128.81854,36.09789],[128.8185,36.09785],[128.8183,36.09762],[128.81821,36.09747],[128.81807,36.09719],[128.818,36.09697],[128.81689,36.09325],[128.81636,36.09228],[128.8135,36.09172],[128.81338,36.09165],[128.81152,36.08991],[128.81115,36.08951],[128.81088,36.08921],[128.81077,36.08902],[128.81065,36.08887],[128.81048,36.0888],[128.80311,36.0862],[128.80114,36.08568],[128.79847,36.08497],[128.79838,36.08497],[128.79833,36.08497],[128.79826,36.08506],[128.79814,36.08528],[128.79794,36.08564],[128.79775,36.08595],[128.79765,36.08607],[128.79758,36.08613],[128.7975,36.08619],[128.7974,36.08625],[128.79726,36.08633],[128.79703,36.08644],[128.79665,36.08659],[128.79614,36.08678],[128.79579,36.0869],[128.79564,36.08693],[128.79549,36.08695],[128.79537,36.08696],[128.79102,36.08673],[128.78785,36.08894],[128.78759,36.0892],[128.78729,36.0895],[128.78721,36.08956],[128.78711,36.08965],[128.78509,36.09096],[128.78483,36.09111],[128.77956,36.09384],[128.77681,36.09483],[128.77514,36.09501],[128.77364,36.09482],[128.77252,36.0949],[128.77064,36.09524],[128.76937,36.09702],[128.7692,36.09729],[128.76909,36.09763],[128.76902,36.09785],[128.76887,36.09842],[128.76862,36.09931],[128.76854,36.09943],[128.76844,36.09953],[128.76741,36.09998],[128.76652,36.10027],[128.76573,36.10046],[128.76495,36.1006],[128.76481,36.10059],[128.76464,36.10058],[128.76448,36.10051],[128.75841,36.09681],[128.75831,36.09672],[128.75821,36.09664],[128.75792,36.0963],[128.75743,36.09562],[128.7573,36.09543],[128.75724,36.09532],[128.75719,36.09517],[128.75713,36.09489],[128.75706,36.09439],[128.75699,36.09421],[128.75685,36.09396],[128.75608,36.09315],[128.75577,36.09286],[128.75555,36.09269],[128.75541,36.09262],[128.7539,36.09179],[128.75379,36.09174],[128.75373,36.09175],[128.75363,36.09179],[128.75214,36.09278],[128.75208,36.09283],[128.75206,36.09289],[128.75156,36.09911],[128.75161,36.10146],[128.75196,36.10199],[128.75204,36.10218],[128.75203,36.1023],[128.75202,36.1024],[128.7518,36.10331],[128.75176,36.10343],[128.75172,36.10353],[128.75166,36.10359],[128.75159,36.10363],[128.75147,36.10364],[128.75133,36.10364],[128.75093,36.10361],[128.75077,36.10366],[128.75063,36.10373],[128.74871,36.10534],[128.74693,36.10685],[128.74685,36.10692],[128.74509,36.10915],[128.74484,36.10995],[128.7447,36.11028],[128.74455,36.11052],[128.74219,36.11407],[128.74195,36.11439],[128.74013,36.11681],[128.73945,36.11713],[128.73936,36.11719],[128.7393,36.11726],[128.73923,36.11744],[128.73918,36.11762],[128.73912,36.11801],[128.73857,36.12151],[128.73866,36.12223],[128.73877,36.12224],[128.73907,36.12232],[128.73953,36.12248],[128.73966,36.12253],[128.73974,36.12258],[128.73988,36.12269],[128.74004,36.12282],[128.74678,36.12869],[128.74696,36.12887],[128.7471,36.12904],[128.74926,36.13287],[128.74926,36.13293],[128.74899,36.13476],[128.74895,36.13501],[128.74881,36.1354],[128.74854,36.13631],[128.74839,36.13691],[128.74826,36.13743],[128.74825,36.13758],[128.74825,36.13787],[128.74827,36.13877],[128.74832,36.13971],[128.74834,36.13974],[128.74844,36.13975],[128.7488,36.13976],[128.74904,36.13976],[128.74996,36.13968],[128.75261,36.13944],[128.75494,36.13916],[128.75976,36.13855],[128.76051,36.13831],[128.76077,36.13825],[128.76153,36.13813],[128.76238,36.13801],[128.7628,36.13797],[128.76297,36.13795],[128.76278,36.13918],[128.76262,36.13977],[128.76294,36.1444],[128.7633,36.14503],[128.76385,36.14533],[128.7647,36.14594],[128.76486,36.14609],[128.76491,36.1462],[128.76634,36.14975],[128.76654,36.15035],[128.76655,36.15054],[128.76654,36.15062],[128.76646,36.15075],[128.76622,36.15103],[128.76586,36.15146],[128.76557,36.15196],[128.7654,36.15229],[128.76535,36.15254],[128.76536,36.15264],[128.76557,36.15297],[128.76563,36.15304],[128.76588,36.15329],[128.76609,36.15345],[128.76634,36.15363],[128.76687,36.15385],[128.76698,36.15387],[128.76745,36.15391],[128.7678,36.15394],[128.77671,36.15444],[128.77696,36.15441],[128.77779,36.15422],[128.77796,36.15416],[128.7781,36.15406],[128.77827,36.15388],[128.77838,36.15376],[128.77848,36.15355],[128.77854,36.1534],[128.77862,36.15325],[128.77874,36.15318],[128.77884,36.15315],[128.78208,36.15261],[128.78217,36.15262],[128.78229,36.15267],[128.7828,36.15324],[128.78543,36.15655],[128.78557,36.15675],[128.78685,36.15886],[128.78787,36.16085],[128.7888,36.16273],[128.79027,36.16752],[128.79031,36.16767],[128.79049,36.16943],[128.79048,36.16962],[128.79047,36.16982],[128.79043,36.16995],[128.79031,36.1701],[128.78987,36.17041],[128.78939,36.1707],[128.79009,36.1722],[128.79027,36.17227],[128.7918,36.17335],[128.79197,36.17351],[128.79216,36.17373],[128.79227,36.17391],[128.79233,36.17406],[128.79319,36.17686],[128.79351,36.17847],[128.7935,36.1787],[128.79305,36.18106],[128.79292,36.18172],[128.79242,36.18384],[128.79236,36.18399],[128.79228,36.18418],[128.79217,36.18439],[128.79137,36.18625],[128.79058,36.18842],[128.78971,36.19281],[128.78969,36.19304],[128.78968,36.19316],[128.7897,36.19388],[128.78972,36.19398],[128.78979,36.19407],[128.79049,36.19486],[128.79065,36.19468],[128.79074,36.1946],[128.79082,36.19456],[128.79101,36.19449],[128.7914,36.19438],[128.79167,36.19431],[128.79188,36.19427],[128.79597,36.1938],[128.79968,36.19683],[128.80134,36.19852],[128.803,36.20061],[128.80308,36.20077],[128.80318,36.20314],[128.80399,36.20893],[128.80392,36.20996],[128.80393,36.21],[128.80397,36.21006],[128.80412,36.21015],[128.80434,36.21026],[128.80452,36.21033],[128.8048,36.21038],[128.80897,36.21035],[128.81127,36.21023],[128.81142,36.21022],[128.81155,36.21024],[128.81341,36.21068],[128.81363,36.21076],[128.81389,36.21088],[128.8141,36.21097],[128.81797,36.21322],[128.81863,36.21364],[128.82004,36.21459],[128.82259,36.21583],[128.8246,36.21643],[128.83004,36.21764],[128.83021,36.21766],[128.83031,36.21765],[128.83043,36.21762],[128.83077,36.21748],[128.83131,36.21722],[128.83161,36.21708],[128.8318,36.21699],[128.83189,36.21692],[128.83197,36.2168],[128.83217,36.21644],[128.83234,36.21617],[128.83247,36.21601],[128.83259,36.21589],[128.83269,36.21583],[128.83283,36.21577],[128.834,36.21536],[128.83469,36.21537],[128.83842,36.2159],[128.83852,36.21592],[128.83865,36.21598],[128.83986,36.21669],[128.84087,36.21732],[128.84108,36.21744],[128.84122,36.21751],[128.84146,36.21758],[128.84163,36.21761],[128.84181,36.21762],[128.8421,36.2176],[128.84223,36.21758],[128.84239,36.2175],[128.84469,36.2163],[128.84695,36.21664],[128.84709,36.21665],[128.84724,36.21664],[128.84742,36.2166],[128.84775,36.21649],[128.85179,36.21491],[128.85186,36.21488],[128.8571,36.21011],[128.85716,36.21003],[128.85722,36.20993],[128.8573,36.20971],[128.85739,36.20946],[128.85753,36.20923],[128.85772,36.20897],[128.85856,36.20801],[128.86058,36.20643],[128.86065,36.2064],[128.86094,36.20646],[128.86109,36.2065],[128.86137,36.20662],[128.86158,36.20668],[128.86172,36.20671],[128.862,36.20668],[128.86388,36.20628],[128.86479,36.20599],[128.865,36.20588],[128.86516,36.20575],[128.86543,36.20545],[128.86582,36.20502],[128.86592,36.20491],[128.86606,36.2048],[128.86844,36.20374],[128.86866,36.20368],[128.86902,36.20364],[128.86948,36.20361],[128.87008,36.2036],[128.87031,36.20363],[128.87054,36.20369],[128.87066,36.2037],[128.87071,36.20367],[128.87159,36.20251],[128.87186,36.20214],[128.87222,36.20164],[128.87274,36.20088],[128.87293,36.20055],[128.87306,36.20012],[128.87315,36.19975],[128.87843,36.19875],[128.87854,36.1988],[128.87905,36.19897],[128.87918,36.199],[128.87991,36.1991],[128.88053,36.19908],[128.88246,36.199]]]]}},{"type":"Feature","properties":{"adm_cd":"22020760","adm_nm":"대구광역시 동구 안심3동"},"geometry":{"type":"MultiPolygon","coordinates":[[[[128.73427,35.87484],[128.73604,35.87444],[128.73749,35.87407],[128.73894,35.87342],[128.74187,35.87178],[128.7441,35.8708],[128.74674,35.87038],[128.74899,35.87059],[128.75109,35.8713],[128.75493,35.87274],[128.75998,35.87472],[128.76067,35.87394],[128.75942,35.87195],[128.75858,35.87055],[128.7598,35.86607],[128.76004,35.86546],[128.759,35.86522],[128.75492,35.86427],[128.75394,35.86402],[128.75394,35.86387],[128.75394,35.86375],[128.754,35.86341],[128.7531,35.86083],[128.75162,35.85755],[128.74825,35.85691],[128.74776,35.85685],[128.74765,35.85683],[128.74741,35.85678],[128.74719,35.85673],[128.74688,35.85664],[128.74657,35.85655],[128.74639,35.85647],[128.74615,35.85634],[128.74259,35.85405],[128.74237,35.8539],[128.74223,35.85378],[128.74207,35.85365],[128.74126,35.85294],[128.74122,35.8529],[128.74118,35.85285],[128.74114,35.8528],[128.74109,35.85272],[128.741,35.85252],[128.74073,35.85173],[128.73829,35.85076],[128.73685,35.85072],[128.73577,35.85091],[128.7337,35.85219],[128.73342,35.85276],[128.72663,35.85682],[128.72613,35.85712],[128.72401,35.86013],[128.72078,35.86146],[128.72046,35.86158],[128.71978,35.86181],[128.71952,35.86188],[128.7183,35.86215],[128.71726,35.86234],[128.71665,35.86238],[128.71527,35.86241],[128.71496,35.86239],[128.71343,35.8654],[128.71348,35.86601],[128.7177,35.86587],[128.71861,35.86618],[128.723,35.86758],[128.72756,35.86917],[128.73327,35.87116],[128.7326,35.87143],[128.73314,35.87274],[128.73366,35.87382],[128.73427,35.87484]]]]}},{"type":"Feature","properties":{"adm_cd":"22020780","adm_nm":"대구광역시 동구 혁신동"},"geometry":{"type":"MultiPolygon","coordinates":[[[[128.73427,35.87484],[128.72756,35.87543],[128.71608,35.8764],[128.70992,35.87699],[128.70801,35.87755],[128.70776,35.88045],[128.70745,35.8865],[128.70782,35.89097],[128.70791,35.89117],[128.70823,35.89177],[128.70829,35.8919],[128.70839,35.89203],[128.70957,35.8933],[128.70971,35.89335],[128.70978,35.89336],[128.70986,35.89336],[128.71008,35.89323],[128.71033,35.89304],[128.71271,35.89324],[128.71285,35.89392],[128.71334,35.89504],[128.71417,35.8966],[128.71456,35.8973],[128.71494,35.89797],[128.71535,35.89866],[128.71555,35.89893],[128.71785,35.90061],[128.71869,35.90053],[128.72279,35.90018],[128.72341,35.90073],[128.72424,35.90143],[128.72668,35.90336],[128.7284,35.90378],[128.72914,35.90395],[128.72945,35.90402],[128.72975,35.90409],[128.7301,35.90417],[128.73075,35.90432],[128.73083,35.90434],[128.73142,35.90453],[128.73169,35.90461],[128.73189,35.90468],[128.73209,35.90474],[128.73357,35.90525],[128.73765,35.90891],[128.73951,35.91165],[128.73958,35.91182],[128.73975,35.91225],[128.74005,35.91303],[128.74102,35.91509],[128.74148,35.91524],[128.7417,35.91531],[128.74191,35.91537],[128.74351,35.91835],[128.74325,35.91893],[128.74287,35.91982],[128.74287,35.92018],[128.74446,35.92192],[128.75019,35.91793],[128.75085,35.91793],[128.75099,35.91791],[128.75331,35.91714],[128.75338,35.91712],[128.75586,35.91551],[128.75609,35.91534],[128.75643,35.91505],[128.75661,35.91485],[128.75686,35.91452],[128.75732,35.91385],[128.75746,35.91361],[128.75802,35.91262],[128.75813,35.91237],[128.76009,35.90794],[128.76045,35.90698],[128.76025,35.90686],[128.76002,35.90675],[128.75967,35.90662],[128.75934,35.90651],[128.75882,35.90631],[128.75853,35.90617],[128.7584,35.90609],[128.75743,35.90507],[128.75725,35.90482],[128.75717,35.90458],[128.7571,35.90428],[128.75703,35.90388],[128.75701,35.90361],[128.75698,35.90335],[128.75697,35.90253],[128.757,35.90161],[128.7571,35.8998],[128.75763,35.89589],[128.75765,35.89577],[128.75775,35.89561],[128.75784,35.89551],[128.75822,35.89514],[128.75914,35.89339],[128.75982,35.89192],[128.76012,35.89117],[128.76178,35.88601],[128.76194,35.88322],[128.75835,35.87832],[128.75822,35.8782],[128.7587,35.87616],[128.75998,35.87472],[128.75493,35.87274],[128.75109,35.8713],[128.74899,35.87059],[128.74674,35.87038],[128.7441,35.8708],[128.74187,35.87178],[128.73894,35.87342],[128.73749,35.87407],[128.73604,35.87444],[128.73427,35.87484]]]]}},{"type":"Feature","properties":{"adm_cd":"22070770","adm_nm":"대구광역시 달서구 월성1동"},"geometry":{"type":"MultiPolygon","coordinates":[[[[128.5231,35.81607],[128.52174,35.81924],[128.51503,35.82385],[128.51803,35.82677],[128.51859,35.82731],[128.51952,35.82822],[128.52093,35.82959],[128.52105,35.82971],[128.52257,35.83119],[128.52376,35.83235],[128.52417,35.83199],[128.52426,35.83191],[128.52533,35.83085],[128.52617,35.83002],[128.52752,35.8286],[128.52947,35.82657],[128.52984,35.82618],[128.53012,35.82627],[128.53043,35.82645],[128.53092,35.82677],[128.53122,35.82702],[128.53143,35.82718],[128.53171,35.82746],[128.53185,35.8276],[128.532,35.82775],[128.53274,35.82849],[128.5332,35.82894],[128.53484,35.83053],[128.53578,35.83142],[128.53586,35.8315],[128.53665,35.83201],[128.53935,35.82926],[128.54068,35.82674],[128.54096,35.82614],[128.54099,35.82585],[128.54097,35.82563],[128.54089,35.82551],[128.5407,35.82538],[128.54002,35.82526],[128.53637,35.82445],[128.52869,35.82165],[128.53011,35.82002],[128.53005,35.81995],[128.52844,35.81874],[128.52724,35.81803],[128.5231,35.81607]]]]}},{"type":"Feature","properties":{"adm_cd":"22070780","adm_nm":"대구광역시 달서구 진천동"},"geometry":{"type":"MultiPolygon","coordinates":[[[[128.51348,35.80994],[128.51661,35.81113],[128.5188,35.81291],[128.52049,35.81336],[128.52056,35.81505],[128.52078,35.81634],[128.5208,35.81643],[128.52081,35.81646],[128.521,35.81675],[128.52165,35.81636],[128.52219,35.81603],[128.5231,35.81607],[128.52724,35.81803],[128.52844,35.81874],[128.53005,35.81995],[128.53011,35.82002],[128.53265,35.81722],[128.53198,35.81692],[128.5318,35.81684],[128.53163,35.81677],[128.53151,35.81671],[128.53128,35.81661],[128.53108,35.81652],[128.53089,35.81625],[128.53057,35.81493],[128.53233,35.81404],[128.53373,35.81291],[128.53342,35.81263],[128.5333,35.81198],[128.53316,35.80976],[128.53063,35.80966],[128.52946,35.80961],[128.52911,35.80958],[128.52904,35.80957],[128.52874,35.80955],[128.52848,35.8095],[128.5282,35.80942],[128.52807,35.80937],[128.5278,35.80926],[128.5274,35.80909],[128.52705,35.80892],[128.52842,35.80608],[128.52845,35.80607],[128.5287,35.80599],[128.52886,35.80594],[128.52939,35.80582],[128.53007,35.80549],[128.53078,35.80566],[128.53144,35.8055],[128.53215,35.80454],[128.5319,35.8044],[128.53175,35.80416],[128.53179,35.80392],[128.53198,35.80371],[128.53242,35.80372],[128.53283,35.80347],[128.53341,35.80265],[128.53451,35.80239],[128.53463,35.80185],[128.53497,35.80156],[128.53548,35.80176],[128.53579,35.80116],[128.53618,35.80111],[128.53712,35.80093],[128.53718,35.80091],[128.53725,35.80087],[128.54057,35.799],[128.54088,35.79882],[128.54172,35.79798],[128.54142,35.79534],[128.54092,35.7935],[128.54063,35.79291],[128.54085,35.79226],[128.54139,35.79064],[128.54166,35.78998],[128.54171,35.78907],[128.54156,35.78787],[128.54014,35.78767],[128.5379,35.78656],[128.53767,35.78647],[128.53754,35.78646],[128.53299,35.7865],[128.53278,35.78652],[128.5286,35.78786],[128.52845,35.78791],[128.52835,35.78795],[128.52816,35.78808],[128.52762,35.7891],[128.52754,35.78927],[128.5275,35.78939],[128.52746,35.79003],[128.52719,35.79151],[128.52705,35.79209],[128.52693,35.79221],[128.52656,35.79229],[128.52562,35.79242],[128.52542,35.79243],[128.52523,35.7924],[128.5186,35.79699],[128.51747,35.79787],[128.51713,35.79821],[128.51635,35.79902],[128.51626,35.79915],[128.51392,35.80382],[128.5139,35.80396],[128.5139,35.80401],[128.51155,35.80521],[128.50827,35.80581],[128.50808,35.80588],[128.50795,35.80599],[128.50785,35.80613],[128.50786,35.80619],[128.50791,35.80643],[128.50852,35.80782],[128.5095,35.80823],[128.51078,35.80877],[128.51167,35.80914],[128.51312,35.80976],[128.51349,35.80991],[128.51348,35.80994]]]]}},{"type":"Feature","properties":{"adm_cd":"22070790","adm_nm":"대구광역시 달서구 유천동"},"geometry":{"type":"MultiPolygon","coordinates":[[[[128.52056,35.81505],[128.52049,35.81336],[128.5188,35.81291],[128.51661,35.81113],[128.51348,35.80994],[128.51332,35.81026],[128.51323,35.81045],[128.51292,35.81097],[128.51268,35.81114],[128.51178,35.81142],[128.51068,35.81175],[128.50949,35.81203],[128.50893,35.8122],[128.50844,35.81246],[128.50832,35.81252],[128.5065,35.81358],[128.50573,35.81404],[128.50521,35.81437],[128.50535,35.81454],[128.51199,35.8209],[128.51219,35.82109],[128.51346,35.82232],[128.51503,35.82385],[128.52174,35.81924],[128.5231,35.81607],[128.52219,35.81603],[128.52165,35.81636],[128.521,35.81675],[128.52081,35.81646],[128.5208,35.81643],[128.52078,35.81634],[128.52056,35.81505]]]]}}]}