{"type":"FeatureCollection","features":[{"type":"Feature","properties":{"adm_cd":"26010510","adm_nm":"울산광역시 중구 학성동"},"geometry":{"type":"MultiPolygon","coordinates":[[[[129.3315,35.56101],[129.33184,35.56051],[129.33241,35.56113],[129.33515,35.55917],[129.33586,35.55919],[129.33777,35.55862],[129.33822,35.55667],[129.33976,35.55645],[129.34111,35.55603],[129.34101,35.5553],[129.34098,35.55507],[129.34078,35.55351],[129.34054,35.55168],[129.34054,35.55165],[129.34048,35.55114],[129.34045,35.5509],[129.34028,35.54925],[129.33099,35.54996],[129.33129,35.55175],[129.33131,35.55188],[129.33158,35.554],[129.33166,35.55463],[129.33174,35.55534],[129.33028,35.55531],[129.3284,35.55615],[129.32822,35.55641],[129.32824,35.5586],[129.33084,35.55801],[129.33091,35.55806],[129.33117,35.55856],[129.33121,35.55865],[129.33122,35.55874],[129.33119,35.55967],[129.33118,35.56074],[129.33119,35.56098],[129.33125,35.56106],[129.3315,35.56101]]]]}},{"type":"Feature","properties":{"adm_cd":"26010520","adm_nm":"울산광역시 중구 반구1동"},"geometry":{"type":"MultiPolygon","coordinates":[[[[129.35405,35.54802],[129.35303,35.54844],[129.35162,35.54881],[129.34824,35.54964],[129.34719,35.54961],[129.34627,35.54959],[129.34491,35.54951],[129.3447,35.54949],[129.34155,35.54916],[129.34028,35.54925],[129.34045,35.5509],[129.34048,35.55114],[129.34054,35.55165],[129.34054,35.55168],[129.34078,35.55351],[129.34098,35.55507],[129.34101,35.5553],[129.34111,35.55603],[129.33976,35.55645],[129.33822,35.55667],[129.33988,35.55807],[129.3403,35.55938],[129.3414,35.55821],[129.34364,35.55932],[129.34592,35.56046],[129.34619,35.56059],[129.34649,35.56065],[129.34718,35.56065],[129.34836,35.56066],[129.34961,35.56067],[129.35295,35.56069],[129.35122,35.55869],[129.35057,35.55801],[129.35014,35.55755],[129.35006,35.55697],[129.34992,35.55581],[129.35083,35.5528],[129.35158,35.55127],[129.35272,35.54895],[129.35405,35.54802]]]]}},{"type":"Feature","properties":{"adm_cd":"26010530","adm_nm":"울산광역시 중구 반구2동"},"geometry":{"type":"MultiPolygon","coordinates":[[[[129.34364,35.55932],[129.3414,35.55821],[129.3403,35.55938],[129.33988,35.55807],[129.33822,35.55667],[129.33777,35.55862],[129.33586,35.55919],[129.3364,35.56044],[129.33728,35.56029],[129.33741,35.56056],[129.335,35.56341],[129.3359,35.56421],[129.33713,35.56496],[129.33728,35.56506],[129.34068,35.56702],[129.3413,35.56738],[129.34177,35.56764],[129.34276,35.56817],[129.34328,35.56819],[129.34258,35.56707],[129.34251,35.5669],[129.34248,35.56672],[129.34198,35.56306],[129.34201,35.56153],[129.34364,35.55932]]]]}},{"type":"Feature","properties":{"adm_cd":"26010590","adm_nm":"울산광역시 중구 우정동"},"geometry":{"type":"MultiPolygon","coordinates":[[[[129.31409,35.56276],[129.31364,35.56267],[129.31327,35.56256],[129.31562,35.55786],[129.31704,35.55561],[129.31684,35.55533],[129.31649,35.55486],[129.3158,35.55401],[129.31542,35.55378],[129.3144,35.55318],[129.31434,35.55317],[129.31303,35.55288],[129.31203,35.55277],[129.31195,35.55278],[129.31141,35.55286],[129.31032,35.55303],[129.31001,35.55309],[129.30896,35.55334],[129.30948,35.55585],[129.30833,35.55638],[129.30664,35.55653],[129.30641,35.5574],[129.30636,35.55773],[129.30636,35.55791],[129.30634,35.56085],[129.3064,35.5633],[129.30647,35.56389],[129.30643,35.56474],[129.30633,35.56544],[129.30611,35.56682],[129.30605,35.56707],[129.30555,35.56887],[129.30543,35.56909],[129.30407,35.57149],[129.30403,35.57285],[129.30503,35.5736],[129.30655,35.57256],[129.30688,35.57238],[129.30766,35.57227],[129.30847,35.57221],[129.30869,35.57228],[129.309,35.5724],[129.30938,35.57261],[129.3097,35.57281],[129.30988,35.5729],[129.3106,35.57275],[129.31337,35.57145],[129.31321,35.57001],[129.31296,35.56945],[129.31265,35.5683],[129.31259,35.56771],[129.31227,35.56443],[129.31263,35.56319],[129.31327,35.56294],[129.31409,35.56276]]]]}},{"type":"Feature","properties":{"adm_cd":"26010600","adm_nm":"울산광역시 중구 태화동"},"geometry":{"type":"MultiPolygon","coordinates":[[[[129.2876,35.57807],[129.28875,35.57792],[129.29355,35.57684],[129.29416,35.57661],[129.29711,35.57533],[129.29751,35.57511],[129.29776,35.57494],[129.29798,35.57477],[129.29855,35.57432],[129.29871,35.57419],[129.30192,35.57284],[129.30403,35.57285],[129.30407,35.57149],[129.30543,35.56909],[129.30555,35.56887],[129.30605,35.56707],[129.30611,35.56682],[129.30633,35.56544],[129.30643,35.56474],[129.30647,35.56389],[129.3064,35.5633],[129.30634,35.56085],[129.30636,35.55791],[129.30636,35.55773],[129.30641,35.5574],[129.30664,35.55653],[129.30833,35.55638],[129.30948,35.55585],[129.30896,35.55334],[129.30874,35.55228],[129.30782,35.55259],[129.30743,35.55267],[129.30669,35.55283],[129.30559,35.55279],[129.30472,35.55247],[129.30456,35.55233],[129.30454,35.55231],[129.30368,35.55073],[129.30321,35.54987],[129.30334,35.54859],[129.30341,35.54787],[129.30339,35.54724],[129.30339,35.54699],[129.30289,35.54641],[129.3025,35.54598],[129.30194,35.5458],[129.30152,35.54567],[129.29905,35.54492],[129.29847,35.54479],[129.29806,35.54469],[129.29779,35.5447],[129.2964,35.54497],[129.29458,35.54532],[129.29262,35.5457],[129.29176,35.54651],[129.28952,35.5486],[129.29081,35.54951],[129.29407,35.55384],[129.2941,35.55391],[129.29419,35.55408],[129.2942,35.55427],[129.29416,35.55449],[129.29414,35.55456],[129.29405,35.55484],[129.29284,35.55749],[129.29104,35.55703],[129.28997,35.55681],[129.28868,35.56019],[129.28839,35.56133],[129.28869,35.56255],[129.2871,35.56321],[129.28608,35.56345],[129.28553,35.56345],[129.28506,35.56344],[129.28428,35.56327],[129.28345,35.56285],[129.28181,35.56271],[129.28123,35.56291],[129.27817,35.56636],[129.27806,35.56665],[129.27712,35.56994],[129.27713,35.57059],[129.27753,35.57314],[129.27771,35.57349],[129.27981,35.57507],[129.28432,35.57843],[129.28611,35.57779],[129.2876,35.57807]]]]}},{"type":"Feature","properties":{"adm_cd":"26010610","adm_nm":"울산광역시 중구 다운동"},"geometry":{"type":"MultiPolygon","coordinates":[[[[129.2839,35.58399],[129.28506,35.58053],[129.28534,35.57904],[129.28539,35.57897],[129.28546,35.57887],[129.28552,35.5788],[129.28562,35.57876],[129.2876,35.57807],[129.28611,35.57779],[129.28432,35.57843],[129.27981,35.57507],[129.27771,35.57349],[129.27753,35.57314],[129.27713,35.57059],[129.27712,35.56994],[129.27806,35.56665],[129.27817,35.56636],[129.28123,35.56291],[129.28181,35.56271],[129.28345,35.56285],[129.28428,35.56327],[129.28506,35.56344],[129.28553,35.56345],[129.28608,35.56345],[129.2871,35.56321],[129.28869,35.56255],[129.28839,35.56133],[129.28868,35.56019],[129.28997,35.55681],[129.29104,35.55703],[129.29284,35.55749],[129.29405,35.55484],[129.29414,35.55456],[129.29416,35.55449],[129.2942,35.55427],[129.29419,35.55408],[129.2941,35.55391],[129.29407,35.55384],[129.29081,35.54951],[129.28952,35.5486],[129.28718,35.5502],[129.28141,35.55238],[129.28054,35.55264],[129.27908,35.55308],[129.27883,35.55311],[129.27552,35.55347],[129.27429,35.55339],[129.27256,35.55327],[129.27183,35.55322],[129.27103,35.55337],[129.27083,35.5534],[129.27069,35.55345],[129.27036,35.55356],[129.26973,35.55382],[129.26917,35.55408],[129.26906,35.55413],[129.26775,35.55489],[129.26757,35.55503],[129.26732,35.55525],[129.267,35.55553],[129.26694,35.55558],[129.26665,35.55587],[129.26512,35.55728],[129.26519,35.5574],[129.26229,35.56109],[129.26107,35.56246],[129.26081,35.56549],[129.26094,35.56622],[129.26148,35.56742],[129.26189,35.56897],[129.26189,35.5695],[129.2616,35.57211],[129.2613,35.57272],[129.25917,35.5759],[129.25695,35.57849],[129.25691,35.5785],[129.25691,35.57868],[129.25698,35.5791],[129.25708,35.57944],[129.25711,35.57952],[129.25781,35.58004],[129.25797,35.58013],[129.25937,35.58073],[129.2601,35.58094],[129.26188,35.58117],[129.2621,35.58117],[129.26217,35.58115],[129.26234,35.58113],[129.26331,35.58066],[129.26548,35.58091],[129.2653,35.58239],[129.2653,35.58264],[129.26537,35.58304],[129.26602,35.58439],[129.26679,35.58598],[129.26706,35.58641],[129.26733,35.58676],[129.26747,35.5869],[129.26778,35.58701],[129.27023,35.58739],[129.27056,35.58738],[129.27101,35.58731],[129.27131,35.58721],[129.27175,35.58703],[129.27252,35.58648],[129.2727,35.58638],[129.27303,35.58622],[129.27329,35.58613],[129.27356,35.58606],[129.27782,35.58519],[129.28217,35.58392],[129.2839,35.58399]]]]}},{"type":"Feature","properties":{"adm_cd":"26010620","adm_nm":"울산광역시 중구 병영1동"},"geometry":{"type":"MultiPolygon","coordinates":[[[[129.35229,35.57218],[129.35204,35.56983],[129.35192,35.56859],[129.35331,35.56463],[129.35336,35.56449],[129.35377,35.56169],[129.35299,35.56074],[129.35295,35.56069],[129.34961,35.56067],[129.34836,35.56066],[129.34718,35.56065],[129.34649,35.56065],[129.34619,35.56059],[129.34592,35.56046],[129.34364,35.55932],[129.34201,35.56153],[129.34198,35.56306],[129.34248,35.56672],[129.34251,35.5669],[129.34258,35.56707],[129.34328,35.56819],[129.34091,35.56888],[129.34083,35.56894],[129.34075,35.56901],[129.34037,35.56954],[129.34023,35.56994],[129.34022,35.56997],[129.33971,35.57154],[129.33929,35.57286],[129.33884,35.57445],[129.33909,35.57462],[129.33999,35.57525],[129.3414,35.5773],[129.34137,35.57705],[129.34233,35.57452],[129.3424,35.57436],[129.34264,35.57414],[129.34302,35.5739],[129.34359,35.57356],[129.34363,35.57353],[129.3437,35.57347],[129.3444,35.57261],[129.34462,35.57215],[129.34466,35.57195],[129.34465,35.57183],[129.34695,35.57122],[129.34973,35.57192],[129.35153,35.57221],[129.35229,35.57218]]]]}},{"type":"Feature","properties":{"adm_cd":"26010630","adm_nm":"울산광역시 중구 병영2동"},"geometry":{"type":"MultiPolygon","coordinates":[[[[129.34844,35.59528],[129.3486,35.59211],[129.34833,35.58889],[129.34813,35.58646],[129.34809,35.58592],[129.34916,35.5812],[129.34928,35.58068],[129.3493,35.58065],[129.35038,35.57918],[129.35155,35.57654],[129.35229,35.57218],[129.35153,35.57221],[129.34973,35.57192],[129.34695,35.57122],[129.34465,35.57183],[129.34466,35.57195],[129.34462,35.57215],[129.3444,35.57261],[129.3437,35.57347],[129.34363,35.57353],[129.34359,35.57356],[129.34302,35.5739],[129.34264,35.57414],[129.3424,35.57436],[129.34233,35.57452],[129.34137,35.57705],[129.3414,35.5773],[129.34058,35.57771],[129.33843,35.57956],[129.33419,35.5822],[129.33107,35.58378],[129.33085,35.58379],[129.33069,35.58384],[129.33051,35.58391],[129.33034,35.58397],[129.33005,35.58409],[129.32979,35.58424],[129.3294,35.58449],[129.32903,35.58496],[129.3266,35.58826],[129.32653,35.58841],[129.3265,35.58864],[129.3266,35.59054],[129.32651,35.59265],[129.32602,35.59418],[129.32604,35.59462],[129.32604,35.59492],[129.32598,35.59508],[129.3258,35.59526],[129.32508,35.59593],[129.32487,35.59612],[129.32396,35.59672],[129.32361,35.59693],[129.32325,35.59708],[129.3229,35.59717],[129.32268,35.59719],[129.32249,35.59714],[129.32247,35.5972],[129.32261,35.59805],[129.32378,35.59874],[129.32495,35.59836],[129.32599,35.59799],[129.33104,35.59909],[129.33192,35.59808],[129.33093,35.59601],[129.33132,35.59532],[129.33275,35.59436],[129.3345,35.59372],[129.33496,35.59355],[129.33574,35.59371],[129.33724,35.59466],[129.33822,35.59562],[129.33912,35.59595],[129.33978,35.5961],[129.34135,35.59641],[129.34709,35.59555],[129.34844,35.59528]]]]}},{"type":"Feature","properties":{"adm_cd":"26010640","adm_nm":"울산광역시 중구 약사동"},"geometry":{"type":"MultiPolygon","coordinates":[[[[129.3414,35.5773],[129.33999,35.57525],[129.33909,35.57462],[129.33884,35.57445],[129.33929,35.57286],[129.33971,35.57154],[129.34022,35.56997],[129.34023,35.56994],[129.34037,35.56954],[129.34075,35.56901],[129.34083,35.56894],[129.34091,35.56888],[129.34328,35.56819],[129.34276,35.56817],[129.34177,35.56764],[129.3413,35.56738],[129.34068,35.56702],[129.33728,35.56506],[129.33713,35.56496],[129.3359,35.56421],[129.33564,35.56451],[129.33543,35.56475],[129.33313,35.5674],[129.33336,35.56753],[129.33395,35.56784],[129.33407,35.56791],[129.33421,35.56802],[129.33428,35.56909],[129.334,35.57047],[129.3339,35.5707],[129.33375,35.57078],[129.33151,35.56917],[129.33064,35.57016],[129.32915,35.56925],[129.3289,35.56949],[129.32812,35.56945],[129.32689,35.57013],[129.32613,35.57123],[129.32582,35.57165],[129.32613,35.57187],[129.32627,35.57253],[129.32663,35.57294],[129.32793,35.57274],[129.32884,35.57325],[129.32814,35.57365],[129.32816,35.57399],[129.32766,35.57412],[129.32753,35.57454],[129.32754,35.57489],[129.3271,35.57545],[129.3275,35.57572],[129.32765,35.57626],[129.32717,35.57672],[129.32696,35.57742],[129.32618,35.57775],[129.32578,35.57806],[129.32528,35.57813],[129.32491,35.578],[129.32527,35.57863],[129.3263,35.57993],[129.32668,35.58273],[129.32526,35.58363],[129.32514,35.58369],[129.32494,35.58378],[129.32367,35.58487],[129.32277,35.58642],[129.32083,35.58927],[129.31953,35.59068],[129.3184,35.59135],[129.31798,35.59378],[129.31799,35.59383],[129.31809,35.59396],[129.31821,35.59406],[129.31893,35.59389],[129.31976,35.59386],[129.32135,35.59459],[129.32154,35.59478],[129.32197,35.59522],[129.3226,35.59677],[129.32249,35.59714],[129.32268,35.59719],[129.3229,35.59717],[129.32325,35.59708],[129.32361,35.59693],[129.32396,35.59672],[129.32487,35.59612],[129.32508,35.59593],[129.3258,35.59526],[129.32598,35.59508],[129.32604,35.59492],[129.32604,35.59462],[129.32602,35.59418],[129.32651,35.59265],[129.3266,35.59054],[129.3265,35.58864],[129.32653,35.58841],[129.3266,35.58826],[129.32903,35.58496],[129.3294,35.58449],[129.32979,35.58424],[129.33005,35.58409],[129.33034,35.58397],[129.33051,35.58391],[129.33069,35.58384],[129.33085,35.58379],[129.33107,35.58378],[129.33419,35.5822],[129.33843,35.57956],[129.34058,35.57771],[129.3414,35.5773]]]]}},{"type":"Feature","properties":{"adm_cd":"26010660","adm_nm":"울산광역시 중구 성안동"},"geometry":{"type":"MultiPolygon","coordinates":[[[[129.31821,35.59406],[129.31809,35.59396],[129.31799,35.59383],[129.31798,35.59378],[129.3184,35.59135],[129.31953,35.59068],[129.32083,35.58927],[129.32277,35.58642],[129.32367,35.58487],[129.32494,35.58378],[129.32514,35.58369],[129.32526,35.58363],[129.32668,35.58273],[129.3263,35.57993],[129.32527,35.57863],[129.32491,35.578],[129.32528,35.57813],[129.32578,35.57806],[129.32618,35.57775],[129.32696,35.57742],[129.32717,35.57672],[129.32765,35.57626],[129.3275,35.57572],[129.3271,35.57545],[129.32754,35.57489],[129.32753,35.57454],[129.32766,35.57412],[129.32816,35.57399],[129.32814,35.57365],[129.32884,35.57325],[129.32793,35.57274],[129.32663,35.57294],[129.32627,35.57253],[129.32613,35.57187],[129.32582,35.57165],[129.32509,35.57177],[129.32382,35.57145],[129.32297,35.57092],[129.32255,35.57025],[129.3226,35.56819],[129.3219,35.56803],[129.32236,35.56616],[129.32123,35.56588],[129.32202,35.56258],[129.31871,35.56166],[129.31409,35.56276],[129.31327,35.56294],[129.31263,35.56319],[129.31227,35.56443],[129.31259,35.56771],[129.31265,35.5683],[129.31296,35.56945],[129.31321,35.57001],[129.31337,35.57145],[129.3106,35.57275],[129.30988,35.5729],[129.3097,35.57281],[129.30938,35.57261],[129.309,35.5724],[129.30869,35.57228],[129.30847,35.57221],[129.30766,35.57227],[129.30688,35.57238],[129.30655,35.57256],[129.30503,35.5736],[129.30403,35.57285],[129.30192,35.57284],[129.29871,35.57419],[129.29855,35.57432],[129.29798,35.57477],[129.29776,35.57494],[129.29751,35.57511],[129.29711,35.57533],[129.29416,35.57661],[129.29355,35.57684],[129.28875,35.57792],[129.2876,35.57807],[129.28562,35.57876],[129.28552,35.5788],[129.28546,35.57887],[129.28539,35.57897],[129.28534,35.57904],[129.28506,35.58053],[129.2839,35.58399],[129.28569,35.58345],[129.2859,35.58341],[129.28613,35.58343],[129.28863,35.58414],[129.28873,35.58417],[129.28914,35.58437],[129.2892,35.58441],[129.29066,35.58552],[129.29072,35.58559],[129.29096,35.58608],[129.291,35.5862],[129.29102,35.58632],[129.2911,35.58694],[129.29114,35.58872],[129.29117,35.59039],[129.29032,35.59423],[129.29013,35.59483],[129.29338,35.59245],[129.29346,35.59243],[129.29435,35.59238],[129.29467,35.59239],[129.29827,35.59305],[129.30107,35.59366],[129.30142,35.59367],[129.30269,35.59344],[129.30289,35.59338],[129.30308,35.59328],[129.30326,35.59315],[129.30421,35.59242],[129.3043,35.59219],[129.30475,35.59146],[129.30563,35.59033],[129.30723,35.58908],[129.30734,35.58905],[129.30919,35.589],[129.3097,35.58904],[129.31019,35.58913],[129.31036,35.58917],[129.31057,35.58925],[129.31152,35.59007],[129.3117,35.5903],[129.31168,35.59046],[129.31174,35.59061],[129.31194,35.5908],[129.31228,35.59108],[129.31424,35.59259],[129.31736,35.5944],[129.31751,35.59443],[129.31762,35.59438],[129.31821,35.59406]]]]}},{"type":"Feature","properties":{"adm_cd":"26010670","adm_nm":"울산광역시 중구 중앙동"},"geometry":{"type":"MultiPolygon","coordinates":[[[[129.32202,35.56258],[129.32251,35.56097],[129.32283,35.55953],[129.32329,35.55844],[129.32359,35.55779],[129.32415,35.55804],[129.32501,35.55843],[129.32549,35.55862],[129.32653,35.55903],[129.32811,35.55941],[129.32824,35.5586],[129.32822,35.55641],[129.3284,35.55615],[129.33028,35.55531],[129.33174,35.55534],[129.33166,35.55463],[129.33158,35.554],[129.33131,35.55188],[129.33129,35.55175],[129.33099,35.54996],[129.32185,35.55109],[129.31615,35.55056],[129.30874,35.55228],[129.30896,35.55334],[129.31001,35.55309],[129.31032,35.55303],[129.31141,35.55286],[129.31195,35.55278],[129.31203,35.55277],[129.31303,35.55288],[129.31434,35.55317],[129.3144,35.55318],[129.31542,35.55378],[129.3158,35.55401],[129.31649,35.55486],[129.31684,35.55533],[129.31704,35.55561],[129.31562,35.55786],[129.31327,35.56256],[129.31364,35.56267],[129.31409,35.56276],[129.31871,35.56166],[129.32202,35.56258]]]]}},{"type":"Feature","properties":{"adm_cd":"26020510","adm_nm":"울산광역시 남구 신정1동"},"geometry":{"type":"MultiPolygon","coordinates":[[[[129.30874,35.55228],[129.30812,35.54911],[129.30835,35.54853],[129.30837,35.5485],[129.30892,35.5478],[129.30975,35.54607],[129.3103,35.54465],[129.31287,35.5381],[129.30604,35.53636],[129.30582,35.53693],[129.30555,35.53781],[129.30428,35.53842],[129.2989,35.54057],[129.29875,35.54061],[129.29784,35.54008],[129.2955,35.54063],[129.29467,35.54275],[129.29458,35.54532],[129.2964,35.54497],[129.29779,35.5447],[129.29806,35.54469],[129.29847,35.54479],[129.29905,35.54492],[129.30152,35.54567],[129.30194,35.5458],[129.3025,35.54598],[129.30289,35.54641],[129.30339,35.54699],[129.30339,35.54724],[129.30341,35.54787],[129.30334,35.54859],[129.30321,35.54987],[129.30368,35.55073],[129.30454,35.55231],[129.30456,35.55233],[129.30472,35.55247],[129.30559,35.55279],[129.30669,35.55283],[129.30743,35.55267],[129.30782,35.55259],[129.30874,35.55228]]]]}},{"type":"Feature","properties":{"adm_cd":"26020520","adm_nm":"울산광역시 남구 신정2동"},"geometry":{"type":"MultiPolygon","coordinates":[[[[129.31287,35.5381],[129.31446,35.534],[129.30899,35.5326],[129.30749,35.53221],[129.30781,35.53149],[129.30791,35.53131],[129.30804,35.53106],[129.31038,35.52676],[129.31222,35.52336],[129.31244,35.52292],[129.31255,35.52196],[129.31171,35.52073],[129.30801,35.51792],[129.30788,35.51813],[129.30777,35.51823],[129.3077,35.51826],[129.30758,35.51829],[129.30574,35.51864],[129.30536,35.51868],[129.30531,35.51867],[129.30511,35.51862],[129.30383,35.51806],[129.30358,35.51794],[129.30353,35.5178],[129.30288,35.51783],[129.30215,35.51795],[129.30074,35.51841],[129.30051,35.51925],[129.3005,35.51955],[129.30054,35.52009],[129.3006,35.5206],[129.30063,35.521],[129.30056,35.52281],[129.29987,35.52427],[129.29978,35.52445],[129.29975,35.52449],[129.29936,35.52501],[129.29927,35.52509],[129.29921,35.52514],[129.29911,35.52522],[129.29813,35.52516],[129.29709,35.52473],[129.29532,35.52403],[129.29171,35.52501],[129.29166,35.52539],[129.29166,35.52574],[129.29167,35.52587],[129.29172,35.52634],[129.29173,35.52637],[129.2922,35.5272],[129.29235,35.52732],[129.29266,35.52747],[129.29697,35.5293],[129.29892,35.5294],[129.29941,35.52943],[129.29948,35.52946],[129.29978,35.52958],[129.29975,35.52971],[129.29867,35.53122],[129.29803,35.5321],[129.29714,35.53336],[129.29713,35.53562],[129.29702,35.53959],[129.29576,35.5397],[129.29571,35.5397],[129.29541,35.53978],[129.29539,35.54006],[129.29539,35.54022],[129.2955,35.54063],[129.29784,35.54008],[129.29875,35.54061],[129.2989,35.54057],[129.30428,35.53842],[129.30555,35.53781],[129.30582,35.53693],[129.30604,35.53636],[129.31287,35.5381]]]]}},{"type":"Feature","properties":{"adm_cd":"26020530","adm_nm":"울산광역시 남구 신정3동"},"geometry":{"type":"MultiPolygon","coordinates":[[[[129.31615,35.55056],[129.32025,35.54005],[129.31347,35.53825],[129.31287,35.5381],[129.3103,35.54465],[129.30975,35.54607],[129.30892,35.5478],[129.30837,35.5485],[129.30835,35.54853],[129.30812,35.54911],[129.30874,35.55228],[129.31615,35.55056]]]]}},{"type":"Feature","properties":{"adm_cd":"26020540","adm_nm":"울산광역시 남구 신정4동"},"geometry":{"type":"MultiPolygon","coordinates":[[[[129.32382,35.53123],[129.3213,35.52785],[129.32106,35.52795],[129.3207,35.5281],[129.31998,35.52796],[129.31927,35.52731],[129.31923,35.52725],[129.31906,35.52695],[129.31901,35.52685],[129.31425,35.5232],[129.31255,35.52196],[129.31244,35.52292],[129.31222,35.52336],[129.31038,35.52676],[129.30804,35.53106],[129.30791,35.53131],[129.30781,35.53149],[129.30749,35.53221],[129.30899,35.5326],[129.31446,35.534],[129.31518,35.53216],[129.31645,35.53223],[129.32192,35.53219],[129.32205,35.53218],[129.32236,35.53215],[129.32268,35.53206],[129.32289,35.53193],[129.32382,35.53123]]]]}},{"type":"Feature","properties":{"adm_cd":"26020550","adm_nm":"울산광역시 남구 신정5동"},"geometry":{"type":"MultiPolygon","coordinates":[[[[129.3262,35.5416],[129.32025,35.54005],[129.31615,35.55056],[129.32185,35.55109],[129.32191,35.54955],[129.32194,35.54946],[129.32283,35.54885],[129.32336,35.54851],[129.32383,35.5472],[129.3262,35.5416]]]]}},{"type":"Feature","properties":{"adm_cd":"26020560","adm_nm":"울산광역시 남구 달동"},"geometry":{"type":"MultiPolygon","coordinates":[[[[129.33045,35.5317],[129.3304,35.53165],[129.33033,35.53158],[129.32897,35.53079],[129.32812,35.53038],[129.32763,35.53027],[129.32756,35.53026],[129.32727,35.53029],[129.32441,35.53099],[129.32382,35.53123],[129.32289,35.53193],[129.32268,35.53206],[129.32236,35.53215],[129.32205,35.53218],[129.32192,35.53219],[129.31645,35.53223],[129.31518,35.53216],[129.31446,35.534],[129.31287,35.5381],[129.31347,35.53825],[129.32025,35.54005],[129.3262,35.5416],[129.33017,35.53235],[129.33045,35.5317]]]]}},{"type":"Feature","properties":{"adm_cd":"26020570","adm_nm":"울산광역시 남구 삼산동"},"geometry":{"type":"MultiPolygon","coordinates":[[[[129.33099,35.54996],[129.34028,35.54925],[129.34155,35.54916],[129.3447,35.54949],[129.34491,35.54951],[129.34627,35.54959],[129.34719,35.54961],[129.34824,35.54964],[129.35162,35.54881],[129.35303,35.54844],[129.35405,35.54802],[129.35798,35.54562],[129.35904,35.54503],[129.35999,35.5446],[129.36461,35.54316],[129.3626,35.54095],[129.35679,35.53803],[129.35493,35.5373],[129.35329,35.53578],[129.35266,35.535],[129.35217,35.53434],[129.35197,35.53429],[129.34135,35.53292],[129.33496,35.53324],[129.33045,35.5317],[129.33017,35.53235],[129.3262,35.5416],[129.32383,35.5472],[129.32336,35.54851],[129.32283,35.54885],[129.32194,35.54946],[129.32191,35.54955],[129.32185,35.55109],[129.33099,35.54996]]]]}},{"type":"Feature","properties":{"adm_cd":"26020580","adm_nm":"울산광역시 남구 삼호동"},"geometry":{"type":"MultiPolygon","coordinates":[[[[129.28952,35.5486],[129.29176,35.54651],[129.29262,35.5457],[129.29458,35.54532],[129.29467,35.54275],[129.2903,35.5428],[129.28854,35.54404],[129.28735,35.54445],[129.28647,35.54434],[129.28498,35.54411],[129.28166,35.54462],[129.28053,35.54498],[129.27947,35.54559],[129.27468,35.54714],[129.27461,35.54711],[129.27456,35.5471],[129.27336,35.54639],[129.27393,35.54462],[129.27431,35.54384],[129.27455,35.54227],[129.27296,35.54106],[129.2727,35.54098],[129.27046,35.54208],[129.26818,35.54333],[129.26599,35.54371],[129.2642,35.54334],[129.26397,35.54326],[129.26403,35.54379],[129.26414,35.54465],[129.2642,35.54513],[129.26402,35.54719],[129.26389,35.54866],[129.26388,35.54877],[129.26384,35.54903],[129.26378,35.54933],[129.26369,35.54961],[129.26366,35.54967],[129.26356,35.54985],[129.26351,35.54995],[129.26333,35.55022],[129.26307,35.55047],[129.26285,35.55063],[129.26282,35.55065],[129.26273,35.55071],[129.26055,35.55211],[129.26181,35.55411],[129.26437,35.55589],[129.26512,35.55728],[129.26665,35.55587],[129.26694,35.55558],[129.267,35.55553],[129.26732,35.55525],[129.26757,35.55503],[129.26775,35.55489],[129.26906,35.55413],[129.26917,35.55408],[129.26973,35.55382],[129.27036,35.55356],[129.27069,35.55345],[129.27083,35.5534],[129.27103,35.55337],[129.27183,35.55322],[129.27256,35.55327],[129.27429,35.55339],[129.27552,35.55347],[129.27883,35.55311],[129.27908,35.55308],[129.28054,35.55264],[129.28141,35.55238],[129.28718,35.5502],[129.28952,35.5486]]]]}},{"type":"Feature","properties":{"adm_cd":"26020590","adm_nm":"울산광역시 남구 무거동"},"geometry":{"type":"MultiPolygon","coordinates":[[[[129.26055,35.55211],[129.26273,35.55071],[129.26282,35.55065],[129.26285,35.55063],[129.26307,35.55047],[129.26333,35.55022],[129.26351,35.54995],[129.26356,35.54985],[129.26366,35.54967],[129.26369,35.54961],[129.26378,35.54933],[129.26384,35.54903],[129.26388,35.54877],[129.26389,35.54866],[129.26402,35.54719],[129.2642,35.54513],[129.26414,35.54465],[129.26403,35.54379],[129.26397,35.54326],[129.26404,35.54266],[129.26432,35.54215],[129.26483,35.54163],[129.26544,35.54109],[129.2661,35.54041],[129.26643,35.5399],[129.26644,35.53987],[129.26665,35.53932],[129.26684,35.53855],[129.26685,35.53847],[129.26354,35.53851],[129.26221,35.53838],[129.26217,35.53837],[129.26182,35.53832],[129.26053,35.53727],[129.25892,35.53634],[129.25557,35.53485],[129.25511,35.53383],[129.25447,35.53313],[129.25397,35.53282],[129.24931,35.53318],[129.24837,35.53328],[129.2479,35.53338],[129.24785,35.53339],[129.24762,35.53361],[129.24458,35.53582],[129.23828,35.53629],[129.23811,35.53629],[129.23667,35.53622],[129.23742,35.53717],[129.23882,35.53946],[129.239,35.53948],[129.24016,35.53955],[129.2409,35.53959],[129.24134,35.5396],[129.24149,35.53961],[129.24159,35.53964],[129.24174,35.5397],[129.24185,35.53978],[129.24192,35.53983],[129.24197,35.53988],[129.24323,35.54145],[129.24418,35.54284],[129.24719,35.54393],[129.2494,35.54549],[129.25231,35.54955],[129.2529,35.55134],[129.25393,35.55263],[129.2544,35.55317],[129.25625,35.55475],[129.25779,35.55393],[129.25782,35.55392],[129.25988,35.55255],[129.26029,35.55229],[129.26055,35.55211]]]]}},{"type":"Feature","properties":{"adm_cd":"26020600","adm_nm":"울산광역시 남구 옥동"},"geometry":{"type":"MultiPolygon","coordinates":[[[[129.29467,35.54275],[129.2955,35.54063],[129.29539,35.54022],[129.29539,35.54006],[129.29541,35.53978],[129.29571,35.5397],[129.29576,35.5397],[129.29702,35.53959],[129.29713,35.53562],[129.29714,35.53336],[129.29803,35.5321],[129.29867,35.53122],[129.29975,35.52971],[129.29978,35.52958],[129.29948,35.52946],[129.29941,35.52943],[129.29892,35.5294],[129.29697,35.5293],[129.29266,35.52747],[129.29235,35.52732],[129.2922,35.5272],[129.29173,35.52637],[129.29172,35.52634],[129.29167,35.52587],[129.29166,35.52574],[129.29166,35.52539],[129.29171,35.52501],[129.29532,35.52403],[129.29709,35.52473],[129.29813,35.52516],[129.29911,35.52522],[129.29921,35.52514],[129.29927,35.52509],[129.29936,35.52501],[129.29975,35.52449],[129.29978,35.52445],[129.29987,35.52427],[129.30056,35.52281],[129.30063,35.521],[129.3006,35.5206],[129.30054,35.52009],[129.3005,35.51955],[129.30051,35.51925],[129.30074,35.51841],[129.30215,35.51795],[129.30288,35.51783],[129.30353,35.5178],[129.30358,35.51794],[129.30383,35.51806],[129.30511,35.51862],[129.30531,35.51867],[129.30536,35.51868],[129.30574,35.51864],[129.30758,35.51829],[129.3077,35.51826],[129.30777,35.51823],[129.30788,35.51813],[129.30801,35.51792],[129.30902,35.51751],[129.30941,35.51717],[129.30955,35.51701],[129.30963,35.51687],[129.30971,35.51665],[129.30976,35.51644],[129.3094,35.51445],[129.30876,35.51026],[129.30869,35.50954],[129.30866,35.50903],[129.30863,35.5077],[129.30875,35.50349],[129.30921,35.50112],[129.30857,35.4999],[129.30857,35.49981],[129.30869,35.4985],[129.30889,35.49767],[129.30907,35.49727],[129.30786,35.49739],[129.30443,35.49607],[129.30379,35.49454],[129.30148,35.49447],[129.29778,35.49798],[129.29421,35.50221],[129.29241,35.5045],[129.29103,35.50653],[129.29016,35.50776],[129.28941,35.50779],[129.28887,35.50781],[129.28827,35.50783],[129.28742,35.51522],[129.28676,35.51597],[129.28633,35.51613],[129.28354,35.51711],[129.28318,35.51712],[129.28283,35.51704],[129.28268,35.51699],[129.28219,35.51685],[129.28173,35.51705],[129.28132,35.51723],[129.28035,35.51883],[129.28052,35.51914],[129.28148,35.51936],[129.28192,35.51945],[129.28064,35.52065],[129.27926,35.52153],[129.27773,35.52195],[129.27686,35.52182],[129.2747,35.52364],[129.27287,35.52608],[129.27371,35.52704],[129.27405,35.52743],[129.27483,35.52836],[129.27428,35.52917],[129.27241,35.52978],[129.2672,35.53066],[129.26434,35.53079],[129.26422,35.53078],[129.26386,35.53076],[129.26256,35.53042],[129.26249,35.53019],[129.26236,35.5298],[129.25895,35.53114],[129.25585,35.53329],[129.25511,35.53383],[129.25557,35.53485],[129.25892,35.53634],[129.26053,35.53727],[129.26182,35.53832],[129.26217,35.53837],[129.26221,35.53838],[129.26354,35.53851],[129.26685,35.53847],[129.26684,35.53855],[129.26665,35.53932],[129.26644,35.53987],[129.26643,35.5399],[129.2661,35.54041],[129.26544,35.54109],[129.26483,35.54163],[129.26432,35.54215],[129.26404,35.54266],[129.26397,35.54326],[129.2642,35.54334],[129.26599,35.54371],[129.26818,35.54333],[129.27046,35.54208],[129.2727,35.54098],[129.27296,35.54106],[129.27455,35.54227],[129.27431,35.54384],[129.27393,35.54462],[129.27336,35.54639],[129.27456,35.5471],[129.27461,35.54711],[129.27468,35.54714],[129.27947,35.54559],[129.28053,35.54498],[129.28166,35.54462],[129.28498,35.54411],[129.28647,35.54434],[129.28735,35.54445],[129.28854,35.54404],[129.2903,35.5428],[129.29467,35.54275]]]]}},{"type":"Feature","properties":{"adm_cd":"26020610","adm_nm":"울산광역시 남구 야음장생포동"},"geometry":{"type":"MultiPolygon","coordinates":[[[[129.37329,35.53291],[129.37783,35.52829],[129.37449,35.52881],[129.37401,35.5268],[129.3725,35.52346],[129.37597,35.52246],[129.37552,35.51757],[129.38492,35.51586],[129.38613,35.51032],[129.38726,35.50509],[129.38743,35.50203],[129.38727,35.50141],[129.38664,35.50103],[129.38529,35.50089],[129.37978,35.50274],[129.37698,35.50196],[129.37317,35.5008],[129.36982,35.50097],[129.3657,35.50503],[129.36309,35.50552],[129.36234,35.50531],[129.35929,35.5061],[129.35455,35.50804],[129.35148,35.50931],[129.34906,35.51002],[129.34719,35.5095],[129.3463,35.50958],[129.34418,35.51055],[129.33995,35.51398],[129.33952,35.51439],[129.34009,35.51517],[129.33932,35.51577],[129.3389,35.51608],[129.33837,35.51647],[129.33829,35.51652],[129.33647,35.51741],[129.33597,35.51757],[129.33518,35.51783],[129.33446,35.51803],[129.33391,35.51832],[129.33281,35.5194],[129.33109,35.52032],[129.3309,35.52046],[129.33044,35.52092],[129.33027,35.52111],[129.33057,35.52437],[129.33066,35.52517],[129.33121,35.52471],[129.3323,35.52381],[129.33284,35.52425],[129.33258,35.52474],[129.33375,35.52549],[129.33403,35.52562],[129.33457,35.5258],[129.33487,35.52586],[129.33496,35.52597],[129.33465,35.5261],[129.33422,35.52617],[129.3335,35.52617],[129.33353,35.52651],[129.33332,35.52664],[129.33319,35.52685],[129.3332,35.52693],[129.3333,35.52728],[129.33382,35.52747],[129.33385,35.52789],[129.33499,35.52769],[129.33514,35.52794],[129.33359,35.5285],[129.33389,35.52923],[129.33409,35.52971],[129.33429,35.53017],[129.33496,35.53324],[129.34135,35.53292],[129.35197,35.53429],[129.35217,35.53434],[129.35266,35.535],[129.35329,35.53578],[129.35493,35.5373],[129.35679,35.53803],[129.3626,35.54095],[129.36507,35.54016],[129.36671,35.53849],[129.37011,35.5364],[129.37329,35.53291]]]]}},{"type":"Feature","properties":{"adm_cd":"26020620","adm_nm":"울산광역시 남구 대현동"},"geometry":{"type":"MultiPolygon","coordinates":[[[[129.33281,35.5194],[129.33281,35.51936],[129.33279,35.51927],[129.33237,35.51929],[129.32928,35.51975],[129.32907,35.52006],[129.3288,35.52046],[129.32867,35.52077],[129.32834,35.52129],[129.32827,35.52138],[129.32817,35.52147],[129.3279,35.52159],[129.32771,35.52164],[129.32751,35.52168],[129.3273,35.52171],[129.32702,35.52172],[129.32426,35.52161],[129.32348,35.52269],[129.32063,35.52435],[129.31983,35.52462],[129.31985,35.52469],[129.32022,35.52564],[129.3213,35.52785],[129.32382,35.53123],[129.32441,35.53099],[129.32727,35.53029],[129.32756,35.53026],[129.32763,35.53027],[129.32812,35.53038],[129.32897,35.53079],[129.33033,35.53158],[129.3304,35.53165],[129.33045,35.5317],[129.33496,35.53324],[129.33429,35.53017],[129.33409,35.52971],[129.33389,35.52923],[129.33359,35.5285],[129.33514,35.52794],[129.33499,35.52769],[129.33385,35.52789],[129.33382,35.52747],[129.3333,35.52728],[129.3332,35.52693],[129.33319,35.52685],[129.33332,35.52664],[129.33353,35.52651],[129.3335,35.52617],[129.33422,35.52617],[129.33465,35.5261],[129.33496,35.52597],[129.33487,35.52586],[129.33457,35.5258],[129.33403,35.52562],[129.33375,35.52549],[129.33258,35.52474],[129.33284,35.52425],[129.3323,35.52381],[129.33121,35.52471],[129.33066,35.52517],[129.33057,35.52437],[129.33027,35.52111],[129.33044,35.52092],[129.3309,35.52046],[129.33109,35.52032],[129.33281,35.5194]]]]}},{"type":"Feature","properties":{"adm_cd":"26020630","adm_nm":"울산광역시 남구 수암동"},"geometry":{"type":"MultiPolygon","coordinates":[[[[129.3213,35.52785],[129.32022,35.52564],[129.31985,35.52469],[129.31983,35.52462],[129.32063,35.52435],[129.32348,35.52269],[129.32426,35.52161],[129.32474,35.52093],[129.32428,35.52005],[129.32257,35.51917],[129.31889,35.51932],[129.31812,35.51935],[129.31802,35.51935],[129.31702,35.51968],[129.31505,35.52031],[129.31474,35.52041],[129.31471,35.52043],[129.31467,35.52055],[129.31449,35.52096],[129.31357,35.52091],[129.31236,35.5208],[129.31171,35.52073],[129.31255,35.52196],[129.31425,35.5232],[129.31901,35.52685],[129.31906,35.52695],[129.31923,35.52725],[129.31927,35.52731],[129.31998,35.52796],[129.3207,35.5281],[129.32106,35.52795],[129.3213,35.52785]]]]}},{"type":"Feature","properties":{"adm_cd":"26020640","adm_nm":"울산광역시 남구 선암동"},"geometry":{"type":"MultiPolygon","coordinates":[[[[129.33281,35.5194],[129.33391,35.51832],[129.33446,35.51803],[129.33518,35.51783],[129.33597,35.51757],[129.33647,35.51741],[129.33829,35.51652],[129.33837,35.51647],[129.3389,35.51608],[129.33932,35.51577],[129.34009,35.51517],[129.33952,35.51439],[129.33995,35.51398],[129.34418,35.51055],[129.3463,35.50958],[129.34719,35.5095],[129.34906,35.51002],[129.35148,35.50931],[129.35455,35.50804],[129.35929,35.5061],[129.36234,35.50531],[129.36277,35.5045],[129.36518,35.50101],[129.36759,35.49801],[129.3721,35.49865],[129.37406,35.49898],[129.37648,35.49995],[129.37932,35.49998],[129.38257,35.49648],[129.38226,35.49624],[129.38729,35.48978],[129.38933,35.48774],[129.3845,35.48372],[129.38423,35.4802],[129.38406,35.47765],[129.38423,35.47607],[129.38447,35.4753],[129.38413,35.47408],[129.38066,35.47118],[129.37908,35.47189],[129.37838,35.4722],[129.37466,35.46926],[129.37021,35.4656],[129.36276,35.46045],[129.36479,35.45962],[129.36773,35.45852],[129.36492,35.45666],[129.36131,35.45915],[129.36017,35.45906],[129.35864,35.45853],[129.35681,35.45885],[129.3544,35.45974],[129.35304,35.46334],[129.35278,35.46478],[129.35267,35.46541],[129.34998,35.46837],[129.34935,35.46901],[129.34612,35.4703],[129.33934,35.47527],[129.33965,35.47697],[129.3396,35.47844],[129.33905,35.48013],[129.33747,35.4816],[129.33655,35.48235],[129.3357,35.48241],[129.33515,35.48244],[129.33348,35.48258],[129.33328,35.48265],[129.3331,35.48276],[129.33297,35.48288],[129.33287,35.48302],[129.33258,35.48346],[129.33245,35.48367],[129.3323,35.48389],[129.33214,35.48407],[129.33198,35.48425],[129.33183,35.48438],[129.33169,35.48447],[129.33144,35.48461],[129.33126,35.48468],[129.33121,35.48469],[129.33082,35.48477],[129.33015,35.48481],[129.32664,35.48482],[129.31938,35.48483],[129.31943,35.49099],[129.31943,35.49111],[129.31934,35.49111],[129.31403,35.49114],[129.31399,35.49238],[129.31217,35.49538],[129.312,35.49557],[129.31177,35.49581],[129.31149,35.496],[129.31015,35.49679],[129.30974,35.497],[129.30907,35.49727],[129.30889,35.49767],[129.30869,35.4985],[129.30857,35.49981],[129.30857,35.4999],[129.30921,35.50112],[129.30875,35.50349],[129.30863,35.5077],[129.30866,35.50903],[129.30869,35.50954],[129.30876,35.51026],[129.3094,35.51445],[129.30976,35.51644],[129.30971,35.51665],[129.30963,35.51687],[129.30955,35.51701],[129.30941,35.51717],[129.30902,35.51751],[129.30801,35.51792],[129.31171,35.52073],[129.31236,35.5208],[129.31357,35.52091],[129.31449,35.52096],[129.31467,35.52055],[129.31471,35.52043],[129.31474,35.52041],[129.31505,35.52031],[129.31702,35.51968],[129.31802,35.51935],[129.31812,35.51935],[129.31889,35.51932],[129.32257,35.51917],[129.32428,35.52005],[129.32474,35.52093],[129.32426,35.52161],[129.32702,35.52172],[129.3273,35.52171],[129.32751,35.52168],[129.32771,35.52164],[129.3279,35.52159],[129.32817,35.52147],[129.32827,35.52138],[129.32834,35.52129],[129.32867,35.52077],[129.3288,35.52046],[129.32907,35.52006],[129.32928,35.51975],[129.33237,35.51929],[129.33279,35.51927],[129.33281,35.51936],[129.33281,35.5194]]]]}},{"type":"Feature","properties":{"adm_cd":"26030510","adm_nm":"울산광역시 동구 방어동"},"geometry":{"type":"MultiPolygon","coordinates":[[[[129.41081,35.49482],[129.41227,35.49404],[129.414,35.49268],[129.41397,35.49173],[129.41546,35.49003],[129.41621,35.48949],[129.41665,35.48922],[129.41678,35.48959],[129.41705,35.49045],[129.41735,35.49155],[129.4216,35.49072],[129.42238,35.4904],[129.42443,35.49039],[129.42716,35.49135],[129.42723,35.49158],[129.42744,35.49235],[129.42889,35.49154],[129.43285,35.48946],[129.4327,35.48897],[129.43241,35.4885],[129.43247,35.48839],[129.43509,35.48662],[129.43807,35.48465],[129.43785,35.48462],[129.43698,35.48443],[129.43215,35.48043],[129.43123,35.4781],[129.42747,35.47805],[129.42748,35.47816],[129.42748,35.4783],[129.42768,35.47844],[129.42799,35.47842],[129.42825,35.47827],[129.43024,35.47829],[129.43109,35.47854],[129.43184,35.48051],[129.43168,35.48088],[129.43045,35.48354],[129.42982,35.48425],[129.42887,35.48471],[129.42808,35.48477],[129.42527,35.48492],[129.42484,35.48473],[129.42448,35.48445],[129.42413,35.48419],[129.42478,35.48149],[129.42774,35.48121],[129.42909,35.47997],[129.42868,35.47955],[129.42466,35.48104],[129.42038,35.48166],[129.41974,35.48173],[129.41955,35.48175],[129.41803,35.48112],[129.41641,35.48034],[129.41487,35.47838],[129.4163,35.47673],[129.4164,35.47589],[129.41165,35.47159],[129.4105,35.47117],[129.41046,35.47116],[129.40929,35.47107],[129.40613,35.47164],[129.40559,35.47205],[129.4068,35.47321],[129.40466,35.4763],[129.40462,35.47636],[129.40403,35.47738],[129.40396,35.48667],[129.40411,35.48692],[129.40802,35.49324],[129.40304,35.49971],[129.39569,35.50116],[129.39786,35.50786],[129.39673,35.51493],[129.38744,35.52726],[129.38922,35.5265],[129.39042,35.52539],[129.39185,35.523],[129.3931,35.52221],[129.39443,35.52176],[129.3962,35.52179],[129.39763,35.52136],[129.39771,35.52077],[129.39892,35.52026],[129.40175,35.52026],[129.40321,35.52011],[129.40449,35.51943],[129.40555,35.51859],[129.40557,35.51749],[129.40668,35.51661],[129.40505,35.51695],[129.40514,35.51569],[129.40457,35.51518],[129.406,35.51381],[129.40641,35.5119],[129.40606,35.51106],[129.4068,35.50955],[129.40705,35.50864],[129.40629,35.50795],[129.40503,35.50762],[129.40445,35.50501],[129.40612,35.50235],[129.40682,35.50161],[129.40712,35.50126],[129.4071,35.50116],[129.40707,35.5011],[129.4073,35.50022],[129.40749,35.49959],[129.40755,35.49947],[129.40761,35.49935],[129.40778,35.49916],[129.4079,35.49907],[129.40835,35.49882],[129.40853,35.49875],[129.40931,35.49833],[129.40973,35.49698],[129.41041,35.49524],[129.41048,35.49516],[129.41054,35.49509],[129.41081,35.49482]]]]}},{"type":"Feature","properties":{"adm_cd":"26030520","adm_nm":"울산광역시 동구 일산동"},"geometry":{"type":"MultiPolygon","coordinates":[[[[129.43243,35.50756],[129.43208,35.50538],[129.43372,35.50426],[129.43726,35.50673],[129.44154,35.50773],[129.44176,35.5077],[129.44349,35.50574],[129.44359,35.50474],[129.44345,35.50213],[129.4431,35.50159],[129.44264,35.50121],[129.43988,35.5001],[129.43909,35.4999],[129.43478,35.49932],[129.43464,35.49969],[129.43432,35.50009],[129.43395,35.50015],[129.43375,35.50018],[129.43305,35.49995],[129.43237,35.49932],[129.43167,35.49822],[129.43122,35.49722],[129.43112,35.49604],[129.43143,35.49442],[129.43198,35.49357],[129.43295,35.49257],[129.43366,35.49223],[129.4343,35.49219],[129.43902,35.4937],[129.43943,35.49424],[129.43951,35.49473],[129.43967,35.49525],[129.44081,35.49579],[129.44157,35.49585],[129.44243,35.49551],[129.44463,35.49418],[129.44653,35.49105],[129.44621,35.49069],[129.44584,35.49042],[129.44539,35.49043],[129.4444,35.49085],[129.44411,35.49112],[129.44397,35.49147],[129.44367,35.49168],[129.44332,35.49178],[129.44262,35.4917],[129.44155,35.49147],[129.44106,35.49124],[129.44072,35.491],[129.44007,35.49034],[129.43997,35.49005],[129.43956,35.48644],[129.43973,35.48629],[129.43973,35.48609],[129.43951,35.4858],[129.43932,35.48558],[129.43914,35.48541],[129.43852,35.48493],[129.43824,35.48474],[129.43807,35.48465],[129.43509,35.48662],[129.43247,35.48839],[129.43241,35.4885],[129.4327,35.48897],[129.43285,35.48946],[129.42889,35.49154],[129.42744,35.49235],[129.42755,35.49272],[129.42757,35.49276],[129.42775,35.49345],[129.42861,35.49671],[129.42769,35.49689],[129.42766,35.49689],[129.42696,35.49696],[129.42501,35.49777],[129.42518,35.49849],[129.42546,35.49971],[129.42486,35.50319],[129.42387,35.5052],[129.42381,35.50521],[129.42114,35.50587],[129.42108,35.50592],[129.42117,35.5067],[129.4249,35.5063],[129.42533,35.50625],[129.42528,35.50593],[129.42523,35.50562],[129.42589,35.50555],[129.42966,35.50518],[129.43075,35.50745],[129.43243,35.50756]]]]}},{"type":"Feature","properties":{"adm_cd":"26030530","adm_nm":"울산광역시 동구 화정동"},"geometry":{"type":"MultiPolygon","coordinates":[[[[129.42501,35.49777],[129.42696,35.49696],[129.42766,35.49689],[129.42769,35.49689],[129.42861,35.49671],[129.42775,35.49345],[129.42757,35.49276],[129.42755,35.49272],[129.42744,35.49235],[129.42723,35.49158],[129.42716,35.49135],[129.42443,35.49039],[129.42238,35.4904],[129.4216,35.49072],[129.41735,35.49155],[129.41705,35.49045],[129.41678,35.48959],[129.41665,35.48922],[129.41621,35.48949],[129.41546,35.49003],[129.41397,35.49173],[129.414,35.49268],[129.41227,35.49404],[129.41081,35.49482],[129.4114,35.49475],[129.41235,35.49491],[129.41759,35.49782],[129.41769,35.498],[129.41777,35.49813],[129.41991,35.49862],[129.4206,35.49875],[129.42067,35.49876],[129.42076,35.49876],[129.4222,35.49857],[129.42349,35.49837],[129.42359,35.49835],[129.42396,35.49824],[129.42501,35.49777]]]]}},{"type":"Feature","properties":{"adm_cd":"26030540","adm_nm":"울산광역시 동구 대송동"},"geometry":{"type":"MultiPolygon","coordinates":[[[[129.40783,35.51632],[129.40836,35.516],[129.40996,35.51532],[129.41041,35.51532],[129.41096,35.5157],[129.41312,35.51547],[129.41349,35.51492],[129.41466,35.51478],[129.4149,35.51482],[129.4152,35.51477],[129.4185,35.51341],[129.41948,35.51234],[129.41916,35.51075],[129.42079,35.50906],[129.41938,35.5074],[129.41924,35.50695],[129.41926,35.50687],[129.41991,35.50681],[129.42026,35.50678],[129.42097,35.50671],[129.42117,35.5067],[129.42108,35.50592],[129.42114,35.50587],[129.42381,35.50521],[129.42387,35.5052],[129.42486,35.50319],[129.42546,35.49971],[129.42518,35.49849],[129.42501,35.49777],[129.42396,35.49824],[129.42359,35.49835],[129.42349,35.49837],[129.4222,35.49857],[129.42076,35.49876],[129.42067,35.49876],[129.4206,35.49875],[129.41991,35.49862],[129.41777,35.49813],[129.41769,35.498],[129.41759,35.49782],[129.41235,35.49491],[129.4114,35.49475],[129.41081,35.49482],[129.41054,35.49509],[129.41048,35.49516],[129.41041,35.49524],[129.40973,35.49698],[129.40931,35.49833],[129.40853,35.49875],[129.40835,35.49882],[129.4079,35.49907],[129.40778,35.49916],[129.40761,35.49935],[129.40755,35.49947],[129.40749,35.49959],[129.4073,35.50022],[129.40707,35.5011],[129.4071,35.50116],[129.40712,35.50126],[129.40682,35.50161],[129.40612,35.50235],[129.40445,35.50501],[129.40503,35.50762],[129.40629,35.50795],[129.40705,35.50864],[129.4068,35.50955],[129.40606,35.51106],[129.40641,35.5119],[129.406,35.51381],[129.40457,35.51518],[129.40514,35.51569],[129.40505,35.51695],[129.40668,35.51661],[129.40783,35.51632]]]]}},{"type":"Feature","properties":{"adm_cd":"26030550","adm_nm":"울산광역시 동구 전하1동"},"geometry":{"type":"MultiPolygon","coordinates":[[[[129.43143,35.51972],[129.43975,35.5199],[129.44637,35.52006],[129.4463,35.51743],[129.44722,35.51765],[129.44692,35.51598],[129.44549,35.51099],[129.44181,35.50914],[129.44176,35.51104],[129.43466,35.51118],[129.4335,35.51127],[129.43251,35.51119],[129.43235,35.5116],[129.43278,35.51255],[129.43105,35.51303],[129.43077,35.5122],[129.42746,35.51258],[129.42213,35.51284],[129.42203,35.51349],[129.42042,35.51348],[129.4185,35.51341],[129.4152,35.51477],[129.4149,35.51482],[129.41466,35.51478],[129.41349,35.51492],[129.41312,35.51547],[129.41096,35.5157],[129.41041,35.51532],[129.40996,35.51532],[129.40836,35.516],[129.40901,35.51657],[129.40924,35.51724],[129.40971,35.51939],[129.40937,35.52135],[129.41085,35.52098],[129.41135,35.51995],[129.41203,35.51939],[129.41496,35.5195],[129.41509,35.51911],[129.41595,35.51903],[129.4166,35.51936],[129.42029,35.5191],[129.42255,35.51938],[129.42365,35.51944],[129.42651,35.51869],[129.42801,35.5207],[129.43143,35.51972]]]]}},{"type":"Feature","properties":{"adm_cd":"26030580","adm_nm":"울산광역시 동구 남목1동"},"geometry":{"type":"MultiPolygon","coordinates":[[[[129.43493,35.53264],[129.4343,35.53247],[129.43293,35.53218],[129.42843,35.5378],[129.42792,35.53841],[129.4272,35.53893],[129.42709,35.53901],[129.42704,35.53903],[129.42515,35.53843],[129.42408,35.53779],[129.42303,35.53661],[129.42287,35.5364],[129.41925,35.53571],[129.41868,35.53544],[129.41565,35.53353],[129.41322,35.53171],[129.41015,35.52913],[129.40663,35.52696],[129.4062,35.52653],[129.40531,35.52737],[129.40493,35.52773],[129.40264,35.53059],[129.40258,35.53072],[129.40259,35.53147],[129.40353,35.53269],[129.40425,35.53339],[129.40498,35.534],[129.4059,35.53502],[129.40665,35.53733],[129.4067,35.53751],[129.40664,35.53789],[129.40658,35.53819],[129.40653,35.53837],[129.40644,35.53861],[129.40632,35.53886],[129.40606,35.53913],[129.40575,35.53948],[129.40564,35.53973],[129.40551,35.54077],[129.40563,35.54165],[129.40566,35.54173],[129.40567,35.54177],[129.40597,35.542],[129.40636,35.54226],[129.4076,35.54314],[129.40844,35.54532],[129.41034,35.54547],[129.41343,35.54673],[129.41452,35.54783],[129.41655,35.54752],[129.42059,35.54548],[129.42384,35.54498],[129.42442,35.54705],[129.4258,35.54725],[129.42713,35.54628],[129.42662,35.54582],[129.42524,35.54647],[129.42585,35.54465],[129.42642,35.5437],[129.42611,35.5427],[129.42579,35.54209],[129.42618,35.54142],[129.42708,35.54226],[129.42907,35.54221],[129.42942,35.54219],[129.42941,35.54165],[129.4294,35.54109],[129.42936,35.53916],[129.43493,35.53264]]]]}},{"type":"Feature","properties":{"adm_cd":"26030590","adm_nm":"울산광역시 동구 남목2동"},"geometry":{"type":"MultiPolygon","coordinates":[[[[129.4343,35.53247],[129.43507,35.52754],[129.43706,35.52753],[129.43842,35.52853],[129.44726,35.52933],[129.44964,35.52778],[129.44793,35.52544],[129.44887,35.5244],[129.45036,35.52469],[129.44722,35.51765],[129.4463,35.51743],[129.44637,35.52006],[129.43975,35.5199],[129.43143,35.51972],[129.42801,35.5207],[129.42651,35.51869],[129.42365,35.51944],[129.42255,35.51938],[129.42029,35.5191],[129.4166,35.51936],[129.41595,35.51903],[129.41509,35.51911],[129.41496,35.5195],[129.41203,35.51939],[129.41135,35.51995],[129.41085,35.52098],[129.40937,35.52135],[129.41041,35.52423],[129.40912,35.52519],[129.4062,35.52653],[129.40663,35.52696],[129.41015,35.52913],[129.41322,35.53171],[129.41565,35.53353],[129.41868,35.53544],[129.41925,35.53571],[129.42287,35.5364],[129.42303,35.53661],[129.42408,35.53779],[129.42515,35.53843],[129.42704,35.53903],[129.42709,35.53901],[129.4272,35.53893],[129.42792,35.53841],[129.42843,35.5378],[129.43293,35.53218],[129.4343,35.53247]]]]}},{"type":"Feature","properties":{"adm_cd":"26030600","adm_nm":"울산광역시 동구 남목3동"},"geometry":{"type":"MultiPolygon","coordinates":[[[[129.4531,35.5467],[129.45351,35.54211],[129.45101,35.53753],[129.45172,35.53341],[129.45104,35.52915],[129.44964,35.52778],[129.44726,35.52933],[129.43842,35.52853],[129.43706,35.52753],[129.43507,35.52754],[129.4343,35.53247],[129.43493,35.53264],[129.42936,35.53916],[129.4294,35.54109],[129.42941,35.54165],[129.42942,35.54219],[129.42907,35.54221],[129.42708,35.54226],[129.42618,35.54142],[129.42579,35.54209],[129.42611,35.5427],[129.42642,35.5437],[129.42585,35.54465],[129.42524,35.54647],[129.42662,35.54582],[129.42713,35.54628],[129.4258,35.54725],[129.42442,35.54705],[129.42384,35.54498],[129.42059,35.54548],[129.41655,35.54752],[129.41452,35.54783],[129.41343,35.54673],[129.41034,35.54547],[129.40844,35.54532],[129.40753,35.54651],[129.40701,35.54862],[129.4072,35.55013],[129.40721,35.55017],[129.40755,35.55108],[129.40758,35.55113],[129.40762,35.55119],[129.40768,35.55127],[129.40774,35.55136],[129.4078,35.55143],[129.40787,35.55151],[129.40796,35.5516],[129.40801,35.55164],[129.40808,35.55168],[129.40817,35.55173],[129.40845,35.55185],[129.40896,35.55205],[129.40916,35.5521],[129.40931,35.55213],[129.40956,35.55217],[129.40979,35.55221],[129.40995,35.55225],[129.41014,35.55232],[129.41032,35.55239],[129.41112,35.55271],[129.41136,35.55284],[129.41149,35.55291],[129.41307,35.55471],[129.41322,35.55488],[129.41334,35.55507],[129.41347,35.55528],[129.41356,35.55545],[129.41382,35.55614],[129.41372,35.55907],[129.4121,35.5607],[129.41235,35.56063],[129.41339,35.56097],[129.41623,35.56281],[129.41722,35.56334],[129.42201,35.56431],[129.42716,35.56536],[129.42847,35.5657],[129.42873,35.56623],[129.42916,35.56706],[129.43011,35.56722],[129.43158,35.56713],[129.43305,35.56697],[129.43494,35.56678],[129.4368,35.56694],[129.43765,35.56752],[129.43828,35.56788],[129.43998,35.56828],[129.44037,35.56833],[129.4407,35.56836],[129.44083,35.56836],[129.44396,35.56805],[129.44474,35.56776],[129.44484,35.56741],[129.44504,35.56733],[129.44953,35.57033],[129.4518,35.5719],[129.45281,35.57268],[129.4534,35.57037],[129.45439,35.56825],[129.45563,35.56597],[129.45591,35.5656],[129.45629,35.56523],[129.45835,35.55884],[129.45796,35.5546],[129.45647,35.55205],[129.45603,35.55179],[129.45567,35.55111],[129.45562,35.55102],[129.45546,35.55054],[129.45534,35.54975],[129.4531,35.5467]]]]}},{"type":"Feature","properties":{"adm_cd":"26030610","adm_nm":"울산광역시 동구 전하2동"},"geometry":{"type":"MultiPolygon","coordinates":[[[[129.43278,35.51255],[129.43235,35.5116],[129.43251,35.51119],[129.4335,35.51127],[129.43296,35.51087],[129.43243,35.50756],[129.43075,35.50745],[129.42966,35.50518],[129.42589,35.50555],[129.42523,35.50562],[129.42528,35.50593],[129.42533,35.50625],[129.4249,35.5063],[129.42117,35.5067],[129.42097,35.50671],[129.42026,35.50678],[129.41991,35.50681],[129.41926,35.50687],[129.41924,35.50695],[129.41938,35.5074],[129.42079,35.50906],[129.41916,35.51075],[129.41948,35.51234],[129.4185,35.51341],[129.42042,35.51348],[129.42203,35.51349],[129.42213,35.51284],[129.42746,35.51258],[129.43077,35.5122],[129.43105,35.51303],[129.43278,35.51255]]]]}},{"type":"Feature","properties":{"adm_cd":"26040510","adm_nm":"울산광역시 북구 농소1동"},"geometry":{"type":"MultiPolygon","coordinates":[[[[129.3837,35.60885],[129.38234,35.60997],[129.38006,35.61096],[129.37978,35.611],[129.37922,35.61096],[129.37392,35.60998],[129.36793,35.60912],[129.35614,35.60647],[129.35387,35.60572],[129.35327,35.60529],[129.35082,35.60526],[129.34934,35.60524],[129.35035,35.61071],[129.35122,35.61744],[129.35131,35.61809],[129.35102,35.6199],[129.35013,35.62442],[129.34976,35.62526],[129.34728,35.62875],[129.34672,35.62953],[129.34532,35.63148],[129.34529,35.63152],[129.34935,35.63329],[129.35766,35.64416],[129.35944,35.64745],[129.3595,35.64773],[129.35959,35.6481],[129.36106,35.6527],[129.36123,35.65316],[129.36134,35.65335],[129.36146,35.65345],[129.36376,35.65482],[129.36405,35.65482],[129.36425,35.65479],[129.3649,35.65462],[129.36634,35.65442],[129.3666,35.65444],[129.36694,35.65451],[129.36778,35.6551],[129.36793,35.65522],[129.36812,35.65538],[129.36828,35.65564],[129.36845,35.65617],[129.36853,35.65645],[129.36887,35.65785],[129.36899,35.65879],[129.36904,35.659],[129.36954,35.65985],[129.36995,35.6604],[129.3701,35.66057],[129.37205,35.66199],[129.37553,35.6656],[129.37636,35.66598],[129.37737,35.66614],[129.37709,35.66511],[129.37623,35.66302],[129.37595,35.66269],[129.37542,35.66078],[129.37536,35.66035],[129.3758,35.6589],[129.37708,35.65695],[129.3774,35.65661],[129.37822,35.65632],[129.37908,35.65644],[129.37988,35.65647],[129.38018,35.65619],[129.38055,35.65576],[129.38075,35.65552],[129.38042,35.65492],[129.3803,35.65448],[129.38028,35.65418],[129.38028,35.65402],[129.38108,35.64967],[129.38123,35.64919],[129.3815,35.64855],[129.38179,35.64814],[129.38189,35.64789],[129.38192,35.64747],[129.38181,35.64715],[129.38156,35.64686],[129.38056,35.64576],[129.37938,35.64468],[129.37924,35.64442],[129.37774,35.64029],[129.37772,35.63994],[129.37778,35.63942],[129.37813,35.63818],[129.37833,35.63779],[129.37899,35.63735],[129.37906,35.6373],[129.37926,35.6369],[129.38103,35.63268],[129.38131,35.63193],[129.38142,35.63131],[129.3815,35.63001],[129.38128,35.62941],[129.38102,35.62915],[129.38066,35.62907],[129.38008,35.62908],[129.38002,35.62862],[129.38,35.62836],[129.38035,35.62784],[129.38453,35.62718],[129.38569,35.62722],[129.38645,35.62725],[129.38691,35.6274],[129.3879,35.62764],[129.38844,35.62776],[129.38888,35.62783],[129.39117,35.62773],[129.3916,35.62747],[129.392,35.62701],[129.39244,35.62649],[129.39273,35.62539],[129.39298,35.62436],[129.39286,35.6235],[129.39268,35.62342],[129.39015,35.62296],[129.38801,35.62251],[129.38743,35.62215],[129.38564,35.61941],[129.38562,35.61904],[129.38629,35.61821],[129.38645,35.61808],[129.38693,35.61808],[129.38751,35.61767],[129.38925,35.61607],[129.39024,35.61483],[129.39056,35.61434],[129.39075,35.61384],[129.39036,35.61176],[129.39022,35.61144],[129.39011,35.61121],[129.39,35.61109],[129.38901,35.61014],[129.38873,35.61],[129.38845,35.6099],[129.38807,35.60977],[129.38624,35.60937],[129.3837,35.60885]]]]}},{"type":"Feature","properties":{"adm_cd":"26040520","adm_nm":"울산광역시 북구 농소2동"},"geometry":{"type":"MultiPolygon","coordinates":[[[[129.36455,35.67877],[129.36441,35.67776],[129.36441,35.67764],[129.36444,35.67754],[129.3647,35.67701],[129.36759,35.67454],[129.37053,35.67322],[129.3706,35.67321],[129.37085,35.67315],[129.37172,35.67283],[129.37208,35.67268],[129.37236,35.67254],[129.37257,35.67242],[129.37267,35.67233],[129.37271,35.67228],[129.37282,35.67212],[129.37294,35.6719],[129.37301,35.67173],[129.37337,35.6708],[129.3734,35.67063],[129.37347,35.66984],[129.37465,35.66907],[129.37765,35.66667],[129.37737,35.66614],[129.37636,35.66598],[129.37553,35.6656],[129.37205,35.66199],[129.3701,35.66057],[129.36995,35.6604],[129.36954,35.65985],[129.36904,35.659],[129.36899,35.65879],[129.36887,35.65785],[129.36853,35.65645],[129.36845,35.65617],[129.36828,35.65564],[129.36812,35.65538],[129.36793,35.65522],[129.36778,35.6551],[129.36694,35.65451],[129.3666,35.65444],[129.36634,35.65442],[129.3649,35.65462],[129.36425,35.65479],[129.36405,35.65482],[129.36376,35.65482],[129.36146,35.65345],[129.36134,35.65335],[129.36123,35.65316],[129.36106,35.6527],[129.35959,35.6481],[129.3595,35.64773],[129.35944,35.64745],[129.35766,35.64416],[129.34935,35.63329],[129.34529,35.63152],[129.34496,35.63189],[129.34183,35.63536],[129.33958,35.63934],[129.33718,35.64358],[129.33719,35.64576],[129.33719,35.64593],[129.33719,35.64658],[129.33717,35.64711],[129.33714,35.64783],[129.33698,35.6516],[129.33687,35.6519],[129.33587,35.65474],[129.33414,35.65962],[129.33515,35.66206],[129.33549,35.66246],[129.33709,35.66434],[129.33727,35.66475],[129.33804,35.66644],[129.33721,35.6689],[129.33736,35.66892],[129.33756,35.66897],[129.33762,35.66898],[129.34162,35.67083],[129.34668,35.67466],[129.34753,35.67558],[129.34826,35.67694],[129.34841,35.67709],[129.34879,35.67733],[129.34924,35.67755],[129.35123,35.67844],[129.35389,35.67955],[129.35571,35.67972],[129.35629,35.67971],[129.35861,35.67973],[129.35925,35.67968],[129.35954,35.67965],[129.36002,35.67958],[129.36033,35.67953],[129.3607,35.67943],[129.36128,35.67926],[129.36182,35.67912],[129.3622,35.67904],[129.36258,35.67897],[129.3641,35.67878],[129.36455,35.67877]]]]}},{"type":"Feature","properties":{"adm_cd":"26040530","adm_nm":"울산광역시 북구 농소3동"},"geometry":{"type":"MultiPolygon","coordinates":[[[[129.34529,35.63152],[129.34532,35.63148],[129.34672,35.62953],[129.34728,35.62875],[129.34976,35.62526],[129.35013,35.62442],[129.35102,35.6199],[129.35131,35.61809],[129.35122,35.61744],[129.35035,35.61071],[129.34934,35.60524],[129.34901,35.60241],[129.34834,35.59917],[129.34844,35.59528],[129.34709,35.59555],[129.34135,35.59641],[129.33978,35.5961],[129.33912,35.59595],[129.33822,35.59562],[129.33724,35.59466],[129.33574,35.59371],[129.33496,35.59355],[129.3345,35.59372],[129.33275,35.59436],[129.33132,35.59532],[129.33093,35.59601],[129.33192,35.59808],[129.33104,35.59909],[129.32599,35.59799],[129.32495,35.59836],[129.32378,35.59874],[129.32261,35.59805],[129.32247,35.5972],[129.32249,35.59714],[129.3226,35.59677],[129.32197,35.59522],[129.32154,35.59478],[129.32135,35.59459],[129.31976,35.59386],[129.31893,35.59389],[129.31821,35.59406],[129.31762,35.59438],[129.31751,35.59443],[129.31736,35.5944],[129.31424,35.59259],[129.31228,35.59108],[129.31194,35.5908],[129.31174,35.59061],[129.31168,35.59046],[129.3117,35.5903],[129.31152,35.59007],[129.31057,35.58925],[129.31036,35.58917],[129.31019,35.58913],[129.3097,35.58904],[129.30919,35.589],[129.30734,35.58905],[129.30723,35.58908],[129.30563,35.59033],[129.30475,35.59146],[129.3043,35.59219],[129.30421,35.59242],[129.30326,35.59315],[129.30308,35.59328],[129.30289,35.59338],[129.30269,35.59344],[129.30142,35.59367],[129.30107,35.59366],[129.29827,35.59305],[129.29467,35.59239],[129.29435,35.59238],[129.29346,35.59243],[129.29338,35.59245],[129.29013,35.59483],[129.28947,35.59543],[129.28954,35.59619],[129.2901,35.59728],[129.29141,35.59816],[129.29159,35.59829],[129.29281,35.60036],[129.29286,35.60053],[129.2929,35.60071],[129.29291,35.6016],[129.29305,35.60255],[129.29608,35.60719],[129.29653,35.60767],[129.29742,35.60792],[129.29847,35.60846],[129.29907,35.60889],[129.29937,35.60944],[129.30014,35.61419],[129.29991,35.61474],[129.29783,35.61688],[129.29664,35.61725],[129.29537,35.61792],[129.29462,35.61847],[129.29455,35.62061],[129.29465,35.62583],[129.2957,35.62692],[129.29653,35.62723],[129.29698,35.62771],[129.29758,35.62887],[129.29826,35.63106],[129.29819,35.63241],[129.29782,35.6332],[129.297,35.63387],[129.29681,35.63494],[129.29678,35.63509],[129.29619,35.63839],[129.29621,35.63891],[129.29664,35.64192],[129.29712,35.64279],[129.29581,35.6443],[129.2959,35.64473],[129.29655,35.64636],[129.29659,35.64643],[129.29672,35.64651],[129.29694,35.64663],[129.2974,35.64686],[129.29888,35.64749],[129.29937,35.6477],[129.30039,35.64808],[129.30061,35.64816],[129.30067,35.64818],[129.30099,35.6482],[129.30162,35.64822],[129.3023,35.64823],[129.30262,35.64823],[129.3027,35.64825],[129.30274,35.64829],[129.30277,35.64832],[129.30279,35.64835],[129.30344,35.6546],[129.30362,35.65639],[129.30344,35.65683],[129.30346,35.6569],[129.30357,35.65697],[129.31075,35.66023],[129.31083,35.66025],[129.31089,35.66025],[129.31106,35.66025],[129.31546,35.65957],[129.31879,35.65841],[129.3213,35.65869],[129.32399,35.65921],[129.32525,35.66123],[129.32534,35.66148],[129.32548,35.6617],[129.32598,35.66224],[129.32602,35.66229],[129.3302,35.66553],[129.3305,35.66574],[129.33067,35.66585],[129.33413,35.66779],[129.33442,35.66793],[129.33464,35.66804],[129.33509,35.66825],[129.3353,35.66834],[129.33617,35.66864],[129.3365,35.66874],[129.33688,35.66884],[129.33713,35.66889],[129.33721,35.6689],[129.33804,35.66644],[129.33727,35.66475],[129.33709,35.66434],[129.33549,35.66246],[129.33515,35.66206],[129.33414,35.65962],[129.33587,35.65474],[129.33687,35.6519],[129.33698,35.6516],[129.33714,35.64783],[129.33717,35.64711],[129.33719,35.64658],[129.33719,35.64593],[129.33719,35.64576],[129.33718,35.64358],[129.33958,35.63934],[129.34183,35.63536],[129.34496,35.63189],[129.34529,35.63152]]]]}},{"type":"Feature","properties":{"adm_cd":"26040540","adm_nm":"울산광역시 북구 강동동"},"geometry":{"type":"MultiPolygon","coordinates":[[[[129.45001,35.65095],[129.44949,35.65032],[129.44897,35.6496],[129.44894,35.64955],[129.44891,35.6495],[129.44884,35.64932],[129.44883,35.64927],[129.44883,35.64916],[129.44882,35.64909],[129.44884,35.64887],[129.44884,35.64859],[129.44844,35.64761],[129.44839,35.64755],[129.44605,35.64603],[129.44579,35.646],[129.44439,35.64603],[129.44282,35.64585],[129.44279,35.64584],[129.44264,35.64579],[129.4425,35.64572],[129.44235,35.64562],[129.44219,35.64549],[129.44208,35.64539],[129.44202,35.64534],[129.44194,35.64525],[129.44188,35.64517],[129.44183,35.64511],[129.44181,35.64507],[129.44159,35.64461],[129.44155,35.64453],[129.44153,35.64445],[129.44143,35.64406],[129.44134,35.64363],[129.4413,35.64337],[129.44125,35.64308],[129.44125,35.64297],[129.44125,35.64161],[129.44127,35.64125],[129.44137,35.6404],[129.44081,35.63247],[129.4408,35.63244],[129.44081,35.63239],[129.44124,35.6307],[129.44128,35.63055],[129.44138,35.63026],[129.44146,35.63003],[129.44161,35.62965],[129.44333,35.62565],[129.44339,35.62553],[129.44362,35.62513],[129.44379,35.6249],[129.44408,35.6245],[129.44419,35.62437],[129.44488,35.62354],[129.44528,35.62313],[129.44617,35.6223],[129.44642,35.62208],[129.45062,35.61803],[129.44976,35.61684],[129.44972,35.61573],[129.44995,35.61493],[129.45,35.61482],[129.45041,35.61448],[129.45047,35.61445],[129.45057,35.61441],[129.45188,35.61396],[129.45319,35.61369],[129.45326,35.61368],[129.45334,35.61368],[129.45533,35.61381],[129.45695,35.61394],[129.45756,35.6112],[129.45732,35.6107],[129.45737,35.6096],[129.45746,35.60888],[129.45779,35.60813],[129.45846,35.60716],[129.45861,35.60697],[129.45907,35.6065],[129.45964,35.60653],[129.45972,35.60655],[129.4598,35.60672],[129.46012,35.6075],[129.46031,35.60803],[129.46036,35.60816],[129.4604,35.6082],[129.46047,35.6082],[129.4605,35.60817],[129.46131,35.60732],[129.46149,35.6069],[129.46249,35.60441],[129.4636,35.60148],[129.46437,35.59935],[129.46438,35.59932],[129.46438,35.59928],[129.46432,35.59907],[129.46429,35.59898],[129.46424,35.59887],[129.46375,35.59807],[129.46265,35.59339],[129.46263,35.59329],[129.46262,35.59316],[129.46263,35.5931],[129.46407,35.58786],[129.46469,35.58711],[129.46481,35.58713],[129.46492,35.58711],[129.46501,35.58704],[129.46506,35.58694],[129.46516,35.58665],[129.46517,35.5866],[129.46506,35.58589],[129.465,35.58581],[129.46495,35.58578],[129.46407,35.58537],[129.46399,35.58534],[129.46153,35.58439],[129.46085,35.5842],[129.46076,35.58418],[129.4607,35.58418],[129.46024,35.58422],[129.46017,35.58423],[129.4601,35.58426],[129.45924,35.5846],[129.45918,35.58465],[129.45906,35.58473],[129.45899,35.58481],[129.45891,35.58495],[129.45882,35.58504],[129.45876,35.5851],[129.4587,35.58514],[129.45865,35.58515],[129.45854,35.58515],[129.45841,35.58514],[129.45828,35.58513],[129.45812,35.5851],[129.45792,35.58505],[129.45757,35.58491],[129.45735,35.58474],[129.45367,35.58031],[129.45358,35.58021],[129.45348,35.58007],[129.45334,35.57988],[129.4532,35.5797],[129.45289,35.57906],[129.45284,35.57895],[129.45279,35.57885],[129.45276,35.57877],[129.45268,35.57851],[129.45264,35.57833],[129.45265,35.57819],[129.45278,35.57761],[129.45289,35.57747],[129.45305,35.57733],[129.45281,35.57268],[129.4518,35.5719],[129.44953,35.57033],[129.44504,35.56733],[129.44484,35.56741],[129.44474,35.56776],[129.44396,35.56805],[129.44083,35.56836],[129.4407,35.56836],[129.44037,35.56833],[129.43998,35.56828],[129.43828,35.56788],[129.43765,35.56752],[129.4368,35.56694],[129.43494,35.56678],[129.43305,35.56697],[129.43158,35.56713],[129.43011,35.56722],[129.42916,35.56706],[129.42873,35.56623],[129.42847,35.5657],[129.42716,35.56536],[129.42201,35.56431],[129.41722,35.56334],[129.41623,35.56281],[129.41339,35.56097],[129.41235,35.56063],[129.4121,35.5607],[129.41168,35.56117],[129.41096,35.56154],[129.40833,35.56181],[129.40772,35.56169],[129.40662,35.56132],[129.40518,35.56077],[129.40439,35.5608],[129.40348,35.56133],[129.40273,35.56217],[129.40003,35.56743],[129.39962,35.56855],[129.39788,35.5692],[129.39689,35.56946],[129.39596,35.56991],[129.39535,35.57026],[129.39535,35.57067],[129.39586,35.57111],[129.39666,35.57145],[129.39719,35.57143],[129.3978,35.57138],[129.39849,35.57157],[129.39926,35.5722],[129.3994,35.57252],[129.3997,35.57405],[129.40034,35.57839],[129.39837,35.58277],[129.39702,35.58424],[129.39694,35.58479],[129.39689,35.58565],[129.39776,35.58899],[129.3984,35.5902],[129.39764,35.5932],[129.39771,35.59613],[129.39753,35.59701],[129.39743,35.59721],[129.39733,35.59728],[129.39705,35.59746],[129.39618,35.59771],[129.39456,35.59868],[129.39328,35.6001],[129.39316,35.60036],[129.393,35.60123],[129.393,35.60157],[129.39315,35.60175],[129.39322,35.60185],[129.39363,35.60208],[129.39379,35.60222],[129.39399,35.6025],[129.39437,35.60343],[129.39435,35.60365],[129.39379,35.60595],[129.39363,35.60652],[129.39336,35.60652],[129.39267,35.6065],[129.39206,35.60641],[129.39141,35.60622],[129.39059,35.60598],[129.38984,35.60594],[129.38533,35.60739],[129.38496,35.60756],[129.3837,35.60885],[129.38624,35.60937],[129.38807,35.60977],[129.38845,35.6099],[129.38873,35.61],[129.38901,35.61014],[129.39,35.61109],[129.39011,35.61121],[129.39022,35.61144],[129.39036,35.61176],[129.39075,35.61384],[129.39056,35.61434],[129.39024,35.61483],[129.38925,35.61607],[129.38751,35.61767],[129.38693,35.61808],[129.38645,35.61808],[129.38629,35.61821],[129.38562,35.61904],[129.38564,35.61941],[129.38743,35.62215],[129.38801,35.62251],[129.39015,35.62296],[129.39268,35.62342],[129.39286,35.6235],[129.39298,35.62436],[129.39273,35.62539],[129.39244,35.62649],[129.392,35.62701],[129.3916,35.62747],[129.39117,35.62773],[129.38888,35.62783],[129.38844,35.62776],[129.3879,35.62764],[129.38691,35.6274],[129.38645,35.62725],[129.38569,35.62722],[129.38453,35.62718],[129.38035,35.62784],[129.38,35.62836],[129.38002,35.62862],[129.38008,35.62908],[129.38066,35.62907],[129.38102,35.62915],[129.38128,35.62941],[129.3815,35.63001],[129.38142,35.63131],[129.38131,35.63193],[129.38103,35.63268],[129.37926,35.6369],[129.37906,35.6373],[129.37899,35.63735],[129.37833,35.63779],[129.37813,35.63818],[129.37778,35.63942],[129.37772,35.63994],[129.37774,35.64029],[129.37924,35.64442],[129.37938,35.64468],[129.38056,35.64576],[129.38156,35.64686],[129.38181,35.64715],[129.38192,35.64747],[129.38189,35.64789],[129.38179,35.64814],[129.3815,35.64855],[129.38123,35.64919],[129.38108,35.64967],[129.38028,35.65402],[129.38028,35.65418],[129.3803,35.65448],[129.38042,35.65492],[129.38075,35.65552],[129.38055,35.65576],[129.38018,35.65619],[129.37988,35.65647],[129.37908,35.65644],[129.37822,35.65632],[129.3774,35.65661],[129.37708,35.65695],[129.3758,35.6589],[129.37536,35.66035],[129.37542,35.66078],[129.37595,35.66269],[129.37623,35.66302],[129.37709,35.66511],[129.37737,35.66614],[129.37765,35.66667],[129.37465,35.66907],[129.37347,35.66984],[129.37375,35.66981],[129.37391,35.6698],[129.37411,35.6698],[129.3744,35.6698],[129.37631,35.66982],[129.37642,35.66982],[129.37843,35.67028],[129.37931,35.67063],[129.37964,35.67078],[129.37996,35.67088],[129.38026,35.67095],[129.38066,35.67103],[129.38099,35.67108],[129.38122,35.67106],[129.38151,35.67103],[129.38182,35.67096],[129.3824,35.67079],[129.38538,35.67019],[129.39113,35.66866],[129.39156,35.66855],[129.39384,35.66804],[129.39394,35.66802],[129.39489,35.66793],[129.39507,35.66794],[129.39534,35.66796],[129.39621,35.66807],[129.39868,35.6678],[129.39901,35.66775],[129.39993,35.66754],[129.40021,35.66745],[129.40046,35.66732],[129.40069,35.6672],[129.4008,35.66711],[129.40087,35.66701],[129.40115,35.66659],[129.40138,35.66622],[129.40242,35.66438],[129.40304,35.66325],[129.4031,35.66314],[129.40328,35.66299],[129.40343,35.66292],[129.40359,35.6629],[129.40595,35.66284],[129.40631,35.66286],[129.40648,35.66288],[129.4067,35.66292],[129.40692,35.663],[129.40708,35.6631],[129.40886,35.66356],[129.41049,35.66392],[129.41073,35.66397],[129.41104,35.66403],[129.41134,35.66405],[129.41242,35.66402],[129.41263,35.66402],[129.41286,35.66397],[129.41301,35.6639],[129.41324,35.66373],[129.41342,35.66357],[129.41361,35.66334],[129.4137,35.66322],[129.4139,35.663],[129.4142,35.66273],[129.41485,35.66217],[129.415,35.66204],[129.4174,35.66054],[129.41755,35.66047],[129.41786,35.6604],[129.41811,35.66037],[129.41836,35.66037],[129.42141,35.65937],[129.42158,35.65926],[129.4246,35.65764],[129.42839,35.65594],[129.43137,35.65653],[129.4316,35.65661],[129.43172,35.65663],[129.43207,35.65664],[129.4327,35.65666],[129.43273,35.65664],[129.43283,35.65655],[129.43298,35.65631],[129.43341,35.65497],[129.43368,35.65409],[129.43396,35.65338],[129.43412,35.6532],[129.43514,35.65222],[129.43518,35.65218],[129.43521,35.65221],[129.4361,35.65303],[129.43632,35.65332],[129.43647,35.65367],[129.43663,35.65393],[129.43682,35.65416],[129.43704,35.65433],[129.43728,35.65445],[129.43742,35.65452],[129.43899,35.65467],[129.43914,35.65466],[129.44284,35.65438],[129.44295,35.65436],[129.44464,35.65388],[129.44471,35.65385],[129.4451,35.65358],[129.44659,35.65258],[129.44685,35.65237],[129.44716,35.65213],[129.44743,35.65185],[129.4477,35.65158],[129.4479,35.65142],[129.44835,35.65117],[129.44859,35.6511],[129.4488,35.65106],[129.45001,35.65095]]]]}},{"type":"Feature","properties":{"adm_cd":"26040560","adm_nm":"울산광역시 북구 효문동"},"geometry":{"type":"MultiPolygon","coordinates":[[[[129.39788,35.5692],[129.39647,35.56896],[129.39465,35.56856],[129.39367,35.56792],[129.39358,35.56786],[129.39291,35.56736],[129.39253,35.5669],[129.39256,35.56613],[129.39134,35.56483],[129.38948,35.56456],[129.38484,35.56305],[129.38444,35.56286],[129.38427,35.56276],[129.38415,35.56262],[129.38399,35.56229],[129.38384,35.5617],[129.38155,35.55978],[129.38137,35.55966],[129.37818,35.55999],[129.37658,35.55926],[129.37516,35.55962],[129.37453,35.55979],[129.37285,35.55741],[129.37137,35.55594],[129.37185,35.55382],[129.3731,35.54977],[129.3775,35.54711],[129.378,35.54553],[129.3789,35.54378],[129.37761,35.5419],[129.37802,35.53876],[129.37942,35.53694],[129.37468,35.5394],[129.36931,35.54356],[129.36461,35.54316],[129.35999,35.5446],[129.35904,35.54503],[129.35798,35.54562],[129.35405,35.54802],[129.35272,35.54895],[129.35158,35.55127],[129.35083,35.5528],[129.34992,35.55581],[129.35006,35.55697],[129.35014,35.55755],[129.35057,35.55801],[129.35122,35.55869],[129.35295,35.56069],[129.35299,35.56074],[129.35377,35.56169],[129.35336,35.56449],[129.35331,35.56463],[129.35192,35.56859],[129.35204,35.56983],[129.35229,35.57218],[129.35155,35.57654],[129.35212,35.57715],[129.35457,35.57929],[129.35624,35.58071],[129.35653,35.58096],[129.35762,35.58228],[129.35885,35.58569],[129.36264,35.58824],[129.36313,35.58825],[129.37041,35.58847],[129.37194,35.58891],[129.37449,35.58962],[129.38318,35.59098],[129.3839,35.59102],[129.3859,35.59082],[129.38738,35.59064],[129.38989,35.59129],[129.39156,35.59188],[129.39362,35.59251],[129.39677,35.59321],[129.39764,35.5932],[129.3984,35.5902],[129.39776,35.58899],[129.39689,35.58565],[129.39694,35.58479],[129.39702,35.58424],[129.39837,35.58277],[129.40034,35.57839],[129.3997,35.57405],[129.3994,35.57252],[129.39926,35.5722],[129.39849,35.57157],[129.3978,35.57138],[129.39719,35.57143],[129.39666,35.57145],[129.39586,35.57111],[129.39535,35.57067],[129.39535,35.57026],[129.39596,35.56991],[129.39689,35.56946],[129.39788,35.5692]]]]}},{"type":"Feature","properties":{"adm_cd":"26040570","adm_nm":"울산광역시 북구 송정동"},"geometry":{"type":"MultiPolygon","coordinates":[[[[129.3837,35.60885],[129.38496,35.60756],[129.38533,35.60739],[129.38984,35.60594],[129.39059,35.60598],[129.39141,35.60622],[129.39206,35.60641],[129.39267,35.6065],[129.39336,35.60652],[129.39363,35.60652],[129.39379,35.60595],[129.39435,35.60365],[129.39437,35.60343],[129.39399,35.6025],[129.39379,35.60222],[129.39363,35.60208],[129.39322,35.60185],[129.39315,35.60175],[129.393,35.60157],[129.393,35.60123],[129.39316,35.60036],[129.39328,35.6001],[129.39456,35.59868],[129.39618,35.59771],[129.39705,35.59746],[129.39733,35.59728],[129.39743,35.59721],[129.39753,35.59701],[129.39771,35.59613],[129.39764,35.5932],[129.39677,35.59321],[129.39362,35.59251],[129.39156,35.59188],[129.38989,35.59129],[129.38738,35.59064],[129.3859,35.59082],[129.3839,35.59102],[129.38318,35.59098],[129.37449,35.58962],[129.37194,35.58891],[129.37041,35.58847],[129.36313,35.58825],[129.36264,35.58824],[129.35885,35.58569],[129.35762,35.58228],[129.35653,35.58096],[129.35624,35.58071],[129.35457,35.57929],[129.35212,35.57715],[129.35155,35.57654],[129.35038,35.57918],[129.3493,35.58065],[129.34928,35.58068],[129.34916,35.5812],[129.34809,35.58592],[129.34813,35.58646],[129.34833,35.58889],[129.3486,35.59211],[129.34844,35.59528],[129.34834,35.59917],[129.34901,35.60241],[129.34934,35.60524],[129.35082,35.60526],[129.35327,35.60529],[129.35387,35.60572],[129.35614,35.60647],[129.36793,35.60912],[129.37392,35.60998],[129.37922,35.61096],[129.37978,35.611],[129.38006,35.61096],[129.38234,35.60997],[129.3837,35.60885]]]]}},{"type":"Feature","properties":{"adm_cd":"26040580","adm_nm":"울산광역시 북구 양정동"},"geometry":{"type":"MultiPolygon","coordinates":[[[[129.4121,35.5607],[129.41372,35.55907],[129.41154,35.55739],[129.40805,35.55623],[129.40748,35.55608],[129.40601,35.55574],[129.40529,35.55581],[129.40407,35.55563],[129.40305,35.55532],[129.40081,35.55443],[129.39732,35.5528],[129.39663,35.552],[129.39648,35.55178],[129.39621,35.55073],[129.39611,35.54914],[129.39641,35.54833],[129.39663,35.54793],[129.39641,35.54665],[129.39571,35.54492],[129.39525,35.54419],[129.39378,35.54234],[129.39126,35.54037],[129.39148,35.53932],[129.3913,35.53788],[129.38711,35.53511],[129.38517,35.53517],[129.38302,35.53328],[129.37892,35.53604],[129.37942,35.53694],[129.37802,35.53876],[129.37761,35.5419],[129.3789,35.54378],[129.378,35.54553],[129.3775,35.54711],[129.3731,35.54977],[129.37185,35.55382],[129.37137,35.55594],[129.37285,35.55741],[129.37453,35.55979],[129.37516,35.55962],[129.37658,35.55926],[129.37818,35.55999],[129.38137,35.55966],[129.38155,35.55978],[129.38384,35.5617],[129.38399,35.56229],[129.38415,35.56262],[129.38427,35.56276],[129.38444,35.56286],[129.38484,35.56305],[129.38948,35.56456],[129.39134,35.56483],[129.39256,35.56613],[129.39253,35.5669],[129.39291,35.56736],[129.39358,35.56786],[129.39367,35.56792],[129.39465,35.56856],[129.39647,35.56896],[129.39788,35.5692],[129.39962,35.56855],[129.40003,35.56743],[129.40273,35.56217],[129.40348,35.56133],[129.40439,35.5608],[129.40518,35.56077],[129.40662,35.56132],[129.40772,35.56169],[129.40833,35.56181],[129.41096,35.56154],[129.41168,35.56117],[129.4121,35.5607]]]]}},{"type":"Feature","properties":{"adm_cd":"26040590","adm_nm":"울산광역시 북구 염포동"},"geometry":{"type":"MultiPolygon","coordinates":[[[[129.40844,35.54532],[129.4076,35.54314],[129.40636,35.54226],[129.40597,35.542],[129.40567,35.54177],[129.40566,35.54173],[129.40563,35.54165],[129.40551,35.54077],[129.40564,35.53973],[129.40575,35.53948],[129.40606,35.53913],[129.40632,35.53886],[129.40644,35.53861],[129.40653,35.53837],[129.40658,35.53819],[129.40664,35.53789],[129.4067,35.53751],[129.40665,35.53733],[129.4059,35.53502],[129.40498,35.534],[129.40425,35.53339],[129.40353,35.53269],[129.40259,35.53147],[129.40258,35.53072],[129.40264,35.53059],[129.40493,35.52773],[129.40531,35.52737],[129.4062,35.52653],[129.40912,35.52519],[129.41041,35.52423],[129.40937,35.52135],[129.40971,35.51939],[129.40924,35.51724],[129.40901,35.51657],[129.40836,35.516],[129.40783,35.51632],[129.40668,35.51661],[129.40557,35.51749],[129.40555,35.51859],[129.40449,35.51943],[129.40321,35.52011],[129.40175,35.52026],[129.39892,35.52026],[129.39771,35.52077],[129.39763,35.52136],[129.3962,35.52179],[129.39443,35.52176],[129.3931,35.52221],[129.39185,35.523],[129.39042,35.52539],[129.38922,35.5265],[129.38744,35.52726],[129.38581,35.52975],[129.38219,35.53243],[129.38302,35.53328],[129.38517,35.53517],[129.38711,35.53511],[129.3913,35.53788],[129.39148,35.53932],[129.39126,35.54037],[129.39378,35.54234],[129.39525,35.54419],[129.39571,35.54492],[129.39641,35.54665],[129.39663,35.54793],[129.39641,35.54833],[129.39611,35.54914],[129.39621,35.55073],[129.39648,35.55178],[129.39663,35.552],[129.39732,35.5528],[129.40081,35.55443],[129.40305,35.55532],[129.40407,35.55563],[129.40529,35.55581],[129.40601,35.55574],[129.40748,35.55608],[129.40805,35.55623],[129.41154,35.55739],[129.41372,35.55907],[129.41382,35.55614],[129.41356,35.55545],[129.41347,35.55528],[129.41334,35.55507],[129.41322,35.55488],[129.41307,35.55471],[129.41149,35.55291],[129.41136,35.55284],[129.41112,35.55271],[129.41032,35.55239],[129.41014,35.55232],[129.40995,35.55225],[129.40979,35.55221],[129.40956,35.55217],[129.40931,35.55213],[129.40916,35.5521],[129.40896,35.55205],[129.40845,35.55185],[129.40817,35.55173],[129.40808,35.55168],[129.40801,35.55164],[129.40796,35.5516],[129.40787,35.55151],[129.4078,35.55143],[129.40774,35.55136],[129.40768,35.55127],[129.40762,35.55119],[129.40758,35.55113],[129.40755,35.55108],[129.40721,35.55017],[129.4072,35.55013],[129.40701,35.54862],[129.40753,35.54651],[129.40844,35.54532]]]]}},{"type":"Feature","properties":{"adm_cd":"26510110","adm_nm":"울산광역시 울주군 온산읍"},"geometry":{"type":"MultiPolygon","coordinates":[[[[129.34651,35.38942],[129.34516,35.39068],[129.34468,35.39109],[129.34427,35.39139],[129.34368,35.39171],[129.34309,35.39197],[129.34244,35.39222],[129.34193,35.39237],[129.34163,35.39245],[129.34088,35.39264],[129.34031,35.39276],[129.33831,35.39316],[129.33578,35.39368],[129.33366,35.39422],[129.33329,35.39431],[129.33154,35.39477],[129.32996,35.39523],[129.32877,35.39562],[129.32124,35.39813],[129.32008,35.39865],[129.31929,35.3991],[129.31845,35.39958],[129.31725,35.40035],[129.31553,35.4015],[129.31476,35.40206],[129.31343,35.40298],[129.31332,35.40304],[129.31303,35.40316],[129.31271,35.40325],[129.31244,35.40329],[129.31221,35.40332],[129.31053,35.40381],[129.30899,35.40432],[129.30864,35.40445],[129.3084,35.40454],[129.30804,35.40471],[129.30783,35.4049],[129.30771,35.40506],[129.30765,35.40522],[129.30763,35.40544],[129.30768,35.40581],[129.30852,35.40805],[129.30867,35.40838],[129.30894,35.40873],[129.30968,35.40955],[129.30986,35.40969],[129.31009,35.4098],[129.31035,35.41],[129.3106,35.41027],[129.31185,35.41197],[129.31207,35.41229],[129.31223,35.41264],[129.31229,35.41282],[129.31234,35.4131],[129.3127,35.41529],[129.31272,35.41547],[129.31272,35.41577],[129.31262,35.41715],[129.31259,35.41742],[129.3125,35.41763],[129.3124,35.41774],[129.31158,35.41831],[129.31141,35.41842],[129.31119,35.4185],[129.31096,35.41855],[129.31054,35.41857],[129.30989,35.41863],[129.30924,35.41878],[129.30903,35.41889],[129.30889,35.41904],[129.30885,35.41914],[129.30885,35.41927],[129.30892,35.41949],[129.30915,35.41988],[129.31027,35.42161],[129.31146,35.42343],[129.31186,35.42434],[129.31184,35.4245],[129.31181,35.42462],[129.31176,35.4247],[129.31158,35.42479],[129.30552,35.42761],[129.30544,35.42763],[129.30538,35.42763],[129.30531,35.42761],[129.30493,35.42728],[129.30459,35.42696],[129.30375,35.42599],[129.30359,35.42575],[129.30238,35.42388],[129.30229,35.42373],[129.29826,35.42289],[129.2977,35.42311],[129.29448,35.42439],[129.29422,35.42448],[129.29384,35.42462],[129.2933,35.42481],[129.29302,35.4249],[129.2923,35.42507],[129.28908,35.42553],[129.28666,35.42721],[129.28646,35.4274],[129.28585,35.42803],[129.28564,35.42839],[129.2855,35.42872],[129.28547,35.42878],[129.28518,35.4295],[129.28442,35.43196],[129.28443,35.43853],[129.28471,35.44058],[129.28711,35.44149],[129.28719,35.44152],[129.28726,35.44152],[129.2898,35.44159],[129.28985,35.44159],[129.29242,35.44124],[129.29251,35.4412],[129.29334,35.44083],[129.29357,35.44073],[129.29381,35.44059],[129.29692,35.44189],[129.29729,35.44469],[129.29676,35.4478],[129.29801,35.45055],[129.29857,35.45133],[129.29884,35.45177],[129.29884,35.45233],[129.2983,35.45543],[129.29812,35.45619],[129.29784,35.45709],[129.29771,35.45729],[129.29977,35.45655],[129.30003,35.45648],[129.30029,35.45645],[129.30197,35.45643],[129.30224,35.45646],[129.30242,35.45654],[129.30261,35.45671],[129.30264,35.45679],[129.30264,35.45709],[129.30254,35.45756],[129.30254,35.45766],[129.30256,35.4577],[129.30566,35.45863],[129.30582,35.45865],[129.30613,35.45862],[129.30687,35.45856],[129.30721,35.45851],[129.30744,35.45842],[129.30767,35.45822],[129.30788,35.45801],[129.3085,35.45772],[129.30903,35.45753],[129.30942,35.45743],[129.31209,35.45689],[129.31223,35.45689],[129.31228,35.45689],[129.31297,35.45716],[129.31307,35.4572],[129.31318,35.45727],[129.31343,35.45756],[129.31357,35.45784],[129.31378,35.45812],[129.31389,35.45827],[129.31404,35.45838],[129.31433,35.45852],[129.31715,35.4595],[129.31736,35.45956],[129.31745,35.45957],[129.31756,35.45956],[129.31811,35.45931],[129.31815,35.45924],[129.31818,35.45904],[129.31822,35.45899],[129.31856,35.45881],[129.31994,35.45809],[129.32004,35.45805],[129.32052,35.45792],[129.3209,35.45791],[129.32146,35.45794],[129.32276,35.45862],[129.32285,35.45867],[129.32291,35.45913],[129.32288,35.46033],[129.32295,35.46074],[129.32331,35.46112],[129.32345,35.46125],[129.32437,35.46163],[129.32598,35.46229],[129.32631,35.46231],[129.327,35.46219],[129.32733,35.46212],[129.32744,35.46215],[129.32998,35.46411],[129.33012,35.46424],[129.33143,35.46627],[129.33166,35.46678],[129.33171,35.46695],[129.33205,35.46896],[129.33206,35.46907],[129.33126,35.46965],[129.33029,35.4703],[129.33001,35.47049],[129.33,35.47064],[129.3301,35.47085],[129.33017,35.47092],[129.33147,35.47162],[129.33179,35.47173],[129.33236,35.47181],[129.33299,35.47191],[129.33511,35.47228],[129.33744,35.47271],[129.33778,35.47283],[129.33831,35.47313],[129.33935,35.4743],[129.33966,35.47283],[129.34218,35.46987],[129.34391,35.469],[129.34554,35.46679],[129.34657,35.4652],[129.34675,35.46423],[129.34741,35.46429],[129.3484,35.45995],[129.34768,35.45987],[129.34804,35.45829],[129.34876,35.45466],[129.34997,35.44827],[129.35375,35.44682],[129.35609,35.44752],[129.359,35.44816],[129.35956,35.44796],[129.3593,35.445],[129.35907,35.44278],[129.35395,35.44077],[129.35514,35.43854],[129.35549,35.43864],[129.36464,35.44161],[129.36611,35.44318],[129.36926,35.44879],[129.37335,35.44724],[129.37215,35.44503],[129.36996,35.44354],[129.36577,35.4357],[129.36945,35.43351],[129.3695,35.43151],[129.36719,35.43014],[129.36652,35.43024],[129.36563,35.43009],[129.36491,35.42962],[129.36398,35.42311],[129.3651,35.42137],[129.36557,35.41799],[129.36395,35.41455],[129.35928,35.41421],[129.35674,35.41527],[129.3558,35.41413],[129.35593,35.41109],[129.35989,35.41076],[129.36138,35.41152],[129.36166,35.41142],[129.36295,35.41093],[129.36305,35.4065],[129.36293,35.40618],[129.36151,35.40531],[129.36125,35.40515],[129.35747,35.40342],[129.35644,35.40316],[129.35497,35.40314],[129.3523,35.40282],[129.35246,35.4025],[129.3533,35.4022],[129.35547,35.401],[129.35691,35.39991],[129.35701,35.39942],[129.35643,35.3991],[129.35586,35.3968],[129.35641,35.39646],[129.35746,35.39561],[129.35745,35.39496],[129.35637,35.39294],[129.35607,35.39249],[129.353,35.39194],[129.34947,35.39118],[129.34651,35.38942]]]]}},{"type":"Feature","properties":{"adm_cd":"26510120","adm_nm":"울산광역시 울주군 언양읍"},"geometry":{"type":"MultiPolygon","coordinates":[[[[129.21466,35.62542],[129.21557,35.62475],[129.21668,35.62265],[129.21671,35.62258],[129.21674,35.62252],[129.21676,35.62248],[129.21678,35.62238],[129.21748,35.61756],[129.21747,35.61753],[129.21742,35.61746],[129.21652,35.61662],[129.2161,35.61627],[129.21402,35.61462],[129.21293,35.61383],[129.21264,35.61366],[129.21236,35.6135],[129.21225,35.61343],[129.21222,35.61341],[129.2122,35.61338],[129.21218,35.6133],[129.21187,35.61196],[129.21187,35.61191],[129.21195,35.6094],[129.21195,35.60935],[129.21197,35.60933],[129.21203,35.60928],[129.21213,35.60921],[129.21284,35.60858],[129.2136,35.60776],[129.21364,35.60771],[129.21366,35.60767],[129.21369,35.60762],[129.21371,35.60759],[129.21372,35.60754],[129.21373,35.60747],[129.21372,35.60741],[129.21371,35.60728],[129.21369,35.60719],[129.21365,35.60708],[129.2136,35.60698],[129.21278,35.60528],[129.21276,35.60524],[129.21273,35.60522],[129.2127,35.60521],[129.21264,35.60521],[129.21257,35.60521],[129.21239,35.60523],[129.21224,35.60525],[129.21207,35.60527],[129.21203,35.60527],[129.21193,35.60525],[129.20895,35.60438],[129.20693,35.60362],[129.20684,35.60358],[129.20662,35.60348],[129.20656,35.60344],[129.20633,35.6033],[129.20629,35.60327],[129.20458,35.60178],[129.20455,35.60175],[129.20452,35.6017],[129.20358,35.59989],[129.20353,35.5998],[129.20145,35.59707],[129.20122,35.59693],[129.20091,35.59667],[129.20079,35.59656],[129.20069,35.59644],[129.20061,35.59624],[129.20054,35.59598],[129.2004,35.59493],[129.2004,35.59488],[129.20083,35.59411],[129.20092,35.594],[129.20138,35.59289],[129.20191,35.59114],[129.20193,35.591],[129.20203,35.59018],[129.20213,35.58886],[129.20215,35.58822],[129.20214,35.58787],[129.20212,35.58775],[129.20207,35.58762],[129.20195,35.58741],[129.20183,35.58721],[129.20172,35.58704],[129.20165,35.58695],[129.20155,35.58684],[129.19718,35.58294],[129.1965,35.58239],[129.19399,35.58046],[129.19165,35.5789],[129.1915,35.57881],[129.19051,35.57819],[129.19041,35.57812],[129.19025,35.57798],[129.19019,35.57787],[129.19014,35.57777],[129.19008,35.57764],[129.18999,35.57731],[129.18997,35.57717],[129.18983,35.57633],[129.19005,35.57602],[129.19244,35.57326],[129.1925,35.57321],[129.19255,35.57318],[129.19263,35.57314],[129.19286,35.57306],[129.19294,35.57304],[129.193,35.57303],[129.1931,35.57301],[129.19408,35.57271],[129.19528,35.57226],[129.19534,35.57224],[129.19538,35.57221],[129.19542,35.57219],[129.19591,35.56964],[129.1959,35.56923],[129.19586,35.56914],[129.19553,35.56861],[129.19531,35.56829],[129.19511,35.56801],[129.19494,35.56782],[129.19477,35.56762],[129.19468,35.56749],[129.19456,35.56728],[129.19445,35.567],[129.19444,35.56684],[129.19444,35.56661],[129.19449,35.56636],[129.19455,35.56625],[129.1946,35.5662],[129.19469,35.56613],[129.19475,35.56609],[129.19482,35.56606],[129.19495,35.56601],[129.19517,35.56599],[129.19525,35.56598],[129.19535,35.56598],[129.19575,35.56599],[129.19756,35.56614],[129.19808,35.56619],[129.19847,35.56623],[129.19887,35.56624],[129.19929,35.56623],[129.19971,35.56622],[129.20024,35.5662],[129.20049,35.56616],[129.20056,35.56611],[129.20061,35.56601],[129.20069,35.56585],[129.20078,35.56551],[129.20197,35.56002],[129.20204,35.5595],[129.20207,35.55929],[129.20174,35.55456],[129.20134,35.5515],[129.20133,35.55147],[129.20128,35.55138],[129.20111,35.55118],[129.20087,35.54843],[129.20272,35.54429],[129.20275,35.54426],[129.20314,35.54377],[129.20321,35.54369],[129.20326,35.54364],[129.20338,35.54355],[129.20346,35.54349],[129.20355,35.54343],[129.20581,35.54232],[129.20462,35.54023],[129.20459,35.54018],[129.20453,35.54009],[129.20446,35.54004],[129.20337,35.53952],[129.20322,35.53946],[129.19998,35.53816],[129.19814,35.53766],[129.19696,35.53715],[129.19676,35.53687],[129.19615,35.53623],[129.19607,35.53622],[129.19424,35.53746],[129.19418,35.53751],[129.19407,35.53762],[129.194,35.53771],[129.19396,35.53779],[129.19391,35.53797],[129.19341,35.54025],[129.19342,35.54031],[129.1935,35.54049],[129.19395,35.54146],[129.19447,35.54256],[129.19463,35.54278],[129.19466,35.54286],[129.19466,35.54298],[129.19437,35.54352],[129.19424,35.54373],[129.19401,35.54398],[129.19365,35.54436],[129.19342,35.54459],[129.19332,35.5447],[129.19188,35.54469],[129.18913,35.54482],[129.18788,35.54502],[129.18769,35.54503],[129.18746,35.545],[129.18724,35.54492],[129.18559,35.54437],[129.18492,35.54409],[129.18192,35.5427],[129.18178,35.54262],[129.18146,35.54234],[129.18061,35.54138],[129.18045,35.54109],[129.18036,35.54082],[129.18032,35.54049],[129.18027,35.54029],[129.1801,35.53998],[129.17989,35.53968],[129.17816,35.53776],[129.17777,35.53749],[129.17732,35.53723],[129.17676,35.53694],[129.17634,35.53675],[129.17572,35.53652],[129.17535,35.53643],[129.17147,35.53551],[129.17096,35.5354],[129.16988,35.53525],[129.16963,35.53522],[129.16937,35.53521],[129.16903,35.53525],[129.16885,35.53531],[129.1686,35.53542],[129.16834,35.53555],[129.16805,35.53575],[129.16753,35.53601],[129.16713,35.53622],[129.16693,35.53632],[129.1647,35.53728],[129.16451,35.53735],[129.15672,35.53992],[129.15593,35.53992],[129.15569,35.5399],[129.15554,35.53988],[129.15546,35.53986],[129.15328,35.53932],[129.15316,35.53929],[129.15265,35.5391],[129.15199,35.53885],[129.15095,35.53823],[129.15022,35.53761],[129.14744,35.53837],[129.14743,35.53845],[129.14739,35.53852],[129.14735,35.53861],[129.14687,35.53935],[129.14679,35.53949],[129.14496,35.5416],[129.14392,35.54241],[129.1438,35.5425],[129.14363,35.54259],[129.14342,35.54266],[129.14321,35.54271],[129.14305,35.54273],[129.14285,35.54275],[129.14264,35.54275],[129.14239,35.54273],[129.14221,35.54268],[129.14195,35.54259],[129.14163,35.54245],[129.14127,35.54224],[129.14107,35.5421],[129.14073,35.54188],[129.14063,35.54185],[129.13892,35.54139],[129.13881,35.5414],[129.13844,35.54147],[129.13815,35.5416],[129.13801,35.54177],[129.13795,35.54192],[129.13793,35.54212],[129.13803,35.54236],[129.14032,35.54474],[129.14098,35.54531],[129.14184,35.54584],[129.142,35.54592],[129.1425,35.5461],[129.14362,35.54643],[129.14411,35.54656],[129.14449,35.54664],[129.14097,35.55265],[129.14007,35.5539],[129.13913,35.55501],[129.13381,35.55844],[129.13097,35.55997],[129.1301,35.56043],[129.12944,35.56071],[129.1281,35.56119],[129.12764,35.5613],[129.12738,35.56137],[129.12526,35.56201],[129.12202,35.56311],[129.11864,35.56414],[129.1183,35.56423],[129.11759,35.56435],[129.11721,35.56433],[129.11684,35.56431],[129.11632,35.56421],[129.11199,35.56343],[129.11165,35.56396],[129.11055,35.56516],[129.10979,35.56583],[129.10937,35.56623],[129.10886,35.56681],[129.10878,35.5669],[129.10855,35.56725],[129.10823,35.56783],[129.10808,35.56816],[129.10733,35.57033],[129.10729,35.57045],[129.10728,35.57049],[129.10728,35.57056],[129.10733,35.57064],[129.10751,35.57083],[129.10848,35.57168],[129.10867,35.57185],[129.10883,35.57199],[129.10895,35.57208],[129.1092,35.57222],[129.10939,35.57231],[129.10973,35.57244],[129.10989,35.57251],[129.1103,35.57268],[129.11057,35.57285],[129.11088,35.57304],[129.11112,35.57324],[129.11235,35.5744],[129.11247,35.57452],[129.11267,35.57477],[129.11414,35.57752],[129.11452,35.57829],[129.11472,35.57873],[129.11477,35.57887],[129.11478,35.57894],[129.11476,35.57917],[129.11474,35.57929],[129.11468,35.57951],[129.11464,35.57965],[129.1146,35.57977],[129.11458,35.57986],[129.11457,35.57999],[129.11457,35.58006],[129.11459,35.5801],[129.11462,35.58015],[129.11556,35.58124],[129.11904,35.58552],[129.11979,35.58654],[129.122,35.5896],[129.12222,35.59027],[129.12232,35.59059],[129.12238,35.59217],[129.12261,35.60143],[129.12256,35.60148],[129.11697,35.60535],[129.11684,35.60542],[129.11673,35.60546],[129.11311,35.60694],[129.11301,35.60697],[129.11256,35.60697],[129.11096,35.60695],[129.10986,35.60688],[129.10956,35.60684],[129.10935,35.60683],[129.10921,35.60685],[129.1091,35.60686],[129.10818,35.607],[129.10804,35.60702],[129.10632,35.60736],[129.10622,35.60738],[129.10613,35.60741],[129.10189,35.60936],[129.10177,35.60946],[129.10165,35.6096],[129.10133,35.61015],[129.1006,35.61156],[129.10048,35.61182],[129.10039,35.61207],[129.09907,35.61499],[129.09573,35.61935],[129.09402,35.62147],[129.0927,35.62308],[129.092,35.6242],[129.09097,35.62914],[129.09095,35.62935],[129.09096,35.62964],[129.09107,35.63034],[129.09113,35.63047],[129.09141,35.63102],[129.09154,35.63122],[129.09269,35.63294],[129.09348,35.63292],[129.0964,35.63333],[129.09894,35.63371],[129.1033,35.63407],[129.10461,35.63409],[129.10727,35.63376],[129.10734,35.63375],[129.10741,35.63372],[129.10746,35.6337],[129.11352,35.63103],[129.1136,35.63099],[129.11365,35.63096],[129.11473,35.62985],[129.1148,35.62978],[129.11485,35.62971],[129.1151,35.62939],[129.11547,35.6289],[129.11552,35.62883],[129.11562,35.62869],[129.11563,35.62866],[129.11566,35.62859],[129.1157,35.62848],[129.11572,35.62837],[129.11574,35.62824],[129.11574,35.62817],[129.11576,35.62811],[129.11577,35.62805],[129.11578,35.62801],[129.11588,35.62775],[129.11601,35.62748],[129.11665,35.62641],[129.11676,35.62625],[129.11749,35.62523],[129.11758,35.62515],[129.11771,35.62506],[129.11787,35.625],[129.11806,35.62493],[129.11823,35.62488],[129.11841,35.62485],[129.11865,35.62483],[129.11961,35.62484],[129.11982,35.62486],[129.12091,35.62499],[129.12106,35.62509],[129.12129,35.62525],[129.12176,35.62519],[129.12595,35.62426],[129.126,35.62424],[129.12605,35.6242],[129.12666,35.62351],[129.12671,35.62345],[129.12672,35.6234],[129.12672,35.62333],[129.12669,35.62317],[129.12661,35.62296],[129.12653,35.62267],[129.12651,35.62255],[129.1265,35.62247],[129.12654,35.62237],[129.12678,35.62164],[129.12685,35.62153],[129.12697,35.62136],[129.12722,35.62106],[129.12727,35.62102],[129.12909,35.61945],[129.13001,35.61884],[129.13008,35.61882],[129.13015,35.61877],[129.13025,35.61867],[129.13131,35.61729],[129.1314,35.61715],[129.13288,35.61479],[129.13397,35.61288],[129.13398,35.61262],[129.134,35.61249],[129.13403,35.61237],[129.13407,35.61228],[129.13416,35.61215],[129.13427,35.61201],[129.13586,35.61027],[129.13592,35.61022],[129.13598,35.61017],[129.13606,35.61015],[129.13616,35.61012],[129.13795,35.60991],[129.138,35.60991],[129.13807,35.60992],[129.14169,35.61127],[129.1419,35.61157],[129.14301,35.61252],[129.14397,35.61263],[129.14471,35.61168],[129.14627,35.6103],[129.14662,35.61013],[129.14733,35.60966],[129.14771,35.60929],[129.14849,35.60829],[129.15003,35.60769],[129.15291,35.60802],[129.15295,35.60803],[129.15318,35.60815],[129.15338,35.60826],[129.15491,35.60928],[129.15497,35.60933],[129.15505,35.60942],[129.15562,35.61008],[129.1561,35.61065],[129.15645,35.61098],[129.1576,35.61182],[129.15768,35.61187],[129.15779,35.61191],[129.15785,35.61192],[129.1579,35.61192],[129.15876,35.61172],[129.15976,35.61114],[129.16145,35.60974],[129.16305,35.60854],[129.16308,35.60852],[129.16345,35.60828],[129.16361,35.60818],[129.16369,35.60814],[129.16444,35.60782],[129.1645,35.6078],[129.16642,35.60731],[129.16645,35.6073],[129.1665,35.6073],[129.17026,35.60742],[129.17039,35.60742],[129.17233,35.60769],[129.17238,35.60771],[129.1724,35.60775],[129.17192,35.60858],[129.17142,35.60906],[129.17142,35.60914],[129.17148,35.60924],[129.17327,35.61155],[129.17342,35.6117],[129.17379,35.612],[129.17434,35.61233],[129.17458,35.61246],[129.17755,35.61396],[129.17777,35.61406],[129.17812,35.61417],[129.17833,35.61423],[129.17961,35.61442],[129.18384,35.61489],[129.18515,35.61485],[129.18773,35.61598],[129.19105,35.61876],[129.19109,35.61879],[129.19112,35.61883],[129.19101,35.62054],[129.19069,35.62136],[129.19053,35.62169],[129.19031,35.62203],[129.19017,35.62222],[129.19012,35.62229],[129.18996,35.62247],[129.1898,35.62263],[129.18974,35.62271],[129.1897,35.62281],[129.1897,35.62287],[129.1897,35.62293],[129.18978,35.62324],[129.18982,35.62338],[129.19057,35.62586],[129.19233,35.62841],[129.19237,35.62846],[129.19243,35.62851],[129.19252,35.62857],[129.19269,35.62862],[129.19284,35.62865],[129.193,35.62867],[129.19313,35.62869],[129.19327,35.6287],[129.19338,35.6287],[129.1935,35.6287],[129.19364,35.62867],[129.19383,35.62863],[129.19395,35.6286],[129.19415,35.62852],[129.19437,35.62843],[129.19456,35.62836],[129.19471,35.62832],[129.19484,35.62829],[129.19494,35.62827],[129.19504,35.62826],[129.1951,35.62826],[129.1952,35.62828],[129.19528,35.62832],[129.19541,35.62839],[129.1955,35.62847],[129.19557,35.62855],[129.19762,35.63159],[129.19767,35.63166],[129.19771,35.63173],[129.19779,35.63197],[129.19783,35.63214],[129.19783,35.63222],[129.19783,35.63243],[129.19784,35.63252],[129.19785,35.63257],[129.19787,35.63262],[129.1979,35.63267],[129.1985,35.63341],[129.19861,35.63354],[129.19865,35.63359],[129.19872,35.63366],[129.19892,35.63386],[129.19898,35.6339],[129.19911,35.63398],[129.19919,35.63401],[129.19925,35.63404],[129.19939,35.63408],[129.19951,35.63412],[129.19963,35.63413],[129.20269,35.63442],[129.20294,35.63444],[129.20314,35.63444],[129.20333,35.63443],[129.20347,35.63441],[129.20359,35.63438],[129.20402,35.63424],[129.20411,35.63419],[129.20416,35.63416],[129.20423,35.6341],[129.20495,35.6331],[129.21021,35.6279],[129.21054,35.62759],[129.21068,35.62746],[129.21098,35.62725],[129.21105,35.62719],[129.21116,35.62713],[129.21122,35.6271],[129.21127,35.62709],[129.21148,35.62708],[129.21207,35.62698],[129.21323,35.62646],[129.21353,35.62625],[129.21466,35.62542]]]]}},{"type":"Feature","properties":{"adm_cd":"26510130","adm_nm":"울산광역시 울주군 온양읍"},"geometry":{"type":"MultiPolygon","coordinates":[[[[129.29771,35.45729],[129.29784,35.45709],[129.29812,35.45619],[129.2983,35.45543],[129.29884,35.45233],[129.29884,35.45177],[129.29857,35.45133],[129.29801,35.45055],[129.29676,35.4478],[129.29729,35.44469],[129.29692,35.44189],[129.29381,35.44059],[129.29357,35.44073],[129.29334,35.44083],[129.29251,35.4412],[129.29242,35.44124],[129.28985,35.44159],[129.2898,35.44159],[129.28726,35.44152],[129.28719,35.44152],[129.28711,35.44149],[129.28471,35.44058],[129.28443,35.43853],[129.28442,35.43196],[129.28518,35.4295],[129.28547,35.42878],[129.2855,35.42872],[129.28564,35.42839],[129.28585,35.42803],[129.28646,35.4274],[129.28666,35.42721],[129.28908,35.42553],[129.2923,35.42507],[129.29302,35.4249],[129.2933,35.42481],[129.29384,35.42462],[129.29422,35.42448],[129.29448,35.42439],[129.2977,35.42311],[129.29826,35.42289],[129.30229,35.42373],[129.30238,35.42388],[129.30359,35.42575],[129.30375,35.42599],[129.30459,35.42696],[129.30493,35.42728],[129.30531,35.42761],[129.30538,35.42763],[129.30544,35.42763],[129.30552,35.42761],[129.31158,35.42479],[129.31176,35.4247],[129.31181,35.42462],[129.31184,35.4245],[129.31186,35.42434],[129.31146,35.42343],[129.31027,35.42161],[129.30915,35.41988],[129.30892,35.41949],[129.30885,35.41927],[129.30885,35.41914],[129.30889,35.41904],[129.30903,35.41889],[129.30924,35.41878],[129.30989,35.41863],[129.31054,35.41857],[129.31096,35.41855],[129.31119,35.4185],[129.31141,35.41842],[129.31158,35.41831],[129.3124,35.41774],[129.3125,35.41763],[129.31259,35.41742],[129.31262,35.41715],[129.31272,35.41577],[129.31272,35.41547],[129.3127,35.41529],[129.31234,35.4131],[129.31229,35.41282],[129.31223,35.41264],[129.31207,35.41229],[129.31185,35.41197],[129.3106,35.41027],[129.31035,35.41],[129.31009,35.4098],[129.30986,35.40969],[129.30968,35.40955],[129.30894,35.40873],[129.30867,35.40838],[129.30852,35.40805],[129.30768,35.40581],[129.30763,35.40544],[129.30765,35.40522],[129.30771,35.40506],[129.30783,35.4049],[129.30804,35.40471],[129.30766,35.40357],[129.30584,35.40132],[129.30394,35.39942],[129.30222,35.39549],[129.30276,35.39421],[129.30274,35.39397],[129.30182,35.39188],[129.30111,35.38705],[129.30106,35.38686],[129.30101,35.3867],[129.3007,35.38587],[129.30058,35.38569],[129.30021,35.38518],[129.29994,35.38484],[129.29972,35.38464],[129.29938,35.38451],[129.29924,35.38445],[129.2991,35.38442],[129.29891,35.38434],[129.29875,35.38426],[129.29654,35.38279],[129.29644,35.38269],[129.29624,35.38234],[129.29611,35.38204],[129.29589,35.38153],[129.29584,35.38133],[129.2955,35.37963],[129.29367,35.3775],[129.29336,35.37717],[129.29289,35.37684],[129.29224,35.37655],[129.29176,35.3765],[129.29158,35.3765],[129.2911,35.37649],[129.29049,35.37678],[129.29022,35.37707],[129.29005,35.3773],[129.2899,35.37754],[129.28616,35.37953],[129.282,35.37978],[129.28189,35.37981],[129.28161,35.37988],[129.28123,35.38007],[129.27667,35.38244],[129.27648,35.38257],[129.27635,35.38269],[129.27482,35.38482],[129.27478,35.38488],[129.27475,35.38553],[129.27475,35.38569],[129.27476,35.38583],[129.27492,35.38711],[129.27498,35.38743],[129.27501,35.38756],[129.2758,35.38953],[129.2759,35.38975],[129.27607,35.38998],[129.27624,35.39019],[129.27635,35.39027],[129.27656,35.39035],[129.2768,35.39041],[129.27701,35.39049],[129.27714,35.39059],[129.27723,35.39069],[129.27725,35.39078],[129.27724,35.39086],[129.27706,35.39152],[129.27646,35.39201],[129.27399,35.39279],[129.27212,35.39318],[129.27077,35.39383],[129.27033,35.39406],[129.27,35.39425],[129.26998,35.39429],[129.26987,35.39468],[129.2698,35.3948],[129.26962,35.3949],[129.26943,35.39495],[129.2691,35.39496],[129.26879,35.39492],[129.26642,35.39427],[129.26595,35.39399],[129.26525,35.39328],[129.26521,35.3932],[129.26511,35.39276],[129.2651,35.39246],[129.26512,35.39227],[129.26527,35.39169],[129.26544,35.39092],[129.26555,35.39008],[129.26569,35.38778],[129.26537,35.38627],[129.26527,35.38647],[129.26234,35.38558],[129.25995,35.38464],[129.25663,35.38479],[129.2562,35.38484],[129.25612,35.38485],[129.25509,35.38553],[129.25457,35.38602],[129.25451,35.38648],[129.25343,35.38685],[129.252,35.38721],[129.25194,35.38719],[129.25091,35.3868],[129.25079,35.38615],[129.2512,35.38572],[129.25095,35.38455],[129.25039,35.38376],[129.2492,35.38349],[129.24736,35.38474],[129.24196,35.38565],[129.24164,35.3857],[129.24131,35.38558],[129.23669,35.38227],[129.23617,35.38092],[129.23581,35.38039],[129.23564,35.38031],[129.23369,35.3806],[129.23282,35.38091],[129.23235,35.38122],[129.2312,35.38161],[129.2304,35.38147],[129.22628,35.3806],[129.22408,35.38005],[129.22335,35.37962],[129.22295,35.37947],[129.22267,35.37941],[129.22198,35.3793],[129.21772,35.37867],[129.21736,35.37869],[129.21095,35.38044],[129.20903,35.381],[129.20871,35.38117],[129.20431,35.38429],[129.2034,35.38515],[129.20321,35.3855],[129.20315,35.38583],[129.20297,35.38787],[129.20369,35.38891],[129.20535,35.39159],[129.20539,35.39171],[129.20556,35.39226],[129.20571,35.39265],[129.20591,35.39308],[129.20601,35.39327],[129.20609,35.3934],[129.20614,35.39347],[129.20626,35.39361],[129.20709,35.39436],[129.20718,35.39442],[129.20734,35.39446],[129.20746,35.3945],[129.20762,35.39457],[129.20784,35.39469],[129.20808,35.39484],[129.20818,35.39493],[129.20827,35.39501],[129.20949,35.39627],[129.21006,35.39687],[129.21015,35.39702],[129.21019,35.39712],[129.21062,35.39934],[129.21072,35.40003],[129.21073,35.40012],[129.21519,35.40387],[129.21525,35.404],[129.21536,35.40457],[129.21548,35.40499],[129.21569,35.40523],[129.21715,35.40679],[129.21725,35.40687],[129.21882,35.4077],[129.21929,35.40782],[129.21958,35.4079],[129.21971,35.40797],[129.21981,35.40811],[129.21996,35.4084],[129.21999,35.40877],[129.21992,35.40901],[129.21986,35.40917],[129.21925,35.41043],[129.21865,35.41147],[129.21824,35.41214],[129.2176,35.41306],[129.21744,35.41323],[129.21643,35.41385],[129.21572,35.41419],[129.21556,35.41424],[129.21256,35.41751],[129.21134,35.41908],[129.21119,35.41921],[129.21035,35.41972],[129.21024,35.41972],[129.20808,35.41998],[129.2073,35.42012],[129.20313,35.42094],[129.20271,35.42115],[129.20215,35.42146],[129.20202,35.4216],[129.20018,35.42413],[129.20019,35.42421],[129.20109,35.42881],[129.2022,35.42999],[129.20304,35.43029],[129.20525,35.43106],[129.206,35.4312],[129.20634,35.43125],[129.20673,35.43126],[129.2069,35.43125],[129.20698,35.43128],[129.2071,35.43138],[129.20876,35.43724],[129.20888,35.43796],[129.2089,35.43847],[129.2089,35.43976],[129.2087,35.44007],[129.20863,35.44015],[129.20863,35.44026],[129.20868,35.44036],[129.20886,35.44057],[129.20912,35.44075],[129.21183,35.4418],[129.21278,35.44203],[129.21342,35.44225],[129.21483,35.44276],[129.21491,35.4428],[129.21493,35.44286],[129.21464,35.44384],[129.21455,35.44411],[129.21452,35.44421],[129.21439,35.44441],[129.21407,35.44483],[129.214,35.44494],[129.21401,35.44501],[129.21524,35.44667],[129.2154,35.44687],[129.21598,35.44748],[129.21685,35.44838],[129.21699,35.44848],[129.21707,35.44849],[129.21913,35.44853],[129.21933,35.44851],[129.21954,35.44847],[129.21986,35.44836],[129.22036,35.44816],[129.22064,35.44803],[129.22087,35.44802],[129.2212,35.44805],[129.2231,35.4484],[129.22338,35.44846],[129.22342,35.44848],[129.22351,35.44852],[129.22507,35.44954],[129.22594,35.45059],[129.22606,35.45073],[129.22711,35.45186],[129.22915,35.45323],[129.2293,35.45329],[129.23028,35.45364],[129.2314,35.45403],[129.23158,35.45408],[129.23167,35.45409],[129.23172,35.45409],[129.23509,35.45333],[129.2353,35.45327],[129.23547,35.45322],[129.23552,35.45318],[129.23555,35.45314],[129.23555,35.45308],[129.23562,35.45236],[129.23579,35.45153],[129.23588,35.45136],[129.23619,35.45115],[129.2378,35.45045],[129.23809,35.45035],[129.24147,35.45004],[129.24165,35.45004],[129.24184,35.4501],[129.24341,35.45064],[129.24424,35.451],[129.24491,35.45102],[129.24513,35.45108],[129.24698,35.45203],[129.24707,35.45209],[129.2472,35.45228],[129.2474,35.45273],[129.24762,35.45311],[129.24771,35.45321],[129.24794,35.45345],[129.24825,35.45369],[129.24847,35.45386],[129.24894,35.45415],[129.249,35.45416],[129.24909,35.45416],[129.24919,35.45416],[129.25024,35.4538],[129.25233,35.45305],[129.25238,35.45303],[129.25271,35.45259],[129.25293,35.45225],[129.25347,35.45153],[129.25383,35.45116],[129.25385,35.45114],[129.25401,35.45099],[129.25407,35.45095],[129.25413,35.45095],[129.25423,35.45097],[129.25523,35.45117],[129.25551,35.45124],[129.25588,35.45136],[129.2561,35.45145],[129.25818,35.45199],[129.26174,35.45292],[129.26205,35.45289],[129.26279,35.45279],[129.26304,35.45274],[129.26698,35.45243],[129.26709,35.45243],[129.26857,35.45237],[129.26874,35.45237],[129.27196,35.45266],[129.27206,35.45267],[129.27296,35.45281],[129.27307,35.45282],[129.27323,35.45287],[129.27334,35.4529],[129.27344,35.45296],[129.27354,35.45303],[129.27861,35.45715],[129.27866,35.4572],[129.27869,35.45726],[129.27875,35.45741],[129.27882,35.45799],[129.27881,35.45806],[129.27876,35.45815],[129.27867,35.45825],[129.27839,35.45847],[129.27903,35.46031],[129.28415,35.46206],[129.28429,35.46211],[129.28443,35.46214],[129.28456,35.46215],[129.2866,35.46226],[129.28676,35.46226],[129.28699,35.46221],[129.28721,35.46213],[129.28736,35.46206],[129.28759,35.46195],[129.28846,35.46154],[129.28866,35.46144],[129.28908,35.46125],[129.28937,35.46113],[129.28962,35.46104],[129.29003,35.46091],[129.29046,35.46078],[129.29063,35.46074],[129.29098,35.46067],[129.2913,35.46063],[129.2916,35.46061],[129.2925,35.46048],[129.29317,35.46035],[129.29355,35.46025],[129.29365,35.46022],[129.29408,35.46005],[129.29445,35.45988],[129.29549,35.45939],[129.29574,35.45927],[129.29604,35.45909],[129.29634,35.4589],[129.29658,35.4587],[129.29673,35.45856],[129.29689,35.45838],[129.29715,35.45807],[129.29734,35.45782],[129.29743,35.45768],[129.29771,35.45729]]]]}},{"type":"Feature","properties":{"adm_cd":"26510140","adm_nm":"울산광역시 울주군 범서읍"},"geometry":{"type":"MultiPolygon","coordinates":[[[[129.29581,35.6443],[129.29712,35.64279],[129.29664,35.64192],[129.29621,35.63891],[129.29619,35.63839],[129.29678,35.63509],[129.29681,35.63494],[129.297,35.63387],[129.29782,35.6332],[129.29819,35.63241],[129.29826,35.63106],[129.29758,35.62887],[129.29698,35.62771],[129.29653,35.62723],[129.2957,35.62692],[129.29465,35.62583],[129.29455,35.62061],[129.29462,35.61847],[129.29537,35.61792],[129.29664,35.61725],[129.29783,35.61688],[129.29991,35.61474],[129.30014,35.61419],[129.29937,35.60944],[129.29907,35.60889],[129.29847,35.60846],[129.29742,35.60792],[129.29653,35.60767],[129.29608,35.60719],[129.29305,35.60255],[129.29291,35.6016],[129.2929,35.60071],[129.29286,35.60053],[129.29281,35.60036],[129.29159,35.59829],[129.29141,35.59816],[129.2901,35.59728],[129.28954,35.59619],[129.28947,35.59543],[129.29013,35.59483],[129.29032,35.59423],[129.29117,35.59039],[129.29114,35.58872],[129.2911,35.58694],[129.29102,35.58632],[129.291,35.5862],[129.29096,35.58608],[129.29072,35.58559],[129.29066,35.58552],[129.2892,35.58441],[129.28914,35.58437],[129.28873,35.58417],[129.28863,35.58414],[129.28613,35.58343],[129.2859,35.58341],[129.28569,35.58345],[129.2839,35.58399],[129.28217,35.58392],[129.27782,35.58519],[129.27356,35.58606],[129.27329,35.58613],[129.27303,35.58622],[129.2727,35.58638],[129.27252,35.58648],[129.27175,35.58703],[129.27131,35.58721],[129.27101,35.58731],[129.27056,35.58738],[129.27023,35.58739],[129.26778,35.58701],[129.26747,35.5869],[129.26733,35.58676],[129.26706,35.58641],[129.26679,35.58598],[129.26602,35.58439],[129.26537,35.58304],[129.2653,35.58264],[129.2653,35.58239],[129.26548,35.58091],[129.26331,35.58066],[129.26234,35.58113],[129.26217,35.58115],[129.2621,35.58117],[129.26188,35.58117],[129.2601,35.58094],[129.25937,35.58073],[129.25797,35.58013],[129.25781,35.58004],[129.25711,35.57952],[129.25708,35.57944],[129.25698,35.5791],[129.25691,35.57868],[129.25691,35.5785],[129.25695,35.57849],[129.25917,35.5759],[129.2613,35.57272],[129.2616,35.57211],[129.26189,35.5695],[129.26189,35.56897],[129.26148,35.56742],[129.26094,35.56622],[129.26081,35.56549],[129.26107,35.56246],[129.26229,35.56109],[129.26519,35.5574],[129.26512,35.55728],[129.26437,35.55589],[129.26181,35.55411],[129.26055,35.55211],[129.26029,35.55229],[129.25988,35.55255],[129.25782,35.55392],[129.25779,35.55393],[129.25625,35.55475],[129.2544,35.55317],[129.25393,35.55263],[129.2529,35.55134],[129.25231,35.54955],[129.2494,35.54549],[129.24719,35.54393],[129.24418,35.54284],[129.24323,35.54145],[129.24197,35.53988],[129.24192,35.53983],[129.24185,35.53978],[129.24174,35.5397],[129.24159,35.53964],[129.24149,35.53961],[129.24134,35.5396],[129.2409,35.53959],[129.24016,35.53955],[129.239,35.53948],[129.23882,35.53946],[129.23742,35.53717],[129.23667,35.53622],[129.23617,35.53588],[129.23591,35.53586],[129.23571,35.53588],[129.23397,35.53634],[129.23108,35.53693],[129.23084,35.53703],[129.22961,35.53753],[129.22952,35.53755],[129.22942,35.53752],[129.22921,35.53741],[129.22909,35.53733],[129.22895,35.53722],[129.22885,35.53715],[129.22869,35.53701],[129.22858,35.53693],[129.22833,35.53676],[129.22815,35.53668],[129.228,35.53663],[129.2237,35.53561],[129.21646,35.53408],[129.2162,35.53404],[129.21594,35.53406],[129.21577,35.5341],[129.21551,35.53419],[129.21502,35.53438],[129.21459,35.53449],[129.21435,35.53458],[129.21412,35.53469],[129.214,35.53478],[129.2139,35.53487],[129.21334,35.53549],[129.21329,35.53558],[129.21262,35.53762],[129.21255,35.53792],[129.21252,35.53809],[129.21253,35.53825],[129.21256,35.53836],[129.21267,35.5386],[129.2128,35.53888],[129.21294,35.53919],[129.213,35.53936],[129.21313,35.53973],[129.21314,35.53983],[129.2131,35.5399],[129.2122,35.54137],[129.21213,35.54143],[129.21205,35.54146],[129.21035,35.54139],[129.20946,35.54116],[129.2093,35.54107],[129.20862,35.5407],[129.20854,35.54069],[129.20678,35.54118],[129.20671,35.54122],[129.20666,35.54129],[129.20581,35.54232],[129.20355,35.54343],[129.20346,35.54349],[129.20338,35.54355],[129.20326,35.54364],[129.20321,35.54369],[129.20314,35.54377],[129.20275,35.54426],[129.20272,35.54429],[129.20087,35.54843],[129.20111,35.55118],[129.20128,35.55138],[129.20133,35.55147],[129.20134,35.5515],[129.20174,35.55456],[129.20207,35.55929],[129.20204,35.5595],[129.20197,35.56002],[129.20078,35.56551],[129.20069,35.56585],[129.20061,35.56601],[129.20056,35.56611],[129.20049,35.56616],[129.20024,35.5662],[129.19971,35.56622],[129.19929,35.56623],[129.19887,35.56624],[129.19847,35.56623],[129.19808,35.56619],[129.19756,35.56614],[129.19575,35.56599],[129.19535,35.56598],[129.19525,35.56598],[129.19517,35.56599],[129.19495,35.56601],[129.19482,35.56606],[129.19475,35.56609],[129.19469,35.56613],[129.1946,35.5662],[129.19455,35.56625],[129.19449,35.56636],[129.19444,35.56661],[129.19444,35.56684],[129.19445,35.567],[129.19456,35.56728],[129.19468,35.56749],[129.19477,35.56762],[129.19494,35.56782],[129.19511,35.56801],[129.19531,35.56829],[129.19553,35.56861],[129.19586,35.56914],[129.1959,35.56923],[129.19591,35.56964],[129.19542,35.57219],[129.19538,35.57221],[129.19534,35.57224],[129.19528,35.57226],[129.19408,35.57271],[129.1931,35.57301],[129.193,35.57303],[129.19294,35.57304],[129.19286,35.57306],[129.19263,35.57314],[129.19255,35.57318],[129.1925,35.57321],[129.19244,35.57326],[129.19005,35.57602],[129.18983,35.57633],[129.18997,35.57717],[129.18999,35.57731],[129.19008,35.57764],[129.19014,35.57777],[129.19019,35.57787],[129.19025,35.57798],[129.19041,35.57812],[129.19051,35.57819],[129.1915,35.57881],[129.19165,35.5789],[129.19399,35.58046],[129.1965,35.58239],[129.19718,35.58294],[129.20155,35.58684],[129.20165,35.58695],[129.20172,35.58704],[129.20183,35.58721],[129.20195,35.58741],[129.20207,35.58762],[129.20212,35.58775],[129.20214,35.58787],[129.20215,35.58822],[129.20213,35.58886],[129.20203,35.59018],[129.20193,35.591],[129.20191,35.59114],[129.20138,35.59289],[129.20092,35.594],[129.20083,35.59411],[129.2004,35.59488],[129.2004,35.59493],[129.20054,35.59598],[129.20061,35.59624],[129.20069,35.59644],[129.20079,35.59656],[129.20091,35.59667],[129.20122,35.59693],[129.20145,35.59707],[129.20353,35.5998],[129.20358,35.59989],[129.20452,35.6017],[129.20455,35.60175],[129.20458,35.60178],[129.20629,35.60327],[129.20633,35.6033],[129.20656,35.60344],[129.20662,35.60348],[129.20684,35.60358],[129.20693,35.60362],[129.20895,35.60438],[129.21193,35.60525],[129.21203,35.60527],[129.21207,35.60527],[129.21224,35.60525],[129.21239,35.60523],[129.21257,35.60521],[129.21264,35.60521],[129.2127,35.60521],[129.21273,35.60522],[129.21276,35.60524],[129.21278,35.60528],[129.2136,35.60698],[129.21365,35.60708],[129.21369,35.60719],[129.21371,35.60728],[129.21372,35.60741],[129.21373,35.60747],[129.21372,35.60754],[129.21371,35.60759],[129.21369,35.60762],[129.21366,35.60767],[129.21364,35.60771],[129.2136,35.60776],[129.21284,35.60858],[129.21213,35.60921],[129.21203,35.60928],[129.21197,35.60933],[129.21195,35.60935],[129.21195,35.6094],[129.21187,35.61191],[129.21187,35.61196],[129.21218,35.6133],[129.2122,35.61338],[129.21222,35.61341],[129.21225,35.61343],[129.21236,35.6135],[129.21264,35.61366],[129.21293,35.61383],[129.21402,35.61462],[129.2161,35.61627],[129.21652,35.61662],[129.21742,35.61746],[129.21747,35.61753],[129.21748,35.61756],[129.21678,35.62238],[129.21676,35.62248],[129.21674,35.62252],[129.21671,35.62258],[129.21668,35.62265],[129.21557,35.62475],[129.21466,35.62542],[129.2177,35.62601],[129.22124,35.62819],[129.22126,35.62825],[129.2213,35.62834],[129.22134,35.62838],[129.22137,35.62843],[129.22142,35.6285],[129.22231,35.62956],[129.22237,35.62963],[129.22248,35.62974],[129.22271,35.62995],[129.22312,35.63027],[129.22329,35.63039],[129.22487,35.63153],[129.225,35.63161],[129.22517,35.6317],[129.22529,35.63176],[129.22595,35.63205],[129.22603,35.63208],[129.22715,35.63251],[129.22794,35.63275],[129.22803,35.63278],[129.22818,35.63282],[129.22827,35.63283],[129.22837,35.63284],[129.23281,35.63288],[129.23287,35.63288],[129.23296,35.63285],[129.233,35.63283],[129.23302,35.63279],[129.23306,35.63273],[129.23314,35.63257],[129.23316,35.63251],[129.23319,35.63247],[129.23323,35.63245],[129.23328,35.63243],[129.23983,35.63018],[129.23997,35.63014],[129.24069,35.62992],[129.24085,35.62987],[129.24094,35.62985],[129.24116,35.62979],[129.24172,35.62965],[129.24209,35.62957],[129.24238,35.62951],[129.24244,35.6295],[129.24249,35.62951],[129.24252,35.62953],[129.24345,35.63144],[129.2435,35.63153],[129.24352,35.63162],[129.24352,35.63175],[129.24352,35.63189],[129.24347,35.63262],[129.24346,35.63267],[129.24321,35.63358],[129.24295,35.63449],[129.24293,35.63459],[129.24293,35.63465],[129.24294,35.6347],[129.24296,35.63477],[129.24298,35.63484],[129.24304,35.63503],[129.24311,35.63516],[129.24392,35.63655],[129.24404,35.63675],[129.2441,35.63683],[129.24418,35.63692],[129.24424,35.63697],[129.24436,35.63706],[129.24455,35.63718],[129.24451,35.63913],[129.24404,35.64064],[129.24381,35.64355],[129.2438,35.64366],[129.2438,35.64378],[129.24386,35.64483],[129.24388,35.6449],[129.2439,35.64495],[129.24545,35.64824],[129.24765,35.64904],[129.24771,35.64905],[129.24789,35.64916],[129.24864,35.64981],[129.24869,35.64986],[129.24932,35.6512],[129.25016,35.65307],[129.25017,35.65312],[129.25221,35.6566],[129.25416,35.65877],[129.25517,35.66034],[129.25609,35.65997],[129.25628,35.65986],[129.25645,35.65972],[129.25742,35.65885],[129.25753,35.65873],[129.2576,35.65863],[129.25766,35.65851],[129.2577,35.65834],[129.25793,35.6576],[129.25813,35.65703],[129.25826,35.6568],[129.26008,35.65451],[129.26024,35.65442],[129.26036,35.65438],[129.26047,35.65435],[129.26152,35.65422],[129.26238,35.65412],[129.26261,35.65408],[129.26281,35.65405],[129.26471,35.65366],[129.265,35.65356],[129.26784,35.65226],[129.26795,35.65219],[129.2695,35.65104],[129.27163,35.65215],[129.27198,35.65228],[129.27359,35.65272],[129.27382,35.65278],[129.27405,35.65281],[129.27429,35.65285],[129.27476,35.65288],[129.27487,35.65289],[129.27529,35.65289],[129.27549,35.65287],[129.27588,35.65279],[129.27635,35.65264],[129.27643,35.6526],[129.27652,35.65252],[129.27664,35.6524],[129.27676,35.65228],[129.27706,35.65201],[129.27746,35.6517],[129.27838,35.65116],[129.27866,35.651],[129.27908,35.65078],[129.28053,35.65014],[129.28192,35.64957],[129.28214,35.64949],[129.28219,35.64948],[129.28226,35.64948],[129.28236,35.64949],[129.28247,35.64955],[129.28344,35.65018],[129.28351,35.65023],[129.28357,35.6503],[129.2836,35.6504],[129.28364,35.65057],[129.28366,35.65066],[129.28367,35.6507],[129.28382,35.65101],[129.28401,35.65123],[129.28417,35.6514],[129.28425,35.65146],[129.28436,35.6515],[129.28443,35.65149],[129.28451,35.65145],[129.29022,35.64797],[129.29032,35.64789],[129.29037,35.64779],[129.29041,35.64755],[129.29043,35.64722],[129.29046,35.64698],[129.29049,35.64676],[129.29061,35.64651],[129.29182,35.64521],[129.2919,35.64516],[129.29208,35.64509],[129.29507,35.64437],[129.29529,35.64433],[129.29557,35.64431],[129.29581,35.6443]]]]}},{"type":"Feature","properties":{"adm_cd":"26510310","adm_nm":"울산광역시 울주군 서생면"},"geometry":{"type":"MultiPolygon","coordinates":[[[[129.34651,35.38942],[129.34662,35.38867],[129.34713,35.38721],[129.34772,35.38637],[129.34803,35.38615],[129.34846,35.38586],[129.34952,35.38575],[129.35066,35.38677],[129.35169,35.38716],[129.35234,35.38694],[129.35297,35.38585],[129.35285,35.38515],[129.3517,35.38389],[129.35098,35.38365],[129.35028,35.38408],[129.35,35.38467],[129.3492,35.38501],[129.34838,35.38486],[129.34745,35.38401],[129.34684,35.38321],[129.34655,35.38283],[129.34585,35.38151],[129.34545,35.37982],[129.34541,35.37858],[129.34556,35.37642],[129.34812,35.37592],[129.35135,35.37544],[129.35596,35.3739],[129.35611,35.37362],[129.3564,35.37146],[129.35617,35.37056],[129.35565,35.37011],[129.35538,35.3697],[129.35621,35.3684],[129.35671,35.36835],[129.35857,35.36794],[129.36077,35.36674],[129.36141,35.36635],[129.36329,35.36122],[129.36159,35.35862],[129.35991,35.3565],[129.35899,35.35557],[129.35799,35.35516],[129.35542,35.35459],[129.35428,35.3547],[129.35361,35.35509],[129.35299,35.35563],[129.35244,35.35567],[129.35238,35.35568],[129.35185,35.35566],[129.35079,35.35514],[129.3482,35.3534],[129.34721,35.35251],[129.34455,35.3523],[129.34444,35.35369],[129.3441,35.35427],[129.34178,35.35606],[129.34073,35.35654],[129.33957,35.35672],[129.33764,35.35651],[129.33575,35.35593],[129.33451,35.35512],[129.33414,35.35434],[129.33451,35.35334],[129.3348,35.3528],[129.33373,35.34913],[129.33352,35.3488],[129.33215,35.34759],[129.33033,35.34719],[129.32882,35.34698],[129.32841,35.34698],[129.32809,35.3474],[129.32789,35.34765],[129.32748,35.34785],[129.32548,35.3475],[129.32271,35.34598],[129.32231,35.34458],[129.32248,35.34388],[129.32241,35.343],[129.32224,35.3423],[129.32139,35.3401],[129.32078,35.33901],[129.31914,35.33806],[129.3186,35.33794],[129.31841,35.33816],[129.3179,35.33839],[129.31729,35.33772],[129.31639,35.33633],[129.31578,35.33448],[129.31411,35.33091],[129.31364,35.33046],[129.31061,35.3306],[129.31012,35.33094],[129.30957,35.33124],[129.30904,35.3314],[129.30745,35.33114],[129.30579,35.33046],[129.30453,35.32951],[129.30392,35.33093],[129.30336,35.33167],[129.30321,35.33182],[129.3017,35.3334],[129.30088,35.33424],[129.29984,35.33495],[129.2977,35.33553],[129.29654,35.33557],[129.29318,35.33595],[129.29206,35.33654],[129.29118,35.33779],[129.29089,35.33866],[129.28936,35.34014],[129.28917,35.34021],[129.2866,35.33997],[129.28623,35.33974],[129.28585,35.3395],[129.28553,35.33923],[129.2855,35.3392],[129.28428,35.33943],[129.28404,35.33947],[129.28256,35.33978],[129.28246,35.3398],[129.27986,35.34151],[129.27988,35.3417],[129.28029,35.34204],[129.28143,35.34257],[129.28188,35.34298],[129.28377,35.34568],[129.28385,35.34597],[129.28456,35.35076],[129.2846,35.35102],[129.28448,35.35227],[129.28346,35.35344],[129.28244,35.35391],[129.28057,35.35611],[129.2808,35.35919],[129.28099,35.36048],[129.28255,35.36192],[129.28326,35.36251],[129.28351,35.36271],[129.28318,35.36523],[129.28091,35.36556],[129.27971,35.36578],[129.27856,35.36788],[129.2776,35.37018],[129.27731,35.37132],[129.27671,35.3724],[129.2725,35.37692],[129.27158,35.37785],[129.26961,35.37936],[129.26827,35.37991],[129.26732,35.38145],[129.26677,35.38336],[129.26581,35.38542],[129.26537,35.38627],[129.26569,35.38778],[129.26555,35.39008],[129.26544,35.39092],[129.26527,35.39169],[129.26512,35.39227],[129.2651,35.39246],[129.26511,35.39276],[129.26521,35.3932],[129.26525,35.39328],[129.26595,35.39399],[129.26642,35.39427],[129.26879,35.39492],[129.2691,35.39496],[129.26943,35.39495],[129.26962,35.3949],[129.2698,35.3948],[129.26987,35.39468],[129.26998,35.39429],[129.27,35.39425],[129.27033,35.39406],[129.27077,35.39383],[129.27212,35.39318],[129.27399,35.39279],[129.27646,35.39201],[129.27706,35.39152],[129.27724,35.39086],[129.27725,35.39078],[129.27723,35.39069],[129.27714,35.39059],[129.27701,35.39049],[129.2768,35.39041],[129.27656,35.39035],[129.27635,35.39027],[129.27624,35.39019],[129.27607,35.38998],[129.2759,35.38975],[129.2758,35.38953],[129.27501,35.38756],[129.27498,35.38743],[129.27492,35.38711],[129.27476,35.38583],[129.27475,35.38569],[129.27475,35.38553],[129.27478,35.38488],[129.27482,35.38482],[129.27635,35.38269],[129.27648,35.38257],[129.27667,35.38244],[129.28123,35.38007],[129.28161,35.37988],[129.28189,35.37981],[129.282,35.37978],[129.28616,35.37953],[129.2899,35.37754],[129.29005,35.3773],[129.29022,35.37707],[129.29049,35.37678],[129.2911,35.37649],[129.29158,35.3765],[129.29176,35.3765],[129.29224,35.37655],[129.29289,35.37684],[129.29336,35.37717],[129.29367,35.3775],[129.2955,35.37963],[129.29584,35.38133],[129.29589,35.38153],[129.29611,35.38204],[129.29624,35.38234],[129.29644,35.38269],[129.29654,35.38279],[129.29875,35.38426],[129.29891,35.38434],[129.2991,35.38442],[129.29924,35.38445],[129.29938,35.38451],[129.29972,35.38464],[129.29994,35.38484],[129.30021,35.38518],[129.30058,35.38569],[129.3007,35.38587],[129.30101,35.3867],[129.30106,35.38686],[129.30111,35.38705],[129.30182,35.39188],[129.30274,35.39397],[129.30276,35.39421],[129.30222,35.39549],[129.30394,35.39942],[129.30584,35.40132],[129.30766,35.40357],[129.30804,35.40471],[129.3084,35.40454],[129.30864,35.40445],[129.30899,35.40432],[129.31053,35.40381],[129.31221,35.40332],[129.31244,35.40329],[129.31271,35.40325],[129.31303,35.40316],[129.31332,35.40304],[129.31343,35.40298],[129.31476,35.40206],[129.31553,35.4015],[129.31725,35.40035],[129.31845,35.39958],[129.31929,35.3991],[129.32008,35.39865],[129.32124,35.39813],[129.32877,35.39562],[129.32996,35.39523],[129.33154,35.39477],[129.33329,35.39431],[129.33366,35.39422],[129.33578,35.39368],[129.33831,35.39316],[129.34031,35.39276],[129.34088,35.39264],[129.34163,35.39245],[129.34193,35.39237],[129.34244,35.39222],[129.34309,35.39197],[129.34368,35.39171],[129.34427,35.39139],[129.34468,35.39109],[129.34516,35.39068],[129.34651,35.38942]]]]}},{"type":"Feature","properties":{"adm_cd":"26510150","adm_nm":"울산광역시 울주군 청량읍"},"geometry":{"type":"MultiPolygon","coordinates":[[[[129.23667,35.53622],[129.23811,35.53629],[129.23828,35.53629],[129.24458,35.53582],[129.24762,35.53361],[129.24785,35.53339],[129.2479,35.53338],[129.24837,35.53328],[129.24931,35.53318],[129.25397,35.53282],[129.25447,35.53313],[129.25511,35.53383],[129.25585,35.53329],[129.25895,35.53114],[129.26236,35.5298],[129.26249,35.53019],[129.26256,35.53042],[129.26386,35.53076],[129.26422,35.53078],[129.26434,35.53079],[129.2672,35.53066],[129.27241,35.52978],[129.27428,35.52917],[129.27483,35.52836],[129.27405,35.52743],[129.27371,35.52704],[129.27287,35.52608],[129.2747,35.52364],[129.27686,35.52182],[129.27773,35.52195],[129.27926,35.52153],[129.28064,35.52065],[129.28192,35.51945],[129.28148,35.51936],[129.28052,35.51914],[129.28035,35.51883],[129.28132,35.51723],[129.28173,35.51705],[129.28219,35.51685],[129.28268,35.51699],[129.28283,35.51704],[129.28318,35.51712],[129.28354,35.51711],[129.28633,35.51613],[129.28676,35.51597],[129.28742,35.51522],[129.28827,35.50783],[129.28887,35.50781],[129.28941,35.50779],[129.29016,35.50776],[129.29103,35.50653],[129.29241,35.5045],[129.29421,35.50221],[129.29778,35.49798],[129.30148,35.49447],[129.30379,35.49454],[129.30443,35.49607],[129.30786,35.49739],[129.30907,35.49727],[129.30974,35.497],[129.31015,35.49679],[129.31149,35.496],[129.31177,35.49581],[129.312,35.49557],[129.31217,35.49538],[129.31399,35.49238],[129.31403,35.49114],[129.31934,35.49111],[129.31943,35.49111],[129.31943,35.49099],[129.31938,35.48483],[129.32664,35.48482],[129.33015,35.48481],[129.33082,35.48477],[129.33121,35.48469],[129.33126,35.48468],[129.33144,35.48461],[129.33169,35.48447],[129.33183,35.48438],[129.33198,35.48425],[129.33214,35.48407],[129.3323,35.48389],[129.33245,35.48367],[129.33258,35.48346],[129.33287,35.48302],[129.33297,35.48288],[129.3331,35.48276],[129.33328,35.48265],[129.33348,35.48258],[129.33515,35.48244],[129.3357,35.48241],[129.33655,35.48194],[129.33683,35.48175],[129.33705,35.48159],[129.33729,35.48131],[129.33745,35.48112],[129.33758,35.48095],[129.33762,35.48088],[129.33775,35.4807],[129.3379,35.48045],[129.338,35.48025],[129.3381,35.48002],[129.3382,35.47977],[129.33839,35.47906],[129.33847,35.47874],[129.3385,35.47849],[129.33853,35.47803],[129.33831,35.47656],[129.33827,35.47626],[129.33824,35.4756],[129.33935,35.4743],[129.33831,35.47313],[129.33778,35.47283],[129.33744,35.47271],[129.33511,35.47228],[129.33299,35.47191],[129.33236,35.47181],[129.33179,35.47173],[129.33147,35.47162],[129.33017,35.47092],[129.3301,35.47085],[129.33,35.47064],[129.33001,35.47049],[129.33029,35.4703],[129.33126,35.46965],[129.33206,35.46907],[129.33205,35.46896],[129.33171,35.46695],[129.33166,35.46678],[129.33143,35.46627],[129.33012,35.46424],[129.32998,35.46411],[129.32744,35.46215],[129.32733,35.46212],[129.327,35.46219],[129.32631,35.46231],[129.32598,35.46229],[129.32437,35.46163],[129.32345,35.46125],[129.32331,35.46112],[129.32295,35.46074],[129.32288,35.46033],[129.32291,35.45913],[129.32285,35.45867],[129.32276,35.45862],[129.32146,35.45794],[129.3209,35.45791],[129.32052,35.45792],[129.32004,35.45805],[129.31994,35.45809],[129.31856,35.45881],[129.31822,35.45899],[129.31818,35.45904],[129.31815,35.45924],[129.31811,35.45931],[129.31756,35.45956],[129.31745,35.45957],[129.31736,35.45956],[129.31715,35.4595],[129.31433,35.45852],[129.31404,35.45838],[129.31389,35.45827],[129.31378,35.45812],[129.31357,35.45784],[129.31343,35.45756],[129.31318,35.45727],[129.31307,35.4572],[129.31297,35.45716],[129.31228,35.45689],[129.31223,35.45689],[129.31209,35.45689],[129.30942,35.45743],[129.30903,35.45753],[129.3085,35.45772],[129.30788,35.45801],[129.30767,35.45822],[129.30744,35.45842],[129.30721,35.45851],[129.30687,35.45856],[129.30613,35.45862],[129.30582,35.45865],[129.30566,35.45863],[129.30256,35.4577],[129.30254,35.45766],[129.30254,35.45756],[129.30264,35.45709],[129.30264,35.45679],[129.30261,35.45671],[129.30242,35.45654],[129.30224,35.45646],[129.30197,35.45643],[129.30029,35.45645],[129.30003,35.45648],[129.29977,35.45655],[129.29771,35.45729],[129.29743,35.45768],[129.29734,35.45782],[129.29715,35.45807],[129.29689,35.45838],[129.29673,35.45856],[129.29658,35.4587],[129.29634,35.4589],[129.29604,35.45909],[129.29574,35.45927],[129.29549,35.45939],[129.29445,35.45988],[129.29408,35.46005],[129.29365,35.46022],[129.29355,35.46025],[129.29317,35.46035],[129.2925,35.46048],[129.2916,35.46061],[129.2913,35.46063],[129.29098,35.46067],[129.29063,35.46074],[129.29046,35.46078],[129.29003,35.46091],[129.28962,35.46104],[129.28937,35.46113],[129.28908,35.46125],[129.28866,35.46144],[129.28846,35.46154],[129.28759,35.46195],[129.28736,35.46206],[129.28721,35.46213],[129.28699,35.46221],[129.28676,35.46226],[129.2866,35.46226],[129.28456,35.46215],[129.28443,35.46214],[129.28429,35.46211],[129.28415,35.46206],[129.27903,35.46031],[129.27839,35.45847],[129.27867,35.45825],[129.27876,35.45815],[129.27881,35.45806],[129.27882,35.45799],[129.27875,35.45741],[129.27869,35.45726],[129.27866,35.4572],[129.27861,35.45715],[129.27354,35.45303],[129.27344,35.45296],[129.27334,35.4529],[129.27323,35.45287],[129.27307,35.45282],[129.27296,35.45281],[129.27206,35.45267],[129.27196,35.45266],[129.26874,35.45237],[129.26857,35.45237],[129.26709,35.45243],[129.26698,35.45243],[129.26304,35.45274],[129.26279,35.45279],[129.26205,35.45289],[129.26174,35.45292],[129.25818,35.45199],[129.2561,35.45145],[129.25588,35.45136],[129.25551,35.45124],[129.25523,35.45117],[129.25423,35.45097],[129.25413,35.45095],[129.25407,35.45095],[129.25401,35.45099],[129.25385,35.45114],[129.25383,35.45116],[129.25347,35.45153],[129.25293,35.45225],[129.25271,35.45259],[129.25238,35.45303],[129.25233,35.45305],[129.25024,35.4538],[129.24919,35.45416],[129.24909,35.45416],[129.249,35.45416],[129.24894,35.45415],[129.24847,35.45386],[129.24825,35.45369],[129.24794,35.45345],[129.24771,35.45321],[129.24762,35.45311],[129.2474,35.45273],[129.2472,35.45228],[129.24707,35.45209],[129.24698,35.45203],[129.24513,35.45108],[129.24491,35.45102],[129.24424,35.451],[129.24404,35.45106],[129.24358,35.45134],[129.24269,35.45198],[129.24139,35.45379],[129.24133,35.45395],[129.24091,35.45552],[129.24129,35.45621],[129.24137,35.4566],[129.24077,35.45732],[129.23971,35.45833],[129.23787,35.45815],[129.23715,35.45818],[129.23648,35.45846],[129.23638,35.45888],[129.23627,35.45964],[129.2363,35.45983],[129.23824,35.46354],[129.23795,35.46483],[129.23791,35.46507],[129.23813,35.46536],[129.23822,35.46543],[129.23834,35.46546],[129.23988,35.46569],[129.24107,35.46585],[129.24458,35.46623],[129.24641,35.46637],[129.24688,35.46643],[129.24819,35.46709],[129.24915,35.46772],[129.25071,35.46911],[129.25095,35.46933],[129.25175,35.47025],[129.25187,35.47044],[129.25187,35.47051],[129.25176,35.47075],[129.25165,35.47096],[129.25151,35.47115],[129.25147,35.47128],[129.25148,35.47137],[129.25151,35.47144],[129.25353,35.4747],[129.25362,35.47479],[129.2537,35.47485],[129.25379,35.47488],[129.25397,35.47491],[129.25443,35.4749],[129.25469,35.47488],[129.25483,35.47487],[129.25496,35.47485],[129.25519,35.47474],[129.25533,35.4747],[129.25548,35.47468],[129.25561,35.47469],[129.25581,35.47472],[129.25599,35.47478],[129.25623,35.47488],[129.25636,35.47496],[129.25642,35.47506],[129.25647,35.47519],[129.25685,35.47645],[129.25686,35.47659],[129.25689,35.47758],[129.25689,35.47763],[129.25605,35.48154],[129.25586,35.48154],[129.25578,35.48155],[129.2557,35.48158],[129.25413,35.48274],[129.24957,35.4868],[129.24932,35.48707],[129.24902,35.48757],[129.24898,35.48765],[129.24898,35.48773],[129.24899,35.48781],[129.24903,35.48796],[129.24911,35.48807],[129.24919,35.48819],[129.24943,35.48847],[129.24948,35.48857],[129.24948,35.48864],[129.24946,35.48871],[129.24941,35.48882],[129.2491,35.48913],[129.24886,35.48938],[129.24873,35.48948],[129.24857,35.48955],[129.24841,35.48961],[129.24771,35.48978],[129.2462,35.48999],[129.24354,35.49055],[129.24312,35.49064],[129.24291,35.49077],[129.24272,35.49099],[129.24222,35.49158],[129.24196,35.49178],[129.24177,35.49187],[129.2415,35.49192],[129.24017,35.49192],[129.23966,35.49191],[129.23936,35.49188],[129.2391,35.49182],[129.23883,35.49174],[129.23862,35.49164],[129.23843,35.49151],[129.23831,35.49139],[129.23746,35.49006],[129.23716,35.48953],[129.23696,35.489],[129.23676,35.48847],[129.23661,35.4882],[129.23505,35.48643],[129.23364,35.48527],[129.23356,35.48522],[129.23347,35.48522],[129.23338,35.48525],[129.23323,35.48534],[129.23257,35.48576],[129.23215,35.48605],[129.23164,35.48646],[129.23148,35.48662],[129.23139,35.48673],[129.2313,35.48691],[129.23122,35.48711],[129.23119,35.48736],[129.23116,35.48767],[129.23118,35.48787],[129.2313,35.48875],[129.23145,35.48968],[129.23149,35.49016],[129.23146,35.49033],[129.23144,35.49038],[129.23134,35.49044],[129.22838,35.49116],[129.22801,35.49122],[129.22776,35.49131],[129.22746,35.49145],[129.22731,35.49153],[129.22724,35.49169],[129.2272,35.49254],[129.22716,35.49307],[129.22709,35.49351],[129.22702,35.4938],[129.22632,35.49587],[129.22626,35.49603],[129.22617,35.49617],[129.22504,35.49746],[129.22463,35.49763],[129.22427,35.49788],[129.22468,35.49921],[129.22489,35.49963],[129.2252,35.50005],[129.22555,35.50034],[129.22617,35.50054],[129.22652,35.50075],[129.22668,35.501],[129.22592,35.5049],[129.22336,35.50867],[129.22092,35.5105],[129.2181,35.51216],[129.21474,35.51224],[129.21452,35.51218],[129.21428,35.51213],[129.21361,35.51206],[129.21343,35.51205],[129.21316,35.51209],[129.21295,35.51218],[129.21265,35.51235],[129.21148,35.51311],[129.21005,35.51441],[129.20919,35.51679],[129.20767,35.51885],[129.20728,35.51933],[129.20705,35.51952],[129.20697,35.51966],[129.20682,35.52096],[129.20692,35.52177],[129.20727,35.52366],[129.20784,35.52504],[129.20839,35.526],[129.21152,35.5299],[129.21415,35.53364],[129.21484,35.53425],[129.21502,35.53438],[129.21551,35.53419],[129.21577,35.5341],[129.21594,35.53406],[129.2162,35.53404],[129.21646,35.53408],[129.2237,35.53561],[129.228,35.53663],[129.22815,35.53668],[129.22833,35.53676],[129.22858,35.53693],[129.22869,35.53701],[129.22885,35.53715],[129.22895,35.53722],[129.22909,35.53733],[129.22921,35.53741],[129.22942,35.53752],[129.22952,35.53755],[129.22961,35.53753],[129.23084,35.53703],[129.23108,35.53693],[129.23397,35.53634],[129.23571,35.53588],[129.23591,35.53586],[129.23617,35.53588],[129.23667,35.53622]]]]}},{"type":"Feature","properties":{"adm_cd":"26510340","adm_nm":"울산광역시 울주군 웅촌면"},"geometry":{"type":"MultiPolygon","coordinates":[[[[129.21005,35.51441],[129.21148,35.51311],[129.21265,35.51235],[129.21295,35.51218],[129.21316,35.51209],[129.21343,35.51205],[129.21361,35.51206],[129.21428,35.51213],[129.21452,35.51218],[129.21474,35.51224],[129.2181,35.51216],[129.22092,35.5105],[129.22336,35.50867],[129.22592,35.5049],[129.22668,35.501],[129.22652,35.50075],[129.22617,35.50054],[129.22555,35.50034],[129.2252,35.50005],[129.22489,35.49963],[129.22468,35.49921],[129.22427,35.49788],[129.22463,35.49763],[129.22504,35.49746],[129.22617,35.49617],[129.22626,35.49603],[129.22632,35.49587],[129.22702,35.4938],[129.22709,35.49351],[129.22716,35.49307],[129.2272,35.49254],[129.22724,35.49169],[129.22731,35.49153],[129.22746,35.49145],[129.22776,35.49131],[129.22801,35.49122],[129.22838,35.49116],[129.23134,35.49044],[129.23144,35.49038],[129.23146,35.49033],[129.23149,35.49016],[129.23145,35.48968],[129.2313,35.48875],[129.23118,35.48787],[129.23116,35.48767],[129.23119,35.48736],[129.23122,35.48711],[129.2313,35.48691],[129.23139,35.48673],[129.23148,35.48662],[129.23164,35.48646],[129.23215,35.48605],[129.23257,35.48576],[129.23323,35.48534],[129.23338,35.48525],[129.23347,35.48522],[129.23356,35.48522],[129.23364,35.48527],[129.23505,35.48643],[129.23661,35.4882],[129.23676,35.48847],[129.23696,35.489],[129.23716,35.48953],[129.23746,35.49006],[129.23831,35.49139],[129.23843,35.49151],[129.23862,35.49164],[129.23883,35.49174],[129.2391,35.49182],[129.23936,35.49188],[129.23966,35.49191],[129.24017,35.49192],[129.2415,35.49192],[129.24177,35.49187],[129.24196,35.49178],[129.24222,35.49158],[129.24272,35.49099],[129.24291,35.49077],[129.24312,35.49064],[129.24354,35.49055],[129.2462,35.48999],[129.24771,35.48978],[129.24841,35.48961],[129.24857,35.48955],[129.24873,35.48948],[129.24886,35.48938],[129.2491,35.48913],[129.24941,35.48882],[129.24946,35.48871],[129.24948,35.48864],[129.24948,35.48857],[129.24943,35.48847],[129.24919,35.48819],[129.24911,35.48807],[129.24903,35.48796],[129.24899,35.48781],[129.24898,35.48773],[129.24898,35.48765],[129.24902,35.48757],[129.24932,35.48707],[129.24957,35.4868],[129.25413,35.48274],[129.2557,35.48158],[129.25578,35.48155],[129.25586,35.48154],[129.25605,35.48154],[129.25689,35.47763],[129.25689,35.47758],[129.25686,35.47659],[129.25685,35.47645],[129.25647,35.47519],[129.25642,35.47506],[129.25636,35.47496],[129.25623,35.47488],[129.25599,35.47478],[129.25581,35.47472],[129.25561,35.47469],[129.25548,35.47468],[129.25533,35.4747],[129.25519,35.47474],[129.25496,35.47485],[129.25483,35.47487],[129.25469,35.47488],[129.25443,35.4749],[129.25397,35.47491],[129.25379,35.47488],[129.2537,35.47485],[129.25362,35.47479],[129.25353,35.4747],[129.25151,35.47144],[129.25148,35.47137],[129.25147,35.47128],[129.25151,35.47115],[129.25165,35.47096],[129.25176,35.47075],[129.25187,35.47051],[129.25187,35.47044],[129.25175,35.47025],[129.25095,35.46933],[129.25071,35.46911],[129.24915,35.46772],[129.24819,35.46709],[129.24688,35.46643],[129.24641,35.46637],[129.24458,35.46623],[129.24107,35.46585],[129.23988,35.46569],[129.23834,35.46546],[129.23822,35.46543],[129.23813,35.46536],[129.23791,35.46507],[129.23795,35.46483],[129.23824,35.46354],[129.2363,35.45983],[129.23627,35.45964],[129.23638,35.45888],[129.23648,35.45846],[129.23715,35.45818],[129.23787,35.45815],[129.23971,35.45833],[129.24077,35.45732],[129.24137,35.4566],[129.24129,35.45621],[129.24091,35.45552],[129.24133,35.45395],[129.24139,35.45379],[129.24269,35.45198],[129.24358,35.45134],[129.24404,35.45106],[129.24424,35.451],[129.24341,35.45064],[129.24184,35.4501],[129.24165,35.45004],[129.24147,35.45004],[129.23809,35.45035],[129.2378,35.45045],[129.23619,35.45115],[129.23588,35.45136],[129.23579,35.45153],[129.23562,35.45236],[129.23555,35.45308],[129.23555,35.45314],[129.23552,35.45318],[129.23547,35.45322],[129.2353,35.45327],[129.23509,35.45333],[129.23172,35.45409],[129.23167,35.45409],[129.23158,35.45408],[129.2314,35.45403],[129.23028,35.45364],[129.2293,35.45329],[129.22915,35.45323],[129.22711,35.45186],[129.22606,35.45073],[129.22594,35.45059],[129.22507,35.44954],[129.22351,35.44852],[129.22342,35.44848],[129.22338,35.44846],[129.2231,35.4484],[129.2212,35.44805],[129.22087,35.44802],[129.22064,35.44803],[129.22036,35.44816],[129.21986,35.44836],[129.21954,35.44847],[129.21933,35.44851],[129.21913,35.44853],[129.21707,35.44849],[129.21699,35.44848],[129.21685,35.44838],[129.21598,35.44748],[129.2154,35.44687],[129.21524,35.44667],[129.21401,35.44501],[129.214,35.44494],[129.21407,35.44483],[129.21439,35.44441],[129.21452,35.44421],[129.21455,35.44411],[129.21464,35.44384],[129.21493,35.44286],[129.21491,35.4428],[129.21483,35.44276],[129.21342,35.44225],[129.21278,35.44203],[129.21183,35.4418],[129.20912,35.44075],[129.20886,35.44057],[129.20868,35.44036],[129.20863,35.44026],[129.20863,35.44015],[129.2087,35.44007],[129.2089,35.43976],[129.2089,35.43847],[129.20888,35.43796],[129.20876,35.43724],[129.2071,35.43138],[129.20698,35.43128],[129.2069,35.43125],[129.20673,35.43126],[129.20634,35.43125],[129.206,35.4312],[129.20525,35.43106],[129.20304,35.43029],[129.2022,35.42999],[129.20229,35.43113],[129.20235,35.43184],[129.20234,35.43195],[129.20222,35.43214],[129.20135,35.4335],[129.20107,35.43391],[129.20075,35.43431],[129.19997,35.43477],[129.1999,35.43494],[129.19924,35.43586],[129.19693,35.43899],[129.19685,35.43908],[129.1967,35.43924],[129.19659,35.43935],[129.19649,35.43943],[129.19641,35.43945],[129.19636,35.43942],[129.19485,35.43855],[129.19346,35.43771],[129.19274,35.43728],[129.19218,35.43686],[129.18743,35.43487],[129.18172,35.43331],[129.17895,35.43263],[129.1754,35.43318],[129.17265,35.43357],[129.17255,35.43357],[129.17224,35.43356],[129.17167,35.43352],[129.1712,35.43346],[129.17093,35.43338],[129.17071,35.43325],[129.17048,35.43305],[129.17035,35.43286],[129.17007,35.43258],[129.16972,35.4324],[129.16916,35.43222],[129.16814,35.43192],[129.16786,35.4319],[129.1658,35.43205],[129.16564,35.43208],[129.16558,35.43213],[129.16552,35.43222],[129.16549,35.43229],[129.16544,35.43258],[129.16534,35.43301],[129.16522,35.4334],[129.16509,35.4337],[129.1647,35.43414],[129.16426,35.43429],[129.16315,35.43466],[129.16235,35.43492],[129.16187,35.43503],[129.16163,35.43505],[129.16137,35.43508],[129.16078,35.43517],[129.15825,35.43673],[129.15341,35.44008],[129.15309,35.44036],[129.15296,35.44057],[129.15265,35.44106],[129.15236,35.44143],[129.15209,35.44164],[129.15,35.44298],[129.14975,35.44311],[129.14802,35.44379],[129.14787,35.44382],[129.14635,35.44381],[129.14566,35.44443],[129.14541,35.44499],[129.14527,35.44516],[129.1451,35.44531],[129.14474,35.44544],[129.14385,35.44566],[129.14356,35.44572],[129.14323,35.4458],[129.14297,35.44591],[129.14015,35.44865],[129.13979,35.449],[129.13898,35.45007],[129.13565,35.45527],[129.13561,35.45537],[129.1356,35.45542],[129.13557,35.45575],[129.13562,35.45613],[129.13572,35.45645],[129.13632,35.45685],[129.13791,35.45794],[129.13817,35.45816],[129.13954,35.4593],[129.13987,35.46007],[129.13991,35.46018],[129.14009,35.46122],[129.1401,35.46138],[129.14007,35.46149],[129.14005,35.46159],[129.14005,35.46171],[129.14007,35.46179],[129.14013,35.46189],[129.14067,35.46258],[129.14247,35.4648],[129.14333,35.46572],[129.14343,35.4658],[129.14598,35.4675],[129.14615,35.46761],[129.14756,35.46825],[129.14772,35.4683],[129.14797,35.46832],[129.15169,35.47064],[129.15174,35.47079],[129.15217,35.4716],[129.15234,35.4718],[129.15263,35.47205],[129.15313,35.47234],[129.1591,35.47628],[129.16098,35.47774],[129.16406,35.47918],[129.16415,35.47921],[129.16818,35.47979],[129.16828,35.4798],[129.17365,35.47965],[129.174,35.47962],[129.1745,35.47958],[129.17516,35.47949],[129.17563,35.4794],[129.17917,35.4785],[129.1798,35.47821],[129.18028,35.47784],[129.18102,35.47674],[129.1812,35.47644],[129.18128,35.47631],[129.1814,35.47594],[129.18213,35.47572],[129.18233,35.47566],[129.18273,35.47562],[129.18362,35.47554],[129.18412,35.47552],[129.18439,35.47555],[129.18443,35.47557],[129.1845,35.47561],[129.18458,35.47572],[129.18522,35.47711],[129.18673,35.48146],[129.18688,35.482],[129.18716,35.48312],[129.18717,35.48334],[129.18713,35.48347],[129.18702,35.48359],[129.18686,35.48369],[129.18651,35.48381],[129.18584,35.48396],[129.18563,35.48404],[129.18554,35.48411],[129.18483,35.48498],[129.18472,35.48512],[129.18471,35.48519],[129.18473,35.4853],[129.18484,35.48543],[129.18824,35.48758],[129.19593,35.48635],[129.19832,35.48562],[129.19914,35.48555],[129.19928,35.48556],[129.19942,35.48558],[129.19956,35.48561],[129.19966,35.48566],[129.19975,35.48571],[129.20092,35.4864],[129.20119,35.4866],[129.20129,35.4867],[129.20135,35.48675],[129.20139,35.48686],[129.20259,35.49],[129.2026,35.49006],[129.20256,35.49013],[129.20043,35.4935],[129.19865,35.49638],[129.19683,35.49941],[129.19671,35.49981],[129.19566,35.50144],[129.19553,35.50157],[129.19496,35.50197],[129.19483,35.50206],[129.1947,35.50208],[129.19461,35.50208],[129.19425,35.50209],[129.19407,35.50212],[129.19392,35.50217],[129.19338,35.5027],[129.19325,35.50285],[129.19264,35.50378],[129.19258,35.50393],[129.19255,35.50404],[129.19257,35.50421],[129.1926,35.50435],[129.19272,35.50477],[129.19276,35.5049],[129.19281,35.50503],[129.19288,35.50515],[129.19299,35.50528],[129.19309,35.50538],[129.19319,35.50544],[129.19328,35.50549],[129.19334,35.50551],[129.19347,35.50553],[129.1936,35.50554],[129.1938,35.50552],[129.19492,35.5054],[129.1975,35.5073],[129.19991,35.51044],[129.20289,35.51332],[129.2052,35.51457],[129.2053,35.5146],[129.20716,35.51459],[129.20742,35.51455],[129.20775,35.51442],[129.21005,35.51441]]]]}},{"type":"Feature","properties":{"adm_cd":"26510360","adm_nm":"울산광역시 울주군 두동면"},"geometry":{"type":"MultiPolygon","coordinates":[[[[129.25604,35.70078],[129.25699,35.70022],[129.25748,35.69992],[129.2591,35.69821],[129.25927,35.69802],[129.25934,35.69791],[129.25985,35.69709],[129.26197,35.69352],[129.26263,35.69168],[129.26267,35.69156],[129.26269,35.69145],[129.26262,35.69028],[129.2623,35.68601],[129.26228,35.68589],[129.26224,35.68579],[129.26217,35.68568],[129.26209,35.68559],[129.26207,35.68557],[129.262,35.6855],[129.26193,35.68546],[129.26054,35.68461],[129.25992,35.68427],[129.25933,35.68394],[129.25883,35.68363],[129.25863,35.68349],[129.2586,35.68343],[129.25859,35.68332],[129.25859,35.68321],[129.25861,35.68291],[129.25867,35.68267],[129.25873,35.6825],[129.25949,35.6807],[129.2596,35.68049],[129.25998,35.6802],[129.2603,35.67998],[129.2605,35.67985],[129.26077,35.67968],[129.2608,35.67962],[129.26085,35.67947],[129.26086,35.67939],[129.25981,35.67303],[129.25975,35.67284],[129.25965,35.67269],[129.25846,35.67099],[129.2584,35.67092],[129.25828,35.67083],[129.25816,35.67076],[129.25425,35.66626],[129.25422,35.6662],[129.25418,35.66604],[129.25431,35.66486],[129.25433,35.66473],[129.25487,35.6609],[129.25517,35.66034],[129.25416,35.65877],[129.25221,35.6566],[129.25017,35.65312],[129.25016,35.65307],[129.24932,35.6512],[129.24869,35.64986],[129.24864,35.64981],[129.24789,35.64916],[129.24771,35.64905],[129.24765,35.64904],[129.24545,35.64824],[129.2439,35.64495],[129.24388,35.6449],[129.24386,35.64483],[129.2438,35.64378],[129.2438,35.64366],[129.24381,35.64355],[129.24404,35.64064],[129.24451,35.63913],[129.24455,35.63718],[129.24436,35.63706],[129.24424,35.63697],[129.24418,35.63692],[129.2441,35.63683],[129.24404,35.63675],[129.24392,35.63655],[129.24311,35.63516],[129.24304,35.63503],[129.24298,35.63484],[129.24296,35.63477],[129.24294,35.6347],[129.24293,35.63465],[129.24293,35.63459],[129.24295,35.63449],[129.24321,35.63358],[129.24346,35.63267],[129.24347,35.63262],[129.24352,35.63189],[129.24352,35.63175],[129.24352,35.63162],[129.2435,35.63153],[129.24345,35.63144],[129.24252,35.62953],[129.24249,35.62951],[129.24244,35.6295],[129.24238,35.62951],[129.24209,35.62957],[129.24172,35.62965],[129.24116,35.62979],[129.24094,35.62985],[129.24085,35.62987],[129.24069,35.62992],[129.23997,35.63014],[129.23983,35.63018],[129.23328,35.63243],[129.23323,35.63245],[129.23319,35.63247],[129.23316,35.63251],[129.23314,35.63257],[129.23306,35.63273],[129.23302,35.63279],[129.233,35.63283],[129.23296,35.63285],[129.23287,35.63288],[129.23281,35.63288],[129.22837,35.63284],[129.22827,35.63283],[129.22818,35.63282],[129.22803,35.63278],[129.22794,35.63275],[129.22715,35.63251],[129.22603,35.63208],[129.22595,35.63205],[129.22529,35.63176],[129.22517,35.6317],[129.225,35.63161],[129.22487,35.63153],[129.22329,35.63039],[129.22312,35.63027],[129.22271,35.62995],[129.22248,35.62974],[129.22237,35.62963],[129.22231,35.62956],[129.22142,35.6285],[129.22137,35.62843],[129.22134,35.62838],[129.2213,35.62834],[129.22126,35.62825],[129.22124,35.62819],[129.2177,35.62601],[129.21466,35.62542],[129.21353,35.62625],[129.21323,35.62646],[129.21207,35.62698],[129.21148,35.62708],[129.21127,35.62709],[129.21122,35.6271],[129.21116,35.62713],[129.21105,35.62719],[129.21098,35.62725],[129.21068,35.62746],[129.21054,35.62759],[129.21021,35.6279],[129.20495,35.6331],[129.20423,35.6341],[129.20416,35.63416],[129.20411,35.63419],[129.20402,35.63424],[129.20359,35.63438],[129.20347,35.63441],[129.20333,35.63443],[129.20314,35.63444],[129.20294,35.63444],[129.20269,35.63442],[129.19963,35.63413],[129.19951,35.63412],[129.19939,35.63408],[129.19925,35.63404],[129.19919,35.63401],[129.19911,35.63398],[129.19898,35.6339],[129.19892,35.63386],[129.19872,35.63366],[129.19865,35.63359],[129.19861,35.63354],[129.1985,35.63341],[129.1979,35.63267],[129.19787,35.63262],[129.19785,35.63257],[129.19784,35.63252],[129.19783,35.63243],[129.19783,35.63222],[129.19783,35.63214],[129.19779,35.63197],[129.19771,35.63173],[129.19767,35.63166],[129.19762,35.63159],[129.19557,35.62855],[129.1955,35.62847],[129.19541,35.62839],[129.19528,35.62832],[129.1952,35.62828],[129.1951,35.62826],[129.19504,35.62826],[129.19494,35.62827],[129.19484,35.62829],[129.19471,35.62832],[129.19456,35.62836],[129.19437,35.62843],[129.19415,35.62852],[129.19395,35.6286],[129.19383,35.62863],[129.19364,35.62867],[129.1935,35.6287],[129.19338,35.6287],[129.19327,35.6287],[129.19313,35.62869],[129.193,35.62867],[129.19284,35.62865],[129.19269,35.62862],[129.19252,35.62857],[129.19243,35.62851],[129.19237,35.62846],[129.19233,35.62841],[129.19057,35.62586],[129.18982,35.62338],[129.18978,35.62324],[129.1897,35.62293],[129.1897,35.62287],[129.1897,35.62281],[129.18974,35.62271],[129.1898,35.62263],[129.18996,35.62247],[129.19012,35.62229],[129.19017,35.62222],[129.19031,35.62203],[129.19053,35.62169],[129.19069,35.62136],[129.19101,35.62054],[129.19112,35.61883],[129.19109,35.61879],[129.19105,35.61876],[129.18773,35.61598],[129.18515,35.61485],[129.18384,35.61489],[129.17961,35.61442],[129.17833,35.61423],[129.17812,35.61417],[129.17777,35.61406],[129.17755,35.61396],[129.17458,35.61246],[129.17434,35.61233],[129.17379,35.612],[129.17342,35.6117],[129.17327,35.61155],[129.17148,35.60924],[129.17142,35.60914],[129.17142,35.60906],[129.17192,35.60858],[129.1724,35.60775],[129.17238,35.60771],[129.17233,35.60769],[129.17039,35.60742],[129.17026,35.60742],[129.1665,35.6073],[129.16645,35.6073],[129.16642,35.60731],[129.1645,35.6078],[129.16444,35.60782],[129.16369,35.60814],[129.16361,35.60818],[129.16345,35.60828],[129.16308,35.60852],[129.16305,35.60854],[129.16145,35.60974],[129.15976,35.61114],[129.15876,35.61172],[129.1579,35.61192],[129.15785,35.61192],[129.15779,35.61191],[129.15768,35.61187],[129.1576,35.61182],[129.15645,35.61098],[129.1561,35.61065],[129.15562,35.61008],[129.15505,35.60942],[129.15497,35.60933],[129.15491,35.60928],[129.15338,35.60826],[129.15318,35.60815],[129.15295,35.60803],[129.15291,35.60802],[129.15003,35.60769],[129.14849,35.60829],[129.14771,35.60929],[129.14733,35.60966],[129.14662,35.61013],[129.14627,35.6103],[129.14668,35.6109],[129.14684,35.6112],[129.147,35.61165],[129.14707,35.61195],[129.1471,35.61218],[129.14718,35.61393],[129.14717,35.61508],[129.14716,35.61536],[129.14723,35.61555],[129.15167,35.6217],[129.15183,35.62191],[129.15206,35.62216],[129.15227,35.62236],[129.15728,35.62707],[129.15766,35.62734],[129.16159,35.62411],[129.16299,35.62278],[129.16293,35.62272],[129.1629,35.6227],[129.16289,35.62265],[129.16282,35.6224],[129.16281,35.62232],[129.16281,35.62227],[129.16282,35.62222],[129.16285,35.62216],[129.16289,35.62211],[129.16294,35.62206],[129.16439,35.62096],[129.16447,35.6209],[129.16456,35.62086],[129.16471,35.62082],[129.16479,35.6208],[129.16504,35.62078],[129.16533,35.62075],[129.16551,35.62074],[129.16564,35.62074],[129.16594,35.62077],[129.16616,35.62079],[129.16627,35.6208],[129.16655,35.62087],[129.16659,35.62089],[129.1667,35.62096],[129.16723,35.62134],[129.16729,35.62139],[129.16776,35.62199],[129.16781,35.62208],[129.16831,35.6234],[129.16862,35.62426],[129.16863,35.62433],[129.16864,35.6244],[129.16863,35.62448],[129.16861,35.62457],[129.16858,35.62464],[129.16849,35.62477],[129.16782,35.6255],[129.16719,35.62616],[129.16715,35.62621],[129.16705,35.62629],[129.16686,35.62644],[129.16611,35.62728],[129.16416,35.63128],[129.16413,35.63142],[129.1638,35.63295],[129.16378,35.63304],[129.16355,35.63463],[129.16353,35.63508],[129.16353,35.63528],[129.1637,35.63619],[129.16375,35.63639],[129.1641,35.63736],[129.16413,35.63743],[129.16417,35.63749],[129.16438,35.6377],[129.1645,35.63781],[129.16468,35.63796],[129.16492,35.63816],[129.16504,35.63825],[129.16726,35.64162],[129.1685,35.64545],[129.16886,35.6488],[129.16868,35.64965],[129.16866,35.64992],[129.16865,35.65015],[129.16866,35.65021],[129.16871,35.65048],[129.16872,35.65052],[129.16876,35.65056],[129.17047,35.65231],[129.17057,35.65235],[129.17076,35.65241],[129.17089,35.65243],[129.17103,35.65243],[129.17121,35.65242],[129.17132,35.65241],[129.17254,35.65222],[129.17271,35.65218],[129.17282,35.65215],[129.1729,35.65212],[129.17327,35.65199],[129.17331,35.65197],[129.17339,35.65191],[129.1736,35.65175],[129.1737,35.65168],[129.17376,35.65165],[129.17385,35.65163],[129.17393,35.65162],[129.174,35.65162],[129.17406,35.65163],[129.17417,35.65164],[129.17433,35.65167],[129.1744,35.65169],[129.17449,35.65172],[129.17458,35.65178],[129.17471,35.65187],[129.17478,35.65193],[129.17488,35.65205],[129.17499,35.6522],[129.17505,35.65228],[129.17509,35.65237],[129.17564,35.654],[129.17564,35.65405],[129.17554,35.65477],[129.17543,35.65557],[129.17542,35.65573],[129.17541,35.65584],[129.17542,35.65589],[129.17544,35.65595],[129.17547,35.65597],[129.17553,35.65599],[129.17747,35.65638],[129.17759,35.6564],[129.17769,35.6564],[129.17776,35.65638],[129.1778,35.65634],[129.17784,35.65627],[129.1781,35.65573],[129.17843,35.65505],[129.1785,35.65497],[129.1786,35.65488],[129.18009,35.65364],[129.18104,35.65294],[129.18111,35.6529],[129.18117,35.65288],[129.18124,35.65286],[129.1813,35.65285],[129.18139,35.65283],[129.18153,35.65283],[129.1816,35.65284],[129.18165,35.65284],[129.18173,35.65288],[129.1818,35.65291],[129.18185,35.65294],[129.18189,35.65297],[129.18192,35.65301],[129.18203,35.65312],[129.18207,35.65319],[129.18209,35.65329],[129.18209,35.65341],[129.18208,35.65358],[129.18203,35.65378],[129.18202,35.65397],[129.18202,35.65416],[129.18205,35.65432],[129.18212,35.65458],[129.18221,35.65483],[129.18227,35.65499],[129.1824,35.6552],[129.18421,35.65798],[129.1852,35.65943],[129.18525,35.65951],[129.1853,35.6596],[129.18536,35.65978],[129.18537,35.65998],[129.18536,35.66013],[129.18534,35.66031],[129.18532,35.66041],[129.18481,35.6613],[129.18443,35.66186],[129.18431,35.66199],[129.18426,35.66206],[129.18423,35.66212],[129.18419,35.66224],[129.18417,35.66248],[129.18458,35.66488],[129.18502,35.66868],[129.18395,35.67196],[129.1839,35.67203],[129.1838,35.67213],[129.18373,35.67217],[129.18362,35.67221],[129.18347,35.67224],[129.18272,35.67237],[129.18258,35.67238],[129.18239,35.67236],[129.18229,35.67234],[129.18208,35.67228],[129.182,35.67228],[129.18193,35.67228],[129.18189,35.67229],[129.18185,35.67232],[129.18179,35.6724],[129.18177,35.67245],[129.18176,35.67258],[129.18176,35.67263],[129.1818,35.6727],[129.18183,35.67276],[129.1819,35.67283],[129.18198,35.6729],[129.18205,35.67296],[129.18216,35.67303],[129.1822,35.67305],[129.18223,35.67306],[129.18416,35.67382],[129.18493,35.67399],[129.18505,35.674],[129.18521,35.674],[129.18549,35.67401],[129.18563,35.67401],[129.18579,35.674],[129.1868,35.67389],[129.1869,35.67388],[129.19188,35.67636],[129.1926,35.67825],[129.19238,35.6783],[129.19231,35.67833],[129.19227,35.67836],[129.19178,35.67883],[129.19173,35.6789],[129.19171,35.67893],[129.1917,35.67897],[129.19171,35.67902],[129.19231,35.68046],[129.19234,35.68051],[129.19264,35.68085],[129.193,35.68124],[129.19514,35.68348],[129.1972,35.68533],[129.19723,35.68533],[129.19761,35.6856],[129.19768,35.68567],[129.19864,35.6913],[129.19863,35.69134],[129.1986,35.69136],[129.19855,35.69137],[129.19843,35.6914],[129.19824,35.69144],[129.1981,35.69147],[129.197,35.693],[129.1981,35.69633],[129.1992,35.6992],[129.20046,35.70037],[129.2005,35.70039],[129.20053,35.70042],[129.20056,35.7005],[129.20075,35.70123],[129.20083,35.70156],[129.20084,35.70159],[129.20083,35.70171],[129.20081,35.70186],[129.20073,35.70234],[129.20035,35.70414],[129.20032,35.70425],[129.20024,35.70442],[129.20009,35.70469],[129.19982,35.70514],[129.19963,35.70518],[129.19934,35.70522],[129.19902,35.70528],[129.19888,35.70532],[129.19878,35.70536],[129.19725,35.70609],[129.19677,35.70632],[129.19642,35.70663],[129.19552,35.70771],[129.19523,35.70987],[129.19539,35.71024],[129.19636,35.71249],[129.19651,35.71281],[129.19666,35.71304],[129.19801,35.71422],[129.19811,35.71429],[129.1982,35.71433],[129.19832,35.71433],[129.19865,35.71435],[129.19889,35.71436],[129.19893,35.71436],[129.19912,35.71441],[129.19935,35.71448],[129.19968,35.7146],[129.19996,35.71475],[129.20004,35.71482],[129.20062,35.71554],[129.20091,35.71602],[129.20208,35.71871],[129.20723,35.72151],[129.20846,35.7207],[129.20986,35.71976],[129.20949,35.71911],[129.2106,35.7182],[129.21405,35.71525],[129.21766,35.71375],[129.21944,35.71346],[129.22212,35.71155],[129.22259,35.71097],[129.22669,35.70832],[129.22737,35.70877],[129.22853,35.70895],[129.22986,35.70872],[129.23254,35.70807],[129.23336,35.70717],[129.23406,35.70601],[129.23372,35.70505],[129.23406,35.70358],[129.2372,35.70295],[129.23843,35.70307],[129.24399,35.70278],[129.24403,35.70278],[129.25293,35.7017],[129.25304,35.70168],[129.25317,35.70166],[129.254,35.70149],[129.25604,35.70078]]]]}},{"type":"Feature","properties":{"adm_cd":"26510370","adm_nm":"울산광역시 울주군 두서면"},"geometry":{"type":"MultiPolygon","coordinates":[[[[129.20091,35.71602],[129.20062,35.71554],[129.20004,35.71482],[129.19996,35.71475],[129.19968,35.7146],[129.19935,35.71448],[129.19912,35.71441],[129.19893,35.71436],[129.19889,35.71436],[129.19865,35.71435],[129.19832,35.71433],[129.1982,35.71433],[129.19811,35.71429],[129.19801,35.71422],[129.19666,35.71304],[129.19651,35.71281],[129.19636,35.71249],[129.19539,35.71024],[129.19523,35.70987],[129.19552,35.70771],[129.19642,35.70663],[129.19677,35.70632],[129.19725,35.70609],[129.19878,35.70536],[129.19888,35.70532],[129.19902,35.70528],[129.19934,35.70522],[129.19963,35.70518],[129.19982,35.70514],[129.20009,35.70469],[129.20024,35.70442],[129.20032,35.70425],[129.20035,35.70414],[129.20073,35.70234],[129.20081,35.70186],[129.20083,35.70171],[129.20084,35.70159],[129.20083,35.70156],[129.20075,35.70123],[129.20056,35.7005],[129.20053,35.70042],[129.2005,35.70039],[129.20046,35.70037],[129.1992,35.6992],[129.1981,35.69633],[129.197,35.693],[129.1981,35.69147],[129.19824,35.69144],[129.19843,35.6914],[129.19855,35.69137],[129.1986,35.69136],[129.19863,35.69134],[129.19864,35.6913],[129.19768,35.68567],[129.19761,35.6856],[129.19723,35.68533],[129.1972,35.68533],[129.19514,35.68348],[129.193,35.68124],[129.19264,35.68085],[129.19234,35.68051],[129.19231,35.68046],[129.19171,35.67902],[129.1917,35.67897],[129.19171,35.67893],[129.19173,35.6789],[129.19178,35.67883],[129.19227,35.67836],[129.19231,35.67833],[129.19238,35.6783],[129.1926,35.67825],[129.19188,35.67636],[129.1869,35.67388],[129.1868,35.67389],[129.18579,35.674],[129.18563,35.67401],[129.18549,35.67401],[129.18521,35.674],[129.18505,35.674],[129.18493,35.67399],[129.18416,35.67382],[129.18223,35.67306],[129.1822,35.67305],[129.18216,35.67303],[129.18205,35.67296],[129.18198,35.6729],[129.1819,35.67283],[129.18183,35.67276],[129.1818,35.6727],[129.18176,35.67263],[129.18176,35.67258],[129.18177,35.67245],[129.18179,35.6724],[129.18185,35.67232],[129.18189,35.67229],[129.18193,35.67228],[129.182,35.67228],[129.18208,35.67228],[129.18229,35.67234],[129.18239,35.67236],[129.18258,35.67238],[129.18272,35.67237],[129.18347,35.67224],[129.18362,35.67221],[129.18373,35.67217],[129.1838,35.67213],[129.1839,35.67203],[129.18395,35.67196],[129.18502,35.66868],[129.18458,35.66488],[129.18417,35.66248],[129.18419,35.66224],[129.18423,35.66212],[129.18426,35.66206],[129.18431,35.66199],[129.18443,35.66186],[129.18481,35.6613],[129.18532,35.66041],[129.18534,35.66031],[129.18536,35.66013],[129.18537,35.65998],[129.18536,35.65978],[129.1853,35.6596],[129.18525,35.65951],[129.1852,35.65943],[129.18421,35.65798],[129.1824,35.6552],[129.18227,35.65499],[129.18221,35.65483],[129.18212,35.65458],[129.18205,35.65432],[129.18202,35.65416],[129.18202,35.65397],[129.18203,35.65378],[129.18208,35.65358],[129.18209,35.65341],[129.18209,35.65329],[129.18207,35.65319],[129.18203,35.65312],[129.18192,35.65301],[129.18189,35.65297],[129.18185,35.65294],[129.1818,35.65291],[129.18173,35.65288],[129.18165,35.65284],[129.1816,35.65284],[129.18153,35.65283],[129.18139,35.65283],[129.1813,35.65285],[129.18124,35.65286],[129.18117,35.65288],[129.18111,35.6529],[129.18104,35.65294],[129.18009,35.65364],[129.1786,35.65488],[129.1785,35.65497],[129.17843,35.65505],[129.1781,35.65573],[129.17784,35.65627],[129.1778,35.65634],[129.17776,35.65638],[129.17769,35.6564],[129.17759,35.6564],[129.17747,35.65638],[129.17553,35.65599],[129.17547,35.65597],[129.17544,35.65595],[129.17542,35.65589],[129.17541,35.65584],[129.17542,35.65573],[129.17543,35.65557],[129.17554,35.65477],[129.17564,35.65405],[129.17564,35.654],[129.17509,35.65237],[129.17505,35.65228],[129.17499,35.6522],[129.17488,35.65205],[129.17478,35.65193],[129.17471,35.65187],[129.17458,35.65178],[129.17449,35.65172],[129.1744,35.65169],[129.17433,35.65167],[129.17417,35.65164],[129.17406,35.65163],[129.174,35.65162],[129.17393,35.65162],[129.17385,35.65163],[129.17376,35.65165],[129.1737,35.65168],[129.1736,35.65175],[129.17339,35.65191],[129.17331,35.65197],[129.17327,35.65199],[129.1729,35.65212],[129.17282,35.65215],[129.17271,35.65218],[129.17254,35.65222],[129.17132,35.65241],[129.17121,35.65242],[129.17103,35.65243],[129.17089,35.65243],[129.17076,35.65241],[129.17057,35.65235],[129.17047,35.65231],[129.16876,35.65056],[129.16872,35.65052],[129.16871,35.65048],[129.16866,35.65021],[129.16865,35.65015],[129.16866,35.64992],[129.16868,35.64965],[129.16886,35.6488],[129.1685,35.64545],[129.16726,35.64162],[129.16504,35.63825],[129.16492,35.63816],[129.16468,35.63796],[129.1645,35.63781],[129.16438,35.6377],[129.16417,35.63749],[129.16413,35.63743],[129.1641,35.63736],[129.16375,35.63639],[129.1637,35.63619],[129.16353,35.63528],[129.16353,35.63508],[129.16355,35.63463],[129.16378,35.63304],[129.1638,35.63295],[129.16413,35.63142],[129.16416,35.63128],[129.16611,35.62728],[129.16686,35.62644],[129.16705,35.62629],[129.16715,35.62621],[129.16719,35.62616],[129.16782,35.6255],[129.16849,35.62477],[129.16858,35.62464],[129.16861,35.62457],[129.16863,35.62448],[129.16864,35.6244],[129.16863,35.62433],[129.16862,35.62426],[129.16831,35.6234],[129.16781,35.62208],[129.16776,35.62199],[129.16729,35.62139],[129.16723,35.62134],[129.1667,35.62096],[129.16659,35.62089],[129.16655,35.62087],[129.16627,35.6208],[129.16616,35.62079],[129.16594,35.62077],[129.16564,35.62074],[129.16551,35.62074],[129.16533,35.62075],[129.16504,35.62078],[129.16479,35.6208],[129.16471,35.62082],[129.16456,35.62086],[129.16447,35.6209],[129.16439,35.62096],[129.16294,35.62206],[129.16289,35.62211],[129.16285,35.62216],[129.16282,35.62222],[129.16281,35.62227],[129.16281,35.62232],[129.16282,35.6224],[129.16289,35.62265],[129.1629,35.6227],[129.16293,35.62272],[129.16299,35.62278],[129.16159,35.62411],[129.15766,35.62734],[129.15728,35.62707],[129.15227,35.62236],[129.15206,35.62216],[129.15183,35.62191],[129.15167,35.6217],[129.14723,35.61555],[129.14716,35.61536],[129.14717,35.61508],[129.14718,35.61393],[129.1471,35.61218],[129.14707,35.61195],[129.147,35.61165],[129.14684,35.6112],[129.14668,35.6109],[129.14627,35.6103],[129.14471,35.61168],[129.14397,35.61263],[129.14301,35.61252],[129.1419,35.61157],[129.14169,35.61127],[129.13807,35.60992],[129.138,35.60991],[129.13795,35.60991],[129.13616,35.61012],[129.13606,35.61015],[129.13598,35.61017],[129.13592,35.61022],[129.13586,35.61027],[129.13427,35.61201],[129.13416,35.61215],[129.13407,35.61228],[129.13403,35.61237],[129.134,35.61249],[129.13398,35.61262],[129.13397,35.61288],[129.13288,35.61479],[129.1314,35.61715],[129.13131,35.61729],[129.13025,35.61867],[129.13015,35.61877],[129.13008,35.61882],[129.13001,35.61884],[129.12909,35.61945],[129.12727,35.62102],[129.12722,35.62106],[129.12697,35.62136],[129.12685,35.62153],[129.12678,35.62164],[129.12654,35.62237],[129.1265,35.62247],[129.12651,35.62255],[129.12653,35.62267],[129.12661,35.62296],[129.12669,35.62317],[129.12672,35.62333],[129.12672,35.6234],[129.12671,35.62345],[129.12666,35.62351],[129.12605,35.6242],[129.126,35.62424],[129.12595,35.62426],[129.12176,35.62519],[129.12129,35.62525],[129.12106,35.62509],[129.12091,35.62499],[129.11982,35.62486],[129.11961,35.62484],[129.11865,35.62483],[129.11841,35.62485],[129.11823,35.62488],[129.11806,35.62493],[129.11787,35.625],[129.11771,35.62506],[129.11758,35.62515],[129.11749,35.62523],[129.11676,35.62625],[129.11665,35.62641],[129.11601,35.62748],[129.11588,35.62775],[129.11578,35.62801],[129.11577,35.62805],[129.11576,35.62811],[129.11574,35.62817],[129.11574,35.62824],[129.11572,35.62837],[129.1157,35.62848],[129.11566,35.62859],[129.11563,35.62866],[129.11562,35.62869],[129.11552,35.62883],[129.11547,35.6289],[129.1151,35.62939],[129.11485,35.62971],[129.1148,35.62978],[129.11473,35.62985],[129.11365,35.63096],[129.1136,35.63099],[129.11352,35.63103],[129.10746,35.6337],[129.10741,35.63372],[129.10734,35.63375],[129.10727,35.63376],[129.10461,35.63409],[129.1033,35.63407],[129.09894,35.63371],[129.0964,35.63333],[129.09348,35.63292],[129.09269,35.63294],[129.09216,35.63371],[129.09133,35.63514],[129.0913,35.6352],[129.09122,35.63534],[129.09103,35.63576],[129.09091,35.63605],[129.09074,35.63644],[129.0887,35.64163],[129.08873,35.64168],[129.08879,35.64173],[129.08886,35.64179],[129.08904,35.64194],[129.08922,35.64208],[129.08943,35.64221],[129.08963,35.64226],[129.08976,35.64226],[129.09002,35.64225],[129.09307,35.64335],[129.09433,35.64481],[129.09559,35.64617],[129.09619,35.64682],[129.09686,35.64746],[129.09796,35.64843],[129.09855,35.64892],[129.09876,35.64908],[129.09882,35.64912],[129.09887,35.64915],[129.09928,35.64931],[129.10201,35.65087],[129.10855,35.65562],[129.10875,35.65581],[129.10981,35.65729],[129.1098,35.65735],[129.10895,35.66172],[129.10873,35.6623],[129.10861,35.66251],[129.10804,35.66349],[129.10776,35.66393],[129.10723,35.66452],[129.10619,35.66564],[129.10608,35.66573],[129.10543,35.66619],[129.10514,35.66636],[129.10476,35.66651],[129.1045,35.6667],[129.1044,35.66681],[129.10414,35.66764],[129.10401,35.66819],[129.10389,35.66894],[129.1039,35.66902],[129.10403,35.67001],[129.10412,35.67053],[129.10418,35.67076],[129.10417,35.67093],[129.10413,35.67102],[129.10411,35.67108],[129.10404,35.67118],[129.10335,35.67208],[129.10184,35.67402],[129.10177,35.67407],[129.10167,35.67408],[129.10124,35.67411],[129.10097,35.67423],[129.10074,35.67442],[129.10018,35.67517],[129.10014,35.67529],[129.10006,35.67585],[129.10006,35.67599],[129.10009,35.67624],[129.09833,35.67992],[129.09679,35.68193],[129.09672,35.68205],[129.09661,35.68231],[129.09651,35.68256],[129.0965,35.6826],[129.09647,35.68272],[129.09647,35.68289],[129.09655,35.68323],[129.09659,35.68334],[129.09713,35.68512],[129.09755,35.686],[129.09761,35.68609],[129.09772,35.68636],[129.09775,35.68646],[129.09835,35.68869],[129.09834,35.68877],[129.09562,35.69432],[129.09355,35.69621],[129.09108,35.69803],[129.08943,35.70117],[129.08857,35.70202],[129.09103,35.70257],[129.09423,35.70304],[129.09873,35.70479],[129.10168,35.70623],[129.1088,35.70651],[129.10895,35.70659],[129.11001,35.70706],[129.11208,35.70795],[129.11611,35.70826],[129.11768,35.70675],[129.12042,35.70704],[129.12328,35.70748],[129.12435,35.70815],[129.12549,35.71027],[129.12592,35.71209],[129.12665,35.71446],[129.12807,35.71363],[129.12917,35.71287],[129.13074,35.71247],[129.13524,35.71193],[129.13724,35.71295],[129.13623,35.71337],[129.13676,35.71502],[129.1385,35.71685],[129.14004,35.71808],[129.13853,35.72088],[129.14284,35.72393],[129.14572,35.7247],[129.14902,35.72335],[129.15193,35.72221],[129.15437,35.72171],[129.15738,35.7188],[129.15864,35.71737],[129.15962,35.71618],[129.16064,35.71488],[129.16562,35.71496],[129.17062,35.71453],[129.17332,35.71439],[129.17686,35.71553],[129.1788,35.71741],[129.18073,35.72006],[129.18159,35.72188],[129.18152,35.72314],[129.18239,35.72292],[129.18441,35.72237],[129.18551,35.72167],[129.18639,35.72056],[129.18979,35.71904],[129.19287,35.71823],[129.19372,35.718],[129.19765,35.71579],[129.2006,35.7158],[129.20091,35.71602]]]]}},{"type":"Feature","properties":{"adm_cd":"26510380","adm_nm":"울산광역시 울주군 상북면"},"geometry":{"type":"MultiPolygon","coordinates":[[[[129.09269,35.63294],[129.09154,35.63122],[129.09141,35.63102],[129.09113,35.63047],[129.09107,35.63034],[129.09096,35.62964],[129.09095,35.62935],[129.09097,35.62914],[129.092,35.6242],[129.0927,35.62308],[129.09402,35.62147],[129.09573,35.61935],[129.09907,35.61499],[129.10039,35.61207],[129.10048,35.61182],[129.1006,35.61156],[129.10133,35.61015],[129.10165,35.6096],[129.10177,35.60946],[129.10189,35.60936],[129.10613,35.60741],[129.10622,35.60738],[129.10632,35.60736],[129.10804,35.60702],[129.10818,35.607],[129.1091,35.60686],[129.10921,35.60685],[129.10935,35.60683],[129.10956,35.60684],[129.10986,35.60688],[129.11096,35.60695],[129.11256,35.60697],[129.11301,35.60697],[129.11311,35.60694],[129.11673,35.60546],[129.11684,35.60542],[129.11697,35.60535],[129.12256,35.60148],[129.12261,35.60143],[129.12238,35.59217],[129.12232,35.59059],[129.12222,35.59027],[129.122,35.5896],[129.11979,35.58654],[129.11904,35.58552],[129.11556,35.58124],[129.11462,35.58015],[129.11459,35.5801],[129.11457,35.58006],[129.11457,35.57999],[129.11458,35.57986],[129.1146,35.57977],[129.11464,35.57965],[129.11468,35.57951],[129.11474,35.57929],[129.11476,35.57917],[129.11478,35.57894],[129.11477,35.57887],[129.11472,35.57873],[129.11452,35.57829],[129.11414,35.57752],[129.11267,35.57477],[129.11247,35.57452],[129.11235,35.5744],[129.11112,35.57324],[129.11088,35.57304],[129.11057,35.57285],[129.1103,35.57268],[129.10989,35.57251],[129.10973,35.57244],[129.10939,35.57231],[129.1092,35.57222],[129.10895,35.57208],[129.10883,35.57199],[129.10867,35.57185],[129.10848,35.57168],[129.10751,35.57083],[129.10733,35.57064],[129.10728,35.57056],[129.10728,35.57049],[129.10729,35.57045],[129.10733,35.57033],[129.10808,35.56816],[129.10823,35.56783],[129.10855,35.56725],[129.10878,35.5669],[129.10886,35.56681],[129.10937,35.56623],[129.10979,35.56583],[129.11055,35.56516],[129.11165,35.56396],[129.11199,35.56343],[129.11205,35.56263],[129.11062,35.56191],[129.1103,35.56175],[129.11008,35.56165],[129.10988,35.5616],[129.10963,35.5616],[129.1093,35.56167],[129.10886,35.56181],[129.10855,35.56186],[129.10821,35.5619],[129.10808,35.56191],[129.10789,35.56191],[129.10388,35.56102],[129.10261,35.5605],[129.10246,35.56038],[129.10141,35.55917],[129.10136,35.55906],[129.10087,35.55492],[129.09898,35.55336],[129.09871,35.55313],[129.09858,35.55297],[129.09847,35.55264],[129.09843,35.55248],[129.09838,35.55223],[129.09812,35.54975],[129.09811,35.54915],[129.09812,35.54889],[129.09829,35.54866],[129.09845,35.54839],[129.09841,35.54818],[129.09833,35.54784],[129.0983,35.54771],[129.09822,35.54752],[129.0981,35.54733],[129.09616,35.54496],[129.09515,35.54386],[129.09498,35.54376],[129.09489,35.5437],[129.09343,35.54297],[129.0891,35.54165],[129.08902,35.54163],[129.08697,35.54151],[129.08678,35.54153],[129.08672,35.54156],[129.08661,35.54161],[129.08644,35.54168],[129.08595,35.54189],[129.08503,35.54222],[129.08445,35.5424],[129.08243,35.54295],[129.082,35.54306],[129.08106,35.54317],[129.08085,35.54319],[129.08049,35.54316],[129.0792,35.54305],[129.07896,35.54302],[129.06499,35.54118],[129.0625,35.54101],[129.06118,35.54087],[129.05809,35.54001],[129.05473,35.53717],[129.05709,35.53285],[129.0567,35.53111],[129.05576,35.53214],[129.03834,35.52742],[129.02312,35.52502],[129.02231,35.52535],[129.02199,35.52536],[129.01948,35.52446],[129.01702,35.52375],[129.01293,35.52318],[129.01267,35.52315],[129.01209,35.52313],[129.01186,35.52312],[129.01172,35.52313],[129.01156,35.52314],[129.01144,35.52317],[129.00899,35.52383],[129.00874,35.52397],[129.00879,35.52527],[129.00884,35.52653],[129.00892,35.52671],[129.00929,35.52755],[129.00955,35.52799],[129.00573,35.52805],[129.00198,35.52806],[128.99831,35.52817],[128.9945,35.52899],[128.99441,35.5297],[128.9944,35.53047],[128.9944,35.53081],[128.99448,35.53108],[128.99649,35.53744],[128.9971,35.53803],[128.9981,35.53927],[128.99812,35.53936],[128.99811,35.53945],[128.99796,35.541],[128.99762,35.5422],[128.99304,35.54794],[128.99295,35.54798],[128.99283,35.54799],[128.99121,35.54775],[128.99093,35.5477],[128.99046,35.54759],[128.99008,35.5475],[128.98826,35.54704],[128.98064,35.54602],[128.98094,35.54661],[128.979,35.54927],[128.97679,35.55126],[128.97666,35.55136],[128.97645,35.55145],[128.97614,35.55152],[128.9756,35.55161],[128.97518,35.55167],[128.97452,35.55188],[128.9737,35.55219],[128.97365,35.55223],[128.97364,35.55229],[128.97314,35.55543],[128.97201,35.55877],[128.97177,35.55919],[128.9709,35.56064],[128.97127,35.56085],[128.97592,35.56334],[128.97781,35.56397],[128.98417,35.5653],[128.98658,35.5657],[128.98671,35.56573],[128.9868,35.56577],[128.98736,35.56609],[128.98788,35.56649],[128.98821,35.56674],[128.98952,35.56766],[128.9896,35.5677],[128.99375,35.56871],[128.99533,35.5689],[128.99538,35.5689],[128.99545,35.56895],[129.00038,35.57282],[129.00408,35.57595],[129.00624,35.57804],[129.01129,35.58117],[129.01606,35.58301],[129.02018,35.58497],[129.02116,35.58874],[129.02254,35.58997],[129.02267,35.59011],[129.023,35.59052],[129.02318,35.59077],[129.02324,35.59091],[129.02359,35.59171],[129.02364,35.59211],[129.02366,35.59237],[129.02366,35.59243],[129.02357,35.59269],[129.02356,35.59284],[129.0236,35.59306],[129.02365,35.59331],[129.02438,35.59659],[129.02442,35.59672],[129.02507,35.59812],[129.02566,35.59936],[129.0258,35.59979],[129.02603,35.60069],[129.02601,35.60081],[129.02581,35.60191],[129.02576,35.6021],[129.02568,35.60228],[129.02557,35.60239],[129.0253,35.60253],[129.02491,35.60271],[129.02376,35.60328],[129.02359,35.60337],[129.02349,35.60344],[129.02346,35.60354],[129.02317,35.60656],[129.02186,35.61392],[129.02184,35.614],[129.0213,35.61475],[129.02115,35.61489],[129.02097,35.615],[129.02082,35.61506],[129.01962,35.61554],[129.01938,35.61562],[129.01798,35.61604],[129.01554,35.6165],[129.01541,35.61651],[129.01517,35.61649],[129.01498,35.61645],[129.01437,35.61629],[129.01406,35.61619],[129.01391,35.61613],[129.0135,35.61593],[129.01326,35.61581],[129.01294,35.61566],[129.0126,35.61553],[129.01241,35.61551],[129.01224,35.61552],[129.00829,35.61575],[129.00752,35.61589],[129.00747,35.61592],[129.00742,35.61596],[129.00718,35.61623],[129.00714,35.61632],[129.00709,35.61642],[129.00705,35.61667],[129.00694,35.61687],[129.00628,35.61791],[129.00622,35.61796],[129.0047,35.61921],[129.00415,35.61959],[129.00335,35.62014],[129.00433,35.62067],[129.00636,35.62386],[129.00707,35.6251],[129.00773,35.62681],[129.00982,35.62855],[129.01104,35.62912],[129.01177,35.62901],[129.01255,35.62888],[129.0136,35.62892],[129.01447,35.62924],[129.01551,35.62974],[129.01757,35.63091],[129.01883,35.6322],[129.01952,35.63318],[129.01993,35.63401],[129.02007,35.63489],[129.02053,35.63535],[129.02098,35.63556],[129.02552,35.63625],[129.02714,35.63635],[129.02753,35.63623],[129.02786,35.63572],[129.02871,35.63514],[129.02966,35.63453],[129.03046,35.63414],[129.03497,35.632],[129.03576,35.63188],[129.03589,35.63186],[129.03605,35.63184],[129.03647,35.6319],[129.03705,35.63222],[129.03738,35.63245],[129.03748,35.63282],[129.03747,35.63359],[129.03769,35.63394],[129.0381,35.63462],[129.0394,35.63572],[129.04096,35.63741],[129.04392,35.64145],[129.04437,35.64261],[129.04458,35.64375],[129.04461,35.6449],[129.04454,35.64567],[129.04475,35.64641],[129.04516,35.64722],[129.0464,35.64911],[129.04731,35.65015],[129.04788,35.65009],[129.04903,35.64988],[129.05214,35.64881],[129.05596,35.64783],[129.05648,35.64777],[129.05955,35.64756],[129.06379,35.6464],[129.06433,35.64625],[129.07016,35.64343],[129.07069,35.64286],[129.07089,35.64238],[129.07164,35.6414],[129.07413,35.64009],[129.07741,35.64161],[129.08121,35.64343],[129.08141,35.64387],[129.08158,35.64493],[129.08164,35.64543],[129.08107,35.64748],[129.07971,35.64949],[129.07939,35.64978],[129.07897,35.65008],[129.07517,35.65275],[129.07361,35.65451],[129.07015,35.65775],[129.06973,35.65799],[129.06898,35.65811],[129.06842,35.65828],[129.06805,35.65875],[129.06783,35.65937],[129.06761,35.6618],[129.06873,35.66664],[129.06947,35.66911],[129.06757,35.67124],[129.06759,35.67128],[129.06833,35.67312],[129.06876,35.6735],[129.07028,35.67459],[129.07267,35.6767],[129.07319,35.67774],[129.07303,35.67801],[129.071,35.67884],[129.06979,35.67956],[129.06949,35.68073],[129.07341,35.68553],[129.07403,35.68648],[129.07658,35.69063],[129.07686,35.69219],[129.07743,35.69302],[129.08369,35.69907],[129.08612,35.70073],[129.08857,35.70202],[129.08943,35.70117],[129.09108,35.69803],[129.09355,35.69621],[129.09562,35.69432],[129.09834,35.68877],[129.09835,35.68869],[129.09775,35.68646],[129.09772,35.68636],[129.09761,35.68609],[129.09755,35.686],[129.09713,35.68512],[129.09659,35.68334],[129.09655,35.68323],[129.09647,35.68289],[129.09647,35.68272],[129.0965,35.6826],[129.09651,35.68256],[129.09661,35.68231],[129.09672,35.68205],[129.09679,35.68193],[129.09833,35.67992],[129.10009,35.67624],[129.10006,35.67599],[129.10006,35.67585],[129.10014,35.67529],[129.10018,35.67517],[129.10074,35.67442],[129.10097,35.67423],[129.10124,35.67411],[129.10167,35.67408],[129.10177,35.67407],[129.10184,35.67402],[129.10335,35.67208],[129.10404,35.67118],[129.10411,35.67108],[129.10413,35.67102],[129.10417,35.67093],[129.10418,35.67076],[129.10412,35.67053],[129.10403,35.67001],[129.1039,35.66902],[129.10389,35.66894],[129.10401,35.66819],[129.10414,35.66764],[129.1044,35.66681],[129.1045,35.6667],[129.10476,35.66651],[129.10514,35.66636],[129.10543,35.66619],[129.10608,35.66573],[129.10619,35.66564],[129.10723,35.66452],[129.10776,35.66393],[129.10804,35.66349],[129.10861,35.66251],[129.10873,35.6623],[129.10895,35.66172],[129.1098,35.65735],[129.10981,35.65729],[129.10875,35.65581],[129.10855,35.65562],[129.10201,35.65087],[129.09928,35.64931],[129.09887,35.64915],[129.09882,35.64912],[129.09876,35.64908],[129.09855,35.64892],[129.09796,35.64843],[129.09686,35.64746],[129.09619,35.64682],[129.09559,35.64617],[129.09433,35.64481],[129.09307,35.64335],[129.09002,35.64225],[129.08976,35.64226],[129.08963,35.64226],[129.08943,35.64221],[129.08922,35.64208],[129.08904,35.64194],[129.08886,35.64179],[129.08879,35.64173],[129.08873,35.64168],[129.0887,35.64163],[129.09074,35.63644],[129.09091,35.63605],[129.09103,35.63576],[129.09122,35.63534],[129.0913,35.6352],[129.09133,35.63514],[129.09216,35.63371],[129.09269,35.63294]]]]}},{"type":"Feature","properties":{"adm_cd":"26510160","adm_nm":"울산광역시 울주군 삼남읍"},"geometry":{"type":"MultiPolygon","coordinates":[[[[129.13844,35.54147],[129.13745,35.54061],[129.13738,35.54053],[129.13733,35.54045],[129.13625,35.53879],[129.13623,35.53874],[129.13619,35.53863],[129.13613,35.53826],[129.13609,35.53802],[129.13607,35.53777],[129.13608,35.53762],[129.13607,35.53753],[129.13598,35.53716],[129.13593,35.53711],[129.13586,35.53705],[129.13569,35.53698],[129.13124,35.53554],[129.12866,35.53535],[129.12855,35.53538],[129.12836,35.5354],[129.12814,35.5354],[129.12777,35.53539],[129.12671,35.53512],[129.12662,35.53508],[129.12247,35.53221],[129.11955,35.53001],[129.11944,35.52992],[129.11556,35.52515],[129.11476,35.5226],[129.11501,35.52271],[129.1151,35.52271],[129.11517,35.52267],[129.11527,35.52258],[129.11533,35.52252],[129.11543,35.52241],[129.11559,35.52201],[129.11557,35.52184],[129.11197,35.51801],[129.10773,35.51394],[129.10382,35.51064],[129.10369,35.51053],[129.10363,35.51049],[129.1035,35.51047],[129.10283,35.5105],[129.10266,35.51051],[129.10233,35.51066],[129.10207,35.51084],[129.10195,35.51101],[129.10187,35.51112],[129.10178,35.5112],[129.10163,35.51128],[129.10084,35.5116],[129.1003,35.51168],[129.10001,35.51172],[129.09969,35.51171],[129.09928,35.51162],[129.09906,35.51157],[129.09893,35.51147],[129.09692,35.50978],[129.09685,35.50961],[129.09667,35.50907],[129.09625,35.50773],[129.09604,35.50709],[129.09599,35.50682],[129.09599,35.50657],[129.09622,35.50482],[129.09634,35.50466],[129.0967,35.50431],[129.0973,35.50373],[129.09699,35.50292],[129.09685,35.5026],[129.0947,35.49774],[129.09435,35.49743],[129.09096,35.49819],[129.09078,35.49824],[129.08969,35.49881],[129.08958,35.49886],[129.08945,35.49896],[129.0885,35.49972],[129.08724,35.50083],[129.08667,35.50149],[129.08644,35.50184],[129.07102,35.50573],[129.06165,35.50946],[129.052,35.51573],[129.05314,35.52536],[129.05653,35.52704],[129.0567,35.53111],[129.05709,35.53285],[129.05473,35.53717],[129.05809,35.54001],[129.06118,35.54087],[129.0625,35.54101],[129.06499,35.54118],[129.07896,35.54302],[129.0792,35.54305],[129.08049,35.54316],[129.08085,35.54319],[129.08106,35.54317],[129.082,35.54306],[129.08243,35.54295],[129.08445,35.5424],[129.08503,35.54222],[129.08595,35.54189],[129.08644,35.54168],[129.08661,35.54161],[129.08672,35.54156],[129.08678,35.54153],[129.08697,35.54151],[129.08902,35.54163],[129.0891,35.54165],[129.09343,35.54297],[129.09489,35.5437],[129.09498,35.54376],[129.09515,35.54386],[129.09616,35.54496],[129.0981,35.54733],[129.09822,35.54752],[129.0983,35.54771],[129.09833,35.54784],[129.09841,35.54818],[129.09845,35.54839],[129.09829,35.54866],[129.09812,35.54889],[129.09811,35.54915],[129.09812,35.54975],[129.09838,35.55223],[129.09843,35.55248],[129.09847,35.55264],[129.09858,35.55297],[129.09871,35.55313],[129.09898,35.55336],[129.10087,35.55492],[129.10136,35.55906],[129.10141,35.55917],[129.10246,35.56038],[129.10261,35.5605],[129.10388,35.56102],[129.10789,35.56191],[129.10808,35.56191],[129.10821,35.5619],[129.10855,35.56186],[129.10886,35.56181],[129.1093,35.56167],[129.10963,35.5616],[129.10988,35.5616],[129.11008,35.56165],[129.1103,35.56175],[129.11062,35.56191],[129.11205,35.56263],[129.11199,35.56343],[129.11632,35.56421],[129.11684,35.56431],[129.11721,35.56433],[129.11759,35.56435],[129.1183,35.56423],[129.11864,35.56414],[129.12202,35.56311],[129.12526,35.56201],[129.12738,35.56137],[129.12764,35.5613],[129.1281,35.56119],[129.12944,35.56071],[129.1301,35.56043],[129.13097,35.55997],[129.13381,35.55844],[129.13913,35.55501],[129.14007,35.5539],[129.14097,35.55265],[129.14449,35.54664],[129.14411,35.54656],[129.14362,35.54643],[129.1425,35.5461],[129.142,35.54592],[129.14184,35.54584],[129.14098,35.54531],[129.14032,35.54474],[129.13803,35.54236],[129.13793,35.54212],[129.13795,35.54192],[129.13801,35.54177],[129.13815,35.5416],[129.13844,35.54147]]]]}},{"type":"Feature","properties":{"adm_cd":"26510400","adm_nm":"울산광역시 울주군 삼동면"},"geometry":{"type":"MultiPolygon","coordinates":[[[[129.20581,35.54232],[129.20666,35.54129],[129.20671,35.54122],[129.20678,35.54118],[129.20854,35.54069],[129.20862,35.5407],[129.2093,35.54107],[129.20946,35.54116],[129.21035,35.54139],[129.21205,35.54146],[129.21213,35.54143],[129.2122,35.54137],[129.2131,35.5399],[129.21314,35.53983],[129.21313,35.53973],[129.213,35.53936],[129.21294,35.53919],[129.2128,35.53888],[129.21267,35.5386],[129.21256,35.53836],[129.21253,35.53825],[129.21252,35.53809],[129.21255,35.53792],[129.21262,35.53762],[129.21329,35.53558],[129.21334,35.53549],[129.2139,35.53487],[129.214,35.53478],[129.21412,35.53469],[129.21435,35.53458],[129.21459,35.53449],[129.21502,35.53438],[129.21484,35.53425],[129.21415,35.53364],[129.21152,35.5299],[129.20839,35.526],[129.20784,35.52504],[129.20727,35.52366],[129.20692,35.52177],[129.20682,35.52096],[129.20697,35.51966],[129.20705,35.51952],[129.20728,35.51933],[129.20767,35.51885],[129.20919,35.51679],[129.21005,35.51441],[129.20775,35.51442],[129.20742,35.51455],[129.20716,35.51459],[129.2053,35.5146],[129.2052,35.51457],[129.20289,35.51332],[129.19991,35.51044],[129.1975,35.5073],[129.19492,35.5054],[129.1938,35.50552],[129.1936,35.50554],[129.19347,35.50553],[129.19334,35.50551],[129.19328,35.50549],[129.19319,35.50544],[129.19309,35.50538],[129.19299,35.50528],[129.19288,35.50515],[129.19281,35.50503],[129.19276,35.5049],[129.19272,35.50477],[129.1926,35.50435],[129.19257,35.50421],[129.19255,35.50404],[129.19258,35.50393],[129.19264,35.50378],[129.19325,35.50285],[129.19338,35.5027],[129.19392,35.50217],[129.19407,35.50212],[129.19425,35.50209],[129.19461,35.50208],[129.1947,35.50208],[129.19483,35.50206],[129.19496,35.50197],[129.19553,35.50157],[129.19566,35.50144],[129.19671,35.49981],[129.19683,35.49941],[129.19865,35.49638],[129.20043,35.4935],[129.20256,35.49013],[129.2026,35.49006],[129.20259,35.49],[129.20139,35.48686],[129.20135,35.48675],[129.20129,35.4867],[129.20119,35.4866],[129.20092,35.4864],[129.19975,35.48571],[129.19966,35.48566],[129.19956,35.48561],[129.19942,35.48558],[129.19928,35.48556],[129.19914,35.48555],[129.19832,35.48562],[129.19593,35.48635],[129.18824,35.48758],[129.18484,35.48543],[129.18473,35.4853],[129.18471,35.48519],[129.18472,35.48512],[129.18483,35.48498],[129.18554,35.48411],[129.18563,35.48404],[129.18584,35.48396],[129.18651,35.48381],[129.18686,35.48369],[129.18702,35.48359],[129.18713,35.48347],[129.18717,35.48334],[129.18716,35.48312],[129.18688,35.482],[129.18673,35.48146],[129.18522,35.47711],[129.18458,35.47572],[129.1845,35.47561],[129.18443,35.47557],[129.18439,35.47555],[129.18412,35.47552],[129.18362,35.47554],[129.18273,35.47562],[129.18233,35.47566],[129.18213,35.47572],[129.1814,35.47594],[129.18128,35.47631],[129.1812,35.47644],[129.18102,35.47674],[129.18028,35.47784],[129.1798,35.47821],[129.17917,35.4785],[129.17563,35.4794],[129.17516,35.47949],[129.1745,35.47958],[129.174,35.47962],[129.17365,35.47965],[129.16828,35.4798],[129.16818,35.47979],[129.16415,35.47921],[129.16406,35.47918],[129.16098,35.47774],[129.1591,35.47628],[129.15313,35.47234],[129.15263,35.47205],[129.15234,35.4718],[129.15217,35.4716],[129.15174,35.47079],[129.15169,35.47064],[129.14797,35.46832],[129.14772,35.4683],[129.14756,35.46825],[129.14615,35.46761],[129.14598,35.4675],[129.14343,35.4658],[129.14333,35.46572],[129.14247,35.4648],[129.14067,35.46258],[129.14013,35.46189],[129.14007,35.46179],[129.14005,35.46171],[129.14005,35.46159],[129.14007,35.46149],[129.1401,35.46138],[129.14009,35.46122],[129.13991,35.46018],[129.13987,35.46007],[129.13954,35.4593],[129.13817,35.45816],[129.13791,35.45794],[129.13632,35.45685],[129.13572,35.45645],[129.13462,35.45672],[129.13422,35.45683],[129.13186,35.45757],[129.13101,35.45785],[129.13088,35.45791],[129.12889,35.45917],[129.12876,35.45925],[129.12862,35.45941],[129.12706,35.46118],[129.12531,35.46294],[129.12498,35.46325],[129.12266,35.46527],[129.12164,35.4664],[129.12012,35.46819],[129.11998,35.46836],[129.11985,35.46855],[129.11967,35.46888],[129.11947,35.46925],[129.11913,35.4699],[129.11898,35.47024],[129.11712,35.47467],[129.1171,35.47475],[129.11711,35.47486],[129.11525,35.47667],[129.11219,35.47788],[129.11215,35.47791],[129.11208,35.47795],[129.10963,35.4797],[129.1095,35.47984],[129.10859,35.48116],[129.10793,35.48363],[129.10793,35.48374],[129.10796,35.48383],[129.10803,35.4839],[129.10813,35.48398],[129.10826,35.48404],[129.10848,35.48416],[129.10874,35.48437],[129.10895,35.48455],[129.10905,35.48467],[129.10907,35.48474],[129.10921,35.48523],[129.10929,35.48559],[129.10932,35.4858],[129.10932,35.48596],[129.10931,35.48617],[129.10927,35.4864],[129.10896,35.48774],[129.10889,35.4879],[129.10881,35.48797],[129.10872,35.48801],[129.10842,35.48807],[129.10817,35.48816],[129.10799,35.48825],[129.10773,35.48842],[129.10747,35.48867],[129.10701,35.48918],[129.10678,35.48948],[129.10664,35.48977],[129.1066,35.48993],[129.10629,35.49137],[129.10623,35.49164],[129.10622,35.49176],[129.10641,35.49376],[129.10666,35.49459],[129.10671,35.49478],[129.10671,35.49496],[129.10666,35.49509],[129.10656,35.4952],[129.10527,35.49647],[129.10428,35.49711],[129.10406,35.49725],[129.10401,35.49728],[129.1026,35.49767],[129.10221,35.49764],[129.10129,35.49727],[129.10046,35.49662],[129.09953,35.49648],[129.09915,35.49661],[129.09826,35.49693],[129.09788,35.49716],[129.09741,35.49749],[129.09713,35.49773],[129.09696,35.49794],[129.09679,35.49815],[129.0949,35.49812],[129.0947,35.49774],[129.09685,35.5026],[129.09699,35.50292],[129.0973,35.50373],[129.0967,35.50431],[129.09634,35.50466],[129.09622,35.50482],[129.09599,35.50657],[129.09599,35.50682],[129.09604,35.50709],[129.09625,35.50773],[129.09667,35.50907],[129.09685,35.50961],[129.09692,35.50978],[129.09893,35.51147],[129.09906,35.51157],[129.09928,35.51162],[129.09969,35.51171],[129.10001,35.51172],[129.1003,35.51168],[129.10084,35.5116],[129.10163,35.51128],[129.10178,35.5112],[129.10187,35.51112],[129.10195,35.51101],[129.10207,35.51084],[129.10233,35.51066],[129.10266,35.51051],[129.10283,35.5105],[129.1035,35.51047],[129.10363,35.51049],[129.10369,35.51053],[129.10382,35.51064],[129.10773,35.51394],[129.11197,35.51801],[129.11557,35.52184],[129.11559,35.52201],[129.11543,35.52241],[129.11533,35.52252],[129.11527,35.52258],[129.11517,35.52267],[129.1151,35.52271],[129.11501,35.52271],[129.11476,35.5226],[129.11556,35.52515],[129.11944,35.52992],[129.11955,35.53001],[129.12247,35.53221],[129.12662,35.53508],[129.12671,35.53512],[129.12777,35.53539],[129.12814,35.5354],[129.12836,35.5354],[129.12855,35.53538],[129.12866,35.53535],[129.13124,35.53554],[129.13569,35.53698],[129.13586,35.53705],[129.13593,35.53711],[129.13598,35.53716],[129.13607,35.53753],[129.13608,35.53762],[129.13607,35.53777],[129.13609,35.53802],[129.13613,35.53826],[129.13619,35.53863],[129.13623,35.53874],[129.13625,35.53879],[129.13733,35.54045],[129.13738,35.54053],[129.13745,35.54061],[129.13844,35.54147],[129.13881,35.5414],[129.13892,35.54139],[129.14063,35.54185],[129.14073,35.54188],[129.14107,35.5421],[129.14127,35.54224],[129.14163,35.54245],[129.14195,35.54259],[129.14221,35.54268],[129.14239,35.54273],[129.14264,35.54275],[129.14285,35.54275],[129.14305,35.54273],[129.14321,35.54271],[129.14342,35.54266],[129.14363,35.54259],[129.1438,35.5425],[129.14392,35.54241],[129.14496,35.5416],[129.14679,35.53949],[129.14687,35.53935],[129.14735,35.53861],[129.14739,35.53852],[129.14743,35.53845],[129.14744,35.53837],[129.15022,35.53761],[129.15095,35.53823],[129.15199,35.53885],[129.15265,35.5391],[129.15316,35.53929],[129.15328,35.53932],[129.15546,35.53986],[129.15554,35.53988],[129.15569,35.5399],[129.15593,35.53992],[129.15672,35.53992],[129.16451,35.53735],[129.1647,35.53728],[129.16693,35.53632],[129.16713,35.53622],[129.16753,35.53601],[129.16805,35.53575],[129.16834,35.53555],[129.1686,35.53542],[129.16885,35.53531],[129.16903,35.53525],[129.16937,35.53521],[129.16963,35.53522],[129.16988,35.53525],[129.17096,35.5354],[129.17147,35.53551],[129.17535,35.53643],[129.17572,35.53652],[129.17634,35.53675],[129.17676,35.53694],[129.17732,35.53723],[129.17777,35.53749],[129.17816,35.53776],[129.17989,35.53968],[129.1801,35.53998],[129.18027,35.54029],[129.18032,35.54049],[129.18036,35.54082],[129.18045,35.54109],[129.18061,35.54138],[129.18146,35.54234],[129.18178,35.54262],[129.18192,35.5427],[129.18492,35.54409],[129.18559,35.54437],[129.18724,35.54492],[129.18746,35.545],[129.18769,35.54503],[129.18788,35.54502],[129.18913,35.54482],[129.19188,35.54469],[129.19332,35.5447],[129.19342,35.54459],[129.19365,35.54436],[129.19401,35.54398],[129.19424,35.54373],[129.19437,35.54352],[129.19466,35.54298],[129.19466,35.54286],[129.19463,35.54278],[129.19447,35.54256],[129.19395,35.54146],[129.1935,35.54049],[129.19342,35.54031],[129.19341,35.54025],[129.19391,35.53797],[129.19396,35.53779],[129.194,35.53771],[129.19407,35.53762],[129.19418,35.53751],[129.19424,35.53746],[129.19607,35.53622],[129.19615,35.53623],[129.19676,35.53687],[129.19696,35.53715],[129.19814,35.53766],[129.19998,35.53816],[129.20322,35.53946],[129.20337,35.53952],[129.20446,35.54004],[129.20453,35.54009],[129.20459,35.54018],[129.20462,35.54023],[129.20581,35.54232]]]]}},{"type":"Feature","properties":{"adm_cd":"26010681","adm_nm":"울산광역시 중구 복산동"},"geometry":{"type":"MultiPolygon","coordinates":[[[[129.33125,35.56106],[129.33119,35.56098],[129.33118,35.56074],[129.33119,35.55967],[129.33122,35.55874],[129.33121,35.55865],[129.33117,35.55856],[129.33091,35.55806],[129.33084,35.55801],[129.32824,35.5586],[129.32811,35.55941],[129.32653,35.55903],[129.32549,35.55862],[129.32501,35.55843],[129.32415,35.55804],[129.32359,35.55779],[129.32329,35.55844],[129.32283,35.55953],[129.32251,35.56097],[129.32202,35.56258],[129.32123,35.56588],[129.32236,35.56616],[129.3219,35.56803],[129.3226,35.56819],[129.32255,35.57025],[129.32297,35.57092],[129.32382,35.57145],[129.32509,35.57177],[129.32582,35.57165],[129.32613,35.57123],[129.32689,35.57013],[129.32812,35.56945],[129.3289,35.56949],[129.32915,35.56925],[129.33064,35.57016],[129.33151,35.56917],[129.33375,35.57078],[129.3339,35.5707],[129.334,35.57047],[129.33428,35.56909],[129.33421,35.56802],[129.33407,35.56791],[129.33395,35.56784],[129.33336,35.56753],[129.33313,35.5674],[129.33543,35.56475],[129.33564,35.56451],[129.3359,35.56421],[129.335,35.56341],[129.33741,35.56056],[129.33728,35.56029],[129.3364,35.56044],[129.33586,35.55919],[129.33515,35.55917],[129.33241,35.56113],[129.33184,35.56051],[129.3315,35.56101],[129.33125,35.56106]]]]}}]}