{"type":"FeatureCollection","features":[{"type":"Feature","properties":{"adm_cd":"33020110","adm_nm":"충청북도 충주시 주덕읍"},"geometry":{"type":"MultiPolygon","coordinates":[[[[127.82664,37.0103],[127.82475,37.00924],[127.82474,37.0081],[127.82378,37.00667],[127.82369,37.00655],[127.82334,37.00613],[127.82327,37.00606],[127.81875,37.00262],[127.81507,36.99756],[127.81489,36.99611],[127.8148,36.9943],[127.81481,36.99425],[127.81482,36.9942],[127.81483,36.99414],[127.81482,36.99408],[127.8148,36.99397],[127.81478,36.9939],[127.81471,36.99376],[127.81456,36.99346],[127.81446,36.99326],[127.81435,36.99309],[127.81427,36.99299],[127.81278,36.99133],[127.81264,36.99118],[127.81255,36.9911],[127.81241,36.991],[127.81226,36.99089],[127.8121,36.99078],[127.81194,36.9907],[127.81186,36.99066],[127.8117,36.99061],[127.81159,36.99057],[127.81139,36.99054],[127.8112,36.99051],[127.81112,36.9905],[127.81102,36.99048],[127.81096,36.99046],[127.81088,36.99044],[127.81079,36.99039],[127.81069,36.99033],[127.8083,36.98854],[127.80462,36.98498],[127.8046,36.98495],[127.80458,36.9849],[127.80456,36.98483],[127.80404,36.98233],[127.80402,36.98225],[127.80401,36.98214],[127.804,36.98198],[127.80401,36.98187],[127.80402,36.98168],[127.80405,36.9815],[127.80408,36.98132],[127.80411,36.98115],[127.80415,36.98101],[127.80418,36.98089],[127.80475,36.9789],[127.80489,36.97848],[127.80497,36.97828],[127.80629,36.97472],[127.80652,36.97469],[127.80973,36.97435],[127.80983,36.97434],[127.81133,36.9742],[127.81284,36.97406],[127.81461,36.9726],[127.81472,36.97228],[127.81442,36.96953],[127.81324,36.96381],[127.81271,36.96297],[127.8123,36.96264],[127.81108,36.96251],[127.81076,36.9625],[127.81042,36.96257],[127.80664,36.96302],[127.80398,36.95993],[127.80277,36.95746],[127.80176,36.95287],[127.79986,36.95037],[127.79983,36.95031],[127.79979,36.9502],[127.79979,36.95008],[127.80005,36.94843],[127.80008,36.94828],[127.80016,36.94809],[127.8003,36.9478],[127.80045,36.94751],[127.79917,36.94747],[127.79617,36.9467],[127.79555,36.9465],[127.79538,36.94616],[127.79516,36.94573],[127.79396,36.94323],[127.79337,36.94065],[127.79321,36.94038],[127.79306,36.9401],[127.79232,36.93928],[127.79159,36.93893],[127.791,36.93865],[127.78934,36.93793],[127.78873,36.93723],[127.78799,36.93696],[127.78755,36.9368],[127.78621,36.9369],[127.78527,36.9374],[127.78403,36.93741],[127.78279,36.93704],[127.78177,36.93605],[127.78059,36.93495],[127.77498,36.93318],[127.77363,36.93302],[127.77309,36.93305],[127.77262,36.93308],[127.77243,36.93314],[127.77222,36.9332],[127.77164,36.93376],[127.7713,36.93442],[127.77122,36.93468],[127.77097,36.93561],[127.77076,36.93645],[127.77026,36.93748],[127.76974,36.93809],[127.76923,36.93854],[127.76723,36.93968],[127.76699,36.9398],[127.76648,36.93988],[127.76583,36.93988],[127.76539,36.93998],[127.76479,36.94016],[127.76455,36.94039],[127.76421,36.94071],[127.76197,36.94372],[127.7617,36.94417],[127.76176,36.94444],[127.762,36.94487],[127.76244,36.94502],[127.76279,36.94515],[127.76317,36.94529],[127.7634,36.94541],[127.76358,36.94552],[127.76388,36.94577],[127.76397,36.94612],[127.764,36.94625],[127.76289,36.94848],[127.76267,36.94867],[127.76072,36.95012],[127.75836,36.95156],[127.75643,36.95217],[127.75451,36.95462],[127.75447,36.95508],[127.75345,36.95731],[127.75273,36.95799],[127.75232,36.95812],[127.75148,36.95845],[127.75007,36.95922],[127.74844,36.96047],[127.74785,36.96092],[127.74781,36.96677],[127.74781,36.9669],[127.748,36.96731],[127.74872,36.96796],[127.74936,36.96824],[127.74974,36.96847],[127.75002,36.96886],[127.75015,36.96944],[127.74996,36.9703],[127.74985,36.97052],[127.74935,36.97121],[127.74887,36.97179],[127.74877,36.97204],[127.7487,36.97258],[127.74887,36.9731],[127.75222,36.97717],[127.75262,36.9775],[127.75297,36.97762],[127.75352,36.97762],[127.75405,36.97753],[127.75458,36.97726],[127.75474,36.97715],[127.75492,36.97701],[127.75544,36.97676],[127.75707,36.97659],[127.76047,36.97631],[127.76079,36.97629],[127.76393,36.97658],[127.76479,36.97702],[127.76495,36.97717],[127.765,36.97741],[127.76545,36.97779],[127.76705,36.97822],[127.76887,36.97855],[127.77045,36.97877],[127.77131,36.97908],[127.77336,36.98001],[127.7764,36.98146],[127.77719,36.98291],[127.77575,36.98485],[127.77313,36.98601],[127.77217,36.98623],[127.77156,36.98647],[127.77075,36.98693],[127.77014,36.98732],[127.76866,36.98855],[127.76765,36.98969],[127.76702,36.99044],[127.76676,36.99086],[127.76624,36.99116],[127.76514,36.98962],[127.76413,36.98777],[127.75273,36.99175],[127.74449,36.99541],[127.74396,36.99635],[127.74635,36.99613],[127.7464,36.99703],[127.74637,36.99763],[127.74628,36.99805],[127.74553,36.99986],[127.7451,37.00084],[127.7451,37.00117],[127.74527,37.00352],[127.74537,37.00467],[127.7456,37.00523],[127.74582,37.00551],[127.74628,37.00595],[127.74661,37.00607],[127.74701,37.00626],[127.74749,37.00664],[127.74815,37.00727],[127.74875,37.00791],[127.74908,37.00838],[127.74931,37.00922],[127.74933,37.00956],[127.74912,37.01196],[127.74905,37.01217],[127.74877,37.01261],[127.74849,37.01301],[127.74827,37.0131],[127.74793,37.01332],[127.74758,37.01365],[127.74565,37.01566],[127.74562,37.01668],[127.74575,37.01682],[127.74648,37.01734],[127.74666,37.01743],[127.74692,37.01735],[127.7474,37.01728],[127.74788,37.01735],[127.74965,37.01763],[127.75048,37.01786],[127.75112,37.01817],[127.75141,37.01852],[127.75163,37.01881],[127.75202,37.01956],[127.75206,37.01955],[127.7522,37.01956],[127.75227,37.01959],[127.75244,37.01965],[127.75267,37.01977],[127.75358,37.02039],[127.75602,37.02204],[127.75621,37.02219],[127.75646,37.02242],[127.75891,37.02502],[127.75894,37.02507],[127.75896,37.02518],[127.75895,37.02555],[127.75889,37.02587],[127.75888,37.02611],[127.75889,37.02628],[127.75923,37.02742],[127.75929,37.02755],[127.75934,37.02762],[127.7594,37.02767],[127.7595,37.02772],[127.75967,37.02777],[127.76076,37.02798],[127.76091,37.028],[127.761,37.02801],[127.76107,37.02801],[127.76116,37.02799],[127.76125,37.02797],[127.76207,37.02752],[127.76211,37.02748],[127.76225,37.02733],[127.76268,37.02678],[127.76279,37.02661],[127.76336,37.02587],[127.7644,37.02488],[127.76449,37.02482],[127.76454,37.02479],[127.76466,37.02475],[127.76496,37.02466],[127.7652,37.0246],[127.76541,37.02457],[127.76572,37.02455],[127.7659,37.02453],[127.76663,37.02452],[127.76913,37.02448],[127.76931,37.02448],[127.77011,37.02454],[127.77016,37.02455],[127.77032,37.02458],[127.77038,37.02461],[127.77043,37.02466],[127.77046,37.02471],[127.77047,37.02476],[127.77048,37.0248],[127.77045,37.02489],[127.77043,37.02505],[127.77043,37.02516],[127.77047,37.02529],[127.7705,37.02536],[127.77053,37.0254],[127.77106,37.02591],[127.77115,37.02597],[127.77178,37.02623],[127.77194,37.02629],[127.77199,37.02631],[127.77225,37.02621],[127.77232,37.02613],[127.7727,37.02562],[127.77342,37.02454],[127.77355,37.02429],[127.77367,37.02402],[127.77611,37.02249],[127.78176,37.02057],[127.78662,37.01839],[127.78669,37.01837],[127.78675,37.01837],[127.7868,37.01839],[127.78685,37.01842],[127.7869,37.01845],[127.78773,37.01954],[127.78783,37.01968],[127.78792,37.01984],[127.78808,37.02018],[127.78812,37.02031],[127.78817,37.02051],[127.7882,37.02066],[127.7882,37.02073],[127.78804,37.0217],[127.78807,37.02391],[127.78808,37.02397],[127.7881,37.02404],[127.78815,37.02414],[127.78823,37.02429],[127.78902,37.02554],[127.78906,37.0256],[127.78909,37.02564],[127.78916,37.02568],[127.78927,37.02574],[127.79101,37.02635],[127.79286,37.02689],[127.79296,37.02691],[127.79776,37.02771],[127.79893,37.02713],[127.79908,37.02705],[127.79922,37.02696],[127.79933,37.02688],[127.79939,37.02681],[127.79993,37.02625],[127.80001,37.02616],[127.80011,37.02601],[127.80014,37.02595],[127.80022,37.02571],[127.80029,37.02537],[127.80032,37.02525],[127.80037,37.02516],[127.80043,37.02506],[127.80049,37.025],[127.80056,37.02496],[127.80068,37.02492],[127.80077,37.02491],[127.80285,37.02494],[127.80367,37.0256],[127.80788,37.02766],[127.81056,37.02892],[127.81067,37.02899],[127.8108,37.02908],[127.81089,37.02916],[127.811,37.02929],[127.81106,37.02936],[127.81112,37.0294],[127.81129,37.02949],[127.8115,37.02958],[127.81174,37.02966],[127.81203,37.02973],[127.81234,37.02981],[127.81265,37.02988],[127.81288,37.0299],[127.81318,37.02991],[127.81353,37.0299],[127.81389,37.02986],[127.8153,37.02966],[127.81554,37.02961],[127.81567,37.02956],[127.81718,37.02883],[127.81726,37.02878],[127.81734,37.0287],[127.81748,37.02852],[127.81762,37.02828],[127.8177,37.0281],[127.81783,37.02771],[127.81805,37.02661],[127.81804,37.02631],[127.81799,37.02493],[127.81911,37.02365],[127.82064,37.0225],[127.82083,37.02236],[127.82093,37.02228],[127.82096,37.02222],[127.82236,37.01669],[127.82246,37.0148],[127.82244,37.01466],[127.82245,37.01455],[127.82295,37.01301],[127.82305,37.01285],[127.82486,37.0109],[127.82491,37.01086],[127.82498,37.01084],[127.82664,37.0103]]]]}},{"type":"Feature","properties":{"adm_cd":"33020310","adm_nm":"충청북도 충주시 살미면"},"geometry":{"type":"MultiPolygon","coordinates":[[[[128.04338,36.95185],[128.04266,36.94814],[128.04157,36.94395],[128.04111,36.94213],[128.04123,36.94095],[128.04127,36.94049],[128.04191,36.93852],[128.0433,36.93683],[128.04516,36.93574],[128.04811,36.935],[128.05063,36.93468],[128.05188,36.93441],[128.05401,36.93387],[128.05568,36.93321],[128.05686,36.93252],[128.05841,36.93125],[128.05953,36.92951],[128.06046,36.92776],[128.06092,36.92512],[128.06112,36.92337],[128.06167,36.92103],[128.06213,36.92031],[128.06301,36.91942],[128.06351,36.91909],[128.06436,36.91866],[128.06476,36.91846],[128.06682,36.91738],[128.06864,36.91638],[128.07045,36.91482],[128.07158,36.91372],[128.07211,36.91255],[128.07217,36.91159],[128.07184,36.91069],[128.07131,36.91014],[128.07024,36.90946],[128.06853,36.9088],[128.06804,36.90847],[128.06789,36.90817],[128.06786,36.90774],[128.06802,36.90663],[128.06857,36.90537],[128.06842,36.90501],[128.0676,36.90392],[128.06729,36.90334],[128.06711,36.90261],[128.0669,36.90142],[128.06702,36.90022],[128.06732,36.89933],[128.0673,36.89804],[128.06685,36.89413],[128.06662,36.89345],[128.06634,36.89313],[128.06561,36.89253],[128.06448,36.89181],[128.06266,36.8907],[128.06176,36.88998],[128.0601,36.88809],[128.05996,36.88774],[128.05988,36.88756],[128.05993,36.88724],[128.06027,36.88696],[128.06105,36.88646],[128.0613,36.88618],[128.0613,36.88602],[128.06108,36.88577],[128.05968,36.88447],[128.05859,36.88355],[128.05762,36.88294],[128.05643,36.88239],[128.0555,36.88165],[128.05492,36.88069],[128.05293,36.87483],[128.05214,36.87238],[128.05181,36.87132],[128.0517,36.87107],[128.04958,36.87071],[128.04878,36.87065],[128.04732,36.8703],[128.04647,36.86986],[128.04618,36.86969],[128.0458,36.86924],[128.04437,36.86545],[128.04415,36.86417],[128.04419,36.86383],[128.04147,36.8613],[128.04085,36.86109],[128.03935,36.86045],[128.03881,36.86007],[128.0385,36.8598],[128.03717,36.8608],[128.03573,36.86091],[128.0323,36.86315],[128.02878,36.86565],[128.02797,36.86625],[128.02756,36.86704],[128.02724,36.86809],[128.02702,36.86887],[128.02708,36.86915],[128.02694,36.86997],[128.02409,36.8748],[128.02299,36.87613],[128.02191,36.87784],[128.02139,36.87876],[128.02052,36.88088],[128.02051,36.88142],[128.02096,36.88343],[128.02115,36.8843],[128.02162,36.88495],[128.02231,36.88588],[128.02269,36.88654],[128.02295,36.88724],[128.02288,36.88791],[128.02263,36.88843],[128.02104,36.89057],[128.02079,36.89082],[128.01897,36.89103],[128.01865,36.89101],[128.01507,36.89],[128.01459,36.88976],[128.01386,36.88908],[128.01221,36.88784],[128.01183,36.88773],[128.00814,36.88828],[128.007,36.8886],[128.006,36.8892],[128.00548,36.88968],[128.00479,36.89053],[128.00456,36.89071],[128.00412,36.89084],[128.00359,36.89091],[128.00124,36.89095],[127.99742,36.89055],[127.99202,36.89075],[127.98668,36.88965],[127.98593,36.88894],[127.98569,36.88879],[127.98523,36.88855],[127.98504,36.88851],[127.98016,36.88788],[127.98004,36.8879],[127.97993,36.88796],[127.97881,36.88875],[127.97874,36.88881],[127.97832,36.88935],[127.97785,36.89012],[127.97763,36.89064],[127.97762,36.89087],[127.97759,36.89104],[127.97748,36.89123],[127.97727,36.89143],[127.97695,36.89172],[127.97675,36.89185],[127.97495,36.89287],[127.97485,36.8929],[127.97477,36.8929],[127.97472,36.89289],[127.97434,36.89277],[127.97336,36.89343],[127.97323,36.89351],[127.9731,36.89356],[127.97245,36.89382],[127.97236,36.89385],[127.97229,36.89382],[127.96869,36.89096],[127.96857,36.89086],[127.96805,36.89031],[127.96723,36.88866],[127.96252,36.8846],[127.95942,36.88259],[127.95679,36.88169],[127.95038,36.87454],[127.9493,36.87313],[127.9467,36.87287],[127.9466,36.87287],[127.94655,36.87288],[127.94649,36.87289],[127.94637,36.87295],[127.94503,36.87372],[127.94493,36.87379],[127.94482,36.87386],[127.94477,36.8739],[127.94471,36.87395],[127.9447,36.87397],[127.94468,36.874],[127.94467,36.87403],[127.94467,36.87407],[127.94467,36.87411],[127.94468,36.87419],[127.94476,36.87439],[127.94488,36.87463],[127.94499,36.8748],[127.94508,36.87493],[127.94518,36.87507],[127.94776,36.87855],[127.94991,36.88325],[127.95,36.88327],[127.95021,36.88343],[127.95084,36.88405],[127.95106,36.88427],[127.95119,36.88441],[127.95124,36.88446],[127.9513,36.88456],[127.95148,36.88488],[127.95158,36.88508],[127.95166,36.88527],[127.95169,36.88545],[127.95168,36.88558],[127.95157,36.88585],[127.95148,36.88599],[127.95126,36.88625],[127.95101,36.88651],[127.95078,36.88672],[127.95048,36.8869],[127.95025,36.88701],[127.95006,36.88709],[127.94986,36.88717],[127.94956,36.88727],[127.94914,36.88739],[127.94901,36.88742],[127.94889,36.88745],[127.94855,36.88753],[127.9448,36.88824],[127.94472,36.88825],[127.94465,36.88825],[127.94427,36.88828],[127.94398,36.88829],[127.93804,36.88826],[127.93623,36.88825],[127.93602,36.88825],[127.93556,36.88821],[127.93542,36.8882],[127.93165,36.88724],[127.93137,36.88716],[127.93125,36.88713],[127.93101,36.88706],[127.93078,36.88699],[127.92987,36.88673],[127.92914,36.88646],[127.92741,36.88537],[127.92209,36.88236],[127.92178,36.88221],[127.92051,36.88177],[127.91922,36.88164],[127.91685,36.88158],[127.91669,36.88159],[127.91633,36.88167],[127.91626,36.88171],[127.9151,36.88277],[127.91432,36.8836],[127.9138,36.88427],[127.91349,36.8847],[127.91265,36.88592],[127.91262,36.88596],[127.91257,36.886],[127.91248,36.88609],[127.9124,36.88614],[127.91109,36.8867],[127.90995,36.88706],[127.90984,36.88708],[127.90962,36.88709],[127.90925,36.88708],[127.90899,36.88707],[127.90892,36.88702],[127.90859,36.88679],[127.90843,36.88666],[127.90837,36.88661],[127.9072,36.88652],[127.9018,36.88841],[127.90166,36.88847],[127.90151,36.88854],[127.90143,36.88858],[127.90137,36.88862],[127.90111,36.88883],[127.90051,36.88952],[127.90012,36.89006],[127.89982,36.89051],[127.89692,36.89317],[127.8983,36.89443],[127.89892,36.89503],[127.89907,36.89518],[127.89932,36.89543],[127.89946,36.89559],[127.89951,36.89566],[127.90385,36.90131],[127.90419,36.90229],[127.90417,36.90237],[127.90417,36.90245],[127.90421,36.90261],[127.90431,36.90288],[127.90453,36.9032],[127.90584,36.90489],[127.90593,36.905],[127.90596,36.90504],[127.90603,36.90511],[127.90617,36.90526],[127.9063,36.90537],[127.90639,36.90546],[127.9065,36.90554],[127.90661,36.9056],[127.90675,36.90566],[127.90688,36.90569],[127.907,36.90571],[127.90757,36.90579],[127.9079,36.90583],[127.90812,36.90585],[127.90832,36.90584],[127.90853,36.90583],[127.90934,36.90577],[127.90962,36.90574],[127.90976,36.90573],[127.91226,36.90529],[127.91243,36.90526],[127.91269,36.90521],[127.91296,36.90513],[127.9132,36.90505],[127.91348,36.90493],[127.91777,36.9024],[127.92207,36.89925],[127.92304,36.89887],[127.92364,36.89865],[127.9241,36.89881],[127.92502,36.89916],[127.92559,36.89957],[127.92578,36.90009],[127.92586,36.90043],[127.92595,36.90078],[127.92579,36.90201],[127.92554,36.90331],[127.92448,36.90536],[127.92423,36.90564],[127.92336,36.90583],[127.92239,36.90603],[127.92114,36.90642],[127.91828,36.90735],[127.9148,36.9085],[127.91257,36.90944],[127.91124,36.91005],[127.91118,36.91008],[127.91111,36.91014],[127.91101,36.91024],[127.91094,36.91034],[127.91087,36.91045],[127.91083,36.91055],[127.91081,36.91065],[127.91079,36.91075],[127.91078,36.91096],[127.91078,36.91112],[127.91078,36.91136],[127.91079,36.91149],[127.91081,36.91162],[127.91084,36.91177],[127.91093,36.91207],[127.91098,36.91221],[127.91102,36.91232],[127.91112,36.91252],[127.91122,36.91268],[127.91129,36.91277],[127.91137,36.91286],[127.91149,36.91298],[127.91159,36.91307],[127.91172,36.91316],[127.91277,36.91388],[127.91309,36.91409],[127.91329,36.91422],[127.91348,36.91434],[127.91396,36.91463],[127.91413,36.91473],[127.91426,36.9148],[127.9145,36.91491],[127.91487,36.91503],[127.91509,36.91509],[127.9153,36.91516],[127.9154,36.91521],[127.91554,36.91529],[127.91573,36.91539],[127.91581,36.91545],[127.91589,36.91551],[127.91605,36.91563],[127.91622,36.91576],[127.9164,36.91591],[127.91654,36.91603],[127.91688,36.91635],[127.91699,36.91646],[127.91711,36.91658],[127.91734,36.91685],[127.91747,36.917],[127.91756,36.91711],[127.91762,36.91721],[127.91768,36.91735],[127.91772,36.91749],[127.91776,36.91765],[127.91782,36.918],[127.91786,36.91822],[127.918,36.91874],[127.91806,36.91895],[127.91811,36.91912],[127.91827,36.91953],[127.91835,36.91973],[127.91841,36.91986],[127.91862,36.92024],[127.91877,36.92051],[127.91884,36.92063],[127.91918,36.92115],[127.91934,36.92138],[127.91952,36.92162],[127.91987,36.92206],[127.91995,36.92217],[127.92006,36.92228],[127.92018,36.9224],[127.92031,36.92251],[127.92066,36.92281],[127.92096,36.92307],[127.92163,36.92362],[127.92206,36.92395],[127.9223,36.92414],[127.92265,36.92439],[127.92282,36.92451],[127.92328,36.92481],[127.92654,36.92693],[127.92739,36.92747],[127.92803,36.92788],[127.92838,36.9281],[127.92881,36.92843],[127.9292,36.92876],[127.92928,36.92883],[127.92954,36.92907],[127.9299,36.92941],[127.93007,36.92958],[127.93029,36.92983],[127.93047,36.93005],[127.93065,36.93031],[127.93074,36.93049],[127.93083,36.93076],[127.93087,36.93092],[127.93091,36.9312],[127.93091,36.93133],[127.93089,36.93156],[127.93081,36.932],[127.93066,36.93241],[127.93049,36.93284],[127.9304,36.93306],[127.93031,36.93329],[127.93033,36.93333],[127.93035,36.93335],[127.93074,36.93359],[127.93097,36.93374],[127.93135,36.93396],[127.93493,36.93628],[127.93616,36.93716],[127.93706,36.93759],[127.93715,36.93762],[127.93729,36.93764],[127.94168,36.93797],[127.94189,36.93799],[127.94203,36.93798],[127.94237,36.93795],[127.94252,36.93791],[127.94495,36.93721],[127.945,36.93719],[127.94505,36.93716],[127.94518,36.93701],[127.94532,36.9368],[127.94538,36.93665],[127.94546,36.93634],[127.94566,36.93536],[127.94579,36.93439],[127.94585,36.93418],[127.94588,36.93413],[127.94596,36.93409],[127.94704,36.93367],[127.94825,36.93338],[127.9484,36.93335],[127.94858,36.93333],[127.95127,36.93336],[127.9514,36.93337],[127.95163,36.93343],[127.9519,36.93353],[127.95208,36.9336],[127.95219,36.93366],[127.95233,36.93376],[127.95245,36.9339],[127.9558,36.93493],[127.95758,36.93486],[127.96179,36.93488],[127.96203,36.93489],[127.96216,36.93491],[127.96355,36.93516],[127.9639,36.93522],[127.96419,36.93528],[127.96434,36.93534],[127.9645,36.93539],[127.96466,36.93544],[127.96476,36.93546],[127.96496,36.93546],[127.96582,36.93545],[127.96591,36.93544],[127.96598,36.93541],[127.96716,36.93471],[127.96724,36.93465],[127.96727,36.93457],[127.96734,36.93437],[127.9678,36.93315],[127.969,36.93082],[127.96906,36.93077],[127.97385,36.9282],[127.97576,36.92849],[127.9782,36.92895],[127.97986,36.92943],[127.98248,36.93022],[127.98254,36.93024],[127.98281,36.93034],[127.9829,36.93037],[127.98296,36.93042],[127.98299,36.93047],[127.98302,36.93055],[127.98303,36.93065],[127.98305,36.93079],[127.98302,36.93109],[127.98298,36.93123],[127.98261,36.93249],[127.98243,36.933],[127.9824,36.93307],[127.98237,36.93313],[127.98196,36.93376],[127.9816,36.93421],[127.98155,36.93428],[127.98146,36.93434],[127.98131,36.93444],[127.98121,36.93454],[127.98086,36.93491],[127.98079,36.935],[127.98075,36.93509],[127.98064,36.93568],[127.98063,36.93574],[127.98063,36.93597],[127.98065,36.93656],[127.98068,36.93738],[127.98069,36.93748],[127.98071,36.93754],[127.9822,36.93922],[127.98292,36.9399],[127.98297,36.93995],[127.98304,36.94],[127.98368,36.94039],[127.98379,36.94045],[127.98388,36.9405],[127.98395,36.94053],[127.984,36.94054],[127.98408,36.94054],[127.98418,36.94054],[127.98426,36.94055],[127.98435,36.94057],[127.98444,36.9406],[127.98453,36.94065],[127.98463,36.9407],[127.98574,36.94148],[127.9859,36.94197],[127.98369,36.9445],[127.98308,36.94519],[127.9821,36.94587],[127.98197,36.94596],[127.98183,36.94604],[127.98173,36.94608],[127.98013,36.94687],[127.97875,36.94797],[127.97872,36.94802],[127.97837,36.94869],[127.97781,36.95027],[127.97777,36.9504],[127.97748,36.95262],[127.97749,36.95268],[127.9778,36.95347],[127.98061,36.95377],[127.98097,36.95378],[127.98104,36.95378],[127.98109,36.95378],[127.98115,36.95377],[127.98123,36.95376],[127.98166,36.95368],[127.98635,36.95273],[127.98725,36.95235],[127.98745,36.9522],[127.98759,36.95212],[127.98774,36.9521],[127.98788,36.95209],[127.98797,36.9521],[127.98813,36.95218],[127.99074,36.95358],[127.99126,36.95402],[127.99133,36.95408],[127.99155,36.95425],[127.99165,36.95431],[127.99218,36.95463],[127.99351,36.95525],[127.99376,36.95535],[127.99385,36.95538],[127.9941,36.95543],[127.99428,36.95545],[127.9944,36.95547],[127.99452,36.95547],[127.99466,36.95548],[127.9949,36.95548],[127.99644,36.9554],[127.99905,36.95366],[127.99954,36.95331],[128.00011,36.95285],[128.0006,36.95246],[128.00119,36.95187],[128.00165,36.95146],[128.00226,36.95094],[128.0028,36.95052],[128.00302,36.95037],[128.00351,36.9502],[128.00388,36.95016],[128.00409,36.9502],[128.00453,36.95031],[128.00501,36.95048],[128.00517,36.95056],[128.00527,36.95063],[128.00539,36.9507],[128.00987,36.9548],[128.01185,36.95714],[128.01213,36.95759],[128.01252,36.95788],[128.01436,36.95894],[128.01972,36.9619],[128.02386,36.96385],[128.02715,36.96503],[128.02817,36.96529],[128.0289,36.96463],[128.0301,36.96343],[128.03058,36.96295],[128.03342,36.95962],[128.03528,36.9573],[128.03765,36.95494],[128.03932,36.95367],[128.04143,36.95258],[128.04185,36.95237],[128.04281,36.952],[128.04338,36.95185]]]]}},{"type":"Feature","properties":{"adm_cd":"33020320","adm_nm":"충청북도 충주시 수안보면"},"geometry":{"type":"MultiPolygon","coordinates":[[[[128.0385,36.8598],[128.03824,36.85875],[128.03721,36.85724],[128.03623,36.85562],[128.03634,36.855],[128.03702,36.85306],[128.03749,36.85241],[128.04108,36.849],[128.04187,36.84869],[128.04729,36.84687],[128.0578,36.84329],[128.05767,36.84254],[128.05734,36.84197],[128.05753,36.84129],[128.05871,36.83914],[128.05901,36.83882],[128.05948,36.83844],[128.06134,36.83745],[128.06163,36.83745],[128.06184,36.83751],[128.06281,36.83819],[128.06516,36.84088],[128.06807,36.84434],[128.06879,36.84486],[128.06914,36.84506],[128.07038,36.84542],[128.07254,36.84598],[128.07538,36.8469],[128.07613,36.84717],[128.07726,36.84793],[128.07841,36.84841],[128.07972,36.84875],[128.08114,36.84905],[128.08198,36.84893],[128.08265,36.84886],[128.08324,36.84894],[128.08444,36.84952],[128.08542,36.85042],[128.08694,36.85177],[128.08718,36.85188],[128.09096,36.84963],[128.09132,36.8494],[128.09157,36.84885],[128.09315,36.84483],[128.09369,36.84254],[128.09434,36.83969],[128.09461,36.8379],[128.09464,36.83765],[128.09461,36.83748],[128.09444,36.83728],[128.09411,36.83703],[128.09399,36.83687],[128.09399,36.83674],[128.09472,36.83537],[128.09482,36.83526],[128.09715,36.83421],[128.10352,36.83212],[128.10717,36.83103],[128.10916,36.8308],[128.11262,36.83058],[128.11979,36.83231],[128.12645,36.83419],[128.12736,36.83422],[128.12797,36.83402],[128.12828,36.83378],[128.12886,36.83325],[128.12944,36.83275],[128.13017,36.83231],[128.13068,36.83216],[128.13187,36.83208],[128.13366,36.83222],[128.13399,36.83127],[128.13398,36.8305],[128.13393,36.82922],[128.13379,36.82867],[128.13297,36.82725],[128.13219,36.82645],[128.13197,36.82628],[128.12931,36.82456],[128.12873,36.82426],[128.12763,36.82415],[128.12593,36.82427],[128.1248,36.82401],[128.12408,36.82351],[128.12305,36.82277],[128.12265,36.82249],[128.1211,36.82235],[128.11955,36.82245],[128.11815,36.82232],[128.11511,36.82001],[128.11223,36.81889],[128.11081,36.81636],[128.10985,36.81459],[128.10861,36.81221],[128.10751,36.80884],[128.10678,36.80579],[128.10578,36.80483],[128.10515,36.80457],[128.10451,36.80444],[128.10337,36.80477],[128.10165,36.8056],[128.10082,36.80583],[128.09369,36.8033],[128.09257,36.80285],[128.09209,36.80204],[128.09205,36.80156],[128.09205,36.80082],[128.09236,36.7996],[128.09304,36.79899],[128.09288,36.79726],[128.0924,36.79649],[128.09188,36.79646],[128.08813,36.79681],[128.08739,36.79701],[128.084,36.79945],[128.08432,36.79999],[128.08432,36.80077],[128.08422,36.80404],[128.08151,36.80677],[128.07319,36.8125],[128.07136,36.81365],[128.06808,36.81552],[128.06747,36.81584],[128.06535,36.81677],[128.06347,36.81716],[128.06024,36.817],[128.05956,36.8168],[128.0571,36.81783],[128.05279,36.81888],[128.05203,36.81899],[128.05087,36.81971],[128.04955,36.82121],[128.04724,36.82219],[128.04665,36.82218],[128.04589,36.822],[128.04528,36.82185],[128.04367,36.82103],[128.04289,36.8209],[128.03947,36.82153],[128.03804,36.82318],[128.03769,36.82399],[128.03636,36.82487],[128.03475,36.82511],[128.03211,36.82516],[128.03132,36.82498],[128.02936,36.82428],[128.02814,36.82404],[128.02655,36.8241],[128.02578,36.82429],[128.02462,36.82458],[128.02296,36.82495],[128.0222,36.82374],[128.02248,36.82329],[128.02311,36.81992],[128.02368,36.81487],[128.02363,36.81412],[128.02321,36.81359],[128.023,36.81332],[128.02285,36.81312],[128.02125,36.8111],[128.01933,36.80911],[128.01857,36.80843],[128.01795,36.80791],[128.01644,36.80775],[128.01542,36.8082],[128.01517,36.80831],[128.01407,36.80861],[128.01252,36.80775],[128.01215,36.80703],[128.01181,36.80678],[128.0113,36.80673],[128.00667,36.80903],[128.00473,36.81065],[128.0035,36.81053],[128.0025,36.81036],[128.00141,36.81082],[128.00055,36.81119],[127.99942,36.81193],[127.99829,36.81267],[127.9981,36.8128],[127.99668,36.81289],[127.99423,36.81254],[127.99301,36.81245],[127.99206,36.81281],[127.99113,36.81349],[127.98773,36.8154],[127.98691,36.81564],[127.98608,36.81587],[127.98331,36.81569],[127.98229,36.81541],[127.98263,36.81596],[127.98332,36.81754],[127.9824,36.82221],[127.98191,36.82322],[127.98136,36.8232],[127.98113,36.82319],[127.97978,36.82288],[127.97908,36.82286],[127.97655,36.82354],[127.97599,36.82373],[127.97412,36.82454],[127.97395,36.82465],[127.97373,36.82479],[127.97267,36.82551],[127.97221,36.82626],[127.97204,36.82672],[127.97197,36.8276],[127.97197,36.82822],[127.97214,36.8283],[127.97234,36.82839],[127.97259,36.82864],[127.97335,36.82985],[127.97698,36.83612],[127.97696,36.83697],[127.97693,36.8374],[127.97548,36.84141],[127.97522,36.84189],[127.97514,36.84191],[127.97508,36.84192],[127.97484,36.84191],[127.97463,36.84188],[127.97447,36.84187],[127.974,36.84191],[127.97067,36.84492],[127.9706,36.84501],[127.97051,36.84513],[127.97035,36.84534],[127.97025,36.84549],[127.96814,36.84931],[127.96747,36.85075],[127.96815,36.85297],[127.96968,36.86022],[127.96952,36.86041],[127.96937,36.86058],[127.96926,36.86071],[127.96879,36.86122],[127.96787,36.86177],[127.9675,36.8617],[127.96698,36.86159],[127.96622,36.86172],[127.96386,36.86242],[127.96289,36.86279],[127.96115,36.86366],[127.96136,36.86426],[127.96131,36.8646],[127.96077,36.86547],[127.96066,36.8656],[127.95885,36.86743],[127.95682,36.86874],[127.95548,36.86877],[127.95426,36.86939],[127.95353,36.86993],[127.95266,36.87102],[127.95152,36.87224],[127.95091,36.87269],[127.9493,36.87313],[127.95038,36.87454],[127.95679,36.88169],[127.95942,36.88259],[127.96252,36.8846],[127.96723,36.88866],[127.96805,36.89031],[127.96857,36.89086],[127.96869,36.89096],[127.97229,36.89382],[127.97236,36.89385],[127.97245,36.89382],[127.9731,36.89356],[127.97323,36.89351],[127.97336,36.89343],[127.97434,36.89277],[127.97472,36.89289],[127.97477,36.8929],[127.97485,36.8929],[127.97495,36.89287],[127.97675,36.89185],[127.97695,36.89172],[127.97727,36.89143],[127.97748,36.89123],[127.97759,36.89104],[127.97762,36.89087],[127.97763,36.89064],[127.97785,36.89012],[127.97832,36.88935],[127.97874,36.88881],[127.97881,36.88875],[127.97993,36.88796],[127.98004,36.8879],[127.98016,36.88788],[127.98504,36.88851],[127.98523,36.88855],[127.98569,36.88879],[127.98593,36.88894],[127.98668,36.88965],[127.99202,36.89075],[127.99742,36.89055],[128.00124,36.89095],[128.00359,36.89091],[128.00412,36.89084],[128.00456,36.89071],[128.00479,36.89053],[128.00548,36.88968],[128.006,36.8892],[128.007,36.8886],[128.00814,36.88828],[128.01183,36.88773],[128.01221,36.88784],[128.01386,36.88908],[128.01459,36.88976],[128.01507,36.89],[128.01865,36.89101],[128.01897,36.89103],[128.02079,36.89082],[128.02104,36.89057],[128.02263,36.88843],[128.02288,36.88791],[128.02295,36.88724],[128.02269,36.88654],[128.02231,36.88588],[128.02162,36.88495],[128.02115,36.8843],[128.02096,36.88343],[128.02051,36.88142],[128.02052,36.88088],[128.02139,36.87876],[128.02191,36.87784],[128.02299,36.87613],[128.02409,36.8748],[128.02694,36.86997],[128.02708,36.86915],[128.02702,36.86887],[128.02724,36.86809],[128.02756,36.86704],[128.02797,36.86625],[128.02878,36.86565],[128.0323,36.86315],[128.03573,36.86091],[128.03717,36.8608],[128.0385,36.8598]]]]}},{"type":"Feature","properties":{"adm_cd":"33020340","adm_nm":"충청북도 충주시 신니면"},"geometry":{"type":"MultiPolygon","coordinates":[[[[127.75202,37.01956],[127.75163,37.01881],[127.75141,37.01852],[127.75112,37.01817],[127.75048,37.01786],[127.74965,37.01763],[127.74788,37.01735],[127.7474,37.01728],[127.74692,37.01735],[127.74666,37.01743],[127.74648,37.01734],[127.74575,37.01682],[127.74562,37.01668],[127.74565,37.01566],[127.74758,37.01365],[127.74793,37.01332],[127.74827,37.0131],[127.74849,37.01301],[127.74877,37.01261],[127.74905,37.01217],[127.74912,37.01196],[127.74933,37.00956],[127.74931,37.00922],[127.74908,37.00838],[127.74875,37.00791],[127.74815,37.00727],[127.74749,37.00664],[127.74701,37.00626],[127.74661,37.00607],[127.74628,37.00595],[127.74582,37.00551],[127.7456,37.00523],[127.74537,37.00467],[127.74527,37.00352],[127.7451,37.00117],[127.7451,37.00084],[127.74553,36.99986],[127.74628,36.99805],[127.74637,36.99763],[127.7464,36.99703],[127.74635,36.99613],[127.74396,36.99635],[127.74449,36.99541],[127.75273,36.99175],[127.76413,36.98777],[127.76514,36.98962],[127.76624,36.99116],[127.76676,36.99086],[127.76702,36.99044],[127.76765,36.98969],[127.76866,36.98855],[127.77014,36.98732],[127.77075,36.98693],[127.77156,36.98647],[127.77217,36.98623],[127.77313,36.98601],[127.77575,36.98485],[127.77719,36.98291],[127.7764,36.98146],[127.77336,36.98001],[127.77131,36.97908],[127.77045,36.97877],[127.76887,36.97855],[127.76705,36.97822],[127.76545,36.97779],[127.765,36.97741],[127.76495,36.97717],[127.76479,36.97702],[127.76393,36.97658],[127.76079,36.97629],[127.76047,36.97631],[127.75707,36.97659],[127.75544,36.97676],[127.75492,36.97701],[127.75474,36.97715],[127.75458,36.97726],[127.75405,36.97753],[127.75352,36.97762],[127.75297,36.97762],[127.75262,36.9775],[127.75222,36.97717],[127.74887,36.9731],[127.7487,36.97258],[127.74877,36.97204],[127.74887,36.97179],[127.74935,36.97121],[127.74985,36.97052],[127.74996,36.9703],[127.75015,36.96944],[127.75002,36.96886],[127.74974,36.96847],[127.74936,36.96824],[127.74872,36.96796],[127.748,36.96731],[127.74781,36.9669],[127.74781,36.96677],[127.74785,36.96092],[127.74477,36.96057],[127.74419,36.96087],[127.74398,36.96097],[127.74373,36.96099],[127.74338,36.96098],[127.74317,36.96097],[127.74289,36.96088],[127.74258,36.96075],[127.74062,36.95939],[127.74049,36.95927],[127.74035,36.9591],[127.74018,36.9589],[127.74005,36.95872],[127.73997,36.95851],[127.73986,36.95807],[127.73982,36.95722],[127.73983,36.9571],[127.73985,36.95697],[127.7401,36.95553],[127.74012,36.9555],[127.74013,36.95547],[127.74134,36.95418],[127.74141,36.9541],[127.7415,36.95401],[127.74162,36.95392],[127.74176,36.95383],[127.74193,36.95373],[127.74206,36.95368],[127.74217,36.95364],[127.74225,36.9536],[127.74247,36.95341],[127.74181,36.95289],[127.74089,36.9526],[127.7403,36.95246],[127.73965,36.95231],[127.73941,36.95234],[127.73766,36.95352],[127.73413,36.95353],[127.73335,36.9535],[127.73326,36.95351],[127.73317,36.95352],[127.733,36.95357],[127.7314,36.95595],[127.73091,36.9571],[127.73071,36.95741],[127.73016,36.95793],[127.72809,36.95889],[127.7277,36.95905],[127.72205,36.95901],[127.71909,36.95878],[127.71857,36.95873],[127.71637,36.95844],[127.71573,36.95913],[127.71222,36.96146],[127.71117,36.96194],[127.71075,36.96255],[127.71023,36.96471],[127.70941,36.96495],[127.70759,36.96498],[127.7075,36.96505],[127.70681,36.96564],[127.70632,36.96617],[127.70523,36.96742],[127.70468,36.96879],[127.70428,36.96995],[127.70416,36.97071],[127.70397,36.9718],[127.7018,36.9733],[127.70058,36.97398],[127.69958,36.97421],[127.69788,36.97409],[127.69495,36.97507],[127.69526,36.97642],[127.69544,36.97802],[127.69354,36.97943],[127.69308,36.97936],[127.69184,36.97946],[127.68912,36.9807],[127.68854,36.98106],[127.68799,36.9814],[127.6878,36.98162],[127.68758,36.98249],[127.68761,36.98316],[127.68744,36.98421],[127.68575,36.98569],[127.6845,36.98598],[127.68236,36.98562],[127.68116,36.98539],[127.67503,36.98553],[127.6722,36.98602],[127.67086,36.98696],[127.67013,36.98805],[127.66959,36.98817],[127.66887,36.98778],[127.66866,36.98766],[127.66664,36.98646],[127.66577,36.98537],[127.66359,36.98219],[127.66266,36.97983],[127.66164,36.97768],[127.6611,36.97774],[127.65861,36.97857],[127.6557,36.97973],[127.65102,36.98288],[127.65088,36.98349],[127.65101,36.98377],[127.65216,36.98507],[127.65363,36.98648],[127.65294,36.98915],[127.6529,36.99114],[127.65291,36.99173],[127.65317,36.99206],[127.65347,36.99244],[127.65468,36.9944],[127.65368,36.9964],[127.65353,36.99758],[127.65554,37.00092],[127.65762,37.00264],[127.65794,37.00285],[127.6582,37.00303],[127.65859,37.0032],[127.65873,37.00326],[127.65924,37.00341],[127.65982,37.00347],[127.66054,37.00349],[127.6635,37.00306],[127.66383,37.00301],[127.66543,37.0031],[127.66528,37.004],[127.66238,37.00545],[127.66082,37.007],[127.65741,37.01084],[127.65696,37.01257],[127.65622,37.01595],[127.65755,37.01834],[127.65786,37.01865],[127.6614,37.02166],[127.66272,37.02236],[127.66417,37.02312],[127.66424,37.02316],[127.66408,37.02443],[127.66381,37.03069],[127.66657,37.03311],[127.67134,37.03472],[127.67221,37.0349],[127.67284,37.03497],[127.6746,37.03501],[127.67547,37.03496],[127.67576,37.03494],[127.67591,37.03493],[127.67622,37.0349],[127.67645,37.03487],[127.67654,37.03485],[127.67681,37.03475],[127.67946,37.03378],[127.68219,37.03277],[127.68234,37.03272],[127.6836,37.03234],[127.69018,37.03037],[127.69043,37.0303],[127.69046,37.03031],[127.69051,37.03034],[127.69056,37.0304],[127.69072,37.03067],[127.69104,37.03118],[127.69132,37.03162],[127.69143,37.03174],[127.69158,37.03189],[127.69185,37.03212],[127.69215,37.03236],[127.69384,37.03361],[127.69394,37.03368],[127.694,37.0337],[127.69484,37.03393],[127.69527,37.034],[127.69547,37.03402],[127.69772,37.03409],[127.69784,37.03409],[127.69799,37.03408],[127.69817,37.03407],[127.70404,37.03342],[127.70411,37.0334],[127.70425,37.03336],[127.70602,37.03266],[127.70676,37.03216],[127.70687,37.03208],[127.70698,37.03202],[127.70709,37.03198],[127.70717,37.03195],[127.70817,37.03185],[127.71276,37.03191],[127.71619,37.03293],[127.71974,37.03355],[127.72003,37.03351],[127.72209,37.03327],[127.72321,37.03325],[127.72329,37.03325],[127.72333,37.03325],[127.72338,37.03327],[127.72343,37.03329],[127.72352,37.03339],[127.72411,37.03407],[127.72451,37.03446],[127.72476,37.03469],[127.72484,37.03474],[127.72489,37.03475],[127.72833,37.03508],[127.73132,37.03529],[127.73344,37.0344],[127.7348,37.03404],[127.73791,37.03432],[127.73803,37.03435],[127.73812,37.03436],[127.73826,37.03438],[127.73841,37.03439],[127.73914,37.03438],[127.73929,37.03437],[127.7394,37.03434],[127.74246,37.03301],[127.7426,37.03294],[127.74272,37.03288],[127.74287,37.03278],[127.74503,37.03111],[127.74567,37.03044],[127.74682,37.02896],[127.74697,37.02874],[127.74708,37.02855],[127.74718,37.02829],[127.74721,37.02815],[127.74722,37.02797],[127.74722,37.02786],[127.74721,37.02782],[127.74719,37.02776],[127.74711,37.02768],[127.74696,37.0275],[127.7469,37.02741],[127.74687,37.02734],[127.74686,37.02725],[127.74685,37.02679],[127.74686,37.02672],[127.74688,37.02665],[127.74726,37.02589],[127.74986,37.02089],[127.74996,37.02072],[127.75011,37.02054],[127.75033,37.0203],[127.75053,37.02014],[127.75085,37.01997],[127.75124,37.01978],[127.75177,37.01961],[127.75196,37.01956],[127.75202,37.01956]]]]}},{"type":"Feature","properties":{"adm_cd":"33020350","adm_nm":"충청북도 충주시 노은면"},"geometry":{"type":"MultiPolygon","coordinates":[[[[127.82225,37.0682],[127.82259,37.06774],[127.82292,37.06726],[127.82334,37.06645],[127.82383,37.06517],[127.82392,37.06393],[127.82391,37.06302],[127.82384,37.06251],[127.82126,37.05924],[127.82076,37.05884],[127.82037,37.05866],[127.81995,37.05856],[127.81946,37.05849],[127.81873,37.05848],[127.81841,37.05852],[127.81818,37.05858],[127.81774,37.05889],[127.817,37.05951],[127.81605,37.06056],[127.81591,37.06097],[127.81576,37.06146],[127.81567,37.06186],[127.81552,37.06206],[127.81524,37.06209],[127.81496,37.06126],[127.81474,37.06042],[127.81431,37.05756],[127.8143,37.05745],[127.8143,37.05736],[127.81479,37.0561],[127.81487,37.0559],[127.81496,37.05577],[127.815,37.05573],[127.81512,37.05564],[127.81835,37.05379],[127.81865,37.05363],[127.81895,37.05353],[127.81942,37.05343],[127.81986,37.05339],[127.81995,37.05337],[127.81999,37.05332],[127.82085,37.04873],[127.82084,37.04868],[127.82081,37.04863],[127.82075,37.04858],[127.82061,37.0485],[127.82047,37.04846],[127.82024,37.04842],[127.81993,37.0484],[127.81785,37.04803],[127.81419,37.0472],[127.81387,37.04689],[127.81016,37.04139],[127.81012,37.04132],[127.81009,37.04118],[127.81008,37.04105],[127.8101,37.04087],[127.81014,37.0407],[127.81017,37.04053],[127.81023,37.04039],[127.81069,37.03967],[127.81073,37.03963],[127.81087,37.03957],[127.81093,37.03953],[127.81098,37.03949],[127.81106,37.03939],[127.81109,37.0393],[127.81112,37.03918],[127.81115,37.03895],[127.81116,37.03867],[127.8112,37.03708],[127.81027,37.035],[127.80896,37.03296],[127.80884,37.03279],[127.80875,37.03261],[127.80869,37.03244],[127.80869,37.03227],[127.80869,37.03214],[127.80872,37.03203],[127.80877,37.03191],[127.80916,37.03091],[127.8093,37.03066],[127.8095,37.03036],[127.80973,37.03013],[127.80993,37.02998],[127.8101,37.02987],[127.81106,37.02936],[127.811,37.02929],[127.81089,37.02916],[127.8108,37.02908],[127.81067,37.02899],[127.81056,37.02892],[127.80788,37.02766],[127.80367,37.0256],[127.80285,37.02494],[127.80077,37.02491],[127.80068,37.02492],[127.80056,37.02496],[127.80049,37.025],[127.80043,37.02506],[127.80037,37.02516],[127.80032,37.02525],[127.80029,37.02537],[127.80022,37.02571],[127.80014,37.02595],[127.80011,37.02601],[127.80001,37.02616],[127.79993,37.02625],[127.79939,37.02681],[127.79933,37.02688],[127.79922,37.02696],[127.79908,37.02705],[127.79893,37.02713],[127.79776,37.02771],[127.79296,37.02691],[127.79286,37.02689],[127.79101,37.02635],[127.78927,37.02574],[127.78916,37.02568],[127.78909,37.02564],[127.78906,37.0256],[127.78902,37.02554],[127.78823,37.02429],[127.78815,37.02414],[127.7881,37.02404],[127.78808,37.02397],[127.78807,37.02391],[127.78804,37.0217],[127.7882,37.02073],[127.7882,37.02066],[127.78817,37.02051],[127.78812,37.02031],[127.78808,37.02018],[127.78792,37.01984],[127.78783,37.01968],[127.78773,37.01954],[127.7869,37.01845],[127.78685,37.01842],[127.7868,37.01839],[127.78675,37.01837],[127.78669,37.01837],[127.78662,37.01839],[127.78176,37.02057],[127.77611,37.02249],[127.77367,37.02402],[127.77355,37.02429],[127.77342,37.02454],[127.7727,37.02562],[127.77232,37.02613],[127.77225,37.02621],[127.77199,37.02631],[127.77194,37.02629],[127.77178,37.02623],[127.77115,37.02597],[127.77106,37.02591],[127.77053,37.0254],[127.7705,37.02536],[127.77047,37.02529],[127.77043,37.02516],[127.77043,37.02505],[127.77045,37.02489],[127.77048,37.0248],[127.77047,37.02476],[127.77046,37.02471],[127.77043,37.02466],[127.77038,37.02461],[127.77032,37.02458],[127.77016,37.02455],[127.77011,37.02454],[127.76931,37.02448],[127.76913,37.02448],[127.76663,37.02452],[127.7659,37.02453],[127.76572,37.02455],[127.76541,37.02457],[127.7652,37.0246],[127.76496,37.02466],[127.76466,37.02475],[127.76454,37.02479],[127.76449,37.02482],[127.7644,37.02488],[127.76336,37.02587],[127.76279,37.02661],[127.76268,37.02678],[127.76225,37.02733],[127.76211,37.02748],[127.76207,37.02752],[127.76125,37.02797],[127.76116,37.02799],[127.76107,37.02801],[127.761,37.02801],[127.76091,37.028],[127.76076,37.02798],[127.75967,37.02777],[127.7595,37.02772],[127.7594,37.02767],[127.75934,37.02762],[127.75929,37.02755],[127.75923,37.02742],[127.75889,37.02628],[127.75888,37.02611],[127.75889,37.02587],[127.75895,37.02555],[127.75896,37.02518],[127.75894,37.02507],[127.75891,37.02502],[127.75646,37.02242],[127.75621,37.02219],[127.75602,37.02204],[127.75358,37.02039],[127.75267,37.01977],[127.75244,37.01965],[127.75227,37.01959],[127.7522,37.01956],[127.75206,37.01955],[127.75202,37.01956],[127.75196,37.01956],[127.75177,37.01961],[127.75124,37.01978],[127.75085,37.01997],[127.75053,37.02014],[127.75033,37.0203],[127.75011,37.02054],[127.74996,37.02072],[127.74986,37.02089],[127.74726,37.02589],[127.74688,37.02665],[127.74686,37.02672],[127.74685,37.02679],[127.74686,37.02725],[127.74687,37.02734],[127.7469,37.02741],[127.74696,37.0275],[127.74711,37.02768],[127.74719,37.02776],[127.74721,37.02782],[127.74722,37.02786],[127.74722,37.02797],[127.74721,37.02815],[127.74718,37.02829],[127.74708,37.02855],[127.74697,37.02874],[127.74682,37.02896],[127.74567,37.03044],[127.74503,37.03111],[127.74287,37.03278],[127.74272,37.03288],[127.7426,37.03294],[127.74246,37.03301],[127.7394,37.03434],[127.73929,37.03437],[127.73914,37.03438],[127.73841,37.03439],[127.73826,37.03438],[127.73812,37.03436],[127.73803,37.03435],[127.73791,37.03432],[127.7348,37.03404],[127.73344,37.0344],[127.73132,37.03529],[127.72833,37.03508],[127.72489,37.03475],[127.72484,37.03474],[127.72476,37.03469],[127.72451,37.03446],[127.72411,37.03407],[127.72352,37.03339],[127.72343,37.03329],[127.72338,37.03327],[127.72333,37.03325],[127.72329,37.03325],[127.72321,37.03325],[127.72209,37.03327],[127.72003,37.03351],[127.71974,37.03355],[127.71619,37.03293],[127.71276,37.03191],[127.70817,37.03185],[127.70717,37.03195],[127.70709,37.03198],[127.70698,37.03202],[127.70687,37.03208],[127.70676,37.03216],[127.70602,37.03266],[127.70425,37.03336],[127.70411,37.0334],[127.70404,37.03342],[127.69817,37.03407],[127.69799,37.03408],[127.69784,37.03409],[127.69772,37.03409],[127.69547,37.03402],[127.69527,37.034],[127.69484,37.03393],[127.694,37.0337],[127.69394,37.03368],[127.69384,37.03361],[127.69215,37.03236],[127.69185,37.03212],[127.69158,37.03189],[127.69143,37.03174],[127.69132,37.03162],[127.69104,37.03118],[127.69072,37.03067],[127.69056,37.0304],[127.69051,37.03034],[127.69046,37.03031],[127.69043,37.0303],[127.69018,37.03037],[127.6836,37.03234],[127.68234,37.03272],[127.68219,37.03277],[127.67946,37.03378],[127.67681,37.03475],[127.67654,37.03485],[127.67645,37.03487],[127.67622,37.0349],[127.67591,37.03493],[127.67576,37.03494],[127.67547,37.03496],[127.6746,37.03501],[127.67284,37.03497],[127.67221,37.0349],[127.67134,37.03472],[127.67164,37.03482],[127.67148,37.03998],[127.67136,37.04028],[127.67159,37.04021],[127.6718,37.04022],[127.67188,37.04023],[127.67198,37.04024],[127.67212,37.0403],[127.67349,37.04166],[127.6736,37.04178],[127.67377,37.04195],[127.67419,37.04245],[127.67442,37.04273],[127.67458,37.04294],[127.67472,37.04314],[127.67494,37.04347],[127.67506,37.0436],[127.67515,37.04369],[127.67603,37.04445],[127.67627,37.04463],[127.67633,37.04467],[127.67638,37.04468],[127.67645,37.0447],[127.67673,37.04473],[127.67697,37.04475],[127.67819,37.04486],[127.67831,37.04486],[127.67842,37.04485],[127.67845,37.04485],[127.67849,37.04484],[127.67861,37.0448],[127.67878,37.04472],[127.67895,37.04463],[127.6793,37.04448],[127.67939,37.04445],[127.67943,37.04444],[127.67948,37.04444],[127.67953,37.04444],[127.67961,37.04444],[127.6797,37.04444],[127.6799,37.04446],[127.68025,37.04454],[127.68046,37.0446],[127.68062,37.04464],[127.68082,37.04471],[127.68119,37.04487],[127.68564,37.04709],[127.68577,37.04719],[127.6858,37.04721],[127.68583,37.04724],[127.68591,37.04733],[127.68597,37.04739],[127.68648,37.04801],[127.68893,37.05137],[127.68917,37.05455],[127.68916,37.05461],[127.68916,37.05466],[127.68918,37.05476],[127.6892,37.05484],[127.68928,37.05497],[127.68956,37.05533],[127.68985,37.05563],[127.69017,37.05597],[127.69037,37.0562],[127.69039,37.05624],[127.69043,37.0563],[127.69048,37.05642],[127.69053,37.05656],[127.69057,37.05673],[127.69064,37.05709],[127.69067,37.05735],[127.69067,37.05745],[127.69028,37.05953],[127.68899,37.06572],[127.68737,37.07147],[127.68681,37.07303],[127.68678,37.07308],[127.68676,37.07314],[127.68673,37.07319],[127.68671,37.07323],[127.68667,37.07326],[127.68521,37.07447],[127.6851,37.07455],[127.68497,37.07465],[127.68473,37.0748],[127.68458,37.07488],[127.68446,37.07495],[127.68424,37.07502],[127.68395,37.07513],[127.68387,37.07517],[127.6838,37.07521],[127.6837,37.07527],[127.68356,37.07537],[127.68346,37.07545],[127.68341,37.07551],[127.68337,37.07557],[127.68331,37.07566],[127.68326,37.07573],[127.6832,37.07587],[127.68318,37.07593],[127.68316,37.07598],[127.68314,37.07612],[127.68314,37.07623],[127.68316,37.07632],[127.68319,37.07646],[127.68379,37.07832],[127.68381,37.07839],[127.68383,37.07843],[127.68386,37.07846],[127.68649,37.08069],[127.68654,37.08071],[127.68668,37.08077],[127.68689,37.08083],[127.68706,37.08087],[127.68717,37.0809],[127.68726,37.08092],[127.68743,37.08094],[127.68752,37.08095],[127.68759,37.08096],[127.68771,37.08096],[127.68785,37.08097],[127.68837,37.08097],[127.68861,37.08098],[127.68889,37.08099],[127.68926,37.08101],[127.68953,37.08102],[127.69201,37.08131],[127.69227,37.08134],[127.69231,37.08136],[127.69232,37.08139],[127.69268,37.08112],[127.69308,37.08082],[127.69343,37.08056],[127.69369,37.08041],[127.69451,37.07998],[127.69471,37.0799],[127.69721,37.07914],[127.70194,37.07829],[127.71134,37.07686],[127.71585,37.0765],[127.71592,37.07653],[127.71718,37.07698],[127.71723,37.077],[127.72221,37.07809],[127.72233,37.0781],[127.72284,37.07813],[127.72327,37.07816],[127.72471,37.07818],[127.72574,37.07818],[127.72612,37.0782],[127.72625,37.07823],[127.72639,37.07827],[127.72691,37.07855],[127.72712,37.07867],[127.72739,37.07886],[127.72758,37.079],[127.72792,37.07932],[127.7283,37.07966],[127.72834,37.07967],[127.72886,37.07967],[127.7289,37.07966],[127.73488,37.07858],[127.7385,37.07745],[127.73855,37.07743],[127.73859,37.07741],[127.7387,37.07734],[127.73876,37.07729],[127.73911,37.07692],[127.73928,37.07664],[127.73979,37.07605],[127.73982,37.07602],[127.73987,37.07598],[127.73996,37.07594],[127.74008,37.07589],[127.74028,37.07583],[127.74231,37.07534],[127.74238,37.07532],[127.74257,37.0753],[127.74272,37.0753],[127.74279,37.07531],[127.74307,37.07535],[127.74316,37.07537],[127.7493,37.07711],[127.75279,37.07852],[127.756,37.07935],[127.75606,37.07937],[127.75612,37.07938],[127.76341,37.07964],[127.7635,37.07962],[127.76354,37.0796],[127.767,37.07694],[127.77167,37.0746],[127.77179,37.07454],[127.77194,37.07449],[127.77209,37.07446],[127.77221,37.07444],[127.77292,37.07435],[127.77301,37.07434],[127.7734,37.07434],[127.77359,37.07434],[127.77365,37.07433],[127.77375,37.07432],[127.77386,37.0743],[127.77394,37.07428],[127.77403,37.07423],[127.77413,37.07417],[127.77422,37.0741],[127.77432,37.07398],[127.77437,37.07387],[127.77442,37.07377],[127.77576,37.07083],[127.77589,37.07047],[127.77596,37.07029],[127.77606,37.06997],[127.7761,37.06984],[127.7762,37.06943],[127.77632,37.06893],[127.77634,37.06888],[127.77636,37.06885],[127.77644,37.06882],[127.77822,37.06826],[127.77843,37.06819],[127.77855,37.06816],[127.77869,37.06813],[127.7789,37.06809],[127.77904,37.06806],[127.77924,37.06804],[127.77943,37.06803],[127.77954,37.06802],[127.77972,37.06802],[127.77986,37.06802],[127.78002,37.06804],[127.78016,37.06808],[127.78024,37.06812],[127.78039,37.06821],[127.78044,37.06827],[127.78052,37.06836],[127.78058,37.06845],[127.78061,37.06853],[127.78063,37.06865],[127.78068,37.06884],[127.78071,37.06894],[127.78077,37.06904],[127.78087,37.06916],[127.78107,37.06931],[127.78135,37.06951],[127.78163,37.06971],[127.78198,37.06993],[127.78221,37.07004],[127.78596,37.07164],[127.78616,37.07173],[127.78638,37.07178],[127.78659,37.07183],[127.78675,37.07186],[127.78688,37.07185],[127.78705,37.07185],[127.78924,37.07168],[127.78947,37.07164],[127.78974,37.07158],[127.79028,37.07143],[127.79144,37.07109],[127.79169,37.07101],[127.79196,37.0709],[127.7921,37.07084],[127.79225,37.07075],[127.79233,37.07069],[127.79282,37.07029],[127.79429,37.06952],[127.79439,37.06948],[127.7945,37.06945],[127.79457,37.06945],[127.79464,37.06948],[127.79552,37.06996],[127.79565,37.07003],[127.79592,37.07018],[127.79647,37.07051],[127.7966,37.07061],[127.79661,37.07064],[127.79663,37.07072],[127.79663,37.07084],[127.79661,37.07117],[127.79662,37.07124],[127.79666,37.07134],[127.79679,37.07155],[127.79711,37.07203],[127.79724,37.0722],[127.79738,37.07237],[127.79768,37.07258],[127.79788,37.07269],[127.79833,37.07293],[127.79846,37.07298],[127.79858,37.073],[127.80085,37.0732],[127.80461,37.07348],[127.80535,37.07339],[127.80874,37.07231],[127.8134,37.07026],[127.81829,37.06895],[127.82167,37.06824],[127.82191,37.0682],[127.82206,37.06819],[127.82225,37.0682]]]]}},{"type":"Feature","properties":{"adm_cd":"33020360","adm_nm":"충청북도 충주시 앙성면"},"geometry":{"type":"MultiPolygon","coordinates":[[[[127.74792,37.21668],[127.74728,37.21548],[127.74712,37.21525],[127.74685,37.21488],[127.74626,37.21415],[127.7456,37.21334],[127.745,37.21263],[127.74478,37.21234],[127.74447,37.21192],[127.74437,37.21174],[127.74423,37.21147],[127.74412,37.21123],[127.74403,37.21097],[127.74396,37.21074],[127.74387,37.21037],[127.74386,37.21014],[127.74385,37.2101],[127.74389,37.2099],[127.74394,37.20959],[127.74402,37.20929],[127.74418,37.2088],[127.74419,37.20878],[127.74447,37.20803],[127.74478,37.20722],[127.74511,37.20647],[127.74523,37.2062],[127.74555,37.20551],[127.74584,37.20489],[127.74597,37.20462],[127.7462,37.20414],[127.74642,37.20369],[127.74682,37.20288],[127.74695,37.20244],[127.74847,37.19693],[127.75047,37.18971],[127.75086,37.18822],[127.75122,37.18667],[127.75164,37.18481],[127.7518,37.1841],[127.75185,37.18388],[127.75187,37.18374],[127.75188,37.18365],[127.7519,37.18353],[127.75211,37.18268],[127.75228,37.18199],[127.75394,37.17616],[127.75457,37.17473],[127.75468,37.17446],[127.75503,37.17375],[127.75596,37.17214],[127.75636,37.1715],[127.76159,37.16396],[127.76192,37.16349],[127.76254,37.16261],[127.76283,37.16224],[127.76348,37.16142],[127.76375,37.16114],[127.76384,37.16104],[127.76463,37.1602],[127.76489,37.15992],[127.76542,37.15939],[127.76576,37.15909],[127.7673,37.1578],[127.76784,37.15735],[127.76816,37.15712],[127.76844,37.15693],[127.76877,37.15671],[127.76912,37.15649],[127.76974,37.15613],[127.77044,37.15573],[127.77081,37.15553],[127.77128,37.15531],[127.77525,37.15342],[127.77572,37.15321],[127.77621,37.15301],[127.77676,37.15285],[127.77687,37.15282],[127.7774,37.1527],[127.77961,37.15214],[127.78075,37.15185],[127.78123,37.15172],[127.78158,37.15158],[127.78187,37.15146],[127.78219,37.1513],[127.78253,37.15111],[127.78348,37.15047],[127.78402,37.15007],[127.78484,37.14935],[127.78567,37.14859],[127.78581,37.14845],[127.78641,37.14785],[127.78672,37.1475],[127.78675,37.14746],[127.78701,37.14713],[127.78758,37.14639],[127.7882,37.14564],[127.78852,37.14526],[127.78873,37.145],[127.78924,37.14453],[127.78951,37.1444],[127.7907,37.14252],[127.79113,37.14179],[127.79153,37.14106],[127.79213,37.13985],[127.79224,37.13959],[127.79235,37.1393],[127.7928,37.13811],[127.79303,37.13747],[127.79376,37.13522],[127.79496,37.132],[127.79747,37.12581],[127.79761,37.12554],[127.79783,37.12527],[127.79932,37.12343],[127.7997,37.12298],[127.80039,37.12218],[127.8013,37.12123],[127.80212,37.12042],[127.8033,37.1193],[127.80381,37.11888],[127.80391,37.11879],[127.80538,37.11776],[127.80553,37.11767],[127.8063,37.11721],[127.807,37.1168],[127.80948,37.1155],[127.81093,37.11485],[127.81194,37.11441],[127.81293,37.11405],[127.81589,37.11306],[127.81628,37.11295],[127.81697,37.11279],[127.81774,37.11267],[127.81819,37.11263],[127.81905,37.11262],[127.81931,37.11263],[127.81966,37.11261],[127.81999,37.11255],[127.82061,37.11236],[127.82094,37.11224],[127.82124,37.11209],[127.82155,37.1119],[127.82184,37.11166],[127.82251,37.111],[127.82297,37.11052],[127.82315,37.1103],[127.82334,37.11003],[127.82337,37.10998],[127.82347,37.10981],[127.82362,37.10951],[127.82372,37.10928],[127.82381,37.10899],[127.82387,37.10864],[127.82389,37.10829],[127.82389,37.10786],[127.82384,37.10758],[127.82376,37.10725],[127.82366,37.10692],[127.82352,37.10652],[127.8234,37.10625],[127.82319,37.10585],[127.82307,37.10555],[127.823,37.10525],[127.82283,37.10431],[127.82253,37.10191],[127.82247,37.10119],[127.82247,37.10084],[127.82251,37.1003],[127.82256,37.10006],[127.82265,37.09975],[127.82283,37.09933],[127.823,37.09894],[127.82602,37.09313],[127.82638,37.09244],[127.82679,37.09169],[127.82713,37.09112],[127.82752,37.09057],[127.82863,37.08911],[127.82896,37.08869],[127.82921,37.08841],[127.82967,37.08798],[127.83001,37.08769],[127.83031,37.08744],[127.83058,37.08726],[127.83087,37.08711],[127.83174,37.0867],[127.83204,37.08657],[127.83234,37.08645],[127.8329,37.08621],[127.83303,37.08616],[127.83289,37.08378],[127.83286,37.08307],[127.83284,37.08267],[127.8329,37.0822],[127.83354,37.08135],[127.83396,37.07986],[127.83397,37.07969],[127.83396,37.07961],[127.8339,37.07944],[127.83387,37.07934],[127.83139,37.07553],[127.82792,37.07152],[127.82778,37.07141],[127.82757,37.07131],[127.82734,37.07124],[127.82688,37.07115],[127.82656,37.07105],[127.82581,37.07072],[127.82523,37.07044],[127.82454,37.07009],[127.82435,37.06998],[127.82425,37.0699],[127.82283,37.06878],[127.82275,37.06872],[127.82225,37.0682],[127.82206,37.06819],[127.82191,37.0682],[127.82167,37.06824],[127.81829,37.06895],[127.8134,37.07026],[127.80874,37.07231],[127.80535,37.07339],[127.80461,37.07348],[127.80085,37.0732],[127.79858,37.073],[127.79846,37.07298],[127.79833,37.07293],[127.79788,37.07269],[127.79768,37.07258],[127.79738,37.07237],[127.79724,37.0722],[127.79711,37.07203],[127.79679,37.07155],[127.79666,37.07134],[127.79662,37.07124],[127.79661,37.07117],[127.79663,37.07084],[127.79663,37.07072],[127.79661,37.07064],[127.7966,37.07061],[127.79647,37.07051],[127.79592,37.07018],[127.79565,37.07003],[127.79552,37.06996],[127.79464,37.06948],[127.79457,37.06945],[127.7945,37.06945],[127.79439,37.06948],[127.79429,37.06952],[127.79282,37.07029],[127.79233,37.07069],[127.79225,37.07075],[127.7921,37.07084],[127.79196,37.0709],[127.79169,37.07101],[127.79144,37.07109],[127.79028,37.07143],[127.78974,37.07158],[127.78947,37.07164],[127.78924,37.07168],[127.78705,37.07185],[127.78688,37.07185],[127.78675,37.07186],[127.78659,37.07183],[127.78638,37.07178],[127.78616,37.07173],[127.78596,37.07164],[127.78221,37.07004],[127.78198,37.06993],[127.78163,37.06971],[127.78135,37.06951],[127.78107,37.06931],[127.78087,37.06916],[127.78077,37.06904],[127.78071,37.06894],[127.78068,37.06884],[127.78063,37.06865],[127.78061,37.06853],[127.78058,37.06845],[127.78052,37.06836],[127.78044,37.06827],[127.78039,37.06821],[127.78024,37.06812],[127.78016,37.06808],[127.78002,37.06804],[127.77986,37.06802],[127.77972,37.06802],[127.77954,37.06802],[127.77943,37.06803],[127.77924,37.06804],[127.77904,37.06806],[127.7789,37.06809],[127.77869,37.06813],[127.77855,37.06816],[127.77843,37.06819],[127.77822,37.06826],[127.77644,37.06882],[127.77636,37.06885],[127.77634,37.06888],[127.77632,37.06893],[127.7762,37.06943],[127.7761,37.06984],[127.77606,37.06997],[127.77596,37.07029],[127.77589,37.07047],[127.77576,37.07083],[127.77442,37.07377],[127.77437,37.07387],[127.77432,37.07398],[127.77422,37.0741],[127.77413,37.07417],[127.77403,37.07423],[127.77394,37.07428],[127.77386,37.0743],[127.77375,37.07432],[127.77365,37.07433],[127.77359,37.07434],[127.7734,37.07434],[127.77301,37.07434],[127.77292,37.07435],[127.77221,37.07444],[127.77209,37.07446],[127.77194,37.07449],[127.77179,37.07454],[127.77167,37.0746],[127.767,37.07694],[127.76354,37.0796],[127.7635,37.07962],[127.76341,37.07964],[127.75612,37.07938],[127.75606,37.07937],[127.756,37.07935],[127.75279,37.07852],[127.7493,37.07711],[127.74316,37.07537],[127.74307,37.07535],[127.74279,37.07531],[127.74272,37.0753],[127.74257,37.0753],[127.74238,37.07532],[127.74231,37.07534],[127.74028,37.07583],[127.74008,37.07589],[127.73996,37.07594],[127.73987,37.07598],[127.73982,37.07602],[127.73979,37.07605],[127.73928,37.07664],[127.73911,37.07692],[127.73876,37.07729],[127.7387,37.07734],[127.73859,37.07741],[127.73855,37.07743],[127.7385,37.07745],[127.73488,37.07858],[127.7289,37.07966],[127.72886,37.07967],[127.72834,37.07967],[127.7283,37.07966],[127.72792,37.07932],[127.72758,37.079],[127.72739,37.07886],[127.72712,37.07867],[127.72691,37.07855],[127.72639,37.07827],[127.72625,37.07823],[127.72612,37.0782],[127.72574,37.07818],[127.72471,37.07818],[127.72327,37.07816],[127.72284,37.07813],[127.72233,37.0781],[127.72221,37.07809],[127.71723,37.077],[127.71718,37.07698],[127.71592,37.07653],[127.71585,37.0765],[127.71134,37.07686],[127.70194,37.07829],[127.69721,37.07914],[127.69471,37.0799],[127.69451,37.07998],[127.69369,37.08041],[127.69343,37.08056],[127.69308,37.08082],[127.69268,37.08112],[127.69232,37.08139],[127.69239,37.08229],[127.69241,37.08262],[127.69245,37.08286],[127.69252,37.08308],[127.693,37.08453],[127.69302,37.08457],[127.69311,37.08473],[127.69331,37.08509],[127.69336,37.08518],[127.69344,37.08531],[127.69363,37.08554],[127.69377,37.08568],[127.69405,37.08592],[127.69493,37.08667],[127.69894,37.09137],[127.69939,37.09212],[127.6999,37.09439],[127.70002,37.09542],[127.70001,37.09554],[127.69999,37.09558],[127.6984,37.09798],[127.69837,37.09802],[127.69921,37.09964],[127.70077,37.10184],[127.70199,37.10313],[127.70537,37.10498],[127.70576,37.10515],[127.70611,37.10527],[127.70695,37.10548],[127.70714,37.10552],[127.70733,37.10557],[127.70758,37.1056],[127.70767,37.1056],[127.70779,37.1056],[127.70791,37.10559],[127.70806,37.10558],[127.70821,37.10557],[127.70881,37.10555],[127.71056,37.10586],[127.71104,37.10596],[127.71252,37.10654],[127.71263,37.10668],[127.71272,37.10684],[127.71272,37.10688],[127.7127,37.10699],[127.71266,37.10707],[127.71255,37.10722],[127.71251,37.10734],[127.71248,37.10752],[127.71247,37.10775],[127.71251,37.10797],[127.71265,37.10848],[127.71269,37.10853],[127.71406,37.10949],[127.71486,37.10992],[127.71787,37.11043],[127.72026,37.11082],[127.7206,37.11087],[127.72078,37.11097],[127.72095,37.11114],[127.72101,37.11121],[127.72271,37.11469],[127.72272,37.11474],[127.72275,37.11583],[127.72209,37.12085],[127.72207,37.12089],[127.722,37.12103],[127.72194,37.12111],[127.7207,37.12263],[127.72024,37.12305],[127.71798,37.12484],[127.7179,37.12489],[127.71783,37.12495],[127.71763,37.12505],[127.71745,37.12512],[127.71711,37.1252],[127.71642,37.12532],[127.71608,37.12538],[127.71542,37.12538],[127.71475,37.12537],[127.71452,37.12539],[127.71441,37.12543],[127.71432,37.12549],[127.71176,37.12758],[127.71168,37.12768],[127.71065,37.12932],[127.71051,37.12959],[127.70993,37.13077],[127.70987,37.13105],[127.7099,37.13121],[127.70993,37.13124],[127.71,37.13133],[127.71035,37.13169],[127.71048,37.13185],[127.71063,37.13203],[127.71069,37.13223],[127.71066,37.13241],[127.71032,37.13357],[127.71025,37.13374],[127.70931,37.13514],[127.70876,37.13583],[127.70717,37.13657],[127.7061,37.13705],[127.706,37.13705],[127.70568,37.13698],[127.70553,37.13691],[127.70544,37.13686],[127.70513,37.13686],[127.69874,37.13828],[127.69688,37.13922],[127.69612,37.13975],[127.69587,37.13995],[127.6956,37.14024],[127.69543,37.14045],[127.69467,37.14219],[127.69431,37.14301],[127.69403,37.14407],[127.69407,37.14509],[127.69414,37.14652],[127.69416,37.14655],[127.69418,37.14657],[127.6942,37.14661],[127.69422,37.14666],[127.69424,37.1467],[127.69426,37.14674],[127.69428,37.14677],[127.69429,37.14681],[127.69431,37.14684],[127.69432,37.14687],[127.69434,37.14691],[127.69435,37.14694],[127.69437,37.14698],[127.69438,37.14702],[127.69439,37.14705],[127.6944,37.14708],[127.69441,37.14712],[127.69442,37.14716],[127.69442,37.14719],[127.69443,37.14723],[127.69443,37.14726],[127.69443,37.1473],[127.69444,37.14734],[127.69444,37.14738],[127.69444,37.14742],[127.69444,37.14746],[127.69444,37.14752],[127.69444,37.14916],[127.69444,37.1492],[127.69444,37.14924],[127.69444,37.14931],[127.69444,37.14935],[127.69443,37.1494],[127.69443,37.14944],[127.69443,37.14949],[127.69442,37.14955],[127.69442,37.1496],[127.69441,37.14964],[127.69486,37.15059],[127.6958,37.15192],[127.69584,37.15198],[127.69589,37.15205],[127.69594,37.1521],[127.69599,37.15216],[127.69603,37.15219],[127.69605,37.15222],[127.69609,37.15225],[127.69612,37.15227],[127.69618,37.15232],[127.69626,37.15236],[127.69633,37.15241],[127.69642,37.15245],[127.69651,37.15249],[127.69657,37.15251],[127.6966,37.15252],[127.6967,37.15256],[127.69677,37.15258],[127.69681,37.15259],[127.69693,37.15263],[127.69697,37.15264],[127.69701,37.15265],[127.69705,37.15266],[127.69717,37.1527],[127.69731,37.15273],[127.69743,37.15277],[127.69748,37.15278],[127.69758,37.15281],[127.69772,37.15284],[127.69787,37.15288],[127.69791,37.15289],[127.698,37.15291],[127.69804,37.15292],[127.69814,37.15294],[127.69827,37.15298],[127.69841,37.15301],[127.69855,37.15304],[127.6987,37.15308],[127.69885,37.15312],[127.69894,37.15314],[127.69901,37.15316],[127.69917,37.15321],[127.69935,37.15326],[127.69945,37.15329],[127.69953,37.15331],[127.6997,37.15337],[127.69989,37.15343],[127.70007,37.15349],[127.70025,37.15355],[127.70042,37.15362],[127.70057,37.15368],[127.70071,37.15375],[127.70084,37.15381],[127.70095,37.15387],[127.70106,37.15394],[127.70116,37.15401],[127.7012,37.15403],[127.70125,37.15407],[127.70135,37.15414],[127.70146,37.15422],[127.70154,37.15428],[127.70164,37.15435],[127.70167,37.15438],[127.70173,37.15443],[127.70183,37.1545],[127.70237,37.15491],[127.70241,37.15494],[127.70244,37.15497],[127.70247,37.15499],[127.70249,37.15501],[127.70252,37.15503],[127.70255,37.15505],[127.70259,37.15509],[127.70263,37.15513],[127.70399,37.15649],[127.70462,37.15926],[127.70496,37.16226],[127.70497,37.16229],[127.70498,37.16233],[127.705,37.16237],[127.705,37.16239],[127.70501,37.16243],[127.70502,37.16245],[127.70503,37.16248],[127.70504,37.16254],[127.70505,37.16257],[127.70506,37.16262],[127.70508,37.16266],[127.70508,37.16269],[127.70509,37.16272],[127.7051,37.16275],[127.7051,37.16278],[127.70511,37.16283],[127.70512,37.16287],[127.70512,37.16291],[127.70512,37.16294],[127.70513,37.16297],[127.70513,37.163],[127.70513,37.16304],[127.70513,37.16307],[127.70514,37.16311],[127.70514,37.16314],[127.70516,37.16374],[127.70516,37.16378],[127.70505,37.16522],[127.70505,37.16526],[127.70504,37.16529],[127.70504,37.16533],[127.70503,37.16538],[127.70502,37.16544],[127.70501,37.16547],[127.705,37.16551],[127.70499,37.16555],[127.70483,37.16615],[127.70481,37.1662],[127.70479,37.16624],[127.70477,37.16627],[127.70475,37.1663],[127.70472,37.16633],[127.7047,37.16635],[127.70467,37.16637],[127.70465,37.1664],[127.70463,37.16642],[127.7046,37.16645],[127.70458,37.1665],[127.70457,37.16654],[127.70458,37.16658],[127.70458,37.16661],[127.70458,37.16664],[127.70482,37.16729],[127.70483,37.16732],[127.70485,37.16736],[127.70487,37.1674],[127.70572,37.16858],[127.70575,37.16862],[127.70577,37.16865],[127.70579,37.16867],[127.70696,37.17044],[127.70699,37.17048],[127.7071,37.17063],[127.70713,37.17066],[127.70716,37.17069],[127.70721,37.17072],[127.70741,37.17081],[127.70745,37.17083],[127.70748,37.17084],[127.70753,37.17085],[127.70757,37.17087],[127.7076,37.17088],[127.70764,37.17089],[127.70767,37.1709],[127.70773,37.17091],[127.70777,37.17092],[127.70782,37.17092],[127.70787,37.1709],[127.70791,37.17088],[127.70795,37.17086],[127.708,37.17085],[127.70804,37.17083],[127.70825,37.17075],[127.70831,37.17073],[127.70836,37.17072],[127.70842,37.17071],[127.70848,37.1707],[127.70853,37.1707],[127.70858,37.17071],[127.70861,37.17072],[127.70865,37.17074],[127.70868,37.17077],[127.70871,37.17079],[127.70875,37.17083],[127.70878,37.17086],[127.70881,37.17089],[127.70884,37.17092],[127.70967,37.17211],[127.70969,37.17215],[127.70971,37.17219],[127.70971,37.17222],[127.70972,37.17225],[127.70972,37.1723],[127.70972,37.17233],[127.70972,37.17238],[127.70972,37.17271],[127.71025,37.17455],[127.71062,37.17589],[127.71097,37.17642],[127.71101,37.17643],[127.71155,37.17659],[127.71181,37.1766],[127.71186,37.1766],[127.71191,37.1766],[127.71196,37.17661],[127.71201,37.17663],[127.71206,37.17665],[127.7121,37.17668],[127.71214,37.1767],[127.71217,37.17672],[127.7122,37.17674],[127.71223,37.17676],[127.71226,37.17678],[127.71228,37.1768],[127.7138,37.17843],[127.71482,37.18023],[127.71484,37.18026],[127.71484,37.18029],[127.71485,37.18033],[127.71484,37.18037],[127.71484,37.18041],[127.71483,37.18045],[127.71482,37.18048],[127.71481,37.18052],[127.71479,37.18055],[127.71478,37.18057],[127.71476,37.18061],[127.71472,37.18065],[127.71469,37.18068],[127.71467,37.18071],[127.71465,37.18073],[127.71464,37.18076],[127.71462,37.18079],[127.71461,37.18083],[127.7146,37.18085],[127.71459,37.18088],[127.71458,37.18092],[127.71458,37.18096],[127.71458,37.18099],[127.71458,37.18104],[127.7146,37.18107],[127.71548,37.18157],[127.71552,37.18158],[127.71556,37.1816],[127.71561,37.18162],[127.71566,37.18164],[127.71678,37.18272],[127.7168,37.18276],[127.71682,37.1828],[127.71684,37.18285],[127.71685,37.18287],[127.71688,37.18291],[127.71692,37.18295],[127.71696,37.183],[127.71699,37.18302],[127.71704,37.18306],[127.71707,37.18308],[127.7171,37.18311],[127.71713,37.18313],[127.71717,37.18316],[127.71721,37.18319],[127.71725,37.18322],[127.7173,37.18326],[127.71797,37.18376],[127.71799,37.18377],[127.71803,37.18379],[127.71807,37.18381],[127.71811,37.18381],[127.71814,37.18382],[127.71818,37.18382],[127.71823,37.18382],[127.71826,37.18382],[127.7183,37.18382],[127.72081,37.18347],[127.72085,37.18347],[127.7209,37.18346],[127.72094,37.18345],[127.72098,37.18344],[127.72102,37.18344],[127.72107,37.18342],[127.72111,37.18341],[127.72114,37.1834],[127.72118,37.18339],[127.72122,37.18337],[127.72126,37.18335],[127.72131,37.18332],[127.72136,37.18328],[127.72142,37.18323],[127.72147,37.18318],[127.7215,37.18316],[127.72154,37.18311],[127.72161,37.18304],[127.72168,37.18297],[127.72175,37.18289],[127.72183,37.1828],[127.72187,37.18276],[127.7219,37.18272],[127.72191,37.1827],[127.72193,37.18268],[127.72196,37.18264],[127.72203,37.18256],[127.72207,37.18251],[127.72209,37.18248],[127.72212,37.18244],[127.72215,37.18241],[127.72217,37.18238],[127.72221,37.18233],[127.72226,37.18227],[127.72231,37.1822],[127.72233,37.18218],[127.72236,37.18214],[127.72238,37.18212],[127.72241,37.18209],[127.72245,37.18204],[127.72249,37.182],[127.72254,37.18196],[127.72257,37.18193],[127.7226,37.18191],[127.72263,37.18188],[127.72268,37.18185],[127.72273,37.18182],[127.72278,37.18179],[127.72283,37.18178],[127.72288,37.18176],[127.72292,37.18176],[127.72296,37.18175],[127.72299,37.18175],[127.72304,37.18175],[127.7231,37.18176],[127.72315,37.18176],[127.72323,37.18177],[127.72331,37.18178],[127.72496,37.18204],[127.72508,37.18206],[127.72522,37.18209],[127.72535,37.18211],[127.72546,37.18214],[127.72556,37.18217],[127.7256,37.18218],[127.72572,37.18222],[127.72584,37.18226],[127.72595,37.18231],[127.72605,37.18236],[127.72615,37.18241],[127.72618,37.18243],[127.72624,37.18246],[127.72631,37.18251],[127.72638,37.18256],[127.72645,37.18261],[127.72647,37.18264],[127.7265,37.18268],[127.72655,37.18274],[127.7266,37.18282],[127.72665,37.18291],[127.72667,37.18296],[127.72669,37.183],[127.72762,37.18531],[127.72767,37.18541],[127.72809,37.18654],[127.72811,37.18658],[127.72812,37.18664],[127.72813,37.1867],[127.72814,37.18677],[127.72815,37.18682],[127.72815,37.18689],[127.72816,37.18694],[127.72817,37.18843],[127.72817,37.18846],[127.72817,37.18849],[127.72816,37.18852],[127.72815,37.18856],[127.72814,37.18858],[127.72812,37.18862],[127.7281,37.18864],[127.72808,37.18867],[127.72806,37.18871],[127.72804,37.18874],[127.72801,37.18877],[127.72799,37.1888],[127.72796,37.18885],[127.72795,37.18888],[127.72794,37.18891],[127.72792,37.18896],[127.72791,37.18901],[127.7279,37.18906],[127.72789,37.18911],[127.72789,37.18916],[127.72789,37.18922],[127.72789,37.18928],[127.7279,37.18935],[127.7279,37.1894],[127.7279,37.18944],[127.72791,37.18947],[127.72792,37.18955],[127.72793,37.18962],[127.72795,37.18971],[127.72796,37.1898],[127.72799,37.18991],[127.72802,37.19003],[127.72805,37.19015],[127.72808,37.19029],[127.72812,37.19044],[127.72815,37.19058],[127.72819,37.19073],[127.72823,37.19087],[127.72827,37.19102],[127.72831,37.19114],[127.72834,37.19125],[127.72837,37.19137],[127.7284,37.19145],[127.72843,37.19154],[127.72846,37.19161],[127.7285,37.19168],[127.72851,37.19171],[127.72854,37.19175],[127.72858,37.19181],[127.72862,37.19187],[127.73062,37.19402],[127.73276,37.19609],[127.7328,37.19613],[127.73281,37.19615],[127.73283,37.19619],[127.73284,37.19622],[127.73286,37.19627],[127.73287,37.19631],[127.73288,37.19635],[127.73288,37.19639],[127.73289,37.19644],[127.73289,37.19649],[127.7329,37.19653],[127.7329,37.1966],[127.7329,37.19666],[127.7329,37.19673],[127.73281,37.19838],[127.73257,37.19964],[127.7331,37.20166],[127.73314,37.20166],[127.73319,37.20167],[127.73322,37.20167],[127.73329,37.20168],[127.73334,37.20169],[127.73338,37.20171],[127.73341,37.20173],[127.73344,37.20175],[127.73347,37.20178],[127.7335,37.20181],[127.73352,37.20183],[127.73355,37.20186],[127.73358,37.20189],[127.7336,37.20191],[127.73362,37.20194],[127.73364,37.20196],[127.73366,37.20199],[127.73369,37.20202],[127.73371,37.20205],[127.73373,37.20208],[127.73376,37.20211],[127.7346,37.20332],[127.73553,37.20544],[127.73555,37.20548],[127.73556,37.20552],[127.73557,37.20555],[127.73557,37.20557],[127.73551,37.20671],[127.7355,37.20676],[127.73547,37.2068],[127.73545,37.20684],[127.73542,37.20686],[127.7354,37.20689],[127.73537,37.20692],[127.73534,37.20695],[127.73532,37.20697],[127.73531,37.207],[127.7353,37.20703],[127.73529,37.20708],[127.73529,37.20712],[127.73529,37.20715],[127.73534,37.2079],[127.73535,37.20794],[127.73536,37.20798],[127.73538,37.20801],[127.73539,37.20803],[127.73541,37.20807],[127.73668,37.2099],[127.7367,37.20992],[127.73673,37.20996],[127.73675,37.20998],[127.73677,37.21],[127.7368,37.21003],[127.73684,37.21005],[127.73687,37.21007],[127.73691,37.2101],[127.73696,37.21013],[127.737,37.21015],[127.73705,37.21018],[127.73711,37.21022],[127.73736,37.21036],[127.73742,37.2104],[127.73748,37.21044],[127.73755,37.21047],[127.73762,37.21051],[127.73767,37.21055],[127.73771,37.21057],[127.73774,37.21059],[127.73779,37.21061],[127.73783,37.21063],[127.73789,37.21067],[127.73793,37.21069],[127.73798,37.21071],[127.73963,37.21147],[127.74077,37.21195],[127.74409,37.21472],[127.74416,37.21474],[127.7442,37.21476],[127.74426,37.21478],[127.74433,37.21482],[127.74437,37.21483],[127.74441,37.21485],[127.74452,37.21491],[127.74461,37.21496],[127.74471,37.21503],[127.74475,37.21506],[127.74481,37.21509],[127.74484,37.21512],[127.74491,37.21517],[127.74501,37.21525],[127.74511,37.21533],[127.74514,37.21536],[127.74521,37.21541],[127.74531,37.2155],[127.74541,37.21558],[127.74548,37.21564],[127.7455,37.21567],[127.7456,37.21575],[127.74564,37.21579],[127.74569,37.21584],[127.74572,37.21586],[127.74578,37.21592],[127.74583,37.21596],[127.74587,37.216],[127.74595,37.21608],[127.74599,37.21612],[127.74603,37.21615],[127.7461,37.21622],[127.74617,37.21629],[127.74623,37.21635],[127.7463,37.21642],[127.74635,37.21647],[127.74641,37.21652],[127.74647,37.21657],[127.74653,37.21662],[127.74658,37.21665],[127.74662,37.21667],[127.74666,37.2167],[127.74672,37.21673],[127.7468,37.21676],[127.74687,37.21678],[127.7469,37.21679],[127.74695,37.2168],[127.74703,37.21681],[127.74774,37.21692],[127.74779,37.21684],[127.74792,37.21668]]]]}},{"type":"Feature","properties":{"adm_cd":"33020380","adm_nm":"충청북도 충주시 금가면"},"geometry":{"type":"MultiPolygon","coordinates":[[[[127.92649,37.05895],[127.93003,37.06009],[127.93046,37.05882],[127.93132,37.05557],[127.93141,37.05512],[127.93146,37.0549],[127.93134,37.0545],[127.93,37.05112],[127.92767,37.04392],[127.92678,37.04031],[127.92678,37.04028],[127.9268,37.04025],[127.92687,37.04016],[127.9269,37.04013],[127.92693,37.0401],[127.92704,37.04],[127.92711,37.03994],[127.92717,37.03991],[127.92728,37.03987],[127.92742,37.03983],[127.92752,37.03981],[127.92761,37.03979],[127.92785,37.03966],[127.92799,37.03955],[127.92886,37.03857],[127.92918,37.03764],[127.92924,37.03738],[127.9294,37.0367],[127.92939,37.03665],[127.92935,37.03633],[127.92903,37.0352],[127.92848,37.03332],[127.92845,37.03328],[127.92837,37.03319],[127.92833,37.03317],[127.92829,37.03317],[127.92725,37.03322],[127.92709,37.03324],[127.92691,37.03329],[127.92673,37.03335],[127.92647,37.03343],[127.92629,37.03348],[127.92617,37.0335],[127.92599,37.03351],[127.92583,37.03351],[127.92142,37.03329],[127.91865,37.03279],[127.91721,37.03189],[127.91711,37.03185],[127.91671,37.03183],[127.91433,37.03189],[127.91159,37.03199],[127.90913,37.03232],[127.90909,37.03232],[127.90898,37.03224],[127.90893,37.03219],[127.90801,37.03108],[127.90793,37.03094],[127.90784,37.03077],[127.90738,37.02906],[127.9074,37.02893],[127.90741,37.02888],[127.90743,37.02882],[127.90776,37.02774],[127.90892,37.02439],[127.90972,37.02288],[127.90977,37.0228],[127.90989,37.0227],[127.91002,37.02262],[127.91015,37.02254],[127.91036,37.02245],[127.91725,37.02041],[127.91735,37.02039],[127.91929,37.02009],[127.91888,37.01994],[127.91838,37.01975],[127.9177,37.01942],[127.91716,37.01915],[127.91606,37.01854],[127.91507,37.01798],[127.91374,37.0172],[127.91343,37.017],[127.91301,37.0167],[127.9128,37.01652],[127.91237,37.01611],[127.91204,37.01575],[127.91157,37.01518],[127.91125,37.01476],[127.91094,37.01428],[127.91088,37.01417],[127.91084,37.01402],[127.91085,37.01374],[127.91089,37.01346],[127.911,37.01307],[127.9112,37.01251],[127.91156,37.0116],[127.91172,37.01118],[127.9118,37.01086],[127.91185,37.01063],[127.91192,37.01022],[127.91196,37.00997],[127.91227,37.00638],[127.91228,37.00595],[127.91226,37.00531],[127.91217,37.00425],[127.91209,37.00377],[127.91187,37.00246],[127.91171,37.00193],[127.91161,37.00164],[127.91149,37.00137],[127.9113,37.00099],[127.91115,37.00075],[127.91092,37.0004],[127.91072,37.00012],[127.91043,36.99978],[127.90899,36.99808],[127.90851,36.99756],[127.90846,36.9975],[127.90577,36.99473],[127.90484,36.99378],[127.90193,36.99121],[127.90157,36.9909],[127.90133,36.99074],[127.90119,36.99064],[127.90112,36.99062],[127.89782,36.98959],[127.89635,36.98951],[127.8961,36.98952],[127.89538,36.98958],[127.89307,36.98983],[127.89029,36.99013],[127.88968,36.99021],[127.88926,36.99027],[127.88897,36.99033],[127.88864,36.99047],[127.88843,36.99062],[127.88814,36.99089],[127.88472,36.99425],[127.87765,37.00147],[127.8764,37.00287],[127.87634,37.00295],[127.87617,37.0032],[127.87341,37.00773],[127.87313,37.0082],[127.8726,37.00915],[127.87179,37.01067],[127.87138,37.01149],[127.8709,37.01249],[127.87057,37.0133],[127.8696,37.01586],[127.86933,37.01665],[127.86912,37.01733],[127.86882,37.01827],[127.86823,37.02007],[127.86773,37.02144],[127.86724,37.02266],[127.86698,37.02329],[127.86681,37.02368],[127.86654,37.02424],[127.8663,37.02465],[127.86568,37.0256],[127.86531,37.02614],[127.86485,37.02676],[127.86449,37.02723],[127.86422,37.02758],[127.8641,37.02772],[127.86396,37.02786],[127.86363,37.02818],[127.86282,37.02896],[127.86167,37.03017],[127.86094,37.03097],[127.85984,37.03221],[127.85952,37.03261],[127.85933,37.03288],[127.85916,37.03315],[127.85892,37.03364],[127.8589,37.03368],[127.85867,37.03419],[127.85846,37.03485],[127.85805,37.03648],[127.85803,37.0368],[127.85804,37.03719],[127.85807,37.03739],[127.85813,37.03761],[127.85822,37.03783],[127.85832,37.03799],[127.85858,37.03833],[127.85881,37.0386],[127.85914,37.03892],[127.86031,37.04001],[127.86529,37.04429],[127.86575,37.04468],[127.86674,37.04548],[127.867,37.04565],[127.86724,37.04581],[127.86761,37.04603],[127.86792,37.0462],[127.86811,37.04628],[127.86847,37.04643],[127.86873,37.04653],[127.86992,37.04694],[127.87088,37.04724],[127.87111,37.04732],[127.87219,37.04767],[127.8737,37.04822],[127.87472,37.04862],[127.87561,37.04896],[127.87639,37.04932],[127.87676,37.04949],[127.87902,37.0506],[127.87987,37.05102],[127.88023,37.05121],[127.88066,37.05146],[127.881,37.05166],[127.88209,37.05234],[127.88229,37.05248],[127.88275,37.05286],[127.88342,37.05343],[127.88371,37.05371],[127.8844,37.05439],[127.88465,37.05466],[127.88478,37.05481],[127.88495,37.05499],[127.88536,37.05548],[127.8857,37.05591],[127.88608,37.05641],[127.88642,37.05687],[127.88688,37.05757],[127.88702,37.05781],[127.88742,37.05847],[127.8877,37.05897],[127.88806,37.05966],[127.88859,37.06072],[127.88893,37.06145],[127.88902,37.0617],[127.88912,37.06198],[127.88918,37.06223],[127.8892,37.06238],[127.88919,37.0626],[127.88916,37.06285],[127.88908,37.06321],[127.88902,37.06341],[127.89008,37.06364],[127.89021,37.06369],[127.89035,37.06377],[127.89046,37.06387],[127.89059,37.06402],[127.89084,37.06435],[127.89098,37.06455],[127.89128,37.06492],[127.89139,37.06506],[127.89151,37.06519],[127.89294,37.06633],[127.89303,37.0664],[127.89309,37.06645],[127.89442,37.06735],[127.89458,37.06743],[127.89478,37.06751],[127.89496,37.06757],[127.8951,37.0676],[127.89533,37.06762],[127.89554,37.06764],[127.89707,37.06788],[127.89868,37.06815],[127.89883,37.06819],[127.89898,37.06824],[127.89914,37.06832],[127.89986,37.06883],[127.90061,37.06939],[127.90073,37.06948],[127.90078,37.06951],[127.90086,37.06953],[127.90098,37.06957],[127.90197,37.06975],[127.90206,37.06976],[127.90215,37.06975],[127.90229,37.06974],[127.90248,37.0697],[127.90319,37.06955],[127.90471,37.06931],[127.91114,37.06861],[127.91125,37.06861],[127.91135,37.0686],[127.91142,37.06859],[127.91152,37.06855],[127.91162,37.0685],[127.91172,37.06843],[127.91779,37.06393],[127.92041,37.06066],[127.92164,37.05893],[127.92242,37.05778],[127.92248,37.05761],[127.92259,37.05709],[127.92259,37.057],[127.92258,37.0569],[127.92254,37.0568],[127.92249,37.05673],[127.92239,37.05662],[127.92236,37.05659],[127.92235,37.05655],[127.92236,37.0565],[127.92242,37.05639],[127.92252,37.05629],[127.92355,37.05553],[127.9237,37.05544],[127.92382,37.05538],[127.92396,37.05534],[127.92475,37.05523],[127.9249,37.05521],[127.92496,37.05521],[127.92501,37.05523],[127.92506,37.05526],[127.92511,37.05532],[127.92518,37.0554],[127.92545,37.05594],[127.92551,37.05608],[127.92572,37.05659],[127.92649,37.05895]]]]}},{"type":"Feature","properties":{"adm_cd":"33020390","adm_nm":"충청북도 충주시 동량면"},"geometry":{"type":"MultiPolygon","coordinates":[[[[128.08078,37.04872],[128.08089,37.04869],[128.08143,37.04853],[128.08169,37.04843],[128.08179,37.04839],[128.08195,37.04831],[128.08229,37.0481],[128.0824,37.04802],[128.08246,37.04796],[128.08268,37.04767],[128.08433,37.04481],[128.08444,37.04457],[128.08446,37.0445],[128.08446,37.04263],[128.08443,37.04248],[128.08441,37.0424],[128.08438,37.04234],[128.08423,37.04213],[128.08418,37.04209],[128.08409,37.04202],[128.08391,37.04191],[128.08384,37.04184],[128.08379,37.04176],[128.08374,37.04166],[128.08373,37.0416],[128.08372,37.03916],[128.08375,37.03862],[128.08377,37.0385],[128.08382,37.03832],[128.08384,37.03827],[128.08387,37.03822],[128.08429,37.03756],[128.08434,37.0375],[128.08441,37.03743],[128.08452,37.03736],[128.0849,37.03718],[128.0865,37.03504],[128.08728,37.03384],[128.08823,37.03216],[128.08828,37.03206],[128.08849,37.03157],[128.08858,37.03132],[128.0886,37.03124],[128.08861,37.03113],[128.08859,37.03104],[128.08854,37.03095],[128.08848,37.03087],[128.08839,37.03079],[128.08827,37.03072],[128.08778,37.03045],[128.08759,37.03034],[128.0875,37.03027],[128.08742,37.03021],[128.08737,37.03015],[128.08679,37.02946],[128.0866,37.02915],[128.08615,37.02832],[128.08612,37.02826],[128.08611,37.02823],[128.08612,37.02817],[128.08615,37.02808],[128.08617,37.02804],[128.08832,37.02547],[128.08879,37.0231],[128.08867,37.02309],[128.08852,37.02307],[128.08838,37.02304],[128.08811,37.02295],[128.08801,37.02291],[128.08793,37.02287],[128.08779,37.02279],[128.08773,37.02274],[128.0867,37.02183],[128.08632,37.02124],[128.08564,37.02014],[128.08561,37.02007],[128.08561,37.02003],[128.08564,37.02],[128.08571,37.01995],[128.08579,37.01991],[128.08588,37.01988],[128.08657,37.0197],[128.08675,37.01966],[128.08683,37.01963],[128.08705,37.01953],[128.08721,37.01945],[128.08732,37.01939],[128.0876,37.01921],[128.08778,37.01909],[128.08785,37.01903],[128.08871,37.01835],[128.08882,37.01825],[128.08888,37.01819],[128.0889,37.01814],[128.08892,37.01806],[128.08894,37.01795],[128.0889,37.01762],[128.08883,37.01737],[128.08879,37.01726],[128.08871,37.01707],[128.08608,37.01131],[128.08605,37.01127],[128.08504,37.01033],[128.08493,37.01025],[128.08482,37.0102],[128.08474,37.01017],[128.08458,37.01014],[128.08453,37.01014],[128.08444,37.01015],[128.08434,37.01017],[128.0839,37.01027],[128.08374,37.01029],[128.08362,37.01029],[128.08348,37.01027],[128.08343,37.01026],[128.08327,37.01018],[128.08055,37.00886],[128.07649,37.00565],[128.07646,37.00561],[128.07643,37.00554],[128.07615,37.00357],[128.07613,37.00342],[128.07607,37.00254],[128.07869,36.99874],[128.07906,36.9984],[128.07915,36.99832],[128.07976,36.99799],[128.08105,36.9977],[128.08208,36.99719],[128.08334,36.99626],[128.08364,36.99588],[128.08372,36.99549],[128.08389,36.99394],[128.08431,36.99082],[128.08484,36.99036],[128.08553,36.99016],[128.08734,36.99001],[128.08889,36.98998],[128.08926,36.98997],[128.08961,36.9899],[128.09011,36.9897],[128.09081,36.98901],[128.09012,36.98489],[128.08859,36.97758],[128.08782,36.97476],[128.08713,36.97284],[128.08676,36.97128],[128.08657,36.96818],[128.08668,36.96508],[128.08703,36.96198],[128.08744,36.95944],[128.08853,36.95588],[128.08873,36.95436],[128.08864,36.95272],[128.08812,36.95196],[128.08714,36.95122],[128.0862,36.95082],[128.08511,36.95048],[128.08391,36.95036],[128.08221,36.95047],[128.0802,36.95089],[128.07771,36.95155],[128.07577,36.95222],[128.072,36.9545],[128.06823,36.95645],[128.06644,36.95722],[128.06521,36.95753],[128.06337,36.95769],[128.06149,36.95764],[128.05878,36.95744],[128.05625,36.95683],[128.05459,36.95593],[128.05306,36.95476],[128.05251,36.95434],[128.05209,36.95396],[128.05121,36.95317],[128.04932,36.95218],[128.04793,36.95186],[128.04436,36.95159],[128.04338,36.95185],[128.04281,36.952],[128.04185,36.95237],[128.04143,36.95258],[128.03932,36.95367],[128.03765,36.95494],[128.03528,36.9573],[128.03342,36.95962],[128.03058,36.96295],[128.0301,36.96343],[128.0289,36.96463],[128.02817,36.96529],[128.02675,36.96721],[128.02632,36.96758],[128.02394,36.96887],[128.02097,36.96992],[128.01717,36.97078],[128.01477,36.97143],[128.01307,36.97212],[128.01097,36.97326],[128.00989,36.97403],[128.00895,36.97488],[128.00851,36.97577],[128.00819,36.97732],[128.00773,36.97827],[128.00652,36.97965],[128.00473,36.98134],[128.00382,36.98241],[128.00376,36.98257],[128.00345,36.98343],[128.00328,36.98461],[128.00317,36.9858],[128.00251,36.9877],[128.00104,36.99061],[128.00067,36.99219],[128.00038,36.99436],[128.00002,36.9962],[127.99943,36.99748],[127.99938,36.99759],[127.99905,36.99817],[127.99858,36.99898],[127.99736,37.00102],[127.99198,37.00643],[127.99007,37.00819],[127.98949,37.00865],[127.9877,37.01004],[127.98715,37.01042],[127.98699,37.0105],[127.98602,37.01085],[127.98467,37.01133],[127.98425,37.01146],[127.98276,37.0119],[127.98259,37.01195],[127.9824,37.01199],[127.9821,37.01204],[127.98177,37.01208],[127.98063,37.0122],[127.97992,37.01228],[127.97955,37.01233],[127.979,37.01244],[127.97865,37.01255],[127.97815,37.01273],[127.97777,37.01289],[127.9775,37.01302],[127.97688,37.01334],[127.97629,37.0137],[127.9733,37.01548],[127.97242,37.016],[127.97049,37.01729],[127.96404,37.02216],[127.96398,37.02222],[127.96386,37.02231],[127.96144,37.02391],[127.96118,37.02401],[127.95931,37.02467],[127.95916,37.02472],[127.95901,37.02475],[127.95861,37.02479],[127.95819,37.0248],[127.95761,37.02477],[127.9575,37.02476],[127.95726,37.02472],[127.95681,37.0246],[127.95629,37.02446],[127.95603,37.02435],[127.95519,37.02396],[127.95455,37.02367],[127.95379,37.02336],[127.95331,37.02317],[127.95285,37.02298],[127.95237,37.02282],[127.94823,37.02146],[127.94729,37.02119],[127.94701,37.02112],[127.94638,37.02099],[127.9438,37.02059],[127.94346,37.02054],[127.94249,37.02039],[127.94169,37.02029],[127.94091,37.02025],[127.9396,37.02019],[127.93899,37.02018],[127.93816,37.02018],[127.937,37.02022],[127.93608,37.02026],[127.93465,37.02032],[127.93231,37.02042],[127.93156,37.02046],[127.92959,37.02056],[127.92835,37.02067],[127.9273,37.02076],[127.92536,37.02093],[127.9247,37.02097],[127.92465,37.02097],[127.92423,37.02097],[127.92354,37.02096],[127.92257,37.02089],[127.92224,37.02084],[127.92178,37.02075],[127.92167,37.02073],[127.92076,37.02052],[127.92001,37.02033],[127.91958,37.0202],[127.91929,37.02009],[127.91735,37.02039],[127.91725,37.02041],[127.91036,37.02245],[127.91015,37.02254],[127.91002,37.02262],[127.90989,37.0227],[127.90977,37.0228],[127.90972,37.02288],[127.90892,37.02439],[127.90776,37.02774],[127.90743,37.02882],[127.90741,37.02888],[127.9074,37.02893],[127.90738,37.02906],[127.90784,37.03077],[127.90793,37.03094],[127.90801,37.03108],[127.90893,37.03219],[127.90898,37.03224],[127.90909,37.03232],[127.90913,37.03232],[127.91159,37.03199],[127.91433,37.03189],[127.91671,37.03183],[127.91711,37.03185],[127.91721,37.03189],[127.91865,37.03279],[127.92142,37.03329],[127.92583,37.03351],[127.92599,37.03351],[127.92617,37.0335],[127.92629,37.03348],[127.92647,37.03343],[127.92673,37.03335],[127.92691,37.03329],[127.92709,37.03324],[127.92725,37.03322],[127.92829,37.03317],[127.92833,37.03317],[127.92837,37.03319],[127.92845,37.03328],[127.92848,37.03332],[127.92903,37.0352],[127.92935,37.03633],[127.92939,37.03665],[127.9294,37.0367],[127.92924,37.03738],[127.92918,37.03764],[127.92886,37.03857],[127.92799,37.03955],[127.92785,37.03966],[127.92761,37.03979],[127.92752,37.03981],[127.92742,37.03983],[127.92728,37.03987],[127.92717,37.03991],[127.92711,37.03994],[127.92704,37.04],[127.92693,37.0401],[127.9269,37.04013],[127.92687,37.04016],[127.9268,37.04025],[127.92678,37.04028],[127.92678,37.04031],[127.92767,37.04392],[127.93,37.05112],[127.93134,37.0545],[127.93146,37.0549],[127.93141,37.05512],[127.93132,37.05557],[127.93046,37.05882],[127.93003,37.06009],[127.93183,37.0605],[127.93697,37.06031],[127.93707,37.0603],[127.9389,37.05992],[127.93901,37.05988],[127.93908,37.05985],[127.9392,37.05978],[127.94152,37.05837],[127.94316,37.05738],[127.9432,37.05737],[127.94476,37.05752],[127.94532,37.05772],[127.95108,37.05996],[127.95291,37.06172],[127.95331,37.0626],[127.95361,37.06358],[127.95361,37.06365],[127.95362,37.06368],[127.95363,37.0637],[127.95369,37.06374],[127.95412,37.06392],[127.95443,37.06403],[127.95469,37.0641],[127.95486,37.06414],[127.95494,37.06414],[127.95662,37.06337],[127.95672,37.06332],[127.95683,37.06324],[127.95906,37.06156],[127.95914,37.06149],[127.95922,37.06142],[127.95926,37.06137],[127.95929,37.06126],[127.95941,37.06061],[127.95956,37.05966],[127.95972,37.05881],[127.95992,37.05814],[127.95998,37.05796],[127.96005,37.05782],[127.9601,37.05775],[127.9602,37.05766],[127.96024,37.05764],[127.96033,37.05761],[127.96094,37.05753],[127.96117,37.05752],[127.96143,37.05753],[127.96162,37.05754],[127.96183,37.05759],[127.96206,37.05763],[127.96226,37.05764],[127.96243,37.05763],[127.96271,37.0576],[127.9629,37.05756],[127.9631,37.0575],[127.96324,37.05745],[127.96331,37.05741],[127.96592,37.05599],[127.96694,37.05441],[127.97001,37.05303],[127.97638,37.05316],[127.97863,37.05347],[127.97873,37.0535],[127.97887,37.05355],[127.97893,37.05359],[127.97983,37.05443],[127.9861,37.05489],[127.98615,37.05491],[127.98792,37.05553],[127.98805,37.05559],[127.98878,37.05602],[127.98997,37.05695],[127.99006,37.05703],[127.99014,37.05712],[127.9902,37.0572],[127.99022,37.05726],[127.99238,37.05873],[127.99363,37.05951],[127.99498,37.05955],[127.99596,37.05957],[127.99609,37.05956],[127.99621,37.05953],[127.99739,37.05924],[127.99748,37.05921],[127.99779,37.05908],[127.99786,37.05896],[127.99795,37.05883],[127.99799,37.0588],[127.99809,37.0587],[127.99822,37.05862],[127.99826,37.05861],[127.99969,37.05812],[127.99974,37.05811],[128.0078,37.05741],[128.00814,37.05746],[128.00831,37.05749],[128.00853,37.05757],[128.00865,37.05764],[128.00876,37.05773],[128.00943,37.05814],[128.01032,37.05866],[128.01043,37.05871],[128.01052,37.05871],[128.01061,37.05871],[128.01315,37.05828],[128.01429,37.05798],[128.01443,37.05793],[128.01465,37.05787],[128.0149,37.05788],[128.01504,37.0579],[128.01541,37.05799],[128.01699,37.05854],[128.01719,37.05862],[128.02042,37.05997],[128.02329,37.06123],[128.02349,37.06135],[128.02383,37.06152],[128.02417,37.06166],[128.02457,37.06177],[128.02588,37.06181],[128.02829,37.06184],[128.03043,37.06149],[128.03061,37.06145],[128.03193,37.06118],[128.03255,37.06117],[128.03293,37.06118],[128.03331,37.06125],[128.03523,37.06185],[128.03551,37.06199],[128.03574,37.06218],[128.03598,37.06234],[128.03636,37.06248],[128.03863,37.06292],[128.03888,37.06296],[128.03898,37.06296],[128.04509,37.0621],[128.04515,37.06208],[128.04618,37.06116],[128.04641,37.06091],[128.04647,37.06072],[128.04651,37.06043],[128.04659,37.05959],[128.04665,37.05899],[128.04663,37.05881],[128.04639,37.05774],[128.04623,37.0573],[128.04608,37.05703],[128.0449,37.05515],[128.04466,37.05496],[128.04457,37.05492],[128.04444,37.0549],[128.04425,37.05484],[128.04416,37.05479],[128.04406,37.05471],[128.04256,37.0533],[128.04239,37.05311],[128.04238,37.05305],[128.04239,37.05298],[128.04242,37.05292],[128.04378,37.05084],[128.04394,37.05063],[128.04478,37.04981],[128.04487,37.04977],[128.04511,37.04974],[128.0454,37.04971],[128.04563,37.04966],[128.0478,37.04912],[128.04789,37.04909],[128.04795,37.04904],[128.04953,37.04754],[128.05237,37.04526],[128.05604,37.04351],[128.05622,37.04345],[128.05639,37.04344],[128.05651,37.04346],[128.0582,37.04379],[128.05826,37.0438],[128.05837,37.04384],[128.05852,37.0439],[128.05888,37.04406],[128.0594,37.04431],[128.0597,37.04447],[128.05982,37.04451],[128.06002,37.04454],[128.06145,37.04463],[128.06174,37.04462],[128.06233,37.04453],[128.06258,37.04447],[128.06358,37.04424],[128.06385,37.04418],[128.0641,37.04408],[128.06448,37.04393],[128.06492,37.04375],[128.06515,37.04369],[128.06533,37.04367],[128.06546,37.04368],[128.0656,37.04371],[128.06583,37.04378],[128.06977,37.04594],[128.06982,37.04597],[128.07,37.04613],[128.07045,37.04662],[128.07067,37.04696],[128.071,37.04753],[128.07128,37.048],[128.07141,37.0482],[128.07153,37.04828],[128.07245,37.04869],[128.07279,37.04879],[128.07555,37.04937],[128.07583,37.0494],[128.07602,37.04939],[128.07809,37.04916],[128.08078,37.04872]]]]}},{"type":"Feature","properties":{"adm_cd":"33020400","adm_nm":"충청북도 충주시 산척면"},"geometry":{"type":"MultiPolygon","coordinates":[[[[128.07602,37.08377],[128.07677,37.08307],[128.07739,37.08248],[128.07744,37.08244],[128.07778,37.08222],[128.07791,37.08215],[128.07809,37.08209],[128.07816,37.08208],[128.07821,37.08208],[128.07836,37.08209],[128.07853,37.08209],[128.07874,37.08209],[128.07885,37.08208],[128.0789,37.08207],[128.07902,37.08203],[128.07905,37.08201],[128.07922,37.08189],[128.0821,37.07916],[128.08219,37.07907],[128.08232,37.0789],[128.08235,37.07883],[128.08237,37.07879],[128.0824,37.07864],[128.08243,37.07839],[128.08243,37.07828],[128.08241,37.07815],[128.08242,37.07804],[128.08244,37.07796],[128.08259,37.07779],[128.08383,37.0766],[128.08513,37.07562],[128.08486,37.0753],[128.08418,37.07459],[128.08404,37.07447],[128.0838,37.07433],[128.08336,37.0742],[128.08308,37.07413],[128.08209,37.07145],[128.08206,37.07133],[128.08202,37.07113],[128.08201,37.07102],[128.08202,37.07096],[128.08207,37.07089],[128.08457,37.06683],[128.08467,37.06667],[128.08474,37.06657],[128.08495,37.06641],[128.08507,37.06634],[128.08515,37.0663],[128.0854,37.06618],[128.08549,37.06611],[128.08561,37.066],[128.08568,37.06591],[128.08569,37.06587],[128.08569,37.06578],[128.0856,37.06438],[128.08559,37.06433],[128.08553,37.06399],[128.0855,37.06388],[128.08413,37.06123],[128.08408,37.06115],[128.08399,37.06103],[128.08389,37.06093],[128.08377,37.06082],[128.0831,37.05762],[128.08263,37.05363],[128.08118,37.05043],[128.08068,37.04923],[128.08066,37.04917],[128.08065,37.04911],[128.08066,37.04905],[128.08078,37.04872],[128.07809,37.04916],[128.07602,37.04939],[128.07583,37.0494],[128.07555,37.04937],[128.07279,37.04879],[128.07245,37.04869],[128.07153,37.04828],[128.07141,37.0482],[128.07128,37.048],[128.071,37.04753],[128.07067,37.04696],[128.07045,37.04662],[128.07,37.04613],[128.06982,37.04597],[128.06977,37.04594],[128.06583,37.04378],[128.0656,37.04371],[128.06546,37.04368],[128.06533,37.04367],[128.06515,37.04369],[128.06492,37.04375],[128.06448,37.04393],[128.0641,37.04408],[128.06385,37.04418],[128.06358,37.04424],[128.06258,37.04447],[128.06233,37.04453],[128.06174,37.04462],[128.06145,37.04463],[128.06002,37.04454],[128.05982,37.04451],[128.0597,37.04447],[128.0594,37.04431],[128.05888,37.04406],[128.05852,37.0439],[128.05837,37.04384],[128.05826,37.0438],[128.0582,37.04379],[128.05651,37.04346],[128.05639,37.04344],[128.05622,37.04345],[128.05604,37.04351],[128.05237,37.04526],[128.04953,37.04754],[128.04795,37.04904],[128.04789,37.04909],[128.0478,37.04912],[128.04563,37.04966],[128.0454,37.04971],[128.04511,37.04974],[128.04487,37.04977],[128.04478,37.04981],[128.04394,37.05063],[128.04378,37.05084],[128.04242,37.05292],[128.04239,37.05298],[128.04238,37.05305],[128.04239,37.05311],[128.04256,37.0533],[128.04406,37.05471],[128.04416,37.05479],[128.04425,37.05484],[128.04444,37.0549],[128.04457,37.05492],[128.04466,37.05496],[128.0449,37.05515],[128.04608,37.05703],[128.04623,37.0573],[128.04639,37.05774],[128.04663,37.05881],[128.04665,37.05899],[128.04659,37.05959],[128.04651,37.06043],[128.04647,37.06072],[128.04641,37.06091],[128.04618,37.06116],[128.04515,37.06208],[128.04509,37.0621],[128.03898,37.06296],[128.03888,37.06296],[128.03863,37.06292],[128.03636,37.06248],[128.03598,37.06234],[128.03574,37.06218],[128.03551,37.06199],[128.03523,37.06185],[128.03331,37.06125],[128.03293,37.06118],[128.03255,37.06117],[128.03193,37.06118],[128.03061,37.06145],[128.03043,37.06149],[128.02829,37.06184],[128.02588,37.06181],[128.02457,37.06177],[128.02417,37.06166],[128.02383,37.06152],[128.02349,37.06135],[128.02329,37.06123],[128.02042,37.05997],[128.01719,37.05862],[128.01699,37.05854],[128.01541,37.05799],[128.01504,37.0579],[128.0149,37.05788],[128.01465,37.05787],[128.01443,37.05793],[128.01429,37.05798],[128.01315,37.05828],[128.01061,37.05871],[128.01052,37.05871],[128.01043,37.05871],[128.01032,37.05866],[128.00943,37.05814],[128.00876,37.05773],[128.00865,37.05764],[128.00853,37.05757],[128.00831,37.05749],[128.00814,37.05746],[128.0078,37.05741],[127.99974,37.05811],[127.99969,37.05812],[127.99826,37.05861],[127.99822,37.05862],[127.99809,37.0587],[127.99799,37.0588],[127.99795,37.05883],[127.99786,37.05896],[127.99779,37.05908],[127.99748,37.05921],[127.99739,37.05924],[127.99621,37.05953],[127.99609,37.05956],[127.99596,37.05957],[127.99498,37.05955],[127.99363,37.05951],[127.99238,37.05873],[127.99022,37.05726],[127.9902,37.0572],[127.99014,37.05712],[127.99006,37.05703],[127.98997,37.05695],[127.98878,37.05602],[127.98805,37.05559],[127.98792,37.05553],[127.98615,37.05491],[127.9861,37.05489],[127.97983,37.05443],[127.97893,37.05359],[127.97887,37.05355],[127.97873,37.0535],[127.97863,37.05347],[127.97638,37.05316],[127.97001,37.05303],[127.96694,37.05441],[127.96592,37.05599],[127.96331,37.05741],[127.96324,37.05745],[127.9631,37.0575],[127.9629,37.05756],[127.96271,37.0576],[127.96243,37.05763],[127.96226,37.05764],[127.96206,37.05763],[127.96183,37.05759],[127.96162,37.05754],[127.96143,37.05753],[127.96117,37.05752],[127.96094,37.05753],[127.96033,37.05761],[127.96024,37.05764],[127.9602,37.05766],[127.9601,37.05775],[127.96005,37.05782],[127.95998,37.05796],[127.95992,37.05814],[127.95972,37.05881],[127.95956,37.05966],[127.95941,37.06061],[127.95929,37.06126],[127.95926,37.06137],[127.95922,37.06142],[127.95914,37.06149],[127.95906,37.06156],[127.95683,37.06324],[127.95672,37.06332],[127.95662,37.06337],[127.95494,37.06414],[127.95486,37.06414],[127.95469,37.0641],[127.95443,37.06403],[127.95412,37.06392],[127.95369,37.06374],[127.95363,37.0637],[127.95362,37.06368],[127.95361,37.06365],[127.95361,37.06358],[127.95331,37.0626],[127.95291,37.06172],[127.95108,37.05996],[127.94532,37.05772],[127.94476,37.05752],[127.9432,37.05737],[127.94316,37.05738],[127.94152,37.05837],[127.9392,37.05978],[127.93908,37.05985],[127.93901,37.05988],[127.9389,37.05992],[127.93707,37.0603],[127.93697,37.06031],[127.93183,37.0605],[127.93003,37.06009],[127.92649,37.05895],[127.92681,37.06165],[127.92759,37.067],[127.92761,37.06705],[127.92766,37.06717],[127.92766,37.06726],[127.92765,37.06737],[127.92727,37.07034],[127.92694,37.07203],[127.9269,37.07212],[127.92261,37.07666],[127.92312,37.08086],[127.92315,37.08091],[127.92322,37.08098],[127.92333,37.08105],[127.92351,37.08112],[127.92365,37.08116],[127.92506,37.08145],[127.92593,37.08161],[127.9277,37.08191],[127.93032,37.08192],[127.93039,37.08192],[127.93054,37.08193],[127.93071,37.08196],[127.93249,37.08245],[127.93543,37.0834],[127.93563,37.08347],[127.93581,37.08354],[127.93595,37.08361],[127.93617,37.08375],[127.9377,37.08483],[127.93891,37.08575],[127.93911,37.08594],[127.93931,37.08613],[127.93948,37.08629],[127.93962,37.08645],[127.9397,37.08656],[127.93976,37.08668],[127.93986,37.08698],[127.93994,37.08728],[127.94006,37.08751],[127.94016,37.08763],[127.94024,37.0877],[127.94035,37.08779],[127.9405,37.08789],[127.94183,37.08853],[127.94349,37.08928],[127.9442,37.08896],[127.94437,37.08883],[127.94553,37.08794],[127.94561,37.08789],[127.94567,37.08787],[127.94571,37.08786],[127.94578,37.08787],[127.94589,37.0879],[127.94872,37.08958],[127.94878,37.08965],[127.94881,37.08973],[127.94881,37.08989],[127.94907,37.09084],[127.95129,37.09147],[127.95142,37.09149],[127.95156,37.09149],[127.9518,37.09149],[127.95199,37.09144],[127.95225,37.09133],[127.95243,37.09123],[127.95294,37.0909],[127.95376,37.09039],[127.95385,37.09036],[127.95391,37.09035],[127.95398,37.09035],[127.95414,37.09035],[127.95434,37.09038],[127.95448,37.0904],[127.9546,37.09045],[127.95534,37.09149],[127.95539,37.09157],[127.95679,37.09428],[127.95784,37.09691],[127.95813,37.09773],[127.95816,37.09787],[127.95816,37.09792],[127.95754,37.09932],[127.95748,37.09944],[127.95742,37.09953],[127.95737,37.09956],[127.95468,37.10006],[127.95506,37.10242],[127.95525,37.10399],[127.95577,37.11026],[127.95577,37.1104],[127.95577,37.11047],[127.95571,37.11056],[127.95432,37.11213],[127.95423,37.11221],[127.95282,37.11314],[127.95171,37.11396],[127.95169,37.11399],[127.95169,37.11404],[127.9518,37.11423],[127.95201,37.11448],[127.95227,37.11469],[127.95265,37.11495],[127.95321,37.11531],[127.95341,37.11548],[127.95388,37.11596],[127.9544,37.11691],[127.95474,37.11765],[127.95479,37.11781],[127.95483,37.11809],[127.95484,37.11845],[127.95464,37.11998],[127.95441,37.12086],[127.9535,37.12288],[127.95339,37.12302],[127.95322,37.12315],[127.95297,37.1233],[127.95248,37.12365],[127.95244,37.12368],[127.95243,37.12371],[127.95291,37.12489],[127.95302,37.12507],[127.95478,37.12732],[127.95502,37.12758],[127.95536,37.1279],[127.9554,37.12793],[127.95545,37.12798],[127.95554,37.12802],[127.95561,37.12804],[127.95568,37.12806],[127.95573,37.12807],[127.95584,37.12807],[127.95598,37.12806],[127.95617,37.12802],[127.95632,37.12797],[127.9578,37.12767],[127.95928,37.12737],[127.95951,37.12735],[127.95971,37.12736],[127.95998,37.1274],[127.96025,37.12746],[127.96056,37.12757],[127.96092,37.12774],[127.9611,37.12785],[127.96126,37.12797],[127.96142,37.12812],[127.96229,37.1289],[127.96235,37.12898],[127.96242,37.12908],[127.9625,37.12927],[127.96257,37.12951],[127.96283,37.13055],[127.96328,37.13143],[127.96333,37.13151],[127.96342,37.13161],[127.96392,37.13223],[127.96437,37.13265],[127.96449,37.13277],[127.9682,37.13609],[127.96976,37.13721],[127.96979,37.13726],[127.97005,37.13769],[127.97008,37.13775],[127.9701,37.13781],[127.97009,37.13786],[127.97009,37.13789],[127.97006,37.13791],[127.97002,37.13793],[127.96996,37.13797],[127.96992,37.13801],[127.96988,37.13807],[127.96956,37.13877],[127.96956,37.13882],[127.96984,37.14012],[127.97048,37.14191],[127.97063,37.14226],[127.97273,37.1415],[127.97423,37.14192],[127.97434,37.14194],[127.97445,37.14194],[127.97459,37.14193],[127.97693,37.1417],[127.97697,37.14169],[127.97709,37.14162],[127.97728,37.14146],[127.97739,37.14137],[127.97748,37.14127],[127.97827,37.14006],[127.98035,37.13669],[127.98156,37.13303],[127.98191,37.13212],[127.98198,37.13202],[127.98265,37.13137],[127.98268,37.13135],[127.98275,37.13132],[127.98291,37.13131],[127.98323,37.1313],[127.98335,37.1313],[127.98342,37.13132],[127.98435,37.13158],[127.98535,37.13176],[127.9855,37.13177],[127.98559,37.13176],[127.98567,37.13174],[127.98601,37.13163],[127.98613,37.13158],[127.98624,37.1315],[127.98633,37.13142],[127.98641,37.13134],[127.98645,37.13125],[127.98692,37.12998],[127.98707,37.12909],[127.98706,37.12901],[127.98703,37.12894],[127.98665,37.12854],[127.98645,37.12833],[127.98634,37.12823],[127.98626,37.12819],[127.98612,37.12816],[127.9859,37.12811],[127.98581,37.12807],[127.98575,37.12803],[127.98564,37.12788],[127.98556,37.12779],[127.98537,37.12741],[127.98534,37.12734],[127.98506,37.12577],[127.98505,37.12567],[127.98506,37.1254],[127.98516,37.12469],[127.98533,37.12434],[127.98595,37.12299],[127.98582,37.1205],[127.9858,37.12041],[127.98569,37.12019],[127.98544,37.11987],[127.98535,37.11975],[127.98462,37.11845],[127.9846,37.11828],[127.98457,37.1179],[127.98484,37.11446],[127.98501,37.11229],[127.98505,37.11225],[127.98589,37.11154],[127.98599,37.11148],[127.98621,37.11139],[127.98671,37.11126],[127.98711,37.11117],[127.99328,37.10997],[127.99551,37.11004],[127.99555,37.11005],[127.99567,37.11005],[127.99586,37.11],[127.99794,37.10917],[127.99821,37.10892],[127.99842,37.10869],[127.9985,37.10854],[127.99915,37.10663],[127.99958,37.10533],[127.99969,37.10499],[127.99977,37.10472],[127.99977,37.10464],[127.99972,37.10441],[127.99971,37.10428],[127.99971,37.10419],[127.99971,37.10412],[127.99996,37.10307],[128.00059,37.10144],[128.00064,37.10137],[128.00092,37.10106],[128.00324,37.09867],[128.00458,37.09849],[128.00464,37.09853],[128.00475,37.09858],[128.00641,37.09922],[128.00663,37.09928],[128.0068,37.09931],[128.00695,37.09933],[128.00968,37.09941],[128.00974,37.0994],[128.0099,37.09933],[128.01002,37.09928],[128.01021,37.09917],[128.01034,37.09909],[128.01052,37.09897],[128.01069,37.09884],[128.01095,37.09865],[128.01106,37.09858],[128.01129,37.09847],[128.0114,37.09844],[128.01171,37.09838],[128.01179,37.09838],[128.01186,37.0984],[128.01191,37.09843],[128.01196,37.09848],[128.01198,37.09855],[128.01202,37.09868],[128.01202,37.09874],[128.01201,37.09881],[128.0113,37.10156],[128.01125,37.10171],[128.01115,37.10194],[128.011,37.10227],[128.01073,37.10279],[128.0107,37.10283],[128.01043,37.10443],[128.01127,37.10681],[128.01177,37.10807],[128.01285,37.1104],[128.01291,37.11052],[128.01296,37.11059],[128.01301,37.11066],[128.01316,37.11082],[128.01682,37.11431],[128.01696,37.11443],[128.01713,37.11457],[128.0173,37.11468],[128.01746,37.11477],[128.02065,37.11629],[128.02164,37.11645],[128.02182,37.11636],[128.02214,37.11622],[128.02225,37.11617],[128.02252,37.11608],[128.02373,37.11565],[128.02413,37.11554],[128.02458,37.11542],[128.02678,37.115],[128.02787,37.11483],[128.02859,37.11473],[128.0293,37.11462],[128.03001,37.11452],[128.03068,37.11445],[128.03103,37.1144],[128.032,37.11419],[128.03217,37.11415],[128.03389,37.11373],[128.03428,37.11358],[128.03466,37.11339],[128.03492,37.11319],[128.03517,37.11295],[128.0354,37.1127],[128.03564,37.11248],[128.0358,37.11241],[128.03624,37.11229],[128.03671,37.11218],[128.03747,37.11207],[128.03816,37.11207],[128.03871,37.11213],[128.03902,37.1122],[128.0401,37.11262],[128.04056,37.11282],[128.04104,37.11313],[128.04156,37.11349],[128.04184,37.1137],[128.04211,37.11399],[128.04271,37.11478],[128.04286,37.11501],[128.04299,37.11513],[128.0432,37.11525],[128.04345,37.11534],[128.04376,37.11541],[128.0447,37.11555],[128.04512,37.1156],[128.0455,37.11563],[128.0458,37.11563],[128.04596,37.11562],[128.04603,37.11559],[128.04609,37.11551],[128.0465,37.11461],[128.04659,37.11438],[128.04665,37.11416],[128.04666,37.11394],[128.04664,37.11355],[128.04662,37.11319],[128.04659,37.11251],[128.04661,37.11219],[128.04669,37.11186],[128.04693,37.11139],[128.04718,37.11093],[128.04772,37.11017],[128.04828,37.10952],[128.04848,37.1093],[128.04867,37.109],[128.04874,37.10874],[128.04877,37.10852],[128.04873,37.10801],[128.04864,37.1076],[128.04856,37.10737],[128.04843,37.10711],[128.04828,37.1069],[128.0481,37.10674],[128.04801,37.10665],[128.04797,37.10663],[128.04766,37.10652],[128.04753,37.10651],[128.04724,37.10652],[128.04681,37.10651],[128.04659,37.10649],[128.04622,37.10646],[128.04611,37.10645],[128.04596,37.10641],[128.04581,37.10636],[128.04568,37.10628],[128.04555,37.10613],[128.04552,37.10593],[128.04549,37.10574],[128.04549,37.10546],[128.04551,37.1053],[128.0456,37.10501],[128.04567,37.10486],[128.04577,37.10471],[128.04593,37.10451],[128.04615,37.10427],[128.04872,37.10166],[128.04905,37.10134],[128.04952,37.10089],[128.05293,37.09772],[128.05311,37.09756],[128.05329,37.09748],[128.05352,37.0974],[128.05399,37.09737],[128.05447,37.09736],[128.05501,37.09736],[128.05567,37.09739],[128.05656,37.09744],[128.05706,37.09749],[128.0583,37.09759],[128.05989,37.09771],[128.06021,37.09766],[128.06282,37.09714],[128.06309,37.09708],[128.06318,37.09703],[128.06334,37.0969],[128.06343,37.0968],[128.06348,37.09674],[128.06356,37.09656],[128.06359,37.09645],[128.06359,37.09634],[128.06358,37.09618],[128.06353,37.09608],[128.06333,37.09578],[128.06215,37.09439],[128.0616,37.09377],[128.06139,37.09352],[128.06079,37.09277],[128.06048,37.09238],[128.0602,37.09198],[128.06011,37.09183],[128.05998,37.09156],[128.05921,37.08986],[128.05918,37.08978],[128.0592,37.08965],[128.05926,37.08953],[128.05943,37.08932],[128.05976,37.08903],[128.05996,37.08889],[128.06272,37.08706],[128.06663,37.08569],[128.06669,37.08568],[128.06694,37.08579],[128.06737,37.08596],[128.0677,37.08607],[128.06803,37.08616],[128.06815,37.08617],[128.06834,37.08615],[128.06857,37.08612],[128.0719,37.08544],[128.07225,37.08536],[128.0725,37.08528],[128.07296,37.08509],[128.07602,37.08377]]]]}},{"type":"Feature","properties":{"adm_cd":"33020410","adm_nm":"충청북도 충주시 엄정면"},"geometry":{"type":"MultiPolygon","coordinates":[[[[127.92622,37.16518],[127.92668,37.165],[127.9283,37.1646],[127.93333,37.16364],[127.93575,37.16319],[127.9358,37.16319],[127.93654,37.16323],[127.93707,37.16344],[127.93776,37.1637],[127.93849,37.16393],[127.93871,37.16398],[127.9388,37.16398],[127.93883,37.16398],[127.9399,37.16385],[127.94063,37.16353],[127.94209,37.16275],[127.94351,37.16184],[127.94357,37.1618],[127.94361,37.16179],[127.94365,37.16178],[127.94381,37.16178],[127.94396,37.16179],[127.94406,37.1618],[127.94474,37.16195],[127.94482,37.16197],[127.94496,37.16202],[127.94557,37.16232],[127.94628,37.16256],[127.94633,37.16257],[127.94807,37.16259],[127.95477,37.16222],[127.95482,37.16221],[127.95486,37.16219],[127.95983,37.15969],[127.96699,37.15687],[127.96783,37.15652],[127.96789,37.15647],[127.96823,37.15615],[127.97103,37.151],[127.97104,37.15094],[127.97133,37.15011],[127.97172,37.14846],[127.97201,37.14631],[127.97201,37.14625],[127.97201,37.14622],[127.97147,37.14505],[127.97131,37.14478],[127.97111,37.14452],[127.97092,37.14427],[127.97089,37.14422],[127.97047,37.14344],[127.97046,37.1434],[127.97046,37.14335],[127.97054,37.14268],[127.97058,37.14247],[127.97062,37.14229],[127.97063,37.14226],[127.97048,37.14191],[127.96984,37.14012],[127.96956,37.13882],[127.96956,37.13877],[127.96988,37.13807],[127.96992,37.13801],[127.96996,37.13797],[127.97002,37.13793],[127.97006,37.13791],[127.97009,37.13789],[127.97009,37.13786],[127.9701,37.13781],[127.97008,37.13775],[127.97005,37.13769],[127.96979,37.13726],[127.96976,37.13721],[127.9682,37.13609],[127.96449,37.13277],[127.96437,37.13265],[127.96392,37.13223],[127.96342,37.13161],[127.96333,37.13151],[127.96328,37.13143],[127.96283,37.13055],[127.96257,37.12951],[127.9625,37.12927],[127.96242,37.12908],[127.96235,37.12898],[127.96229,37.1289],[127.96142,37.12812],[127.96126,37.12797],[127.9611,37.12785],[127.96092,37.12774],[127.96056,37.12757],[127.96025,37.12746],[127.95998,37.1274],[127.95971,37.12736],[127.95951,37.12735],[127.95928,37.12737],[127.9578,37.12767],[127.95632,37.12797],[127.95617,37.12802],[127.95598,37.12806],[127.95584,37.12807],[127.95573,37.12807],[127.95568,37.12806],[127.95561,37.12804],[127.95554,37.12802],[127.95545,37.12798],[127.9554,37.12793],[127.95536,37.1279],[127.95502,37.12758],[127.95478,37.12732],[127.95302,37.12507],[127.95291,37.12489],[127.95243,37.12371],[127.95244,37.12368],[127.95248,37.12365],[127.95297,37.1233],[127.95322,37.12315],[127.95339,37.12302],[127.9535,37.12288],[127.95441,37.12086],[127.95464,37.11998],[127.95484,37.11845],[127.95483,37.11809],[127.95479,37.11781],[127.95474,37.11765],[127.9544,37.11691],[127.95388,37.11596],[127.95341,37.11548],[127.95321,37.11531],[127.95265,37.11495],[127.95227,37.11469],[127.95201,37.11448],[127.9518,37.11423],[127.95169,37.11404],[127.95169,37.11399],[127.95171,37.11396],[127.95282,37.11314],[127.95423,37.11221],[127.95432,37.11213],[127.95571,37.11056],[127.95577,37.11047],[127.95577,37.1104],[127.95577,37.11026],[127.95525,37.10399],[127.95506,37.10242],[127.95468,37.10006],[127.95737,37.09956],[127.95742,37.09953],[127.95748,37.09944],[127.95754,37.09932],[127.95816,37.09792],[127.95816,37.09787],[127.95813,37.09773],[127.95784,37.09691],[127.95679,37.09428],[127.95539,37.09157],[127.95534,37.09149],[127.9546,37.09045],[127.95448,37.0904],[127.95434,37.09038],[127.95414,37.09035],[127.95398,37.09035],[127.95391,37.09035],[127.95385,37.09036],[127.95376,37.09039],[127.95294,37.0909],[127.95243,37.09123],[127.95225,37.09133],[127.95199,37.09144],[127.9518,37.09149],[127.95156,37.09149],[127.95142,37.09149],[127.95129,37.09147],[127.94907,37.09084],[127.94881,37.08989],[127.94881,37.08973],[127.94878,37.08965],[127.94872,37.08958],[127.94589,37.0879],[127.94578,37.08787],[127.94571,37.08786],[127.94567,37.08787],[127.94561,37.08789],[127.94553,37.08794],[127.94437,37.08883],[127.9442,37.08896],[127.94349,37.08928],[127.94183,37.08853],[127.9405,37.08789],[127.94035,37.08779],[127.94024,37.0877],[127.94016,37.08763],[127.94006,37.08751],[127.93994,37.08728],[127.93986,37.08698],[127.93976,37.08668],[127.9397,37.08656],[127.93962,37.08645],[127.93948,37.08629],[127.93931,37.08613],[127.93911,37.08594],[127.93891,37.08575],[127.9377,37.08483],[127.93617,37.08375],[127.93595,37.08361],[127.93581,37.08354],[127.93563,37.08347],[127.93543,37.0834],[127.93249,37.08245],[127.93071,37.08196],[127.93054,37.08193],[127.93039,37.08192],[127.93032,37.08192],[127.9277,37.08191],[127.92593,37.08161],[127.92506,37.08145],[127.92365,37.08116],[127.92351,37.08112],[127.92333,37.08105],[127.92322,37.08098],[127.92315,37.08091],[127.92312,37.08086],[127.92261,37.07666],[127.9269,37.07212],[127.92694,37.07203],[127.92727,37.07034],[127.92765,37.06737],[127.92766,37.06726],[127.92766,37.06717],[127.92761,37.06705],[127.92759,37.067],[127.92681,37.06165],[127.92649,37.05895],[127.92572,37.05659],[127.92551,37.05608],[127.92545,37.05594],[127.92518,37.0554],[127.92511,37.05532],[127.92506,37.05526],[127.92501,37.05523],[127.92496,37.05521],[127.9249,37.05521],[127.92475,37.05523],[127.92396,37.05534],[127.92382,37.05538],[127.9237,37.05544],[127.92355,37.05553],[127.92252,37.05629],[127.92242,37.05639],[127.92236,37.0565],[127.92235,37.05655],[127.92236,37.05659],[127.92239,37.05662],[127.92249,37.05673],[127.92254,37.0568],[127.92258,37.0569],[127.92259,37.057],[127.92259,37.05709],[127.92248,37.05761],[127.92242,37.05778],[127.92164,37.05893],[127.92041,37.06066],[127.91779,37.06393],[127.91172,37.06843],[127.91162,37.0685],[127.91152,37.06855],[127.91142,37.06859],[127.91135,37.0686],[127.91125,37.06861],[127.91114,37.06861],[127.90471,37.06931],[127.90319,37.06955],[127.90248,37.0697],[127.90229,37.06974],[127.90215,37.06975],[127.90206,37.06976],[127.90197,37.06975],[127.90098,37.06957],[127.90086,37.06953],[127.90078,37.06951],[127.90073,37.06948],[127.90061,37.06939],[127.89986,37.06883],[127.89914,37.06832],[127.89898,37.06824],[127.89883,37.06819],[127.89868,37.06815],[127.89707,37.06788],[127.89554,37.06764],[127.89533,37.06762],[127.8951,37.0676],[127.89496,37.06757],[127.89478,37.06751],[127.89458,37.06743],[127.89442,37.06735],[127.89309,37.06645],[127.89303,37.0664],[127.89294,37.06633],[127.89151,37.06519],[127.89139,37.06506],[127.89128,37.06492],[127.89098,37.06455],[127.89084,37.06435],[127.89059,37.06402],[127.89046,37.06387],[127.89035,37.06377],[127.89021,37.06369],[127.89008,37.06364],[127.88902,37.06341],[127.88817,37.06538],[127.88706,37.06843],[127.8868,37.06944],[127.88656,37.0703],[127.88648,37.07056],[127.88641,37.07079],[127.88627,37.07114],[127.88615,37.07144],[127.88584,37.07212],[127.88572,37.07235],[127.8854,37.07291],[127.8853,37.07309],[127.8851,37.07339],[127.88477,37.07377],[127.88423,37.07428],[127.88401,37.07444],[127.88381,37.07457],[127.88365,37.07466],[127.8832,37.07489],[127.88265,37.07512],[127.88225,37.07528],[127.88189,37.07543],[127.88118,37.07579],[127.87977,37.07665],[127.87865,37.07733],[127.87826,37.07758],[127.87921,37.07929],[127.87928,37.07938],[127.8799,37.08023],[127.88028,37.08056],[127.88174,37.08174],[127.88388,37.08468],[127.88398,37.08594],[127.88399,37.08603],[127.88402,37.0861],[127.88409,37.08618],[127.88417,37.08624],[127.88774,37.08888],[127.88609,37.09289],[127.88606,37.093],[127.88609,37.09412],[127.88611,37.09447],[127.88612,37.09456],[127.88617,37.09478],[127.88633,37.09521],[127.88641,37.09539],[127.88651,37.09554],[127.88665,37.09571],[127.8868,37.09585],[127.88695,37.09596],[127.88715,37.09605],[127.88869,37.09667],[127.88962,37.09674],[127.88976,37.09667],[127.89002,37.09659],[127.89035,37.09655],[127.89157,37.09667],[127.89177,37.09671],[127.89189,37.09674],[127.89313,37.09717],[127.89637,37.09887],[127.89786,37.09968],[127.89799,37.09976],[127.89806,37.09982],[127.89814,37.09991],[127.89824,37.10012],[127.8983,37.10024],[127.89874,37.10178],[127.9004,37.10366],[127.90142,37.10413],[127.90151,37.10417],[127.90278,37.10551],[127.90281,37.10559],[127.90314,37.10645],[127.90346,37.10907],[127.90346,37.10911],[127.903,37.11215],[127.90126,37.11807],[127.90117,37.11939],[127.90114,37.11956],[127.90108,37.11965],[127.90092,37.11982],[127.90041,37.12025],[127.89945,37.12136],[127.89714,37.12489],[127.89592,37.12707],[127.89589,37.1272],[127.89589,37.12732],[127.89594,37.12842],[127.89598,37.12856],[127.89641,37.12958],[127.89647,37.12969],[127.89649,37.12973],[127.89653,37.12977],[127.89656,37.1298],[127.89662,37.12982],[127.89685,37.12984],[127.89691,37.12987],[127.89694,37.12989],[127.89703,37.12997],[127.89707,37.13002],[127.89712,37.13008],[127.89802,37.13139],[127.89804,37.13144],[127.89804,37.13148],[127.89777,37.1341],[127.89763,37.13465],[127.89734,37.13567],[127.89668,37.13701],[127.89619,37.13783],[127.89596,37.13824],[127.89548,37.13952],[127.89544,37.13964],[127.89544,37.13971],[127.89545,37.13979],[127.89547,37.13989],[127.89577,37.14066],[127.8958,37.14074],[127.89591,37.14087],[127.89599,37.14093],[127.89605,37.14098],[127.89619,37.14107],[127.89625,37.1411],[127.89647,37.14124],[127.8967,37.14144],[127.89685,37.14159],[127.89687,37.14162],[127.89709,37.14238],[127.89715,37.14375],[127.897,37.14458],[127.89657,37.14595],[127.8984,37.14918],[127.89938,37.15005],[127.89956,37.15015],[127.89966,37.1502],[127.89992,37.15039],[127.90188,37.15192],[127.90195,37.15201],[127.90197,37.15205],[127.9032,37.15541],[127.90421,37.15873],[127.90505,37.16098],[127.90703,37.16534],[127.90711,37.16548],[127.90727,37.16576],[127.90733,37.16585],[127.90842,37.16718],[127.90845,37.16721],[127.90855,37.16726],[127.91521,37.16918],[127.91525,37.16918],[127.9153,37.16917],[127.91536,37.16914],[127.91577,37.16888],[127.91587,37.1688],[127.91595,37.16873],[127.91602,37.16862],[127.91773,37.16759],[127.92278,37.16445],[127.92296,37.16434],[127.92312,37.16426],[127.92316,37.16424],[127.92323,37.16423],[127.92331,37.16422],[127.92373,37.16425],[127.92412,37.16429],[127.9243,37.16431],[127.92436,37.16433],[127.92622,37.16518]]]]}},{"type":"Feature","properties":{"adm_cd":"33020420","adm_nm":"충청북도 충주시 소태면"},"geometry":{"type":"MultiPolygon","coordinates":[[[[127.89938,37.15005],[127.8984,37.14918],[127.89657,37.14595],[127.897,37.14458],[127.89715,37.14375],[127.89709,37.14238],[127.89687,37.14162],[127.89685,37.14159],[127.8967,37.14144],[127.89647,37.14124],[127.89625,37.1411],[127.89619,37.14107],[127.89605,37.14098],[127.89599,37.14093],[127.89591,37.14087],[127.8958,37.14074],[127.89577,37.14066],[127.89547,37.13989],[127.89545,37.13979],[127.89544,37.13971],[127.89544,37.13964],[127.89548,37.13952],[127.89596,37.13824],[127.89619,37.13783],[127.89668,37.13701],[127.89734,37.13567],[127.89763,37.13465],[127.89777,37.1341],[127.89804,37.13148],[127.89804,37.13144],[127.89802,37.13139],[127.89712,37.13008],[127.89707,37.13002],[127.89703,37.12997],[127.89694,37.12989],[127.89691,37.12987],[127.89685,37.12984],[127.89662,37.12982],[127.89656,37.1298],[127.89653,37.12977],[127.89649,37.12973],[127.89647,37.12969],[127.89641,37.12958],[127.89598,37.12856],[127.89594,37.12842],[127.89589,37.12732],[127.89589,37.1272],[127.89592,37.12707],[127.89714,37.12489],[127.89945,37.12136],[127.90041,37.12025],[127.90092,37.11982],[127.90108,37.11965],[127.90114,37.11956],[127.90117,37.11939],[127.90126,37.11807],[127.903,37.11215],[127.90346,37.10911],[127.90346,37.10907],[127.90314,37.10645],[127.90281,37.10559],[127.90278,37.10551],[127.90151,37.10417],[127.90142,37.10413],[127.9004,37.10366],[127.89874,37.10178],[127.8983,37.10024],[127.89824,37.10012],[127.89814,37.09991],[127.89806,37.09982],[127.89799,37.09976],[127.89786,37.09968],[127.89637,37.09887],[127.89313,37.09717],[127.89189,37.09674],[127.89177,37.09671],[127.89157,37.09667],[127.89035,37.09655],[127.89002,37.09659],[127.88976,37.09667],[127.88962,37.09674],[127.88869,37.09667],[127.88715,37.09605],[127.88695,37.09596],[127.8868,37.09585],[127.88665,37.09571],[127.88651,37.09554],[127.88641,37.09539],[127.88633,37.09521],[127.88617,37.09478],[127.88612,37.09456],[127.88611,37.09447],[127.88609,37.09412],[127.88606,37.093],[127.88609,37.09289],[127.88774,37.08888],[127.88417,37.08624],[127.88409,37.08618],[127.88402,37.0861],[127.88399,37.08603],[127.88398,37.08594],[127.88388,37.08468],[127.88174,37.08174],[127.88028,37.08056],[127.8799,37.08023],[127.87928,37.07938],[127.87921,37.07929],[127.87826,37.07758],[127.87775,37.07788],[127.87748,37.07811],[127.87718,37.07839],[127.8769,37.07871],[127.87669,37.07902],[127.87656,37.07925],[127.87639,37.07962],[127.87631,37.07982],[127.87624,37.08008],[127.8762,37.0804],[127.87616,37.08068],[127.87609,37.08097],[127.87601,37.08118],[127.87586,37.08148],[127.8755,37.08195],[127.87518,37.0823],[127.87435,37.0832],[127.87405,37.08348],[127.87383,37.08366],[127.87358,37.08384],[127.87336,37.08399],[127.87311,37.08411],[127.87282,37.08418],[127.87272,37.08418],[127.87239,37.08418],[127.87196,37.08419],[127.87119,37.08417],[127.8707,37.08415],[127.86851,37.08408],[127.86836,37.08405],[127.86804,37.08395],[127.86788,37.0839],[127.86763,37.08378],[127.86633,37.08313],[127.86565,37.08278],[127.86372,37.08175],[127.86271,37.08119],[127.8624,37.08105],[127.86216,37.08095],[127.86191,37.08087],[127.86147,37.08076],[127.86079,37.08062],[127.8577,37.08011],[127.85694,37.08001],[127.85652,37.07997],[127.85615,37.07996],[127.85579,37.07997],[127.85548,37.07998],[127.8553,37.08],[127.85521,37.08001],[127.85474,37.08007],[127.85428,37.08017],[127.85393,37.08026],[127.85348,37.0804],[127.85271,37.08065],[127.8514,37.08112],[127.84768,37.08246],[127.84594,37.08315],[127.84487,37.08358],[127.84382,37.084],[127.84326,37.08422],[127.84299,37.08432],[127.84261,37.08443],[127.84206,37.08459],[127.84133,37.08478],[127.84107,37.08483],[127.84082,37.08488],[127.84044,37.08495],[127.83966,37.08508],[127.83947,37.0851],[127.83909,37.08513],[127.83877,37.08515],[127.83737,37.08524],[127.8371,37.08526],[127.83665,37.08527],[127.83601,37.08529],[127.83545,37.08533],[127.83524,37.08537],[127.83512,37.0854],[127.83475,37.08551],[127.83383,37.08585],[127.83325,37.08607],[127.83303,37.08616],[127.8329,37.08621],[127.83234,37.08645],[127.83204,37.08657],[127.83174,37.0867],[127.83087,37.08711],[127.83058,37.08726],[127.83031,37.08744],[127.83001,37.08769],[127.82967,37.08798],[127.82921,37.08841],[127.82896,37.08869],[127.82863,37.08911],[127.82752,37.09057],[127.82713,37.09112],[127.82679,37.09169],[127.82638,37.09244],[127.82602,37.09313],[127.823,37.09894],[127.82283,37.09933],[127.82265,37.09975],[127.82256,37.10006],[127.82251,37.1003],[127.82247,37.10084],[127.82247,37.10119],[127.82253,37.10191],[127.82283,37.10431],[127.823,37.10525],[127.82307,37.10555],[127.82319,37.10585],[127.8234,37.10625],[127.82352,37.10652],[127.82366,37.10692],[127.82376,37.10725],[127.82384,37.10758],[127.82389,37.10786],[127.82389,37.10829],[127.82387,37.10864],[127.82381,37.10899],[127.82372,37.10928],[127.82362,37.10951],[127.82347,37.10981],[127.82337,37.10998],[127.82334,37.11003],[127.82315,37.1103],[127.82297,37.11052],[127.82251,37.111],[127.82184,37.11166],[127.82155,37.1119],[127.82124,37.11209],[127.82094,37.11224],[127.82061,37.11236],[127.81999,37.11255],[127.81966,37.11261],[127.81931,37.11263],[127.81905,37.11262],[127.81819,37.11263],[127.81774,37.11267],[127.81697,37.11279],[127.81628,37.11295],[127.81589,37.11306],[127.81293,37.11405],[127.81194,37.11441],[127.81093,37.11485],[127.80948,37.1155],[127.807,37.1168],[127.8063,37.11721],[127.80553,37.11767],[127.80538,37.11776],[127.80391,37.11879],[127.80381,37.11888],[127.8033,37.1193],[127.80212,37.12042],[127.8013,37.12123],[127.80039,37.12218],[127.7997,37.12298],[127.79932,37.12343],[127.79783,37.12527],[127.79761,37.12554],[127.79747,37.12581],[127.79496,37.132],[127.79376,37.13522],[127.79303,37.13747],[127.7928,37.13811],[127.79235,37.1393],[127.79224,37.13959],[127.79213,37.13985],[127.79153,37.14106],[127.79113,37.14179],[127.7907,37.14252],[127.78951,37.1444],[127.79215,37.14513],[127.79357,37.14574],[127.7938,37.14583],[127.79437,37.14602],[127.79468,37.1461],[127.79493,37.14615],[127.79514,37.14618],[127.79519,37.14618],[127.79528,37.14618],[127.79722,37.14595],[127.79798,37.14577],[127.79829,37.14566],[127.79832,37.14565],[127.79858,37.14554],[127.79895,37.14534],[127.79943,37.14509],[127.80008,37.1448],[127.80042,37.14466],[127.80065,37.14459],[127.80082,37.14455],[127.80099,37.14452],[127.80115,37.1445],[127.8013,37.1445],[127.80137,37.1445],[127.80171,37.14453],[127.80189,37.14457],[127.80212,37.14462],[127.80247,37.14476],[127.80259,37.14481],[127.80298,37.14501],[127.80352,37.14534],[127.80419,37.1458],[127.80508,37.14639],[127.80536,37.14657],[127.80619,37.14703],[127.80628,37.14707],[127.80642,37.14713],[127.80671,37.14722],[127.80677,37.14724],[127.80705,37.14729],[127.8073,37.14732],[127.80776,37.14736],[127.80795,37.14736],[127.80813,37.14735],[127.80835,37.14734],[127.80875,37.14731],[127.80921,37.14727],[127.80953,37.14721],[127.81001,37.14709],[127.81067,37.14685],[127.81145,37.14664],[127.81153,37.14663],[127.81166,37.1466],[127.81201,37.14658],[127.81475,37.14655],[127.81546,37.1466],[127.81575,37.14665],[127.81621,37.14679],[127.8166,37.14694],[127.81687,37.14705],[127.81759,37.14734],[127.81818,37.14761],[127.81837,37.14772],[127.82347,37.15105],[127.8243,37.15164],[127.82507,37.15221],[127.82726,37.15285],[127.83072,37.15294],[127.83285,37.15208],[127.83312,37.15202],[127.83356,37.15195],[127.83375,37.15193],[127.83615,37.15172],[127.8365,37.15171],[127.83665,37.15172],[127.83686,37.15174],[127.83706,37.15176],[127.84626,37.15285],[127.84873,37.15317],[127.84887,37.15319],[127.84943,37.15333],[127.8495,37.15335],[127.8496,37.15338],[127.84972,37.15343],[127.85015,37.15365],[127.85021,37.1537],[127.85031,37.15386],[127.85035,37.15397],[127.85041,37.15417],[127.85043,37.15426],[127.85055,37.15554],[127.85059,37.1561],[127.85062,37.15627],[127.85063,37.15631],[127.85072,37.15675],[127.85076,37.15693],[127.85083,37.15728],[127.85141,37.15915],[127.85145,37.15924],[127.85156,37.15944],[127.85162,37.1595],[127.85266,37.16048],[127.85295,37.16071],[127.85323,37.16089],[127.85338,37.16097],[127.85355,37.16101],[127.85368,37.16103],[127.85381,37.16104],[127.85387,37.16103],[127.85397,37.16101],[127.85428,37.16091],[127.85517,37.16062],[127.85526,37.16057],[127.85537,37.1605],[127.85543,37.16045],[127.85548,37.16037],[127.85553,37.16028],[127.85562,37.1599],[127.85563,37.1596],[127.85563,37.15939],[127.85561,37.15916],[127.85554,37.15889],[127.85549,37.15877],[127.85535,37.15851],[127.85528,37.15842],[127.85527,37.15829],[127.85528,37.15799],[127.85529,37.15793],[127.85537,37.15761],[127.8555,37.15724],[127.85577,37.15659],[127.85584,37.15651],[127.85588,37.15648],[127.8607,37.15539],[127.8608,37.15537],[127.86092,37.15537],[127.86109,37.15542],[127.86119,37.15546],[127.86136,37.15556],[127.86144,37.1556],[127.8616,37.15572],[127.8617,37.15582],[127.86175,37.1559],[127.86177,37.15596],[127.8618,37.15618],[127.8618,37.15631],[127.86179,37.15643],[127.86176,37.15665],[127.86171,37.15693],[127.86163,37.15734],[127.8615,37.15789],[127.86139,37.15851],[127.86116,37.15987],[127.86115,37.15998],[127.86116,37.16017],[127.86122,37.16037],[127.86132,37.16059],[127.8615,37.16091],[127.86162,37.16108],[127.86169,37.16118],[127.86192,37.16151],[127.86205,37.16165],[127.86218,37.16174],[127.8624,37.16186],[127.86959,37.16421],[127.86982,37.16428],[127.87013,37.16434],[127.87074,37.16439],[127.87164,37.16434],[127.87232,37.16435],[127.87249,37.16434],[127.87253,37.16434],[127.87263,37.16431],[127.87574,37.16338],[127.88158,37.16202],[127.88348,37.16179],[127.88357,37.16178],[127.88405,37.16166],[127.88661,37.16096],[127.88668,37.16092],[127.89398,37.15702],[127.89407,37.15696],[127.89484,37.15632],[127.89496,37.15621],[127.89504,37.15614],[127.8969,37.15396],[127.89703,37.15379],[127.89707,37.15374],[127.89726,37.1535],[127.89738,37.15334],[127.89743,37.15326],[127.89752,37.15313],[127.89766,37.15287],[127.89768,37.15276],[127.89778,37.15242],[127.898,37.15178],[127.89816,37.15151],[127.8988,37.15053],[127.89884,37.15047],[127.89887,37.15043],[127.89932,37.15005],[127.89938,37.15005]]]]}},{"type":"Feature","properties":{"adm_cd":"33020430","adm_nm":"충청북도 충주시 대소원면"},"geometry":{"type":"MultiPolygon","coordinates":[[[[127.88552,36.97444],[127.88333,36.97439],[127.88104,36.97448],[127.88087,36.97453],[127.88081,36.97453],[127.88039,36.9745],[127.88018,36.97447],[127.8799,36.97443],[127.87967,36.97437],[127.87957,36.97433],[127.87951,36.9743],[127.87941,36.97422],[127.87936,36.97417],[127.8793,36.9741],[127.87919,36.97388],[127.87814,36.97167],[127.87808,36.97153],[127.87806,36.97145],[127.87806,36.97137],[127.87806,36.97134],[127.87807,36.97131],[127.87813,36.97119],[127.87836,36.97085],[127.87838,36.9708],[127.87843,36.97071],[127.87845,36.97065],[127.87851,36.9705],[127.87902,36.96908],[127.8791,36.96882],[127.87913,36.96872],[127.87914,36.96866],[127.87917,36.96848],[127.87917,36.96842],[127.87918,36.96815],[127.87918,36.96808],[127.87917,36.96799],[127.87915,36.96781],[127.87912,36.96771],[127.87908,36.96757],[127.87903,36.96747],[127.87886,36.96718],[127.87884,36.96715],[127.87879,36.96708],[127.8786,36.96682],[127.87855,36.96677],[127.87825,36.96644],[127.87797,36.96616],[127.87792,36.96612],[127.87747,36.96569],[127.87741,36.96565],[127.87517,36.96314],[127.87611,36.96285],[127.87766,36.96224],[127.87942,36.96152],[127.87954,36.96144],[127.88052,36.96078],[127.88081,36.96046],[127.88085,36.96035],[127.88082,36.9603],[127.88074,36.96025],[127.88041,36.96017],[127.88015,36.96017],[127.87987,36.96022],[127.87954,36.96023],[127.87927,36.96019],[127.8792,36.96014],[127.87524,36.95561],[127.87516,36.95551],[127.87509,36.95537],[127.87494,36.95501],[127.87494,36.95498],[127.87495,36.95495],[127.87497,36.95492],[127.87632,36.95393],[127.87663,36.95372],[127.87705,36.95344],[127.87755,36.95315],[127.87584,36.94892],[127.87567,36.94868],[127.87533,36.94814],[127.8752,36.94789],[127.87501,36.94748],[127.87494,36.94714],[127.87515,36.9444],[127.87515,36.94435],[127.87523,36.94432],[127.87596,36.94421],[127.87667,36.94409],[127.87695,36.94402],[127.87739,36.9439],[127.87766,36.94381],[127.87797,36.94372],[127.87827,36.9436],[127.87836,36.94357],[127.87849,36.94348],[127.87863,36.94335],[127.87926,36.94241],[127.87932,36.94228],[127.87938,36.94214],[127.8794,36.9421],[127.87941,36.94202],[127.87942,36.94194],[127.87939,36.94185],[127.8793,36.94169],[127.87914,36.94154],[127.87891,36.94137],[127.87866,36.94124],[127.87815,36.94099],[127.87809,36.94096],[127.87795,36.94095],[127.87774,36.94091],[127.87752,36.94087],[127.87737,36.94084],[127.87727,36.9408],[127.87665,36.94034],[127.87655,36.94026],[127.87461,36.93836],[127.87389,36.93749],[127.87245,36.93525],[127.87202,36.93395],[127.87237,36.93187],[127.8727,36.93095],[127.87271,36.93091],[127.87277,36.93079],[127.87531,36.92767],[127.87714,36.92615],[127.87721,36.92609],[127.87731,36.92602],[127.87744,36.92592],[127.8775,36.92588],[127.87755,36.92587],[127.87763,36.92587],[127.87766,36.92587],[127.87772,36.92588],[127.87787,36.92592],[127.878,36.92596],[127.8784,36.92608],[127.87848,36.9261],[127.87859,36.92612],[127.87865,36.92612],[127.8799,36.92619],[127.88,36.92619],[127.88006,36.92618],[127.88012,36.92617],[127.88362,36.92522],[127.88371,36.92519],[127.88391,36.92513],[127.88459,36.92492],[127.8847,36.92488],[127.8869,36.92363],[127.89342,36.92217],[127.89586,36.92046],[127.89588,36.92035],[127.8959,36.92023],[127.89593,36.92018],[127.89627,36.91964],[127.89634,36.91956],[127.89648,36.91943],[127.89665,36.91928],[127.89674,36.91922],[127.89828,36.91809],[127.89952,36.91781],[127.90099,36.91751],[127.90116,36.91749],[127.90133,36.91749],[127.90153,36.9175],[127.90185,36.91755],[127.90214,36.9176],[127.90225,36.91763],[127.9024,36.91763],[127.90259,36.91764],[127.90286,36.91763],[127.90424,36.91755],[127.90438,36.91753],[127.9045,36.9175],[127.90459,36.91746],[127.90471,36.91738],[127.90483,36.91729],[127.90495,36.91719],[127.9072,36.91519],[127.90905,36.91347],[127.90948,36.91233],[127.90952,36.91225],[127.90958,36.91216],[127.90964,36.91208],[127.91053,36.91124],[127.91059,36.91119],[127.91078,36.91112],[127.91078,36.91096],[127.91079,36.91075],[127.91081,36.91065],[127.91083,36.91055],[127.91087,36.91045],[127.91094,36.91034],[127.91101,36.91024],[127.91111,36.91014],[127.91118,36.91008],[127.91124,36.91005],[127.91257,36.90944],[127.9148,36.9085],[127.91828,36.90735],[127.92114,36.90642],[127.92239,36.90603],[127.92336,36.90583],[127.92423,36.90564],[127.92448,36.90536],[127.92554,36.90331],[127.92579,36.90201],[127.92595,36.90078],[127.92586,36.90043],[127.92578,36.90009],[127.92559,36.89957],[127.92502,36.89916],[127.9241,36.89881],[127.92364,36.89865],[127.92304,36.89887],[127.92207,36.89925],[127.91777,36.9024],[127.91348,36.90493],[127.9132,36.90505],[127.91296,36.90513],[127.91269,36.90521],[127.91243,36.90526],[127.91226,36.90529],[127.90976,36.90573],[127.90962,36.90574],[127.90934,36.90577],[127.90853,36.90583],[127.90832,36.90584],[127.90812,36.90585],[127.9079,36.90583],[127.90757,36.90579],[127.907,36.90571],[127.90688,36.90569],[127.90675,36.90566],[127.90661,36.9056],[127.9065,36.90554],[127.90639,36.90546],[127.9063,36.90537],[127.90617,36.90526],[127.90603,36.90511],[127.90596,36.90504],[127.90593,36.905],[127.90584,36.90489],[127.90453,36.9032],[127.90431,36.90288],[127.90421,36.90261],[127.90417,36.90245],[127.90417,36.90237],[127.90419,36.90229],[127.90385,36.90131],[127.89951,36.89566],[127.89946,36.89559],[127.89932,36.89543],[127.89907,36.89518],[127.89892,36.89503],[127.8983,36.89443],[127.89692,36.89317],[127.89671,36.893],[127.89651,36.89283],[127.89581,36.89236],[127.89561,36.89222],[127.8955,36.89216],[127.89538,36.8921],[127.89518,36.892],[127.89505,36.89195],[127.8949,36.8919],[127.89473,36.89186],[127.8922,36.89131],[127.89205,36.89128],[127.88504,36.89067],[127.8827,36.89068],[127.88095,36.89011],[127.88035,36.89553],[127.88034,36.89556],[127.87854,36.89551],[127.87264,36.89566],[127.8707,36.89668],[127.86921,36.89705],[127.86806,36.89703],[127.86676,36.89675],[127.86581,36.89653],[127.8644,36.89637],[127.86391,36.89639],[127.86015,36.89921],[127.85943,36.902],[127.8594,36.90234],[127.85872,36.90467],[127.85769,36.90562],[127.85551,36.90687],[127.85455,36.90739],[127.85128,36.90898],[127.85003,36.90891],[127.84671,36.90895],[127.84635,36.90904],[127.84123,36.91117],[127.83928,36.9124],[127.83809,36.91331],[127.83834,36.91694],[127.8394,36.91948],[127.84006,36.92004],[127.84023,36.92022],[127.84045,36.92043],[127.84113,36.92121],[127.84209,36.92235],[127.84304,36.92643],[127.84312,36.9276],[127.84134,36.92904],[127.84028,36.92973],[127.83985,36.92985],[127.83705,36.9303],[127.83644,36.93027],[127.83373,36.93304],[127.8332,36.93311],[127.83266,36.93318],[127.83175,36.93316],[127.83097,36.93313],[127.83095,36.93316],[127.83093,36.93318],[127.83022,36.93423],[127.83047,36.93468],[127.83067,36.93504],[127.83084,36.93527],[127.83104,36.93554],[127.83115,36.93565],[127.83123,36.93573],[127.83231,36.93679],[127.83242,36.93684],[127.83252,36.9369],[127.8329,36.937],[127.83326,36.9371],[127.83355,36.93737],[127.83305,36.93974],[127.83295,36.93978],[127.83279,36.93983],[127.83266,36.93987],[127.83216,36.93992],[127.83161,36.93992],[127.83135,36.93987],[127.83109,36.93982],[127.83057,36.93976],[127.82642,36.94036],[127.82622,36.94076],[127.82599,36.94143],[127.82355,36.94287],[127.82299,36.94314],[127.8227,36.94327],[127.82241,36.94339],[127.82168,36.94336],[127.82149,36.94329],[127.8212,36.94318],[127.82098,36.9431],[127.82058,36.94262],[127.82067,36.94195],[127.82069,36.94155],[127.82047,36.94131],[127.8203,36.94126],[127.8177,36.9405],[127.81715,36.94063],[127.81662,36.94076],[127.81567,36.9408],[127.81169,36.94049],[127.81025,36.9401],[127.80969,36.94038],[127.8082,36.94123],[127.80753,36.94192],[127.80685,36.9434],[127.8068,36.94495],[127.80641,36.94593],[127.80144,36.94735],[127.80045,36.94751],[127.8003,36.9478],[127.80016,36.94809],[127.80008,36.94828],[127.80005,36.94843],[127.79979,36.95008],[127.79979,36.9502],[127.79983,36.95031],[127.79986,36.95037],[127.80176,36.95287],[127.80277,36.95746],[127.80398,36.95993],[127.80664,36.96302],[127.81042,36.96257],[127.81076,36.9625],[127.81108,36.96251],[127.8123,36.96264],[127.81271,36.96297],[127.81324,36.96381],[127.81442,36.96953],[127.81472,36.97228],[127.81461,36.9726],[127.81284,36.97406],[127.81133,36.9742],[127.80983,36.97434],[127.80973,36.97435],[127.80652,36.97469],[127.80629,36.97472],[127.80497,36.97828],[127.80489,36.97848],[127.80475,36.9789],[127.80418,36.98089],[127.80415,36.98101],[127.80411,36.98115],[127.80408,36.98132],[127.80405,36.9815],[127.80402,36.98168],[127.80401,36.98187],[127.804,36.98198],[127.80401,36.98214],[127.80402,36.98225],[127.80404,36.98233],[127.80456,36.98483],[127.80458,36.9849],[127.8046,36.98495],[127.80462,36.98498],[127.8083,36.98854],[127.81069,36.99033],[127.81079,36.99039],[127.81088,36.99044],[127.81096,36.99046],[127.81102,36.99048],[127.81112,36.9905],[127.8112,36.99051],[127.81139,36.99054],[127.81159,36.99057],[127.8117,36.99061],[127.81186,36.99066],[127.81194,36.9907],[127.8121,36.99078],[127.81226,36.99089],[127.81241,36.991],[127.81255,36.9911],[127.81264,36.99118],[127.81278,36.99133],[127.81427,36.99299],[127.81435,36.99309],[127.81446,36.99326],[127.81456,36.99346],[127.81471,36.99376],[127.81478,36.9939],[127.8148,36.99397],[127.81482,36.99408],[127.81483,36.99414],[127.81482,36.9942],[127.81481,36.99425],[127.8148,36.9943],[127.81489,36.99611],[127.81507,36.99756],[127.81875,37.00262],[127.82327,37.00606],[127.82334,37.00613],[127.82369,37.00655],[127.82378,37.00667],[127.82474,37.0081],[127.82475,37.00924],[127.82664,37.0103],[127.82713,37.00928],[127.82717,37.00923],[127.82729,37.00915],[127.82781,37.00884],[127.82812,37.0087],[127.82826,37.00865],[127.82832,37.00862],[127.82837,37.00857],[127.82888,37.00765],[127.82894,37.0075],[127.82896,37.00741],[127.82896,37.00735],[127.82893,37.00721],[127.82859,37.0063],[127.82821,37.0055],[127.82883,37.00373],[127.82899,37.00343],[127.82925,37.00314],[127.82957,37.00294],[127.83007,37.00276],[127.83377,37.00232],[127.83392,37.00232],[127.83884,37.00238],[127.8402,37.00176],[127.8434,37.00191],[127.84371,37.00195],[127.84398,37.00201],[127.84695,37.00257],[127.85131,37.00215],[127.85151,37.00211],[127.85169,37.002],[127.85187,37.00181],[127.852,37.0016],[127.85203,37.00152],[127.85204,37.00134],[127.85201,37.0009],[127.85197,37.00033],[127.85191,37.00018],[127.85382,36.99327],[127.85389,36.99306],[127.85399,36.99288],[127.85803,36.99047],[127.85805,36.99024],[127.85818,36.98904],[127.85836,36.98833],[127.85858,36.98773],[127.85916,36.98665],[127.85925,36.98655],[127.85934,36.98648],[127.85949,36.9864],[127.8673,36.98401],[127.87178,36.98288],[127.87507,36.9805],[127.87543,36.98033],[127.87556,36.9803],[127.87561,36.98029],[127.87619,36.98018],[127.87639,36.98017],[127.8765,36.98024],[127.877,36.98059],[127.87717,36.98068],[127.87729,36.98071],[127.87742,36.9807],[127.87763,36.98067],[127.87777,36.98065],[127.88042,36.97978],[127.88053,36.97968],[127.88061,36.9795],[127.88063,36.9792],[127.8806,36.97867],[127.88061,36.97809],[127.8807,36.97787],[127.8813,36.97682],[127.88181,36.97604],[127.88188,36.97594],[127.88191,36.97591],[127.88195,36.9759],[127.88204,36.97589],[127.88216,36.9759],[127.88228,36.97591],[127.88276,36.97594],[127.88371,36.97585],[127.88379,36.97583],[127.88388,36.9758],[127.88397,36.97576],[127.88416,36.97561],[127.88504,36.97496],[127.88519,36.97483],[127.88526,36.97476],[127.88535,36.97467],[127.88539,36.97462],[127.88552,36.97444]]]]}},{"type":"Feature","properties":{"adm_cd":"33020440","adm_nm":"충청북도 충주시 중앙탑면"},"geometry":{"type":"MultiPolygon","coordinates":[[[[127.87826,37.07758],[127.87865,37.07733],[127.87977,37.07665],[127.88118,37.07579],[127.88189,37.07543],[127.88225,37.07528],[127.88265,37.07512],[127.8832,37.07489],[127.88365,37.07466],[127.88381,37.07457],[127.88401,37.07444],[127.88423,37.07428],[127.88477,37.07377],[127.8851,37.07339],[127.8853,37.07309],[127.8854,37.07291],[127.88572,37.07235],[127.88584,37.07212],[127.88615,37.07144],[127.88627,37.07114],[127.88641,37.07079],[127.88648,37.07056],[127.88656,37.0703],[127.8868,37.06944],[127.88706,37.06843],[127.88817,37.06538],[127.88902,37.06341],[127.88908,37.06321],[127.88916,37.06285],[127.88919,37.0626],[127.8892,37.06238],[127.88918,37.06223],[127.88912,37.06198],[127.88902,37.0617],[127.88893,37.06145],[127.88859,37.06072],[127.88806,37.05966],[127.8877,37.05897],[127.88742,37.05847],[127.88702,37.05781],[127.88688,37.05757],[127.88642,37.05687],[127.88608,37.05641],[127.8857,37.05591],[127.88536,37.05548],[127.88495,37.05499],[127.88478,37.05481],[127.88465,37.05466],[127.8844,37.05439],[127.88371,37.05371],[127.88342,37.05343],[127.88275,37.05286],[127.88229,37.05248],[127.88209,37.05234],[127.881,37.05166],[127.88066,37.05146],[127.88023,37.05121],[127.87987,37.05102],[127.87902,37.0506],[127.87676,37.04949],[127.87639,37.04932],[127.87561,37.04896],[127.87472,37.04862],[127.8737,37.04822],[127.87219,37.04767],[127.87111,37.04732],[127.87088,37.04724],[127.86992,37.04694],[127.86873,37.04653],[127.86847,37.04643],[127.86811,37.04628],[127.86792,37.0462],[127.86761,37.04603],[127.86724,37.04581],[127.867,37.04565],[127.86674,37.04548],[127.86575,37.04468],[127.86529,37.04429],[127.86031,37.04001],[127.85914,37.03892],[127.85881,37.0386],[127.85858,37.03833],[127.85832,37.03799],[127.85822,37.03783],[127.85813,37.03761],[127.85807,37.03739],[127.85804,37.03719],[127.85803,37.0368],[127.85805,37.03648],[127.85846,37.03485],[127.85867,37.03419],[127.8589,37.03368],[127.85892,37.03364],[127.85916,37.03315],[127.85933,37.03288],[127.85952,37.03261],[127.85984,37.03221],[127.86094,37.03097],[127.86167,37.03017],[127.86282,37.02896],[127.86363,37.02818],[127.86396,37.02786],[127.8641,37.02772],[127.86422,37.02758],[127.86449,37.02723],[127.86485,37.02676],[127.86531,37.02614],[127.86568,37.0256],[127.8663,37.02465],[127.86654,37.02424],[127.86681,37.02368],[127.86698,37.02329],[127.86724,37.02266],[127.86773,37.02144],[127.86823,37.02007],[127.86882,37.01827],[127.86912,37.01733],[127.86933,37.01665],[127.8696,37.01586],[127.87057,37.0133],[127.8709,37.01249],[127.87138,37.01149],[127.87179,37.01067],[127.8726,37.00915],[127.87313,37.0082],[127.87341,37.00773],[127.87617,37.0032],[127.87634,37.00295],[127.8764,37.00287],[127.87765,37.00147],[127.88472,36.99425],[127.88814,36.99089],[127.88843,36.99062],[127.88864,36.99047],[127.88897,36.99033],[127.88943,36.98905],[127.88962,36.98846],[127.89052,36.98569],[127.89073,36.98481],[127.89314,36.98284],[127.89242,36.98186],[127.89152,36.9803],[127.89129,36.9797],[127.89105,36.97899],[127.89082,36.97816],[127.89071,36.97742],[127.8907,36.97699],[127.89082,36.9762],[127.89093,36.97555],[127.89121,36.97463],[127.89046,36.97372],[127.89016,36.97355],[127.88997,36.97344],[127.88899,36.97336],[127.88761,36.97379],[127.88689,36.97451],[127.88618,36.97457],[127.88552,36.97444],[127.88539,36.97462],[127.88535,36.97467],[127.88526,36.97476],[127.88519,36.97483],[127.88504,36.97496],[127.88416,36.97561],[127.88397,36.97576],[127.88388,36.9758],[127.88379,36.97583],[127.88371,36.97585],[127.88276,36.97594],[127.88228,36.97591],[127.88216,36.9759],[127.88204,36.97589],[127.88195,36.9759],[127.88191,36.97591],[127.88188,36.97594],[127.88181,36.97604],[127.8813,36.97682],[127.8807,36.97787],[127.88061,36.97809],[127.8806,36.97867],[127.88063,36.9792],[127.88061,36.9795],[127.88053,36.97968],[127.88042,36.97978],[127.87777,36.98065],[127.87763,36.98067],[127.87742,36.9807],[127.87729,36.98071],[127.87717,36.98068],[127.877,36.98059],[127.8765,36.98024],[127.87639,36.98017],[127.87619,36.98018],[127.87561,36.98029],[127.87556,36.9803],[127.87543,36.98033],[127.87507,36.9805],[127.87178,36.98288],[127.8673,36.98401],[127.85949,36.9864],[127.85934,36.98648],[127.85925,36.98655],[127.85916,36.98665],[127.85858,36.98773],[127.85836,36.98833],[127.85818,36.98904],[127.85805,36.99024],[127.85803,36.99047],[127.85399,36.99288],[127.85389,36.99306],[127.85382,36.99327],[127.85191,37.00018],[127.85197,37.00033],[127.85201,37.0009],[127.85204,37.00134],[127.85203,37.00152],[127.852,37.0016],[127.85187,37.00181],[127.85169,37.002],[127.85151,37.00211],[127.85131,37.00215],[127.84695,37.00257],[127.84398,37.00201],[127.84371,37.00195],[127.8434,37.00191],[127.8402,37.00176],[127.83884,37.00238],[127.83392,37.00232],[127.83377,37.00232],[127.83007,37.00276],[127.82957,37.00294],[127.82925,37.00314],[127.82899,37.00343],[127.82883,37.00373],[127.82821,37.0055],[127.82859,37.0063],[127.82893,37.00721],[127.82896,37.00735],[127.82896,37.00741],[127.82894,37.0075],[127.82888,37.00765],[127.82837,37.00857],[127.82832,37.00862],[127.82826,37.00865],[127.82812,37.0087],[127.82781,37.00884],[127.82729,37.00915],[127.82717,37.00923],[127.82713,37.00928],[127.82664,37.0103],[127.82498,37.01084],[127.82491,37.01086],[127.82486,37.0109],[127.82305,37.01285],[127.82295,37.01301],[127.82245,37.01455],[127.82244,37.01466],[127.82246,37.0148],[127.82236,37.01669],[127.82096,37.02222],[127.82093,37.02228],[127.82083,37.02236],[127.82064,37.0225],[127.81911,37.02365],[127.81799,37.02493],[127.81804,37.02631],[127.81805,37.02661],[127.81783,37.02771],[127.8177,37.0281],[127.81762,37.02828],[127.81748,37.02852],[127.81734,37.0287],[127.81726,37.02878],[127.81718,37.02883],[127.81567,37.02956],[127.81554,37.02961],[127.8153,37.02966],[127.81389,37.02986],[127.81353,37.0299],[127.81318,37.02991],[127.81288,37.0299],[127.81265,37.02988],[127.81234,37.02981],[127.81203,37.02973],[127.81174,37.02966],[127.8115,37.02958],[127.81129,37.02949],[127.81112,37.0294],[127.81106,37.02936],[127.8101,37.02987],[127.80993,37.02998],[127.80973,37.03013],[127.8095,37.03036],[127.8093,37.03066],[127.80916,37.03091],[127.80877,37.03191],[127.80872,37.03203],[127.80869,37.03214],[127.80869,37.03227],[127.80869,37.03244],[127.80875,37.03261],[127.80884,37.03279],[127.80896,37.03296],[127.81027,37.035],[127.8112,37.03708],[127.81116,37.03867],[127.81115,37.03895],[127.81112,37.03918],[127.81109,37.0393],[127.81106,37.03939],[127.81098,37.03949],[127.81093,37.03953],[127.81087,37.03957],[127.81073,37.03963],[127.81069,37.03967],[127.81023,37.04039],[127.81017,37.04053],[127.81014,37.0407],[127.8101,37.04087],[127.81008,37.04105],[127.81009,37.04118],[127.81012,37.04132],[127.81016,37.04139],[127.81387,37.04689],[127.81419,37.0472],[127.81785,37.04803],[127.81993,37.0484],[127.82024,37.04842],[127.82047,37.04846],[127.82061,37.0485],[127.82075,37.04858],[127.82081,37.04863],[127.82084,37.04868],[127.82085,37.04873],[127.81999,37.05332],[127.81995,37.05337],[127.81986,37.05339],[127.81942,37.05343],[127.81895,37.05353],[127.81865,37.05363],[127.81835,37.05379],[127.81512,37.05564],[127.815,37.05573],[127.81496,37.05577],[127.81487,37.0559],[127.81479,37.0561],[127.8143,37.05736],[127.8143,37.05745],[127.81431,37.05756],[127.81474,37.06042],[127.81496,37.06126],[127.81524,37.06209],[127.81552,37.06206],[127.81567,37.06186],[127.81576,37.06146],[127.81591,37.06097],[127.81605,37.06056],[127.817,37.05951],[127.81774,37.05889],[127.81818,37.05858],[127.81841,37.05852],[127.81873,37.05848],[127.81946,37.05849],[127.81995,37.05856],[127.82037,37.05866],[127.82076,37.05884],[127.82126,37.05924],[127.82384,37.06251],[127.82391,37.06302],[127.82392,37.06393],[127.82383,37.06517],[127.82334,37.06645],[127.82292,37.06726],[127.82259,37.06774],[127.82225,37.0682],[127.82275,37.06872],[127.82283,37.06878],[127.82425,37.0699],[127.82435,37.06998],[127.82454,37.07009],[127.82523,37.07044],[127.82581,37.07072],[127.82656,37.07105],[127.82688,37.07115],[127.82734,37.07124],[127.82757,37.07131],[127.82778,37.07141],[127.82792,37.07152],[127.83139,37.07553],[127.83387,37.07934],[127.8339,37.07944],[127.83396,37.07961],[127.83397,37.07969],[127.83396,37.07986],[127.83354,37.08135],[127.8329,37.0822],[127.83284,37.08267],[127.83286,37.08307],[127.83289,37.08378],[127.83303,37.08616],[127.83325,37.08607],[127.83383,37.08585],[127.83475,37.08551],[127.83512,37.0854],[127.83524,37.08537],[127.83545,37.08533],[127.83601,37.08529],[127.83665,37.08527],[127.8371,37.08526],[127.83737,37.08524],[127.83877,37.08515],[127.83909,37.08513],[127.83947,37.0851],[127.83966,37.08508],[127.84044,37.08495],[127.84082,37.08488],[127.84107,37.08483],[127.84133,37.08478],[127.84206,37.08459],[127.84261,37.08443],[127.84299,37.08432],[127.84326,37.08422],[127.84382,37.084],[127.84487,37.08358],[127.84594,37.08315],[127.84768,37.08246],[127.8514,37.08112],[127.85271,37.08065],[127.85348,37.0804],[127.85393,37.08026],[127.85428,37.08017],[127.85474,37.08007],[127.85521,37.08001],[127.8553,37.08],[127.85548,37.07998],[127.85579,37.07997],[127.85615,37.07996],[127.85652,37.07997],[127.85694,37.08001],[127.8577,37.08011],[127.86079,37.08062],[127.86147,37.08076],[127.86191,37.08087],[127.86216,37.08095],[127.8624,37.08105],[127.86271,37.08119],[127.86372,37.08175],[127.86565,37.08278],[127.86633,37.08313],[127.86763,37.08378],[127.86788,37.0839],[127.86804,37.08395],[127.86836,37.08405],[127.86851,37.08408],[127.8707,37.08415],[127.87119,37.08417],[127.87196,37.08419],[127.87239,37.08418],[127.87272,37.08418],[127.87282,37.08418],[127.87311,37.08411],[127.87336,37.08399],[127.87358,37.08384],[127.87383,37.08366],[127.87405,37.08348],[127.87435,37.0832],[127.87518,37.0823],[127.8755,37.08195],[127.87586,37.08148],[127.87601,37.08118],[127.87609,37.08097],[127.87616,37.08068],[127.8762,37.0804],[127.87624,37.08008],[127.87631,37.07982],[127.87639,37.07962],[127.87656,37.07925],[127.87669,37.07902],[127.8769,37.07871],[127.87718,37.07839],[127.87748,37.07811],[127.87775,37.07788],[127.87826,37.07758]]]]}},{"type":"Feature","properties":{"adm_cd":"33020510","adm_nm":"충청북도 충주시 성내·충인동"},"geometry":{"type":"MultiPolygon","coordinates":[[[[127.93479,36.97336],[127.93513,36.97321],[127.9385,36.97108],[127.93844,36.97084],[127.93829,36.97021],[127.93812,36.96947],[127.93814,36.96919],[127.93832,36.96832],[127.93841,36.96787],[127.93856,36.9671],[127.93794,36.96707],[127.93747,36.96711],[127.93418,36.96741],[127.93368,36.9676],[127.93309,36.96871],[127.93258,36.96868],[127.93016,36.97059],[127.92992,36.97112],[127.92915,36.97312],[127.92738,36.97576],[127.92768,36.97593],[127.92798,36.97593],[127.92934,36.97589],[127.92966,36.97585],[127.93074,36.97571],[127.93082,36.9757],[127.93195,36.97522],[127.93274,36.97468],[127.9334,36.97424],[127.93345,36.97421],[127.93479,36.97336]]]]}},{"type":"Feature","properties":{"adm_cd":"33020530","adm_nm":"충청북도 충주시 교현·안림동"},"geometry":{"type":"MultiPolygon","coordinates":[[[[128.02817,36.96529],[128.02715,36.96503],[128.02386,36.96385],[128.01972,36.9619],[128.01436,36.95894],[128.01252,36.95788],[128.01213,36.95759],[128.01185,36.95714],[128.00987,36.9548],[128.00539,36.9507],[128.00527,36.95063],[128.00517,36.95056],[128.00501,36.95048],[128.00453,36.95031],[128.00409,36.9502],[128.00388,36.95016],[128.00351,36.9502],[128.00302,36.95037],[128.0028,36.95052],[128.00226,36.95094],[128.00165,36.95146],[128.00119,36.95187],[128.0006,36.95246],[128.00011,36.95285],[127.99954,36.95331],[127.99905,36.95366],[127.99644,36.9554],[127.9949,36.95548],[127.99466,36.95548],[127.99452,36.95547],[127.9944,36.95547],[127.99428,36.95545],[127.9941,36.95543],[127.99385,36.95538],[127.99376,36.95535],[127.99351,36.95525],[127.99218,36.95463],[127.99165,36.95431],[127.99155,36.95425],[127.99133,36.95408],[127.99126,36.95402],[127.99074,36.95358],[127.98813,36.95218],[127.98797,36.9521],[127.98788,36.95209],[127.98774,36.9521],[127.98759,36.95212],[127.98745,36.9522],[127.98725,36.95235],[127.98635,36.95273],[127.98166,36.95368],[127.98123,36.95376],[127.98115,36.95377],[127.98109,36.95378],[127.98104,36.95378],[127.98097,36.95378],[127.98061,36.95377],[127.9778,36.95347],[127.97755,36.95416],[127.97701,36.95508],[127.97472,36.95655],[127.97454,36.95661],[127.97392,36.95668],[127.96107,36.95692],[127.96083,36.95691],[127.96053,36.95683],[127.9596,36.95636],[127.95925,36.95609],[127.95911,36.95553],[127.95913,36.95524],[127.95807,36.95553],[127.95796,36.95557],[127.95758,36.95574],[127.95748,36.95579],[127.95718,36.95602],[127.95691,36.95622],[127.95663,36.95648],[127.95648,36.95661],[127.95505,36.95822],[127.95477,36.95855],[127.9547,36.95864],[127.95416,36.95932],[127.9541,36.95941],[127.95405,36.95952],[127.95401,36.95968],[127.95402,36.9598],[127.95399,36.95994],[127.9538,36.96021],[127.95351,36.96055],[127.9534,36.96065],[127.95272,36.96116],[127.95141,36.96212],[127.95131,36.96218],[127.94781,36.96412],[127.94693,36.96433],[127.94695,36.96371],[127.94331,36.96359],[127.94318,36.96358],[127.94309,36.96398],[127.94292,36.96476],[127.93976,36.96717],[127.93832,36.96832],[127.93814,36.96919],[127.93812,36.96947],[127.93829,36.97021],[127.93844,36.97084],[127.9385,36.97108],[127.93513,36.97321],[127.93479,36.97336],[127.93541,36.97756],[127.93541,36.97759],[127.93542,36.97776],[127.93539,36.97817],[127.93537,36.97846],[127.93472,36.9808],[127.93751,36.9812],[127.93867,36.9812],[127.93887,36.98099],[127.94183,36.98055],[127.94592,36.98051],[127.94979,36.98309],[127.95131,36.98472],[127.95201,36.98547],[127.95516,36.98672],[127.96043,36.98819],[127.96541,36.98853],[127.96548,36.98856],[127.96571,36.98873],[127.96788,36.99053],[127.9694,36.99165],[127.97068,36.99087],[127.97205,36.99031],[127.97223,36.99027],[127.97345,36.9901],[127.97431,36.99],[127.97516,36.99012],[127.97556,36.99022],[127.97601,36.99052],[127.97627,36.99068],[127.97663,36.99096],[127.97708,36.99145],[127.97736,36.99185],[127.97757,36.99216],[127.97774,36.99246],[127.97792,36.99293],[127.97794,36.99317],[127.97784,36.9935],[127.97775,36.9938],[127.97715,36.99463],[127.97686,36.99494],[127.97648,36.99531],[127.97596,36.99556],[127.97411,36.99765],[127.97101,37.00189],[127.97113,37.00308],[127.97223,37.00718],[127.97241,37.00744],[127.97272,37.00777],[127.97298,37.00792],[127.97326,37.00805],[127.97384,37.00813],[127.97407,37.00833],[127.97421,37.00845],[127.97435,37.00863],[127.97435,37.00879],[127.97404,37.0091],[127.97382,37.00925],[127.97193,37.01027],[127.97088,37.01078],[127.97058,37.01112],[127.96824,37.01464],[127.96821,37.01485],[127.96839,37.01511],[127.97049,37.01729],[127.97242,37.016],[127.9733,37.01548],[127.97629,37.0137],[127.97688,37.01334],[127.9775,37.01302],[127.97777,37.01289],[127.97815,37.01273],[127.97865,37.01255],[127.979,37.01244],[127.97955,37.01233],[127.97992,37.01228],[127.98063,37.0122],[127.98177,37.01208],[127.9821,37.01204],[127.9824,37.01199],[127.98259,37.01195],[127.98276,37.0119],[127.98425,37.01146],[127.98467,37.01133],[127.98602,37.01085],[127.98699,37.0105],[127.98715,37.01042],[127.9877,37.01004],[127.98949,37.00865],[127.99007,37.00819],[127.99198,37.00643],[127.99736,37.00102],[127.99858,36.99898],[127.99905,36.99817],[127.99938,36.99759],[127.99943,36.99748],[128.00002,36.9962],[128.00038,36.99436],[128.00067,36.99219],[128.00104,36.99061],[128.00251,36.9877],[128.00317,36.9858],[128.00328,36.98461],[128.00345,36.98343],[128.00376,36.98257],[128.00382,36.98241],[128.00473,36.98134],[128.00652,36.97965],[128.00773,36.97827],[128.00819,36.97732],[128.00851,36.97577],[128.00895,36.97488],[128.00989,36.97403],[128.01097,36.97326],[128.01307,36.97212],[128.01477,36.97143],[128.01717,36.97078],[128.02097,36.96992],[128.02394,36.96887],[128.02632,36.96758],[128.02675,36.96721],[128.02817,36.96529]]]]}},{"type":"Feature","properties":{"adm_cd":"33020540","adm_nm":"충청북도 충주시 교현2동"},"geometry":{"type":"MultiPolygon","coordinates":[[[[127.93472,36.9808],[127.93537,36.97846],[127.93539,36.97817],[127.93542,36.97776],[127.93541,36.97759],[127.93541,36.97756],[127.93479,36.97336],[127.93345,36.97421],[127.9334,36.97424],[127.93274,36.97468],[127.93195,36.97522],[127.93082,36.9757],[127.93074,36.97571],[127.92966,36.97585],[127.92934,36.97589],[127.92798,36.97593],[127.92768,36.97593],[127.92738,36.97576],[127.92646,36.9768],[127.925,36.97751],[127.92441,36.97774],[127.92423,36.97781],[127.92367,36.97795],[127.92326,36.97802],[127.92285,36.97808],[127.92244,36.97809],[127.92188,36.97807],[127.9218,36.97876],[127.92217,36.97932],[127.92256,36.9798],[127.92301,36.97957],[127.92305,36.97959],[127.92387,36.98304],[127.92399,36.98353],[127.92403,36.98371],[127.92407,36.98409],[127.92411,36.98459],[127.92411,36.98467],[127.92659,36.98463],[127.92709,36.98462],[127.92776,36.98445],[127.9283,36.98432],[127.9283,36.98373],[127.92829,36.98243],[127.93443,36.98231],[127.93465,36.98117],[127.93467,36.98107],[127.93472,36.9808]]]]}},{"type":"Feature","properties":{"adm_cd":"33020550","adm_nm":"충청북도 충주시 용산동"},"geometry":{"type":"MultiPolygon","coordinates":[[[[127.93832,36.96832],[127.93976,36.96717],[127.94292,36.96476],[127.94309,36.96398],[127.94318,36.96358],[127.94331,36.96359],[127.94695,36.96371],[127.94693,36.96433],[127.94781,36.96412],[127.95131,36.96218],[127.95141,36.96212],[127.95272,36.96116],[127.9534,36.96065],[127.95351,36.96055],[127.9538,36.96021],[127.95399,36.95994],[127.95402,36.9598],[127.95401,36.95968],[127.95405,36.95952],[127.9541,36.95941],[127.95416,36.95932],[127.9547,36.95864],[127.95477,36.95855],[127.95505,36.95822],[127.95648,36.95661],[127.95663,36.95648],[127.95691,36.95622],[127.95718,36.95602],[127.95748,36.95579],[127.95758,36.95574],[127.95796,36.95557],[127.95807,36.95553],[127.95913,36.95524],[127.95873,36.95475],[127.95862,36.95472],[127.95564,36.95438],[127.95435,36.9544],[127.95263,36.9546],[127.95229,36.95471],[127.95053,36.95533],[127.95022,36.95544],[127.94838,36.95658],[127.94776,36.95705],[127.94756,36.9574],[127.94736,36.9576],[127.94707,36.95773],[127.94701,36.95776],[127.94244,36.9587],[127.94038,36.95873],[127.93833,36.95866],[127.93842,36.95832],[127.93848,36.95806],[127.93814,36.958],[127.9364,36.95774],[127.93627,36.95786],[127.9355,36.95958],[127.9346,36.96381],[127.93304,36.9682],[127.93258,36.96868],[127.93309,36.96871],[127.93368,36.9676],[127.93418,36.96741],[127.93747,36.96711],[127.93794,36.96707],[127.93856,36.9671],[127.93841,36.96787],[127.93832,36.96832]]]]}},{"type":"Feature","properties":{"adm_cd":"33020560","adm_nm":"충청북도 충주시 지현동"},"geometry":{"type":"MultiPolygon","coordinates":[[[[127.92992,36.97112],[127.93016,36.97059],[127.93258,36.96868],[127.93304,36.9682],[127.9346,36.96381],[127.9355,36.95958],[127.93549,36.95941],[127.93545,36.95915],[127.93521,36.95859],[127.93414,36.95665],[127.93352,36.95581],[127.9328,36.95513],[127.93231,36.95476],[127.93222,36.95482],[127.93214,36.9549],[127.93206,36.95497],[127.93185,36.95537],[127.93097,36.95722],[127.93085,36.95767],[127.93082,36.95815],[127.93081,36.9582],[127.9307,36.96056],[127.93085,36.96121],[127.92989,36.96243],[127.92878,36.96351],[127.92855,36.96381],[127.92873,36.96425],[127.92882,36.96445],[127.92953,36.96564],[127.93057,36.9662],[127.93065,36.9662],[127.93076,36.96623],[127.93072,36.96674],[127.93065,36.96716],[127.93063,36.96727],[127.93058,36.9674],[127.92981,36.96832],[127.92862,36.96948],[127.92748,36.96949],[127.92747,36.96967],[127.92745,36.96994],[127.92742,36.97052],[127.92743,36.97056],[127.92854,36.97102],[127.92926,36.97124],[127.92931,36.97125],[127.92937,36.97125],[127.92973,36.97122],[127.92992,36.97112]]]]}},{"type":"Feature","properties":{"adm_cd":"33020570","adm_nm":"충청북도 충주시 문화동"},"geometry":{"type":"MultiPolygon","coordinates":[[[[127.92915,36.97312],[127.92992,36.97112],[127.92973,36.97122],[127.92937,36.97125],[127.92931,36.97125],[127.92926,36.97124],[127.92854,36.97102],[127.92743,36.97056],[127.92742,36.97052],[127.92745,36.96994],[127.92747,36.96967],[127.92748,36.96949],[127.92862,36.96948],[127.92981,36.96832],[127.93058,36.9674],[127.93063,36.96727],[127.93065,36.96716],[127.93072,36.96674],[127.93076,36.96623],[127.93065,36.9662],[127.93057,36.9662],[127.92953,36.96564],[127.92882,36.96445],[127.92407,36.96643],[127.92391,36.96649],[127.92385,36.96651],[127.92352,36.96663],[127.92291,36.96656],[127.92171,36.96555],[127.92137,36.96519],[127.92106,36.96486],[127.92061,36.96445],[127.92047,36.96438],[127.92008,36.9642],[127.91897,36.9641],[127.91806,36.96462],[127.91492,36.96741],[127.91472,36.96764],[127.91383,36.96905],[127.91379,36.96917],[127.91608,36.97016],[127.91987,36.97252],[127.92337,36.97449],[127.92485,36.97511],[127.925,36.97503],[127.92516,36.97482],[127.92516,36.97479],[127.92915,36.97312]]]]}},{"type":"Feature","properties":{"adm_cd":"33020580","adm_nm":"충청북도 충주시 호암·직동"},"geometry":{"type":"MultiPolygon","coordinates":[[[[127.92882,36.96445],[127.92873,36.96425],[127.92855,36.96381],[127.92878,36.96351],[127.92989,36.96243],[127.93085,36.96121],[127.9307,36.96056],[127.93081,36.9582],[127.93082,36.95815],[127.93085,36.95767],[127.93097,36.95722],[127.93185,36.95537],[127.93206,36.95497],[127.93214,36.9549],[127.93222,36.95482],[127.93231,36.95476],[127.9328,36.95513],[127.93352,36.95581],[127.93414,36.95665],[127.93521,36.95859],[127.93545,36.95915],[127.93549,36.95941],[127.9355,36.95958],[127.93627,36.95786],[127.9364,36.95774],[127.93814,36.958],[127.93848,36.95806],[127.93842,36.95832],[127.93833,36.95866],[127.94038,36.95873],[127.94244,36.9587],[127.94701,36.95776],[127.94707,36.95773],[127.94736,36.9576],[127.94756,36.9574],[127.94776,36.95705],[127.94838,36.95658],[127.95022,36.95544],[127.95053,36.95533],[127.95229,36.95471],[127.95263,36.9546],[127.95435,36.9544],[127.95564,36.95438],[127.95862,36.95472],[127.95873,36.95475],[127.95913,36.95524],[127.95911,36.95553],[127.95925,36.95609],[127.9596,36.95636],[127.96053,36.95683],[127.96083,36.95691],[127.96107,36.95692],[127.97392,36.95668],[127.97454,36.95661],[127.97472,36.95655],[127.97701,36.95508],[127.97755,36.95416],[127.9778,36.95347],[127.97749,36.95268],[127.97748,36.95262],[127.97777,36.9504],[127.97781,36.95027],[127.97837,36.94869],[127.97872,36.94802],[127.97875,36.94797],[127.98013,36.94687],[127.98173,36.94608],[127.98183,36.94604],[127.98197,36.94596],[127.9821,36.94587],[127.98308,36.94519],[127.98369,36.9445],[127.9859,36.94197],[127.98574,36.94148],[127.98463,36.9407],[127.98453,36.94065],[127.98444,36.9406],[127.98435,36.94057],[127.98426,36.94055],[127.98418,36.94054],[127.98408,36.94054],[127.984,36.94054],[127.98395,36.94053],[127.98388,36.9405],[127.98379,36.94045],[127.98368,36.94039],[127.98304,36.94],[127.98297,36.93995],[127.98292,36.9399],[127.9822,36.93922],[127.98071,36.93754],[127.98069,36.93748],[127.98068,36.93738],[127.98065,36.93656],[127.98063,36.93597],[127.98063,36.93574],[127.98064,36.93568],[127.98075,36.93509],[127.98079,36.935],[127.98086,36.93491],[127.98121,36.93454],[127.98131,36.93444],[127.98146,36.93434],[127.98155,36.93428],[127.9816,36.93421],[127.98196,36.93376],[127.98237,36.93313],[127.9824,36.93307],[127.98243,36.933],[127.98261,36.93249],[127.98298,36.93123],[127.98302,36.93109],[127.98305,36.93079],[127.98303,36.93065],[127.98302,36.93055],[127.98299,36.93047],[127.98296,36.93042],[127.9829,36.93037],[127.98281,36.93034],[127.98254,36.93024],[127.98248,36.93022],[127.97986,36.92943],[127.9782,36.92895],[127.97576,36.92849],[127.97385,36.9282],[127.96906,36.93077],[127.969,36.93082],[127.9678,36.93315],[127.96734,36.93437],[127.96727,36.93457],[127.96724,36.93465],[127.96716,36.93471],[127.96598,36.93541],[127.96591,36.93544],[127.96582,36.93545],[127.96496,36.93546],[127.96476,36.93546],[127.96466,36.93544],[127.9645,36.93539],[127.96434,36.93534],[127.96419,36.93528],[127.9639,36.93522],[127.96355,36.93516],[127.96216,36.93491],[127.96203,36.93489],[127.96179,36.93488],[127.95758,36.93486],[127.9558,36.93493],[127.95245,36.9339],[127.95233,36.93376],[127.95219,36.93366],[127.95208,36.9336],[127.9519,36.93353],[127.95163,36.93343],[127.9514,36.93337],[127.95127,36.93336],[127.94858,36.93333],[127.9484,36.93335],[127.94825,36.93338],[127.94704,36.93367],[127.94596,36.93409],[127.94588,36.93413],[127.94585,36.93418],[127.94579,36.93439],[127.94566,36.93536],[127.94546,36.93634],[127.94538,36.93665],[127.94532,36.9368],[127.94518,36.93701],[127.94505,36.93716],[127.945,36.93719],[127.94495,36.93721],[127.94252,36.93791],[127.94237,36.93795],[127.94203,36.93798],[127.94189,36.93799],[127.94168,36.93797],[127.93729,36.93764],[127.93715,36.93762],[127.93706,36.93759],[127.93616,36.93716],[127.93402,36.93917],[127.93337,36.93957],[127.93286,36.93982],[127.9324,36.9399],[127.93201,36.93989],[127.9314,36.93973],[127.9301,36.93951],[127.92796,36.93982],[127.92773,36.93991],[127.92371,36.94255],[127.92305,36.94307],[127.92189,36.94402],[127.92149,36.94435],[127.92101,36.94491],[127.91616,36.95088],[127.91422,36.95364],[127.91209,36.95669],[127.91314,36.95808],[127.91381,36.95894],[127.91468,36.96005],[127.91547,36.96096],[127.91732,36.96292],[127.91897,36.9641],[127.92008,36.9642],[127.92047,36.96438],[127.92061,36.96445],[127.92106,36.96486],[127.92137,36.96519],[127.92171,36.96555],[127.92291,36.96656],[127.92352,36.96663],[127.92385,36.96651],[127.92391,36.96649],[127.92407,36.96643],[127.92882,36.96445]]]]}},{"type":"Feature","properties":{"adm_cd":"33020600","adm_nm":"충청북도 충주시 달천동"},"geometry":{"type":"MultiPolygon","coordinates":[[[[127.91379,36.96917],[127.91383,36.96905],[127.91472,36.96764],[127.91492,36.96741],[127.91806,36.96462],[127.91897,36.9641],[127.91732,36.96292],[127.91547,36.96096],[127.91468,36.96005],[127.91381,36.95894],[127.91314,36.95808],[127.91209,36.95669],[127.91422,36.95364],[127.91616,36.95088],[127.92101,36.94491],[127.92149,36.94435],[127.92189,36.94402],[127.92305,36.94307],[127.92371,36.94255],[127.92773,36.93991],[127.92796,36.93982],[127.9301,36.93951],[127.9314,36.93973],[127.93201,36.93989],[127.9324,36.9399],[127.93286,36.93982],[127.93337,36.93957],[127.93402,36.93917],[127.93616,36.93716],[127.93493,36.93628],[127.93135,36.93396],[127.93097,36.93374],[127.93074,36.93359],[127.93035,36.93335],[127.93033,36.93333],[127.93031,36.93329],[127.9304,36.93306],[127.93049,36.93284],[127.93066,36.93241],[127.93081,36.932],[127.93089,36.93156],[127.93091,36.93133],[127.93091,36.9312],[127.93087,36.93092],[127.93083,36.93076],[127.93074,36.93049],[127.93065,36.93031],[127.93047,36.93005],[127.93029,36.92983],[127.93007,36.92958],[127.9299,36.92941],[127.92954,36.92907],[127.92928,36.92883],[127.9292,36.92876],[127.92881,36.92843],[127.92838,36.9281],[127.92803,36.92788],[127.92739,36.92747],[127.92654,36.92693],[127.92328,36.92481],[127.92282,36.92451],[127.92265,36.92439],[127.9223,36.92414],[127.92206,36.92395],[127.92163,36.92362],[127.92096,36.92307],[127.92066,36.92281],[127.92031,36.92251],[127.92018,36.9224],[127.92006,36.92228],[127.91995,36.92217],[127.91987,36.92206],[127.91952,36.92162],[127.91934,36.92138],[127.91918,36.92115],[127.91884,36.92063],[127.91877,36.92051],[127.91862,36.92024],[127.91841,36.91986],[127.91835,36.91973],[127.91827,36.91953],[127.91811,36.91912],[127.91806,36.91895],[127.918,36.91874],[127.91786,36.91822],[127.91782,36.918],[127.91776,36.91765],[127.91772,36.91749],[127.91768,36.91735],[127.91762,36.91721],[127.91756,36.91711],[127.91747,36.917],[127.91734,36.91685],[127.91711,36.91658],[127.91699,36.91646],[127.91688,36.91635],[127.91654,36.91603],[127.9164,36.91591],[127.91622,36.91576],[127.91605,36.91563],[127.91589,36.91551],[127.91581,36.91545],[127.91573,36.91539],[127.91554,36.91529],[127.9154,36.91521],[127.9153,36.91516],[127.91509,36.91509],[127.91487,36.91503],[127.9145,36.91491],[127.91426,36.9148],[127.91413,36.91473],[127.91396,36.91463],[127.91348,36.91434],[127.91329,36.91422],[127.91309,36.91409],[127.91277,36.91388],[127.91172,36.91316],[127.91159,36.91307],[127.91149,36.91298],[127.91137,36.91286],[127.91129,36.91277],[127.91122,36.91268],[127.91112,36.91252],[127.91102,36.91232],[127.91098,36.91221],[127.91093,36.91207],[127.91084,36.91177],[127.91081,36.91162],[127.91079,36.91149],[127.91078,36.91136],[127.91078,36.91112],[127.91059,36.91119],[127.91053,36.91124],[127.90964,36.91208],[127.90958,36.91216],[127.90952,36.91225],[127.90948,36.91233],[127.90905,36.91347],[127.9072,36.91519],[127.90495,36.91719],[127.90483,36.91729],[127.90471,36.91738],[127.90459,36.91746],[127.9045,36.9175],[127.90438,36.91753],[127.90424,36.91755],[127.90286,36.91763],[127.90259,36.91764],[127.9024,36.91763],[127.90225,36.91763],[127.90214,36.9176],[127.90185,36.91755],[127.90153,36.9175],[127.90133,36.91749],[127.90116,36.91749],[127.90099,36.91751],[127.89952,36.91781],[127.89828,36.91809],[127.89674,36.91922],[127.89665,36.91928],[127.89648,36.91943],[127.89634,36.91956],[127.89627,36.91964],[127.89593,36.92018],[127.8959,36.92023],[127.89588,36.92035],[127.89586,36.92046],[127.89342,36.92217],[127.8869,36.92363],[127.8847,36.92488],[127.88459,36.92492],[127.88391,36.92513],[127.88371,36.92519],[127.88362,36.92522],[127.88012,36.92617],[127.88006,36.92618],[127.88,36.92619],[127.8799,36.92619],[127.87865,36.92612],[127.87859,36.92612],[127.87848,36.9261],[127.8784,36.92608],[127.878,36.92596],[127.87787,36.92592],[127.87772,36.92588],[127.87766,36.92587],[127.87763,36.92587],[127.87755,36.92587],[127.8775,36.92588],[127.87744,36.92592],[127.87731,36.92602],[127.87721,36.92609],[127.87714,36.92615],[127.87531,36.92767],[127.87277,36.93079],[127.87271,36.93091],[127.8727,36.93095],[127.87237,36.93187],[127.87202,36.93395],[127.87245,36.93525],[127.87389,36.93749],[127.87461,36.93836],[127.87655,36.94026],[127.87665,36.94034],[127.87727,36.9408],[127.87737,36.94084],[127.87752,36.94087],[127.87774,36.94091],[127.87795,36.94095],[127.87809,36.94096],[127.87815,36.94099],[127.87866,36.94124],[127.87891,36.94137],[127.87914,36.94154],[127.8793,36.94169],[127.87939,36.94185],[127.87942,36.94194],[127.87941,36.94202],[127.8794,36.9421],[127.87938,36.94214],[127.87932,36.94228],[127.87926,36.94241],[127.87863,36.94335],[127.87849,36.94348],[127.87836,36.94357],[127.87827,36.9436],[127.87797,36.94372],[127.87766,36.94381],[127.87739,36.9439],[127.87695,36.94402],[127.87667,36.94409],[127.87596,36.94421],[127.87523,36.94432],[127.87515,36.94435],[127.87515,36.9444],[127.87494,36.94714],[127.87501,36.94748],[127.8752,36.94789],[127.87533,36.94814],[127.87567,36.94868],[127.87584,36.94892],[127.87755,36.95315],[127.87705,36.95344],[127.87663,36.95372],[127.87632,36.95393],[127.87497,36.95492],[127.87495,36.95495],[127.87494,36.95498],[127.87494,36.95501],[127.87509,36.95537],[127.87516,36.95551],[127.87524,36.95561],[127.8792,36.96014],[127.87927,36.96019],[127.87954,36.96023],[127.87987,36.96022],[127.88015,36.96017],[127.88041,36.96017],[127.88074,36.96025],[127.88082,36.9603],[127.88085,36.96035],[127.88081,36.96046],[127.88052,36.96078],[127.87954,36.96144],[127.87942,36.96152],[127.87766,36.96224],[127.87611,36.96285],[127.87517,36.96314],[127.87741,36.96565],[127.87747,36.96569],[127.87792,36.96612],[127.87797,36.96616],[127.87825,36.96644],[127.87855,36.96677],[127.8786,36.96682],[127.87879,36.96708],[127.87884,36.96715],[127.87886,36.96718],[127.87903,36.96747],[127.87908,36.96757],[127.87912,36.96771],[127.87915,36.96781],[127.87917,36.96799],[127.87918,36.96808],[127.87918,36.96815],[127.87917,36.96842],[127.87917,36.96848],[127.87914,36.96866],[127.87913,36.96872],[127.8791,36.96882],[127.87902,36.96908],[127.87851,36.9705],[127.87845,36.97065],[127.87843,36.97071],[127.87838,36.9708],[127.87836,36.97085],[127.87813,36.97119],[127.87807,36.97131],[127.87806,36.97134],[127.87806,36.97137],[127.87806,36.97145],[127.87808,36.97153],[127.87814,36.97167],[127.87919,36.97388],[127.8793,36.9741],[127.87936,36.97417],[127.87941,36.97422],[127.87951,36.9743],[127.87957,36.97433],[127.87967,36.97437],[127.8799,36.97443],[127.88018,36.97447],[127.88039,36.9745],[127.88081,36.97453],[127.88087,36.97453],[127.88104,36.97448],[127.88333,36.97439],[127.88552,36.97444],[127.88618,36.97457],[127.88689,36.97451],[127.88761,36.97379],[127.88899,36.97336],[127.88997,36.97344],[127.89016,36.97355],[127.89046,36.97372],[127.89121,36.97463],[127.89144,36.97349],[127.89211,36.97234],[127.8928,36.96946],[127.89274,36.96846],[127.89285,36.9673],[127.89376,36.96743],[127.89471,36.96757],[127.89528,36.96766],[127.8967,36.96788],[127.89947,36.97036],[127.8995,36.97049],[127.89957,36.97092],[127.8996,36.97122],[127.8996,36.97124],[127.89975,36.9716],[127.8998,36.97165],[127.90072,36.97212],[127.91276,36.97092],[127.91379,36.96917]]]]}},{"type":"Feature","properties":{"adm_cd":"33020610","adm_nm":"충청북도 충주시 봉방동"},"geometry":{"type":"MultiPolygon","coordinates":[[[[127.92256,36.9798],[127.92217,36.97932],[127.9218,36.97876],[127.92188,36.97807],[127.92244,36.97809],[127.92285,36.97808],[127.92326,36.97802],[127.92367,36.97795],[127.92423,36.97781],[127.92441,36.97774],[127.925,36.97751],[127.92646,36.9768],[127.92738,36.97576],[127.92915,36.97312],[127.92516,36.97479],[127.92516,36.97482],[127.925,36.97503],[127.92485,36.97511],[127.92337,36.97449],[127.91987,36.97252],[127.91608,36.97016],[127.91379,36.96917],[127.91276,36.97092],[127.90072,36.97212],[127.8998,36.97165],[127.89975,36.9716],[127.8996,36.97124],[127.8996,36.97122],[127.89957,36.97092],[127.8995,36.97049],[127.89947,36.97036],[127.8967,36.96788],[127.89528,36.96766],[127.89471,36.96757],[127.89376,36.96743],[127.89285,36.9673],[127.89274,36.96846],[127.8928,36.96946],[127.89211,36.97234],[127.89144,36.97349],[127.89121,36.97463],[127.89093,36.97555],[127.89082,36.9762],[127.8907,36.97699],[127.89071,36.97742],[127.89082,36.97816],[127.89105,36.97899],[127.89129,36.9797],[127.89152,36.9803],[127.89242,36.98186],[127.89314,36.98284],[127.89819,36.98193],[127.90131,36.98103],[127.90577,36.97985],[127.91089,36.97859],[127.91292,36.98109],[127.91518,36.98088],[127.91992,36.97962],[127.92256,36.9798]]]]}},{"type":"Feature","properties":{"adm_cd":"33020620","adm_nm":"충청북도 충주시 칠금·금릉동"},"geometry":{"type":"MultiPolygon","coordinates":[[[[127.93673,36.99922],[127.93609,36.99881],[127.93454,36.99709],[127.9339,36.99637],[127.93137,36.99411],[127.93008,36.993],[127.92847,36.99247],[127.92857,36.99148],[127.92827,36.98724],[127.92712,36.98726],[127.9263,36.98727],[127.92595,36.98727],[127.9252,36.98728],[127.92417,36.98675],[127.92411,36.98467],[127.92411,36.98459],[127.92407,36.98409],[127.92403,36.98371],[127.92399,36.98353],[127.92387,36.98304],[127.92305,36.97959],[127.92301,36.97957],[127.92256,36.9798],[127.91992,36.97962],[127.91518,36.98088],[127.91292,36.98109],[127.91089,36.97859],[127.90577,36.97985],[127.90131,36.98103],[127.89819,36.98193],[127.89314,36.98284],[127.89073,36.98481],[127.89052,36.98569],[127.88962,36.98846],[127.88943,36.98905],[127.88897,36.99033],[127.88926,36.99027],[127.88968,36.99021],[127.89029,36.99013],[127.89307,36.98983],[127.89538,36.98958],[127.8961,36.98952],[127.89635,36.98951],[127.89782,36.98959],[127.90112,36.99062],[127.90119,36.99064],[127.90133,36.99074],[127.90157,36.9909],[127.90193,36.99121],[127.90484,36.99378],[127.90577,36.99473],[127.90846,36.9975],[127.90851,36.99756],[127.90899,36.99808],[127.91043,36.99978],[127.91072,37.00012],[127.91092,37.0004],[127.91115,37.00075],[127.9113,37.00099],[127.91149,37.00137],[127.91161,37.00164],[127.91171,37.00193],[127.91187,37.00246],[127.91364,37.00172],[127.91429,37.00216],[127.91531,37.00284],[127.91619,37.00281],[127.91628,37.00195],[127.92261,36.99955],[127.92477,36.99942],[127.92555,36.99938],[127.92694,36.99932],[127.92821,36.99978],[127.92836,36.99983],[127.92892,37.00095],[127.93013,37.00046],[127.93288,36.99935],[127.93596,36.99902],[127.93673,36.99922]]]]}},{"type":"Feature","properties":{"adm_cd":"33020630","adm_nm":"충청북도 충주시 연수동"},"geometry":{"type":"MultiPolygon","coordinates":[[[[127.9694,36.99165],[127.96788,36.99053],[127.96571,36.98873],[127.96548,36.98856],[127.96541,36.98853],[127.96043,36.98819],[127.95516,36.98672],[127.95201,36.98547],[127.95131,36.98472],[127.94979,36.98309],[127.94592,36.98051],[127.94183,36.98055],[127.93887,36.98099],[127.93867,36.9812],[127.93751,36.9812],[127.93472,36.9808],[127.93467,36.98107],[127.93465,36.98117],[127.93443,36.98231],[127.92829,36.98243],[127.9283,36.98373],[127.9283,36.98432],[127.92776,36.98445],[127.92709,36.98462],[127.92659,36.98463],[127.92411,36.98467],[127.92417,36.98675],[127.9252,36.98728],[127.92595,36.98727],[127.9263,36.98727],[127.92712,36.98726],[127.92827,36.98724],[127.92857,36.99148],[127.92847,36.99247],[127.93008,36.993],[127.93137,36.99411],[127.9339,36.99637],[127.93454,36.99709],[127.93609,36.99881],[127.93673,36.99922],[127.93732,37.00016],[127.93925,36.9994],[127.93957,36.99927],[127.94371,36.99951],[127.94383,36.99955],[127.94619,37.00032],[127.95057,37.0],[127.95333,36.99915],[127.95417,36.99849],[127.95514,36.9974],[127.95613,36.99708],[127.95923,36.99714],[127.95955,36.99715],[127.96368,36.99506],[127.96742,36.9922],[127.9694,36.99165]]]]}},{"type":"Feature","properties":{"adm_cd":"33020640","adm_nm":"충청북도 충주시 목행·용탄동"},"geometry":{"type":"MultiPolygon","coordinates":[[[[127.97049,37.01729],[127.96839,37.01511],[127.96821,37.01485],[127.96824,37.01464],[127.97058,37.01112],[127.97088,37.01078],[127.97193,37.01027],[127.97382,37.00925],[127.97404,37.0091],[127.97435,37.00879],[127.97435,37.00863],[127.97421,37.00845],[127.97407,37.00833],[127.97384,37.00813],[127.97326,37.00805],[127.97298,37.00792],[127.97272,37.00777],[127.97241,37.00744],[127.97223,37.00718],[127.97113,37.00308],[127.97101,37.00189],[127.97411,36.99765],[127.97596,36.99556],[127.97648,36.99531],[127.97686,36.99494],[127.97715,36.99463],[127.97775,36.9938],[127.97784,36.9935],[127.97794,36.99317],[127.97792,36.99293],[127.97774,36.99246],[127.97757,36.99216],[127.97736,36.99185],[127.97708,36.99145],[127.97663,36.99096],[127.97627,36.99068],[127.97601,36.99052],[127.97556,36.99022],[127.97516,36.99012],[127.97431,36.99],[127.97345,36.9901],[127.97223,36.99027],[127.97205,36.99031],[127.97068,36.99087],[127.9694,36.99165],[127.96742,36.9922],[127.96368,36.99506],[127.95955,36.99715],[127.95923,36.99714],[127.95613,36.99708],[127.95514,36.9974],[127.95417,36.99849],[127.95333,36.99915],[127.95057,37.0],[127.94619,37.00032],[127.94383,36.99955],[127.94371,36.99951],[127.93957,36.99927],[127.93925,36.9994],[127.93732,37.00016],[127.93673,36.99922],[127.93596,36.99902],[127.93288,36.99935],[127.93013,37.00046],[127.92892,37.00095],[127.92836,36.99983],[127.92821,36.99978],[127.92694,36.99932],[127.92555,36.99938],[127.92477,36.99942],[127.92261,36.99955],[127.91628,37.00195],[127.91619,37.00281],[127.91531,37.00284],[127.91429,37.00216],[127.91364,37.00172],[127.91187,37.00246],[127.91209,37.00377],[127.91217,37.00425],[127.91226,37.00531],[127.91228,37.00595],[127.91227,37.00638],[127.91196,37.00997],[127.91192,37.01022],[127.91185,37.01063],[127.9118,37.01086],[127.91172,37.01118],[127.91156,37.0116],[127.9112,37.01251],[127.911,37.01307],[127.91089,37.01346],[127.91085,37.01374],[127.91084,37.01402],[127.91088,37.01417],[127.91094,37.01428],[127.91125,37.01476],[127.91157,37.01518],[127.91204,37.01575],[127.91237,37.01611],[127.9128,37.01652],[127.91301,37.0167],[127.91343,37.017],[127.91374,37.0172],[127.91507,37.01798],[127.91606,37.01854],[127.91716,37.01915],[127.9177,37.01942],[127.91838,37.01975],[127.91888,37.01994],[127.91929,37.02009],[127.91958,37.0202],[127.92001,37.02033],[127.92076,37.02052],[127.92167,37.02073],[127.92178,37.02075],[127.92224,37.02084],[127.92257,37.02089],[127.92354,37.02096],[127.92423,37.02097],[127.92465,37.02097],[127.9247,37.02097],[127.92536,37.02093],[127.9273,37.02076],[127.92835,37.02067],[127.92959,37.02056],[127.93156,37.02046],[127.93231,37.02042],[127.93465,37.02032],[127.93608,37.02026],[127.937,37.02022],[127.93816,37.02018],[127.93899,37.02018],[127.9396,37.02019],[127.94091,37.02025],[127.94169,37.02029],[127.94249,37.02039],[127.94346,37.02054],[127.9438,37.02059],[127.94638,37.02099],[127.94701,37.02112],[127.94729,37.02119],[127.94823,37.02146],[127.95237,37.02282],[127.95285,37.02298],[127.95331,37.02317],[127.95379,37.02336],[127.95455,37.02367],[127.95519,37.02396],[127.95603,37.02435],[127.95629,37.02446],[127.95681,37.0246],[127.95726,37.02472],[127.9575,37.02476],[127.95761,37.02477],[127.95819,37.0248],[127.95861,37.02479],[127.95901,37.02475],[127.95916,37.02472],[127.95931,37.02467],[127.96118,37.02401],[127.96144,37.02391],[127.96386,37.02231],[127.96398,37.02222],[127.96404,37.02216],[127.97049,37.01729]]]]}},{"type":"Feature","properties":{"adm_cd":"33030110","adm_nm":"충청북도 제천시 봉양읍"},"geometry":{"type":"MultiPolygon","coordinates":[[[[128.16672,37.21492],[128.16679,37.21462],[128.16682,37.2145],[128.16684,37.21442],[128.16687,37.21436],[128.16691,37.2143],[128.17127,37.21073],[128.17381,37.20643],[128.17629,37.20309],[128.1757,37.20241],[128.17322,37.20043],[128.17318,37.20039],[128.17315,37.20034],[128.17311,37.20026],[128.17303,37.2001],[128.17301,37.20004],[128.17298,37.19992],[128.17298,37.19979],[128.17298,37.19972],[128.17298,37.19967],[128.17361,37.19545],[128.17362,37.19538],[128.17367,37.19517],[128.17371,37.19508],[128.17515,37.19465],[128.1756,37.19457],[128.1762,37.19451],[128.17648,37.19402],[128.17651,37.19394],[128.17655,37.19383],[128.17656,37.19372],[128.17657,37.19362],[128.17659,37.19326],[128.17669,37.19062],[128.17591,37.18959],[128.17567,37.18945],[128.17458,37.18879],[128.17453,37.18875],[128.17445,37.18868],[128.17432,37.18852],[128.17402,37.18812],[128.17397,37.18803],[128.1739,37.18791],[128.17388,37.18785],[128.17386,37.1878],[128.17386,37.18776],[128.17387,37.18767],[128.17389,37.18761],[128.17393,37.18755],[128.17398,37.1875],[128.17407,37.18744],[128.17418,37.18737],[128.17445,37.18722],[128.17485,37.18701],[128.17508,37.1869],[128.17521,37.18684],[128.17553,37.18673],[128.18082,37.18501],[128.18097,37.18498],[128.18111,37.18496],[128.18131,37.18495],[128.1826,37.18488],[128.18267,37.18483],[128.18269,37.1848],[128.18269,37.18475],[128.18264,37.18448],[128.18257,37.18412],[128.18218,37.18239],[128.18216,37.1823],[128.18211,37.18216],[128.18204,37.18203],[128.18198,37.18191],[128.18193,37.18184],[128.1812,37.18085],[128.18108,37.18071],[128.18097,37.1806],[128.18081,37.18048],[128.18069,37.18039],[128.18055,37.18031],[128.18037,37.18021],[128.17994,37.18],[128.17969,37.1799],[128.17912,37.17969],[128.1789,37.17962],[128.17865,37.17954],[128.17857,37.17951],[128.17848,37.17945],[128.17842,37.17941],[128.17834,37.17929],[128.1783,37.17923],[128.17827,37.17914],[128.17823,37.17895],[128.17788,37.17612],[128.17787,37.17599],[128.17787,37.17589],[128.17788,37.17572],[128.1779,37.17562],[128.17794,37.1755],[128.178,37.17532],[128.17806,37.17517],[128.17816,37.175],[128.17822,37.17491],[128.17831,37.1748],[128.17841,37.17471],[128.17872,37.17443],[128.17886,37.17431],[128.17924,37.17398],[128.17928,37.17394],[128.17929,37.17391],[128.1793,37.17386],[128.17934,37.17366],[128.17949,37.17241],[128.17948,37.17237],[128.17848,37.16695],[128.17773,37.16456],[128.17809,37.16105],[128.17816,37.15996],[128.1764,37.15755],[128.17638,37.15752],[128.17636,37.15749],[128.17622,37.15734],[128.17544,37.15736],[128.17509,37.15737],[128.17368,37.1575],[128.17175,37.15754],[128.17154,37.15753],[128.17147,37.15753],[128.17143,37.15752],[128.1699,37.15707],[128.16977,37.15703],[128.16955,37.15695],[128.16937,37.15689],[128.16896,37.15672],[128.16565,37.15516],[128.16309,37.15548],[128.16297,37.1555],[128.16074,37.1548],[128.1597,37.15447],[128.15611,37.15488],[128.15528,37.15504],[128.15488,37.15501],[128.15328,37.15456],[128.15286,37.15442],[128.15275,37.15437],[128.15268,37.15433],[128.15257,37.15427],[128.15249,37.15421],[128.15245,37.15417],[128.15174,37.15335],[128.1517,37.1533],[128.15164,37.1532],[128.15107,37.15221],[128.15102,37.15211],[128.151,37.15205],[128.15098,37.15175],[128.15096,37.15117],[128.15043,37.14961],[128.14992,37.14888],[128.14844,37.14844],[128.14754,37.14818],[128.14741,37.14816],[128.14721,37.14812],[128.14721,37.14719],[128.14756,37.14583],[128.149,37.14083],[128.14929,37.14079],[128.14958,37.14081],[128.15037,37.14115],[128.15054,37.14126],[128.15144,37.14229],[128.1523,37.14328],[128.15296,37.14395],[128.15332,37.14407],[128.15917,37.14308],[128.16233,37.14143],[128.16275,37.14099],[128.16295,37.1404],[128.1619,37.14064],[128.16007,37.14106],[128.15903,37.14006],[128.15918,37.13812],[128.16008,37.13713],[128.15879,37.13556],[128.15553,37.13392],[128.15478,37.13154],[128.15129,37.13059],[128.15068,37.13094],[128.15064,37.13096],[128.15059,37.13096],[128.15054,37.13093],[128.1497,37.13003],[128.1497,37.13001],[128.14972,37.12993],[128.14999,37.12905],[128.15003,37.12895],[128.15091,37.12718],[128.15095,37.12711],[128.15107,37.12698],[128.15119,37.12687],[128.15131,37.12679],[128.1521,37.12608],[128.15313,37.12493],[128.15323,37.12482],[128.15334,37.12463],[128.15338,37.12454],[128.15393,37.12284],[128.15443,37.12123],[128.15449,37.1211],[128.15455,37.12102],[128.1546,37.12097],[128.15465,37.12094],[128.15472,37.12093],[128.1592,37.12104],[128.16026,37.12106],[128.16076,37.12111],[128.16154,37.1213],[128.16239,37.12145],[128.16245,37.12146],[128.16524,37.12123],[128.16828,37.11995],[128.1684,37.11988],[128.1685,37.11981],[128.16857,37.11975],[128.16863,37.11967],[128.16979,37.11758],[128.16984,37.11747],[128.17027,37.11655],[128.17029,37.11649],[128.1703,37.11643],[128.17098,37.11249],[128.17098,37.11236],[128.17095,37.11227],[128.17062,37.11162],[128.17035,37.11115],[128.17013,37.10821],[128.17108,37.10591],[128.17207,37.10429],[128.17447,37.10303],[128.17419,37.10262],[128.17414,37.10173],[128.17465,37.10126],[128.17437,37.09856],[128.17385,37.09713],[128.17325,37.09602],[128.17132,37.09679],[128.1712,37.09683],[128.17115,37.09685],[128.1711,37.09686],[128.17103,37.09686],[128.16653,37.09679],[128.16646,37.09678],[128.16639,37.09675],[128.16569,37.09646],[128.16565,37.09643],[128.16561,37.09638],[128.16558,37.09634],[128.16555,37.09628],[128.16554,37.09623],[128.16553,37.09613],[128.16557,37.09554],[128.16559,37.09539],[128.16561,37.0953],[128.16581,37.09485],[128.16602,37.09437],[128.16608,37.09417],[128.16625,37.09326],[128.16626,37.09314],[128.16623,37.09299],[128.1662,37.09289],[128.16567,37.09148],[128.1656,37.09135],[128.16533,37.09085],[128.16526,37.09071],[128.1652,37.09066],[128.16514,37.09063],[128.16502,37.0906],[128.16301,37.0902],[128.16291,37.09019],[128.16271,37.09018],[128.16267,37.09018],[128.16254,37.09021],[128.16248,37.09022],[128.16241,37.09025],[128.16179,37.09049],[128.16138,37.09065],[128.16112,37.09076],[128.161,37.09081],[128.1605,37.091],[128.15944,37.0913],[128.15934,37.09133],[128.15928,37.09134],[128.15921,37.09135],[128.15914,37.09136],[128.15906,37.09135],[128.15897,37.09133],[128.15634,37.09075],[128.15625,37.09072],[128.15622,37.0907],[128.15619,37.09068],[128.15615,37.09064],[128.15613,37.09059],[128.15612,37.09052],[128.1561,37.09028],[128.15604,37.08865],[128.15599,37.08628],[128.15311,37.08378],[128.15215,37.08375],[128.15095,37.0837],[128.15028,37.0836],[128.14908,37.08332],[128.14905,37.08331],[128.14897,37.08325],[128.14826,37.08254],[128.1482,37.08248],[128.14813,37.08238],[128.14796,37.08216],[128.14786,37.08195],[128.1477,37.08163],[128.14764,37.08157],[128.14758,37.08151],[128.14015,37.07743],[128.1323,37.07573],[128.12783,37.07398],[128.12463,37.07122],[128.12458,37.0712],[128.12424,37.07116],[128.12085,37.07112],[128.11943,37.07111],[128.11824,37.07106],[128.11627,37.07072],[128.11616,37.07068],[128.11602,37.0706],[128.1157,37.07038],[128.11564,37.07034],[128.11216,37.06762],[128.11208,37.06754],[128.11201,37.06746],[128.11197,37.0674],[128.11116,37.06561],[128.1111,37.06547],[128.11107,37.06535],[128.11106,37.06523],[128.11106,37.06509],[128.11107,37.06505],[128.11113,37.06481],[128.11115,37.06476],[128.11117,37.06472],[128.10832,37.066],[128.10119,37.06917],[128.10109,37.06921],[128.10095,37.06925],[128.09988,37.0694],[128.0996,37.06939],[128.09889,37.06933],[128.09282,37.07298],[128.0927,37.07303],[128.09262,37.07306],[128.09247,37.0731],[128.0924,37.0731],[128.09211,37.07306],[128.0905,37.07284],[128.08956,37.07293],[128.08939,37.07296],[128.08931,37.07299],[128.08583,37.07479],[128.08513,37.07562],[128.08383,37.0766],[128.08259,37.07779],[128.08244,37.07796],[128.08242,37.07804],[128.08241,37.07815],[128.08243,37.07828],[128.08243,37.07839],[128.0824,37.07864],[128.08237,37.07879],[128.08235,37.07883],[128.08232,37.0789],[128.08219,37.07907],[128.0821,37.07916],[128.07922,37.08189],[128.07905,37.08201],[128.07902,37.08203],[128.0789,37.08207],[128.07885,37.08208],[128.07874,37.08209],[128.07853,37.08209],[128.07836,37.08209],[128.07821,37.08208],[128.07816,37.08208],[128.07809,37.08209],[128.07791,37.08215],[128.07778,37.08222],[128.07744,37.08244],[128.07739,37.08248],[128.07677,37.08307],[128.07602,37.08377],[128.0762,37.08392],[128.07641,37.08413],[128.07655,37.0843],[128.07664,37.08443],[128.07675,37.08465],[128.07716,37.08575],[128.07756,37.08689],[128.07787,37.088],[128.07806,37.08887],[128.07806,37.08894],[128.07803,37.08903],[128.07541,37.09306],[128.07329,37.09744],[128.07224,37.09909],[128.07037,37.10183],[128.07019,37.10207],[128.07008,37.10216],[128.06993,37.10227],[128.06965,37.10243],[128.06917,37.10265],[128.06883,37.10279],[128.0687,37.10284],[128.0685,37.10292],[128.06838,37.10298],[128.06823,37.10315],[128.06809,37.10332],[128.06799,37.10345],[128.06767,37.10398],[128.06706,37.10544],[128.06701,37.1056],[128.06699,37.1057],[128.06697,37.10583],[128.06684,37.10819],[128.06685,37.10839],[128.06686,37.10849],[128.06688,37.10854],[128.06697,37.10877],[128.06703,37.10889],[128.06714,37.10902],[128.06724,37.1091],[128.06743,37.10924],[128.06751,37.1093],[128.06757,37.10935],[128.06759,37.10939],[128.0676,37.10942],[128.06759,37.10947],[128.06757,37.1095],[128.06755,37.10953],[128.06606,37.11051],[128.06593,37.11058],[128.06579,37.11065],[128.06565,37.11069],[128.06548,37.11073],[128.06523,37.11074],[128.06474,37.11073],[128.06311,37.11069],[128.06302,37.11068],[128.05789,37.11444],[128.05783,37.11449],[128.05772,37.11461],[128.05633,37.11629],[128.05628,37.11635],[128.05404,37.12032],[128.05397,37.12047],[128.05389,37.12069],[128.05383,37.12087],[128.05382,37.12093],[128.05381,37.12113],[128.05409,37.12471],[128.05414,37.1251],[128.05419,37.12542],[128.05422,37.12553],[128.05455,37.12613],[128.05496,37.12679],[128.05566,37.12896],[128.0557,37.1291],[128.05715,37.13636],[128.05729,37.13706],[128.05732,37.13719],[128.05731,37.13732],[128.05728,37.1374],[128.05721,37.13751],[128.05706,37.13764],[128.0566,37.13923],[128.05659,37.141],[128.05675,37.14238],[128.05732,37.144],[128.05818,37.14545],[128.05832,37.14556],[128.05851,37.14577],[128.05909,37.14653],[128.05927,37.14679],[128.06057,37.14875],[128.0606,37.14884],[128.06197,37.15357],[128.06197,37.15362],[128.06197,37.15365],[128.06198,37.1537],[128.06199,37.15385],[128.0619,37.15406],[128.06183,37.15413],[128.06159,37.15424],[128.05776,37.15658],[128.05536,37.15955],[128.05515,37.1598],[128.04741,37.16507],[128.04586,37.16592],[128.04574,37.16601],[128.04564,37.1661],[128.04551,37.16629],[128.04486,37.16757],[128.04483,37.16775],[128.04485,37.16793],[128.04491,37.1681],[128.04496,37.16821],[128.04505,37.16841],[128.04543,37.16899],[128.04557,37.16918],[128.04621,37.16977],[128.04627,37.16977],[128.04659,37.16965],[128.04696,37.1695],[128.04731,37.1694],[128.04745,37.16941],[128.04753,37.16943],[128.04763,37.16947],[128.04885,37.17013],[128.04963,37.1706],[128.04982,37.17071],[128.04995,37.17081],[128.04999,37.17088],[128.05001,37.17094],[128.05001,37.17115],[128.04997,37.1722],[128.04991,37.17251],[128.0497,37.1734],[128.04967,37.17351],[128.04959,37.17368],[128.04949,37.17379],[128.04871,37.17455],[128.04851,37.17473],[128.04843,37.17479],[128.0474,37.1754],[128.04601,37.17628],[128.0456,37.17655],[128.04542,37.17669],[128.04429,37.17773],[128.04425,37.17778],[128.04302,37.18213],[128.04197,37.18549],[128.04115,37.18773],[128.04048,37.18898],[128.04356,37.19057],[128.04365,37.1906],[128.04382,37.19065],[128.04424,37.19066],[128.04546,37.19004],[128.04598,37.1896],[128.04659,37.18915],[128.04699,37.18896],[128.04746,37.18897],[128.04937,37.18909],[128.04968,37.18912],[128.04977,37.18917],[128.05007,37.18955],[128.05022,37.18976],[128.05068,37.19009],[128.0518,37.19065],[128.05565,37.19222],[128.05698,37.19274],[128.05726,37.19283],[128.05973,37.19362],[128.07057,37.19459],[128.07131,37.19455],[128.07175,37.19451],[128.07197,37.19447],[128.07217,37.19437],[128.0725,37.19413],[128.07492,37.19348],[128.07881,37.19401],[128.07892,37.19412],[128.07894,37.19415],[128.07901,37.19442],[128.08236,37.1963],[128.08269,37.19641],[128.0846,37.19707],[128.08514,37.19728],[128.08641,37.19795],[128.08674,37.19833],[128.08701,37.1988],[128.08714,37.19902],[128.08753,37.19968],[128.08756,37.1997],[128.08775,37.19988],[128.08782,37.19993],[128.08792,37.19999],[128.08831,37.20013],[128.08892,37.20014],[128.09231,37.20007],[128.0931,37.19997],[128.09327,37.19993],[128.09349,37.19988],[128.09388,37.19977],[128.09414,37.19975],[128.09482,37.1998],[128.09491,37.19982],[128.10041,37.20172],[128.10501,37.20376],[128.10507,37.20379],[128.10871,37.20583],[128.11134,37.20766],[128.11155,37.20782],[128.11168,37.20801],[128.11172,37.20842],[128.11159,37.20913],[128.11163,37.20954],[128.11178,37.20984],[128.11202,37.21011],[128.11345,37.21147],[128.1136,37.21159],[128.1137,37.21168],[128.11416,37.2119],[128.11455,37.21202],[128.11505,37.2121],[128.11522,37.21218],[128.11762,37.21476],[128.11773,37.2149],[128.11864,37.21611],[128.11928,37.21725],[128.11929,37.21728],[128.11948,37.21761],[128.11978,37.2179],[128.12014,37.21815],[128.12066,37.21851],[128.12114,37.21878],[128.12134,37.21884],[128.12139,37.21886],[128.12185,37.2189],[128.12214,37.21899],[128.12441,37.22026],[128.12459,37.22042],[128.12466,37.22048],[128.12469,37.22051],[128.12473,37.22055],[128.12522,37.22114],[128.12527,37.22128],[128.12532,37.22229],[128.12531,37.22244],[128.12527,37.22257],[128.12523,37.22265],[128.124,37.22436],[128.12386,37.22449],[128.12331,37.22476],[128.12311,37.22484],[128.1228,37.22493],[128.1224,37.22504],[128.12218,37.22511],[128.12205,37.2253],[128.12202,37.22535],[128.12164,37.22616],[128.12154,37.22647],[128.12156,37.2275],[128.1228,37.2299],[128.12362,37.23134],[128.12369,37.23145],[128.12565,37.23386],[128.12579,37.23402],[128.12647,37.23465],[128.12682,37.23471],[128.12685,37.23464],[128.1269,37.23459],[128.12697,37.23453],[128.12824,37.23374],[128.12833,37.23369],[128.12848,37.23363],[128.12876,37.23357],[128.12917,37.2335],[128.1307,37.2327],[128.13158,37.2316],[128.13289,37.22997],[128.13324,37.22974],[128.13346,37.22969],[128.13362,37.22966],[128.13409,37.22963],[128.13556,37.22957],[128.13603,37.22958],[128.13709,37.22967],[128.13845,37.22969],[128.13982,37.22963],[128.14086,37.22949],[128.14109,37.22939],[128.14214,37.22841],[128.14221,37.22831],[128.14231,37.22702],[128.14229,37.22689],[128.14225,37.22673],[128.1422,37.22661],[128.14209,37.2264],[128.14205,37.22629],[128.14205,37.22619],[128.14206,37.22604],[128.14206,37.22599],[128.14208,37.22579],[128.14211,37.22554],[128.14219,37.22514],[128.14223,37.225],[128.14265,37.22416],[128.14313,37.22359],[128.14366,37.22303],[128.1439,37.22282],[128.14474,37.22218],[128.14497,37.22202],[128.14549,37.22182],[128.14554,37.2218],[128.14561,37.22181],[128.14576,37.22192],[128.14602,37.22209],[128.14605,37.2221],[128.14613,37.22215],[128.1463,37.22219],[128.14642,37.22223],[128.14662,37.22226],[128.14676,37.22227],[128.14687,37.22225],[128.14693,37.22223],[128.14702,37.22221],[128.14709,37.22218],[128.15003,37.22052],[128.1516,37.21892],[128.15211,37.21774],[128.15254,37.21718],[128.1533,37.2163],[128.15338,37.21621],[128.15357,37.21605],[128.15368,37.216],[128.15401,37.21588],[128.15492,37.21559],[128.15498,37.21558],[128.15505,37.21558],[128.15513,37.21558],[128.15531,37.2156],[128.15649,37.21579],[128.1579,37.21603],[128.15803,37.21606],[128.15813,37.21606],[128.15838,37.21602],[128.15847,37.216],[128.15957,37.21561],[128.16054,37.21527],[128.1609,37.21514],[128.16173,37.21482],[128.16184,37.21469],[128.16303,37.21369],[128.16306,37.21366],[128.16317,37.21358],[128.16337,37.21347],[128.16345,37.21344],[128.16398,37.21326],[128.16403,37.21326],[128.16406,37.21325],[128.16417,37.21328],[128.16439,37.21339],[128.1653,37.21389],[128.16546,37.21399],[128.16603,37.21432],[128.16637,37.21456],[128.16657,37.21473],[128.16672,37.21492]]]]}},{"type":"Feature","properties":{"adm_cd":"33030310","adm_nm":"충청북도 제천시 금성면"},"geometry":{"type":"MultiPolygon","coordinates":[[[[128.24399,37.07563],[128.24326,37.07533],[128.23995,37.07393],[128.23984,37.07387],[128.23978,37.07382],[128.23975,37.07378],[128.23952,37.07342],[128.23852,37.07135],[128.23848,37.07123],[128.23846,37.07111],[128.23843,37.07058],[128.23844,37.0705],[128.2385,37.07033],[128.23853,37.07027],[128.2386,37.07017],[128.23869,37.07005],[128.23875,37.06995],[128.23878,37.0698],[128.23879,37.06959],[128.23875,37.0679],[128.23873,37.06783],[128.2387,37.06773],[128.23856,37.06741],[128.23851,37.06734],[128.2369,37.06539],[128.23686,37.06536],[128.2368,37.06532],[128.23667,37.06527],[128.23643,37.06518],[128.23602,37.06504],[128.23156,37.06383],[128.22802,37.06294],[128.22784,37.06293],[128.22728,37.0629],[128.22693,37.06286],[128.22668,37.0628],[128.22642,37.06274],[128.22596,37.06261],[128.2259,37.06258],[128.22584,37.06254],[128.22564,37.06237],[128.22559,37.0623],[128.22502,37.06056],[128.22189,37.05607],[128.22183,37.05599],[128.22171,37.05587],[128.22159,37.05575],[128.22151,37.05568],[128.22145,37.05564],[128.22133,37.05558],[128.22121,37.05551],[128.22098,37.05542],[128.22071,37.05533],[128.22037,37.05522],[128.21998,37.05511],[128.21968,37.05505],[128.21937,37.055],[128.21922,37.05498],[128.2191,37.05499],[128.21901,37.05499],[128.21893,37.055],[128.21888,37.05501],[128.21883,37.055],[128.21876,37.05497],[128.21863,37.05491],[128.2185,37.05483],[128.21806,37.05443],[128.218,37.05437],[128.21798,37.05429],[128.21798,37.05424],[128.21801,37.05418],[128.21929,37.05176],[128.21969,37.05117],[128.22088,37.04921],[128.22046,37.04867],[128.21926,37.04585],[128.21925,37.0458],[128.21926,37.04571],[128.21944,37.04475],[128.2196,37.04429],[128.21984,37.04369],[128.21999,37.04332],[128.2201,37.04312],[128.22019,37.04304],[128.22026,37.043],[128.22029,37.04296],[128.22056,37.04244],[128.2206,37.04234],[128.22061,37.0423],[128.22067,37.04196],[128.22067,37.04192],[128.22066,37.04186],[128.22063,37.04182],[128.22057,37.04172],[128.22054,37.04168],[128.2196,37.04059],[128.2195,37.04047],[128.21894,37.03986],[128.21837,37.03911],[128.21734,37.03755],[128.2173,37.03749],[128.21728,37.03739],[128.21727,37.03733],[128.21729,37.03728],[128.21731,37.03725],[128.21735,37.03723],[128.21862,37.03697],[128.22063,37.03631],[128.22153,37.03599],[128.2217,37.03593],[128.22352,37.03489],[128.22388,37.03468],[128.22401,37.03459],[128.22415,37.03448],[128.22428,37.03438],[128.22432,37.03434],[128.22435,37.0343],[128.2244,37.03421],[128.22473,37.03363],[128.22475,37.03358],[128.2248,37.03348],[128.22486,37.0333],[128.2249,37.03318],[128.2249,37.03313],[128.22489,37.03306],[128.22486,37.033],[128.2248,37.03291],[128.22472,37.03279],[128.22461,37.03264],[128.22449,37.03239],[128.22438,37.03218],[128.22431,37.03199],[128.22425,37.03181],[128.2242,37.0316],[128.22417,37.03148],[128.22417,37.03141],[128.22418,37.03131],[128.22451,37.02963],[128.2252,37.0278],[128.22524,37.027],[128.22494,37.02702],[128.22481,37.02702],[128.22469,37.02703],[128.22461,37.02703],[128.22454,37.02703],[128.22431,37.02701],[128.22408,37.027],[128.22389,37.02697],[128.22372,37.02695],[128.22365,37.02692],[128.22361,37.0269],[128.22353,37.02687],[128.22349,37.02685],[128.22345,37.02683],[128.2224,37.02623],[128.22225,37.02612],[128.22203,37.02595],[128.22171,37.02574],[128.2216,37.02567],[128.22148,37.02562],[128.22135,37.02559],[128.2157,37.02492],[128.21125,37.02447],[128.20952,37.02455],[128.20916,37.02454],[128.20896,37.02452],[128.20709,37.02417],[128.20698,37.02415],[128.20685,37.02408],[128.20668,37.02398],[128.20659,37.02391],[128.20645,37.02378],[128.20622,37.02355],[128.20605,37.02339],[128.20602,37.02338],[128.20598,37.02335],[128.20589,37.02331],[128.20578,37.02328],[128.20567,37.02327],[128.20547,37.02326],[128.20521,37.02324],[128.20503,37.02324],[128.20487,37.02323],[128.20472,37.02323],[128.20359,37.02331],[128.20353,37.02332],[128.20345,37.02333],[128.20333,37.02336],[128.202,37.02387],[128.2019,37.02392],[128.20178,37.02398],[128.20144,37.02425],[128.20134,37.02435],[128.20103,37.0247],[128.20091,37.02484],[128.20082,37.02493],[128.20072,37.02502],[128.20059,37.02512],[128.20007,37.02549],[128.20003,37.02551],[128.19999,37.02553],[128.1999,37.02557],[128.19982,37.02558],[128.19975,37.02557],[128.19966,37.02555],[128.1977,37.02489],[128.19667,37.02443],[128.19662,37.0244],[128.19618,37.02393],[128.19523,37.0235],[128.19228,37.02366],[128.1922,37.02367],[128.19213,37.0237],[128.19114,37.02407],[128.19053,37.02432],[128.19021,37.02446],[128.18994,37.02452],[128.18986,37.02454],[128.18979,37.02455],[128.18958,37.02456],[128.18765,37.02444],[128.18754,37.02442],[128.18161,37.02298],[128.18127,37.02289],[128.18115,37.02285],[128.1811,37.02283],[128.18104,37.02278],[128.18099,37.02274],[128.18084,37.0226],[128.18068,37.02245],[128.18065,37.02242],[128.18063,37.02239],[128.18046,37.02223],[128.18021,37.02205],[128.17997,37.02189],[128.17989,37.02184],[128.17986,37.02183],[128.17983,37.02182],[128.17979,37.0218],[128.17973,37.02178],[128.17969,37.02177],[128.17962,37.02176],[128.17955,37.02175],[128.17942,37.02175],[128.17926,37.02174],[128.17894,37.02174],[128.17866,37.02173],[128.17831,37.02174],[128.17817,37.02176],[128.17811,37.02177],[128.17802,37.02181],[128.17638,37.02253],[128.17545,37.02315],[128.17533,37.02363],[128.17529,37.02374],[128.17524,37.02382],[128.17521,37.02386],[128.17518,37.02391],[128.17433,37.02486],[128.17391,37.02532],[128.17378,37.02544],[128.17374,37.02547],[128.17369,37.02551],[128.17092,37.0277],[128.16949,37.02861],[128.1656,37.03214],[128.16522,37.03268],[128.16477,37.03327],[128.16445,37.03368],[128.16441,37.03372],[128.16435,37.03374],[128.16432,37.03374],[128.16392,37.0334],[128.16214,37.03164],[128.16206,37.03156],[128.16176,37.03116],[128.16155,37.03086],[128.16139,37.03056],[128.1613,37.03039],[128.16067,37.02872],[128.16042,37.0278],[128.16043,37.02755],[128.16045,37.02688],[128.16042,37.02624],[128.16037,37.02591],[128.16031,37.02576],[128.16028,37.0257],[128.16008,37.02534],[128.15984,37.02498],[128.15977,37.0249],[128.15972,37.02484],[128.15966,37.02477],[128.1596,37.02472],[128.15956,37.02469],[128.15953,37.02467],[128.15947,37.02463],[128.15939,37.0246],[128.15929,37.02459],[128.15919,37.0246],[128.1591,37.02461],[128.15896,37.02466],[128.15887,37.02469],[128.15875,37.02474],[128.15861,37.0248],[128.15831,37.02491],[128.15731,37.02522],[128.15631,37.02552],[128.15594,37.02562],[128.15573,37.02566],[128.15538,37.02572],[128.15534,37.02573],[128.15531,37.02574],[128.15509,37.02577],[128.15487,37.02579],[128.15466,37.0258],[128.15452,37.0258],[128.15394,37.02577],[128.15333,37.02573],[128.15147,37.02546],[128.15122,37.02542],[128.15103,37.02539],[128.15081,37.02534],[128.15075,37.02532],[128.15067,37.02529],[128.15048,37.02522],[128.15037,37.02516],[128.15029,37.02513],[128.15022,37.02512],[128.15017,37.0251],[128.14998,37.02511],[128.14987,37.02512],[128.14976,37.02516],[128.14971,37.02518],[128.14967,37.0252],[128.1496,37.02523],[128.14952,37.02528],[128.1495,37.0253],[128.14947,37.02532],[128.14944,37.02535],[128.14941,37.02538],[128.14934,37.02546],[128.14927,37.02555],[128.14779,37.0278],[128.14771,37.02809],[128.14769,37.02821],[128.14772,37.02841],[128.14775,37.0285],[128.1481,37.02957],[128.14877,37.03145],[128.14917,37.03243],[128.14923,37.03251],[128.14929,37.03261],[128.14959,37.03315],[128.14969,37.03336],[128.15034,37.03489],[128.15036,37.035],[128.15035,37.03512],[128.14965,37.03943],[128.14929,37.04037],[128.14828,37.04239],[128.14781,37.04332],[128.14777,37.04338],[128.14468,37.04655],[128.14463,37.04659],[128.14453,37.04664],[128.14191,37.0473],[128.13887,37.04788],[128.13804,37.04802],[128.13636,37.04784],[128.13581,37.04774],[128.13562,37.04769],[128.13548,37.04764],[128.13367,37.04695],[128.1336,37.04692],[128.13336,37.04679],[128.13309,37.04664],[128.13281,37.04645],[128.13265,37.04631],[128.13258,37.04627],[128.1325,37.04624],[128.13099,37.04597],[128.13089,37.04595],[128.13015,37.04584],[128.12993,37.04581],[128.12985,37.04581],[128.12982,37.04582],[128.12975,37.04583],[128.1297,37.04585],[128.12963,37.04589],[128.12955,37.04594],[128.12633,37.04847],[128.12611,37.04869],[128.12586,37.049],[128.12578,37.04914],[128.12571,37.0493],[128.12569,37.04945],[128.12569,37.04949],[128.12571,37.04964],[128.12578,37.04977],[128.12615,37.05025],[128.12622,37.0503],[128.12628,37.05033],[128.12658,37.05041],[128.1268,37.05047],[128.12687,37.0505],[128.12698,37.05056],[128.12709,37.05065],[128.12712,37.05069],[128.12715,37.05075],[128.12713,37.05082],[128.127,37.05122],[128.12694,37.05132],[128.12566,37.05304],[128.12561,37.0531],[128.12555,37.05315],[128.12487,37.0537],[128.12479,37.05375],[128.12467,37.05382],[128.12454,37.05388],[128.12445,37.05392],[128.12433,37.05396],[128.12414,37.05403],[128.12355,37.05417],[128.12325,37.05422],[128.12257,37.05435],[128.12253,37.05434],[128.12249,37.05433],[128.12235,37.05422],[128.12155,37.05356],[128.11173,37.04879],[128.1117,37.04878],[128.11167,37.04877],[128.11164,37.04876],[128.11154,37.04872],[128.11145,37.04868],[128.11136,37.04865],[128.11127,37.04862],[128.1112,37.0486],[128.11114,37.04858],[128.11108,37.04855],[128.11071,37.04844],[128.11067,37.04843],[128.11051,37.04839],[128.11038,37.04838],[128.11005,37.04837],[128.11,37.04837],[128.10973,37.0484],[128.10956,37.04842],[128.10953,37.04843],[128.10949,37.04844],[128.10946,37.04847],[128.10635,37.05166],[128.10633,37.05168],[128.10627,37.05176],[128.10625,37.05181],[128.10625,37.05184],[128.10638,37.05231],[128.10639,37.05236],[128.10642,37.05245],[128.10646,37.05252],[128.10648,37.05256],[128.1065,37.05259],[128.10652,37.05261],[128.10654,37.05264],[128.10657,37.05266],[128.10743,37.05342],[128.10907,37.05487],[128.11046,37.05584],[128.11249,37.05803],[128.11256,37.05813],[128.1126,37.05824],[128.11259,37.05834],[128.11254,37.05846],[128.11242,37.05865],[128.11229,37.05882],[128.11205,37.05902],[128.11186,37.05915],[128.1118,37.05917],[128.11175,37.0592],[128.1111,37.0594],[128.11096,37.05944],[128.1108,37.05948],[128.11067,37.05951],[128.11059,37.05955],[128.11056,37.05959],[128.11053,37.05965],[128.11052,37.05971],[128.11053,37.06284],[128.11055,37.06293],[128.11117,37.06472],[128.11115,37.06476],[128.11113,37.06481],[128.11107,37.06505],[128.11106,37.06509],[128.11106,37.06523],[128.11107,37.06535],[128.1111,37.06547],[128.11116,37.06561],[128.11197,37.0674],[128.11201,37.06746],[128.11208,37.06754],[128.11216,37.06762],[128.11564,37.07034],[128.1157,37.07038],[128.11602,37.0706],[128.11616,37.07068],[128.11627,37.07072],[128.11824,37.07106],[128.11943,37.07111],[128.12085,37.07112],[128.12424,37.07116],[128.12458,37.0712],[128.12463,37.07122],[128.12783,37.07398],[128.1323,37.07573],[128.14015,37.07743],[128.14758,37.08151],[128.14764,37.08157],[128.1477,37.08163],[128.14786,37.08195],[128.14796,37.08216],[128.14813,37.08238],[128.1482,37.08248],[128.14826,37.08254],[128.14897,37.08325],[128.14905,37.08331],[128.14908,37.08332],[128.15028,37.0836],[128.15095,37.0837],[128.15215,37.08375],[128.15311,37.08378],[128.15599,37.08628],[128.15604,37.08865],[128.1561,37.09028],[128.15612,37.09052],[128.15613,37.09059],[128.15615,37.09064],[128.15619,37.09068],[128.15622,37.0907],[128.15625,37.09072],[128.15634,37.09075],[128.15897,37.09133],[128.15906,37.09135],[128.15914,37.09136],[128.15921,37.09135],[128.15928,37.09134],[128.15934,37.09133],[128.15944,37.0913],[128.1605,37.091],[128.161,37.09081],[128.16112,37.09076],[128.16138,37.09065],[128.16179,37.09049],[128.16241,37.09025],[128.16248,37.09022],[128.16254,37.09021],[128.16267,37.09018],[128.16271,37.09018],[128.16291,37.09019],[128.16301,37.0902],[128.16502,37.0906],[128.16514,37.09063],[128.1652,37.09066],[128.16526,37.09071],[128.16533,37.09085],[128.1656,37.09135],[128.16567,37.09148],[128.1662,37.09289],[128.16623,37.09299],[128.16626,37.09314],[128.16625,37.09326],[128.16608,37.09417],[128.16602,37.09437],[128.16581,37.09485],[128.16561,37.0953],[128.16559,37.09539],[128.16557,37.09554],[128.16553,37.09613],[128.16554,37.09623],[128.16555,37.09628],[128.16558,37.09634],[128.16561,37.09638],[128.16565,37.09643],[128.16569,37.09646],[128.16639,37.09675],[128.16646,37.09678],[128.16653,37.09679],[128.17103,37.09686],[128.1711,37.09686],[128.17115,37.09685],[128.1712,37.09683],[128.17132,37.09679],[128.17325,37.09602],[128.17302,37.09558],[128.17231,37.09178],[128.17294,37.09219],[128.17344,37.09264],[128.17381,37.09316],[128.17668,37.09364],[128.17741,37.09203],[128.17752,37.09184],[128.17812,37.09115],[128.17932,37.09016],[128.17935,37.09098],[128.17954,37.09169],[128.17998,37.0922],[128.18053,37.09238],[128.18122,37.09261],[128.18259,37.09162],[128.1827,37.09152],[128.18277,37.09145],[128.18353,37.09117],[128.18379,37.09112],[128.18416,37.09105],[128.18573,37.09104],[128.189,37.09115],[128.18936,37.09132],[128.18989,37.09158],[128.18995,37.09193],[128.18996,37.09203],[128.19099,37.0932],[128.19112,37.0933],[128.19125,37.09339],[128.19233,37.09345],[128.19338,37.09342],[128.19648,37.09393],[128.19869,37.09531],[128.20089,37.09606],[128.20094,37.09591],[128.20131,37.09474],[128.20164,37.0944],[128.20207,37.09394],[128.20285,37.09363],[128.20358,37.09333],[128.20497,37.09291],[128.20644,37.09246],[128.2095,37.09287],[128.21142,37.09399],[128.21177,37.09511],[128.21165,37.09636],[128.21268,37.09705],[128.21435,37.09679],[128.21602,37.0965],[128.21667,37.09628],[128.21725,37.09666],[128.21753,37.09685],[128.21705,37.0981],[128.21672,37.09852],[128.21583,37.09928],[128.21547,37.10015],[128.21581,37.10041],[128.21763,37.10158],[128.21742,37.10253],[128.21643,37.10393],[128.21545,37.10391],[128.21395,37.10452],[128.21264,37.10519],[128.21146,37.10648],[128.21151,37.10711],[128.21287,37.1072],[128.21342,37.10724],[128.2149,37.10724],[128.2155,37.10716],[128.21632,37.10706],[128.21768,37.10697],[128.21908,37.10695],[128.22096,37.10876],[128.22337,37.10996],[128.22486,37.11001],[128.22613,37.11034],[128.22674,37.11082],[128.22737,37.11284],[128.22872,37.11463],[128.23362,37.11382],[128.2337,37.11378],[128.23379,37.11373],[128.23393,37.11362],[128.23408,37.11345],[128.23428,37.11321],[128.23441,37.11304],[128.23447,37.11296],[128.23457,37.1128],[128.23599,37.10975],[128.23436,37.10744],[128.23419,37.10725],[128.23399,37.10699],[128.2338,37.10675],[128.23372,37.10663],[128.23366,37.10651],[128.23361,37.10639],[128.23346,37.10601],[128.23345,37.10594],[128.23341,37.10577],[128.23337,37.10528],[128.23337,37.10519],[128.2334,37.10509],[128.23455,37.09946],[128.23518,37.0964],[128.23579,37.09171],[128.23603,37.08791],[128.23626,37.08784],[128.23635,37.0878],[128.23723,37.08739],[128.2373,37.08735],[128.23903,37.08599],[128.23911,37.08591],[128.23928,37.08576],[128.23942,37.08562],[128.23946,37.08556],[128.23947,37.08552],[128.23946,37.08546],[128.23782,37.08199],[128.23775,37.08184],[128.23768,37.08173],[128.23761,37.08164],[128.23753,37.08155],[128.24132,37.07701],[128.24145,37.07687],[128.24165,37.07671],[128.24175,37.07663],[128.24219,37.07633],[128.2423,37.07627],[128.2424,37.07623],[128.24399,37.07563]]]]}},{"type":"Feature","properties":{"adm_cd":"33030320","adm_nm":"충청북도 제천시 청풍면"},"geometry":{"type":"MultiPolygon","coordinates":[[[[128.11117,37.06472],[128.11055,37.06293],[128.11053,37.06284],[128.11052,37.05971],[128.11053,37.05965],[128.11056,37.05959],[128.11059,37.05955],[128.11067,37.05951],[128.1108,37.05948],[128.11096,37.05944],[128.1111,37.0594],[128.11175,37.0592],[128.1118,37.05917],[128.11186,37.05915],[128.11205,37.05902],[128.11229,37.05882],[128.11242,37.05865],[128.11254,37.05846],[128.11259,37.05834],[128.1126,37.05824],[128.11256,37.05813],[128.11249,37.05803],[128.11046,37.05584],[128.10907,37.05487],[128.10743,37.05342],[128.10657,37.05266],[128.10654,37.05264],[128.10652,37.05261],[128.1065,37.05259],[128.10648,37.05256],[128.10646,37.05252],[128.10642,37.05245],[128.10639,37.05236],[128.10638,37.05231],[128.10625,37.05184],[128.10625,37.05181],[128.10627,37.05176],[128.10633,37.05168],[128.10635,37.05166],[128.10946,37.04847],[128.10949,37.04844],[128.10953,37.04843],[128.10956,37.04842],[128.10973,37.0484],[128.11,37.04837],[128.11005,37.04837],[128.11038,37.04838],[128.11051,37.04839],[128.11067,37.04843],[128.11071,37.04844],[128.11108,37.04855],[128.11114,37.04858],[128.1112,37.0486],[128.11127,37.04862],[128.11136,37.04865],[128.11145,37.04868],[128.11154,37.04872],[128.11164,37.04876],[128.11167,37.04877],[128.1117,37.04878],[128.11173,37.04879],[128.12155,37.05356],[128.12235,37.05422],[128.12249,37.05433],[128.12253,37.05434],[128.12257,37.05435],[128.12325,37.05422],[128.12355,37.05417],[128.12414,37.05403],[128.12433,37.05396],[128.12445,37.05392],[128.12454,37.05388],[128.12467,37.05382],[128.12479,37.05375],[128.12487,37.0537],[128.12555,37.05315],[128.12561,37.0531],[128.12566,37.05304],[128.12694,37.05132],[128.127,37.05122],[128.12713,37.05082],[128.12715,37.05075],[128.12712,37.05069],[128.12709,37.05065],[128.12698,37.05056],[128.12687,37.0505],[128.1268,37.05047],[128.12658,37.05041],[128.12628,37.05033],[128.12622,37.0503],[128.12615,37.05025],[128.12578,37.04977],[128.12571,37.04964],[128.12569,37.04949],[128.12569,37.04945],[128.12571,37.0493],[128.12578,37.04914],[128.12586,37.049],[128.12611,37.04869],[128.12633,37.04847],[128.12955,37.04594],[128.12963,37.04589],[128.1297,37.04585],[128.12975,37.04583],[128.12982,37.04582],[128.12985,37.04581],[128.12993,37.04581],[128.13015,37.04584],[128.13089,37.04595],[128.13099,37.04597],[128.1325,37.04624],[128.13258,37.04627],[128.13265,37.04631],[128.13281,37.04645],[128.13309,37.04664],[128.13336,37.04679],[128.1336,37.04692],[128.13367,37.04695],[128.13548,37.04764],[128.13562,37.04769],[128.13581,37.04774],[128.13636,37.04784],[128.13804,37.04802],[128.13887,37.04788],[128.14191,37.0473],[128.14453,37.04664],[128.14463,37.04659],[128.14468,37.04655],[128.14777,37.04338],[128.14781,37.04332],[128.14828,37.04239],[128.14929,37.04037],[128.14965,37.03943],[128.15035,37.03512],[128.15036,37.035],[128.15034,37.03489],[128.14969,37.03336],[128.14959,37.03315],[128.14929,37.03261],[128.14923,37.03251],[128.14917,37.03243],[128.14877,37.03145],[128.1481,37.02957],[128.14775,37.0285],[128.14772,37.02841],[128.14769,37.02821],[128.14771,37.02809],[128.14779,37.0278],[128.14927,37.02555],[128.14934,37.02546],[128.14941,37.02538],[128.14944,37.02535],[128.14947,37.02532],[128.1495,37.0253],[128.14952,37.02528],[128.1496,37.02523],[128.14967,37.0252],[128.14971,37.02518],[128.14976,37.02516],[128.14987,37.02512],[128.14998,37.02511],[128.15017,37.0251],[128.15022,37.02512],[128.15029,37.02513],[128.15037,37.02516],[128.15048,37.02522],[128.15067,37.02529],[128.15075,37.02532],[128.15081,37.02534],[128.15103,37.02539],[128.15122,37.02542],[128.15147,37.02546],[128.15333,37.02573],[128.15394,37.02577],[128.15452,37.0258],[128.15466,37.0258],[128.15487,37.02579],[128.15509,37.02577],[128.15531,37.02574],[128.15534,37.02573],[128.15538,37.02572],[128.15573,37.02566],[128.15594,37.02562],[128.15631,37.02552],[128.15731,37.02522],[128.15831,37.02491],[128.15861,37.0248],[128.15875,37.02474],[128.15887,37.02469],[128.15896,37.02466],[128.1591,37.02461],[128.15919,37.0246],[128.15929,37.02459],[128.15939,37.0246],[128.15947,37.02463],[128.15953,37.02467],[128.15956,37.02469],[128.1596,37.02472],[128.15966,37.02477],[128.15972,37.02484],[128.15977,37.0249],[128.15984,37.02498],[128.16008,37.02534],[128.16028,37.0257],[128.16031,37.02576],[128.16037,37.02591],[128.16042,37.02624],[128.16045,37.02688],[128.16043,37.02755],[128.16042,37.0278],[128.16067,37.02872],[128.1613,37.03039],[128.16139,37.03056],[128.16155,37.03086],[128.16176,37.03116],[128.16206,37.03156],[128.16214,37.03164],[128.16392,37.0334],[128.16432,37.03374],[128.16435,37.03374],[128.16441,37.03372],[128.16445,37.03368],[128.16477,37.03327],[128.16522,37.03268],[128.1656,37.03214],[128.16949,37.02861],[128.17092,37.0277],[128.17369,37.02551],[128.17374,37.02547],[128.17378,37.02544],[128.17391,37.02532],[128.17433,37.02486],[128.17518,37.02391],[128.17521,37.02386],[128.17524,37.02382],[128.17529,37.02374],[128.17533,37.02363],[128.17545,37.02315],[128.17638,37.02253],[128.17802,37.02181],[128.17811,37.02177],[128.17817,37.02176],[128.17831,37.02174],[128.17866,37.02173],[128.17894,37.02174],[128.17926,37.02174],[128.17942,37.02175],[128.17955,37.02175],[128.17962,37.02176],[128.17969,37.02177],[128.17973,37.02178],[128.17979,37.0218],[128.17983,37.02182],[128.17986,37.02183],[128.17989,37.02184],[128.17997,37.02189],[128.18021,37.02205],[128.18046,37.02223],[128.18063,37.02239],[128.18065,37.02242],[128.18068,37.02245],[128.18084,37.0226],[128.18099,37.02274],[128.18104,37.02278],[128.1811,37.02283],[128.18115,37.02285],[128.18127,37.02289],[128.18161,37.02298],[128.18754,37.02442],[128.18765,37.02444],[128.18958,37.02456],[128.18979,37.02455],[128.18986,37.02454],[128.18994,37.02452],[128.19021,37.02446],[128.19053,37.02432],[128.19114,37.02407],[128.19213,37.0237],[128.1922,37.02367],[128.19228,37.02366],[128.19523,37.0235],[128.19618,37.02393],[128.19662,37.0244],[128.19667,37.02443],[128.1977,37.02489],[128.19966,37.02555],[128.19975,37.02557],[128.19982,37.02558],[128.1999,37.02557],[128.19999,37.02553],[128.20003,37.02551],[128.20007,37.02549],[128.20059,37.02512],[128.20072,37.02502],[128.20082,37.02493],[128.20091,37.02484],[128.20103,37.0247],[128.20134,37.02435],[128.20144,37.02425],[128.20178,37.02398],[128.2019,37.02392],[128.202,37.02387],[128.20333,37.02336],[128.20345,37.02333],[128.20353,37.02332],[128.20359,37.02331],[128.20472,37.02323],[128.20487,37.02323],[128.20503,37.02324],[128.20521,37.02324],[128.20547,37.02326],[128.20567,37.02327],[128.20578,37.02328],[128.20589,37.02331],[128.20598,37.02335],[128.20602,37.02338],[128.20605,37.02339],[128.20622,37.02355],[128.20645,37.02378],[128.20659,37.02391],[128.20668,37.02398],[128.20685,37.02408],[128.20698,37.02415],[128.20709,37.02417],[128.20896,37.02452],[128.20916,37.02454],[128.20952,37.02455],[128.21125,37.02447],[128.2157,37.02492],[128.22135,37.02559],[128.22148,37.02562],[128.2216,37.02567],[128.22171,37.02574],[128.22203,37.02595],[128.22225,37.02612],[128.2224,37.02623],[128.22345,37.02683],[128.22349,37.02685],[128.22353,37.02687],[128.22361,37.0269],[128.22365,37.02692],[128.22372,37.02695],[128.22389,37.02697],[128.22408,37.027],[128.22431,37.02701],[128.22454,37.02703],[128.22461,37.02703],[128.22469,37.02703],[128.22481,37.02702],[128.22494,37.02702],[128.22524,37.027],[128.22555,37.02689],[128.22565,37.02685],[128.22665,37.0264],[128.22671,37.02636],[128.22676,37.02631],[128.22679,37.02623],[128.22679,37.02614],[128.22678,37.02608],[128.22674,37.02601],[128.22664,37.02585],[128.22656,37.02575],[128.22653,37.0257],[128.22645,37.02549],[128.22644,37.02546],[128.22645,37.02542],[128.22648,37.02537],[128.22652,37.02534],[128.22656,37.02531],[128.22669,37.02524],[128.22813,37.02445],[128.22821,37.02441],[128.22825,37.02441],[128.22829,37.02441],[128.22964,37.02443],[128.22973,37.02443],[128.22984,37.02443],[128.22997,37.02444],[128.23012,37.02446],[128.23028,37.02448],[128.23041,37.02449],[128.23054,37.02452],[128.23069,37.02455],[128.2338,37.02491],[128.23741,37.02502],[128.23749,37.02501],[128.23762,37.02498],[128.23829,37.02482],[128.23836,37.0248],[128.2402,37.02395],[128.24025,37.02393],[128.24038,37.02387],[128.24041,37.02385],[128.24044,37.02384],[128.24057,37.02374],[128.24392,37.02102],[128.24397,37.02098],[128.24405,37.0209],[128.24457,37.02045],[128.24459,37.02041],[128.24583,37.01774],[128.24627,37.01643],[128.24766,37.01385],[128.24773,37.01374],[128.24795,37.01347],[128.24879,37.01254],[128.25071,37.01064],[128.25078,37.01059],[128.2509,37.01052],[128.25258,37.00963],[128.25286,37.00952],[128.25303,37.00948],[128.25319,37.00945],[128.2535,37.0094],[128.25375,37.00936],[128.25379,37.00934],[128.25383,37.00928],[128.25515,37.00721],[128.25522,37.0071],[128.25634,37.00427],[128.25682,37.0028],[128.2575,37.00035],[128.25752,37.00027],[128.25753,37.00019],[128.25753,37.00012],[128.25752,37.00008],[128.25744,36.99976],[128.25736,36.99945],[128.25727,36.99922],[128.25714,36.99895],[128.25698,36.99876],[128.25676,36.99852],[128.25671,36.99847],[128.25665,36.99841],[128.25654,36.99833],[128.2564,36.99824],[128.25631,36.99818],[128.25617,36.9981],[128.25599,36.99803],[128.25576,36.99796],[128.25386,36.99753],[128.25276,36.9974],[128.25268,36.99739],[128.2524,36.99736],[128.25226,36.99735],[128.25215,36.99735],[128.25204,36.99737],[128.25194,36.9974],[128.25176,36.99747],[128.25024,36.99813],[128.24944,36.99862],[128.24885,36.99906],[128.24875,36.99912],[128.24867,36.99916],[128.24856,36.99922],[128.24613,37.00026],[128.2451,37.00067],[128.24437,37.00076],[128.23674,37.00086],[128.23572,37.00085],[128.23456,37.00081],[128.2333,37.00073],[128.23236,37.00067],[128.23078,37.00081],[128.22732,37.00175],[128.22243,37.00335],[128.21847,37.00401],[128.21834,37.00404],[128.21822,37.00409],[128.21811,37.00417],[128.21789,37.00437],[128.21781,37.00443],[128.21759,37.00453],[128.21696,37.00479],[128.2168,37.00486],[128.21675,37.00486],[128.21327,37.0044],[128.21317,37.00437],[128.21313,37.00436],[128.21087,37.00345],[128.20834,37.0021],[128.20729,37.00144],[128.20642,37.00108],[128.20568,37.0009],[128.205,37.00099],[128.20426,37.00107],[128.20376,37.00105],[128.20263,37.00051],[128.20182,36.99983],[128.19748,36.99473],[128.19694,36.99399],[128.1967,36.99243],[128.1965,36.9922],[128.19159,36.98906],[128.18646,36.98595],[128.18163,36.98319],[128.18028,36.98238],[128.1798,36.98197],[128.17843,36.97989],[128.17804,36.97924],[128.17794,36.97862],[128.17732,36.97455],[128.17754,36.97381],[128.17806,36.97331],[128.17977,36.97251],[128.18023,36.97241],[128.18039,36.97227],[128.18109,36.97112],[128.1827,36.9672],[128.1827,36.96653],[128.18212,36.96577],[128.18175,36.96554],[128.17994,36.96506],[128.17941,36.96501],[128.17932,36.96503],[128.17899,36.96512],[128.17846,36.96576],[128.17804,36.96666],[128.1774,36.96756],[128.17667,36.96827],[128.17286,36.97081],[128.17144,36.9712],[128.16439,36.97173],[128.16384,36.97176],[128.16362,36.97171],[128.16342,36.97166],[128.16286,36.97136],[128.1625,36.97089],[128.16153,36.96909],[128.16137,36.96864],[128.16152,36.96757],[128.1615,36.96647],[128.16118,36.96521],[128.16063,36.96475],[128.15969,36.96452],[128.15759,36.9644],[128.15492,36.9641],[128.15383,36.96383],[128.15263,36.96333],[128.152,36.96316],[128.15155,36.96316],[128.15065,36.96356],[128.15053,36.96384],[128.15065,36.96508],[128.15107,36.9661],[128.15111,36.96697],[128.15097,36.96711],[128.14642,36.96971],[128.14618,36.96975],[128.14264,36.96955],[128.14232,36.96947],[128.1422,36.96944],[128.14186,36.96927],[128.14162,36.96894],[128.13871,36.96472],[128.13664,36.96124],[128.13274,36.95565],[128.13204,36.95523],[128.13041,36.95491],[128.12974,36.95482],[128.12914,36.95489],[128.12857,36.95501],[128.12296,36.95621],[128.12017,36.9571],[128.11926,36.95742],[128.11861,36.958],[128.11841,36.95863],[128.11775,36.95974],[128.11534,36.96212],[128.11481,36.96251],[128.10983,36.96451],[128.10525,36.96762],[128.10464,36.96834],[128.10368,36.96967],[128.10302,36.97132],[128.10219,36.9738],[128.10199,36.97489],[128.10246,36.97657],[128.10268,36.97772],[128.10256,36.97844],[128.10229,36.97868],[128.10114,36.97952],[128.10026,36.98036],[128.09991,36.98097],[128.09887,36.98306],[128.09871,36.98375],[128.09889,36.98453],[128.09911,36.9852],[128.09981,36.98669],[128.10037,36.98746],[128.10093,36.98764],[128.10188,36.98786],[128.1029,36.98787],[128.10456,36.98837],[128.10523,36.98883],[128.10545,36.98926],[128.10545,36.98962],[128.10495,36.99054],[128.10431,36.99147],[128.10283,36.99263],[128.10056,36.99372],[128.09746,36.99424],[128.09435,36.99422],[128.09206,36.99385],[128.09047,36.99311],[128.08972,36.99246],[128.08932,36.99155],[128.08734,36.99001],[128.08553,36.99016],[128.08484,36.99036],[128.08431,36.99082],[128.08389,36.99394],[128.08372,36.99549],[128.08364,36.99588],[128.08334,36.99626],[128.08208,36.99719],[128.08105,36.9977],[128.07976,36.99799],[128.07915,36.99832],[128.07906,36.9984],[128.07869,36.99874],[128.07607,37.00254],[128.07613,37.00342],[128.07615,37.00357],[128.07643,37.00554],[128.07646,37.00561],[128.07649,37.00565],[128.08055,37.00886],[128.08327,37.01018],[128.08343,37.01026],[128.08348,37.01027],[128.08362,37.01029],[128.08374,37.01029],[128.0839,37.01027],[128.08434,37.01017],[128.08444,37.01015],[128.08453,37.01014],[128.08458,37.01014],[128.08474,37.01017],[128.08482,37.0102],[128.08493,37.01025],[128.08504,37.01033],[128.08605,37.01127],[128.08608,37.01131],[128.08871,37.01707],[128.08879,37.01726],[128.08883,37.01737],[128.0889,37.01762],[128.08894,37.01795],[128.08892,37.01806],[128.0889,37.01814],[128.08888,37.01819],[128.08882,37.01825],[128.08871,37.01835],[128.08785,37.01903],[128.08778,37.01909],[128.0876,37.01921],[128.08732,37.01939],[128.08721,37.01945],[128.08705,37.01953],[128.08683,37.01963],[128.08675,37.01966],[128.08657,37.0197],[128.08588,37.01988],[128.08579,37.01991],[128.08571,37.01995],[128.08564,37.02],[128.08561,37.02003],[128.08561,37.02007],[128.08564,37.02014],[128.08632,37.02124],[128.0867,37.02183],[128.08773,37.02274],[128.08779,37.02279],[128.08793,37.02287],[128.08801,37.02291],[128.08811,37.02295],[128.08838,37.02304],[128.08852,37.02307],[128.08867,37.02309],[128.08879,37.0231],[128.08832,37.02547],[128.08617,37.02804],[128.08615,37.02808],[128.08612,37.02817],[128.08611,37.02823],[128.08612,37.02826],[128.08615,37.02832],[128.0866,37.02915],[128.08679,37.02946],[128.08737,37.03015],[128.08742,37.03021],[128.0875,37.03027],[128.08759,37.03034],[128.08778,37.03045],[128.08827,37.03072],[128.08839,37.03079],[128.08848,37.03087],[128.08854,37.03095],[128.08859,37.03104],[128.08861,37.03113],[128.0886,37.03124],[128.08858,37.03132],[128.08849,37.03157],[128.08828,37.03206],[128.08823,37.03216],[128.08728,37.03384],[128.0865,37.03504],[128.0849,37.03718],[128.08452,37.03736],[128.08441,37.03743],[128.08434,37.0375],[128.08429,37.03756],[128.08387,37.03822],[128.08384,37.03827],[128.08382,37.03832],[128.08377,37.0385],[128.08375,37.03862],[128.08372,37.03916],[128.08373,37.0416],[128.08374,37.04166],[128.08379,37.04176],[128.08384,37.04184],[128.08391,37.04191],[128.08409,37.04202],[128.08418,37.04209],[128.08423,37.04213],[128.08438,37.04234],[128.08441,37.0424],[128.08443,37.04248],[128.08446,37.04263],[128.08446,37.0445],[128.08444,37.04457],[128.08433,37.04481],[128.08268,37.04767],[128.08246,37.04796],[128.0824,37.04802],[128.08229,37.0481],[128.08195,37.04831],[128.08179,37.04839],[128.08169,37.04843],[128.08143,37.04853],[128.08089,37.04869],[128.08078,37.04872],[128.08066,37.04905],[128.08065,37.04911],[128.08066,37.04917],[128.08068,37.04923],[128.08118,37.05043],[128.08263,37.05363],[128.0831,37.05762],[128.08377,37.06082],[128.08389,37.06093],[128.08399,37.06103],[128.08408,37.06115],[128.08413,37.06123],[128.0855,37.06388],[128.08553,37.06399],[128.08559,37.06433],[128.0856,37.06438],[128.08569,37.06578],[128.08569,37.06587],[128.08568,37.06591],[128.08561,37.066],[128.08549,37.06611],[128.0854,37.06618],[128.08515,37.0663],[128.08507,37.06634],[128.08495,37.06641],[128.08474,37.06657],[128.08467,37.06667],[128.08457,37.06683],[128.08207,37.07089],[128.08202,37.07096],[128.08201,37.07102],[128.08202,37.07113],[128.08206,37.07133],[128.08209,37.07145],[128.08308,37.07413],[128.08336,37.0742],[128.0838,37.07433],[128.08404,37.07447],[128.08418,37.07459],[128.08486,37.0753],[128.08513,37.07562],[128.08583,37.07479],[128.08931,37.07299],[128.08939,37.07296],[128.08956,37.07293],[128.0905,37.07284],[128.09211,37.07306],[128.0924,37.0731],[128.09247,37.0731],[128.09262,37.07306],[128.0927,37.07303],[128.09282,37.07298],[128.09889,37.06933],[128.0996,37.06939],[128.09988,37.0694],[128.10095,37.06925],[128.10109,37.06921],[128.10119,37.06917],[128.10832,37.066],[128.11117,37.06472]]]]}},{"type":"Feature","properties":{"adm_cd":"33030330","adm_nm":"충청북도 제천시 수산면"},"geometry":{"type":"MultiPolygon","coordinates":[[[[128.25386,36.99753],[128.25412,36.99741],[128.25677,36.99572],[128.25685,36.99567],[128.257,36.99556],[128.25706,36.99551],[128.25713,36.99545],[128.25729,36.99528],[128.25735,36.9952],[128.2575,36.99502],[128.25755,36.99496],[128.25818,36.99408],[128.25821,36.99404],[128.25824,36.994],[128.25871,36.9932],[128.25873,36.99316],[128.25874,36.99313],[128.25873,36.99307],[128.25769,36.98846],[128.25766,36.98833],[128.25765,36.98829],[128.25734,36.98724],[128.2573,36.9872],[128.25726,36.98717],[128.25722,36.98716],[128.25716,36.98715],[128.25711,36.98715],[128.25707,36.98716],[128.257,36.98717],[128.25697,36.98718],[128.25693,36.98717],[128.2569,36.98716],[128.25686,36.98715],[128.25679,36.98712],[128.25673,36.98708],[128.25616,36.98671],[128.25615,36.98668],[128.25617,36.9866],[128.2564,36.98598],[128.25641,36.98596],[128.2577,36.98333],[128.25871,36.98134],[128.2588,36.98126],[128.25891,36.98115],[128.25894,36.98112],[128.25901,36.98105],[128.25908,36.98098],[128.25925,36.98072],[128.25928,36.98068],[128.2593,36.98063],[128.25938,36.98046],[128.25947,36.98023],[128.25954,36.98003],[128.25961,36.97981],[128.25962,36.97975],[128.25996,36.97811],[128.26014,36.9772],[128.26043,36.97572],[128.26045,36.97553],[128.26045,36.97548],[128.26045,36.97533],[128.26071,36.97218],[128.26101,36.9693],[128.26229,36.96707],[128.26239,36.96697],[128.26273,36.9666],[128.2628,36.96651],[128.26288,36.96642],[128.2629,36.96639],[128.26292,36.96635],[128.26297,36.96622],[128.26301,36.96606],[128.26301,36.966],[128.263,36.9658],[128.26322,36.96408],[128.26436,36.96292],[128.26625,36.96092],[128.2655,36.96006],[128.2645,36.95914],[128.26433,36.959],[128.2642,36.9589],[128.2639,36.95868],[128.26372,36.95857],[128.26367,36.95854],[128.26363,36.95852],[128.26314,36.95828],[128.26295,36.95819],[128.26278,36.9581],[128.26242,36.95793],[128.26217,36.95779],[128.26209,36.95773],[128.262,36.95765],[128.26193,36.95757],[128.26188,36.95751],[128.26175,36.95733],[128.26135,36.95669],[128.26126,36.95654],[128.26125,36.95651],[128.26127,36.95648],[128.26243,36.95478],[128.26248,36.95471],[128.26324,36.9539],[128.26417,36.95307],[128.26424,36.95303],[128.26426,36.95299],[128.26429,36.95294],[128.26432,36.95285],[128.26433,36.95281],[128.26448,36.95182],[128.2645,36.9517],[128.2645,36.95157],[128.26448,36.95072],[128.26447,36.95063],[128.26442,36.95045],[128.26438,36.95036],[128.26426,36.95013],[128.26412,36.94992],[128.26402,36.9498],[128.26396,36.94973],[128.26391,36.94968],[128.26385,36.94963],[128.26381,36.9496],[128.26359,36.94944],[128.26337,36.94929],[128.26329,36.94926],[128.26322,36.94922],[128.26318,36.9492],[128.26313,36.94918],[128.26303,36.94915],[128.26299,36.94914],[128.26296,36.94914],[128.26292,36.94914],[128.26284,36.94915],[128.26257,36.9492],[128.26252,36.94921],[128.26244,36.94923],[128.26241,36.94924],[128.26235,36.94925],[128.2623,36.94925],[128.26217,36.94924],[128.26207,36.94922],[128.26032,36.94869],[128.26019,36.94865],[128.26013,36.94863],[128.26008,36.94861],[128.26004,36.94858],[128.25999,36.94854],[128.25992,36.94848],[128.25988,36.94843],[128.25984,36.94838],[128.25857,36.94675],[128.25836,36.9463],[128.25824,36.94603],[128.25798,36.94554],[128.25789,36.94543],[128.25598,36.9442],[128.25445,36.94332],[128.25436,36.94327],[128.25425,36.94322],[128.25375,36.94301],[128.25342,36.94289],[128.2531,36.94278],[128.25174,36.94245],[128.25162,36.94243],[128.25146,36.94241],[128.25121,36.94241],[128.25107,36.94241],[128.24795,36.94424],[128.24725,36.94435],[128.24635,36.94425],[128.24593,36.9442],[128.24563,36.94405],[128.24537,36.94379],[128.24501,36.94336],[128.24481,36.94287],[128.24472,36.94231],[128.24478,36.94203],[128.24491,36.94149],[128.24552,36.94068],[128.24585,36.94022],[128.24628,36.93961],[128.24687,36.93862],[128.24705,36.93798],[128.24696,36.93782],[128.24684,36.9376],[128.24635,36.93721],[128.2453,36.93679],[128.24492,36.93671],[128.24444,36.93661],[128.24401,36.93664],[128.24232,36.93713],[128.24192,36.93717],[128.24168,36.9371],[128.24155,36.93706],[128.23919,36.93521],[128.23739,36.93353],[128.2368,36.93277],[128.23621,36.93192],[128.23587,36.93046],[128.23636,36.92652],[128.23695,36.92276],[128.23703,36.91907],[128.2368,36.91511],[128.237,36.91437],[128.23733,36.91403],[128.23794,36.9138],[128.23908,36.91352],[128.23959,36.9134],[128.24013,36.91327],[128.24017,36.91324],[128.24112,36.91256],[128.24196,36.91193],[128.24558,36.90614],[128.24617,36.9051],[128.24618,36.90506],[128.24626,36.90462],[128.24556,36.90135],[128.24468,36.89803],[128.24395,36.89489],[128.24355,36.89206],[128.24384,36.89105],[128.24507,36.88896],[128.24544,36.88843],[128.24577,36.88815],[128.24597,36.88809],[128.24694,36.88793],[128.24727,36.888],[128.24738,36.88805],[128.24754,36.88812],[128.24795,36.88807],[128.24815,36.88796],[128.24821,36.88792],[128.24826,36.88789],[128.24847,36.88772],[128.24907,36.88719],[128.24942,36.88687],[128.2515,36.88471],[128.25154,36.88466],[128.25151,36.88461],[128.25147,36.88458],[128.25139,36.88454],[128.251,36.88444],[128.25093,36.88442],[128.25088,36.8844],[128.25071,36.88437],[128.2497,36.88396],[128.24795,36.88312],[128.24442,36.88047],[128.24327,36.87937],[128.24248,36.87847],[128.2415,36.87889],[128.24023,36.87946],[128.23941,36.88007],[128.23622,36.88175],[128.23492,36.8823],[128.23398,36.88235],[128.23197,36.88197],[128.23114,36.88207],[128.23046,36.88232],[128.22909,36.88313],[128.22902,36.88342],[128.2287,36.88422],[128.22766,36.88522],[128.22635,36.88637],[128.22561,36.88651],[128.22473,36.88669],[128.21946,36.88855],[128.21889,36.889],[128.21834,36.89155],[128.21758,36.89472],[128.21682,36.89588],[128.21521,36.89717],[128.21442,36.89723],[128.21335,36.89704],[128.21187,36.89663],[128.21056,36.89651],[128.21011,36.8966],[128.2095,36.89697],[128.2088,36.8977],[128.2063,36.90114],[128.20487,36.90066],[128.20433,36.90033],[128.20302,36.89965],[128.19977,36.89878],[128.19497,36.8981],[128.19297,36.89796],[128.19204,36.89802],[128.19182,36.89821],[128.19117,36.90267],[128.19078,36.90662],[128.19053,36.90709],[128.18626,36.91075],[128.18473,36.9119],[128.18337,36.91248],[128.18294,36.91287],[128.18226,36.91464],[128.18167,36.91668],[128.18144,36.91747],[128.18088,36.91819],[128.18022,36.91853],[128.17673,36.91869],[128.17577,36.919],[128.17472,36.9195],[128.17366,36.92068],[128.17304,36.92094],[128.17235,36.92097],[128.17004,36.92103],[128.16859,36.92106],[128.16795,36.92145],[128.16779,36.92185],[128.16758,36.92261],[128.1677,36.92378],[128.16804,36.92515],[128.16877,36.92595],[128.1688,36.92676],[128.16862,36.92806],[128.16828,36.92927],[128.1681,36.92954],[128.16771,36.92985],[128.16468,36.93048],[128.16378,36.93037],[128.16311,36.93009],[128.16189,36.92896],[128.16096,36.9277],[128.16055,36.92752],[128.16013,36.92755],[128.15199,36.92988],[128.15147,36.93026],[128.15086,36.93116],[128.15061,36.93215],[128.15084,36.93316],[128.15097,36.9339],[128.15051,36.93468],[128.15022,36.93491],[128.14924,36.93536],[128.14848,36.93574],[128.14791,36.93638],[128.14761,36.93708],[128.14692,36.93918],[128.14678,36.94082],[128.14647,36.94206],[128.14623,36.94251],[128.14567,36.943],[128.14416,36.94384],[128.14336,36.94428],[128.14127,36.94518],[128.14042,36.94602],[128.13886,36.94837],[128.13783,36.95019],[128.1375,36.95078],[128.13732,36.95091],[128.13636,36.95102],[128.13483,36.9512],[128.1337,36.95169],[128.13296,36.95232],[128.13235,36.9531],[128.13194,36.95413],[128.13185,36.95498],[128.13193,36.95513],[128.13204,36.95523],[128.13274,36.95565],[128.13664,36.96124],[128.13871,36.96472],[128.14162,36.96894],[128.14186,36.96927],[128.1422,36.96944],[128.14232,36.96947],[128.14264,36.96955],[128.14618,36.96975],[128.14642,36.96971],[128.15097,36.96711],[128.15111,36.96697],[128.15107,36.9661],[128.15065,36.96508],[128.15053,36.96384],[128.15065,36.96356],[128.15155,36.96316],[128.152,36.96316],[128.15263,36.96333],[128.15383,36.96383],[128.15492,36.9641],[128.15759,36.9644],[128.15969,36.96452],[128.16063,36.96475],[128.16118,36.96521],[128.1615,36.96647],[128.16152,36.96757],[128.16137,36.96864],[128.16153,36.96909],[128.1625,36.97089],[128.16286,36.97136],[128.16342,36.97166],[128.16362,36.97171],[128.16384,36.97176],[128.16439,36.97173],[128.17144,36.9712],[128.17286,36.97081],[128.17667,36.96827],[128.1774,36.96756],[128.17804,36.96666],[128.17846,36.96576],[128.17899,36.96512],[128.17932,36.96503],[128.17941,36.96501],[128.17994,36.96506],[128.18175,36.96554],[128.18212,36.96577],[128.1827,36.96653],[128.1827,36.9672],[128.18109,36.97112],[128.18039,36.97227],[128.18023,36.97241],[128.17977,36.97251],[128.17806,36.97331],[128.17754,36.97381],[128.17732,36.97455],[128.17794,36.97862],[128.17804,36.97924],[128.17843,36.97989],[128.1798,36.98197],[128.18028,36.98238],[128.18163,36.98319],[128.18646,36.98595],[128.19159,36.98906],[128.1965,36.9922],[128.1967,36.99243],[128.19694,36.99399],[128.19748,36.99473],[128.20182,36.99983],[128.20263,37.00051],[128.20376,37.00105],[128.20426,37.00107],[128.205,37.00099],[128.20568,37.0009],[128.20642,37.00108],[128.20729,37.00144],[128.20834,37.0021],[128.21087,37.00345],[128.21313,37.00436],[128.21317,37.00437],[128.21327,37.0044],[128.21675,37.00486],[128.2168,37.00486],[128.21696,37.00479],[128.21759,37.00453],[128.21781,37.00443],[128.21789,37.00437],[128.21811,37.00417],[128.21822,37.00409],[128.21834,37.00404],[128.21847,37.00401],[128.22243,37.00335],[128.22732,37.00175],[128.23078,37.00081],[128.23236,37.00067],[128.2333,37.00073],[128.23456,37.00081],[128.23572,37.00085],[128.23674,37.00086],[128.24437,37.00076],[128.2451,37.00067],[128.24613,37.00026],[128.24856,36.99922],[128.24867,36.99916],[128.24875,36.99912],[128.24885,36.99906],[128.24944,36.99862],[128.25024,36.99813],[128.25176,36.99747],[128.25194,36.9974],[128.25204,36.99737],[128.25215,36.99735],[128.25226,36.99735],[128.2524,36.99736],[128.25268,36.99739],[128.25276,36.9974],[128.25386,36.99753]]]]}},{"type":"Feature","properties":{"adm_cd":"33030340","adm_nm":"충청북도 제천시 덕산면"},"geometry":{"type":"MultiPolygon","coordinates":[[[[128.24248,36.87847],[128.2419,36.87679],[128.24174,36.87449],[128.24192,36.87279],[128.24045,36.87125],[128.23979,36.86821],[128.23903,36.8652],[128.237,36.86429],[128.23663,36.86411],[128.23401,36.86265],[128.23521,36.86097],[128.23526,36.8609],[128.23496,36.85871],[128.23441,36.85733],[128.23396,36.8557],[128.23411,36.85501],[128.23435,36.85404],[128.2355,36.8524],[128.23772,36.85116],[128.23783,36.85107],[128.23783,36.85091],[128.23708,36.84844],[128.23682,36.84812],[128.23653,36.84807],[128.23362,36.84765],[128.23265,36.84755],[128.2299,36.84746],[128.22275,36.84728],[128.22138,36.84735],[128.21881,36.84777],[128.21546,36.84899],[128.21382,36.85],[128.21374,36.84858],[128.21426,36.844],[128.21359,36.84289],[128.21283,36.8394],[128.21498,36.83517],[128.21545,36.83389],[128.21524,36.83244],[128.21555,36.83029],[128.21621,36.8277],[128.21637,36.82547],[128.21608,36.82302],[128.21607,36.82285],[128.21737,36.82167],[128.21778,36.8206],[128.2185,36.81538],[128.21839,36.81476],[128.21699,36.81305],[128.21633,36.81286],[128.21439,36.81268],[128.21101,36.81301],[128.20995,36.81319],[128.20876,36.81353],[128.20208,36.81557],[128.19261,36.81785],[128.1922,36.81793],[128.19148,36.81743],[128.19045,36.81687],[128.18913,36.81702],[128.18328,36.81799],[128.1827,36.8181],[128.18157,36.81856],[128.18077,36.81899],[128.17854,36.8201],[128.1769,36.8208],[128.17587,36.82119],[128.17082,36.82157],[128.16955,36.82158],[128.16847,36.82138],[128.16762,36.82105],[128.16639,36.82054],[128.16617,36.82045],[128.16521,36.82002],[128.16468,36.82002],[128.16413,36.82012],[128.16196,36.82078],[128.16057,36.82123],[128.15602,36.82331],[128.1557,36.82354],[128.15531,36.82432],[128.15519,36.8247],[128.15466,36.8253],[128.15288,36.82615],[128.15082,36.82715],[128.14646,36.82942],[128.14573,36.82995],[128.14541,36.83072],[128.14522,36.83155],[128.14493,36.83241],[128.14425,36.83264],[128.14293,36.83238],[128.14201,36.83234],[128.14154,36.83251],[128.14016,36.83309],[128.13977,36.83339],[128.13959,36.83424],[128.1396,36.83546],[128.13942,36.8357],[128.13805,36.83589],[128.13765,36.83583],[128.13741,36.83566],[128.13648,36.83569],[128.13547,36.83592],[128.13481,36.83616],[128.13375,36.83674],[128.13208,36.8378],[128.13013,36.83968],[128.12974,36.84046],[128.1283,36.84144],[128.12503,36.84269],[128.12379,36.84302],[128.12296,36.84308],[128.12147,36.84305],[128.12047,36.84284],[128.1203,36.84284],[128.12007,36.84308],[128.12007,36.84385],[128.12012,36.84585],[128.12036,36.84623],[128.12296,36.84913],[128.12431,36.85026],[128.12512,36.85089],[128.12565,36.85125],[128.12585,36.85149],[128.12624,36.85207],[128.12642,36.85245],[128.12642,36.85264],[128.12634,36.85324],[128.1263,36.8535],[128.1255,36.8574],[128.12542,36.8577],[128.12518,36.85811],[128.12488,36.85855],[128.12392,36.85962],[128.11979,36.86564],[128.1188,36.86584],[128.11505,36.86757],[128.11463,36.86793],[128.11363,36.86974],[128.11264,36.87109],[128.11216,36.87143],[128.11017,36.87282],[128.10962,36.87302],[128.10883,36.87313],[128.10851,36.87328],[128.10688,36.87489],[128.10636,36.87581],[128.10532,36.87938],[128.10488,36.88102],[128.1055,36.8833],[128.10583,36.88382],[128.10654,36.88454],[128.10646,36.88545],[128.10604,36.88581],[128.1052,36.88608],[128.10414,36.88668],[128.10368,36.88716],[128.10249,36.88909],[128.1014,36.89101],[128.09956,36.89367],[128.09837,36.89506],[128.09757,36.89551],[128.09594,36.89623],[128.09476,36.89687],[128.08812,36.90201],[128.08793,36.90244],[128.08785,36.90294],[128.08779,36.90446],[128.08786,36.90534],[128.0881,36.90668],[128.08855,36.90744],[128.08922,36.90808],[128.09001,36.90886],[128.09045,36.90956],[128.09052,36.90993],[128.0904,36.91403],[128.09031,36.9148],[128.0895,36.91659],[128.08938,36.91735],[128.08912,36.91989],[128.08922,36.92065],[128.08982,36.92114],[128.09076,36.9214],[128.09178,36.92149],[128.09258,36.92153],[128.09421,36.92124],[128.09531,36.92075],[128.0963,36.92003],[128.09749,36.91888],[128.0978,36.91815],[128.09781,36.91685],[128.09854,36.91591],[128.09988,36.91427],[128.10344,36.91104],[128.10447,36.91044],[128.10545,36.91021],[128.10711,36.91025],[128.10896,36.91039],[128.1093,36.91056],[128.10941,36.91086],[128.10974,36.91199],[128.10962,36.9122],[128.10749,36.91343],[128.10585,36.91451],[128.10532,36.91508],[128.105,36.91643],[128.10482,36.91922],[128.10503,36.92047],[128.10552,36.92102],[128.10607,36.92163],[128.10705,36.92252],[128.10938,36.92354],[128.11096,36.92408],[128.11156,36.92454],[128.11193,36.925],[128.11204,36.92555],[128.11188,36.926],[128.11161,36.92703],[128.11167,36.92828],[128.11332,36.92957],[128.11456,36.93023],[128.11543,36.93015],[128.11656,36.93009],[128.11701,36.93022],[128.1204,36.93128],[128.12082,36.93143],[128.12296,36.93253],[128.12471,36.93349],[128.12516,36.93385],[128.12587,36.93449],[128.12628,36.93539],[128.12676,36.93676],[128.127,36.93696],[128.1274,36.93706],[128.12772,36.93711],[128.1283,36.937],[128.12925,36.9366],[128.13002,36.9363],[128.13069,36.93646],[128.13179,36.93702],[128.13254,36.93748],[128.13304,36.93766],[128.13333,36.93759],[128.13422,36.93717],[128.13534,36.93652],[128.13557,36.9365],[128.13667,36.93656],[128.13911,36.93688],[128.14046,36.93707],[128.14261,36.93738],[128.14376,36.93773],[128.14461,36.93806],[128.14585,36.93861],[128.14633,36.93886],[128.14692,36.93918],[128.14761,36.93708],[128.14791,36.93638],[128.14848,36.93574],[128.14924,36.93536],[128.15022,36.93491],[128.15051,36.93468],[128.15097,36.9339],[128.15084,36.93316],[128.15061,36.93215],[128.15086,36.93116],[128.15147,36.93026],[128.15199,36.92988],[128.16013,36.92755],[128.16055,36.92752],[128.16096,36.9277],[128.16189,36.92896],[128.16311,36.93009],[128.16378,36.93037],[128.16468,36.93048],[128.16771,36.92985],[128.1681,36.92954],[128.16828,36.92927],[128.16862,36.92806],[128.1688,36.92676],[128.16877,36.92595],[128.16804,36.92515],[128.1677,36.92378],[128.16758,36.92261],[128.16779,36.92185],[128.16795,36.92145],[128.16859,36.92106],[128.17004,36.92103],[128.17235,36.92097],[128.17304,36.92094],[128.17366,36.92068],[128.17472,36.9195],[128.17577,36.919],[128.17673,36.91869],[128.18022,36.91853],[128.18088,36.91819],[128.18144,36.91747],[128.18167,36.91668],[128.18226,36.91464],[128.18294,36.91287],[128.18337,36.91248],[128.18473,36.9119],[128.18626,36.91075],[128.19053,36.90709],[128.19078,36.90662],[128.19117,36.90267],[128.19182,36.89821],[128.19204,36.89802],[128.19297,36.89796],[128.19497,36.8981],[128.19977,36.89878],[128.20302,36.89965],[128.20433,36.90033],[128.20487,36.90066],[128.2063,36.90114],[128.2088,36.8977],[128.2095,36.89697],[128.21011,36.8966],[128.21056,36.89651],[128.21187,36.89663],[128.21335,36.89704],[128.21442,36.89723],[128.21521,36.89717],[128.21682,36.89588],[128.21758,36.89472],[128.21834,36.89155],[128.21889,36.889],[128.21946,36.88855],[128.22473,36.88669],[128.22561,36.88651],[128.22635,36.88637],[128.22766,36.88522],[128.2287,36.88422],[128.22902,36.88342],[128.22909,36.88313],[128.23046,36.88232],[128.23114,36.88207],[128.23197,36.88197],[128.23398,36.88235],[128.23492,36.8823],[128.23622,36.88175],[128.23941,36.88007],[128.24023,36.87946],[128.2415,36.87889],[128.24248,36.87847]]]]}},{"type":"Feature","properties":{"adm_cd":"33030350","adm_nm":"충청북도 제천시 한수면"},"geometry":{"type":"MultiPolygon","coordinates":[[[[128.13204,36.95523],[128.13193,36.95513],[128.13185,36.95498],[128.13194,36.95413],[128.13235,36.9531],[128.13296,36.95232],[128.1337,36.95169],[128.13483,36.9512],[128.13636,36.95102],[128.13732,36.95091],[128.1375,36.95078],[128.13783,36.95019],[128.13886,36.94837],[128.14042,36.94602],[128.14127,36.94518],[128.14336,36.94428],[128.14416,36.94384],[128.14567,36.943],[128.14623,36.94251],[128.14647,36.94206],[128.14678,36.94082],[128.14692,36.93918],[128.14633,36.93886],[128.14585,36.93861],[128.14461,36.93806],[128.14376,36.93773],[128.14261,36.93738],[128.14046,36.93707],[128.13911,36.93688],[128.13667,36.93656],[128.13557,36.9365],[128.13534,36.93652],[128.13422,36.93717],[128.13333,36.93759],[128.13304,36.93766],[128.13254,36.93748],[128.13179,36.93702],[128.13069,36.93646],[128.13002,36.9363],[128.12925,36.9366],[128.1283,36.937],[128.12772,36.93711],[128.1274,36.93706],[128.127,36.93696],[128.12676,36.93676],[128.12628,36.93539],[128.12587,36.93449],[128.12516,36.93385],[128.12471,36.93349],[128.12296,36.93253],[128.12082,36.93143],[128.1204,36.93128],[128.11701,36.93022],[128.11656,36.93009],[128.11543,36.93015],[128.11456,36.93023],[128.11332,36.92957],[128.11167,36.92828],[128.11161,36.92703],[128.11188,36.926],[128.11204,36.92555],[128.11193,36.925],[128.11156,36.92454],[128.11096,36.92408],[128.10938,36.92354],[128.10705,36.92252],[128.10607,36.92163],[128.10552,36.92102],[128.10503,36.92047],[128.10482,36.91922],[128.105,36.91643],[128.10532,36.91508],[128.10585,36.91451],[128.10749,36.91343],[128.10962,36.9122],[128.10974,36.91199],[128.10941,36.91086],[128.1093,36.91056],[128.10896,36.91039],[128.10711,36.91025],[128.10545,36.91021],[128.10447,36.91044],[128.10344,36.91104],[128.09988,36.91427],[128.09854,36.91591],[128.09781,36.91685],[128.0978,36.91815],[128.09749,36.91888],[128.0963,36.92003],[128.09531,36.92075],[128.09421,36.92124],[128.09258,36.92153],[128.09178,36.92149],[128.09076,36.9214],[128.08982,36.92114],[128.08922,36.92065],[128.08912,36.91989],[128.08938,36.91735],[128.0895,36.91659],[128.09031,36.9148],[128.0904,36.91403],[128.09052,36.90993],[128.09045,36.90956],[128.09001,36.90886],[128.08922,36.90808],[128.08855,36.90744],[128.0881,36.90668],[128.08786,36.90534],[128.08779,36.90446],[128.08785,36.90294],[128.08793,36.90244],[128.08812,36.90201],[128.09476,36.89687],[128.09594,36.89623],[128.09757,36.89551],[128.09837,36.89506],[128.09956,36.89367],[128.1014,36.89101],[128.10249,36.88909],[128.10368,36.88716],[128.10414,36.88668],[128.1052,36.88608],[128.10604,36.88581],[128.10646,36.88545],[128.10654,36.88454],[128.10583,36.88382],[128.1055,36.8833],[128.10488,36.88102],[128.10532,36.87938],[128.10636,36.87581],[128.10688,36.87489],[128.10851,36.87328],[128.10883,36.87313],[128.10962,36.87302],[128.11017,36.87282],[128.11216,36.87143],[128.11264,36.87109],[128.11363,36.86974],[128.11463,36.86793],[128.11505,36.86757],[128.1188,36.86584],[128.11979,36.86564],[128.12392,36.85962],[128.12488,36.85855],[128.12518,36.85811],[128.12542,36.8577],[128.1255,36.8574],[128.1263,36.8535],[128.12634,36.85324],[128.12642,36.85264],[128.12642,36.85245],[128.12624,36.85207],[128.12585,36.85149],[128.12565,36.85125],[128.12512,36.85089],[128.12431,36.85026],[128.12296,36.84913],[128.12036,36.84623],[128.12012,36.84585],[128.12007,36.84385],[128.12007,36.84308],[128.1203,36.84284],[128.12047,36.84284],[128.12147,36.84305],[128.12296,36.84308],[128.12379,36.84302],[128.12503,36.84269],[128.1283,36.84144],[128.12974,36.84046],[128.13013,36.83968],[128.13208,36.8378],[128.13375,36.83674],[128.13481,36.83616],[128.13547,36.83592],[128.13648,36.83569],[128.13741,36.83566],[128.13765,36.83583],[128.13805,36.83589],[128.13942,36.8357],[128.1396,36.83546],[128.13959,36.83424],[128.13596,36.83407],[128.13415,36.83214],[128.13366,36.83222],[128.13187,36.83208],[128.13068,36.83216],[128.13017,36.83231],[128.12944,36.83275],[128.12886,36.83325],[128.12828,36.83378],[128.12797,36.83402],[128.12736,36.83422],[128.12645,36.83419],[128.11979,36.83231],[128.11262,36.83058],[128.10916,36.8308],[128.10717,36.83103],[128.10352,36.83212],[128.09715,36.83421],[128.09482,36.83526],[128.09472,36.83537],[128.09399,36.83674],[128.09399,36.83687],[128.09411,36.83703],[128.09444,36.83728],[128.09461,36.83748],[128.09464,36.83765],[128.09461,36.8379],[128.09434,36.83969],[128.09369,36.84254],[128.09315,36.84483],[128.09157,36.84885],[128.09132,36.8494],[128.09096,36.84963],[128.08718,36.85188],[128.08694,36.85177],[128.08542,36.85042],[128.08444,36.84952],[128.08324,36.84894],[128.08265,36.84886],[128.08198,36.84893],[128.08114,36.84905],[128.07972,36.84875],[128.07841,36.84841],[128.07726,36.84793],[128.07613,36.84717],[128.07538,36.8469],[128.07254,36.84598],[128.07038,36.84542],[128.06914,36.84506],[128.06879,36.84486],[128.06807,36.84434],[128.06516,36.84088],[128.06281,36.83819],[128.06184,36.83751],[128.06163,36.83745],[128.06134,36.83745],[128.05948,36.83844],[128.05901,36.83882],[128.05871,36.83914],[128.05753,36.84129],[128.05734,36.84197],[128.05767,36.84254],[128.0578,36.84329],[128.04729,36.84687],[128.04187,36.84869],[128.04108,36.849],[128.03749,36.85241],[128.03702,36.85306],[128.03634,36.855],[128.03623,36.85562],[128.03721,36.85724],[128.03824,36.85875],[128.0385,36.8598],[128.03881,36.86007],[128.03935,36.86045],[128.04085,36.86109],[128.04147,36.8613],[128.04419,36.86383],[128.04415,36.86417],[128.04437,36.86545],[128.0458,36.86924],[128.04618,36.86969],[128.04647,36.86986],[128.04732,36.8703],[128.04878,36.87065],[128.04958,36.87071],[128.0517,36.87107],[128.05181,36.87132],[128.05214,36.87238],[128.05293,36.87483],[128.05492,36.88069],[128.0555,36.88165],[128.05643,36.88239],[128.05762,36.88294],[128.05859,36.88355],[128.05968,36.88447],[128.06108,36.88577],[128.0613,36.88602],[128.0613,36.88618],[128.06105,36.88646],[128.06027,36.88696],[128.05993,36.88724],[128.05988,36.88756],[128.05996,36.88774],[128.0601,36.88809],[128.06176,36.88998],[128.06266,36.8907],[128.06448,36.89181],[128.06561,36.89253],[128.06634,36.89313],[128.06662,36.89345],[128.06685,36.89413],[128.0673,36.89804],[128.06732,36.89933],[128.06702,36.90022],[128.0669,36.90142],[128.06711,36.90261],[128.06729,36.90334],[128.0676,36.90392],[128.06842,36.90501],[128.06857,36.90537],[128.06802,36.90663],[128.06786,36.90774],[128.06789,36.90817],[128.06804,36.90847],[128.06853,36.9088],[128.07024,36.90946],[128.07131,36.91014],[128.07184,36.91069],[128.07217,36.91159],[128.07211,36.91255],[128.07158,36.91372],[128.07045,36.91482],[128.06864,36.91638],[128.06682,36.91738],[128.06476,36.91846],[128.06436,36.91866],[128.06351,36.91909],[128.06301,36.91942],[128.06213,36.92031],[128.06167,36.92103],[128.06112,36.92337],[128.06092,36.92512],[128.06046,36.92776],[128.05953,36.92951],[128.05841,36.93125],[128.05686,36.93252],[128.05568,36.93321],[128.05401,36.93387],[128.05188,36.93441],[128.05063,36.93468],[128.04811,36.935],[128.04516,36.93574],[128.0433,36.93683],[128.04191,36.93852],[128.04127,36.94049],[128.04123,36.94095],[128.04111,36.94213],[128.04157,36.94395],[128.04266,36.94814],[128.04338,36.95185],[128.04436,36.95159],[128.04793,36.95186],[128.04932,36.95218],[128.05121,36.95317],[128.05209,36.95396],[128.05251,36.95434],[128.05306,36.95476],[128.05459,36.95593],[128.05625,36.95683],[128.05878,36.95744],[128.06149,36.95764],[128.06337,36.95769],[128.06521,36.95753],[128.06644,36.95722],[128.06823,36.95645],[128.072,36.9545],[128.07577,36.95222],[128.07771,36.95155],[128.0802,36.95089],[128.08221,36.95047],[128.08391,36.95036],[128.08511,36.95048],[128.0862,36.95082],[128.08714,36.95122],[128.08812,36.95196],[128.08864,36.95272],[128.08873,36.95436],[128.08853,36.95588],[128.08744,36.95944],[128.08703,36.96198],[128.08668,36.96508],[128.08657,36.96818],[128.08676,36.97128],[128.08713,36.97284],[128.08782,36.97476],[128.08859,36.97758],[128.09012,36.98489],[128.09081,36.98901],[128.09011,36.9897],[128.08961,36.9899],[128.08926,36.98997],[128.08889,36.98998],[128.08734,36.99001],[128.08932,36.99155],[128.08972,36.99246],[128.09047,36.99311],[128.09206,36.99385],[128.09435,36.99422],[128.09746,36.99424],[128.10056,36.99372],[128.10283,36.99263],[128.10431,36.99147],[128.10495,36.99054],[128.10545,36.98962],[128.10545,36.98926],[128.10523,36.98883],[128.10456,36.98837],[128.1029,36.98787],[128.10188,36.98786],[128.10093,36.98764],[128.10037,36.98746],[128.09981,36.98669],[128.09911,36.9852],[128.09889,36.98453],[128.09871,36.98375],[128.09887,36.98306],[128.09991,36.98097],[128.10026,36.98036],[128.10114,36.97952],[128.10229,36.97868],[128.10256,36.97844],[128.10268,36.97772],[128.10246,36.97657],[128.10199,36.97489],[128.10219,36.9738],[128.10302,36.97132],[128.10368,36.96967],[128.10464,36.96834],[128.10525,36.96762],[128.10983,36.96451],[128.11481,36.96251],[128.11534,36.96212],[128.11775,36.95974],[128.11841,36.95863],[128.11861,36.958],[128.11926,36.95742],[128.12017,36.9571],[128.12296,36.95621],[128.12857,36.95501],[128.12914,36.95489],[128.12974,36.95482],[128.13041,36.95491],[128.13204,36.95523]]]]}},{"type":"Feature","properties":{"adm_cd":"33030360","adm_nm":"충청북도 제천시 백운면"},"geometry":{"type":"MultiPolygon","coordinates":[[[[128.01904,37.2444],[128.01859,37.24224],[128.01858,37.24216],[128.01857,37.2421],[128.01862,37.24121],[128.01871,37.24014],[128.0188,37.23961],[128.01989,37.23462],[128.02131,37.23231],[128.02418,37.22878],[128.0261,37.22712],[128.02628,37.22712],[128.02642,37.22713],[128.02661,37.22712],[128.02685,37.22711],[128.0274,37.22705],[128.02743,37.22705],[128.02796,37.22698],[128.02824,37.22682],[128.03163,37.2242],[128.03178,37.22405],[128.03182,37.22402],[128.0319,37.22366],[128.03223,37.22223],[128.03224,37.22215],[128.03208,37.22187],[128.03201,37.22173],[128.03185,37.22089],[128.03186,37.22067],[128.03188,37.2206],[128.03335,37.21897],[128.03354,37.2189],[128.03456,37.21873],[128.03493,37.21869],[128.03522,37.21872],[128.03549,37.21867],[128.03614,37.21853],[128.03644,37.21843],[128.03666,37.21826],[128.03697,37.21796],[128.03894,37.21602],[128.03911,37.21584],[128.03928,37.21555],[128.03924,37.21539],[128.0372,37.21267],[128.03682,37.21219],[128.03627,37.2118],[128.03559,37.21137],[128.03534,37.21123],[128.03504,37.21119],[128.03489,37.2112],[128.03462,37.21121],[128.03436,37.21103],[128.03374,37.21045],[128.0335,37.21017],[128.03335,37.20999],[128.02995,37.20357],[128.02983,37.20297],[128.0298,37.20285],[128.02978,37.2025],[128.02981,37.20219],[128.02989,37.20191],[128.03007,37.20164],[128.03025,37.20151],[128.03038,37.20143],[128.03057,37.20137],[128.03081,37.20129],[128.031,37.20118],[128.03157,37.20038],[128.03161,37.2003],[128.03167,37.20016],[128.0318,37.19966],[128.03186,37.19928],[128.03208,37.19704],[128.03205,37.19677],[128.03194,37.19601],[128.03176,37.19498],[128.0315,37.19394],[128.03166,37.19369],[128.03214,37.19329],[128.03302,37.19257],[128.03676,37.18969],[128.03735,37.18942],[128.03739,37.1894],[128.03786,37.18922],[128.0395,37.18881],[128.0397,37.1888],[128.04048,37.18898],[128.04115,37.18773],[128.04197,37.18549],[128.04302,37.18213],[128.04425,37.17778],[128.04429,37.17773],[128.04542,37.17669],[128.0456,37.17655],[128.04601,37.17628],[128.0474,37.1754],[128.04843,37.17479],[128.04851,37.17473],[128.04871,37.17455],[128.04949,37.17379],[128.04959,37.17368],[128.04967,37.17351],[128.0497,37.1734],[128.04991,37.17251],[128.04997,37.1722],[128.05001,37.17115],[128.05001,37.17094],[128.04999,37.17088],[128.04995,37.17081],[128.04982,37.17071],[128.04963,37.1706],[128.04885,37.17013],[128.04763,37.16947],[128.04753,37.16943],[128.04745,37.16941],[128.04731,37.1694],[128.04696,37.1695],[128.04659,37.16965],[128.04627,37.16977],[128.04621,37.16977],[128.04557,37.16918],[128.04543,37.16899],[128.04505,37.16841],[128.04496,37.16821],[128.04491,37.1681],[128.04485,37.16793],[128.04483,37.16775],[128.04486,37.16757],[128.04551,37.16629],[128.04564,37.1661],[128.04574,37.16601],[128.04586,37.16592],[128.04741,37.16507],[128.05515,37.1598],[128.05536,37.15955],[128.05776,37.15658],[128.06159,37.15424],[128.06183,37.15413],[128.0619,37.15406],[128.06199,37.15385],[128.06198,37.1537],[128.06197,37.15365],[128.06197,37.15362],[128.06197,37.15357],[128.0606,37.14884],[128.06057,37.14875],[128.05927,37.14679],[128.05909,37.14653],[128.05851,37.14577],[128.05832,37.14556],[128.05818,37.14545],[128.05732,37.144],[128.05675,37.14238],[128.05659,37.141],[128.0566,37.13923],[128.05706,37.13764],[128.05721,37.13751],[128.05728,37.1374],[128.05731,37.13732],[128.05732,37.13719],[128.05729,37.13706],[128.05715,37.13636],[128.0557,37.1291],[128.05566,37.12896],[128.05496,37.12679],[128.05455,37.12613],[128.05422,37.12553],[128.05419,37.12542],[128.05414,37.1251],[128.05409,37.12471],[128.05381,37.12113],[128.05382,37.12093],[128.05383,37.12087],[128.05389,37.12069],[128.05397,37.12047],[128.05404,37.12032],[128.05628,37.11635],[128.05633,37.11629],[128.05772,37.11461],[128.05783,37.11449],[128.05789,37.11444],[128.06302,37.11068],[128.06311,37.11069],[128.06474,37.11073],[128.06523,37.11074],[128.06548,37.11073],[128.06565,37.11069],[128.06579,37.11065],[128.06593,37.11058],[128.06606,37.11051],[128.06755,37.10953],[128.06757,37.1095],[128.06759,37.10947],[128.0676,37.10942],[128.06759,37.10939],[128.06757,37.10935],[128.06751,37.1093],[128.06743,37.10924],[128.06724,37.1091],[128.06714,37.10902],[128.06703,37.10889],[128.06697,37.10877],[128.06688,37.10854],[128.06686,37.10849],[128.06685,37.10839],[128.06684,37.10819],[128.06697,37.10583],[128.06699,37.1057],[128.06701,37.1056],[128.06706,37.10544],[128.06767,37.10398],[128.06799,37.10345],[128.06809,37.10332],[128.06823,37.10315],[128.06838,37.10298],[128.0685,37.10292],[128.0687,37.10284],[128.06883,37.10279],[128.06917,37.10265],[128.06965,37.10243],[128.06993,37.10227],[128.07008,37.10216],[128.07019,37.10207],[128.07037,37.10183],[128.07224,37.09909],[128.07329,37.09744],[128.07541,37.09306],[128.07803,37.08903],[128.07806,37.08894],[128.07806,37.08887],[128.07787,37.088],[128.07756,37.08689],[128.07716,37.08575],[128.07675,37.08465],[128.07664,37.08443],[128.07655,37.0843],[128.07641,37.08413],[128.0762,37.08392],[128.07602,37.08377],[128.07296,37.08509],[128.0725,37.08528],[128.07225,37.08536],[128.0719,37.08544],[128.06857,37.08612],[128.06834,37.08615],[128.06815,37.08617],[128.06803,37.08616],[128.0677,37.08607],[128.06737,37.08596],[128.06694,37.08579],[128.06669,37.08568],[128.06663,37.08569],[128.06272,37.08706],[128.05996,37.08889],[128.05976,37.08903],[128.05943,37.08932],[128.05926,37.08953],[128.0592,37.08965],[128.05918,37.08978],[128.05921,37.08986],[128.05998,37.09156],[128.06011,37.09183],[128.0602,37.09198],[128.06048,37.09238],[128.06079,37.09277],[128.06139,37.09352],[128.0616,37.09377],[128.06215,37.09439],[128.06333,37.09578],[128.06353,37.09608],[128.06358,37.09618],[128.06359,37.09634],[128.06359,37.09645],[128.06356,37.09656],[128.06348,37.09674],[128.06343,37.0968],[128.06334,37.0969],[128.06318,37.09703],[128.06309,37.09708],[128.06282,37.09714],[128.06021,37.09766],[128.05989,37.09771],[128.0583,37.09759],[128.05706,37.09749],[128.05656,37.09744],[128.05567,37.09739],[128.05501,37.09736],[128.05447,37.09736],[128.05399,37.09737],[128.05352,37.0974],[128.05329,37.09748],[128.05311,37.09756],[128.05293,37.09772],[128.04952,37.10089],[128.04905,37.10134],[128.04872,37.10166],[128.04615,37.10427],[128.04593,37.10451],[128.04577,37.10471],[128.04567,37.10486],[128.0456,37.10501],[128.04551,37.1053],[128.04549,37.10546],[128.04549,37.10574],[128.04552,37.10593],[128.04555,37.10613],[128.04568,37.10628],[128.04581,37.10636],[128.04596,37.10641],[128.04611,37.10645],[128.04622,37.10646],[128.04659,37.10649],[128.04681,37.10651],[128.04724,37.10652],[128.04753,37.10651],[128.04766,37.10652],[128.04797,37.10663],[128.04801,37.10665],[128.0481,37.10674],[128.04828,37.1069],[128.04843,37.10711],[128.04856,37.10737],[128.04864,37.1076],[128.04873,37.10801],[128.04877,37.10852],[128.04874,37.10874],[128.04867,37.109],[128.04848,37.1093],[128.04828,37.10952],[128.04772,37.11017],[128.04718,37.11093],[128.04693,37.11139],[128.04669,37.11186],[128.04661,37.11219],[128.04659,37.11251],[128.04662,37.11319],[128.04664,37.11355],[128.04666,37.11394],[128.04665,37.11416],[128.04659,37.11438],[128.0465,37.11461],[128.04609,37.11551],[128.04603,37.11559],[128.04596,37.11562],[128.0458,37.11563],[128.0455,37.11563],[128.04512,37.1156],[128.0447,37.11555],[128.04376,37.11541],[128.04345,37.11534],[128.0432,37.11525],[128.04299,37.11513],[128.04286,37.11501],[128.04271,37.11478],[128.04211,37.11399],[128.04184,37.1137],[128.04156,37.11349],[128.04104,37.11313],[128.04056,37.11282],[128.0401,37.11262],[128.03902,37.1122],[128.03871,37.11213],[128.03816,37.11207],[128.03747,37.11207],[128.03671,37.11218],[128.03624,37.11229],[128.0358,37.11241],[128.03564,37.11248],[128.0354,37.1127],[128.03517,37.11295],[128.03492,37.11319],[128.03466,37.11339],[128.03428,37.11358],[128.03389,37.11373],[128.03217,37.11415],[128.032,37.11419],[128.03103,37.1144],[128.03068,37.11445],[128.03001,37.11452],[128.0293,37.11462],[128.02859,37.11473],[128.02787,37.11483],[128.02678,37.115],[128.02458,37.11542],[128.02413,37.11554],[128.02373,37.11565],[128.02252,37.11608],[128.02225,37.11617],[128.02214,37.11622],[128.02182,37.11636],[128.02164,37.11645],[128.02065,37.11629],[128.01746,37.11477],[128.0173,37.11468],[128.01713,37.11457],[128.01696,37.11443],[128.01682,37.11431],[128.01316,37.11082],[128.01301,37.11066],[128.01296,37.11059],[128.01291,37.11052],[128.01285,37.1104],[128.01177,37.10807],[128.01127,37.10681],[128.01043,37.10443],[128.0107,37.10283],[128.01073,37.10279],[128.011,37.10227],[128.01115,37.10194],[128.01125,37.10171],[128.0113,37.10156],[128.01201,37.09881],[128.01202,37.09874],[128.01202,37.09868],[128.01198,37.09855],[128.01196,37.09848],[128.01191,37.09843],[128.01186,37.0984],[128.01179,37.09838],[128.01171,37.09838],[128.0114,37.09844],[128.01129,37.09847],[128.01106,37.09858],[128.01095,37.09865],[128.01069,37.09884],[128.01052,37.09897],[128.01034,37.09909],[128.01021,37.09917],[128.01002,37.09928],[128.0099,37.09933],[128.00974,37.0994],[128.00968,37.09941],[128.00695,37.09933],[128.0068,37.09931],[128.00663,37.09928],[128.00641,37.09922],[128.00475,37.09858],[128.00464,37.09853],[128.00458,37.09849],[128.00324,37.09867],[128.00092,37.10106],[128.00064,37.10137],[128.00059,37.10144],[127.99996,37.10307],[127.99971,37.10412],[127.99971,37.10419],[127.99971,37.10428],[127.99972,37.10441],[127.99977,37.10464],[127.99977,37.10472],[127.99969,37.10499],[127.99958,37.10533],[127.99915,37.10663],[127.9985,37.10854],[127.99842,37.10869],[127.99821,37.10892],[127.99794,37.10917],[127.99586,37.11],[127.99567,37.11005],[127.99555,37.11005],[127.99551,37.11004],[127.99328,37.10997],[127.98711,37.11117],[127.98671,37.11126],[127.98621,37.11139],[127.98599,37.11148],[127.98589,37.11154],[127.98505,37.11225],[127.98501,37.11229],[127.98484,37.11446],[127.98457,37.1179],[127.9846,37.11828],[127.98462,37.11845],[127.98535,37.11975],[127.98544,37.11987],[127.98569,37.12019],[127.9858,37.12041],[127.98582,37.1205],[127.98595,37.12299],[127.98533,37.12434],[127.98516,37.12469],[127.98506,37.1254],[127.98505,37.12567],[127.98506,37.12577],[127.98534,37.12734],[127.98537,37.12741],[127.98556,37.12779],[127.98564,37.12788],[127.98575,37.12803],[127.98581,37.12807],[127.9859,37.12811],[127.98612,37.12816],[127.98626,37.12819],[127.98634,37.12823],[127.98645,37.12833],[127.98665,37.12854],[127.98703,37.12894],[127.98706,37.12901],[127.98707,37.12909],[127.98692,37.12998],[127.98645,37.13125],[127.98641,37.13134],[127.98633,37.13142],[127.98624,37.1315],[127.98613,37.13158],[127.98601,37.13163],[127.98567,37.13174],[127.98559,37.13176],[127.9855,37.13177],[127.98535,37.13176],[127.98435,37.13158],[127.98342,37.13132],[127.98335,37.1313],[127.98323,37.1313],[127.98291,37.13131],[127.98275,37.13132],[127.98268,37.13135],[127.98265,37.13137],[127.98198,37.13202],[127.98191,37.13212],[127.98156,37.13303],[127.98035,37.13669],[127.97827,37.14006],[127.97748,37.14127],[127.97739,37.14137],[127.97728,37.14146],[127.97709,37.14162],[127.97697,37.14169],[127.97693,37.1417],[127.97459,37.14193],[127.97445,37.14194],[127.97434,37.14194],[127.97423,37.14192],[127.97273,37.1415],[127.97063,37.14226],[127.97062,37.14229],[127.97058,37.14247],[127.97054,37.14268],[127.97046,37.14335],[127.97046,37.1434],[127.97047,37.14344],[127.97089,37.14422],[127.97092,37.14427],[127.97111,37.14452],[127.97131,37.14478],[127.97147,37.14505],[127.97201,37.14622],[127.97201,37.14625],[127.97201,37.14631],[127.97172,37.14846],[127.97133,37.15011],[127.97104,37.15094],[127.97103,37.151],[127.96823,37.15615],[127.96789,37.15647],[127.96783,37.15652],[127.96699,37.15687],[127.95983,37.15969],[127.95486,37.16219],[127.95482,37.16221],[127.95477,37.16222],[127.94807,37.16259],[127.94633,37.16257],[127.94628,37.16256],[127.94557,37.16232],[127.94496,37.16202],[127.94482,37.16197],[127.94474,37.16195],[127.94406,37.1618],[127.94396,37.16179],[127.94381,37.16178],[127.94365,37.16178],[127.94361,37.16179],[127.94357,37.1618],[127.94351,37.16184],[127.94209,37.16275],[127.94063,37.16353],[127.9399,37.16385],[127.93883,37.16398],[127.9388,37.16398],[127.93871,37.16398],[127.93849,37.16393],[127.93776,37.1637],[127.93707,37.16344],[127.93654,37.16323],[127.9358,37.16319],[127.93575,37.16319],[127.93333,37.16364],[127.9283,37.1646],[127.92668,37.165],[127.92622,37.16518],[127.9266,37.16721],[127.92705,37.16929],[127.92707,37.16934],[127.92712,37.16941],[127.92717,37.16948],[127.93161,37.17483],[127.93165,37.17486],[127.9317,37.1749],[127.93238,37.17543],[127.93244,37.17548],[127.93254,37.17554],[127.93264,37.17559],[127.93269,37.17561],[127.93307,37.1757],[127.93319,37.17574],[127.9334,37.17582],[127.93346,37.17585],[127.93351,37.17589],[127.93357,37.17597],[127.93359,37.17602],[127.9336,37.17611],[127.93358,37.17645],[127.93315,37.18079],[127.93286,37.18256],[127.93283,37.18261],[127.93284,37.18264],[127.9336,37.18362],[127.93375,37.18379],[127.93384,37.1839],[127.93464,37.18467],[127.93475,37.18476],[127.9349,37.18487],[127.93512,37.18499],[127.93655,37.18881],[127.93528,37.19025],[127.9335,37.19294],[127.93343,37.19312],[127.93335,37.1933],[127.93327,37.19348],[127.93294,37.19476],[127.93274,37.19572],[127.93205,37.20091],[127.9321,37.20101],[127.93214,37.20109],[127.93219,37.20131],[127.93222,37.20169],[127.93235,37.20465],[127.93238,37.2075],[127.92933,37.21259],[127.92872,37.21349],[127.92856,37.21379],[127.92765,37.21604],[127.92674,37.21911],[127.92666,37.21945],[127.92313,37.22194],[127.92297,37.22219],[127.92248,37.22315],[127.92146,37.22532],[127.92129,37.22575],[127.92138,37.22591],[127.92148,37.22607],[127.92155,37.22616],[127.92249,37.22751],[127.9229,37.22794],[127.92648,37.23069],[127.92966,37.23301],[127.93148,37.23398],[127.93165,37.23406],[127.93378,37.23571],[127.93404,37.23599],[127.93555,37.23798],[127.936,37.23884],[127.93602,37.23889],[127.93602,37.23892],[127.93606,37.23895],[127.93674,37.23942],[127.9385,37.2406],[127.93855,37.24064],[127.93866,37.24071],[127.93876,37.24073],[127.93886,37.24071],[127.93899,37.24059],[127.93924,37.2404],[127.93943,37.2403],[127.93967,37.24021],[127.93982,37.24016],[127.94067,37.23993],[127.94077,37.23992],[127.94085,37.23992],[127.94554,37.24046],[127.94558,37.24049],[127.94561,37.24052],[127.94703,37.2435],[127.94739,37.24441],[127.9477,37.24569],[127.9479,37.24663],[127.94789,37.24671],[127.94792,37.24679],[127.94809,37.24694],[127.94838,37.24705],[127.94863,37.24711],[127.94936,37.24727],[127.94941,37.24728],[127.95681,37.24877],[127.95754,37.24923],[127.95845,37.24979],[127.95927,37.25025],[127.9594,37.25026],[127.96006,37.25029],[127.96104,37.25034],[127.96136,37.25035],[127.96149,37.25032],[127.96161,37.25026],[127.96173,37.25012],[127.96182,37.25007],[127.96202,37.25003],[127.96266,37.24989],[127.96271,37.2499],[127.96282,37.24995],[127.96566,37.25159],[127.96773,37.25284],[127.96793,37.25297],[127.96806,37.25307],[127.96826,37.25326],[127.96838,37.25338],[127.97265,37.25683],[127.97903,37.25849],[127.97917,37.2585],[127.97926,37.25851],[127.97933,37.2585],[127.97954,37.25838],[127.97971,37.25823],[127.98002,37.25794],[127.98106,37.25688],[127.98109,37.25686],[127.98117,37.25687],[127.98129,37.25689],[127.98136,37.25691],[127.98241,37.25712],[127.98246,37.25714],[127.98382,37.25765],[127.98488,37.25808],[127.98493,37.25811],[127.98505,37.25816],[127.98513,37.25818],[127.98518,37.25818],[127.98535,37.25815],[127.9865,37.25789],[127.98658,37.25787],[127.98802,37.25715],[127.98832,37.25692],[127.98872,37.25654],[127.99014,37.25556],[127.99058,37.25534],[127.99062,37.25532],[127.99436,37.25375],[127.99531,37.25418],[127.99768,37.25464],[127.99836,37.25474],[127.99907,37.25464],[128.002,37.25329],[128.00753,37.2517],[128.00778,37.25156],[128.00785,37.25152],[128.01102,37.24945],[128.01162,37.24848],[128.01227,37.24756],[128.01256,37.24732],[128.01303,37.247],[128.0135,37.24673],[128.01387,37.24657],[128.014,37.24653],[128.01423,37.24649],[128.01627,37.24632],[128.01656,37.24638],[128.01662,37.24638],[128.01683,37.24625],[128.01834,37.24513],[128.01904,37.2444]]]]}},{"type":"Feature","properties":{"adm_cd":"33030370","adm_nm":"충청북도 제천시 송학면"},"geometry":{"type":"MultiPolygon","coordinates":[[[[128.30148,37.21699],[128.30249,37.21677],[128.30338,37.2166],[128.30353,37.21658],[128.30379,37.21656],[128.304,37.21654],[128.30413,37.21654],[128.30429,37.21653],[128.3085,37.21691],[128.30856,37.21692],[128.30935,37.21747],[128.30939,37.21751],[128.30942,37.21754],[128.30943,37.21759],[128.30945,37.2177],[128.30949,37.21791],[128.30962,37.21833],[128.30969,37.21851],[128.30979,37.21867],[128.30985,37.21877],[128.30997,37.21895],[128.3101,37.21912],[128.31208,37.22107],[128.31218,37.22115],[128.31478,37.22309],[128.31499,37.22325],[128.31507,37.2233],[128.31516,37.22335],[128.31525,37.22338],[128.31531,37.2234],[128.31542,37.22344],[128.31546,37.22345],[128.31555,37.22346],[128.31567,37.22347],[128.31579,37.22348],[128.31602,37.22347],[128.31628,37.22346],[128.31652,37.22344],[128.31658,37.22343],[128.31662,37.22341],[128.31923,37.22097],[128.31925,37.2209],[128.31935,37.22075],[128.31956,37.22046],[128.32018,37.21963],[128.32026,37.21952],[128.32032,37.21946],[128.32038,37.21941],[128.32043,37.21938],[128.32047,37.21936],[128.32636,37.2182],[128.3305,37.21654],[128.33124,37.2128],[128.33013,37.21056],[128.33011,37.21051],[128.33008,37.21042],[128.33004,37.2103],[128.32998,37.21007],[128.3292,37.20517],[128.3295,37.20406],[128.32961,37.2037],[128.32971,37.20345],[128.32977,37.20334],[128.3298,37.20321],[128.32979,37.20297],[128.32971,37.20215],[128.32744,37.19875],[128.32158,37.19593],[128.31924,37.19621],[128.3163,37.19661],[128.31482,37.19676],[128.31459,37.19678],[128.31438,37.19679],[128.31415,37.19679],[128.31402,37.19679],[128.31394,37.19679],[128.31363,37.19679],[128.31354,37.19678],[128.31345,37.19678],[128.31342,37.19677],[128.31338,37.19676],[128.31332,37.19674],[128.31321,37.19669],[128.31314,37.19664],[128.3131,37.1966],[128.31307,37.19655],[128.31306,37.19649],[128.31294,37.19523],[128.31295,37.19507],[128.31378,37.19046],[128.31395,37.19028],[128.31402,37.1902],[128.31408,37.19008],[128.31409,37.19003],[128.31409,37.18998],[128.31408,37.18993],[128.31374,37.18919],[128.31344,37.18872],[128.31297,37.18807],[128.31292,37.18802],[128.31286,37.18797],[128.31269,37.18785],[128.31264,37.18783],[128.31252,37.18778],[128.31167,37.18748],[128.3084,37.18637],[128.3064,37.18658],[128.30222,37.18612],[128.29592,37.18306],[128.29587,37.18303],[128.29584,37.18299],[128.29581,37.18292],[128.2958,37.18286],[128.2958,37.18266],[128.2958,37.18259],[128.29599,37.17934],[128.29601,37.17905],[128.29604,37.17877],[128.2961,37.17854],[128.29768,37.17336],[128.29787,37.17291],[128.29794,37.17277],[128.29818,37.1723],[128.29382,37.17078],[128.29337,37.17063],[128.29322,37.17059],[128.2926,37.17042],[128.29216,37.17029],[128.29202,37.17026],[128.29161,37.17016],[128.29134,37.17011],[128.2912,37.17009],[128.29115,37.17009],[128.29106,37.17008],[128.29091,37.17007],[128.29076,37.17008],[128.2906,37.17011],[128.28242,37.17144],[128.28233,37.17146],[128.28226,37.1715],[128.28216,37.17158],[128.28204,37.17167],[128.28192,37.1718],[128.28182,37.17191],[128.28178,37.17196],[128.28157,37.1722],[128.2813,37.17253],[128.28111,37.17276],[128.28088,37.17297],[128.28081,37.17302],[128.2807,37.17308],[128.28063,37.17311],[128.28059,37.17313],[128.28054,37.17315],[128.28044,37.17315],[128.28039,37.17315],[128.27992,37.17309],[128.27975,37.17306],[128.27955,37.173],[128.27832,37.17265],[128.27774,37.17248],[128.27629,37.17205],[128.2762,37.172],[128.27613,37.17196],[128.27605,37.17189],[128.27194,37.16801],[128.27148,37.16751],[128.27118,37.16717],[128.27091,37.16684],[128.27078,37.16667],[128.27066,37.16649],[128.27021,37.16579],[128.27002,37.16544],[128.26993,37.16526],[128.26985,37.16508],[128.26982,37.165],[128.2698,37.16495],[128.26979,37.16488],[128.26977,37.16474],[128.26976,37.16406],[128.26473,37.16055],[128.26469,37.16051],[128.26468,37.16045],[128.26468,37.16039],[128.26469,37.16029],[128.26476,37.16008],[128.26493,37.1596],[128.26494,37.15957],[128.26495,37.15952],[128.26626,37.15611],[128.26785,37.15546],[128.26787,37.15549],[128.2679,37.15551],[128.26793,37.15552],[128.26811,37.15545],[128.26857,37.15526],[128.26879,37.15515],[128.26896,37.15507],[128.2701,37.15444],[128.27034,37.1543],[128.27058,37.15416],[128.27074,37.15404],[128.27082,37.15396],[128.27088,37.15385],[128.27141,37.15295],[128.27147,37.15285],[128.27149,37.15278],[128.27152,37.15265],[128.27185,37.15131],[128.27039,37.15118],[128.27001,37.15115],[128.2698,37.15114],[128.26945,37.15113],[128.26908,37.15114],[128.26735,37.15121],[128.26539,37.15134],[128.26525,37.15135],[128.26512,37.15137],[128.2648,37.15142],[128.26454,37.15146],[128.26444,37.15147],[128.2643,37.15149],[128.2636,37.1515],[128.26347,37.1515],[128.26333,37.15148],[128.26324,37.15147],[128.26313,37.15145],[128.25935,37.15063],[128.25432,37.14895],[128.25132,37.1477],[128.24612,37.14624],[128.24589,37.1462],[128.24572,37.14617],[128.24567,37.14617],[128.24544,37.1462],[128.24538,37.14623],[128.2454,37.14639],[128.24636,37.14772],[128.24758,37.14899],[128.24778,37.14926],[128.24812,37.15055],[128.24814,37.15067],[128.24812,37.15085],[128.2481,37.15098],[128.24807,37.15115],[128.24802,37.15127],[128.24795,37.15134],[128.24773,37.15154],[128.24716,37.15201],[128.24711,37.15204],[128.24708,37.15203],[128.2468,37.15197],[128.24467,37.15388],[128.24483,37.15523],[128.24523,37.15826],[128.24565,37.15927],[128.24714,37.15975],[128.24735,37.15975],[128.24839,37.15944],[128.24895,37.15918],[128.2493,37.15927],[128.25036,37.15984],[128.25193,37.16109],[128.25191,37.1613],[128.25179,37.1622],[128.25079,37.16425],[128.25067,37.16447],[128.24987,37.16549],[128.24912,37.16629],[128.2485,37.16781],[128.24824,37.16879],[128.24822,37.16989],[128.24821,37.17007],[128.24792,37.17102],[128.24756,37.17144],[128.24626,37.1719],[128.24497,37.17231],[128.2443,37.17251],[128.24343,37.17462],[128.24327,37.17527],[128.24317,37.17546],[128.24289,37.17592],[128.24271,37.17613],[128.24244,37.17629],[128.24006,37.17721],[128.23774,37.17806],[128.23736,37.17811],[128.23297,37.17815],[128.23138,37.1777],[128.22894,37.17692],[128.22474,37.17606],[128.2201,37.17576],[128.21583,37.17643],[128.21581,37.17652],[128.21577,37.17658],[128.21472,37.17802],[128.21322,37.17968],[128.20928,37.18039],[128.20864,37.18045],[128.20859,37.18044],[128.20832,37.18037],[128.20825,37.18046],[128.20821,37.18053],[128.206,37.18402],[128.20519,37.18599],[128.20515,37.18609],[128.20494,37.18648],[128.20482,37.18667],[128.20454,37.187],[128.20432,37.1872],[128.20417,37.18732],[128.20401,37.18744],[128.20384,37.18755],[128.20333,37.1878],[128.19853,37.19062],[128.19531,37.19271],[128.19322,37.19344],[128.19307,37.19348],[128.19297,37.19351],[128.19292,37.19352],[128.19288,37.19352],[128.19282,37.19351],[128.19271,37.19349],[128.19259,37.19346],[128.1924,37.19339],[128.19167,37.19326],[128.18974,37.19308],[128.18955,37.19309],[128.18946,37.19314],[128.18942,37.19318],[128.18847,37.19491],[128.18846,37.19496],[128.18846,37.19499],[128.18848,37.19503],[128.18887,37.19599],[128.1889,37.19605],[128.18894,37.19612],[128.189,37.1962],[128.18906,37.19627],[128.18916,37.19637],[128.1894,37.19659],[128.18967,37.19684],[128.18981,37.19698],[128.18993,37.19712],[128.18998,37.1972],[128.19062,37.19931],[128.19064,37.19938],[128.19064,37.19946],[128.19063,37.19957],[128.1902,37.20202],[128.19026,37.20224],[128.19028,37.20232],[128.19027,37.2024],[128.19026,37.20244],[128.18983,37.20327],[128.18975,37.20336],[128.18962,37.20346],[128.18949,37.20356],[128.18935,37.20362],[128.18928,37.20364],[128.18337,37.20363],[128.17804,37.20312],[128.17629,37.20309],[128.17381,37.20643],[128.17127,37.21073],[128.16691,37.2143],[128.16687,37.21436],[128.16684,37.21442],[128.16682,37.2145],[128.16679,37.21462],[128.16672,37.21492],[128.16797,37.21558],[128.17168,37.21764],[128.17175,37.21769],[128.17183,37.21774],[128.17289,37.21856],[128.17303,37.21869],[128.1731,37.21878],[128.17312,37.21882],[128.17314,37.21886],[128.17315,37.21891],[128.17315,37.21912],[128.17315,37.21914],[128.17309,37.21944],[128.17293,37.22007],[128.17282,37.2204],[128.17272,37.22232],[128.17265,37.22475],[128.17271,37.22486],[128.17276,37.2249],[128.1728,37.22492],[128.17297,37.22499],[128.17319,37.22513],[128.17346,37.22532],[128.17365,37.22549],[128.17484,37.22662],[128.17489,37.22667],[128.17594,37.22828],[128.17599,37.22836],[128.17599,37.22842],[128.17595,37.22846],[128.17566,37.22859],[128.17542,37.22871],[128.17536,37.22875],[128.17521,37.2289],[128.17501,37.22915],[128.17466,37.22961],[128.1742,37.2303],[128.17386,37.23089],[128.17382,37.23096],[128.17379,37.23106],[128.17375,37.23124],[128.17376,37.23135],[128.17415,37.23248],[128.17418,37.23253],[128.17816,37.2354],[128.17829,37.23548],[128.18077,37.23668],[128.18291,37.23758],[128.18501,37.23886],[128.18895,37.24171],[128.18905,37.24179],[128.18915,37.24188],[128.18962,37.24231],[128.18971,37.24243],[128.18976,37.24259],[128.18978,37.24266],[128.18985,37.24275],[128.18994,37.24283],[128.19297,37.24484],[128.19429,37.24564],[128.1945,37.24577],[128.19465,37.24584],[128.19488,37.24594],[128.19509,37.24601],[128.19539,37.2461],[128.19574,37.2462],[128.196,37.24628],[128.1965,37.24642],[128.19675,37.24649],[128.19689,37.24651],[128.19705,37.24654],[128.19737,37.2466],[128.19789,37.24669],[128.20029,37.24816],[128.20123,37.24882],[128.20326,37.249],[128.20342,37.24901],[128.20361,37.249],[128.20378,37.24899],[128.20448,37.24886],[128.20493,37.24878],[128.20514,37.24875],[128.2056,37.24872],[128.20583,37.24873],[128.20658,37.24879],[128.20794,37.24892],[128.20801,37.24866],[128.20811,37.24838],[128.20825,37.24811],[128.20894,37.24707],[128.20912,37.24685],[128.21013,37.24609],[128.21031,37.24596],[128.21047,37.24591],[128.21067,37.24587],[128.21201,37.24561],[128.21209,37.24561],[128.21218,37.24561],[128.21232,37.24564],[128.21303,37.24581],[128.21331,37.24592],[128.21357,37.24602],[128.21392,37.24614],[128.21416,37.24622],[128.21453,37.24632],[128.21471,37.24636],[128.21481,37.24636],[128.21484,37.24634],[128.21487,37.2463],[128.21494,37.24606],[128.21498,37.24591],[128.21501,37.24573],[128.21517,37.24412],[128.21518,37.244],[128.21519,37.24387],[128.21516,37.24376],[128.21525,37.24194],[128.21832,37.24088],[128.21953,37.24052],[128.2218,37.23741],[128.22315,37.23483],[128.22321,37.23474],[128.22329,37.2346],[128.22362,37.23409],[128.22434,37.233],[128.22437,37.23296],[128.22443,37.2329],[128.22452,37.23286],[128.2246,37.23284],[128.22473,37.23283],[128.22488,37.23282],[128.22531,37.23284],[128.22544,37.23285],[128.22564,37.23286],[128.22575,37.23286],[128.22583,37.23285],[128.22595,37.23284],[128.2261,37.23281],[128.22624,37.23278],[128.22636,37.23274],[128.22643,37.23269],[128.2265,37.23264],[128.22842,37.2303],[128.22845,37.23024],[128.22847,37.23016],[128.22847,37.23007],[128.22845,37.22997],[128.22838,37.22974],[128.22829,37.22942],[128.22822,37.22914],[128.22818,37.22892],[128.22815,37.22869],[128.22815,37.22859],[128.22817,37.2285],[128.22827,37.22821],[128.22831,37.22814],[128.22839,37.22806],[128.22849,37.22796],[128.22859,37.2279],[128.2287,37.22784],[128.22919,37.22766],[128.23222,37.22655],[128.2324,37.2265],[128.23273,37.22644],[128.23292,37.22641],[128.23335,37.22637],[128.23368,37.22633],[128.23383,37.22632],[128.23395,37.22632],[128.23412,37.22633],[128.23439,37.22637],[128.23462,37.22641],[128.23459,37.22675],[128.23462,37.22751],[128.23466,37.22765],[128.2347,37.22778],[128.23478,37.22795],[128.2349,37.22814],[128.23504,37.2283],[128.2352,37.22846],[128.23533,37.22857],[128.23572,37.22883],[128.23685,37.22931],[128.237,37.22934],[128.23715,37.22933],[128.23735,37.22931],[128.24005,37.22878],[128.24025,37.2287],[128.24036,37.22859],[128.24041,37.22841],[128.24047,37.2281],[128.24054,37.22794],[128.24059,37.22784],[128.24097,37.22747],[128.24102,37.22742],[128.24138,37.22707],[128.242,37.22656],[128.24214,37.22645],[128.24251,37.22642],[128.24295,37.22639],[128.24389,37.22649],[128.24505,37.22684],[128.24635,37.22765],[128.24701,37.22811],[128.24717,37.22822],[128.24772,37.2285],[128.24823,37.22874],[128.24897,37.22908],[128.24927,37.22921],[128.24956,37.22933],[128.24971,37.22938],[128.24984,37.22942],[128.24998,37.22945],[128.25013,37.22947],[128.25029,37.22948],[128.25059,37.22942],[128.25075,37.22938],[128.25092,37.22933],[128.25107,37.22928],[128.2512,37.22921],[128.25134,37.2291],[128.25146,37.22898],[128.2523,37.22811],[128.25283,37.22743],[128.25352,37.22644],[128.25358,37.22634],[128.25701,37.22013],[128.25751,37.21861],[128.25853,37.21607],[128.25859,37.21596],[128.25868,37.21585],[128.25876,37.21577],[128.25884,37.21569],[128.26662,37.20933],[128.26733,37.20863],[128.26744,37.20854],[128.2675,37.20851],[128.26835,37.20808],[128.26839,37.20807],[128.26859,37.20803],[128.26869,37.20802],[128.2688,37.20803],[128.26891,37.20804],[128.26902,37.20805],[128.26914,37.20808],[128.26925,37.20812],[128.26937,37.20818],[128.26962,37.20828],[128.26974,37.20834],[128.26996,37.20847],[128.27018,37.20861],[128.27029,37.20868],[128.27088,37.20892],[128.2721,37.20932],[128.27219,37.20935],[128.27243,37.2094],[128.27258,37.20943],[128.27363,37.2096],[128.27373,37.20962],[128.27406,37.20965],[128.27773,37.20994],[128.27791,37.20996],[128.27808,37.20997],[128.27826,37.20997],[128.27844,37.20997],[128.27863,37.20997],[128.27875,37.20997],[128.27914,37.20992],[128.2793,37.2099],[128.27946,37.20987],[128.27979,37.20979],[128.28013,37.20972],[128.2803,37.20968],[128.28065,37.20962],[128.2808,37.20961],[128.28097,37.2096],[128.28114,37.2096],[128.28131,37.20962],[128.2841,37.21095],[128.28478,37.21194],[128.28688,37.21381],[128.28827,37.21502],[128.2885,37.21515],[128.28854,37.21516],[128.28868,37.21518],[128.28889,37.21519],[128.28927,37.21521],[128.28937,37.21521],[128.28963,37.21517],[128.28983,37.21512],[128.29,37.21507],[128.29902,37.21641],[128.30148,37.21699]]]]}},{"type":"Feature","properties":{"adm_cd":"33030510","adm_nm":"충청북도 제천시 교동"},"geometry":{"type":"MultiPolygon","coordinates":[[[[128.24014,37.14863],[128.24061,37.14635],[128.23944,37.14239],[128.23797,37.13908],[128.23832,37.13776],[128.2366,37.13698],[128.2356,37.13681],[128.23345,37.13707],[128.23108,37.13878],[128.22879,37.13932],[128.22561,37.13989],[128.22432,37.13985],[128.22435,37.13947],[128.22435,37.13917],[128.22432,37.13899],[128.22428,37.13886],[128.224,37.13857],[128.22224,37.13682],[128.21711,37.1375],[128.21404,37.13857],[128.21532,37.14243],[128.21549,37.14237],[128.21626,37.14213],[128.21633,37.14215],[128.21828,37.14292],[128.2194,37.1439],[128.21966,37.14469],[128.22058,37.14753],[128.22058,37.14761],[128.21994,37.14962],[128.21962,37.15017],[128.22116,37.15419],[128.22111,37.15509],[128.2215,37.15557],[128.22159,37.15569],[128.22161,37.15573],[128.22197,37.15703],[128.22199,37.15726],[128.222,37.15736],[128.22196,37.1575],[128.22166,37.15768],[128.22145,37.15791],[128.22143,37.15802],[128.22092,37.1601],[128.22119,37.16036],[128.2215,37.16066],[128.22549,37.16261],[128.22707,37.16296],[128.22755,37.16288],[128.22819,37.16294],[128.22903,37.16295],[128.22917,37.16294],[128.22909,37.16181],[128.22904,37.15818],[128.22989,37.15776],[128.23052,37.1574],[128.23263,37.1554],[128.23243,37.15436],[128.23223,37.15396],[128.23253,37.15254],[128.23535,37.1513],[128.2398,37.14889],[128.24014,37.14863]]]]}},{"type":"Feature","properties":{"adm_cd":"33030560","adm_nm":"충청북도 제천시 용두동"},"geometry":{"type":"MultiPolygon","coordinates":[[[[128.20211,37.1552],[128.20199,37.1544],[128.20119,37.15372],[128.20101,37.15357],[128.2009,37.15349],[128.2007,37.15343],[128.20013,37.15328],[128.19992,37.15326],[128.19972,37.15325],[128.19956,37.15327],[128.19948,37.15322],[128.19856,37.15213],[128.19735,37.14999],[128.19722,37.1495],[128.19691,37.14818],[128.19737,37.14776],[128.19745,37.14772],[128.19795,37.14748],[128.19809,37.14742],[128.19839,37.14724],[128.19882,37.14698],[128.1991,37.14671],[128.19972,37.14611],[128.19982,37.14593],[128.20001,37.14557],[128.20139,37.14278],[128.20172,37.14195],[128.20186,37.14159],[128.2019,37.14129],[128.20229,37.13974],[128.20217,37.13923],[128.19991,37.13348],[128.19934,37.13211],[128.19907,37.13151],[128.19903,37.13143],[128.19895,37.13126],[128.1984,37.1302],[128.19823,37.13021],[128.19643,37.13037],[128.19644,37.1312],[128.19645,37.13143],[128.1959,37.13251],[128.1947,37.13367],[128.19417,37.13413],[128.19256,37.13458],[128.19071,37.13481],[128.19055,37.13492],[128.19021,37.13514],[128.18811,37.13716],[128.1865,37.1388],[128.18637,37.13893],[128.18636,37.13965],[128.18636,37.14014],[128.18627,37.14038],[128.1852,37.14127],[128.18392,37.14211],[128.17966,37.14327],[128.17871,37.1433],[128.1782,37.14373],[128.17684,37.14456],[128.17654,37.14466],[128.1759,37.14462],[128.17379,37.14399],[128.17359,37.14361],[128.17336,37.14333],[128.17307,37.1431],[128.17118,37.14319],[128.17014,37.14331],[128.1692,37.14376],[128.16871,37.14408],[128.16821,37.14433],[128.16774,37.14434],[128.16674,37.1443],[128.1658,37.14391],[128.16536,37.14301],[128.16488,37.14237],[128.16318,37.14057],[128.16295,37.1404],[128.16275,37.14099],[128.16233,37.14143],[128.15917,37.14308],[128.15332,37.14407],[128.15296,37.14395],[128.1523,37.14328],[128.15144,37.14229],[128.15054,37.14126],[128.15037,37.14115],[128.14958,37.14081],[128.14929,37.14079],[128.149,37.14083],[128.14756,37.14583],[128.14721,37.14719],[128.14721,37.14812],[128.14741,37.14816],[128.14754,37.14818],[128.14844,37.14844],[128.14992,37.14888],[128.15043,37.14961],[128.15096,37.15117],[128.15098,37.15175],[128.151,37.15205],[128.15102,37.15211],[128.15107,37.15221],[128.15164,37.1532],[128.1517,37.1533],[128.15174,37.15335],[128.15245,37.15417],[128.15249,37.15421],[128.15257,37.15427],[128.15268,37.15433],[128.15275,37.15437],[128.15286,37.15442],[128.15328,37.15456],[128.15488,37.15501],[128.15528,37.15504],[128.15611,37.15488],[128.1597,37.15447],[128.16074,37.1548],[128.16297,37.1555],[128.16309,37.15548],[128.16565,37.15516],[128.16896,37.15672],[128.16937,37.15689],[128.16955,37.15695],[128.16977,37.15703],[128.1699,37.15707],[128.17143,37.15752],[128.17147,37.15753],[128.17154,37.15753],[128.17175,37.15754],[128.17368,37.1575],[128.17509,37.15737],[128.17544,37.15736],[128.17622,37.15734],[128.17636,37.15749],[128.17638,37.15752],[128.1764,37.15755],[128.17816,37.15996],[128.17809,37.16105],[128.17773,37.16456],[128.17848,37.16695],[128.17948,37.17237],[128.17949,37.17241],[128.17934,37.17366],[128.1793,37.17386],[128.17929,37.17391],[128.17928,37.17394],[128.17924,37.17398],[128.17886,37.17431],[128.17872,37.17443],[128.17841,37.17471],[128.17831,37.1748],[128.17822,37.17491],[128.17816,37.175],[128.17806,37.17517],[128.178,37.17532],[128.17794,37.1755],[128.1779,37.17562],[128.17788,37.17572],[128.17787,37.17589],[128.17787,37.17599],[128.17788,37.17612],[128.17823,37.17895],[128.17827,37.17914],[128.1783,37.17923],[128.17834,37.17929],[128.17842,37.17941],[128.17848,37.17945],[128.17857,37.17951],[128.17865,37.17954],[128.1789,37.17962],[128.17912,37.17969],[128.17969,37.1799],[128.17994,37.18],[128.18037,37.18021],[128.18055,37.18031],[128.18069,37.18039],[128.18081,37.18048],[128.18097,37.1806],[128.18108,37.18071],[128.1812,37.18085],[128.18193,37.18184],[128.18198,37.18191],[128.18204,37.18203],[128.18211,37.18216],[128.18216,37.1823],[128.18218,37.18239],[128.18257,37.18412],[128.18264,37.18448],[128.18269,37.18475],[128.18269,37.1848],[128.18267,37.18483],[128.1826,37.18488],[128.18335,37.18506],[128.18804,37.18615],[128.19024,37.18624],[128.19131,37.18642],[128.19199,37.18702],[128.19281,37.18751],[128.19388,37.18774],[128.1952,37.18764],[128.19665,37.18711],[128.19897,37.18649],[128.19934,37.186],[128.19952,37.18542],[128.19958,37.18416],[128.19948,37.18372],[128.1994,37.18364],[128.1993,37.18355],[128.19907,37.18336],[128.19895,37.18329],[128.19888,37.18325],[128.19863,37.18234],[128.1992,37.18072],[128.19938,37.18056],[128.19973,37.18033],[128.20013,37.18016],[128.20111,37.18038],[128.20234,37.18069],[128.2024,37.18062],[128.20255,37.18044],[128.20301,37.17833],[128.20301,37.17794],[128.20287,37.17754],[128.20263,37.17705],[128.20253,37.17688],[128.2025,37.17662],[128.2025,37.1765],[128.20261,37.17627],[128.20293,37.17569],[128.2033,37.17513],[128.2037,37.17459],[128.20389,37.17438],[128.20448,37.17414],[128.20491,37.17397],[128.20528,37.17383],[128.20579,37.17358],[128.20645,37.17321],[128.20664,37.17301],[128.2067,37.1728],[128.20633,37.16945],[128.20485,37.16681],[128.20476,37.16676],[128.20463,37.16675],[128.20449,37.16675],[128.20433,37.16677],[128.20413,37.16682],[128.2038,37.16693],[128.20357,37.16546],[128.20272,37.15954],[128.20211,37.1552]]]]}},{"type":"Feature","properties":{"adm_cd":"33030590","adm_nm":"충청북도 제천시 청전동"},"geometry":{"type":"MultiPolygon","coordinates":[[[[128.22111,37.15509],[128.22116,37.15419],[128.21962,37.15017],[128.21994,37.14962],[128.22058,37.14761],[128.22058,37.14753],[128.21966,37.14469],[128.2194,37.1439],[128.21828,37.14292],[128.21633,37.14215],[128.21626,37.14213],[128.21549,37.14237],[128.21532,37.14243],[128.21469,37.14265],[128.21453,37.14274],[128.21445,37.14324],[128.21438,37.14444],[128.21447,37.1448],[128.21447,37.14483],[128.2124,37.14536],[128.21205,37.14536],[128.21199,37.14524],[128.21181,37.14506],[128.21132,37.1449],[128.20829,37.14484],[128.20752,37.14528],[128.2066,37.14479],[128.20651,37.14475],[128.20564,37.14427],[128.20489,37.143],[128.20445,37.1422],[128.20281,37.14103],[128.2019,37.14129],[128.20186,37.14159],[128.20172,37.14195],[128.20139,37.14278],[128.20001,37.14557],[128.19982,37.14593],[128.19972,37.14611],[128.1991,37.14671],[128.19882,37.14698],[128.19839,37.14724],[128.19809,37.14742],[128.19795,37.14748],[128.19745,37.14772],[128.19737,37.14776],[128.19691,37.14818],[128.19722,37.1495],[128.19735,37.14999],[128.19856,37.15213],[128.19948,37.15322],[128.19956,37.15327],[128.19972,37.15325],[128.19992,37.15326],[128.20013,37.15328],[128.2007,37.15343],[128.2009,37.15349],[128.20101,37.15357],[128.20119,37.15372],[128.20199,37.1544],[128.20211,37.1552],[128.20733,37.15793],[128.20992,37.15921],[128.21114,37.15979],[128.21136,37.15984],[128.21252,37.15916],[128.21464,37.15866],[128.21815,37.15661],[128.21916,37.15486],[128.21959,37.15398],[128.21977,37.15392],[128.21992,37.15394],[128.2201,37.15398],[128.2202,37.15402],[128.22111,37.15509]]]]}},{"type":"Feature","properties":{"adm_cd":"33030600","adm_nm":"충청북도 제천시 화산동"},"geometry":{"type":"MultiPolygon","coordinates":[[[[128.22342,37.12465],[128.22483,37.12498],[128.22736,37.12041],[128.22754,37.11997],[128.22762,37.11977],[128.22792,37.11636],[128.22872,37.11463],[128.22737,37.11284],[128.22674,37.11082],[128.22613,37.11034],[128.22486,37.11001],[128.22337,37.10996],[128.22096,37.10876],[128.21908,37.10695],[128.21768,37.10697],[128.21632,37.10706],[128.2155,37.10716],[128.2149,37.10724],[128.21342,37.10724],[128.21287,37.1072],[128.21151,37.10711],[128.21146,37.10648],[128.21264,37.10519],[128.21395,37.10452],[128.21545,37.10391],[128.21643,37.10393],[128.21742,37.10253],[128.21763,37.10158],[128.21581,37.10041],[128.21547,37.10015],[128.21583,37.09928],[128.21672,37.09852],[128.21705,37.0981],[128.21753,37.09685],[128.21725,37.09666],[128.21667,37.09628],[128.21602,37.0965],[128.21435,37.09679],[128.21268,37.09705],[128.21165,37.09636],[128.21177,37.09511],[128.21142,37.09399],[128.2095,37.09287],[128.20644,37.09246],[128.20497,37.09291],[128.20358,37.09333],[128.20285,37.09363],[128.20207,37.09394],[128.20164,37.0944],[128.20131,37.09474],[128.20094,37.09591],[128.20089,37.09606],[128.19869,37.09531],[128.19648,37.09393],[128.19338,37.09342],[128.19233,37.09345],[128.19125,37.09339],[128.19112,37.0933],[128.19099,37.0932],[128.18996,37.09203],[128.18995,37.09193],[128.18989,37.09158],[128.18936,37.09132],[128.189,37.09115],[128.18573,37.09104],[128.18416,37.09105],[128.18379,37.09112],[128.18353,37.09117],[128.18277,37.09145],[128.1827,37.09152],[128.18259,37.09162],[128.18122,37.09261],[128.18053,37.09238],[128.17998,37.0922],[128.17954,37.09169],[128.17935,37.09098],[128.17932,37.09016],[128.17812,37.09115],[128.17752,37.09184],[128.17741,37.09203],[128.17668,37.09364],[128.17381,37.09316],[128.17344,37.09264],[128.17294,37.09219],[128.17231,37.09178],[128.17302,37.09558],[128.17325,37.09602],[128.17385,37.09713],[128.17437,37.09856],[128.17465,37.10126],[128.17414,37.10173],[128.17419,37.10262],[128.17447,37.10303],[128.17529,37.10412],[128.17532,37.1052],[128.17533,37.10531],[128.17651,37.10839],[128.17744,37.10903],[128.17771,37.10907],[128.17954,37.10912],[128.18067,37.10931],[128.18299,37.11001],[128.18654,37.11235],[128.1866,37.11246],[128.18668,37.11259],[128.18692,37.11318],[128.18686,37.11338],[128.18622,37.11581],[128.18619,37.11801],[128.18671,37.12029],[128.18749,37.12136],[128.1901,37.12346],[128.19297,37.12531],[128.19319,37.12533],[128.19413,37.12541],[128.19476,37.12533],[128.19556,37.12523],[128.19645,37.12441],[128.1974,37.12374],[128.20422,37.12263],[128.20662,37.12261],[128.21164,37.12308],[128.21432,37.12403],[128.21349,37.12463],[128.21239,37.12501],[128.21142,37.12538],[128.21129,37.12545],[128.20568,37.12847],[128.20634,37.13],[128.20722,37.13165],[128.2076,37.13232],[128.20982,37.13495],[128.21276,37.13289],[128.21575,37.13203],[128.21843,37.13108],[128.21953,37.13069],[128.22001,37.12803],[128.22005,37.12698],[128.21919,37.12624],[128.21876,37.12601],[128.21787,37.1257],[128.21781,37.12552],[128.21797,37.12538],[128.22342,37.12465]]]]}},{"type":"Feature","properties":{"adm_cd":"33030730","adm_nm":"충청북도 제천시 의림지동"},"geometry":{"type":"MultiPolygon","coordinates":[[[[128.24467,37.15388],[128.24458,37.15312],[128.24332,37.1521],[128.24228,37.1515],[128.24014,37.14863],[128.2398,37.14889],[128.23535,37.1513],[128.23253,37.15254],[128.23223,37.15396],[128.23243,37.15436],[128.23263,37.1554],[128.23052,37.1574],[128.22989,37.15776],[128.22904,37.15818],[128.22909,37.16181],[128.22917,37.16294],[128.22903,37.16295],[128.22819,37.16294],[128.22755,37.16288],[128.22707,37.16296],[128.22549,37.16261],[128.2215,37.16066],[128.22119,37.16036],[128.22092,37.1601],[128.22143,37.15802],[128.22145,37.15791],[128.22166,37.15768],[128.22196,37.1575],[128.222,37.15736],[128.22199,37.15726],[128.22197,37.15703],[128.22161,37.15573],[128.22159,37.15569],[128.2215,37.15557],[128.22111,37.15509],[128.2202,37.15402],[128.2201,37.15398],[128.21992,37.15394],[128.21977,37.15392],[128.21959,37.15398],[128.21916,37.15486],[128.21815,37.15661],[128.21464,37.15866],[128.21252,37.15916],[128.21136,37.15984],[128.21114,37.15979],[128.20992,37.15921],[128.20733,37.15793],[128.20211,37.1552],[128.20272,37.15954],[128.20357,37.16546],[128.2038,37.16693],[128.20413,37.16682],[128.20433,37.16677],[128.20449,37.16675],[128.20463,37.16675],[128.20476,37.16676],[128.20485,37.16681],[128.20633,37.16945],[128.2067,37.1728],[128.20664,37.17301],[128.20645,37.17321],[128.20579,37.17358],[128.20528,37.17383],[128.20491,37.17397],[128.20448,37.17414],[128.20389,37.17438],[128.2037,37.17459],[128.2033,37.17513],[128.20293,37.17569],[128.20261,37.17627],[128.2025,37.1765],[128.2025,37.17662],[128.20253,37.17688],[128.20263,37.17705],[128.20287,37.17754],[128.20301,37.17794],[128.20301,37.17833],[128.20255,37.18044],[128.2024,37.18062],[128.20234,37.18069],[128.20111,37.18038],[128.20013,37.18016],[128.19973,37.18033],[128.19938,37.18056],[128.1992,37.18072],[128.19863,37.18234],[128.19888,37.18325],[128.19895,37.18329],[128.19907,37.18336],[128.1993,37.18355],[128.1994,37.18364],[128.19948,37.18372],[128.19958,37.18416],[128.19952,37.18542],[128.19934,37.186],[128.19897,37.18649],[128.19665,37.18711],[128.1952,37.18764],[128.19388,37.18774],[128.19281,37.18751],[128.19199,37.18702],[128.19131,37.18642],[128.19024,37.18624],[128.18804,37.18615],[128.18335,37.18506],[128.1826,37.18488],[128.18131,37.18495],[128.18111,37.18496],[128.18097,37.18498],[128.18082,37.18501],[128.17553,37.18673],[128.17521,37.18684],[128.17508,37.1869],[128.17485,37.18701],[128.17445,37.18722],[128.17418,37.18737],[128.17407,37.18744],[128.17398,37.1875],[128.17393,37.18755],[128.17389,37.18761],[128.17387,37.18767],[128.17386,37.18776],[128.17386,37.1878],[128.17388,37.18785],[128.1739,37.18791],[128.17397,37.18803],[128.17402,37.18812],[128.17432,37.18852],[128.17445,37.18868],[128.17453,37.18875],[128.17458,37.18879],[128.17567,37.18945],[128.17591,37.18959],[128.17669,37.19062],[128.17659,37.19326],[128.17657,37.19362],[128.17656,37.19372],[128.17655,37.19383],[128.17651,37.19394],[128.17648,37.19402],[128.1762,37.19451],[128.1756,37.19457],[128.17515,37.19465],[128.17371,37.19508],[128.17367,37.19517],[128.17362,37.19538],[128.17361,37.19545],[128.17298,37.19967],[128.17298,37.19972],[128.17298,37.19979],[128.17298,37.19992],[128.17301,37.20004],[128.17303,37.2001],[128.17311,37.20026],[128.17315,37.20034],[128.17318,37.20039],[128.17322,37.20043],[128.1757,37.20241],[128.17629,37.20309],[128.17804,37.20312],[128.18337,37.20363],[128.18928,37.20364],[128.18935,37.20362],[128.18949,37.20356],[128.18962,37.20346],[128.18975,37.20336],[128.18983,37.20327],[128.19026,37.20244],[128.19027,37.2024],[128.19028,37.20232],[128.19026,37.20224],[128.1902,37.20202],[128.19063,37.19957],[128.19064,37.19946],[128.19064,37.19938],[128.19062,37.19931],[128.18998,37.1972],[128.18993,37.19712],[128.18981,37.19698],[128.18967,37.19684],[128.1894,37.19659],[128.18916,37.19637],[128.18906,37.19627],[128.189,37.1962],[128.18894,37.19612],[128.1889,37.19605],[128.18887,37.19599],[128.18848,37.19503],[128.18846,37.19499],[128.18846,37.19496],[128.18847,37.19491],[128.18942,37.19318],[128.18946,37.19314],[128.18955,37.19309],[128.18974,37.19308],[128.19167,37.19326],[128.1924,37.19339],[128.19259,37.19346],[128.19271,37.19349],[128.19282,37.19351],[128.19288,37.19352],[128.19292,37.19352],[128.19297,37.19351],[128.19307,37.19348],[128.19322,37.19344],[128.19531,37.19271],[128.19853,37.19062],[128.20333,37.1878],[128.20384,37.18755],[128.20401,37.18744],[128.20417,37.18732],[128.20432,37.1872],[128.20454,37.187],[128.20482,37.18667],[128.20494,37.18648],[128.20515,37.18609],[128.20519,37.18599],[128.206,37.18402],[128.20821,37.18053],[128.20825,37.18046],[128.20832,37.18037],[128.20859,37.18044],[128.20864,37.18045],[128.20928,37.18039],[128.21322,37.17968],[128.21472,37.17802],[128.21577,37.17658],[128.21581,37.17652],[128.21583,37.17643],[128.2201,37.17576],[128.22474,37.17606],[128.22894,37.17692],[128.23138,37.1777],[128.23297,37.17815],[128.23736,37.17811],[128.23774,37.17806],[128.24006,37.17721],[128.24244,37.17629],[128.24271,37.17613],[128.24289,37.17592],[128.24317,37.17546],[128.24327,37.17527],[128.24343,37.17462],[128.2443,37.17251],[128.24497,37.17231],[128.24626,37.1719],[128.24756,37.17144],[128.24792,37.17102],[128.24821,37.17007],[128.24822,37.16989],[128.24824,37.16879],[128.2485,37.16781],[128.24912,37.16629],[128.24987,37.16549],[128.25067,37.16447],[128.25079,37.16425],[128.25179,37.1622],[128.25191,37.1613],[128.25193,37.16109],[128.25036,37.15984],[128.2493,37.15927],[128.24895,37.15918],[128.24839,37.15944],[128.24735,37.15975],[128.24714,37.15975],[128.24565,37.15927],[128.24523,37.15826],[128.24483,37.15523],[128.24467,37.15388]]]]}},{"type":"Feature","properties":{"adm_cd":"33030740","adm_nm":"충청북도 제천시 중앙동"},"geometry":{"type":"MultiPolygon","coordinates":[[[[128.21532,37.14243],[128.21404,37.13857],[128.20982,37.13495],[128.2076,37.13232],[128.20539,37.13246],[128.20413,37.1337],[128.20495,37.1352],[128.2069,37.13875],[128.20355,37.14052],[128.20281,37.14103],[128.20445,37.1422],[128.20489,37.143],[128.20564,37.14427],[128.20651,37.14475],[128.2066,37.14479],[128.20752,37.14528],[128.20829,37.14484],[128.21132,37.1449],[128.21181,37.14506],[128.21199,37.14524],[128.21205,37.14536],[128.2124,37.14536],[128.21447,37.14483],[128.21447,37.1448],[128.21438,37.14444],[128.21445,37.14324],[128.21453,37.14274],[128.21469,37.14265],[128.21532,37.14243]]]]}},{"type":"Feature","properties":{"adm_cd":"33030700","adm_nm":"충청북도 제천시 남현동"},"geometry":{"type":"MultiPolygon","coordinates":[[[[128.22224,37.13682],[128.22338,37.13586],[128.22356,37.13567],[128.22358,37.13564],[128.22369,37.13548],[128.22374,37.13513],[128.22374,37.13433],[128.22373,37.13426],[128.22373,37.13419],[128.22372,37.13413],[128.22371,37.13406],[128.22371,37.134],[128.22369,37.13392],[128.22367,37.13386],[128.22365,37.13379],[128.2236,37.13367],[128.22323,37.13288],[128.22291,37.13219],[128.22252,37.13137],[128.22238,37.13097],[128.22231,37.13038],[128.22225,37.12955],[128.22221,37.12903],[128.22222,37.12863],[128.22236,37.12833],[128.22278,37.12793],[128.22292,37.12779],[128.22328,37.12746],[128.2234,37.12733],[128.22359,37.12681],[128.22383,37.12602],[128.22388,37.12577],[128.22354,37.12493],[128.22342,37.12465],[128.21797,37.12538],[128.21781,37.12552],[128.21787,37.1257],[128.21876,37.12601],[128.21919,37.12624],[128.22005,37.12698],[128.22001,37.12803],[128.21953,37.13069],[128.21843,37.13108],[128.21575,37.13203],[128.21276,37.13289],[128.20982,37.13495],[128.21404,37.13857],[128.21711,37.1375],[128.22224,37.13682]]]]}},{"type":"Feature","properties":{"adm_cd":"33030710","adm_nm":"충청북도 제천시 영서동"},"geometry":{"type":"MultiPolygon","coordinates":[[[[128.2019,37.14129],[128.20281,37.14103],[128.20355,37.14052],[128.2069,37.13875],[128.20495,37.1352],[128.20413,37.1337],[128.20539,37.13246],[128.2076,37.13232],[128.20722,37.13165],[128.20634,37.13],[128.20568,37.12847],[128.21129,37.12545],[128.21142,37.12538],[128.21239,37.12501],[128.21349,37.12463],[128.21432,37.12403],[128.21164,37.12308],[128.20662,37.12261],[128.20422,37.12263],[128.1974,37.12374],[128.19645,37.12441],[128.19556,37.12523],[128.19476,37.12533],[128.19413,37.12541],[128.19319,37.12533],[128.19297,37.12531],[128.1901,37.12346],[128.18749,37.12136],[128.18671,37.12029],[128.18619,37.11801],[128.18622,37.11581],[128.18686,37.11338],[128.18692,37.11318],[128.18668,37.11259],[128.1866,37.11246],[128.18654,37.11235],[128.18299,37.11001],[128.18067,37.10931],[128.17954,37.10912],[128.17771,37.10907],[128.17744,37.10903],[128.17651,37.10839],[128.17533,37.10531],[128.17532,37.1052],[128.17529,37.10412],[128.17447,37.10303],[128.17207,37.10429],[128.17108,37.10591],[128.17013,37.10821],[128.17035,37.11115],[128.17062,37.11162],[128.17095,37.11227],[128.17098,37.11236],[128.17098,37.11249],[128.1703,37.11643],[128.17029,37.11649],[128.17027,37.11655],[128.16984,37.11747],[128.16979,37.11758],[128.16863,37.11967],[128.16857,37.11975],[128.1685,37.11981],[128.1684,37.11988],[128.16828,37.11995],[128.16524,37.12123],[128.16245,37.12146],[128.16239,37.12145],[128.16154,37.1213],[128.16076,37.12111],[128.16026,37.12106],[128.1592,37.12104],[128.15472,37.12093],[128.15465,37.12094],[128.1546,37.12097],[128.15455,37.12102],[128.15449,37.1211],[128.15443,37.12123],[128.15393,37.12284],[128.15338,37.12454],[128.15334,37.12463],[128.15323,37.12482],[128.15313,37.12493],[128.1521,37.12608],[128.15131,37.12679],[128.15119,37.12687],[128.15107,37.12698],[128.15095,37.12711],[128.15091,37.12718],[128.15003,37.12895],[128.14999,37.12905],[128.14972,37.12993],[128.1497,37.13001],[128.1497,37.13003],[128.15054,37.13093],[128.15059,37.13096],[128.15064,37.13096],[128.15068,37.13094],[128.15129,37.13059],[128.15478,37.13154],[128.15553,37.13392],[128.15879,37.13556],[128.16008,37.13713],[128.15918,37.13812],[128.15903,37.14006],[128.16007,37.14106],[128.1619,37.14064],[128.16295,37.1404],[128.16318,37.14057],[128.16488,37.14237],[128.16536,37.14301],[128.1658,37.14391],[128.16674,37.1443],[128.16774,37.14434],[128.16821,37.14433],[128.16871,37.14408],[128.1692,37.14376],[128.17014,37.14331],[128.17118,37.14319],[128.17307,37.1431],[128.17336,37.14333],[128.17359,37.14361],[128.17379,37.14399],[128.1759,37.14462],[128.17654,37.14466],[128.17684,37.14456],[128.1782,37.14373],[128.17871,37.1433],[128.17966,37.14327],[128.18392,37.14211],[128.1852,37.14127],[128.18627,37.14038],[128.18636,37.14014],[128.18636,37.13965],[128.18637,37.13893],[128.1865,37.1388],[128.18811,37.13716],[128.19021,37.13514],[128.19055,37.13492],[128.19071,37.13481],[128.19256,37.13458],[128.19417,37.13413],[128.1947,37.13367],[128.1959,37.13251],[128.19645,37.13143],[128.19644,37.1312],[128.19643,37.13037],[128.19823,37.13021],[128.1984,37.1302],[128.19895,37.13126],[128.19903,37.13143],[128.19907,37.13151],[128.19934,37.13211],[128.19991,37.13348],[128.20217,37.13923],[128.20229,37.13974],[128.2019,37.14129]]]]}},{"type":"Feature","properties":{"adm_cd":"33030720","adm_nm":"충청북도 제천시 신백동"},"geometry":{"type":"MultiPolygon","coordinates":[[[[128.27185,37.15131],[128.27241,37.15072],[128.2726,37.1505],[128.27264,37.15045],[128.27268,37.15038],[128.2727,37.15033],[128.27272,37.15029],[128.27272,37.15026],[128.27273,37.15021],[128.27273,37.15011],[128.27273,37.15006],[128.27271,37.14999],[128.27267,37.14984],[128.27266,37.14982],[128.2726,37.14964],[128.2724,37.14914],[128.27235,37.14902],[128.27234,37.14897],[128.27234,37.14891],[128.27234,37.14884],[128.27239,37.14866],[128.2725,37.1484],[128.27254,37.14833],[128.27259,37.14823],[128.27291,37.1478],[128.27302,37.14767],[128.27315,37.14753],[128.27328,37.14742],[128.27339,37.14732],[128.27811,37.14356],[128.27828,37.14343],[128.27852,37.14324],[128.27886,37.14301],[128.27921,37.14278],[128.27925,37.14276],[128.27938,37.1427],[128.27957,37.14263],[128.27971,37.1426],[128.2799,37.1426],[128.28006,37.14262],[128.28018,37.14263],[128.28049,37.14267],[128.28108,37.14274],[128.28245,37.14289],[128.28263,37.1429],[128.2828,37.14291],[128.28284,37.14291],[128.283,37.14291],[128.28316,37.1429],[128.28345,37.14286],[128.28381,37.1428],[128.28403,37.14275],[128.28432,37.14267],[128.28442,37.14263],[128.28451,37.1426],[128.28845,37.14106],[128.2885,37.14103],[128.28864,37.14096],[128.29224,37.13895],[128.29241,37.13883],[128.29273,37.1386],[128.29306,37.13833],[128.29329,37.13811],[128.29344,37.13792],[128.29374,37.13754],[128.29408,37.1371],[128.29495,37.13598],[128.29598,37.13458],[128.29616,37.13428],[128.2962,37.13421],[128.29626,37.13411],[128.29634,37.13405],[128.29646,37.13398],[128.29672,37.13391],[128.29697,37.13386],[128.29779,37.1338],[128.29782,37.13382],[128.29789,37.13386],[128.29827,37.13418],[128.29901,37.13324],[128.2994,37.13264],[128.29962,37.1323],[128.30258,37.12756],[128.30376,37.12453],[128.30378,37.12444],[128.30381,37.12417],[128.30393,37.12276],[128.30376,37.12203],[128.30374,37.12122],[128.30441,37.11842],[128.30449,37.11827],[128.30454,37.11818],[128.30556,37.11695],[128.30612,37.11641],[128.30737,37.11538],[128.30743,37.11533],[128.30748,37.1153],[128.30756,37.11524],[128.30766,37.11517],[128.30798,37.11499],[128.30835,37.11482],[128.30867,37.11466],[128.30875,37.11459],[128.30889,37.11444],[128.30894,37.11434],[128.30962,37.11249],[128.30968,37.11168],[128.30968,37.11159],[128.30965,37.11149],[128.30888,37.10968],[128.30464,37.1008],[128.30461,37.10074],[128.30453,37.10067],[128.30443,37.10058],[128.30435,37.1005],[128.30423,37.1004],[128.30401,37.10025],[128.30271,37.09947],[128.30148,37.09877],[128.30129,37.09866],[128.30105,37.09857],[128.30081,37.09848],[128.30068,37.09846],[128.30064,37.09846],[128.30058,37.09847],[128.30049,37.09848],[128.30041,37.09849],[128.30029,37.09851],[128.30019,37.09855],[128.30007,37.09859],[128.29992,37.09866],[128.29794,37.09904],[128.29588,37.09869],[128.29584,37.09868],[128.29577,37.09867],[128.2956,37.09861],[128.29548,37.09857],[128.29499,37.09832],[128.29471,37.09816],[128.29431,37.09789],[128.29222,37.09996],[128.29209,37.10006],[128.29189,37.10019],[128.29137,37.10051],[128.29097,37.10074],[128.29081,37.10081],[128.29055,37.10088],[128.29014,37.10099],[128.28992,37.10105],[128.28603,37.10399],[128.28551,37.10457],[128.28357,37.10633],[128.28231,37.10744],[128.27985,37.10955],[128.27972,37.10964],[128.2796,37.10971],[128.27945,37.10978],[128.27935,37.10982],[128.27906,37.10989],[128.27879,37.10996],[128.27862,37.11002],[128.27848,37.11011],[128.2782,37.11035],[128.27789,37.11073],[128.27784,37.11079],[128.27784,37.11086],[128.27808,37.11196],[128.2781,37.11201],[128.2782,37.11227],[128.27842,37.11267],[128.27886,37.11359],[128.27889,37.11367],[128.27891,37.11379],[128.27894,37.11395],[128.27893,37.11399],[128.27889,37.1141],[128.27878,37.11429],[128.27855,37.11468],[128.27814,37.11523],[128.27805,37.11534],[128.27801,37.11539],[128.27791,37.11546],[128.27764,37.11564],[128.27758,37.11566],[128.27723,37.11567],[128.27388,37.11728],[128.27378,37.11731],[128.27365,37.11734],[128.27348,37.11734],[128.27342,37.11732],[128.27335,37.1173],[128.26806,37.11402],[128.26787,37.11388],[128.26772,37.11375],[128.26755,37.11358],[128.26745,37.11343],[128.26736,37.11329],[128.26727,37.11309],[128.26716,37.11281],[128.26447,37.10937],[128.25971,37.10375],[128.2596,37.10368],[128.25944,37.10356],[128.25851,37.1027],[128.2582,37.1024],[128.25816,37.10233],[128.25814,37.1023],[128.25811,37.1022],[128.25811,37.10209],[128.25811,37.10189],[128.25814,37.1017],[128.25818,37.10154],[128.2586,37.0999],[128.2587,37.09955],[128.25914,37.09823],[128.25925,37.09805],[128.25933,37.09795],[128.2594,37.09788],[128.25952,37.09777],[128.25964,37.09768],[128.25982,37.09756],[128.25998,37.09748],[128.26011,37.09742],[128.26034,37.09734],[128.26048,37.09727],[128.2606,37.09719],[128.26068,37.09712],[128.26076,37.09702],[128.26083,37.09685],[128.26096,37.09655],[128.26106,37.09629],[128.26131,37.09563],[128.26153,37.09473],[128.26158,37.09455],[128.26174,37.09381],[128.26176,37.09363],[128.26176,37.09349],[128.26176,37.09337],[128.2617,37.09316],[128.26165,37.09301],[128.26155,37.09275],[128.26146,37.09253],[128.26142,37.09243],[128.26141,37.09237],[128.26141,37.09229],[128.26142,37.09221],[128.26447,37.08797],[128.26462,37.08793],[128.26506,37.08787],[128.2654,37.08786],[128.26676,37.0879],[128.26789,37.08814],[128.26833,37.08838],[128.26874,37.08849],[128.26897,37.0885],[128.2691,37.0885],[128.26945,37.0883],[128.26974,37.08802],[128.26756,37.08631],[128.26272,37.08347],[128.26262,37.08342],[128.26252,37.08339],[128.26242,37.08337],[128.26234,37.08337],[128.26217,37.08337],[128.26206,37.08338],[128.26021,37.08369],[128.25884,37.08404],[128.2588,37.08403],[128.2587,37.08398],[128.25588,37.08245],[128.25577,37.08238],[128.25235,37.07922],[128.25144,37.07813],[128.24945,37.07506],[128.24792,37.07613],[128.24399,37.07563],[128.2424,37.07623],[128.2423,37.07627],[128.24219,37.07633],[128.24175,37.07663],[128.24165,37.07671],[128.24145,37.07687],[128.24132,37.07701],[128.23753,37.08155],[128.23761,37.08164],[128.23768,37.08173],[128.23775,37.08184],[128.23782,37.08199],[128.23946,37.08546],[128.23947,37.08552],[128.23946,37.08556],[128.23942,37.08562],[128.23928,37.08576],[128.23911,37.08591],[128.23903,37.08599],[128.2373,37.08735],[128.23723,37.08739],[128.23635,37.0878],[128.23626,37.08784],[128.23603,37.08791],[128.23579,37.09171],[128.23518,37.0964],[128.23455,37.09946],[128.2334,37.10509],[128.23337,37.10519],[128.23337,37.10528],[128.23341,37.10577],[128.23345,37.10594],[128.23346,37.10601],[128.23361,37.10639],[128.23366,37.10651],[128.23372,37.10663],[128.2338,37.10675],[128.23399,37.10699],[128.23419,37.10725],[128.23436,37.10744],[128.23599,37.10975],[128.23457,37.1128],[128.23447,37.11296],[128.23441,37.11304],[128.23428,37.11321],[128.23408,37.11345],[128.23393,37.11362],[128.23379,37.11373],[128.2337,37.11378],[128.23362,37.11382],[128.22872,37.11463],[128.22792,37.11636],[128.22762,37.11977],[128.22754,37.11997],[128.22736,37.12041],[128.22483,37.12498],[128.22342,37.12465],[128.22354,37.12493],[128.22388,37.12577],[128.22383,37.12602],[128.22359,37.12681],[128.2234,37.12733],[128.22328,37.12746],[128.22292,37.12779],[128.22278,37.12793],[128.22236,37.12833],[128.22222,37.12863],[128.22221,37.12903],[128.22225,37.12955],[128.22231,37.13038],[128.22238,37.13097],[128.22252,37.13137],[128.22291,37.13219],[128.22323,37.13288],[128.2236,37.13367],[128.22365,37.13379],[128.22367,37.13386],[128.22369,37.13392],[128.22371,37.134],[128.22371,37.13406],[128.22372,37.13413],[128.22373,37.13419],[128.22373,37.13426],[128.22374,37.13433],[128.22374,37.13513],[128.22369,37.13548],[128.22358,37.13564],[128.22356,37.13567],[128.22338,37.13586],[128.22224,37.13682],[128.224,37.13857],[128.22428,37.13886],[128.22432,37.13899],[128.22435,37.13917],[128.22435,37.13947],[128.22432,37.13985],[128.22561,37.13989],[128.22879,37.13932],[128.23108,37.13878],[128.23345,37.13707],[128.2356,37.13681],[128.2366,37.13698],[128.23832,37.13776],[128.23797,37.13908],[128.23944,37.14239],[128.24061,37.14635],[128.24014,37.14863],[128.24228,37.1515],[128.24332,37.1521],[128.24458,37.15312],[128.24467,37.15388],[128.2468,37.15197],[128.24708,37.15203],[128.24711,37.15204],[128.24716,37.15201],[128.24773,37.15154],[128.24795,37.15134],[128.24802,37.15127],[128.24807,37.15115],[128.2481,37.15098],[128.24812,37.15085],[128.24814,37.15067],[128.24812,37.15055],[128.24778,37.14926],[128.24758,37.14899],[128.24636,37.14772],[128.2454,37.14639],[128.24538,37.14623],[128.24544,37.1462],[128.24567,37.14617],[128.24572,37.14617],[128.24589,37.1462],[128.24612,37.14624],[128.25132,37.1477],[128.25432,37.14895],[128.25935,37.15063],[128.26313,37.15145],[128.26324,37.15147],[128.26333,37.15148],[128.26347,37.1515],[128.2636,37.1515],[128.2643,37.15149],[128.26444,37.15147],[128.26454,37.15146],[128.2648,37.15142],[128.26512,37.15137],[128.26525,37.15135],[128.26539,37.15134],[128.26735,37.15121],[128.26908,37.15114],[128.26945,37.15113],[128.2698,37.15114],[128.27001,37.15115],[128.27039,37.15118],[128.27185,37.15131]]]]}},{"type":"Feature","properties":{"adm_cd":"33041310","adm_nm":"충청북도 청주시상당구 낭성면"},"geometry":{"type":"MultiPolygon","coordinates":[[[[127.58563,36.68375],[127.58586,36.68273],[127.58689,36.68177],[127.58695,36.68176],[127.58783,36.68158],[127.59052,36.68034],[127.59543,36.67788],[127.59677,36.67686],[127.59782,36.67563],[127.59765,36.67483],[127.59703,36.67246],[127.5969,36.66996],[127.59757,36.66726],[127.59824,36.6668],[127.59927,36.66615],[127.60023,36.66467],[127.60061,36.66387],[127.60086,36.6619],[127.60112,36.66023],[127.60423,36.65846],[127.60409,36.65826],[127.6028,36.65644],[127.60334,36.65466],[127.60959,36.64849],[127.61042,36.6481],[127.6124,36.64789],[127.61424,36.64801],[127.61645,36.64843],[127.61784,36.64852],[127.62033,36.64736],[127.62292,36.64577],[127.62409,36.64575],[127.6249,36.64573],[127.62591,36.64514],[127.62785,36.64345],[127.63256,36.64192],[127.63288,36.64094],[127.63404,36.63994],[127.63514,36.63973],[127.63667,36.63924],[127.63854,36.63754],[127.64047,36.63432],[127.6425,36.63252],[127.64664,36.62781],[127.64647,36.62623],[127.64585,36.62377],[127.64451,36.62218],[127.64452,36.62112],[127.64493,36.61905],[127.64599,36.61663],[127.64713,36.61661],[127.64891,36.61664],[127.64903,36.61555],[127.64885,36.61463],[127.64792,36.61175],[127.64599,36.60888],[127.64626,36.60661],[127.64413,36.60564],[127.64356,36.60527],[127.64181,36.60336],[127.64151,36.60269],[127.64121,36.60192],[127.63897,36.60065],[127.63826,36.60036],[127.63718,36.60033],[127.63615,36.60017],[127.63559,36.59998],[127.63495,36.59937],[127.63361,36.59784],[127.63081,36.59341],[127.63077,36.59286],[127.63072,36.59226],[127.6307,36.59193],[127.63121,36.5911],[127.63159,36.59055],[127.63243,36.58967],[127.63247,36.58964],[127.63058,36.58672],[127.62554,36.58338],[127.62247,36.58156],[127.62244,36.58152],[127.622,36.58093],[127.62221,36.57966],[127.62211,36.57911],[127.62161,36.57872],[127.62071,36.57851],[127.61977,36.57837],[127.61843,36.57816],[127.61774,36.57777],[127.6172,36.57718],[127.61586,36.57573],[127.61561,36.57471],[127.61504,36.574],[127.61462,36.57368],[127.6112,36.57617],[127.61029,36.57673],[127.60814,36.57717],[127.60732,36.57819],[127.60738,36.58013],[127.60869,36.58092],[127.60701,36.5827],[127.6056,36.58407],[127.60317,36.58584],[127.60026,36.58496],[127.59796,36.58423],[127.59684,36.58388],[127.59519,36.58364],[127.59078,36.58562],[127.58881,36.58471],[127.58368,36.58287],[127.58341,36.58315],[127.58311,36.58354],[127.58289,36.5841],[127.58224,36.58687],[127.58334,36.58813],[127.58404,36.58883],[127.5843,36.58879],[127.58474,36.58939],[127.58523,36.59117],[127.58522,36.59121],[127.58473,36.59249],[127.58465,36.59269],[127.58451,36.59426],[127.58459,36.59441],[127.58542,36.59602],[127.58573,36.5974],[127.58572,36.59886],[127.58362,36.60588],[127.58221,36.60859],[127.58005,36.61166],[127.57964,36.61222],[127.57826,36.61303],[127.57578,36.61444],[127.57639,36.61573],[127.57646,36.61674],[127.57402,36.61996],[127.57223,36.62032],[127.57031,36.62124],[127.56899,36.62191],[127.56821,36.62312],[127.56388,36.62348],[127.56091,36.62477],[127.55816,36.6268],[127.55774,36.62727],[127.55688,36.62929],[127.5564,36.63057],[127.55714,36.63081],[127.55778,36.63141],[127.5585,36.63218],[127.55851,36.63229],[127.55853,36.63243],[127.55735,36.63374],[127.55676,36.63449],[127.55654,36.63534],[127.55666,36.63636],[127.55715,36.63685],[127.55721,36.63713],[127.55725,36.63739],[127.55708,36.6402],[127.55695,36.64103],[127.5555,36.64544],[127.55479,36.64629],[127.55315,36.64767],[127.55218,36.64788],[127.55027,36.64871],[127.54984,36.64877],[127.54825,36.64828],[127.54771,36.64784],[127.54734,36.64774],[127.54613,36.64766],[127.54529,36.64762],[127.54509,36.64853],[127.54475,36.65044],[127.54481,36.65074],[127.54515,36.65111],[127.54587,36.65161],[127.54794,36.65364],[127.54962,36.65823],[127.55043,36.65941],[127.55209,36.66094],[127.55349,36.66267],[127.5536,36.66297],[127.55364,36.66441],[127.55045,36.66586],[127.54905,36.66646],[127.54678,36.66742],[127.54519,36.66782],[127.54274,36.66876],[127.54361,36.66901],[127.54445,36.66961],[127.54711,36.67154],[127.54815,36.67304],[127.54921,36.67439],[127.54996,36.67376],[127.55034,36.6731],[127.5517,36.67276],[127.5555,36.67401],[127.56294,36.67425],[127.56687,36.67431],[127.56727,36.67443],[127.57039,36.67758],[127.5754,36.68113],[127.57787,36.68316],[127.57944,36.68438],[127.58117,36.68474],[127.58235,36.68494],[127.58444,36.68445],[127.58563,36.68375]]]]}},{"type":"Feature","properties":{"adm_cd":"33041320","adm_nm":"충청북도 청주시상당구 미원면"},"geometry":{"type":"MultiPolygon","coordinates":[[[[127.72895,36.68262],[127.72835,36.68242],[127.72713,36.68051],[127.72675,36.67862],[127.72623,36.6769],[127.72424,36.67418],[127.72246,36.67284],[127.72127,36.67209],[127.71967,36.67107],[127.71888,36.6706],[127.71821,36.6702],[127.71699,36.67014],[127.71605,36.66975],[127.71493,36.66928],[127.71289,36.66807],[127.71181,36.66508],[127.71223,36.6638],[127.7125,36.6634],[127.71339,36.66212],[127.71422,36.66108],[127.71291,36.66089],[127.71164,36.66071],[127.71183,36.66003],[127.71198,36.65764],[127.71087,36.65683],[127.70898,36.65452],[127.70947,36.65372],[127.712,36.65093],[127.71289,36.65074],[127.71328,36.65065],[127.71433,36.65144],[127.71487,36.65164],[127.71531,36.65181],[127.71969,36.65224],[127.72363,36.6514],[127.72443,36.64964],[127.72463,36.64694],[127.72473,36.64568],[127.72696,36.64452],[127.72833,36.64406],[127.72987,36.64355],[127.73126,36.6425],[127.73375,36.63973],[127.73422,36.63945],[127.73428,36.63941],[127.73635,36.63945],[127.73877,36.6395],[127.73862,36.63828],[127.73858,36.63799],[127.73907,36.63579],[127.74078,36.6335],[127.74121,36.63225],[127.74123,36.6309],[127.74108,36.62966],[127.742,36.62862],[127.74506,36.62792],[127.74893,36.62647],[127.74959,36.62552],[127.74966,36.62443],[127.74974,36.62335],[127.75039,36.62161],[127.75093,36.62126],[127.75156,36.62085],[127.7551,36.61927],[127.75719,36.61818],[127.75928,36.61694],[127.76362,36.6136],[127.76406,36.61321],[127.76666,36.6094],[127.76781,36.60713],[127.76916,36.60471],[127.7698,36.60412],[127.76922,36.60384],[127.7689,36.60326],[127.76959,36.60065],[127.76957,36.59792],[127.76903,36.59344],[127.76546,36.59173],[127.76472,36.59148],[127.7642,36.5913],[127.76413,36.59128],[127.76359,36.59112],[127.76125,36.59061],[127.75961,36.59039],[127.75527,36.5902],[127.75206,36.58854],[127.7512,36.58776],[127.75048,36.58699],[127.74928,36.58649],[127.74678,36.58554],[127.74557,36.58557],[127.74276,36.58809],[127.74207,36.58892],[127.7422,36.59043],[127.74135,36.59137],[127.74021,36.5918],[127.73981,36.59194],[127.73847,36.59242],[127.73714,36.59265],[127.73571,36.59545],[127.73745,36.59678],[127.73753,36.59803],[127.73745,36.59908],[127.73726,36.59948],[127.73714,36.59961],[127.73696,36.59981],[127.73591,36.6003],[127.73132,36.60158],[127.7287,36.60228],[127.72768,36.60167],[127.72714,36.60088],[127.72335,36.60175],[127.72032,36.6027],[127.71598,36.60231],[127.71393,36.60188],[127.7131,36.60125],[127.71137,36.59849],[127.71138,36.59766],[127.71109,36.59735],[127.70941,36.59611],[127.70853,36.5957],[127.70662,36.59533],[127.7052,36.59522],[127.70516,36.59518],[127.70382,36.59414],[127.70292,36.59313],[127.7028,36.59186],[127.70279,36.59177],[127.70173,36.59091],[127.69794,36.58917],[127.69704,36.58894],[127.69457,36.58856],[127.6944,36.58859],[127.69342,36.58878],[127.69195,36.58915],[127.69127,36.58947],[127.69079,36.58985],[127.6901,36.59036],[127.68816,36.59164],[127.68726,36.59194],[127.68715,36.59195],[127.68647,36.59202],[127.68567,36.59203],[127.684,36.592],[127.68387,36.59197],[127.68307,36.5918],[127.6826,36.59181],[127.68202,36.59181],[127.68136,36.59187],[127.68048,36.59233],[127.67928,36.59484],[127.67948,36.59565],[127.67951,36.59575],[127.67777,36.59627],[127.6758,36.5968],[127.67516,36.59689],[127.67393,36.5971],[127.67237,36.59743],[127.6701,36.59794],[127.66621,36.60009],[127.66577,36.60045],[127.6655,36.60096],[127.66539,36.60126],[127.66529,36.60155],[127.66524,36.60217],[127.665,36.6025],[127.66429,36.60263],[127.66106,36.6028],[127.66033,36.60281],[127.66025,36.60274],[127.65981,36.60237],[127.65949,36.60169],[127.65914,36.60143],[127.65534,36.60027],[127.65431,36.60039],[127.65365,36.60047],[127.65314,36.60085],[127.65221,36.60338],[127.65229,36.60388],[127.65222,36.60457],[127.65195,36.60488],[127.6509,36.60493],[127.64763,36.60558],[127.64699,36.6058],[127.64626,36.60661],[127.64599,36.60888],[127.64792,36.61175],[127.64885,36.61463],[127.64903,36.61555],[127.64891,36.61664],[127.64713,36.61661],[127.64599,36.61663],[127.64493,36.61905],[127.64452,36.62112],[127.64451,36.62218],[127.64585,36.62377],[127.64647,36.62623],[127.64664,36.62781],[127.6425,36.63252],[127.64047,36.63432],[127.63854,36.63754],[127.63667,36.63924],[127.63514,36.63973],[127.63404,36.63994],[127.63288,36.64094],[127.63256,36.64192],[127.62785,36.64345],[127.62591,36.64514],[127.6249,36.64573],[127.62409,36.64575],[127.62292,36.64577],[127.62033,36.64736],[127.61784,36.64852],[127.61645,36.64843],[127.61424,36.64801],[127.6124,36.64789],[127.61042,36.6481],[127.60959,36.64849],[127.60334,36.65466],[127.6028,36.65644],[127.60409,36.65826],[127.60423,36.65846],[127.60112,36.66023],[127.60086,36.6619],[127.60061,36.66387],[127.60023,36.66467],[127.59927,36.66615],[127.59824,36.6668],[127.59757,36.66726],[127.5969,36.66996],[127.59703,36.67246],[127.59765,36.67483],[127.59782,36.67563],[127.59677,36.67686],[127.59543,36.67788],[127.59052,36.68034],[127.58783,36.68158],[127.58695,36.68176],[127.58689,36.68177],[127.58586,36.68273],[127.58563,36.68375],[127.58662,36.68574],[127.5891,36.68768],[127.59085,36.6877],[127.59199,36.68856],[127.59237,36.69],[127.59205,36.69087],[127.5963,36.69613],[127.59764,36.69778],[127.5993,36.69858],[127.60052,36.6989],[127.60199,36.69815],[127.60547,36.6982],[127.60672,36.69934],[127.60818,36.69967],[127.6101,36.70006],[127.61081,36.70007],[127.61233,36.70011],[127.61453,36.70294],[127.61468,36.70511],[127.61724,36.70748],[127.61776,36.70745],[127.61873,36.70744],[127.61884,36.70743],[127.61892,36.70739],[127.62001,36.70654],[127.62094,36.70583],[127.6226,36.70497],[127.62279,36.70491],[127.62285,36.70492],[127.62343,36.70526],[127.62369,36.70542],[127.62385,36.70552],[127.62389,36.70556],[127.62392,36.70562],[127.62396,36.70572],[127.62398,36.70588],[127.62401,36.70595],[127.62405,36.70601],[127.62413,36.70608],[127.62435,36.70624],[127.62464,36.70642],[127.62505,36.70664],[127.62553,36.70687],[127.62693,36.70749],[127.634,36.70868],[127.63429,36.70872],[127.6345,36.70872],[127.63472,36.70872],[127.63491,36.70871],[127.63513,36.70868],[127.6354,36.70863],[127.63562,36.70858],[127.63589,36.70851],[127.63625,36.7084],[127.63822,36.70773],[127.63832,36.70768],[127.6384,36.70764],[127.63851,36.70757],[127.64135,36.7055],[127.64138,36.70547],[127.64141,36.70542],[127.64145,36.7053],[127.64147,36.70517],[127.64149,36.70505],[127.6415,36.70489],[127.6415,36.70476],[127.64149,36.70449],[127.64149,36.70437],[127.64151,36.70425],[127.64153,36.70415],[127.64155,36.70407],[127.64158,36.70401],[127.64206,36.70312],[127.64213,36.703],[127.64221,36.7029],[127.64244,36.70268],[127.64249,36.70264],[127.64785,36.70124],[127.64794,36.70125],[127.65067,36.70199],[127.65074,36.70201],[127.65465,36.70431],[127.65489,36.70445],[127.65507,36.70457],[127.65522,36.70468],[127.6553,36.70474],[127.65551,36.70499],[127.65617,36.70576],[127.65626,36.7059],[127.65629,36.70596],[127.6563,36.70604],[127.6563,36.70617],[127.65627,36.70634],[127.65623,36.70654],[127.65623,36.70665],[127.65623,36.70673],[127.65626,36.70682],[127.65933,36.71122],[127.66161,36.71435],[127.66223,36.71686],[127.66217,36.71696],[127.66209,36.7171],[127.66204,36.7172],[127.66201,36.71732],[127.66166,36.71905],[127.66164,36.71914],[127.66163,36.71925],[127.66163,36.71935],[127.66163,36.71946],[127.66176,36.72252],[127.66176,36.72257],[127.66198,36.72337],[127.66203,36.7235],[127.66207,36.72362],[127.66268,36.72525],[127.66327,36.72623],[127.6634,36.72639],[127.66438,36.72797],[127.66476,36.72893],[127.66492,36.72978],[127.66541,36.72961],[127.66579,36.72945],[127.66609,36.72918],[127.66899,36.72608],[127.67017,36.72479],[127.67057,36.72415],[127.67096,36.72343],[127.67113,36.72322],[127.67128,36.72304],[127.6716,36.72269],[127.67177,36.72251],[127.67191,36.72236],[127.67225,36.72211],[127.67495,36.72078],[127.67755,36.71959],[127.67784,36.7194],[127.67827,36.71907],[127.6787,36.7189],[127.6796,36.71897],[127.68,36.71905],[127.68038,36.71911],[127.68084,36.71923],[127.68137,36.71957],[127.68197,36.71995],[127.6823,36.72012],[127.68258,36.72027],[127.68329,36.72044],[127.6859,36.72085],[127.68631,36.72076],[127.68693,36.72038],[127.68781,36.71949],[127.68798,36.71905],[127.68806,36.71841],[127.68814,36.71741],[127.68849,36.71651],[127.68877,36.71591],[127.68904,36.71547],[127.6901,36.71426],[127.69043,36.71389],[127.69216,36.71248],[127.69265,36.71215],[127.69573,36.71083],[127.69668,36.71046],[127.6976,36.71024],[127.69843,36.71035],[127.69914,36.71047],[127.69941,36.71055],[127.69969,36.71062],[127.70014,36.71055],[127.70163,36.71009],[127.70219,36.70982],[127.70236,36.70966],[127.70256,36.70946],[127.70298,36.7089],[127.70304,36.70874],[127.70291,36.70801],[127.70275,36.70623],[127.70256,36.70384],[127.70264,36.70349],[127.70367,36.70198],[127.70381,36.70187],[127.70398,36.70173],[127.70546,36.70068],[127.70564,36.70056],[127.70584,36.70044],[127.7064,36.70077],[127.70683,36.70103],[127.70706,36.70102],[127.7073,36.70101],[127.70828,36.70039],[127.70873,36.70007],[127.70976,36.69925],[127.71019,36.69883],[127.71375,36.69524],[127.71376,36.69514],[127.71383,36.6947],[127.71369,36.69387],[127.71349,36.6925],[127.71326,36.69054],[127.71352,36.69012],[127.71433,36.68968],[127.71613,36.68888],[127.71725,36.68844],[127.71895,36.68757],[127.72071,36.68629],[127.7226,36.68475],[127.72334,36.68316],[127.72679,36.68258],[127.72895,36.68262]]]]}},{"type":"Feature","properties":{"adm_cd":"33041330","adm_nm":"충청북도 청주시상당구 가덕면"},"geometry":{"type":"MultiPolygon","coordinates":[[[[127.61462,36.57368],[127.6143,36.57343],[127.61364,36.57276],[127.61295,36.572],[127.61141,36.57009],[127.61135,36.56822],[127.61134,36.56741],[127.61141,36.56677],[127.61289,36.56434],[127.61386,36.56319],[127.61444,36.56256],[127.61492,36.56206],[127.61555,36.56142],[127.61614,36.56087],[127.61645,36.5603],[127.61662,36.55934],[127.61605,36.55888],[127.6141,36.55675],[127.61345,36.55512],[127.61352,36.55425],[127.61354,36.55372],[127.61249,36.55189],[127.61207,36.55138],[127.61119,36.55117],[127.60952,36.55067],[127.60861,36.55032],[127.6081,36.54977],[127.60321,36.54789],[127.60289,36.54784],[127.60015,36.54838],[127.59881,36.54819],[127.5933,36.54512],[127.59089,36.54337],[127.58944,36.54338],[127.58908,36.54366],[127.58871,36.54384],[127.58776,36.5439],[127.58671,36.54371],[127.5858,36.5435],[127.58099,36.5421],[127.58038,36.54159],[127.58022,36.541],[127.58034,36.54029],[127.5805,36.5389],[127.57974,36.53796],[127.57841,36.53761],[127.57736,36.53775],[127.57479,36.53707],[127.57221,36.5362],[127.57187,36.53607],[127.57089,36.53569],[127.56975,36.53479],[127.56938,36.53364],[127.56697,36.53159],[127.56518,36.5305],[127.56392,36.53067],[127.56358,36.53051],[127.56334,36.53041],[127.56242,36.52962],[127.56176,36.52912],[127.55872,36.52743],[127.55816,36.52739],[127.55681,36.52751],[127.55501,36.52861],[127.55396,36.52936],[127.55313,36.52998],[127.55225,36.5301],[127.55126,36.53013],[127.54923,36.52921],[127.54906,36.52899],[127.54698,36.52698],[127.54167,36.52493],[127.53799,36.52413],[127.5379,36.52413],[127.53766,36.52418],[127.53755,36.52422],[127.53717,36.52451],[127.53632,36.52574],[127.53611,36.5263],[127.53573,36.52671],[127.53527,36.52698],[127.53487,36.52705],[127.53455,36.52699],[127.53381,36.52675],[127.53299,36.52644],[127.53183,36.52595],[127.52891,36.52339],[127.52726,36.52147],[127.52494,36.51925],[127.51869,36.51938],[127.51844,36.52229],[127.51748,36.52251],[127.51617,36.5222],[127.51537,36.52195],[127.51407,36.52129],[127.51251,36.52079],[127.50819,36.52449],[127.50732,36.52525],[127.50565,36.52921],[127.50447,36.53215],[127.50434,36.53668],[127.50516,36.53751],[127.50654,36.53798],[127.50712,36.53977],[127.5062,36.54225],[127.50618,36.5423],[127.50615,36.54237],[127.50858,36.54289],[127.50684,36.54751],[127.50537,36.54918],[127.50469,36.55061],[127.50529,36.55254],[127.50548,36.55301],[127.50577,36.55331],[127.5065,36.55374],[127.50741,36.55414],[127.50968,36.55488],[127.51057,36.55498],[127.51141,36.55437],[127.51161,36.55419],[127.51485,36.55468],[127.51775,36.55506],[127.51851,36.55504],[127.51854,36.55504],[127.51922,36.55502],[127.52141,36.55364],[127.52108,36.5565],[127.52104,36.5569],[127.52104,36.55745],[127.52289,36.55775],[127.52377,36.55822],[127.52397,36.55871],[127.52423,36.55934],[127.52472,36.5604],[127.52592,36.56099],[127.52744,36.56051],[127.52908,36.55939],[127.52993,36.55796],[127.53014,36.55562],[127.53014,36.5552],[127.53012,36.55481],[127.53011,36.55439],[127.53023,36.55372],[127.53054,36.55316],[127.53332,36.55269],[127.53793,36.55325],[127.54338,36.55431],[127.54664,36.55514],[127.54765,36.5561],[127.54847,36.5576],[127.54845,36.55848],[127.54789,36.55966],[127.54739,36.56238],[127.54779,36.5635],[127.55042,36.56563],[127.55129,36.56564],[127.55269,36.56516],[127.55324,36.56497],[127.55458,36.56397],[127.55482,36.5638],[127.55607,36.56396],[127.55808,36.56421],[127.55821,36.56424],[127.56167,36.565],[127.56231,36.56664],[127.56231,36.56668],[127.56241,36.56782],[127.56311,36.56978],[127.56321,36.57008],[127.56453,36.57222],[127.56501,36.573],[127.56609,36.57419],[127.56715,36.57855],[127.56714,36.5808],[127.56275,36.5807],[127.56264,36.58136],[127.56264,36.58471],[127.56264,36.58726],[127.5627,36.58961],[127.56246,36.5926],[127.56022,36.5933],[127.56008,36.59357],[127.5598,36.59409],[127.55918,36.5964],[127.55978,36.59732],[127.55974,36.59741],[127.55898,36.59901],[127.55748,36.60107],[127.55486,36.60257],[127.55358,36.60325],[127.55224,36.60357],[127.55068,36.60366],[127.5474,36.60515],[127.54674,36.60561],[127.54629,36.60708],[127.54756,36.60866],[127.54838,36.61055],[127.54936,36.61296],[127.55048,36.6151],[127.55064,36.61527],[127.55154,36.6162],[127.55331,36.61721],[127.55364,36.61805],[127.55437,36.62109],[127.55593,36.62481],[127.55685,36.62572],[127.55816,36.6268],[127.56091,36.62477],[127.56388,36.62348],[127.56821,36.62312],[127.56899,36.62191],[127.57031,36.62124],[127.57223,36.62032],[127.57402,36.61996],[127.57646,36.61674],[127.57639,36.61573],[127.57578,36.61444],[127.57826,36.61303],[127.57964,36.61222],[127.58005,36.61166],[127.58221,36.60859],[127.58362,36.60588],[127.58572,36.59886],[127.58573,36.5974],[127.58542,36.59602],[127.58459,36.59441],[127.58451,36.59426],[127.58465,36.59269],[127.58473,36.59249],[127.58522,36.59121],[127.58523,36.59117],[127.58474,36.58939],[127.5843,36.58879],[127.58404,36.58883],[127.58334,36.58813],[127.58224,36.58687],[127.58289,36.5841],[127.58311,36.58354],[127.58341,36.58315],[127.58368,36.58287],[127.58881,36.58471],[127.59078,36.58562],[127.59519,36.58364],[127.59684,36.58388],[127.59796,36.58423],[127.60026,36.58496],[127.60317,36.58584],[127.6056,36.58407],[127.60701,36.5827],[127.60869,36.58092],[127.60738,36.58013],[127.60732,36.57819],[127.60814,36.57717],[127.61029,36.57673],[127.6112,36.57617],[127.61462,36.57368]]]]}},{"type":"Feature","properties":{"adm_cd":"33041340","adm_nm":"충청북도 청주시상당구 남일면"},"geometry":{"type":"MultiPolygon","coordinates":[[[[127.50469,36.55061],[127.50408,36.55203],[127.50379,36.55251],[127.50357,36.55264],[127.5031,36.5526],[127.50155,36.55224],[127.50081,36.55199],[127.50023,36.55161],[127.49957,36.55089],[127.49947,36.55078],[127.49939,36.55067],[127.49658,36.54814],[127.49217,36.5445],[127.49193,36.54454],[127.48728,36.54526],[127.48692,36.54542],[127.48546,36.54632],[127.4858,36.54774],[127.48405,36.5518],[127.48278,36.55317],[127.48133,36.55472],[127.48035,36.55469],[127.47947,36.55681],[127.47943,36.5573],[127.47983,36.55818],[127.48077,36.55989],[127.48111,36.56047],[127.48133,36.56073],[127.48158,36.56122],[127.48133,36.56148],[127.47966,36.56206],[127.47543,36.56263],[127.47496,36.56267],[127.47394,36.56218],[127.47213,36.56086],[127.46854,36.56135],[127.46718,36.562],[127.46717,36.56358],[127.46778,36.56986],[127.46789,36.57065],[127.46798,36.57114],[127.46852,36.57257],[127.46877,36.57315],[127.47067,36.577],[127.47277,36.57824],[127.47352,36.57975],[127.47407,36.58105],[127.47452,36.5809],[127.47743,36.58112],[127.48238,36.58276],[127.48627,36.58216],[127.48777,36.58139],[127.48846,36.58132],[127.4912,36.58267],[127.49248,36.58352],[127.49235,36.58379],[127.49611,36.58582],[127.49955,36.58746],[127.5002,36.58745],[127.50067,36.58608],[127.50089,36.58601],[127.50101,36.58598],[127.50265,36.58686],[127.50358,36.5875],[127.50353,36.58911],[127.50442,36.58999],[127.5063,36.5902],[127.50694,36.59021],[127.51039,36.5919],[127.5141,36.59279],[127.5165,36.59298],[127.51919,36.59379],[127.52066,36.59559],[127.5216,36.59756],[127.5218,36.59806],[127.52189,36.5983],[127.52224,36.59993],[127.52308,36.60103],[127.52398,36.60181],[127.52523,36.60175],[127.52724,36.60166],[127.52995,36.6017],[127.53472,36.60203],[127.53661,36.60256],[127.54141,36.59829],[127.54146,36.59824],[127.54308,36.60116],[127.54674,36.60561],[127.5474,36.60515],[127.55068,36.60366],[127.55224,36.60357],[127.55358,36.60325],[127.55486,36.60257],[127.55748,36.60107],[127.55898,36.59901],[127.55974,36.59741],[127.55978,36.59732],[127.55918,36.5964],[127.5598,36.59409],[127.56008,36.59357],[127.56022,36.5933],[127.56246,36.5926],[127.5627,36.58961],[127.56264,36.58726],[127.56264,36.58471],[127.56264,36.58136],[127.56275,36.5807],[127.56714,36.5808],[127.56715,36.57855],[127.56609,36.57419],[127.56501,36.573],[127.56453,36.57222],[127.56321,36.57008],[127.56311,36.56978],[127.56241,36.56782],[127.56231,36.56668],[127.56231,36.56664],[127.56167,36.565],[127.55821,36.56424],[127.55808,36.56421],[127.55607,36.56396],[127.55482,36.5638],[127.55458,36.56397],[127.55324,36.56497],[127.55269,36.56516],[127.55129,36.56564],[127.55042,36.56563],[127.54779,36.5635],[127.54739,36.56238],[127.54789,36.55966],[127.54845,36.55848],[127.54847,36.5576],[127.54765,36.5561],[127.54664,36.55514],[127.54338,36.55431],[127.53793,36.55325],[127.53332,36.55269],[127.53054,36.55316],[127.53023,36.55372],[127.53011,36.55439],[127.53012,36.55481],[127.53014,36.5552],[127.53014,36.55562],[127.52993,36.55796],[127.52908,36.55939],[127.52744,36.56051],[127.52592,36.56099],[127.52472,36.5604],[127.52423,36.55934],[127.52397,36.55871],[127.52377,36.55822],[127.52289,36.55775],[127.52104,36.55745],[127.52104,36.5569],[127.52108,36.5565],[127.52141,36.55364],[127.51922,36.55502],[127.51854,36.55504],[127.51851,36.55504],[127.51775,36.55506],[127.51485,36.55468],[127.51161,36.55419],[127.51141,36.55437],[127.51057,36.55498],[127.50968,36.55488],[127.50741,36.55414],[127.5065,36.55374],[127.50577,36.55331],[127.50548,36.55301],[127.50529,36.55254],[127.50469,36.55061]]]]}},{"type":"Feature","properties":{"adm_cd":"33041350","adm_nm":"충청북도 청주시상당구 문의면"},"geometry":{"type":"MultiPolygon","coordinates":[[[[127.50469,36.55061],[127.50537,36.54918],[127.50684,36.54751],[127.50858,36.54289],[127.50615,36.54237],[127.50618,36.5423],[127.5062,36.54225],[127.50712,36.53977],[127.50654,36.53798],[127.50516,36.53751],[127.50434,36.53668],[127.50447,36.53215],[127.50565,36.52921],[127.50732,36.52525],[127.50819,36.52449],[127.51251,36.52079],[127.51407,36.52129],[127.51537,36.52195],[127.51617,36.5222],[127.51748,36.52251],[127.51844,36.52229],[127.51869,36.51938],[127.52494,36.51925],[127.52726,36.52147],[127.52891,36.52339],[127.53183,36.52595],[127.53299,36.52644],[127.53381,36.52675],[127.53455,36.52699],[127.53487,36.52705],[127.53527,36.52698],[127.53573,36.52671],[127.53611,36.5263],[127.53632,36.52574],[127.53717,36.52451],[127.53755,36.52422],[127.53766,36.52418],[127.5379,36.52413],[127.53799,36.52413],[127.54167,36.52493],[127.54698,36.52698],[127.54906,36.52899],[127.54923,36.52921],[127.55126,36.53013],[127.55225,36.5301],[127.55313,36.52998],[127.55396,36.52936],[127.55501,36.52861],[127.55681,36.52751],[127.55816,36.52739],[127.55872,36.52743],[127.56176,36.52912],[127.56242,36.52962],[127.56334,36.53041],[127.56358,36.53051],[127.56392,36.53067],[127.56518,36.5305],[127.56547,36.52933],[127.56594,36.52856],[127.56633,36.52847],[127.56671,36.52801],[127.56772,36.52635],[127.56887,36.52229],[127.569,36.52143],[127.57301,36.5164],[127.57335,36.50958],[127.57151,36.50577],[127.57084,36.50462],[127.57038,36.50371],[127.57028,36.50263],[127.57011,36.49965],[127.57204,36.49425],[127.57286,36.49307],[127.57427,36.4924],[127.5745,36.49226],[127.57606,36.49133],[127.57645,36.49054],[127.57645,36.49044],[127.57639,36.49035],[127.57628,36.49025],[127.57612,36.49017],[127.56984,36.48607],[127.56701,36.4841],[127.56302,36.47996],[127.56044,36.47557],[127.55833,36.47237],[127.55813,36.47214],[127.55624,36.47181],[127.55624,36.47169],[127.55627,36.47153],[127.55653,36.47087],[127.55661,36.47066],[127.55687,36.47026],[127.55706,36.46998],[127.55709,36.46987],[127.55709,36.46976],[127.55706,36.46963],[127.55662,36.46818],[127.55565,36.46556],[127.55559,36.46551],[127.55385,36.46308],[127.5537,36.46076],[127.55333,36.45774],[127.55182,36.45512],[127.55079,36.45498],[127.54939,36.45438],[127.54812,36.45291],[127.54542,36.44932],[127.54587,36.44694],[127.54389,36.44629],[127.53963,36.44487],[127.52684,36.4403],[127.52285,36.43885],[127.51994,36.4364],[127.51651,36.42847],[127.51565,36.42229],[127.51569,36.42228],[127.51453,36.41757],[127.51366,36.4148],[127.51307,36.41296],[127.51162,36.40835],[127.51103,36.4065],[127.51004,36.40312],[127.50909,36.40519],[127.50793,36.40563],[127.50666,36.4061],[127.50539,36.40658],[127.50412,36.40706],[127.50316,36.40766],[127.50256,36.4082],[127.50197,36.40942],[127.50158,36.41031],[127.50118,36.4112],[127.50079,36.41208],[127.5004,36.41296],[127.49963,36.41473],[127.49786,36.41863],[127.49771,36.41895],[127.49668,36.42067],[127.49446,36.42434],[127.4939,36.42528],[127.49333,36.42622],[127.48921,36.4327],[127.48921,36.43327],[127.48925,36.43378],[127.48944,36.43437],[127.48972,36.43507],[127.49126,36.43855],[127.49136,36.43878],[127.49152,36.43915],[127.49186,36.43982],[127.49222,36.44044],[127.49272,36.44103],[127.49412,36.4424],[127.49477,36.44297],[127.49556,36.4436],[127.49579,36.44378],[127.49747,36.44508],[127.49788,36.44539],[127.49856,36.44573],[127.49923,36.44598],[127.50017,36.44652],[127.50073,36.44696],[127.5014,36.44761],[127.50206,36.44841],[127.50265,36.44931],[127.50293,36.45005],[127.50313,36.45103],[127.50316,36.45193],[127.50304,36.45305],[127.5028,36.45365],[127.50266,36.45398],[127.50218,36.45449],[127.50128,36.45534],[127.49892,36.45568],[127.49755,36.45543],[127.49617,36.45517],[127.4948,36.45492],[127.49273,36.45453],[127.49134,36.45456],[127.48717,36.45467],[127.48232,36.45598],[127.48132,36.4566],[127.47934,36.45784],[127.47931,36.45899],[127.47928,36.46014],[127.47945,36.46062],[127.48268,36.47006],[127.48301,36.471],[127.48367,36.47287],[127.4841,36.47407],[127.48452,36.47528],[127.48413,36.47762],[127.48376,36.47771],[127.48342,36.4778],[127.48348,36.47954],[127.48194,36.48053],[127.47997,36.48063],[127.47712,36.48132],[127.47589,36.48566],[127.47592,36.48642],[127.476,36.48806],[127.47629,36.49039],[127.47586,36.49087],[127.47325,36.49096],[127.47144,36.49046],[127.47018,36.49053],[127.4677,36.49098],[127.46673,36.49241],[127.46652,36.49272],[127.46096,36.49499],[127.45887,36.49513],[127.45745,36.4965],[127.45681,36.49865],[127.45601,36.49965],[127.45465,36.5007],[127.45378,36.50091],[127.45246,36.50057],[127.44989,36.5006],[127.44932,36.50334],[127.44926,36.50503],[127.44925,36.50506],[127.44921,36.50548],[127.44853,36.50707],[127.44714,36.50875],[127.44624,36.51078],[127.44596,36.51228],[127.44834,36.51266],[127.45137,36.5142],[127.45206,36.51496],[127.45263,36.5162],[127.45284,36.51708],[127.45333,36.51985],[127.45331,36.52053],[127.4527,36.52075],[127.45193,36.52362],[127.45201,36.52373],[127.45247,36.52367],[127.45446,36.52328],[127.4556,36.52547],[127.45558,36.52608],[127.45513,36.53079],[127.45479,36.53218],[127.45475,36.53322],[127.45295,36.53536],[127.45306,36.53679],[127.45357,36.53718],[127.45363,36.53722],[127.45262,36.53932],[127.45169,36.54125],[127.44757,36.54142],[127.44727,36.54223],[127.4471,36.5429],[127.44711,36.5438],[127.44739,36.5477],[127.44927,36.54838],[127.45059,36.54742],[127.4513,36.54729],[127.45265,36.54743],[127.45387,36.54803],[127.455,36.54863],[127.45586,36.54892],[127.45704,36.54899],[127.45866,36.54861],[127.4616,36.54703],[127.46343,36.54596],[127.46621,36.54434],[127.46928,36.54337],[127.46948,36.54336],[127.46971,36.54338],[127.47571,36.54518],[127.47655,36.5459],[127.47836,36.54696],[127.47963,36.54763],[127.48276,36.54662],[127.48376,36.54619],[127.48404,36.54521],[127.48464,36.5448],[127.48508,36.54488],[127.48539,36.54542],[127.48542,36.5456],[127.48546,36.54632],[127.48692,36.54542],[127.48728,36.54526],[127.49193,36.54454],[127.49217,36.5445],[127.49658,36.54814],[127.49939,36.55067],[127.49947,36.55078],[127.49957,36.55089],[127.50023,36.55161],[127.50081,36.55199],[127.50155,36.55224],[127.5031,36.5526],[127.50357,36.55264],[127.50379,36.55251],[127.50408,36.55203],[127.50469,36.55061]]]]}},{"type":"Feature","properties":{"adm_cd":"33041510","adm_nm":"충청북도 청주시상당구 중앙동"},"geometry":{"type":"MultiPolygon","coordinates":[[[[127.50607,36.65012],[127.50609,36.64876],[127.5045,36.64552],[127.50404,36.64506],[127.50399,36.64502],[127.50317,36.64457],[127.50286,36.64442],[127.50189,36.64419],[127.50123,36.64406],[127.50095,36.64373],[127.50102,36.64302],[127.50133,36.64163],[127.50165,36.64061],[127.50164,36.6399],[127.5012,36.63912],[127.50085,36.63885],[127.50057,36.63864],[127.49981,36.63835],[127.49374,36.63642],[127.49217,36.63751],[127.49024,36.6371],[127.48899,36.63687],[127.48636,36.63663],[127.48384,36.63647],[127.48361,36.64103],[127.48327,36.64218],[127.48256,36.6446],[127.48253,36.64466],[127.48392,36.64504],[127.48399,36.64504],[127.4848,36.64504],[127.48556,36.64504],[127.48596,36.64504],[127.48738,36.64503],[127.48819,36.64503],[127.49167,36.64656],[127.49347,36.64747],[127.49737,36.64809],[127.49783,36.64813],[127.49809,36.64805],[127.50091,36.64719],[127.50183,36.64782],[127.50458,36.64979],[127.50514,36.65024],[127.50607,36.65012]]]]}},{"type":"Feature","properties":{"adm_cd":"33041520","adm_nm":"충청북도 청주시상당구 성안동"},"geometry":{"type":"MultiPolygon","coordinates":[[[[127.49374,36.63642],[127.49363,36.63613],[127.49354,36.63585],[127.49351,36.63571],[127.4935,36.63564],[127.4935,36.6356],[127.49387,36.63354],[127.49393,36.63328],[127.49442,36.63098],[127.49563,36.62631],[127.49608,36.62509],[127.49628,36.62496],[127.49173,36.62442],[127.49086,36.62467],[127.48946,36.62529],[127.48478,36.62788],[127.48465,36.62795],[127.48403,36.62835],[127.48385,36.62846],[127.48358,36.62869],[127.48314,36.62908],[127.48311,36.6291],[127.48278,36.62939],[127.48245,36.62968],[127.48214,36.63026],[127.48194,36.63065],[127.48189,36.63088],[127.48189,36.63093],[127.48186,36.63147],[127.48188,36.63241],[127.48221,36.6334],[127.48361,36.63568],[127.48384,36.63647],[127.48636,36.63663],[127.48899,36.63687],[127.49024,36.6371],[127.49217,36.63751],[127.49374,36.63642]]]]}},{"type":"Feature","properties":{"adm_cd":"33041530","adm_nm":"충청북도 청주시상당구 탑·대성동"},"geometry":{"type":"MultiPolygon","coordinates":[[[[127.50362,36.63169],[127.50298,36.63061],[127.50293,36.63051],[127.5027,36.63013],[127.50261,36.62997],[127.50232,36.62948],[127.49884,36.62529],[127.4987,36.62516],[127.49786,36.62491],[127.49734,36.62493],[127.49628,36.62496],[127.49608,36.62509],[127.49563,36.62631],[127.49442,36.63098],[127.49393,36.63328],[127.49387,36.63354],[127.4935,36.6356],[127.4935,36.63564],[127.49351,36.63571],[127.49354,36.63585],[127.49363,36.63613],[127.49374,36.63642],[127.49981,36.63835],[127.49956,36.63774],[127.49953,36.63761],[127.49947,36.63726],[127.49946,36.63717],[127.49944,36.63679],[127.49934,36.63512],[127.49944,36.63462],[127.49946,36.63454],[127.49954,36.63445],[127.50042,36.63403],[127.50058,36.63402],[127.50061,36.63401],[127.5008,36.63405],[127.50205,36.63319],[127.50356,36.63214],[127.50362,36.63169]]]]}},{"type":"Feature","properties":{"adm_cd":"33041540","adm_nm":"충청북도 청주시상당구 영운동"},"geometry":{"type":"MultiPolygon","coordinates":[[[[127.50952,36.62124],[127.51035,36.62116],[127.51045,36.62114],[127.51066,36.62108],[127.51114,36.62095],[127.51134,36.62073],[127.50096,36.61502],[127.50088,36.61499],[127.50074,36.61494],[127.50033,36.61479],[127.50027,36.61479],[127.49914,36.61477],[127.49888,36.61477],[127.49543,36.61493],[127.49462,36.61586],[127.49341,36.6201],[127.49332,36.62237],[127.49938,36.62288],[127.50491,36.62108],[127.50533,36.62118],[127.50718,36.62154],[127.50831,36.62149],[127.50952,36.62124]]]]}},{"type":"Feature","properties":{"adm_cd":"33041550","adm_nm":"충청북도 청주시상당구 금천동"},"geometry":{"type":"MultiPolygon","coordinates":[[[[127.50952,36.62124],[127.50831,36.62149],[127.50718,36.62154],[127.50533,36.62118],[127.50491,36.62108],[127.49938,36.62288],[127.49332,36.62237],[127.49173,36.62442],[127.49628,36.62496],[127.49734,36.62493],[127.49786,36.62491],[127.4987,36.62516],[127.49884,36.62529],[127.50232,36.62948],[127.50261,36.62997],[127.5027,36.63013],[127.50293,36.63051],[127.50298,36.63061],[127.50362,36.63169],[127.5042,36.63147],[127.50581,36.63085],[127.50626,36.63068],[127.50636,36.63086],[127.50639,36.63091],[127.50652,36.63114],[127.50682,36.63148],[127.50739,36.63205],[127.50744,36.63209],[127.50791,36.63244],[127.508,36.63249],[127.50816,36.63257],[127.50831,36.63264],[127.50892,36.63279],[127.50898,36.6328],[127.50948,36.63292],[127.51184,36.63337],[127.51249,36.63157],[127.51311,36.62988],[127.5137,36.62953],[127.51422,36.62922],[127.51469,36.62893],[127.51482,36.62882],[127.51484,36.62752],[127.51441,36.62617],[127.51354,36.6246],[127.51113,36.62264],[127.51072,36.62263],[127.51001,36.62248],[127.50952,36.62124]]]]}},{"type":"Feature","properties":{"adm_cd":"33041560","adm_nm":"충청북도 청주시상당구 용담·명암·산성동"},"geometry":{"type":"MultiPolygon","coordinates":[[[[127.54274,36.66876],[127.54519,36.66782],[127.54678,36.66742],[127.54905,36.66646],[127.55045,36.66586],[127.55364,36.66441],[127.5536,36.66297],[127.55349,36.66267],[127.55209,36.66094],[127.55043,36.65941],[127.54962,36.65823],[127.54794,36.65364],[127.54587,36.65161],[127.54515,36.65111],[127.54481,36.65074],[127.54475,36.65044],[127.54509,36.64853],[127.54529,36.64762],[127.54179,36.64576],[127.54091,36.64552],[127.53973,36.64532],[127.5385,36.64522],[127.53756,36.64528],[127.53692,36.64589],[127.53665,36.6461],[127.53642,36.64624],[127.53606,36.64621],[127.53527,36.64603],[127.53414,36.64598],[127.53364,36.64615],[127.53323,36.64635],[127.5332,36.64642],[127.53291,36.64708],[127.53183,36.64842],[127.52995,36.64823],[127.52936,36.64821],[127.52851,36.64858],[127.52786,36.6488],[127.52727,36.649],[127.52609,36.64848],[127.5236,36.64646],[127.52275,36.64569],[127.5224,36.64468],[127.52243,36.6442],[127.52247,36.64395],[127.52229,36.64309],[127.52146,36.64222],[127.52028,36.64111],[127.51603,36.63706],[127.51348,36.63356],[127.51226,36.63334],[127.51208,36.63331],[127.512,36.63332],[127.51184,36.63337],[127.50948,36.63292],[127.50898,36.6328],[127.50892,36.63279],[127.50831,36.63264],[127.50816,36.63257],[127.508,36.63249],[127.50791,36.63244],[127.50744,36.63209],[127.50739,36.63205],[127.50682,36.63148],[127.50652,36.63114],[127.50639,36.63091],[127.50636,36.63086],[127.50626,36.63068],[127.50581,36.63085],[127.5042,36.63147],[127.50362,36.63169],[127.50356,36.63214],[127.50205,36.63319],[127.5008,36.63405],[127.50061,36.63401],[127.50058,36.63402],[127.50042,36.63403],[127.49954,36.63445],[127.49946,36.63454],[127.49944,36.63462],[127.49934,36.63512],[127.49944,36.63679],[127.49946,36.63717],[127.49947,36.63726],[127.49953,36.63761],[127.49956,36.63774],[127.49981,36.63835],[127.50057,36.63864],[127.50085,36.63885],[127.5012,36.63912],[127.50164,36.6399],[127.50165,36.64061],[127.50133,36.64163],[127.50102,36.64302],[127.50095,36.64373],[127.50123,36.64406],[127.50189,36.64419],[127.50286,36.64442],[127.50317,36.64457],[127.50399,36.64502],[127.50404,36.64506],[127.5045,36.64552],[127.50609,36.64876],[127.50607,36.65012],[127.50836,36.65252],[127.50966,36.65323],[127.51043,36.65307],[127.51154,36.65301],[127.51298,36.65295],[127.51318,36.65299],[127.51429,36.65325],[127.51913,36.65532],[127.52159,36.65649],[127.52369,36.65767],[127.52432,36.65804],[127.52467,36.65867],[127.52498,36.66037],[127.52776,36.66246],[127.52921,36.66281],[127.53157,36.66329],[127.53369,36.66463],[127.53269,36.66587],[127.53314,36.66639],[127.53593,36.66884],[127.53693,36.66924],[127.53905,36.66923],[127.54013,36.66914],[127.54274,36.66876]]]]}},{"type":"Feature","properties":{"adm_cd":"33041570","adm_nm":"충청북도 청주시상당구 용암1동"},"geometry":{"type":"MultiPolygon","coordinates":[[[[127.53756,36.64528],[127.53688,36.6439],[127.53676,36.64175],[127.53682,36.64126],[127.53851,36.63892],[127.53914,36.63771],[127.53895,36.63515],[127.53892,36.63484],[127.53971,36.63375],[127.54018,36.63326],[127.54068,36.63289],[127.54126,36.63157],[127.54265,36.62826],[127.54307,36.62694],[127.54301,36.62571],[127.54224,36.62457],[127.53655,36.61987],[127.53485,36.62011],[127.53435,36.62024],[127.534,36.62019],[127.53088,36.61902],[127.53088,36.61781],[127.53093,36.61747],[127.5309,36.61723],[127.52978,36.61521],[127.52888,36.61477],[127.5278,36.61445],[127.52638,36.61444],[127.52541,36.61447],[127.52412,36.61399],[127.52062,36.61212],[127.52052,36.61204],[127.52002,36.61163],[127.5176,36.6101],[127.51539,36.61245],[127.51228,36.61512],[127.51031,36.61322],[127.50904,36.61199],[127.5084,36.61135],[127.50717,36.61015],[127.50617,36.60918],[127.50496,36.60799],[127.50477,36.60781],[127.50413,36.60722],[127.50367,36.6068],[127.50293,36.60638],[127.50176,36.60608],[127.50088,36.60592],[127.49795,36.60599],[127.49765,36.61042],[127.49659,36.61294],[127.49649,36.61314],[127.49574,36.6147],[127.49543,36.61493],[127.49888,36.61477],[127.49914,36.61477],[127.50027,36.61479],[127.50033,36.61479],[127.50074,36.61494],[127.50088,36.61499],[127.50096,36.61502],[127.51134,36.62073],[127.51114,36.62095],[127.51066,36.62108],[127.51045,36.62114],[127.51035,36.62116],[127.50952,36.62124],[127.51001,36.62248],[127.51072,36.62263],[127.51113,36.62264],[127.51354,36.6246],[127.51441,36.62617],[127.51484,36.62752],[127.51482,36.62882],[127.51469,36.62893],[127.51422,36.62922],[127.5137,36.62953],[127.51311,36.62988],[127.51249,36.63157],[127.51184,36.63337],[127.512,36.63332],[127.51208,36.63331],[127.51226,36.63334],[127.51348,36.63356],[127.51603,36.63706],[127.52028,36.64111],[127.52146,36.64222],[127.52229,36.64309],[127.52247,36.64395],[127.52243,36.6442],[127.5224,36.64468],[127.52275,36.64569],[127.5236,36.64646],[127.52609,36.64848],[127.52727,36.649],[127.52786,36.6488],[127.52851,36.64858],[127.52936,36.64821],[127.52995,36.64823],[127.53183,36.64842],[127.53291,36.64708],[127.5332,36.64642],[127.53323,36.64635],[127.53364,36.64615],[127.53414,36.64598],[127.53527,36.64603],[127.53606,36.64621],[127.53642,36.64624],[127.53665,36.6461],[127.53692,36.64589],[127.53756,36.64528]]]]}},{"type":"Feature","properties":{"adm_cd":"33041580","adm_nm":"충청북도 청주시상당구 용암2동"},"geometry":{"type":"MultiPolygon","coordinates":[[[[127.55816,36.6268],[127.55685,36.62572],[127.55593,36.62481],[127.55437,36.62109],[127.55364,36.61805],[127.55331,36.61721],[127.55154,36.6162],[127.55064,36.61527],[127.55048,36.6151],[127.54936,36.61296],[127.54838,36.61055],[127.54756,36.60866],[127.54629,36.60708],[127.54674,36.60561],[127.54308,36.60116],[127.54146,36.59824],[127.54141,36.59829],[127.53661,36.60256],[127.53472,36.60203],[127.52995,36.6017],[127.52724,36.60166],[127.52523,36.60175],[127.52398,36.60181],[127.52308,36.60103],[127.52224,36.59993],[127.52189,36.5983],[127.5218,36.59806],[127.5216,36.59756],[127.52066,36.59559],[127.51919,36.59379],[127.5165,36.59298],[127.5141,36.59279],[127.51039,36.5919],[127.50694,36.59021],[127.5063,36.5902],[127.50442,36.58999],[127.50353,36.58911],[127.50358,36.5875],[127.50265,36.58686],[127.50101,36.58598],[127.50089,36.58601],[127.50067,36.58608],[127.5002,36.58745],[127.49858,36.59006],[127.49774,36.5926],[127.49776,36.59289],[127.49799,36.59585],[127.49805,36.59673],[127.49809,36.59892],[127.49812,36.6011],[127.49812,36.60156],[127.49809,36.60284],[127.49802,36.60491],[127.49795,36.60599],[127.50088,36.60592],[127.50176,36.60608],[127.50293,36.60638],[127.50367,36.6068],[127.50413,36.60722],[127.50477,36.60781],[127.50496,36.60799],[127.50617,36.60918],[127.50717,36.61015],[127.5084,36.61135],[127.50904,36.61199],[127.51031,36.61322],[127.51228,36.61512],[127.51539,36.61245],[127.5176,36.6101],[127.52002,36.61163],[127.52052,36.61204],[127.52062,36.61212],[127.52412,36.61399],[127.52541,36.61447],[127.52638,36.61444],[127.5278,36.61445],[127.52888,36.61477],[127.52978,36.61521],[127.5309,36.61723],[127.53093,36.61747],[127.53088,36.61781],[127.53088,36.61902],[127.534,36.62019],[127.53435,36.62024],[127.53485,36.62011],[127.53655,36.61987],[127.54224,36.62457],[127.54301,36.62571],[127.54307,36.62694],[127.54265,36.62826],[127.54126,36.63157],[127.54068,36.63289],[127.54018,36.63326],[127.53971,36.63375],[127.53892,36.63484],[127.53895,36.63515],[127.53914,36.63771],[127.53851,36.63892],[127.53682,36.64126],[127.53676,36.64175],[127.53688,36.6439],[127.53756,36.64528],[127.5385,36.64522],[127.53973,36.64532],[127.54091,36.64552],[127.54179,36.64576],[127.54529,36.64762],[127.54613,36.64766],[127.54734,36.64774],[127.54771,36.64784],[127.54825,36.64828],[127.54984,36.64877],[127.55027,36.64871],[127.55218,36.64788],[127.55315,36.64767],[127.55479,36.64629],[127.5555,36.64544],[127.55695,36.64103],[127.55708,36.6402],[127.55725,36.63739],[127.55721,36.63713],[127.55715,36.63685],[127.55666,36.63636],[127.55654,36.63534],[127.55676,36.63449],[127.55735,36.63374],[127.55853,36.63243],[127.55851,36.63229],[127.5585,36.63218],[127.55778,36.63141],[127.55714,36.63081],[127.5564,36.63057],[127.55688,36.62929],[127.55774,36.62727],[127.55816,36.6268]]]]}},{"type":"Feature","properties":{"adm_cd":"33042310","adm_nm":"충청북도 청주시서원구 남이면"},"geometry":{"type":"MultiPolygon","coordinates":[[[[127.45444,36.6016],[127.45449,36.60166],[127.45545,36.60191],[127.45775,36.60206],[127.4635,36.60163],[127.46362,36.60162],[127.46378,36.6016],[127.46396,36.60157],[127.46462,36.60142],[127.46473,36.60139],[127.47222,36.5994],[127.4724,36.59934],[127.47262,36.59926],[127.47318,36.59904],[127.47328,36.599],[127.47323,36.59744],[127.4733,36.59617],[127.47417,36.59584],[127.47422,36.59583],[127.47474,36.59557],[127.47604,36.5949],[127.47697,36.5944],[127.47717,36.59329],[127.476,36.58914],[127.4747,36.58539],[127.47463,36.58529],[127.47442,36.58498],[127.47412,36.58443],[127.47388,36.58171],[127.47407,36.58105],[127.47352,36.57975],[127.47277,36.57824],[127.47067,36.577],[127.46877,36.57315],[127.46852,36.57257],[127.46798,36.57114],[127.46789,36.57065],[127.46778,36.56986],[127.46717,36.56358],[127.46718,36.562],[127.46854,36.56135],[127.47213,36.56086],[127.47394,36.56218],[127.47496,36.56267],[127.47543,36.56263],[127.47966,36.56206],[127.48133,36.56148],[127.48158,36.56122],[127.48133,36.56073],[127.48111,36.56047],[127.48077,36.55989],[127.47983,36.55818],[127.47943,36.5573],[127.47947,36.55681],[127.48035,36.55469],[127.48133,36.55472],[127.48278,36.55317],[127.48405,36.5518],[127.4858,36.54774],[127.48546,36.54632],[127.48542,36.5456],[127.48539,36.54542],[127.48508,36.54488],[127.48464,36.5448],[127.48404,36.54521],[127.48376,36.54619],[127.48276,36.54662],[127.47963,36.54763],[127.47836,36.54696],[127.47655,36.5459],[127.47571,36.54518],[127.46971,36.54338],[127.46948,36.54336],[127.46928,36.54337],[127.46621,36.54434],[127.46343,36.54596],[127.4616,36.54703],[127.45866,36.54861],[127.45704,36.54899],[127.45586,36.54892],[127.455,36.54863],[127.45387,36.54803],[127.45265,36.54743],[127.4513,36.54729],[127.45059,36.54742],[127.44927,36.54838],[127.44739,36.5477],[127.44711,36.5438],[127.4471,36.5429],[127.44727,36.54223],[127.44757,36.54142],[127.44711,36.54135],[127.44614,36.54081],[127.4459,36.54061],[127.445,36.53924],[127.44505,36.539],[127.44543,36.53808],[127.44536,36.53762],[127.44428,36.53548],[127.43965,36.5315],[127.43871,36.5315],[127.43708,36.53148],[127.43596,36.53132],[127.43414,36.5306],[127.43125,36.52933],[127.42933,36.52821],[127.42974,36.52788],[127.42867,36.52665],[127.42839,36.52649],[127.42715,36.52638],[127.42515,36.52672],[127.42349,36.52703],[127.42197,36.52662],[127.42048,36.52616],[127.41929,36.52592],[127.41733,36.52583],[127.41713,36.52593],[127.41587,36.52647],[127.4134,36.527],[127.41046,36.52745],[127.40959,36.52743],[127.40862,36.52731],[127.4084,36.52719],[127.40798,36.52781],[127.40562,36.5314],[127.40538,36.53422],[127.40524,36.53629],[127.40525,36.53639],[127.40524,36.53661],[127.40501,36.53731],[127.40182,36.54124],[127.40152,36.54149],[127.40147,36.54149],[127.39919,36.54117],[127.39762,36.54027],[127.39602,36.54],[127.39216,36.53995],[127.38927,36.54034],[127.38546,36.54098],[127.38473,36.54127],[127.38412,36.54154],[127.38389,36.54168],[127.38349,36.54201],[127.3834,36.54308],[127.38383,36.54471],[127.38376,36.54563],[127.3831,36.54817],[127.38219,36.54882],[127.38018,36.5495],[127.37927,36.54959],[127.37869,36.54992],[127.37858,36.55055],[127.37853,36.55146],[127.37872,36.55237],[127.37934,36.55274],[127.37952,36.5531],[127.37938,36.55369],[127.37806,36.55524],[127.3771,36.55625],[127.37573,36.55729],[127.37397,36.55763],[127.37356,36.55781],[127.37327,36.55831],[127.37267,36.55966],[127.37257,36.56011],[127.37428,36.56012],[127.37501,36.56024],[127.37632,36.56072],[127.37649,36.56102],[127.37658,36.56204],[127.37653,36.56227],[127.37617,36.56308],[127.37706,36.56744],[127.37719,36.56822],[127.37743,36.56906],[127.37755,36.56933],[127.38114,36.57302],[127.38521,36.57681],[127.38558,36.57701],[127.38634,36.57712],[127.38658,36.57733],[127.38682,36.57774],[127.38712,36.57839],[127.38748,36.57936],[127.38766,36.58036],[127.38762,36.58063],[127.38753,36.58092],[127.38755,36.58109],[127.38774,36.58167],[127.38823,36.583],[127.38844,36.58343],[127.38875,36.584],[127.38891,36.58423],[127.38985,36.58533],[127.38995,36.58533],[127.39022,36.58534],[127.39202,36.58584],[127.39804,36.59054],[127.39811,36.5906],[127.39825,36.59072],[127.39907,36.59171],[127.39919,36.59188],[127.39924,36.59195],[127.39961,36.5926],[127.40021,36.59372],[127.40068,36.59483],[127.40083,36.59556],[127.40091,36.59593],[127.40101,36.59604],[127.40165,36.59652],[127.40191,36.59667],[127.40244,36.59696],[127.40253,36.59697],[127.40536,36.59789],[127.40551,36.59795],[127.4056,36.59799],[127.40627,36.59834],[127.40652,36.59862],[127.40662,36.59874],[127.40669,36.59883],[127.40681,36.599],[127.40688,36.59914],[127.40724,36.59992],[127.40729,36.60011],[127.40729,36.60021],[127.40726,36.60032],[127.40724,36.60035],[127.40949,36.60267],[127.41153,36.6046],[127.41188,36.60446],[127.41248,36.60419],[127.41263,36.60413],[127.41291,36.60396],[127.41324,36.60375],[127.41351,36.60358],[127.41391,36.60327],[127.41409,36.60313],[127.41445,36.60282],[127.41449,36.60278],[127.41549,36.60171],[127.4157,36.60143],[127.41619,36.60096],[127.41674,36.60045],[127.41717,36.60008],[127.41772,36.59962],[127.41784,36.59952],[127.41946,36.59828],[127.41992,36.59795],[127.42014,36.59811],[127.42115,36.59888],[127.42243,36.59983],[127.42327,36.60008],[127.4252,36.60009],[127.42628,36.59993],[127.42659,36.59982],[127.42674,36.59975],[127.4273,36.5995],[127.43272,36.59932],[127.43411,36.59938],[127.43422,36.59949],[127.43426,36.59965],[127.43428,36.59972],[127.43429,36.59999],[127.43424,36.60149],[127.43537,36.60196],[127.43863,36.60195],[127.4388,36.602],[127.43913,36.60217],[127.43928,36.60227],[127.43932,36.60233],[127.43979,36.60399],[127.4396,36.60411],[127.43953,36.60419],[127.4397,36.6044],[127.44064,36.60539],[127.44081,36.60556],[127.44093,36.60568],[127.44115,36.60581],[127.44145,36.60586],[127.44149,36.60586],[127.44188,36.60579],[127.44204,36.60575],[127.44214,36.6057],[127.44221,36.60566],[127.44239,36.60525],[127.44246,36.60498],[127.44313,36.60261],[127.44322,36.60221],[127.44318,36.60168],[127.44328,36.59931],[127.44335,36.59915],[127.44484,36.5973],[127.44845,36.59433],[127.44873,36.5944],[127.45052,36.59537],[127.45138,36.59594],[127.45189,36.59627],[127.45471,36.59879],[127.45453,36.60094],[127.45448,36.60151],[127.45444,36.6016]]]]}},{"type":"Feature","properties":{"adm_cd":"33042320","adm_nm":"충청북도 청주시서원구 현도면"},"geometry":{"type":"MultiPolygon","coordinates":[[[[127.48342,36.4778],[127.48316,36.47787],[127.48168,36.47791],[127.4806,36.47777],[127.4792,36.47746],[127.47171,36.47467],[127.47144,36.47447],[127.47093,36.47409],[127.47051,36.47377],[127.47038,36.47367],[127.46981,36.47319],[127.46906,36.47255],[127.46833,36.4719],[127.46773,36.47125],[127.46677,36.47005],[127.46624,36.46931],[127.46543,36.46787],[127.46508,36.467],[127.46471,36.46607],[127.46403,36.46379],[127.46392,36.46303],[127.46382,36.46228],[127.46379,36.46116],[127.46378,36.46043],[127.46383,36.45971],[127.46395,36.45908],[127.46407,36.45874],[127.46418,36.45843],[127.46421,36.45814],[127.46423,36.4574],[127.46402,36.45677],[127.46396,36.45657],[127.46273,36.45529],[127.46162,36.45443],[127.46085,36.45388],[127.46051,36.45364],[127.45948,36.45303],[127.45603,36.45124],[127.45598,36.45121],[127.45591,36.45118],[127.4551,36.45077],[127.45413,36.4504],[127.45321,36.4501],[127.45221,36.4499],[127.45145,36.44975],[127.44966,36.44963],[127.44862,36.44963],[127.447,36.44972],[127.44531,36.45001],[127.44389,36.45032],[127.44337,36.45048],[127.44264,36.45074],[127.44213,36.45106],[127.44168,36.4515],[127.44138,36.45191],[127.44135,36.45199],[127.44116,36.45238],[127.44094,36.45266],[127.44079,36.45284],[127.4405,36.45316],[127.4402,36.45349],[127.43841,36.45503],[127.4375,36.45576],[127.43626,36.45665],[127.43317,36.45724],[127.43174,36.45729],[127.42972,36.45721],[127.4295,36.4572],[127.42626,36.45692],[127.42655,36.45573],[127.42665,36.45534],[127.42464,36.45516],[127.42465,36.45643],[127.42344,36.45606],[127.41907,36.45526],[127.41463,36.45487],[127.41272,36.45477],[127.40795,36.4548],[127.40576,36.45494],[127.40437,36.45512],[127.40326,36.45539],[127.40262,36.45569],[127.40251,36.45582],[127.40182,36.45665],[127.40126,36.45738],[127.4009,36.45843],[127.40075,36.45939],[127.40059,36.46035],[127.40044,36.46132],[127.40044,36.46238],[127.40045,36.46451],[127.4006,36.47017],[127.40132,36.47183],[127.40192,36.47282],[127.40252,36.47382],[127.40292,36.47481],[127.40346,36.47615],[127.40381,36.47816],[127.40431,36.48147],[127.40421,36.48332],[127.40268,36.48558],[127.40181,36.48651],[127.40095,36.48744],[127.39815,36.48952],[127.39567,36.49161],[127.397,36.49235],[127.39982,36.49335],[127.40833,36.49526],[127.40848,36.49529],[127.40881,36.4953],[127.40928,36.49889],[127.40801,36.49983],[127.40784,36.50007],[127.40777,36.50285],[127.40788,36.50328],[127.40839,36.50478],[127.40916,36.50706],[127.40906,36.50833],[127.40885,36.5096],[127.40718,36.51053],[127.40679,36.51075],[127.40596,36.51179],[127.40487,36.514],[127.40457,36.51523],[127.40406,36.51672],[127.40385,36.51713],[127.40268,36.5177],[127.40129,36.51831],[127.40017,36.51897],[127.3983,36.52013],[127.3978,36.52045],[127.39761,36.52057],[127.39755,36.52105],[127.39777,36.52141],[127.40231,36.52354],[127.40444,36.5239],[127.40555,36.52388],[127.40619,36.52361],[127.40881,36.52439],[127.40822,36.52607],[127.40832,36.52715],[127.4084,36.52719],[127.40862,36.52731],[127.40959,36.52743],[127.41046,36.52745],[127.4134,36.527],[127.41587,36.52647],[127.41713,36.52593],[127.41733,36.52583],[127.41929,36.52592],[127.42048,36.52616],[127.42197,36.52662],[127.42349,36.52703],[127.42515,36.52672],[127.42715,36.52638],[127.42839,36.52649],[127.42867,36.52665],[127.42974,36.52788],[127.42933,36.52821],[127.43125,36.52933],[127.43414,36.5306],[127.43596,36.53132],[127.43708,36.53148],[127.43871,36.5315],[127.43965,36.5315],[127.44428,36.53548],[127.44536,36.53762],[127.44543,36.53808],[127.44505,36.539],[127.445,36.53924],[127.4459,36.54061],[127.44614,36.54081],[127.44711,36.54135],[127.44757,36.54142],[127.45169,36.54125],[127.45262,36.53932],[127.45363,36.53722],[127.45357,36.53718],[127.45306,36.53679],[127.45295,36.53536],[127.45475,36.53322],[127.45479,36.53218],[127.45513,36.53079],[127.45558,36.52608],[127.4556,36.52547],[127.45446,36.52328],[127.45247,36.52367],[127.45201,36.52373],[127.45193,36.52362],[127.4527,36.52075],[127.45331,36.52053],[127.45333,36.51985],[127.45284,36.51708],[127.45263,36.5162],[127.45206,36.51496],[127.45137,36.5142],[127.44834,36.51266],[127.44596,36.51228],[127.44624,36.51078],[127.44714,36.50875],[127.44853,36.50707],[127.44921,36.50548],[127.44925,36.50506],[127.44926,36.50503],[127.44932,36.50334],[127.44989,36.5006],[127.45246,36.50057],[127.45378,36.50091],[127.45465,36.5007],[127.45601,36.49965],[127.45681,36.49865],[127.45745,36.4965],[127.45887,36.49513],[127.46096,36.49499],[127.46652,36.49272],[127.46673,36.49241],[127.4677,36.49098],[127.47018,36.49053],[127.47144,36.49046],[127.47325,36.49096],[127.47586,36.49087],[127.47629,36.49039],[127.476,36.48806],[127.47592,36.48642],[127.47589,36.48566],[127.47712,36.48132],[127.47997,36.48063],[127.48194,36.48053],[127.48348,36.47954],[127.48342,36.4778]]]]}},{"type":"Feature","properties":{"adm_cd":"33042510","adm_nm":"충청북도 청주시서원구 사직1동"},"geometry":{"type":"MultiPolygon","coordinates":[[[[127.48253,36.64466],[127.48256,36.6446],[127.48327,36.64218],[127.48361,36.64103],[127.48384,36.63647],[127.47935,36.63599],[127.47924,36.63597],[127.47868,36.63592],[127.47846,36.63588],[127.47776,36.63579],[127.47701,36.63569],[127.47487,36.63546],[127.46924,36.63546],[127.46892,36.63877],[127.46894,36.63986],[127.46886,36.64285],[127.47011,36.64279],[127.47118,36.64274],[127.47181,36.64272],[127.47234,36.64271],[127.47263,36.6427],[127.47286,36.64271],[127.47314,36.64274],[127.47337,36.6428],[127.47345,36.64283],[127.47373,36.64292],[127.47426,36.64317],[127.47531,36.64368],[127.47644,36.64422],[127.48015,36.64597],[127.48145,36.64658],[127.48253,36.64466]]]]}},{"type":"Feature","properties":{"adm_cd":"33042520","adm_nm":"충청북도 청주시서원구 사직2동"},"geometry":{"type":"MultiPolygon","coordinates":[[[[127.48314,36.62908],[127.48154,36.62952],[127.47745,36.63019],[127.47249,36.62949],[127.46861,36.62848],[127.46542,36.62897],[127.46555,36.63077],[127.46758,36.63177],[127.46879,36.63367],[127.46934,36.63491],[127.46924,36.63546],[127.47487,36.63546],[127.47701,36.63569],[127.47776,36.63579],[127.47846,36.63588],[127.47868,36.63592],[127.47924,36.63597],[127.47935,36.63599],[127.48384,36.63647],[127.48361,36.63568],[127.48221,36.6334],[127.48188,36.63241],[127.48186,36.63147],[127.48189,36.63093],[127.48189,36.63088],[127.48194,36.63065],[127.48214,36.63026],[127.48245,36.62968],[127.48278,36.62939],[127.48311,36.6291],[127.48314,36.62908]]]]}},{"type":"Feature","properties":{"adm_cd":"33042530","adm_nm":"충청북도 청주시서원구 사창동"},"geometry":{"type":"MultiPolygon","coordinates":[[[[127.46894,36.63986],[127.46892,36.63877],[127.46924,36.63546],[127.46934,36.63491],[127.46879,36.63367],[127.46758,36.63177],[127.46555,36.63077],[127.46542,36.62897],[127.46301,36.62894],[127.46219,36.62907],[127.46154,36.63087],[127.45868,36.63235],[127.45747,36.63185],[127.45579,36.63172],[127.45452,36.63263],[127.45634,36.63464],[127.45651,36.63642],[127.45655,36.63688],[127.45661,36.63754],[127.45665,36.63794],[127.45665,36.63799],[127.46171,36.63937],[127.46261,36.63883],[127.46307,36.63854],[127.46365,36.63819],[127.46545,36.63777],[127.4669,36.63777],[127.46691,36.63827],[127.46692,36.63878],[127.46695,36.63986],[127.46821,36.63986],[127.46894,36.63986]]]]}},{"type":"Feature","properties":{"adm_cd":"33042540","adm_nm":"충청북도 청주시서원구 모충동"},"geometry":{"type":"MultiPolygon","coordinates":[[[[127.48314,36.62908],[127.48358,36.62869],[127.48385,36.62846],[127.48403,36.62835],[127.48465,36.62795],[127.48478,36.62788],[127.48946,36.62529],[127.49086,36.62467],[127.49173,36.62442],[127.49332,36.62237],[127.49341,36.6201],[127.49207,36.62015],[127.48961,36.62026],[127.48832,36.62032],[127.48752,36.62047],[127.48749,36.62047],[127.48664,36.62063],[127.4859,36.62077],[127.48478,36.62097],[127.4842,36.62128],[127.4791,36.62099],[127.47856,36.6214],[127.47571,36.62283],[127.4746,36.62313],[127.47433,36.62315],[127.47292,36.62313],[127.47167,36.62342],[127.47136,36.62397],[127.47078,36.62399],[127.46861,36.62848],[127.47249,36.62949],[127.47745,36.63019],[127.48154,36.62952],[127.48314,36.62908]]]]}},{"type":"Feature","properties":{"adm_cd":"33042550","adm_nm":"충청북도 청주시서원구 산남동"},"geometry":{"type":"MultiPolygon","coordinates":[[[[127.47753,36.61394],[127.48045,36.61436],[127.48072,36.61434],[127.48167,36.61425],[127.4842,36.61319],[127.48457,36.61304],[127.48499,36.61282],[127.48529,36.61266],[127.48532,36.61265],[127.48526,36.61246],[127.48496,36.61153],[127.48487,36.61137],[127.48459,36.61085],[127.48454,36.61076],[127.4843,36.61043],[127.48386,36.60985],[127.48176,36.6071],[127.47839,36.60277],[127.478,36.6023],[127.47695,36.60146],[127.47577,36.60061],[127.47328,36.599],[127.47318,36.59904],[127.47262,36.59926],[127.4724,36.59934],[127.47222,36.5994],[127.46473,36.60139],[127.46462,36.60142],[127.46396,36.60157],[127.46378,36.6016],[127.46362,36.60162],[127.4635,36.60163],[127.45775,36.60206],[127.45545,36.60191],[127.45449,36.60166],[127.45444,36.6016],[127.45388,36.60246],[127.45374,36.60275],[127.45648,36.60683],[127.45672,36.60707],[127.45863,36.608],[127.4596,36.61146],[127.46054,36.61404],[127.461,36.61465],[127.46324,36.61687],[127.46436,36.61773],[127.46453,36.61789],[127.46438,36.61887],[127.46585,36.6213],[127.46718,36.6227],[127.46945,36.61836],[127.46991,36.61731],[127.4705,36.61613],[127.471,36.61552],[127.47107,36.61542],[127.4717,36.61467],[127.47251,36.61376],[127.47279,36.61348],[127.47282,36.61345],[127.473,36.61329],[127.47313,36.61317],[127.47373,36.61269],[127.47401,36.61296],[127.47457,36.61349],[127.47483,36.61374],[127.47662,36.61406],[127.47753,36.61394]]]]}},{"type":"Feature","properties":{"adm_cd":"33042560","adm_nm":"충청북도 청주시서원구 분평동"},"geometry":{"type":"MultiPolygon","coordinates":[[[[127.49543,36.61493],[127.49574,36.6147],[127.49649,36.61314],[127.49659,36.61294],[127.49765,36.61042],[127.49795,36.60599],[127.49802,36.60491],[127.49809,36.60284],[127.49812,36.60156],[127.49812,36.6011],[127.49809,36.59892],[127.49805,36.59673],[127.49799,36.59585],[127.49776,36.59289],[127.49774,36.5926],[127.49858,36.59006],[127.5002,36.58745],[127.49955,36.58746],[127.49611,36.58582],[127.49235,36.58379],[127.49248,36.58352],[127.4912,36.58267],[127.48846,36.58132],[127.48777,36.58139],[127.48627,36.58216],[127.48238,36.58276],[127.47743,36.58112],[127.47452,36.5809],[127.47407,36.58105],[127.47388,36.58171],[127.47412,36.58443],[127.47442,36.58498],[127.47463,36.58529],[127.4747,36.58539],[127.476,36.58914],[127.47717,36.59329],[127.47697,36.5944],[127.47604,36.5949],[127.47474,36.59557],[127.47422,36.59583],[127.47417,36.59584],[127.4733,36.59617],[127.47323,36.59744],[127.47328,36.599],[127.47577,36.60061],[127.47695,36.60146],[127.478,36.6023],[127.47839,36.60277],[127.48176,36.6071],[127.48386,36.60985],[127.4843,36.61043],[127.48454,36.61076],[127.48459,36.61085],[127.48487,36.61137],[127.48496,36.61153],[127.48526,36.61246],[127.48532,36.61265],[127.48582,36.61259],[127.48644,36.61259],[127.48736,36.61274],[127.48995,36.61316],[127.49071,36.61331],[127.49101,36.61339],[127.49114,36.61342],[127.49141,36.61352],[127.49148,36.61355],[127.49199,36.61375],[127.49217,36.61384],[127.49246,36.61398],[127.49268,36.61417],[127.49462,36.61586],[127.49543,36.61493]]]]}},{"type":"Feature","properties":{"adm_cd":"33042570","adm_nm":"충청북도 청주시서원구 수곡1동"},"geometry":{"type":"MultiPolygon","coordinates":[[[[127.49341,36.6201],[127.49462,36.61586],[127.49268,36.61417],[127.49246,36.61398],[127.49217,36.61384],[127.49199,36.61375],[127.49148,36.61355],[127.49141,36.61352],[127.49114,36.61342],[127.49101,36.61339],[127.49071,36.61331],[127.48995,36.61316],[127.48736,36.61274],[127.48644,36.61259],[127.48582,36.61259],[127.48532,36.61265],[127.48529,36.61266],[127.48499,36.61282],[127.48457,36.61304],[127.4842,36.61319],[127.48167,36.61425],[127.48072,36.61434],[127.48045,36.61436],[127.47753,36.61394],[127.47774,36.61414],[127.47805,36.6148],[127.47815,36.61507],[127.47827,36.61551],[127.47844,36.6184],[127.47855,36.61978],[127.4791,36.62099],[127.4842,36.62128],[127.48478,36.62097],[127.4859,36.62077],[127.48664,36.62063],[127.48749,36.62047],[127.48752,36.62047],[127.48832,36.62032],[127.48961,36.62026],[127.49207,36.62015],[127.49341,36.6201]]]]}},{"type":"Feature","properties":{"adm_cd":"33042580","adm_nm":"충청북도 청주시서원구 수곡2동"},"geometry":{"type":"MultiPolygon","coordinates":[[[[127.4791,36.62099],[127.47855,36.61978],[127.47844,36.6184],[127.47827,36.61551],[127.47815,36.61507],[127.47805,36.6148],[127.47774,36.61414],[127.47753,36.61394],[127.47662,36.61406],[127.47483,36.61374],[127.47457,36.61349],[127.47401,36.61296],[127.47373,36.61269],[127.47313,36.61317],[127.473,36.61329],[127.47282,36.61345],[127.47279,36.61348],[127.47251,36.61376],[127.4717,36.61467],[127.47107,36.61542],[127.471,36.61552],[127.4705,36.61613],[127.46991,36.61731],[127.46945,36.61836],[127.46718,36.6227],[127.47078,36.62399],[127.47136,36.62397],[127.47167,36.62342],[127.47292,36.62313],[127.47433,36.62315],[127.4746,36.62313],[127.47571,36.62283],[127.47856,36.6214],[127.4791,36.62099]]]]}},{"type":"Feature","properties":{"adm_cd":"33042590","adm_nm":"충청북도 청주시서원구 성화·개신·죽림동"},"geometry":{"type":"MultiPolygon","coordinates":[[[[127.46542,36.62897],[127.46861,36.62848],[127.47078,36.62399],[127.46718,36.6227],[127.46585,36.6213],[127.46438,36.61887],[127.46453,36.61789],[127.46436,36.61773],[127.46324,36.61687],[127.461,36.61465],[127.46054,36.61404],[127.4596,36.61146],[127.45863,36.608],[127.45672,36.60707],[127.45648,36.60683],[127.45374,36.60275],[127.45388,36.60246],[127.45444,36.6016],[127.45448,36.60151],[127.45453,36.60094],[127.45471,36.59879],[127.45189,36.59627],[127.45138,36.59594],[127.45052,36.59537],[127.44873,36.5944],[127.44845,36.59433],[127.44484,36.5973],[127.44335,36.59915],[127.44328,36.59931],[127.44318,36.60168],[127.44322,36.60221],[127.44313,36.60261],[127.44246,36.60498],[127.44239,36.60525],[127.44221,36.60566],[127.44214,36.6057],[127.44204,36.60575],[127.44188,36.60579],[127.44149,36.60586],[127.44145,36.60586],[127.44115,36.60581],[127.44093,36.60568],[127.44081,36.60556],[127.44064,36.60539],[127.4397,36.6044],[127.43953,36.60419],[127.4396,36.60411],[127.43979,36.60399],[127.43932,36.60233],[127.43928,36.60227],[127.43913,36.60217],[127.4388,36.602],[127.43863,36.60195],[127.43537,36.60196],[127.43424,36.60149],[127.43378,36.60181],[127.43331,36.60283],[127.43418,36.60577],[127.43424,36.60593],[127.43485,36.60622],[127.43513,36.60615],[127.4359,36.60643],[127.43614,36.60664],[127.43662,36.60727],[127.43702,36.60828],[127.43695,36.60901],[127.43671,36.60973],[127.43672,36.61029],[127.43683,36.61064],[127.43767,36.61141],[127.4382,36.61151],[127.43872,36.61173],[127.43956,36.61212],[127.44053,36.61259],[127.44058,36.61261],[127.44084,36.61276],[127.44112,36.613],[127.44125,36.61312],[127.44132,36.61317],[127.44141,36.61325],[127.44434,36.61594],[127.4445,36.61757],[127.44436,36.62148],[127.44435,36.62159],[127.4442,36.62185],[127.44321,36.6235],[127.44467,36.62429],[127.44529,36.62447],[127.44581,36.6246],[127.44614,36.62462],[127.44703,36.62465],[127.44716,36.62464],[127.44984,36.62633],[127.44989,36.6279],[127.44992,36.62829],[127.44996,36.62898],[127.45001,36.62942],[127.45009,36.6297],[127.45011,36.62974],[127.4502,36.62996],[127.45043,36.63034],[127.45071,36.63065],[127.45113,36.63102],[127.45287,36.63251],[127.45302,36.63262],[127.45452,36.63263],[127.45579,36.63172],[127.45747,36.63185],[127.45868,36.63235],[127.46154,36.63087],[127.46219,36.62907],[127.46301,36.62894],[127.46542,36.62897]]]]}},{"type":"Feature","properties":{"adm_cd":"33043110","adm_nm":"충청북도 청주시흥덕구 오송읍"},"geometry":{"type":"MultiPolygon","coordinates":[[[[127.35967,36.63557],[127.35729,36.6348],[127.35536,36.63394],[127.35466,36.63322],[127.35234,36.63064],[127.3515,36.62919],[127.35106,36.62834],[127.35028,36.62616],[127.35042,36.62519],[127.35062,36.6249],[127.35111,36.62444],[127.35133,36.62401],[127.3512,36.62321],[127.35056,36.62077],[127.35044,36.62029],[127.34955,36.61768],[127.34888,36.61401],[127.34857,36.61162],[127.34834,36.61111],[127.34667,36.60899],[127.34477,36.60768],[127.34362,36.60546],[127.34399,36.60171],[127.34445,36.60023],[127.34438,36.59815],[127.34399,36.59735],[127.34324,36.59681],[127.34194,36.59631],[127.3408,36.5959],[127.34013,36.5959],[127.33899,36.59653],[127.33676,36.59748],[127.33595,36.59752],[127.33457,36.59721],[127.33391,36.59628],[127.33352,36.59509],[127.33287,36.59417],[127.33175,36.59362],[127.33143,36.59346],[127.3309,36.59321],[127.32992,36.59244],[127.32666,36.58844],[127.32375,36.5846],[127.3219,36.58265],[127.32068,36.58219],[127.32057,36.58215],[127.32045,36.58211],[127.32033,36.58207],[127.32022,36.58203],[127.3201,36.582],[127.31999,36.58197],[127.31988,36.58194],[127.31977,36.58192],[127.31966,36.5819],[127.3196,36.5819],[127.31954,36.58189],[127.3194,36.58189],[127.31931,36.58189],[127.31925,36.58189],[127.31906,36.5819],[127.31883,36.58192],[127.31856,36.58194],[127.31824,36.58197],[127.31792,36.58201],[127.31788,36.58201],[127.31747,36.58205],[127.31705,36.5821],[127.31661,36.58215],[127.31658,36.58215],[127.31618,36.5822],[127.31574,36.58226],[127.31533,36.58231],[127.31494,36.58237],[127.31422,36.58247],[127.3139,36.58253],[127.30824,36.58346],[127.3081,36.58348],[127.30798,36.58351],[127.30787,36.58354],[127.30779,36.58356],[127.30771,36.58359],[127.30765,36.58362],[127.3076,36.58365],[127.30755,36.58368],[127.30751,36.58371],[127.30747,36.58374],[127.30743,36.58377],[127.3074,36.5838],[127.30737,36.58384],[127.30735,36.58387],[127.30733,36.5839],[127.3073,36.58395],[127.30729,36.58398],[127.30727,36.58402],[127.30726,36.58407],[127.30725,36.58411],[127.30724,36.58416],[127.30723,36.5842],[127.30722,36.58426],[127.30721,36.58432],[127.30719,36.5844],[127.30718,36.58446],[127.30717,36.58453],[127.30715,36.58461],[127.30712,36.58469],[127.30709,36.58477],[127.30705,36.58484],[127.30703,36.58488],[127.30701,36.58492],[127.30698,36.58496],[127.30695,36.58499],[127.30688,36.58505],[127.30681,36.58511],[127.30672,36.58516],[127.30663,36.5852],[127.30655,36.58524],[127.30645,36.58527],[127.3064,36.58529],[127.30635,36.5853],[127.30627,36.58532],[127.30619,36.58533],[127.30611,36.58534],[127.30603,36.58534],[127.30596,36.58534],[127.3055,36.58532],[127.30419,36.58565],[127.30407,36.58567],[127.30397,36.58568],[127.30374,36.58569],[127.30368,36.58568],[127.30352,36.58565],[127.30341,36.58561],[127.30329,36.58557],[127.30307,36.58542],[127.30286,36.5852],[127.30266,36.58491],[127.30262,36.58483],[127.30247,36.58456],[127.3023,36.58419],[127.30229,36.58416],[127.30224,36.58405],[127.30211,36.58371],[127.30194,36.58322],[127.30177,36.58269],[127.30161,36.58212],[127.30106,36.5822],[127.29935,36.5864],[127.30096,36.58755],[127.30099,36.58758],[127.3015,36.58794],[127.30312,36.58909],[127.3036,36.58949],[127.3038,36.58986],[127.30395,36.59013],[127.30419,36.59173],[127.30439,36.59311],[127.30448,36.59497],[127.30563,36.59749],[127.30646,36.59869],[127.30654,36.59888],[127.30676,36.59935],[127.30698,36.59997],[127.30706,36.6004],[127.30709,36.60056],[127.30715,36.60152],[127.3068,36.60208],[127.30624,36.60292],[127.30458,36.60417],[127.30354,36.60483],[127.30344,36.60489],[127.30287,36.60531],[127.30264,36.60554],[127.30166,36.60678],[127.30123,36.60752],[127.30121,36.60769],[127.3012,36.60778],[127.3012,36.60794],[127.3012,36.60917],[127.30153,36.6101],[127.30178,36.61166],[127.30179,36.61215],[127.30175,36.61243],[127.30138,36.61378],[127.30099,36.61514],[127.30087,36.61554],[127.3006,36.61581],[127.29757,36.61854],[127.29459,36.6207],[127.29443,36.62088],[127.29128,36.62554],[127.29093,36.62695],[127.29162,36.63279],[127.29175,36.63317],[127.2924,36.63477],[127.29248,36.63532],[127.29237,36.63576],[127.28998,36.63694],[127.28954,36.63711],[127.28917,36.63716],[127.28885,36.63713],[127.28742,36.63643],[127.28715,36.63625],[127.28666,36.63572],[127.28558,36.63487],[127.28501,36.63465],[127.28386,36.63455],[127.28129,36.63434],[127.28085,36.63439],[127.27997,36.63464],[127.27921,36.63512],[127.27835,36.63615],[127.27762,36.63707],[127.27671,36.63852],[127.27728,36.64157],[127.27815,36.64156],[127.27887,36.64105],[127.27939,36.64085],[127.27965,36.64084],[127.27996,36.64098],[127.28044,36.64166],[127.2812,36.64377],[127.28161,36.6452],[127.28193,36.64585],[127.284,36.6496],[127.28419,36.64993],[127.28696,36.65417],[127.2907,36.65446],[127.29154,36.65438],[127.29228,36.65429],[127.29333,36.65445],[127.29514,36.65518],[127.29939,36.65777],[127.3,36.6582],[127.30049,36.65863],[127.30152,36.65995],[127.30162,36.66009],[127.3016,36.66031],[127.30137,36.66063],[127.30126,36.66128],[127.3013,36.66231],[127.30139,36.66371],[127.30145,36.66409],[127.30176,36.66455],[127.30196,36.66477],[127.3023,36.66492],[127.30271,36.66511],[127.30326,36.66548],[127.3041,36.66618],[127.30476,36.66693],[127.30498,36.6673],[127.3051,36.66761],[127.30508,36.66803],[127.30624,36.66685],[127.30693,36.66657],[127.30878,36.66655],[127.30937,36.6666],[127.31205,36.66543],[127.3141,36.66442],[127.316,36.66336],[127.31911,36.66084],[127.31956,36.65862],[127.32016,36.65738],[127.32032,36.65716],[127.32062,36.65698],[127.32099,36.65681],[127.32142,36.65668],[127.32214,36.65653],[127.32325,36.65678],[127.32453,36.65741],[127.32519,36.65807],[127.32548,36.65864],[127.33018,36.66334],[127.33172,36.66211],[127.33226,36.66131],[127.33268,36.66],[127.33313,36.65872],[127.33337,36.65826],[127.33426,36.65739],[127.33452,36.65731],[127.34033,36.65626],[127.34046,36.65628],[127.34145,36.65647],[127.34353,36.65722],[127.34491,36.65797],[127.34681,36.65917],[127.3482,36.66015],[127.34907,36.66048],[127.34997,36.6602],[127.3508,36.65941],[127.3514,36.65854],[127.3519,36.65632],[127.35225,36.65308],[127.3513,36.64899],[127.35099,36.64789],[127.35068,36.64752],[127.34952,36.64673],[127.34891,36.64633],[127.3485,36.64538],[127.34802,36.64349],[127.3482,36.64297],[127.34882,36.64259],[127.34897,36.64249],[127.35129,36.64199],[127.352,36.64194],[127.35287,36.6422],[127.35367,36.64235],[127.3547,36.6423],[127.35564,36.6419],[127.35725,36.64049],[127.35867,36.63806],[127.35967,36.63557]]]]}},{"type":"Feature","properties":{"adm_cd":"33043310","adm_nm":"충청북도 청주시흥덕구 강내면"},"geometry":{"type":"MultiPolygon","coordinates":[[[[127.38985,36.58533],[127.38891,36.58423],[127.38875,36.584],[127.38844,36.58343],[127.38823,36.583],[127.38774,36.58167],[127.38755,36.58109],[127.38753,36.58092],[127.38762,36.58063],[127.38766,36.58036],[127.38748,36.57936],[127.38712,36.57839],[127.38682,36.57774],[127.38658,36.57733],[127.38634,36.57712],[127.38558,36.57701],[127.38521,36.57681],[127.38114,36.57302],[127.37755,36.56933],[127.37743,36.56906],[127.37719,36.56822],[127.37706,36.56744],[127.37707,36.56775],[127.37566,36.56751],[127.37029,36.56651],[127.36801,36.56507],[127.36755,36.56468],[127.36668,36.5644],[127.36499,36.56425],[127.3643,36.56424],[127.36331,36.56424],[127.36114,36.5633],[127.36075,36.56256],[127.36054,36.56227],[127.35852,36.5621],[127.35312,36.56216],[127.35161,36.56222],[127.35114,36.56225],[127.35113,36.56228],[127.35109,36.56233],[127.35106,36.56238],[127.35104,36.56242],[127.35099,36.56249],[127.35092,36.56259],[127.35084,36.56268],[127.35076,36.56277],[127.35067,36.56286],[127.35057,36.56295],[127.35046,36.56304],[127.35034,36.56313],[127.35022,36.56322],[127.35008,36.5633],[127.34994,36.56338],[127.34979,36.56345],[127.34964,36.56352],[127.34948,36.56357],[127.3476,36.56423],[127.34652,36.56437],[127.34327,36.56454],[127.34319,36.56454],[127.34313,36.56454],[127.34306,36.56452],[127.34301,36.5645],[127.34061,36.56351],[127.34044,36.56344],[127.34029,36.56337],[127.34015,36.5633],[127.34009,36.56327],[127.34004,36.56325],[127.33998,36.56321],[127.33995,36.56319],[127.33988,36.56315],[127.33982,36.56311],[127.33977,36.56307],[127.33972,36.56304],[127.33968,36.56301],[127.33964,36.56298],[127.33959,36.56296],[127.33954,36.56293],[127.33948,36.56291],[127.33879,36.56264],[127.33868,36.5626],[127.33857,36.56256],[127.33845,36.56253],[127.33838,36.56252],[127.33833,36.56251],[127.3382,36.56251],[127.33807,36.56251],[127.33794,36.56253],[127.33782,36.56256],[127.3377,36.5626],[127.33758,36.56264],[127.33748,36.56269],[127.33738,36.56273],[127.3373,36.56278],[127.33724,36.56282],[127.33719,36.56286],[127.33716,36.56291],[127.33712,36.56297],[127.3371,36.56305],[127.33554,36.56741],[127.33551,36.56751],[127.33549,36.56762],[127.33547,36.56772],[127.33545,36.56782],[127.33545,36.56792],[127.33544,36.56802],[127.33544,36.56811],[127.33545,36.5682],[127.33546,36.56828],[127.33547,36.56835],[127.33549,36.56843],[127.33551,36.5685],[127.33555,36.56858],[127.33559,36.56867],[127.33564,36.56876],[127.3357,36.56886],[127.33578,36.56897],[127.33586,36.56909],[127.33595,36.56921],[127.33604,36.56933],[127.33613,36.56946],[127.33621,36.56957],[127.33628,36.56968],[127.33634,36.56977],[127.33638,36.56985],[127.33641,36.56992],[127.33642,36.56997],[127.33642,36.57002],[127.33641,36.57007],[127.33638,36.57012],[127.33634,36.57018],[127.3363,36.57023],[127.33625,36.5703],[127.33619,36.57038],[127.33613,36.57046],[127.33606,36.57055],[127.33599,36.57063],[127.33597,36.57066],[127.33592,36.57072],[127.33584,36.57081],[127.33577,36.57088],[127.3357,36.57096],[127.33563,36.57102],[127.33556,36.57107],[127.33027,36.57501],[127.33023,36.57503],[127.33015,36.57505],[127.33002,36.57509],[127.32988,36.57514],[127.32972,36.57519],[127.32953,36.57526],[127.32934,36.57533],[127.32911,36.57542],[127.32887,36.57551],[127.32862,36.57561],[127.32836,36.57573],[127.32809,36.57585],[127.32783,36.57598],[127.32756,36.57613],[127.32731,36.57628],[127.32706,36.57644],[127.32683,36.57661],[127.32661,36.57677],[127.3264,36.57694],[127.32622,36.57709],[127.32605,36.57724],[127.3259,36.57738],[127.32578,36.5775],[127.32568,36.5776],[127.32566,36.57763],[127.32561,36.5777],[127.32554,36.57778],[127.3255,36.57785],[127.3249,36.57894],[127.32503,36.57954],[127.32514,36.57995],[127.3251,36.58028],[127.3251,36.58032],[127.32493,36.5807],[127.32466,36.58098],[127.32251,36.58246],[127.32244,36.5825],[127.32239,36.58253],[127.32232,36.58257],[127.32226,36.58259],[127.32221,36.58261],[127.32214,36.58263],[127.32208,36.58264],[127.32202,36.58265],[127.32196,36.58265],[127.3219,36.58265],[127.32375,36.5846],[127.32666,36.58844],[127.32992,36.59244],[127.3309,36.59321],[127.33143,36.59346],[127.33175,36.59362],[127.33287,36.59417],[127.33352,36.59509],[127.33391,36.59628],[127.33457,36.59721],[127.33595,36.59752],[127.33676,36.59748],[127.33899,36.59653],[127.34013,36.5959],[127.3408,36.5959],[127.34194,36.59631],[127.34324,36.59681],[127.34399,36.59735],[127.34438,36.59815],[127.34445,36.60023],[127.34399,36.60171],[127.34362,36.60546],[127.34477,36.60768],[127.34667,36.60899],[127.34834,36.61111],[127.34857,36.61162],[127.34888,36.61401],[127.34955,36.61768],[127.35044,36.62029],[127.35056,36.62077],[127.3512,36.62321],[127.35133,36.62401],[127.35111,36.62444],[127.35062,36.6249],[127.35042,36.62519],[127.35028,36.62616],[127.35106,36.62834],[127.3515,36.62919],[127.35234,36.63064],[127.35466,36.63322],[127.35536,36.63394],[127.35729,36.6348],[127.35967,36.63557],[127.36213,36.63605],[127.36309,36.63631],[127.3653,36.63732],[127.36543,36.6374],[127.36565,36.63754],[127.36598,36.63785],[127.36766,36.63949],[127.3702,36.64172],[127.37094,36.64228],[127.37229,36.64316],[127.374,36.64425],[127.37421,36.64436],[127.37476,36.64445],[127.37511,36.64456],[127.37575,36.64517],[127.37649,36.64667],[127.37676,36.64734],[127.37692,36.64866],[127.37693,36.65193],[127.3789,36.64638],[127.37847,36.64531],[127.38103,36.64339],[127.38157,36.64299],[127.38169,36.64291],[127.38176,36.64285],[127.38312,36.64266],[127.38332,36.64263],[127.38346,36.64262],[127.38364,36.64262],[127.38373,36.64263],[127.38381,36.64263],[127.38393,36.64266],[127.38409,36.64272],[127.38428,36.64281],[127.38435,36.64284],[127.3845,36.64295],[127.38473,36.64316],[127.38503,36.64295],[127.38658,36.64178],[127.38951,36.63862],[127.38976,36.63833],[127.39037,36.63678],[127.39046,36.63311],[127.39007,36.63251],[127.38935,36.63103],[127.39079,36.63041],[127.39089,36.63038],[127.39129,36.63026],[127.39669,36.62964],[127.39883,36.62959],[127.39967,36.62968],[127.39993,36.62979],[127.40085,36.63016],[127.40123,36.63038],[127.40109,36.63078],[127.40132,36.63145],[127.4033,36.63223],[127.40344,36.63228],[127.40645,36.6324],[127.40803,36.62973],[127.4061,36.62866],[127.40598,36.62859],[127.40296,36.62737],[127.40045,36.62648],[127.39926,36.62642],[127.39613,36.62634],[127.39366,36.62617],[127.39098,36.6255],[127.39038,36.62508],[127.38984,36.6247],[127.38801,36.62446],[127.3865,36.62471],[127.38267,36.62548],[127.38255,36.62568],[127.38233,36.62603],[127.38217,36.6263],[127.38197,36.62663],[127.38202,36.62714],[127.38258,36.6276],[127.38251,36.62779],[127.38228,36.62836],[127.38224,36.62847],[127.38051,36.62899],[127.37534,36.62898],[127.37364,36.62884],[127.37313,36.62791],[127.37301,36.62619],[127.37297,36.62521],[127.37506,36.62329],[127.37818,36.61695],[127.37841,36.61515],[127.37826,36.61413],[127.37786,36.61386],[127.37674,36.61003],[127.37731,36.60957],[127.37762,36.60903],[127.37834,36.60712],[127.37845,36.60678],[127.37758,36.60587],[127.37732,36.60572],[127.37693,36.60571],[127.37596,36.60599],[127.37534,36.60648],[127.37515,36.6068],[127.37485,36.60726],[127.37282,36.60871],[127.37041,36.60841],[127.37037,36.6084],[127.3702,36.60834],[127.36929,36.60794],[127.36889,36.60773],[127.36853,36.60558],[127.36838,36.60416],[127.36873,36.60094],[127.36651,36.59763],[127.36642,36.5974],[127.36618,36.59437],[127.36671,36.59361],[127.37106,36.59039],[127.37156,36.59003],[127.3717,36.58994],[127.37546,36.58745],[127.37617,36.58703],[127.3762,36.58701],[127.37649,36.5869],[127.37656,36.58695],[127.37669,36.58712],[127.37672,36.58718],[127.37959,36.58767],[127.38394,36.58794],[127.38473,36.58649],[127.38542,36.58624],[127.38985,36.58533]]]]}},{"type":"Feature","properties":{"adm_cd":"33043320","adm_nm":"충청북도 청주시흥덕구 옥산면"},"geometry":{"type":"MultiPolygon","coordinates":[[[[127.42828,36.68304],[127.42696,36.6831],[127.42592,36.68295],[127.42297,36.68243],[127.4225,36.68235],[127.42133,36.68211],[127.4195,36.68137],[127.41695,36.6803],[127.41572,36.67981],[127.4145,36.67957],[127.41345,36.67947],[127.41234,36.67945],[127.41048,36.67937],[127.40973,36.6793],[127.40925,36.67925],[127.40836,36.67905],[127.40595,36.6784],[127.40504,36.67832],[127.40426,36.6783],[127.40336,36.67836],[127.40269,36.67855],[127.40193,36.6788],[127.40159,36.67883],[127.40083,36.67857],[127.39972,36.67792],[127.39946,36.67761],[127.39783,36.67555],[127.3973,36.67459],[127.39591,36.66845],[127.39547,36.66643],[127.39518,36.66461],[127.39519,36.66429],[127.3954,36.6637],[127.39536,36.66311],[127.39517,36.66236],[127.39497,36.66182],[127.39455,36.66133],[127.39161,36.66099],[127.38897,36.65995],[127.38821,36.65952],[127.388,36.65949],[127.38569,36.66023],[127.38291,36.66103],[127.38004,36.66087],[127.37815,36.66015],[127.37506,36.65891],[127.37443,36.65848],[127.37433,36.65786],[127.37446,36.65725],[127.37472,36.6565],[127.37506,36.65616],[127.37538,36.65641],[127.37673,36.65536],[127.37682,36.65527],[127.37731,36.65374],[127.37731,36.65343],[127.37693,36.65193],[127.37692,36.64866],[127.37676,36.64734],[127.37649,36.64667],[127.37575,36.64517],[127.37511,36.64456],[127.37476,36.64445],[127.37421,36.64436],[127.374,36.64425],[127.37229,36.64316],[127.37094,36.64228],[127.3702,36.64172],[127.36766,36.63949],[127.36598,36.63785],[127.36565,36.63754],[127.36543,36.6374],[127.3653,36.63732],[127.36309,36.63631],[127.36213,36.63605],[127.35967,36.63557],[127.35867,36.63806],[127.35725,36.64049],[127.35564,36.6419],[127.3547,36.6423],[127.35367,36.64235],[127.35287,36.6422],[127.352,36.64194],[127.35129,36.64199],[127.34897,36.64249],[127.34882,36.64259],[127.3482,36.64297],[127.34802,36.64349],[127.3485,36.64538],[127.34891,36.64633],[127.34952,36.64673],[127.35068,36.64752],[127.35099,36.64789],[127.3513,36.64899],[127.35225,36.65308],[127.3519,36.65632],[127.3514,36.65854],[127.3508,36.65941],[127.34997,36.6602],[127.34907,36.66048],[127.3482,36.66015],[127.34681,36.65917],[127.34491,36.65797],[127.34353,36.65722],[127.34145,36.65647],[127.34046,36.65628],[127.34033,36.65626],[127.33452,36.65731],[127.33426,36.65739],[127.33337,36.65826],[127.33313,36.65872],[127.33268,36.66],[127.33226,36.66131],[127.33172,36.66211],[127.33018,36.66334],[127.32548,36.65864],[127.32519,36.65807],[127.32453,36.65741],[127.32325,36.65678],[127.32214,36.65653],[127.32142,36.65668],[127.32099,36.65681],[127.32062,36.65698],[127.32032,36.65716],[127.32016,36.65738],[127.31956,36.65862],[127.31911,36.66084],[127.316,36.66336],[127.3141,36.66442],[127.31205,36.66543],[127.30937,36.6666],[127.30878,36.66655],[127.30693,36.66657],[127.30624,36.66685],[127.30508,36.66803],[127.30521,36.66816],[127.3054,36.66867],[127.30592,36.67006],[127.30596,36.6703],[127.30586,36.67104],[127.30626,36.67551],[127.30636,36.67567],[127.30736,36.67766],[127.30744,36.6779],[127.30749,36.67804],[127.30761,36.68163],[127.30761,36.68167],[127.3076,36.68171],[127.30754,36.68185],[127.30739,36.68206],[127.30726,36.6822],[127.30462,36.68485],[127.30459,36.68488],[127.30457,36.68489],[127.3034,36.68547],[127.30317,36.68554],[127.30313,36.68555],[127.30228,36.68571],[127.30219,36.68571],[127.29841,36.68584],[127.2975,36.68577],[127.29644,36.68572],[127.29258,36.68679],[127.2919,36.687],[127.28989,36.68784],[127.28941,36.68841],[127.28921,36.6889],[127.28874,36.68938],[127.28851,36.68954],[127.28713,36.69029],[127.28563,36.69093],[127.28658,36.69236],[127.28988,36.69558],[127.29128,36.69677],[127.2915,36.69695],[127.2919,36.69724],[127.29201,36.69729],[127.29207,36.6973],[127.29229,36.69727],[127.29245,36.69722],[127.29295,36.69711],[127.29324,36.69711],[127.29349,36.69713],[127.29431,36.69725],[127.29661,36.69778],[127.29673,36.69782],[127.30133,36.70026],[127.30286,36.7012],[127.30349,36.70161],[127.30735,36.70423],[127.30811,36.70494],[127.30812,36.70502],[127.3074,36.70703],[127.30734,36.70717],[127.30701,36.7077],[127.30692,36.70783],[127.30677,36.70804],[127.30692,36.71115],[127.30749,36.71349],[127.30762,36.71646],[127.30766,36.71827],[127.30833,36.72101],[127.30845,36.72131],[127.3088,36.72177],[127.30966,36.72279],[127.31023,36.7232],[127.31089,36.72362],[127.31093,36.72363],[127.31106,36.72369],[127.31116,36.72372],[127.31122,36.72374],[127.31211,36.72369],[127.31324,36.72356],[127.31356,36.72357],[127.31424,36.72369],[127.31628,36.72451],[127.31697,36.72482],[127.32337,36.72384],[127.32491,36.72345],[127.32602,36.72316],[127.32891,36.72183],[127.3293,36.72165],[127.3298,36.72142],[127.33158,36.72065],[127.3344,36.71999],[127.33559,36.72],[127.3375,36.72013],[127.33852,36.71992],[127.33938,36.71932],[127.3402,36.71865],[127.34056,36.71848],[127.34098,36.71841],[127.34298,36.71847],[127.34698,36.71859],[127.3478,36.71869],[127.3485,36.71877],[127.34979,36.71893],[127.35094,36.71902],[127.35165,36.71891],[127.35217,36.71861],[127.35259,36.71785],[127.35301,36.71767],[127.35474,36.71745],[127.35658,36.71732],[127.35709,36.71753],[127.35843,36.71771],[127.36164,36.71789],[127.36214,36.71761],[127.36247,36.71731],[127.36286,36.71696],[127.36313,36.71678],[127.36624,36.71548],[127.36788,36.71519],[127.36904,36.71514],[127.37247,36.71399],[127.37392,36.7133],[127.37464,36.71265],[127.37513,36.71245],[127.37545,36.71232],[127.37627,36.71235],[127.37676,36.71245],[127.37725,36.71255],[127.3787,36.71315],[127.38098,36.71443],[127.38156,36.71519],[127.38698,36.71748],[127.38818,36.71772],[127.38923,36.71776],[127.39002,36.71778],[127.39076,36.71775],[127.39158,36.7177],[127.3927,36.7176],[127.39402,36.71742],[127.39618,36.71651],[127.39713,36.71589],[127.39808,36.71526],[127.39824,36.71513],[127.39856,36.71486],[127.39892,36.71457],[127.39972,36.7139],[127.4,36.71318],[127.40019,36.71236],[127.40007,36.71213],[127.40008,36.71107],[127.40008,36.71099],[127.40628,36.70865],[127.40675,36.70872],[127.40719,36.70879],[127.40748,36.70907],[127.40763,36.70925],[127.40775,36.7095],[127.40797,36.70984],[127.40841,36.71009],[127.40895,36.71023],[127.41049,36.71052],[127.41078,36.70947],[127.41083,36.70889],[127.4102,36.70818],[127.40888,36.70705],[127.40858,36.70651],[127.40851,36.70624],[127.40852,36.70592],[127.40862,36.70561],[127.40889,36.70531],[127.41001,36.70442],[127.41232,36.7027],[127.41487,36.70081],[127.41783,36.6986],[127.42086,36.6963],[127.42063,36.69535],[127.42071,36.6932],[127.42106,36.69271],[127.42176,36.69271],[127.42329,36.69276],[127.42399,36.69284],[127.42422,36.69294],[127.42473,36.69292],[127.42541,36.69287],[127.42556,36.69021],[127.42559,36.68917],[127.42793,36.68922],[127.4281,36.68561],[127.42828,36.68304]]]]}},{"type":"Feature","properties":{"adm_cd":"33043510","adm_nm":"충청북도 청주시흥덕구 운천·신봉동"},"geometry":{"type":"MultiPolygon","coordinates":[[[[127.47161,36.65929],[127.47571,36.65417],[127.47615,36.65349],[127.47671,36.65286],[127.47844,36.65088],[127.47885,36.65041],[127.47915,36.65003],[127.48059,36.64805],[127.48145,36.64658],[127.48015,36.64597],[127.47644,36.64422],[127.47531,36.64368],[127.47426,36.64317],[127.47373,36.64292],[127.47345,36.64283],[127.47337,36.6428],[127.47314,36.64274],[127.47286,36.64271],[127.47263,36.6427],[127.47234,36.64271],[127.47181,36.64272],[127.47118,36.64274],[127.47011,36.64279],[127.46886,36.64285],[127.46679,36.64601],[127.46621,36.64743],[127.4665,36.64882],[127.46613,36.64998],[127.46499,36.65241],[127.46474,36.65295],[127.46364,36.65497],[127.46198,36.65604],[127.46384,36.65619],[127.46551,36.65734],[127.46465,36.65915],[127.46363,36.66007],[127.46439,36.6655],[127.46504,36.66646],[127.46841,36.66298],[127.47161,36.65929]]]]}},{"type":"Feature","properties":{"adm_cd":"33043520","adm_nm":"충청북도 청주시흥덕구 복대1동"},"geometry":{"type":"MultiPolygon","coordinates":[[[[127.43185,36.64443],[127.43511,36.64428],[127.43667,36.64223],[127.43886,36.64027],[127.43909,36.64009],[127.44107,36.64003],[127.44321,36.63998],[127.44434,36.63907],[127.4443,36.63813],[127.44526,36.63808],[127.44749,36.63802],[127.44893,36.63803],[127.4518,36.6381],[127.45169,36.63662],[127.45449,36.63656],[127.45651,36.63642],[127.45634,36.63464],[127.45531,36.63463],[127.44814,36.6342],[127.44783,36.63417],[127.44707,36.6341],[127.44659,36.63406],[127.44648,36.63405],[127.44542,36.63393],[127.44452,36.63379],[127.44445,36.63377],[127.44365,36.63353],[127.44194,36.63306],[127.44113,36.63284],[127.43886,36.63266],[127.43538,36.6329],[127.43484,36.63293],[127.43431,36.63295],[127.43424,36.63296],[127.43418,36.63296],[127.43373,36.63298],[127.43351,36.63294],[127.43327,36.63291],[127.4323,36.63273],[127.43104,36.63147],[127.42835,36.6286],[127.42715,36.6286],[127.42731,36.6302],[127.42585,36.63221],[127.42403,36.63474],[127.42388,36.63495],[127.42382,36.63503],[127.42375,36.63521],[127.42362,36.63553],[127.4236,36.63559],[127.42347,36.63611],[127.42321,36.63713],[127.42319,36.63723],[127.42306,36.63811],[127.42298,36.63867],[127.42405,36.63864],[127.42469,36.63861],[127.42478,36.63861],[127.42439,36.64103],[127.4234,36.64476],[127.42325,36.6451],[127.42274,36.64622],[127.42372,36.64619],[127.42472,36.64613],[127.4255,36.64609],[127.42608,36.64602],[127.42616,36.64602],[127.42681,36.64588],[127.42723,36.64576],[127.42773,36.64556],[127.42864,36.64517],[127.42961,36.64482],[127.43035,36.64461],[127.4307,36.64455],[127.43129,36.64446],[127.43137,36.64445],[127.43185,36.64443]]]]}},{"type":"Feature","properties":{"adm_cd":"33043530","adm_nm":"충청북도 청주시흥덕구 복대2동"},"geometry":{"type":"MultiPolygon","coordinates":[[[[127.45452,36.63263],[127.45302,36.63262],[127.45287,36.63251],[127.45113,36.63102],[127.45071,36.63065],[127.45043,36.63034],[127.4502,36.62996],[127.45011,36.62974],[127.45009,36.6297],[127.45001,36.62942],[127.44996,36.62898],[127.44992,36.62829],[127.44989,36.6279],[127.44984,36.62633],[127.44716,36.62464],[127.44703,36.62465],[127.44614,36.62462],[127.44581,36.6246],[127.44529,36.62447],[127.44467,36.62429],[127.44321,36.6235],[127.44298,36.6234],[127.44292,36.6234],[127.43851,36.6304],[127.43837,36.63065],[127.43816,36.63112],[127.43812,36.63121],[127.43807,36.63145],[127.43806,36.63162],[127.43812,36.63181],[127.43822,36.632],[127.43831,36.63211],[127.43847,36.63231],[127.43886,36.63266],[127.44113,36.63284],[127.44194,36.63306],[127.44365,36.63353],[127.44445,36.63377],[127.44452,36.63379],[127.44542,36.63393],[127.44648,36.63405],[127.44659,36.63406],[127.44707,36.6341],[127.44783,36.63417],[127.44814,36.6342],[127.45531,36.63463],[127.45634,36.63464],[127.45452,36.63263]]]]}},{"type":"Feature","properties":{"adm_cd":"33043540","adm_nm":"충청북도 청주시흥덕구 가경동"},"geometry":{"type":"MultiPolygon","coordinates":[[[[127.43886,36.63266],[127.43847,36.63231],[127.43831,36.63211],[127.43822,36.632],[127.43812,36.63181],[127.43806,36.63162],[127.43807,36.63145],[127.43812,36.63121],[127.43816,36.63112],[127.43837,36.63065],[127.43851,36.6304],[127.44292,36.6234],[127.44298,36.6234],[127.44321,36.6235],[127.4442,36.62185],[127.44435,36.62159],[127.44436,36.62148],[127.4445,36.61757],[127.44434,36.61594],[127.44141,36.61325],[127.44132,36.61317],[127.44125,36.61312],[127.44112,36.613],[127.44084,36.61276],[127.44058,36.61261],[127.44053,36.61259],[127.43956,36.61212],[127.43872,36.61173],[127.4382,36.61151],[127.43767,36.61141],[127.43677,36.61118],[127.43317,36.6099],[127.43288,36.6097],[127.43259,36.60961],[127.4324,36.6096],[127.4321,36.60963],[127.42781,36.61035],[127.42551,36.61166],[127.42518,36.61189],[127.42245,36.61683],[127.42247,36.61691],[127.42311,36.61908],[127.42314,36.61916],[127.42321,36.61937],[127.424,36.62052],[127.42579,36.62293],[127.42669,36.62299],[127.42771,36.62294],[127.43099,36.62394],[127.43154,36.62413],[127.43149,36.62421],[127.42835,36.6286],[127.43104,36.63147],[127.4323,36.63273],[127.43327,36.63291],[127.43351,36.63294],[127.43373,36.63298],[127.43418,36.63296],[127.43424,36.63296],[127.43431,36.63295],[127.43484,36.63293],[127.43538,36.6329],[127.43886,36.63266]]]]}},{"type":"Feature","properties":{"adm_cd":"33043550","adm_nm":"충청북도 청주시흥덕구 봉명1동"},"geometry":{"type":"MultiPolygon","coordinates":[[[[127.46886,36.64285],[127.46894,36.63986],[127.46821,36.63986],[127.46695,36.63986],[127.46692,36.63878],[127.46691,36.63827],[127.4669,36.63777],[127.46545,36.63777],[127.46365,36.63819],[127.46307,36.63854],[127.46261,36.63883],[127.46171,36.63937],[127.45665,36.63799],[127.45665,36.63794],[127.45661,36.63754],[127.45655,36.63688],[127.45651,36.63642],[127.45449,36.63656],[127.45169,36.63662],[127.4518,36.6381],[127.4535,36.63813],[127.45359,36.63891],[127.45363,36.63951],[127.45367,36.63999],[127.45374,36.64095],[127.45377,36.6414],[127.45392,36.64337],[127.45454,36.64335],[127.45461,36.64335],[127.45759,36.64324],[127.46886,36.64285]]]]}},{"type":"Feature","properties":{"adm_cd":"33043560","adm_nm":"충청북도 청주시흥덕구 봉명2·송정동"},"geometry":{"type":"MultiPolygon","coordinates":[[[[127.46886,36.64285],[127.45759,36.64324],[127.45461,36.64335],[127.45454,36.64335],[127.45392,36.64337],[127.45377,36.6414],[127.45374,36.64095],[127.45367,36.63999],[127.45363,36.63951],[127.45359,36.63891],[127.4535,36.63813],[127.4518,36.6381],[127.44893,36.63803],[127.44749,36.63802],[127.44526,36.63808],[127.4443,36.63813],[127.44434,36.63907],[127.44321,36.63998],[127.44107,36.64003],[127.43909,36.64009],[127.43886,36.64027],[127.43667,36.64223],[127.43511,36.64428],[127.43185,36.64443],[127.43186,36.64769],[127.43414,36.64769],[127.43534,36.64935],[127.43534,36.64939],[127.43536,36.65097],[127.43535,36.6537],[127.43572,36.65374],[127.43692,36.65387],[127.43769,36.65394],[127.43836,36.65397],[127.43907,36.65396],[127.4409,36.65377],[127.44126,36.65376],[127.44149,36.6538],[127.44168,36.65387],[127.44191,36.65399],[127.44244,36.65435],[127.44525,36.65611],[127.45114,36.65801],[127.45411,36.65852],[127.45767,36.65864],[127.46108,36.65877],[127.46197,36.65882],[127.46316,36.65888],[127.46434,36.65906],[127.46465,36.65915],[127.46551,36.65734],[127.46384,36.65619],[127.46198,36.65604],[127.46364,36.65497],[127.46474,36.65295],[127.46499,36.65241],[127.46613,36.64998],[127.4665,36.64882],[127.46621,36.64743],[127.46679,36.64601],[127.46886,36.64285]]]]}},{"type":"Feature","properties":{"adm_cd":"33043570","adm_nm":"충청북도 청주시흥덕구 강서1동"},"geometry":{"type":"MultiPolygon","coordinates":[[[[127.42274,36.64622],[127.42325,36.6451],[127.4234,36.64476],[127.42439,36.64103],[127.42478,36.63861],[127.42469,36.63861],[127.42405,36.63864],[127.42298,36.63867],[127.42306,36.63811],[127.42319,36.63723],[127.42321,36.63713],[127.42347,36.63611],[127.4236,36.63559],[127.42362,36.63553],[127.42375,36.63521],[127.42382,36.63503],[127.42388,36.63495],[127.42403,36.63474],[127.42585,36.63221],[127.42731,36.6302],[127.42715,36.6286],[127.42835,36.6286],[127.43149,36.62421],[127.43154,36.62413],[127.43099,36.62394],[127.42771,36.62294],[127.42669,36.62299],[127.42579,36.62293],[127.424,36.62052],[127.42321,36.61937],[127.42314,36.61916],[127.42311,36.61908],[127.42247,36.61691],[127.42245,36.61683],[127.42518,36.61189],[127.42551,36.61166],[127.42781,36.61035],[127.4321,36.60963],[127.4324,36.6096],[127.43259,36.60961],[127.43288,36.6097],[127.43317,36.6099],[127.43677,36.61118],[127.43767,36.61141],[127.43683,36.61064],[127.43672,36.61029],[127.43671,36.60973],[127.43695,36.60901],[127.43702,36.60828],[127.43662,36.60727],[127.43614,36.60664],[127.4359,36.60643],[127.43513,36.60615],[127.43485,36.60622],[127.43424,36.60593],[127.43418,36.60577],[127.43331,36.60283],[127.43378,36.60181],[127.43424,36.60149],[127.43429,36.59999],[127.43428,36.59972],[127.43426,36.59965],[127.43422,36.59949],[127.43411,36.59938],[127.43272,36.59932],[127.4273,36.5995],[127.42674,36.59975],[127.42659,36.59982],[127.42628,36.59993],[127.4252,36.60009],[127.42327,36.60008],[127.42243,36.59983],[127.42115,36.59888],[127.42014,36.59811],[127.41992,36.59795],[127.41946,36.59828],[127.41784,36.59952],[127.41772,36.59962],[127.41717,36.60008],[127.41674,36.60045],[127.41619,36.60096],[127.4157,36.60143],[127.41549,36.60171],[127.41449,36.60278],[127.41445,36.60282],[127.41409,36.60313],[127.41391,36.60327],[127.41351,36.60358],[127.41324,36.60375],[127.41291,36.60396],[127.41263,36.60413],[127.41248,36.60419],[127.41188,36.60446],[127.41153,36.6046],[127.40949,36.60267],[127.40724,36.60035],[127.40726,36.60032],[127.40729,36.60021],[127.40729,36.60011],[127.40724,36.59992],[127.40688,36.59914],[127.40681,36.599],[127.40669,36.59883],[127.40662,36.59874],[127.40652,36.59862],[127.40627,36.59834],[127.4056,36.59799],[127.40551,36.59795],[127.40536,36.59789],[127.40253,36.59697],[127.40244,36.59696],[127.40191,36.59667],[127.40165,36.59652],[127.40101,36.59604],[127.40091,36.59593],[127.40083,36.59556],[127.40068,36.59483],[127.40021,36.59372],[127.39961,36.5926],[127.39924,36.59195],[127.39919,36.59188],[127.39907,36.59171],[127.39825,36.59072],[127.39811,36.5906],[127.39804,36.59054],[127.39202,36.58584],[127.39022,36.58534],[127.38995,36.58533],[127.38985,36.58533],[127.38542,36.58624],[127.38473,36.58649],[127.38394,36.58794],[127.37959,36.58767],[127.37672,36.58718],[127.37669,36.58712],[127.37656,36.58695],[127.37649,36.5869],[127.3762,36.58701],[127.37617,36.58703],[127.37546,36.58745],[127.3717,36.58994],[127.37156,36.59003],[127.37106,36.59039],[127.36671,36.59361],[127.36618,36.59437],[127.36642,36.5974],[127.36651,36.59763],[127.36873,36.60094],[127.36838,36.60416],[127.36853,36.60558],[127.36889,36.60773],[127.36929,36.60794],[127.3702,36.60834],[127.37037,36.6084],[127.37041,36.60841],[127.37282,36.60871],[127.37485,36.60726],[127.37515,36.6068],[127.37534,36.60648],[127.37596,36.60599],[127.37693,36.60571],[127.37732,36.60572],[127.37758,36.60587],[127.37845,36.60678],[127.37834,36.60712],[127.37762,36.60903],[127.37731,36.60957],[127.37674,36.61003],[127.37786,36.61386],[127.37826,36.61413],[127.37841,36.61515],[127.37818,36.61695],[127.37506,36.62329],[127.37297,36.62521],[127.37301,36.62619],[127.37313,36.62791],[127.37364,36.62884],[127.37534,36.62898],[127.38051,36.62899],[127.38224,36.62847],[127.38228,36.62836],[127.38251,36.62779],[127.38258,36.6276],[127.38202,36.62714],[127.38197,36.62663],[127.38217,36.6263],[127.38233,36.62603],[127.38255,36.62568],[127.38267,36.62548],[127.3865,36.62471],[127.38801,36.62446],[127.38984,36.6247],[127.39038,36.62508],[127.39098,36.6255],[127.39366,36.62617],[127.39613,36.62634],[127.39926,36.62642],[127.40045,36.62648],[127.40296,36.62737],[127.40598,36.62859],[127.4061,36.62866],[127.40803,36.62973],[127.40645,36.6324],[127.40344,36.63228],[127.4033,36.63223],[127.40132,36.63145],[127.40109,36.63078],[127.40123,36.63038],[127.40085,36.63016],[127.39993,36.62979],[127.39967,36.62968],[127.39883,36.62959],[127.39669,36.62964],[127.39129,36.63026],[127.39089,36.63038],[127.39079,36.63041],[127.38935,36.63103],[127.39007,36.63251],[127.39046,36.63311],[127.39037,36.63678],[127.38976,36.63833],[127.38951,36.63862],[127.38658,36.64178],[127.38503,36.64295],[127.38473,36.64316],[127.3845,36.64295],[127.38435,36.64284],[127.38428,36.64281],[127.38409,36.64272],[127.38393,36.64266],[127.38381,36.64263],[127.38373,36.64263],[127.38364,36.64262],[127.38346,36.64262],[127.38332,36.64263],[127.38312,36.64266],[127.38176,36.64285],[127.38169,36.64291],[127.38157,36.64299],[127.38103,36.64339],[127.37847,36.64531],[127.3789,36.64638],[127.37693,36.65193],[127.37731,36.65343],[127.37731,36.65374],[127.37682,36.65527],[127.37673,36.65536],[127.37538,36.65641],[127.37506,36.65616],[127.37472,36.6565],[127.37446,36.65725],[127.37433,36.65786],[127.37443,36.65848],[127.37506,36.65891],[127.37815,36.66015],[127.38004,36.66087],[127.38291,36.66103],[127.38569,36.66023],[127.388,36.65949],[127.38821,36.65952],[127.38897,36.65995],[127.39161,36.66099],[127.39455,36.66133],[127.39588,36.66254],[127.39695,36.66254],[127.3988,36.66232],[127.40448,36.66111],[127.40558,36.66047],[127.4061,36.65952],[127.40612,36.6595],[127.40613,36.65935],[127.40619,36.65865],[127.40658,36.65763],[127.40799,36.65594],[127.41117,36.65268],[127.41235,36.6517],[127.41446,36.65172],[127.41619,36.65187],[127.41715,36.65161],[127.42018,36.65],[127.42283,36.64719],[127.42274,36.64622]]]]}},{"type":"Feature","properties":{"adm_cd":"33043580","adm_nm":"충청북도 청주시흥덕구 강서2동"},"geometry":{"type":"MultiPolygon","coordinates":[[[[127.46303,36.66933],[127.46504,36.66646],[127.46439,36.6655],[127.46363,36.66007],[127.46465,36.65915],[127.46434,36.65906],[127.46316,36.65888],[127.46197,36.65882],[127.46108,36.65877],[127.45767,36.65864],[127.45411,36.65852],[127.45114,36.65801],[127.44525,36.65611],[127.44244,36.65435],[127.44191,36.65399],[127.44168,36.65387],[127.44149,36.6538],[127.44126,36.65376],[127.4409,36.65377],[127.43907,36.65396],[127.43836,36.65397],[127.43769,36.65394],[127.43692,36.65387],[127.43572,36.65374],[127.43535,36.6537],[127.43536,36.65097],[127.43534,36.64939],[127.43534,36.64935],[127.43414,36.64769],[127.43186,36.64769],[127.43185,36.64443],[127.43137,36.64445],[127.43129,36.64446],[127.4307,36.64455],[127.43035,36.64461],[127.42961,36.64482],[127.42864,36.64517],[127.42773,36.64556],[127.42723,36.64576],[127.42681,36.64588],[127.42616,36.64602],[127.42608,36.64602],[127.4255,36.64609],[127.42472,36.64613],[127.42372,36.64619],[127.42274,36.64622],[127.42283,36.64719],[127.42018,36.65],[127.41715,36.65161],[127.41619,36.65187],[127.41446,36.65172],[127.41235,36.6517],[127.41117,36.65268],[127.40799,36.65594],[127.40658,36.65763],[127.40619,36.65865],[127.40613,36.65935],[127.40612,36.6595],[127.4061,36.65952],[127.40558,36.66047],[127.40448,36.66111],[127.3988,36.66232],[127.39695,36.66254],[127.39588,36.66254],[127.39455,36.66133],[127.39497,36.66182],[127.39517,36.66236],[127.39536,36.66311],[127.3954,36.6637],[127.39519,36.66429],[127.39518,36.66461],[127.39547,36.66643],[127.39591,36.66845],[127.3973,36.67459],[127.39783,36.67555],[127.39946,36.67761],[127.39972,36.67792],[127.40083,36.67857],[127.40159,36.67883],[127.40193,36.6788],[127.40269,36.67855],[127.40336,36.67836],[127.40426,36.6783],[127.40504,36.67832],[127.40595,36.6784],[127.40836,36.67905],[127.40925,36.67925],[127.40973,36.6793],[127.41048,36.67937],[127.41234,36.67945],[127.41345,36.67947],[127.4145,36.67957],[127.41572,36.67981],[127.41695,36.6803],[127.4195,36.68137],[127.42133,36.68211],[127.4225,36.68235],[127.42297,36.68243],[127.42592,36.68295],[127.42696,36.6831],[127.42828,36.68304],[127.42934,36.68289],[127.42976,36.68269],[127.43012,36.68252],[127.43149,36.68185],[127.43205,36.68163],[127.43274,36.68136],[127.43377,36.68137],[127.43486,36.68204],[127.43542,36.68234],[127.43606,36.68248],[127.43645,36.6825],[127.43703,36.68248],[127.43957,36.68261],[127.44314,36.68288],[127.44367,36.68303],[127.44405,36.68313],[127.44576,36.68431],[127.44601,36.68458],[127.44664,36.6853],[127.44858,36.6829],[127.44838,36.68281],[127.44797,36.6826],[127.44762,36.68236],[127.44739,36.68215],[127.44729,36.68205],[127.44713,36.68176],[127.44709,36.68169],[127.44707,36.68143],[127.44707,36.68128],[127.44734,36.67698],[127.44765,36.67536],[127.44784,36.67519],[127.44809,36.67504],[127.44858,36.67495],[127.44914,36.67487],[127.44969,36.67488],[127.4514,36.6749],[127.45208,36.67496],[127.45252,36.675],[127.45297,36.67505],[127.45403,36.67506],[127.45412,36.67506],[127.45435,36.67506],[127.45484,36.67501],[127.45627,36.67476],[127.45656,36.67461],[127.45686,36.67442],[127.45756,36.67398],[127.46176,36.67062],[127.46222,36.67023],[127.46282,36.6696],[127.46303,36.66933]]]]}},{"type":"Feature","properties":{"adm_cd":"33044110","adm_nm":"충청북도 청주시청원구 내수읍"},"geometry":{"type":"MultiPolygon","coordinates":[[[[127.61116,36.72903],[127.61105,36.72773],[127.61272,36.72674],[127.6133,36.72682],[127.61383,36.72627],[127.6143,36.72526],[127.61485,36.72205],[127.61542,36.71871],[127.61592,36.71822],[127.6166,36.718],[127.61665,36.71799],[127.61732,36.71777],[127.61799,36.71727],[127.61866,36.71641],[127.61876,36.71511],[127.61875,36.71362],[127.61788,36.70883],[127.61776,36.70745],[127.61724,36.70748],[127.61468,36.70511],[127.61453,36.70294],[127.61233,36.70011],[127.61081,36.70007],[127.6101,36.70006],[127.60818,36.69967],[127.60672,36.69934],[127.60547,36.6982],[127.60199,36.69815],[127.60052,36.6989],[127.5993,36.69858],[127.59764,36.69778],[127.5963,36.69613],[127.59205,36.69087],[127.59237,36.69],[127.59199,36.68856],[127.59085,36.6877],[127.5891,36.68768],[127.58662,36.68574],[127.58563,36.68375],[127.58444,36.68445],[127.58235,36.68494],[127.58117,36.68474],[127.57944,36.68438],[127.57787,36.68316],[127.5754,36.68113],[127.57039,36.67758],[127.56727,36.67443],[127.56687,36.67431],[127.56294,36.67425],[127.5555,36.67401],[127.5517,36.67276],[127.55034,36.6731],[127.54996,36.67376],[127.54921,36.67439],[127.54815,36.67304],[127.54711,36.67154],[127.54445,36.66961],[127.54361,36.66901],[127.54274,36.66876],[127.54013,36.66914],[127.53905,36.66923],[127.53693,36.66924],[127.53593,36.66884],[127.53314,36.66639],[127.53269,36.66587],[127.5322,36.66624],[127.53197,36.66637],[127.52856,36.66744],[127.52425,36.66908],[127.51865,36.67167],[127.51572,36.67254],[127.5123,36.67422],[127.51098,36.67552],[127.50749,36.67825],[127.50594,36.67948],[127.50577,36.67984],[127.50591,36.67998],[127.50606,36.68025],[127.50576,36.68067],[127.5046,36.68221],[127.50426,36.6826],[127.50374,36.68307],[127.49971,36.6845],[127.49998,36.68914],[127.49669,36.6911],[127.49665,36.69118],[127.49641,36.69168],[127.49664,36.69513],[127.49667,36.69538],[127.49672,36.69577],[127.49676,36.69602],[127.49679,36.6962],[127.49776,36.69955],[127.49826,36.70168],[127.49743,36.70412],[127.49737,36.70417],[127.49644,36.70523],[127.49638,36.70559],[127.49688,36.70596],[127.49772,36.70607],[127.49995,36.70651],[127.50001,36.70653],[127.50015,36.70663],[127.5006,36.70704],[127.50203,36.71147],[127.5016,36.71178],[127.50085,36.71184],[127.5005,36.71192],[127.49958,36.71246],[127.49935,36.71264],[127.49896,36.71306],[127.49864,36.71398],[127.49947,36.71438],[127.49966,36.71447],[127.49997,36.71451],[127.50068,36.71532],[127.50075,36.71547],[127.50122,36.71681],[127.49958,36.71758],[127.49758,36.71766],[127.49612,36.71639],[127.49489,36.71534],[127.49208,36.71568],[127.48599,36.71803],[127.48537,36.71841],[127.48534,36.71843],[127.48507,36.71885],[127.48529,36.71903],[127.4854,36.71916],[127.48622,36.72015],[127.48665,36.72078],[127.48677,36.72104],[127.48682,36.72128],[127.48684,36.72173],[127.48622,36.72231],[127.48589,36.72356],[127.48636,36.72455],[127.48807,36.72609],[127.48848,36.72646],[127.48905,36.72716],[127.4891,36.72786],[127.48917,36.72889],[127.49016,36.72997],[127.50156,36.73248],[127.50563,36.73277],[127.51014,36.73305],[127.5115,36.73309],[127.51198,36.73303],[127.51324,36.7325],[127.51471,36.73188],[127.5155,36.73157],[127.51577,36.73148],[127.51636,36.73128],[127.5168,36.73121],[127.51951,36.73126],[127.52039,36.73142],[127.52363,36.73317],[127.52825,36.73481],[127.53663,36.73289],[127.53938,36.73149],[127.53963,36.73135],[127.53978,36.73123],[127.54065,36.73012],[127.5408,36.72999],[127.54127,36.72962],[127.54152,36.72945],[127.54185,36.72923],[127.544,36.72816],[127.54415,36.72812],[127.54424,36.7281],[127.54438,36.72809],[127.545,36.7281],[127.54514,36.72806],[127.54522,36.72804],[127.54529,36.72801],[127.54546,36.7279],[127.54649,36.72713],[127.54713,36.72661],[127.54716,36.72528],[127.54704,36.72468],[127.54754,36.72386],[127.54763,36.72371],[127.54889,36.72329],[127.55327,36.72206],[127.55522,36.72216],[127.5589,36.71996],[127.55929,36.71963],[127.55987,36.71913],[127.56136,36.71778],[127.56182,36.71742],[127.5653,36.71485],[127.56617,36.71444],[127.5665,36.71435],[127.56691,36.71433],[127.57052,36.71519],[127.57879,36.71734],[127.57931,36.7176],[127.57989,36.71839],[127.57997,36.71924],[127.58222,36.72117],[127.58573,36.72228],[127.58717,36.72266],[127.5872,36.72267],[127.59303,36.724],[127.59628,36.7242],[127.59811,36.72412],[127.59987,36.72438],[127.60266,36.72486],[127.60519,36.72586],[127.60971,36.72784],[127.61116,36.72903]]]]}},{"type":"Feature","properties":{"adm_cd":"33044120","adm_nm":"충청북도 청주시청원구 오창읍"},"geometry":{"type":"MultiPolygon","coordinates":[[[[127.50134,36.76395],[127.50131,36.76195],[127.50127,36.76068],[127.50123,36.76051],[127.50115,36.76022],[127.50048,36.75867],[127.50042,36.75857],[127.50033,36.75844],[127.49779,36.75659],[127.49671,36.75637],[127.49509,36.7561],[127.49445,36.75583],[127.49426,36.75571],[127.49407,36.75559],[127.49363,36.75508],[127.49249,36.7534],[127.49196,36.7526],[127.49194,36.75124],[127.49201,36.75007],[127.49201,36.75002],[127.49155,36.74863],[127.49057,36.74771],[127.4895,36.74713],[127.48869,36.74669],[127.48827,36.74646],[127.48708,36.74597],[127.4866,36.74572],[127.48603,36.74543],[127.48551,36.74499],[127.48425,36.74392],[127.48351,36.74304],[127.48315,36.74216],[127.48291,36.7413],[127.4829,36.7405],[127.48307,36.73839],[127.48319,36.73767],[127.48302,36.73558],[127.48165,36.72965],[127.48141,36.72872],[127.48105,36.7279],[127.47974,36.72534],[127.47875,36.72365],[127.47751,36.7218],[127.47655,36.7172],[127.47631,36.71643],[127.47577,36.71508],[127.47551,36.71446],[127.475,36.71375],[127.47488,36.71358],[127.47408,36.71284],[127.47341,36.71238],[127.47285,36.71213],[127.46831,36.70976],[127.4655,36.70814],[127.46418,36.70724],[127.46357,36.70682],[127.46287,36.70603],[127.46239,36.70544],[127.46207,36.70469],[127.46188,36.70389],[127.46179,36.70068],[127.46176,36.69711],[127.46175,36.69606],[127.46143,36.69573],[127.45997,36.69512],[127.45843,36.69462],[127.4582,36.69454],[127.45756,36.69433],[127.456,36.69382],[127.45552,36.69351],[127.45435,36.69228],[127.45336,36.69124],[127.45225,36.69054],[127.45206,36.6905],[127.45181,36.69044],[127.45095,36.69035],[127.44992,36.69006],[127.44918,36.68945],[127.44782,36.68762],[127.44664,36.6853],[127.44601,36.68458],[127.44576,36.68431],[127.44405,36.68313],[127.44367,36.68303],[127.44314,36.68288],[127.43957,36.68261],[127.43703,36.68248],[127.43645,36.6825],[127.43606,36.68248],[127.43542,36.68234],[127.43486,36.68204],[127.43377,36.68137],[127.43274,36.68136],[127.43205,36.68163],[127.43149,36.68185],[127.43012,36.68252],[127.42976,36.68269],[127.42934,36.68289],[127.42828,36.68304],[127.4281,36.68561],[127.42793,36.68922],[127.42559,36.68917],[127.42556,36.69021],[127.42541,36.69287],[127.42473,36.69292],[127.42422,36.69294],[127.42399,36.69284],[127.42329,36.69276],[127.42176,36.69271],[127.42106,36.69271],[127.42071,36.6932],[127.42063,36.69535],[127.42086,36.6963],[127.41783,36.6986],[127.41487,36.70081],[127.41232,36.7027],[127.41001,36.70442],[127.40889,36.70531],[127.40862,36.70561],[127.40852,36.70592],[127.40851,36.70624],[127.40858,36.70651],[127.40888,36.70705],[127.4102,36.70818],[127.41083,36.70889],[127.41078,36.70947],[127.41049,36.71052],[127.40895,36.71023],[127.40841,36.71009],[127.40797,36.70984],[127.40775,36.7095],[127.40763,36.70925],[127.40748,36.70907],[127.40719,36.70879],[127.40675,36.70872],[127.40628,36.70865],[127.40008,36.71099],[127.40008,36.71107],[127.40007,36.71213],[127.40019,36.71236],[127.4,36.71318],[127.39972,36.7139],[127.39892,36.71457],[127.39856,36.71486],[127.39824,36.71513],[127.39808,36.71526],[127.39713,36.71589],[127.39618,36.71651],[127.39402,36.71742],[127.3927,36.7176],[127.39158,36.7177],[127.39076,36.71775],[127.39002,36.71778],[127.38923,36.71776],[127.38818,36.71772],[127.38698,36.71748],[127.38156,36.71519],[127.38098,36.71443],[127.3787,36.71315],[127.37725,36.71255],[127.37676,36.71245],[127.37627,36.71235],[127.37545,36.71232],[127.37513,36.71245],[127.37464,36.71265],[127.37392,36.7133],[127.37247,36.71399],[127.36904,36.71514],[127.36788,36.71519],[127.36624,36.71548],[127.36313,36.71678],[127.36286,36.71696],[127.36247,36.71731],[127.36214,36.71761],[127.36164,36.71789],[127.35843,36.71771],[127.35709,36.71753],[127.35658,36.71732],[127.35474,36.71745],[127.35301,36.71767],[127.35259,36.71785],[127.35217,36.71861],[127.35165,36.71891],[127.35094,36.71902],[127.34979,36.71893],[127.3485,36.71877],[127.3478,36.71869],[127.34698,36.71859],[127.34298,36.71847],[127.34098,36.71841],[127.34056,36.71848],[127.3402,36.71865],[127.33938,36.71932],[127.33852,36.71992],[127.3375,36.72013],[127.33559,36.72],[127.3344,36.71999],[127.33158,36.72065],[127.3298,36.72142],[127.3293,36.72165],[127.32891,36.72183],[127.32602,36.72316],[127.32491,36.72345],[127.32337,36.72384],[127.31697,36.72482],[127.31723,36.72493],[127.3175,36.72514],[127.31832,36.72579],[127.3197,36.72704],[127.32112,36.72856],[127.32198,36.72995],[127.32229,36.73045],[127.32308,36.73128],[127.32546,36.73367],[127.3283,36.73456],[127.32846,36.73456],[127.32856,36.73456],[127.32861,36.73456],[127.3294,36.73445],[127.32945,36.73444],[127.32965,36.73437],[127.33006,36.73405],[127.33021,36.73388],[127.33038,36.73363],[127.33062,36.73303],[127.33268,36.73174],[127.33686,36.72938],[127.33733,36.7294],[127.33742,36.7294],[127.33871,36.72979],[127.3393,36.73024],[127.34018,36.73184],[127.34133,36.73682],[127.34121,36.73762],[127.34043,36.73756],[127.33843,36.73748],[127.3374,36.73987],[127.33747,36.74083],[127.33757,36.74178],[127.33756,36.74335],[127.3372,36.74447],[127.33448,36.74699],[127.33438,36.74701],[127.33405,36.74698],[127.33359,36.74849],[127.3344,36.74957],[127.33543,36.75114],[127.33561,36.75156],[127.33555,36.75236],[127.33567,36.75252],[127.33575,36.75257],[127.33599,36.7526],[127.33641,36.75266],[127.34552,36.75386],[127.34557,36.75398],[127.34565,36.75412],[127.34569,36.75417],[127.34697,36.75532],[127.34704,36.75539],[127.34717,36.75548],[127.34729,36.75554],[127.34876,36.7559],[127.34896,36.75594],[127.34918,36.75598],[127.34924,36.75599],[127.34928,36.75599],[127.34938,36.756],[127.35191,36.75603],[127.35259,36.75602],[127.35271,36.75601],[127.35291,36.75598],[127.35302,36.75596],[127.35312,36.75595],[127.35614,36.75765],[127.35883,36.76068],[127.36489,36.7612],[127.36935,36.76148],[127.36944,36.76148],[127.36952,36.76146],[127.36958,36.76142],[127.36963,36.76138],[127.37111,36.75962],[127.3716,36.7588],[127.37167,36.75872],[127.37182,36.75854],[127.37215,36.75828],[127.37225,36.75824],[127.37232,36.75824],[127.37485,36.75826],[127.37492,36.75826],[127.37498,36.75829],[127.37515,36.75841],[127.37935,36.75907],[127.38514,36.75961],[127.38523,36.7596],[127.38532,36.7596],[127.38718,36.75947],[127.38723,36.75947],[127.3873,36.75943],[127.38735,36.75939],[127.38741,36.75934],[127.38745,36.75921],[127.38751,36.75896],[127.38769,36.75813],[127.38771,36.75792],[127.3878,36.75684],[127.38766,36.75606],[127.38766,36.75593],[127.3877,36.75568],[127.38777,36.75534],[127.38782,36.75518],[127.38883,36.75331],[127.38893,36.75321],[127.38909,36.75314],[127.38975,36.75289],[127.38985,36.75287],[127.39194,36.75259],[127.3927,36.75262],[127.39481,36.75094],[127.39513,36.74897],[127.39668,36.74704],[127.39689,36.7469],[127.39789,36.74663],[127.40464,36.74494],[127.40483,36.74491],[127.4049,36.74494],[127.40456,36.74631],[127.40455,36.7465],[127.40526,36.7493],[127.40565,36.75006],[127.40583,36.75025],[127.40765,36.7516],[127.40827,36.75204],[127.40836,36.75206],[127.4086,36.75214],[127.40891,36.75218],[127.40908,36.75221],[127.40912,36.75222],[127.40949,36.75231],[127.41055,36.75283],[127.41067,36.75289],[127.41086,36.753],[127.41103,36.75314],[127.41121,36.75332],[127.41126,36.7534],[127.4113,36.75347],[127.41136,36.75364],[127.41155,36.75419],[127.41155,36.75425],[127.41154,36.75431],[127.4114,36.75494],[127.41137,36.75502],[127.41123,36.75532],[127.41102,36.75574],[127.41118,36.75634],[127.41197,36.75727],[127.41207,36.7573],[127.41264,36.75733],[127.41288,36.75734],[127.41315,36.75734],[127.41427,36.75715],[127.41456,36.75699],[127.4148,36.75681],[127.41493,36.75664],[127.41514,36.75658],[127.41525,36.75656],[127.4154,36.75656],[127.41773,36.757],[127.41788,36.75705],[127.41946,36.7575],[127.41958,36.75757],[127.42172,36.75771],[127.42259,36.75809],[127.42456,36.75781],[127.42689,36.75708],[127.42735,36.75686],[127.4274,36.75659],[127.42718,36.75601],[127.42609,36.75588],[127.42553,36.75565],[127.42535,36.75552],[127.42518,36.7547],[127.4252,36.75429],[127.42714,36.75075],[127.42737,36.75071],[127.42989,36.75065],[127.43023,36.75078],[127.43027,36.7508],[127.43066,36.75113],[127.4326,36.75166],[127.43858,36.75327],[127.43944,36.75317],[127.43983,36.7531],[127.44108,36.75258],[127.44138,36.75234],[127.44195,36.75132],[127.44189,36.75091],[127.44186,36.75018],[127.44199,36.75003],[127.44247,36.74948],[127.44391,36.74879],[127.44489,36.74843],[127.44632,36.74824],[127.44829,36.74891],[127.44983,36.74953],[127.44987,36.7524],[127.44963,36.75353],[127.44958,36.75483],[127.45005,36.75872],[127.4501,36.75901],[127.45138,36.76102],[127.45206,36.76185],[127.4523,36.76208],[127.45339,36.76238],[127.45448,36.76276],[127.45649,36.76436],[127.45857,36.76607],[127.45916,36.76673],[127.46036,36.76918],[127.46021,36.76948],[127.46034,36.76978],[127.46181,36.77017],[127.4675,36.76978],[127.46925,36.76926],[127.4703,36.76887],[127.47041,36.76889],[127.47298,36.76939],[127.47333,36.7696],[127.47394,36.77002],[127.47524,36.77109],[127.47956,36.77336],[127.48119,36.77403],[127.48139,36.77412],[127.48124,36.77432],[127.48085,36.77507],[127.4808,36.77529],[127.48091,36.77544],[127.48196,36.77596],[127.48223,36.77604],[127.48481,36.77579],[127.48545,36.77573],[127.48825,36.77507],[127.48866,36.77475],[127.48894,36.77438],[127.49056,36.77349],[127.49078,36.77349],[127.49094,36.77355],[127.49146,36.77377],[127.49286,36.776],[127.49485,36.77758],[127.50051,36.77944],[127.50195,36.77971],[127.50342,36.77935],[127.50498,36.77894],[127.50571,36.77857],[127.50633,36.77825],[127.50833,36.77674],[127.50935,36.77597],[127.5106,36.77435],[127.51062,36.77389],[127.50948,36.77042],[127.50895,36.7695],[127.50719,36.76834],[127.50626,36.76802],[127.50535,36.76762],[127.50328,36.76656],[127.50271,36.76606],[127.50209,36.76514],[127.50134,36.76395]]]]}},{"type":"Feature","properties":{"adm_cd":"33044310","adm_nm":"충청북도 청주시청원구 북이면"},"geometry":{"type":"MultiPolygon","coordinates":[[[[127.61116,36.72903],[127.60971,36.72784],[127.60519,36.72586],[127.60266,36.72486],[127.59987,36.72438],[127.59811,36.72412],[127.59628,36.7242],[127.59303,36.724],[127.5872,36.72267],[127.58717,36.72266],[127.58573,36.72228],[127.58222,36.72117],[127.57997,36.71924],[127.57989,36.71839],[127.57931,36.7176],[127.57879,36.71734],[127.57052,36.71519],[127.56691,36.71433],[127.5665,36.71435],[127.56617,36.71444],[127.5653,36.71485],[127.56182,36.71742],[127.56136,36.71778],[127.55987,36.71913],[127.55929,36.71963],[127.5589,36.71996],[127.55522,36.72216],[127.55327,36.72206],[127.54889,36.72329],[127.54763,36.72371],[127.54754,36.72386],[127.54704,36.72468],[127.54716,36.72528],[127.54713,36.72661],[127.54649,36.72713],[127.54546,36.7279],[127.54529,36.72801],[127.54522,36.72804],[127.54514,36.72806],[127.545,36.7281],[127.54438,36.72809],[127.54424,36.7281],[127.54415,36.72812],[127.544,36.72816],[127.54185,36.72923],[127.54152,36.72945],[127.54127,36.72962],[127.5408,36.72999],[127.54065,36.73012],[127.53978,36.73123],[127.53963,36.73135],[127.53938,36.73149],[127.53663,36.73289],[127.52825,36.73481],[127.52363,36.73317],[127.52039,36.73142],[127.51951,36.73126],[127.5168,36.73121],[127.51636,36.73128],[127.51577,36.73148],[127.5155,36.73157],[127.51471,36.73188],[127.51324,36.7325],[127.51198,36.73303],[127.5115,36.73309],[127.51014,36.73305],[127.50563,36.73277],[127.50156,36.73248],[127.49016,36.72997],[127.48917,36.72889],[127.4891,36.72786],[127.48905,36.72716],[127.48848,36.72646],[127.48807,36.72609],[127.48636,36.72455],[127.48589,36.72356],[127.48565,36.72317],[127.48366,36.72201],[127.48192,36.72172],[127.47751,36.7218],[127.47875,36.72365],[127.47974,36.72534],[127.48105,36.7279],[127.48141,36.72872],[127.48165,36.72965],[127.48302,36.73558],[127.48319,36.73767],[127.48307,36.73839],[127.4829,36.7405],[127.48291,36.7413],[127.48315,36.74216],[127.48351,36.74304],[127.48425,36.74392],[127.48551,36.74499],[127.48603,36.74543],[127.4866,36.74572],[127.48708,36.74597],[127.48827,36.74646],[127.48869,36.74669],[127.4895,36.74713],[127.49057,36.74771],[127.49155,36.74863],[127.49201,36.75002],[127.49201,36.75007],[127.49194,36.75124],[127.49196,36.7526],[127.49249,36.7534],[127.49363,36.75508],[127.49407,36.75559],[127.49426,36.75571],[127.49445,36.75583],[127.49509,36.7561],[127.49671,36.75637],[127.49779,36.75659],[127.50033,36.75844],[127.50042,36.75857],[127.50048,36.75867],[127.50115,36.76022],[127.50123,36.76051],[127.50127,36.76068],[127.50131,36.76195],[127.50134,36.76395],[127.50163,36.76396],[127.50217,36.76399],[127.50256,36.76407],[127.50625,36.76546],[127.50724,36.76601],[127.50925,36.76717],[127.51011,36.76751],[127.5113,36.76798],[127.51221,36.76788],[127.5131,36.76778],[127.51398,36.76782],[127.515,36.76787],[127.51545,36.76797],[127.51584,36.76805],[127.51674,36.76847],[127.51735,36.76876],[127.51777,36.76896],[127.52178,36.76977],[127.52231,36.76968],[127.52336,36.76964],[127.52686,36.76981],[127.52939,36.77001],[127.52983,36.77005],[127.53019,36.77009],[127.53048,36.7704],[127.53073,36.77069],[127.53104,36.77102],[127.53141,36.7714],[127.53202,36.77174],[127.54118,36.77414],[127.5414,36.77417],[127.54161,36.7742],[127.54191,36.7741],[127.54214,36.77402],[127.54286,36.77387],[127.54323,36.7738],[127.54425,36.77365],[127.54428,36.77366],[127.5447,36.77378],[127.54599,36.77451],[127.54862,36.77583],[127.54975,36.77632],[127.55443,36.77785],[127.55584,36.77802],[127.55741,36.77808],[127.55764,36.77796],[127.5579,36.77781],[127.56036,36.77815],[127.5627,36.77912],[127.5636,36.7795],[127.56416,36.77961],[127.56422,36.77962],[127.56632,36.77789],[127.5665,36.77755],[127.56658,36.77739],[127.56698,36.77644],[127.5675,36.77493],[127.56752,36.77486],[127.56756,36.77458],[127.56759,36.77434],[127.56759,36.77397],[127.56759,36.7739],[127.5676,36.77359],[127.56763,36.77335],[127.56767,36.77303],[127.56771,36.77294],[127.56775,36.77286],[127.56783,36.77277],[127.56872,36.77176],[127.56974,36.77148],[127.56997,36.77144],[127.57019,36.77137],[127.5708,36.77105],[127.57193,36.77043],[127.57211,36.77033],[127.57227,36.77023],[127.57239,36.77016],[127.57257,36.76997],[127.5727,36.76984],[127.57372,36.76881],[127.57494,36.76751],[127.57501,36.76745],[127.5751,36.76739],[127.57516,36.76735],[127.57533,36.76726],[127.57566,36.76712],[127.57591,36.76702],[127.57607,36.76697],[127.57709,36.76678],[127.58479,36.76458],[127.5886,36.76253],[127.58867,36.76247],[127.58873,36.76241],[127.58879,36.76234],[127.58881,36.76227],[127.58905,36.76006],[127.58899,36.75965],[127.58841,36.7571],[127.59024,36.75341],[127.59025,36.74874],[127.59023,36.74867],[127.59023,36.74862],[127.59026,36.74858],[127.59125,36.74757],[127.59208,36.74686],[127.59287,36.74632],[127.59578,36.74468],[127.59615,36.74457],[127.59819,36.74432],[127.59828,36.74432],[127.59835,36.74433],[127.59845,36.74436],[127.59868,36.74443],[127.5989,36.74452],[127.59904,36.74458],[127.59915,36.74465],[127.59923,36.74472],[127.59938,36.74488],[127.59963,36.74515],[127.60004,36.74551],[127.60009,36.74554],[127.60024,36.7456],[127.60037,36.74565],[127.60048,36.74568],[127.60057,36.7457],[127.60329,36.74585],[127.60337,36.74586],[127.60343,36.74585],[127.60353,36.74583],[127.6036,36.74582],[127.60371,36.74579],[127.60383,36.74574],[127.60398,36.74567],[127.60411,36.74561],[127.60417,36.74557],[127.60577,36.74382],[127.60581,36.74377],[127.60586,36.74371],[127.608,36.73981],[127.60838,36.73704],[127.60837,36.73698],[127.60841,36.73672],[127.60844,36.73663],[127.60846,36.73659],[127.60865,36.73634],[127.60871,36.73627],[127.60878,36.73623],[127.60981,36.73559],[127.6099,36.73555],[127.60989,36.73161],[127.61078,36.72958],[127.61116,36.72903]]]]}},{"type":"Feature","properties":{"adm_cd":"33044510","adm_nm":"충청북도 청주시청원구 오근장동"},"geometry":{"type":"MultiPolygon","coordinates":[[[[127.5123,36.67422],[127.51084,36.67324],[127.50972,36.67281],[127.50869,36.67245],[127.50806,36.67224],[127.50682,36.67203],[127.50457,36.6714],[127.49939,36.66977],[127.49842,36.67004],[127.48977,36.67175],[127.48951,36.6718],[127.48942,36.67181],[127.48849,36.67189],[127.48821,36.67192],[127.48714,36.67199],[127.48644,36.67204],[127.48622,36.67206],[127.48612,36.67205],[127.48573,36.67205],[127.4856,36.67205],[127.48493,36.67194],[127.4848,36.67191],[127.48424,36.67179],[127.48329,36.67153],[127.48315,36.67186],[127.48318,36.6729],[127.48328,36.6745],[127.4834,36.67652],[127.48351,36.67827],[127.48352,36.67855],[127.48349,36.67879],[127.48339,36.67896],[127.48329,36.67913],[127.48317,36.67933],[127.48305,36.67952],[127.48253,36.67928],[127.48209,36.67907],[127.48183,36.67911],[127.48162,36.67918],[127.47898,36.68072],[127.47758,36.6816],[127.47509,36.67956],[127.4744,36.6788],[127.47426,36.67862],[127.47405,36.67844],[127.47276,36.67779],[127.47066,36.67722],[127.4705,36.67721],[127.47023,36.67721],[127.46978,36.6774],[127.46966,36.67742],[127.46949,36.67741],[127.46924,36.67739],[127.46902,36.67734],[127.4688,36.67728],[127.46858,36.6772],[127.46689,36.67649],[127.46641,36.67627],[127.46601,36.67607],[127.46597,36.67598],[127.46593,36.67584],[127.46593,36.67578],[127.46595,36.67465],[127.4661,36.67454],[127.46621,36.67433],[127.46632,36.67378],[127.4661,36.67128],[127.46607,36.67119],[127.46598,36.67097],[127.46594,36.6709],[127.46583,36.67081],[127.46504,36.67029],[127.46384,36.66954],[127.46378,36.66951],[127.46363,36.66945],[127.46303,36.66933],[127.46282,36.6696],[127.46222,36.67023],[127.46176,36.67062],[127.45756,36.67398],[127.45686,36.67442],[127.45656,36.67461],[127.45627,36.67476],[127.45484,36.67501],[127.45435,36.67506],[127.45412,36.67506],[127.45403,36.67506],[127.45297,36.67505],[127.45252,36.675],[127.45208,36.67496],[127.4514,36.6749],[127.44969,36.67488],[127.44914,36.67487],[127.44858,36.67495],[127.44809,36.67504],[127.44784,36.67519],[127.44765,36.67536],[127.44734,36.67698],[127.44707,36.68128],[127.44707,36.68143],[127.44709,36.68169],[127.44713,36.68176],[127.44729,36.68205],[127.44739,36.68215],[127.44762,36.68236],[127.44797,36.6826],[127.44838,36.68281],[127.44858,36.6829],[127.44664,36.6853],[127.44782,36.68762],[127.44918,36.68945],[127.44992,36.69006],[127.45095,36.69035],[127.45181,36.69044],[127.45206,36.6905],[127.45225,36.69054],[127.45336,36.69124],[127.45435,36.69228],[127.45552,36.69351],[127.456,36.69382],[127.45756,36.69433],[127.4582,36.69454],[127.45843,36.69462],[127.45997,36.69512],[127.46143,36.69573],[127.46175,36.69606],[127.46176,36.69711],[127.46179,36.70068],[127.46188,36.70389],[127.46207,36.70469],[127.46239,36.70544],[127.46287,36.70603],[127.46357,36.70682],[127.46418,36.70724],[127.4655,36.70814],[127.46831,36.70976],[127.47285,36.71213],[127.47341,36.71238],[127.47408,36.71284],[127.47488,36.71358],[127.475,36.71375],[127.47551,36.71446],[127.47577,36.71508],[127.47631,36.71643],[127.47655,36.7172],[127.47751,36.7218],[127.48192,36.72172],[127.48366,36.72201],[127.48565,36.72317],[127.48589,36.72356],[127.48622,36.72231],[127.48684,36.72173],[127.48682,36.72128],[127.48677,36.72104],[127.48665,36.72078],[127.48622,36.72015],[127.4854,36.71916],[127.48529,36.71903],[127.48507,36.71885],[127.48534,36.71843],[127.48537,36.71841],[127.48599,36.71803],[127.49208,36.71568],[127.49489,36.71534],[127.49612,36.71639],[127.49758,36.71766],[127.49958,36.71758],[127.50122,36.71681],[127.50075,36.71547],[127.50068,36.71532],[127.49997,36.71451],[127.49966,36.71447],[127.49947,36.71438],[127.49864,36.71398],[127.49896,36.71306],[127.49935,36.71264],[127.49958,36.71246],[127.5005,36.71192],[127.50085,36.71184],[127.5016,36.71178],[127.50203,36.71147],[127.5006,36.70704],[127.50015,36.70663],[127.50001,36.70653],[127.49995,36.70651],[127.49772,36.70607],[127.49688,36.70596],[127.49638,36.70559],[127.49644,36.70523],[127.49737,36.70417],[127.49743,36.70412],[127.49826,36.70168],[127.49776,36.69955],[127.49679,36.6962],[127.49676,36.69602],[127.49672,36.69577],[127.49667,36.69538],[127.49664,36.69513],[127.49641,36.69168],[127.49665,36.69118],[127.49669,36.6911],[127.49998,36.68914],[127.49971,36.6845],[127.50374,36.68307],[127.50426,36.6826],[127.5046,36.68221],[127.50576,36.68067],[127.50606,36.68025],[127.50591,36.67998],[127.50577,36.67984],[127.50594,36.67948],[127.50749,36.67825],[127.51098,36.67552],[127.5123,36.67422]]]]}},{"type":"Feature","properties":{"adm_cd":"33044520","adm_nm":"충청북도 청주시청원구 우암동"},"geometry":{"type":"MultiPolygon","coordinates":[[[[127.48893,36.65241],[127.48897,36.65212],[127.48962,36.65193],[127.49035,36.65188],[127.49784,36.65157],[127.49873,36.65212],[127.49882,36.65262],[127.49947,36.65312],[127.50024,36.65326],[127.50302,36.65344],[127.50455,36.65314],[127.50514,36.65024],[127.50458,36.64979],[127.50183,36.64782],[127.50091,36.64719],[127.49809,36.64805],[127.49783,36.64813],[127.49737,36.64809],[127.49347,36.64747],[127.49167,36.64656],[127.48819,36.64503],[127.48738,36.64503],[127.48596,36.64504],[127.48556,36.64504],[127.4848,36.64504],[127.48399,36.64504],[127.48392,36.64504],[127.48253,36.64466],[127.48145,36.64658],[127.48059,36.64805],[127.47915,36.65003],[127.47885,36.65041],[127.47844,36.65088],[127.47671,36.65286],[127.47615,36.65349],[127.47571,36.65417],[127.47797,36.65525],[127.48377,36.65681],[127.48392,36.65664],[127.48468,36.65578],[127.4875,36.65259],[127.48771,36.65235],[127.48881,36.6524],[127.48893,36.65241]]]]}},{"type":"Feature","properties":{"adm_cd":"33044530","adm_nm":"충청북도 청주시청원구 내덕1동"},"geometry":{"type":"MultiPolygon","coordinates":[[[[127.48893,36.65241],[127.48881,36.6524],[127.48771,36.65235],[127.4875,36.65259],[127.48468,36.65578],[127.48392,36.65664],[127.48377,36.65681],[127.47797,36.65525],[127.47571,36.65417],[127.47161,36.65929],[127.47393,36.65952],[127.47449,36.65987],[127.47504,36.66021],[127.47521,36.66032],[127.4753,36.66038],[127.47543,36.66058],[127.47934,36.66259],[127.48176,36.66309],[127.48382,36.66365],[127.48556,36.6644],[127.48662,36.66503],[127.48698,36.6629],[127.48704,36.66251],[127.48718,36.66172],[127.48761,36.65937],[127.48763,36.65928],[127.48769,36.65908],[127.48785,36.65849],[127.48869,36.65378],[127.48893,36.65241]]]]}},{"type":"Feature","properties":{"adm_cd":"33044540","adm_nm":"충청북도 청주시청원구 내덕2동"},"geometry":{"type":"MultiPolygon","coordinates":[[[[127.50455,36.65314],[127.50302,36.65344],[127.50024,36.65326],[127.49947,36.65312],[127.49882,36.65262],[127.49873,36.65212],[127.49784,36.65157],[127.49035,36.65188],[127.48962,36.65193],[127.48897,36.65212],[127.48893,36.65241],[127.48869,36.65378],[127.48785,36.65849],[127.48769,36.65908],[127.48763,36.65928],[127.48761,36.65937],[127.48718,36.66172],[127.48704,36.66251],[127.48698,36.6629],[127.48662,36.66503],[127.48814,36.66543],[127.48943,36.66533],[127.49993,36.66345],[127.50175,36.66255],[127.50177,36.66251],[127.50181,36.66237],[127.50181,36.66155],[127.50181,36.6615],[127.50176,36.66141],[127.50109,36.65931],[127.50158,36.65838],[127.50162,36.65833],[127.50171,36.65821],[127.50185,36.65801],[127.5026,36.65749],[127.50269,36.65739],[127.5042,36.65495],[127.50446,36.65428],[127.50447,36.65385],[127.50445,36.65363],[127.50455,36.65314]]]]}},{"type":"Feature","properties":{"adm_cd":"33044550","adm_nm":"충청북도 청주시청원구 율량·사천동"},"geometry":{"type":"MultiPolygon","coordinates":[[[[127.5123,36.67422],[127.51572,36.67254],[127.51865,36.67167],[127.52425,36.66908],[127.52856,36.66744],[127.53197,36.66637],[127.5322,36.66624],[127.53269,36.66587],[127.53369,36.66463],[127.53157,36.66329],[127.52921,36.66281],[127.52776,36.66246],[127.52498,36.66037],[127.52467,36.65867],[127.52432,36.65804],[127.52369,36.65767],[127.52159,36.65649],[127.51913,36.65532],[127.51429,36.65325],[127.51318,36.65299],[127.51298,36.65295],[127.51154,36.65301],[127.51043,36.65307],[127.50966,36.65323],[127.50836,36.65252],[127.50607,36.65012],[127.50514,36.65024],[127.50455,36.65314],[127.50445,36.65363],[127.50447,36.65385],[127.50446,36.65428],[127.5042,36.65495],[127.50269,36.65739],[127.5026,36.65749],[127.50185,36.65801],[127.50171,36.65821],[127.50162,36.65833],[127.50158,36.65838],[127.50109,36.65931],[127.50176,36.66141],[127.50181,36.6615],[127.50181,36.66155],[127.50181,36.66237],[127.50177,36.66251],[127.50175,36.66255],[127.49993,36.66345],[127.48943,36.66533],[127.48814,36.66543],[127.48662,36.66503],[127.48556,36.6644],[127.48382,36.66365],[127.48176,36.66309],[127.47934,36.66259],[127.47543,36.66058],[127.4753,36.66038],[127.47521,36.66032],[127.47504,36.66021],[127.47449,36.65987],[127.47393,36.65952],[127.47161,36.65929],[127.46841,36.66298],[127.46504,36.66646],[127.46303,36.66933],[127.46363,36.66945],[127.46378,36.66951],[127.46384,36.66954],[127.46504,36.67029],[127.46583,36.67081],[127.46594,36.6709],[127.46598,36.67097],[127.46607,36.67119],[127.4661,36.67128],[127.46632,36.67378],[127.46621,36.67433],[127.4661,36.67454],[127.46595,36.67465],[127.46593,36.67578],[127.46593,36.67584],[127.46597,36.67598],[127.46601,36.67607],[127.46641,36.67627],[127.46689,36.67649],[127.46858,36.6772],[127.4688,36.67728],[127.46902,36.67734],[127.46924,36.67739],[127.46949,36.67741],[127.46966,36.67742],[127.46978,36.6774],[127.47023,36.67721],[127.4705,36.67721],[127.47066,36.67722],[127.47276,36.67779],[127.47405,36.67844],[127.47426,36.67862],[127.4744,36.6788],[127.47509,36.67956],[127.47758,36.6816],[127.47898,36.68072],[127.48162,36.67918],[127.48183,36.67911],[127.48209,36.67907],[127.48253,36.67928],[127.48305,36.67952],[127.48317,36.67933],[127.48329,36.67913],[127.48339,36.67896],[127.48349,36.67879],[127.48352,36.67855],[127.48351,36.67827],[127.4834,36.67652],[127.48328,36.6745],[127.48318,36.6729],[127.48315,36.67186],[127.48329,36.67153],[127.48424,36.67179],[127.4848,36.67191],[127.48493,36.67194],[127.4856,36.67205],[127.48573,36.67205],[127.48612,36.67205],[127.48622,36.67206],[127.48644,36.67204],[127.48714,36.67199],[127.48821,36.67192],[127.48849,36.67189],[127.48942,36.67181],[127.48951,36.6718],[127.48977,36.67175],[127.49842,36.67004],[127.49939,36.66977],[127.50457,36.6714],[127.50682,36.67203],[127.50806,36.67224],[127.50869,36.67245],[127.50972,36.67281],[127.51084,36.67324],[127.5123,36.67422]]]]}},{"type":"Feature","properties":{"adm_cd":"33520110","adm_nm":"충청북도 보은군 보은읍"},"geometry":{"type":"MultiPolygon","coordinates":[[[[127.76079,36.53969],[127.76115,36.53955],[127.76274,36.53875],[127.76691,36.53586],[127.76757,36.5341],[127.76756,36.53357],[127.76754,36.53148],[127.76848,36.53038],[127.77038,36.52804],[127.77079,36.52747],[127.77179,36.52381],[127.7737,36.51824],[127.7737,36.51695],[127.77278,36.51631],[127.77273,36.51627],[127.77311,36.51493],[127.77404,36.51262],[127.77439,36.51192],[127.77568,36.50956],[127.77639,36.50761],[127.77449,36.50749],[127.77374,36.50768],[127.77103,36.508],[127.76943,36.50524],[127.7694,36.50474],[127.76993,36.50443],[127.77068,36.50405],[127.7709,36.50351],[127.77075,36.50252],[127.76906,36.50072],[127.76911,36.49964],[127.76952,36.49924],[127.76989,36.49881],[127.77011,36.49741],[127.76941,36.49709],[127.76289,36.49488],[127.76102,36.49487],[127.76071,36.49489],[127.7606,36.49531],[127.76048,36.49564],[127.75976,36.49618],[127.75878,36.49473],[127.75695,36.49187],[127.75695,36.49162],[127.75721,36.49089],[127.75747,36.49051],[127.75813,36.48885],[127.75836,36.48814],[127.75846,36.48299],[127.75833,36.48208],[127.75844,36.48067],[127.75869,36.48052],[127.75907,36.48043],[127.75979,36.4805],[127.76055,36.48046],[127.76153,36.4803],[127.76517,36.47726],[127.76557,36.47651],[127.76601,36.47518],[127.76625,36.4749],[127.76812,36.47381],[127.76869,36.47365],[127.76925,36.47367],[127.76964,36.47333],[127.76962,36.47308],[127.76933,36.47259],[127.76785,36.47052],[127.76654,36.46888],[127.76558,36.46771],[127.76488,36.46694],[127.76474,36.467],[127.76351,36.46731],[127.76184,36.46691],[127.76002,36.46647],[127.75949,36.46734],[127.75928,36.4677],[127.75664,36.47039],[127.75139,36.47418],[127.74987,36.4737],[127.74964,36.46824],[127.74988,36.46645],[127.75011,36.46586],[127.75074,36.46559],[127.75138,36.46352],[127.75146,36.46318],[127.7509,36.46185],[127.74957,36.45934],[127.74199,36.45478],[127.73986,36.45515],[127.73764,36.45491],[127.73688,36.45448],[127.73639,36.45373],[127.73611,36.45296],[127.73474,36.44861],[127.73477,36.44831],[127.73554,36.44688],[127.73595,36.44623],[127.73354,36.444],[127.73272,36.44369],[127.7321,36.44376],[127.73037,36.44406],[127.72842,36.44457],[127.72564,36.4462],[127.72413,36.44734],[127.72323,36.44996],[127.72317,36.45054],[127.72402,36.45179],[127.72371,36.45223],[127.72315,36.45232],[127.7213,36.4526],[127.72046,36.4526],[127.71285,36.45124],[127.71129,36.44965],[127.71086,36.44815],[127.71081,36.44758],[127.71009,36.44693],[127.70951,36.44659],[127.70832,36.44623],[127.70766,36.44633],[127.7063,36.44694],[127.70622,36.44791],[127.70646,36.44979],[127.70672,36.45206],[127.70619,36.45386],[127.70549,36.4569],[127.70543,36.45738],[127.70536,36.46175],[127.70539,36.4626],[127.70558,36.46358],[127.70588,36.46411],[127.70601,36.46417],[127.70646,36.46435],[127.70858,36.46447],[127.70923,36.46444],[127.70997,36.46421],[127.71051,36.46387],[127.71059,36.46283],[127.71329,36.46157],[127.71362,36.4617],[127.71544,36.4654],[127.7155,36.46587],[127.71554,36.4662],[127.71503,36.47048],[127.71302,36.47089],[127.7123,36.47039],[127.71171,36.47072],[127.71151,36.47133],[127.71165,36.47292],[127.71161,36.47513],[127.71146,36.4769],[127.711,36.47818],[127.70796,36.48268],[127.70558,36.48366],[127.70124,36.48543],[127.69989,36.48588],[127.69836,36.48616],[127.69377,36.48715],[127.6927,36.48773],[127.6895,36.48916],[127.68813,36.48964],[127.6869,36.48935],[127.68585,36.48912],[127.68377,36.48867],[127.68359,36.48867],[127.68353,36.48867],[127.68298,36.4887],[127.68145,36.48902],[127.67743,36.4884],[127.67706,36.48829],[127.67539,36.48745],[127.67368,36.48698],[127.67336,36.48723],[127.67331,36.48726],[127.67223,36.4899],[127.67119,36.49211],[127.66874,36.49475],[127.66758,36.49592],[127.66682,36.49538],[127.6655,36.49635],[127.66444,36.49766],[127.6642,36.49855],[127.66446,36.50017],[127.66476,36.50051],[127.66515,36.50097],[127.66494,36.5019],[127.66469,36.50251],[127.66228,36.50626],[127.66101,36.50659],[127.66023,36.50774],[127.65913,36.51091],[127.65922,36.51553],[127.65926,36.51593],[127.66044,36.51599],[127.66087,36.51642],[127.66104,36.51664],[127.66171,36.51754],[127.66156,36.51961],[127.66142,36.52061],[127.66145,36.52263],[127.66272,36.52483],[127.66399,36.52597],[127.66452,36.52623],[127.66936,36.52705],[127.67065,36.52697],[127.67473,36.52709],[127.67882,36.52786],[127.67948,36.52833],[127.68024,36.52942],[127.68023,36.52982],[127.68031,36.53056],[127.68359,36.53051],[127.68651,36.53046],[127.68938,36.52912],[127.69039,36.52858],[127.68934,36.52808],[127.68938,36.52694],[127.69019,36.5245],[127.69104,36.52206],[127.69164,36.52081],[127.69668,36.51679],[127.69707,36.51696],[127.69779,36.51795],[127.69879,36.51936],[127.69922,36.52032],[127.69936,36.52097],[127.70028,36.52202],[127.70135,36.52292],[127.7036,36.52468],[127.70743,36.52683],[127.70984,36.52795],[127.71145,36.52824],[127.71314,36.52828],[127.7147,36.52835],[127.71533,36.52867],[127.71597,36.5298],[127.71612,36.53084],[127.71597,36.53289],[127.71682,36.53596],[127.71797,36.53729],[127.71874,36.53749],[127.72025,36.53673],[127.72135,36.53601],[127.72349,36.53545],[127.73006,36.5341],[127.7372,36.53176],[127.74018,36.53187],[127.74105,36.532],[127.74166,36.53216],[127.74323,36.53293],[127.74363,36.53325],[127.74434,36.5338],[127.74546,36.53455],[127.74731,36.53564],[127.74886,36.53643],[127.7586,36.53966],[127.75901,36.53972],[127.76079,36.53969]]]]}},{"type":"Feature","properties":{"adm_cd":"33520310","adm_nm":"충청북도 보은군 속리산면"},"geometry":{"type":"MultiPolygon","coordinates":[[[[127.90676,36.50753],[127.90678,36.50738],[127.90648,36.50659],[127.90531,36.5053],[127.90382,36.50432],[127.90243,36.5036],[127.90135,36.50304],[127.90117,36.50291],[127.90074,36.50239],[127.90042,36.50198],[127.90033,36.50155],[127.90021,36.50119],[127.89985,36.50086],[127.89863,36.49981],[127.89807,36.49944],[127.89701,36.49874],[127.89542,36.49846],[127.89401,36.49788],[127.89056,36.49536],[127.88965,36.49438],[127.88886,36.49337],[127.88848,36.4931],[127.8879,36.49307],[127.8866,36.49301],[127.8858,36.4932],[127.88529,36.49365],[127.88091,36.49331],[127.88047,36.49327],[127.87975,36.49129],[127.87873,36.48949],[127.87755,36.48899],[127.87609,36.48837],[127.87552,36.48567],[127.87523,36.48319],[127.87586,36.48317],[127.87641,36.48297],[127.87704,36.48271],[127.88068,36.48072],[127.88178,36.4779],[127.88202,36.47672],[127.88214,36.47587],[127.88176,36.47541],[127.88119,36.47483],[127.88034,36.47428],[127.88019,36.47143],[127.88016,36.4708],[127.87946,36.46798],[127.87838,36.46709],[127.87662,36.46728],[127.87425,36.4676],[127.86885,36.46835],[127.86559,36.46883],[127.86163,36.46966],[127.86064,36.46996],[127.86041,36.47072],[127.85769,36.47145],[127.85785,36.47215],[127.8547,36.47809],[127.85378,36.47978],[127.85182,36.48082],[127.84898,36.48261],[127.84895,36.48347],[127.84889,36.48401],[127.84858,36.48483],[127.84808,36.48539],[127.84546,36.48721],[127.84488,36.48713],[127.84344,36.48629],[127.84236,36.48559],[127.84046,36.48517],[127.83696,36.48615],[127.83638,36.48641],[127.83616,36.48681],[127.83601,36.48724],[127.83566,36.48784],[127.83494,36.4888],[127.83167,36.4901],[127.82904,36.49075],[127.82754,36.49102],[127.82413,36.49135],[127.82292,36.49092],[127.82132,36.49019],[127.81807,36.4907],[127.81607,36.49142],[127.81246,36.49242],[127.81063,36.49268],[127.81032,36.49272],[127.81,36.49262],[127.80728,36.49247],[127.805,36.49251],[127.80373,36.49259],[127.8021,36.49289],[127.80152,36.49275],[127.80062,36.49246],[127.80037,36.49234],[127.7986,36.49141],[127.79799,36.49089],[127.79756,36.49028],[127.79716,36.49011],[127.79628,36.4898],[127.79514,36.48943],[127.79456,36.48937],[127.79208,36.48924],[127.79193,36.48924],[127.79145,36.48924],[127.7907,36.48963],[127.78995,36.49107],[127.78975,36.49335],[127.79011,36.49596],[127.78994,36.49834],[127.78864,36.50234],[127.78581,36.50398],[127.78367,36.50388],[127.78166,36.50397],[127.78041,36.50461],[127.77693,36.5068],[127.77639,36.50761],[127.77568,36.50956],[127.77439,36.51192],[127.77404,36.51262],[127.77311,36.51493],[127.77273,36.51627],[127.77278,36.51631],[127.7737,36.51695],[127.7737,36.51824],[127.77179,36.52381],[127.77079,36.52747],[127.77038,36.52804],[127.76848,36.53038],[127.76754,36.53148],[127.76756,36.53357],[127.76757,36.5341],[127.76691,36.53586],[127.76274,36.53875],[127.76115,36.53955],[127.76079,36.53969],[127.76174,36.54158],[127.76283,36.54294],[127.76483,36.54601],[127.7662,36.549],[127.76656,36.54926],[127.7679,36.54906],[127.76891,36.55039],[127.77198,36.5552],[127.77575,36.56089],[127.77598,36.56116],[127.77677,36.56208],[127.78035,36.565],[127.78127,36.5653],[127.78277,36.56569],[127.78559,36.56614],[127.78597,36.56612],[127.7862,36.56604],[127.78726,36.56542],[127.78753,36.56542],[127.7916,36.56556],[127.79225,36.5657],[127.79353,36.56605],[127.79416,36.56649],[127.79461,36.56664],[127.79472,36.56664],[127.79539,36.56663],[127.79751,36.56654],[127.7997,36.56631],[127.80024,36.56602],[127.80232,36.56603],[127.80303,36.56627],[127.80346,36.56649],[127.80398,36.56697],[127.80439,36.56744],[127.80468,36.56752],[127.80508,36.5674],[127.80873,36.56614],[127.80918,36.56598],[127.80942,36.56547],[127.80984,36.56453],[127.81121,36.56328],[127.81948,36.56302],[127.81956,36.56307],[127.81984,36.5632],[127.82081,36.56393],[127.82301,36.56691],[127.8234,36.5679],[127.82402,36.56979],[127.82402,36.56992],[127.82388,36.5708],[127.82432,36.57084],[127.82647,36.57113],[127.82674,36.57149],[127.82725,36.57238],[127.82748,36.57309],[127.82744,36.57361],[127.82771,36.57377],[127.83013,36.5744],[127.83093,36.57418],[127.83138,36.57405],[127.83189,36.57343],[127.83569,36.57142],[127.83981,36.57043],[127.8432,36.56969],[127.84381,36.56963],[127.84443,36.56962],[127.84506,36.56975],[127.84596,36.57014],[127.8467,36.57049],[127.84762,36.57097],[127.84783,36.57115],[127.84814,36.57158],[127.85049,36.57167],[127.85195,36.57172],[127.85284,36.57158],[127.85315,36.57099],[127.85343,36.57043],[127.85363,36.57032],[127.85526,36.56984],[127.85758,36.56926],[127.85773,36.56922],[127.86214,36.56741],[127.86782,36.56327],[127.86804,36.56294],[127.86856,36.56206],[127.86854,36.56161],[127.86879,36.56065],[127.87037,36.55937],[127.87079,36.55915],[127.87213,36.55868],[127.87226,36.55849],[127.87322,36.55654],[127.87341,36.55591],[127.87336,36.55526],[127.87234,36.54998],[127.87121,36.54456],[127.87068,36.5431],[127.87217,36.54243],[127.87303,36.54188],[127.87354,36.54153],[127.87374,36.54119],[127.87395,36.54043],[127.87397,36.54019],[127.87397,36.53987],[127.87365,36.53892],[127.87339,36.5383],[127.87368,36.53783],[127.87412,36.53731],[127.87703,36.53577],[127.87745,36.53566],[127.87801,36.53569],[127.87878,36.5359],[127.88148,36.53595],[127.88302,36.53546],[127.88355,36.53488],[127.88445,36.53397],[127.88494,36.53369],[127.88715,36.53324],[127.88739,36.53322],[127.88847,36.53304],[127.88991,36.53225],[127.89088,36.53152],[127.89241,36.53043],[127.89366,36.53013],[127.89483,36.53039],[127.89566,36.53071],[127.8962,36.53098],[127.89793,36.53042],[127.89869,36.53016],[127.90193,36.52817],[127.90202,36.52801],[127.90197,36.52758],[127.90185,36.52711],[127.90133,36.52663],[127.90097,36.52636],[127.90071,36.52542],[127.90064,36.52472],[127.90088,36.52279],[127.90177,36.51836],[127.90308,36.51723],[127.90313,36.51612],[127.90277,36.51385],[127.90224,36.51271],[127.90327,36.5109],[127.90382,36.51016],[127.90437,36.50972],[127.90519,36.50908],[127.90672,36.50785],[127.90676,36.50753]]]]}},{"type":"Feature","properties":{"adm_cd":"33520320","adm_nm":"충청북도 보은군 장안면"},"geometry":{"type":"MultiPolygon","coordinates":[[[[127.77639,36.50761],[127.77693,36.5068],[127.78041,36.50461],[127.78166,36.50397],[127.78367,36.50388],[127.78581,36.50398],[127.78864,36.50234],[127.78994,36.49834],[127.79011,36.49596],[127.78975,36.49335],[127.78995,36.49107],[127.7907,36.48963],[127.79145,36.48924],[127.79193,36.48924],[127.79208,36.48924],[127.79456,36.48937],[127.79514,36.48943],[127.79628,36.4898],[127.79716,36.49011],[127.79756,36.49028],[127.79799,36.49089],[127.7986,36.49141],[127.80037,36.49234],[127.80062,36.49246],[127.80152,36.49275],[127.8021,36.49289],[127.80373,36.49259],[127.805,36.49251],[127.80728,36.49247],[127.81,36.49262],[127.81032,36.49272],[127.81063,36.49268],[127.81246,36.49242],[127.81607,36.49142],[127.81807,36.4907],[127.82132,36.49019],[127.82292,36.49092],[127.82413,36.49135],[127.82754,36.49102],[127.82904,36.49075],[127.83167,36.4901],[127.83494,36.4888],[127.83566,36.48784],[127.83601,36.48724],[127.83616,36.48681],[127.83638,36.48641],[127.83696,36.48615],[127.84046,36.48517],[127.84236,36.48559],[127.84344,36.48629],[127.84488,36.48713],[127.84546,36.48721],[127.84808,36.48539],[127.84858,36.48483],[127.84889,36.48401],[127.84895,36.48347],[127.84898,36.48261],[127.85182,36.48082],[127.85378,36.47978],[127.8547,36.47809],[127.85785,36.47215],[127.85769,36.47145],[127.85698,36.47205],[127.8518,36.47237],[127.84896,36.47243],[127.84833,36.47238],[127.84537,36.4719],[127.84486,36.4722],[127.84371,36.47262],[127.84084,36.47187],[127.83892,36.47129],[127.83389,36.47101],[127.83266,36.47107],[127.83057,36.4696],[127.83052,36.46947],[127.83029,36.46896],[127.82972,36.46657],[127.82993,36.46613],[127.83039,36.46589],[127.82904,36.46144],[127.82857,36.46075],[127.82723,36.4593],[127.82648,36.45925],[127.8256,36.45942],[127.82424,36.45898],[127.82101,36.45693],[127.82028,36.45639],[127.8203,36.45599],[127.82013,36.45568],[127.81952,36.45535],[127.81653,36.45395],[127.81491,36.45324],[127.81427,36.45297],[127.81335,36.45269],[127.81237,36.4525],[127.81158,36.45219],[127.81094,36.45186],[127.81083,36.45177],[127.81044,36.45104],[127.8103,36.45073],[127.81008,36.45004],[127.80862,36.45143],[127.80808,36.45181],[127.80687,36.45267],[127.80222,36.45484],[127.79863,36.45771],[127.79525,36.46079],[127.79389,36.46187],[127.79298,36.46225],[127.79038,36.46171],[127.78927,36.46112],[127.78809,36.46033],[127.78679,36.45973],[127.78545,36.45923],[127.78488,36.46033],[127.78454,36.46056],[127.78271,36.46052],[127.78176,36.46036],[127.77873,36.4595],[127.77782,36.45806],[127.77779,36.45803],[127.77774,36.45796],[127.77665,36.45919],[127.77598,36.46028],[127.77532,36.46115],[127.77516,36.46124],[127.77479,36.46131],[127.77446,36.46129],[127.77425,36.46112],[127.77279,36.45965],[127.77273,36.45943],[127.77274,36.45916],[127.77285,36.4587],[127.77285,36.45809],[127.7725,36.45733],[127.77142,36.45697],[127.76992,36.45691],[127.76827,36.45863],[127.76787,36.45891],[127.76659,36.46014],[127.76548,36.46144],[127.76392,36.46307],[127.76113,36.46566],[127.76002,36.46647],[127.76184,36.46691],[127.76351,36.46731],[127.76474,36.467],[127.76488,36.46694],[127.76558,36.46771],[127.76654,36.46888],[127.76785,36.47052],[127.76933,36.47259],[127.76962,36.47308],[127.76964,36.47333],[127.76925,36.47367],[127.76869,36.47365],[127.76812,36.47381],[127.76625,36.4749],[127.76601,36.47518],[127.76557,36.47651],[127.76517,36.47726],[127.76153,36.4803],[127.76055,36.48046],[127.75979,36.4805],[127.75907,36.48043],[127.75869,36.48052],[127.75844,36.48067],[127.75833,36.48208],[127.75846,36.48299],[127.75836,36.48814],[127.75813,36.48885],[127.75747,36.49051],[127.75721,36.49089],[127.75695,36.49162],[127.75695,36.49187],[127.75878,36.49473],[127.75976,36.49618],[127.76048,36.49564],[127.7606,36.49531],[127.76071,36.49489],[127.76102,36.49487],[127.76289,36.49488],[127.76941,36.49709],[127.77011,36.49741],[127.76989,36.49881],[127.76952,36.49924],[127.76911,36.49964],[127.76906,36.50072],[127.77075,36.50252],[127.7709,36.50351],[127.77068,36.50405],[127.76993,36.50443],[127.7694,36.50474],[127.76943,36.50524],[127.77103,36.508],[127.77374,36.50768],[127.77449,36.50749],[127.77639,36.50761]]]]}},{"type":"Feature","properties":{"adm_cd":"33520330","adm_nm":"충청북도 보은군 마로면"},"geometry":{"type":"MultiPolygon","coordinates":[[[[127.85769,36.47145],[127.86041,36.47072],[127.86064,36.46996],[127.86163,36.46966],[127.86559,36.46883],[127.86885,36.46835],[127.87425,36.4676],[127.87662,36.46728],[127.87838,36.46709],[127.87884,36.46577],[127.88033,36.46456],[127.8808,36.46407],[127.8824,36.461],[127.88055,36.45817],[127.87974,36.45441],[127.87974,36.45417],[127.87778,36.44999],[127.87737,36.44935],[127.87704,36.44908],[127.87656,36.44889],[127.8754,36.44876],[127.87489,36.44857],[127.87466,36.44792],[127.87378,36.44493],[127.87303,36.44171],[127.87355,36.43758],[127.87467,36.43092],[127.87534,36.42846],[127.88041,36.42764],[127.88213,36.4256],[127.88261,36.42459],[127.88264,36.42445],[127.88284,36.4235],[127.88264,36.42174],[127.88239,36.42116],[127.87924,36.41687],[127.87753,36.41598],[127.87718,36.41587],[127.87599,36.41479],[127.87571,36.41432],[127.87324,36.41004],[127.87307,36.40961],[127.87301,36.40845],[127.87342,36.40759],[127.87345,36.40712],[127.87312,36.40587],[127.87216,36.40508],[127.87082,36.4042],[127.86967,36.40357],[127.86704,36.40292],[127.86651,36.40293],[127.86469,36.40316],[127.86411,36.40336],[127.86363,36.40308],[127.86374,36.40019],[127.86423,36.39902],[127.86512,36.39831],[127.86529,36.39729],[127.86565,36.39484],[127.86425,36.39395],[127.86251,36.39274],[127.86238,36.39257],[127.86243,36.39237],[127.86496,36.39172],[127.86523,36.39166],[127.86761,36.39128],[127.86847,36.39123],[127.8712,36.39133],[127.87509,36.39121],[127.87602,36.39075],[127.87851,36.38711],[127.87877,36.38643],[127.87877,36.3861],[127.87856,36.38533],[127.87923,36.38325],[127.88076,36.38235],[127.88153,36.38197],[127.88241,36.38176],[127.88429,36.37979],[127.88423,36.37934],[127.88394,36.3784],[127.88345,36.37529],[127.8829,36.37384],[127.88196,36.37297],[127.87963,36.37151],[127.87894,36.37159],[127.87628,36.37168],[127.87543,36.37152],[127.87464,36.37092],[127.8734,36.37132],[127.87258,36.37162],[127.87172,36.37207],[127.87112,36.37292],[127.87031,36.37364],[127.86919,36.37335],[127.86685,36.37301],[127.86634,36.37304],[127.8661,36.37306],[127.86374,36.37345],[127.86219,36.37399],[127.85928,36.37432],[127.8583,36.37412],[127.85825,36.37411],[127.85749,36.37379],[127.85747,36.37346],[127.85725,36.37321],[127.85594,36.37248],[127.85295,36.37097],[127.85144,36.37152],[127.85014,36.37172],[127.84666,36.37212],[127.84457,36.37182],[127.8437,36.37154],[127.84229,36.37166],[127.83992,36.37238],[127.83847,36.37285],[127.83795,36.37323],[127.83727,36.3732],[127.83701,36.37307],[127.83668,36.37184],[127.83643,36.37079],[127.83611,36.36951],[127.83567,36.36912],[127.8353,36.36892],[127.83506,36.36882],[127.83253,36.36928],[127.83196,36.37025],[127.83176,36.37071],[127.83172,36.37198],[127.83178,36.37271],[127.82836,36.37473],[127.82464,36.37734],[127.82423,36.37847],[127.82287,36.3798],[127.81884,36.38146],[127.81655,36.38184],[127.81552,36.38191],[127.81455,36.38154],[127.80156,36.38245],[127.80121,36.38248],[127.79715,36.38346],[127.7945,36.38457],[127.79264,36.3866],[127.79108,36.38833],[127.78981,36.38862],[127.78777,36.38761],[127.78661,36.38731],[127.78591,36.38713],[127.78371,36.38697],[127.78281,36.38711],[127.78219,36.38744],[127.78163,36.38821],[127.78151,36.38869],[127.78122,36.38887],[127.78008,36.38888],[127.77815,36.38867],[127.77736,36.38839],[127.77712,36.38793],[127.77699,36.38753],[127.77673,36.3874],[127.77537,36.38726],[127.77469,36.38722],[127.77053,36.3878],[127.76579,36.38998],[127.76531,36.39022],[127.76496,36.39124],[127.76236,36.39376],[127.76222,36.39421],[127.76271,36.39536],[127.76465,36.39719],[127.76655,36.39881],[127.76904,36.40004],[127.77024,36.40059],[127.77041,36.40078],[127.77082,36.40161],[127.77104,36.40235],[127.77145,36.40218],[127.77326,36.40171],[127.77826,36.4027],[127.77877,36.40309],[127.78255,36.40503],[127.7875,36.40666],[127.78875,36.4084],[127.78935,36.40953],[127.78962,36.40978],[127.792,36.41115],[127.7927,36.41136],[127.79523,36.41119],[127.79639,36.41098],[127.79689,36.41075],[127.79728,36.41057],[127.79873,36.41053],[127.80079,36.41089],[127.80106,36.41096],[127.80173,36.41198],[127.80176,36.41244],[127.80199,36.41272],[127.80202,36.41276],[127.80213,36.41288],[127.80261,36.41325],[127.80323,36.41342],[127.80614,36.41391],[127.80703,36.41382],[127.80789,36.41321],[127.80813,36.41319],[127.80993,36.41392],[127.81071,36.41478],[127.81171,36.41563],[127.81263,36.41604],[127.813,36.41608],[127.81555,36.41598],[127.81782,36.41577],[127.81896,36.41585],[127.81966,36.41608],[127.81994,36.41641],[127.81994,36.4167],[127.81945,36.41714],[127.81806,36.41769],[127.81568,36.41821],[127.81442,36.41861],[127.81266,36.422],[127.81273,36.42313],[127.81298,36.42434],[127.81332,36.42521],[127.81392,36.42681],[127.8139,36.42877],[127.81379,36.43049],[127.81373,36.43138],[127.81245,36.43511],[127.81202,36.43815],[127.81172,36.43908],[127.81092,36.44155],[127.81043,36.4423],[127.81029,36.44308],[127.81057,36.44441],[127.81058,36.44446],[127.81122,36.44597],[127.81126,36.44672],[127.81103,36.44881],[127.81095,36.44901],[127.81078,36.4493],[127.81044,36.44973],[127.81008,36.45004],[127.8103,36.45073],[127.81044,36.45104],[127.81083,36.45177],[127.81094,36.45186],[127.81158,36.45219],[127.81237,36.4525],[127.81335,36.45269],[127.81427,36.45297],[127.81491,36.45324],[127.81653,36.45395],[127.81952,36.45535],[127.82013,36.45568],[127.8203,36.45599],[127.82028,36.45639],[127.82101,36.45693],[127.82424,36.45898],[127.8256,36.45942],[127.82648,36.45925],[127.82723,36.4593],[127.82857,36.46075],[127.82904,36.46144],[127.83039,36.46589],[127.82993,36.46613],[127.82972,36.46657],[127.83029,36.46896],[127.83052,36.46947],[127.83057,36.4696],[127.83266,36.47107],[127.83389,36.47101],[127.83892,36.47129],[127.84084,36.47187],[127.84371,36.47262],[127.84486,36.4722],[127.84537,36.4719],[127.84833,36.47238],[127.84896,36.47243],[127.8518,36.47237],[127.85698,36.47205],[127.85769,36.47145]]]]}},{"type":"Feature","properties":{"adm_cd":"33520340","adm_nm":"충청북도 보은군 탄부면"},"geometry":{"type":"MultiPolygon","coordinates":[[[[127.76002,36.46647],[127.76113,36.46566],[127.76392,36.46307],[127.76548,36.46144],[127.76659,36.46014],[127.76787,36.45891],[127.76827,36.45863],[127.76992,36.45691],[127.77142,36.45697],[127.7725,36.45733],[127.77285,36.45809],[127.77285,36.4587],[127.77274,36.45916],[127.77273,36.45943],[127.77279,36.45965],[127.77425,36.46112],[127.77446,36.46129],[127.77479,36.46131],[127.77516,36.46124],[127.77532,36.46115],[127.77598,36.46028],[127.77665,36.45919],[127.77774,36.45796],[127.77779,36.45803],[127.77782,36.45806],[127.77873,36.4595],[127.78176,36.46036],[127.78271,36.46052],[127.78454,36.46056],[127.78488,36.46033],[127.78545,36.45923],[127.78679,36.45973],[127.78809,36.46033],[127.78927,36.46112],[127.79038,36.46171],[127.79298,36.46225],[127.79389,36.46187],[127.79525,36.46079],[127.79863,36.45771],[127.80222,36.45484],[127.80687,36.45267],[127.80808,36.45181],[127.80862,36.45143],[127.81008,36.45004],[127.81044,36.44973],[127.81078,36.4493],[127.81095,36.44901],[127.81103,36.44881],[127.81126,36.44672],[127.81122,36.44597],[127.81058,36.44446],[127.81057,36.44441],[127.81029,36.44308],[127.81043,36.4423],[127.81092,36.44155],[127.81172,36.43908],[127.81202,36.43815],[127.81245,36.43511],[127.81373,36.43138],[127.81379,36.43049],[127.8139,36.42877],[127.81392,36.42681],[127.81332,36.42521],[127.81298,36.42434],[127.81273,36.42313],[127.81266,36.422],[127.81442,36.41861],[127.81568,36.41821],[127.81806,36.41769],[127.81945,36.41714],[127.81994,36.4167],[127.81994,36.41641],[127.81966,36.41608],[127.81896,36.41585],[127.81782,36.41577],[127.81555,36.41598],[127.813,36.41608],[127.81263,36.41604],[127.81171,36.41563],[127.81071,36.41478],[127.80993,36.41392],[127.80813,36.41319],[127.80789,36.41321],[127.80703,36.41382],[127.80614,36.41391],[127.80323,36.41342],[127.80261,36.41325],[127.80213,36.41288],[127.80202,36.41276],[127.80199,36.41272],[127.80176,36.41244],[127.80173,36.41198],[127.80106,36.41096],[127.80079,36.41089],[127.79873,36.41053],[127.79728,36.41057],[127.79689,36.41075],[127.79639,36.41098],[127.79523,36.41119],[127.7927,36.41136],[127.792,36.41115],[127.78962,36.40978],[127.78935,36.40953],[127.78875,36.4084],[127.7875,36.40666],[127.78255,36.40503],[127.77877,36.40309],[127.77826,36.4027],[127.77326,36.40171],[127.77145,36.40218],[127.77104,36.40235],[127.77059,36.40353],[127.76998,36.40557],[127.76986,36.40835],[127.76979,36.41083],[127.76993,36.41166],[127.76994,36.41454],[127.7698,36.41796],[127.76966,36.41868],[127.76965,36.41872],[127.76818,36.41871],[127.76629,36.41869],[127.76502,36.4191],[127.76471,36.41937],[127.76256,36.42244],[127.76194,36.42367],[127.76113,36.42436],[127.7601,36.42486],[127.75769,36.42442],[127.75603,36.42464],[127.7546,36.42522],[127.75387,36.42638],[127.75385,36.42655],[127.75374,36.42759],[127.75252,36.42954],[127.74951,36.43267],[127.74691,36.43529],[127.74579,36.43628],[127.74567,36.43639],[127.74521,36.4368],[127.7446,36.43752],[127.74484,36.43937],[127.74465,36.43985],[127.74393,36.44123],[127.7435,36.44176],[127.73887,36.44515],[127.73746,36.44545],[127.73595,36.44623],[127.73554,36.44688],[127.73477,36.44831],[127.73474,36.44861],[127.73611,36.45296],[127.73639,36.45373],[127.73688,36.45448],[127.73764,36.45491],[127.73986,36.45515],[127.74199,36.45478],[127.74957,36.45934],[127.7509,36.46185],[127.75146,36.46318],[127.75138,36.46352],[127.75074,36.46559],[127.75011,36.46586],[127.74988,36.46645],[127.74964,36.46824],[127.74987,36.4737],[127.75139,36.47418],[127.75664,36.47039],[127.75928,36.4677],[127.75949,36.46734],[127.76002,36.46647]]]]}},{"type":"Feature","properties":{"adm_cd":"33520350","adm_nm":"충청북도 보은군 삼승면"},"geometry":{"type":"MultiPolygon","coordinates":[[[[127.73595,36.44623],[127.73746,36.44545],[127.73887,36.44515],[127.7435,36.44176],[127.74393,36.44123],[127.74465,36.43985],[127.74484,36.43937],[127.7446,36.43752],[127.74521,36.4368],[127.74567,36.43639],[127.74579,36.43628],[127.74691,36.43529],[127.74951,36.43267],[127.75252,36.42954],[127.75374,36.42759],[127.75385,36.42655],[127.75387,36.42638],[127.7546,36.42522],[127.75603,36.42464],[127.75769,36.42442],[127.7601,36.42486],[127.76113,36.42436],[127.76194,36.42367],[127.76256,36.42244],[127.76471,36.41937],[127.76502,36.4191],[127.76629,36.41869],[127.76818,36.41871],[127.76965,36.41872],[127.76966,36.41868],[127.7698,36.41796],[127.76994,36.41454],[127.76993,36.41166],[127.76979,36.41083],[127.76986,36.40835],[127.76998,36.40557],[127.77059,36.40353],[127.77104,36.40235],[127.77082,36.40161],[127.77041,36.40078],[127.77024,36.40059],[127.76904,36.40004],[127.76655,36.39881],[127.76465,36.39719],[127.76271,36.39536],[127.76222,36.39421],[127.76236,36.39376],[127.76077,36.39189],[127.76017,36.39125],[127.75983,36.39102],[127.75801,36.39103],[127.75733,36.39012],[127.75573,36.39061],[127.75485,36.3903],[127.74953,36.38831],[127.74836,36.38763],[127.74821,36.38728],[127.74836,36.38708],[127.74787,36.38602],[127.74738,36.3859],[127.74655,36.38584],[127.74277,36.38692],[127.74253,36.38756],[127.74108,36.3889],[127.74026,36.38951],[127.73883,36.38969],[127.73869,36.39022],[127.73705,36.39166],[127.73343,36.39421],[127.73269,36.39347],[127.73191,36.39107],[127.73124,36.38978],[127.73058,36.38982],[127.72797,36.39071],[127.7274,36.39192],[127.72651,36.39293],[127.72585,36.39325],[127.7245,36.39341],[127.7217,36.39408],[127.71899,36.39582],[127.71743,36.39714],[127.71507,36.4],[127.71432,36.40207],[127.71296,36.4023],[127.71073,36.40315],[127.70789,36.40631],[127.70818,36.40885],[127.70922,36.41058],[127.71019,36.41209],[127.71041,36.41336],[127.70544,36.41319],[127.70407,36.41456],[127.70466,36.41551],[127.70604,36.41612],[127.70609,36.41671],[127.70614,36.41976],[127.70605,36.42123],[127.70577,36.42401],[127.70538,36.42893],[127.70719,36.43061],[127.70688,36.43193],[127.70586,36.43286],[127.70566,36.43396],[127.70608,36.43498],[127.70692,36.43802],[127.70732,36.43971],[127.70721,36.44159],[127.70739,36.44412],[127.70766,36.44633],[127.70832,36.44623],[127.70951,36.44659],[127.71009,36.44693],[127.71081,36.44758],[127.71086,36.44815],[127.71129,36.44965],[127.71285,36.45124],[127.72046,36.4526],[127.7213,36.4526],[127.72315,36.45232],[127.72371,36.45223],[127.72402,36.45179],[127.72317,36.45054],[127.72323,36.44996],[127.72413,36.44734],[127.72564,36.4462],[127.72842,36.44457],[127.73037,36.44406],[127.7321,36.44376],[127.73272,36.44369],[127.73354,36.444],[127.73595,36.44623]]]]}},{"type":"Feature","properties":{"adm_cd":"33520360","adm_nm":"충청북도 보은군 수한면"},"geometry":{"type":"MultiPolygon","coordinates":[[[[127.63368,36.51284],[127.63484,36.51132],[127.63636,36.50941],[127.63819,36.50917],[127.64002,36.50793],[127.64011,36.5076],[127.63965,36.50724],[127.63906,36.50691],[127.63869,36.50656],[127.63849,36.50613],[127.63838,36.50514],[127.64113,36.50368],[127.64172,36.50341],[127.64257,36.50314],[127.64347,36.50318],[127.64514,36.50354],[127.64641,36.50397],[127.64695,36.50405],[127.64742,36.50385],[127.64754,36.50361],[127.64791,36.50122],[127.64784,36.49901],[127.64779,36.4986],[127.64794,36.49851],[127.64842,36.49824],[127.65113,36.49757],[127.65552,36.49678],[127.65938,36.4968],[127.66092,36.49703],[127.66318,36.49757],[127.66444,36.49766],[127.6655,36.49635],[127.66682,36.49538],[127.66758,36.49592],[127.66874,36.49475],[127.67119,36.49211],[127.67223,36.4899],[127.67331,36.48726],[127.67336,36.48723],[127.67368,36.48698],[127.67539,36.48745],[127.67706,36.48829],[127.67743,36.4884],[127.68145,36.48902],[127.68298,36.4887],[127.68353,36.48867],[127.68359,36.48867],[127.68377,36.48867],[127.68585,36.48912],[127.6869,36.48935],[127.68813,36.48964],[127.6895,36.48916],[127.6927,36.48773],[127.69377,36.48715],[127.69836,36.48616],[127.69989,36.48588],[127.70124,36.48543],[127.70558,36.48366],[127.70796,36.48268],[127.711,36.47818],[127.71146,36.4769],[127.71161,36.47513],[127.71165,36.47292],[127.71151,36.47133],[127.71171,36.47072],[127.7123,36.47039],[127.71302,36.47089],[127.71503,36.47048],[127.71554,36.4662],[127.7155,36.46587],[127.71544,36.4654],[127.71362,36.4617],[127.71329,36.46157],[127.71059,36.46283],[127.71051,36.46387],[127.70997,36.46421],[127.70923,36.46444],[127.70858,36.46447],[127.70646,36.46435],[127.70601,36.46417],[127.70588,36.46411],[127.70558,36.46358],[127.70539,36.4626],[127.70536,36.46175],[127.70543,36.45738],[127.70549,36.4569],[127.70619,36.45386],[127.70672,36.45206],[127.70646,36.44979],[127.70622,36.44791],[127.7063,36.44694],[127.70766,36.44633],[127.70739,36.44412],[127.70721,36.44159],[127.70732,36.43971],[127.70692,36.43802],[127.70608,36.43498],[127.70566,36.43396],[127.70586,36.43286],[127.70688,36.43193],[127.70719,36.43061],[127.70538,36.42893],[127.70577,36.42401],[127.70605,36.42123],[127.70614,36.41976],[127.70609,36.41671],[127.70604,36.41612],[127.70466,36.41551],[127.70407,36.41456],[127.70166,36.41376],[127.70053,36.41352],[127.70011,36.41351],[127.69802,36.4142],[127.6971,36.41452],[127.69544,36.41522],[127.69437,36.41573],[127.68752,36.41819],[127.68676,36.41838],[127.68655,36.4184],[127.6859,36.41848],[127.68488,36.41817],[127.68377,36.41758],[127.68289,36.41788],[127.68165,36.41853],[127.68103,36.41903],[127.68014,36.41995],[127.6788,36.42443],[127.67866,36.4252],[127.67859,36.4258],[127.67852,36.42693],[127.67855,36.42713],[127.67885,36.42827],[127.67894,36.42846],[127.67956,36.42963],[127.68064,36.43579],[127.68052,36.43616],[127.67977,36.43643],[127.67765,36.43678],[127.67635,36.43726],[127.67599,36.43745],[127.67561,36.43865],[127.67549,36.44037],[127.67531,36.442],[127.67391,36.44225],[127.66878,36.44335],[127.66665,36.44455],[127.66581,36.44496],[127.66529,36.44507],[127.6648,36.44502],[127.6637,36.44459],[127.66324,36.44408],[127.6633,36.44382],[127.66152,36.44167],[127.6577,36.43797],[127.65594,36.43778],[127.65539,36.43778],[127.65382,36.43856],[127.65324,36.43917],[127.65079,36.44248],[127.64734,36.44379],[127.64598,36.44504],[127.64542,36.44521],[127.64446,36.44521],[127.64371,36.44501],[127.64206,36.44326],[127.6415,36.44262],[127.64132,36.4423],[127.63993,36.43952],[127.6396,36.43763],[127.63681,36.43649],[127.63626,36.43701],[127.63536,36.43752],[127.63431,36.43811],[127.63253,36.43894],[127.63203,36.4387],[127.63002,36.43648],[127.6294,36.4357],[127.6289,36.43507],[127.62856,36.43451],[127.62842,36.4327],[127.62805,36.42887],[127.62739,36.42772],[127.62495,36.42341],[127.6244,36.42247],[127.6238,36.42224],[127.62355,36.42232],[127.62262,36.42272],[127.62128,36.42402],[127.62002,36.425],[127.61627,36.42638],[127.6169,36.4276],[127.61788,36.42829],[127.61859,36.42888],[127.61891,36.42929],[127.61954,36.43049],[127.61971,36.43086],[127.61991,36.43143],[127.62006,36.43255],[127.61992,36.43274],[127.61955,36.43302],[127.61922,36.43351],[127.6192,36.43375],[127.61917,36.43441],[127.61922,36.43489],[127.6193,36.4355],[127.6195,36.43671],[127.6197,36.43689],[127.62035,36.43708],[127.62089,36.43727],[127.6211,36.43757],[127.62139,36.43969],[127.62137,36.43983],[127.61878,36.44188],[127.61838,36.44191],[127.61812,36.44178],[127.61779,36.44174],[127.61707,36.44189],[127.61649,36.44205],[127.61643,36.44207],[127.61593,36.44329],[127.61507,36.44635],[127.61497,36.44771],[127.61529,36.44801],[127.61558,36.44844],[127.61561,36.44858],[127.61532,36.44972],[127.6152,36.44996],[127.61577,36.45088],[127.61659,36.45301],[127.61709,36.45413],[127.61798,36.45561],[127.61853,36.45606],[127.62044,36.45741],[127.62521,36.46057],[127.62774,36.46172],[127.62882,36.46219],[127.63014,36.46226],[127.63033,36.46226],[127.63461,36.46157],[127.63532,36.46138],[127.63644,36.4614],[127.63874,36.46405],[127.63884,36.46514],[127.63829,36.46617],[127.6384,36.46751],[127.63963,36.46863],[127.64076,36.46914],[127.64188,36.46939],[127.64331,36.47359],[127.64404,36.47613],[127.64454,36.47986],[127.64442,36.48008],[127.64365,36.48229],[127.64511,36.48436],[127.6451,36.48442],[127.64507,36.4846],[127.64374,36.48648],[127.64243,36.48803],[127.64166,36.48926],[127.64181,36.49028],[127.64228,36.49083],[127.64228,36.49097],[127.63987,36.49304],[127.6388,36.49383],[127.63719,36.49459],[127.63599,36.49432],[127.6344,36.4948],[127.63328,36.49568],[127.6319,36.49689],[127.6312,36.49776],[127.6304,36.49903],[127.63026,36.49961],[127.63097,36.50025],[127.63021,36.50255],[127.62912,36.50356],[127.62899,36.50356],[127.62819,36.50357],[127.6278,36.50365],[127.62549,36.50589],[127.6245,36.50724],[127.62399,36.50797],[127.62401,36.50837],[127.62402,36.50849],[127.62718,36.51268],[127.62804,36.51324],[127.62959,36.51381],[127.63072,36.51382],[127.63105,36.51339],[127.63368,36.51284]]]]}},{"type":"Feature","properties":{"adm_cd":"33520370","adm_nm":"충청북도 보은군 회남면"},"geometry":{"type":"MultiPolygon","coordinates":[[[[127.6152,36.44996],[127.61532,36.44972],[127.61561,36.44858],[127.61558,36.44844],[127.61529,36.44801],[127.61497,36.44771],[127.61507,36.44635],[127.61593,36.44329],[127.61643,36.44207],[127.61649,36.44205],[127.61707,36.44189],[127.61779,36.44174],[127.61812,36.44178],[127.61838,36.44191],[127.61878,36.44188],[127.62137,36.43983],[127.62139,36.43969],[127.6211,36.43757],[127.62089,36.43727],[127.62035,36.43708],[127.6197,36.43689],[127.6195,36.43671],[127.6193,36.4355],[127.61922,36.43489],[127.61917,36.43441],[127.6192,36.43375],[127.61922,36.43351],[127.61955,36.43302],[127.61992,36.43274],[127.62006,36.43255],[127.61991,36.43143],[127.61971,36.43086],[127.61954,36.43049],[127.61891,36.42929],[127.61859,36.42888],[127.61788,36.42829],[127.6169,36.4276],[127.61627,36.42638],[127.61576,36.42558],[127.61538,36.42486],[127.61499,36.42378],[127.61494,36.4233],[127.61503,36.42279],[127.6151,36.42259],[127.61723,36.42017],[127.61753,36.41991],[127.61851,36.41938],[127.61986,36.4187],[127.62081,36.41821],[127.62112,36.41775],[127.62137,36.41736],[127.6214,36.41708],[127.62136,36.41701],[127.621,36.41691],[127.6205,36.41691],[127.61959,36.41697],[127.61945,36.41706],[127.61935,36.41711],[127.61887,36.41705],[127.6186,36.41677],[127.6177,36.41513],[127.61704,36.41348],[127.61708,36.41333],[127.61728,36.41293],[127.61744,36.41213],[127.61742,36.41174],[127.61723,36.4106],[127.61669,36.40913],[127.61586,36.40757],[127.61576,36.4074],[127.61398,36.40499],[127.61339,36.40426],[127.61226,36.40347],[127.61161,36.40327],[127.61111,36.40315],[127.61032,36.40304],[127.60786,36.40315],[127.60624,36.40348],[127.60401,36.40396],[127.60397,36.40407],[127.60397,36.40421],[127.60398,36.40585],[127.60466,36.40791],[127.60186,36.40851],[127.60166,36.40782],[127.60142,36.40734],[127.60125,36.40726],[127.60112,36.40725],[127.6004,36.40744],[127.59898,36.40792],[127.59885,36.4082],[127.59876,36.40852],[127.59877,36.40878],[127.5989,36.40905],[127.59902,36.40975],[127.59899,36.41082],[127.59889,36.4118],[127.59874,36.41201],[127.59859,36.41204],[127.59853,36.41204],[127.59839,36.41205],[127.59815,36.41199],[127.598,36.41193],[127.59787,36.41184],[127.59776,36.41177],[127.5976,36.41164],[127.59739,36.41137],[127.59716,36.41108],[127.5969,36.41084],[127.59666,36.41073],[127.59651,36.41075],[127.59085,36.41178],[127.59021,36.41198],[127.58836,36.41305],[127.58809,36.41326],[127.58547,36.41533],[127.58539,36.41545],[127.58603,36.41625],[127.58593,36.41672],[127.5857,36.41697],[127.58427,36.41806],[127.58382,36.41822],[127.5836,36.41821],[127.58333,36.41811],[127.5827,36.41662],[127.5823,36.41512],[127.5822,36.41417],[127.58191,36.41231],[127.58158,36.41107],[127.58094,36.40966],[127.58021,36.4085],[127.57911,36.40735],[127.57821,36.40658],[127.57201,36.40227],[127.57093,36.40166],[127.56886,36.40039],[127.56398,36.39763],[127.55773,36.39361],[127.55594,36.39267],[127.55525,36.39287],[127.55485,36.39321],[127.5545,36.39379],[127.55416,36.39464],[127.55419,36.39473],[127.55639,36.3959],[127.55725,36.39724],[127.55648,36.39766],[127.55597,36.39794],[127.55515,36.39897],[127.55483,36.39994],[127.55419,36.40189],[127.55386,36.40287],[127.55336,36.40355],[127.55207,36.40528],[127.54989,36.40709],[127.54887,36.40786],[127.54785,36.40863],[127.54683,36.40941],[127.54573,36.41025],[127.54463,36.41109],[127.54426,36.41179],[127.54348,36.41326],[127.54339,36.41416],[127.5433,36.41506],[127.54313,36.41687],[127.5435,36.41773],[127.54386,36.4186],[127.5443,36.41962],[127.54436,36.41976],[127.54338,36.42025],[127.5424,36.42075],[127.54108,36.42073],[127.53975,36.42072],[127.53804,36.42017],[127.53546,36.419],[127.53399,36.41879],[127.52934,36.41934],[127.52879,36.42058],[127.52415,36.42319],[127.52298,36.42279],[127.52121,36.42162],[127.5202,36.42062],[127.51949,36.42018],[127.51841,36.42087],[127.51756,36.42175],[127.5165,36.42217],[127.51569,36.42228],[127.51565,36.42229],[127.51651,36.42847],[127.51994,36.4364],[127.52285,36.43885],[127.52684,36.4403],[127.53963,36.44487],[127.54389,36.44629],[127.54587,36.44694],[127.54542,36.44932],[127.54812,36.45291],[127.54939,36.45438],[127.55079,36.45498],[127.55182,36.45512],[127.55333,36.45774],[127.5537,36.46076],[127.55385,36.46308],[127.55559,36.46551],[127.55565,36.46556],[127.55662,36.46818],[127.55706,36.46963],[127.55709,36.46976],[127.55709,36.46987],[127.55706,36.46998],[127.55687,36.47026],[127.55661,36.47066],[127.55653,36.47087],[127.55627,36.47153],[127.55624,36.47169],[127.55624,36.47181],[127.55813,36.47214],[127.55847,36.4722],[127.56055,36.47145],[127.56416,36.47007],[127.56788,36.46747],[127.56861,36.46691],[127.56965,36.46539],[127.56937,36.46393],[127.56943,36.46237],[127.56952,36.46162],[127.57092,36.46145],[127.57223,36.46115],[127.5737,36.46035],[127.57529,36.46104],[127.57627,36.46182],[127.5791,36.46122],[127.57942,36.46044],[127.58041,36.45973],[127.58105,36.45978],[127.58308,36.46011],[127.58433,36.46036],[127.58529,36.46099],[127.58878,36.46245],[127.59078,36.46329],[127.59392,36.46409],[127.59764,36.46523],[127.59978,36.46601],[127.60012,36.46648],[127.60086,36.46676],[127.60174,36.46695],[127.60255,36.4671],[127.60384,36.4671],[127.60455,36.46701],[127.60733,36.46629],[127.6076,36.46615],[127.60811,36.46557],[127.6086,36.46496],[127.61171,36.46038],[127.61149,36.45995],[127.61124,36.45928],[127.61029,36.45387],[127.61026,36.45203],[127.61045,36.45154],[127.61137,36.45098],[127.61366,36.45034],[127.6152,36.44996]]]]}},{"type":"Feature","properties":{"adm_cd":"33520380","adm_nm":"충청북도 보은군 회인면"},"geometry":{"type":"MultiPolygon","coordinates":[[[[127.63368,36.51284],[127.63105,36.51339],[127.63072,36.51382],[127.62959,36.51381],[127.62804,36.51324],[127.62718,36.51268],[127.62402,36.50849],[127.62401,36.50837],[127.62399,36.50797],[127.6245,36.50724],[127.62549,36.50589],[127.6278,36.50365],[127.62819,36.50357],[127.62899,36.50356],[127.62912,36.50356],[127.63021,36.50255],[127.63097,36.50025],[127.63026,36.49961],[127.6304,36.49903],[127.6312,36.49776],[127.6319,36.49689],[127.63328,36.49568],[127.6344,36.4948],[127.63599,36.49432],[127.63719,36.49459],[127.6388,36.49383],[127.63987,36.49304],[127.64228,36.49097],[127.64228,36.49083],[127.64181,36.49028],[127.64166,36.48926],[127.64243,36.48803],[127.64374,36.48648],[127.64507,36.4846],[127.6451,36.48442],[127.64511,36.48436],[127.64365,36.48229],[127.64442,36.48008],[127.64454,36.47986],[127.64404,36.47613],[127.64331,36.47359],[127.64188,36.46939],[127.64076,36.46914],[127.63963,36.46863],[127.6384,36.46751],[127.63829,36.46617],[127.63884,36.46514],[127.63874,36.46405],[127.63644,36.4614],[127.63532,36.46138],[127.63461,36.46157],[127.63033,36.46226],[127.63014,36.46226],[127.62882,36.46219],[127.62774,36.46172],[127.62521,36.46057],[127.62044,36.45741],[127.61853,36.45606],[127.61798,36.45561],[127.61709,36.45413],[127.61659,36.45301],[127.61577,36.45088],[127.6152,36.44996],[127.61366,36.45034],[127.61137,36.45098],[127.61045,36.45154],[127.61026,36.45203],[127.61029,36.45387],[127.61124,36.45928],[127.61149,36.45995],[127.61171,36.46038],[127.6086,36.46496],[127.60811,36.46557],[127.6076,36.46615],[127.60733,36.46629],[127.60455,36.46701],[127.60384,36.4671],[127.60255,36.4671],[127.60174,36.46695],[127.60086,36.46676],[127.60012,36.46648],[127.59978,36.46601],[127.59764,36.46523],[127.59392,36.46409],[127.59078,36.46329],[127.58878,36.46245],[127.58529,36.46099],[127.58433,36.46036],[127.58308,36.46011],[127.58105,36.45978],[127.58041,36.45973],[127.57942,36.46044],[127.5791,36.46122],[127.57627,36.46182],[127.57529,36.46104],[127.5737,36.46035],[127.57223,36.46115],[127.57092,36.46145],[127.56952,36.46162],[127.56943,36.46237],[127.56937,36.46393],[127.56965,36.46539],[127.56861,36.46691],[127.56788,36.46747],[127.56416,36.47007],[127.56055,36.47145],[127.55847,36.4722],[127.55813,36.47214],[127.55833,36.47237],[127.56044,36.47557],[127.56302,36.47996],[127.56701,36.4841],[127.56984,36.48607],[127.57612,36.49017],[127.57628,36.49025],[127.57639,36.49035],[127.57645,36.49044],[127.57645,36.49054],[127.57606,36.49133],[127.5745,36.49226],[127.57427,36.4924],[127.57286,36.49307],[127.57204,36.49425],[127.57011,36.49965],[127.57028,36.50263],[127.57038,36.50371],[127.57084,36.50462],[127.57151,36.50577],[127.57335,36.50958],[127.57301,36.5164],[127.569,36.52143],[127.56887,36.52229],[127.56772,36.52635],[127.56671,36.52801],[127.56633,36.52847],[127.56594,36.52856],[127.56547,36.52933],[127.56518,36.5305],[127.56697,36.53159],[127.56938,36.53364],[127.56975,36.53479],[127.57089,36.53569],[127.57187,36.53607],[127.57221,36.5362],[127.57479,36.53707],[127.57736,36.53775],[127.57841,36.53761],[127.57974,36.53796],[127.5805,36.5389],[127.58034,36.54029],[127.58022,36.541],[127.58038,36.54159],[127.58099,36.5421],[127.5858,36.5435],[127.58671,36.54371],[127.58776,36.5439],[127.58871,36.54384],[127.58908,36.54366],[127.58944,36.54338],[127.59089,36.54337],[127.5933,36.54512],[127.59881,36.54819],[127.60015,36.54838],[127.60289,36.54784],[127.60321,36.54789],[127.6081,36.54977],[127.60861,36.55032],[127.60952,36.55067],[127.61119,36.55117],[127.61207,36.55138],[127.61317,36.55049],[127.61387,36.54993],[127.61417,36.54989],[127.6163,36.5503],[127.6177,36.5506],[127.61804,36.55068],[127.61912,36.55044],[127.62422,36.54854],[127.62814,36.5469],[127.63126,36.54417],[127.63181,36.54336],[127.63316,36.54053],[127.63286,36.54035],[127.62972,36.53869],[127.6279,36.53789],[127.62785,36.53787],[127.62704,36.538],[127.62651,36.53798],[127.62356,36.5373],[127.62261,36.53423],[127.62234,36.5317],[127.62206,36.53044],[127.62143,36.52801],[127.62103,36.52651],[127.62095,36.52614],[127.62131,36.52533],[127.62185,36.52473],[127.62306,36.5234],[127.6247,36.5232],[127.62489,36.52319],[127.62765,36.52176],[127.62857,36.52108],[127.6306,36.52026],[127.63133,36.52026],[127.6336,36.51997],[127.63543,36.51635],[127.63548,36.51599],[127.63532,36.5149],[127.6352,36.51415],[127.63472,36.51297],[127.63428,36.5128],[127.63368,36.51284]]]]}},{"type":"Feature","properties":{"adm_cd":"33520390","adm_nm":"충청북도 보은군 내북면"},"geometry":{"type":"MultiPolygon","coordinates":[[[[127.69457,36.58856],[127.69359,36.58655],[127.69155,36.58209],[127.69134,36.58171],[127.69043,36.58002],[127.68905,36.57851],[127.68877,36.57798],[127.68794,36.57569],[127.68769,36.57433],[127.68767,36.57287],[127.68704,36.57025],[127.68588,36.56673],[127.68475,36.56559],[127.68472,36.5649],[127.68573,36.563],[127.68961,36.55966],[127.69027,36.55956],[127.69086,36.55973],[127.69179,36.55996],[127.69307,36.56015],[127.69419,36.56018],[127.69458,36.55975],[127.69526,36.55895],[127.69557,36.55791],[127.6959,36.55694],[127.69655,36.55642],[127.69748,36.55596],[127.69977,36.55526],[127.70092,36.55501],[127.70271,36.55494],[127.70359,36.55504],[127.7057,36.55366],[127.70796,36.55124],[127.70832,36.55055],[127.70792,36.54982],[127.70655,36.5478],[127.70606,36.54735],[127.70547,36.54711],[127.70505,36.54684],[127.7048,36.54534],[127.70476,36.54185],[127.71186,36.53703],[127.71259,36.53673],[127.71408,36.53643],[127.71484,36.53687],[127.71553,36.53659],[127.71682,36.53596],[127.71597,36.53289],[127.71612,36.53084],[127.71597,36.5298],[127.71533,36.52867],[127.7147,36.52835],[127.71314,36.52828],[127.71145,36.52824],[127.70984,36.52795],[127.70743,36.52683],[127.7036,36.52468],[127.70135,36.52292],[127.70028,36.52202],[127.69936,36.52097],[127.69922,36.52032],[127.69879,36.51936],[127.69779,36.51795],[127.69707,36.51696],[127.69668,36.51679],[127.69164,36.52081],[127.69104,36.52206],[127.69019,36.5245],[127.68938,36.52694],[127.68934,36.52808],[127.69039,36.52858],[127.68938,36.52912],[127.68651,36.53046],[127.68359,36.53051],[127.68031,36.53056],[127.68023,36.52982],[127.68024,36.52942],[127.67948,36.52833],[127.67882,36.52786],[127.67473,36.52709],[127.67065,36.52697],[127.66936,36.52705],[127.66452,36.52623],[127.66399,36.52597],[127.66272,36.52483],[127.66145,36.52263],[127.66142,36.52061],[127.66156,36.51961],[127.66171,36.51754],[127.66104,36.51664],[127.66087,36.51642],[127.66044,36.51599],[127.65926,36.51593],[127.65922,36.51553],[127.65913,36.51091],[127.66023,36.50774],[127.66101,36.50659],[127.66228,36.50626],[127.66469,36.50251],[127.66494,36.5019],[127.66515,36.50097],[127.66476,36.50051],[127.66446,36.50017],[127.6642,36.49855],[127.66444,36.49766],[127.66318,36.49757],[127.66092,36.49703],[127.65938,36.4968],[127.65552,36.49678],[127.65113,36.49757],[127.64842,36.49824],[127.64794,36.49851],[127.64779,36.4986],[127.64784,36.49901],[127.64791,36.50122],[127.64754,36.50361],[127.64742,36.50385],[127.64695,36.50405],[127.64641,36.50397],[127.64514,36.50354],[127.64347,36.50318],[127.64257,36.50314],[127.64172,36.50341],[127.64113,36.50368],[127.63838,36.50514],[127.63849,36.50613],[127.63869,36.50656],[127.63906,36.50691],[127.63965,36.50724],[127.64011,36.5076],[127.64002,36.50793],[127.63819,36.50917],[127.63636,36.50941],[127.63484,36.51132],[127.63368,36.51284],[127.63428,36.5128],[127.63472,36.51297],[127.6352,36.51415],[127.63532,36.5149],[127.63548,36.51599],[127.63543,36.51635],[127.6336,36.51997],[127.63133,36.52026],[127.6306,36.52026],[127.62857,36.52108],[127.62765,36.52176],[127.62489,36.52319],[127.6247,36.5232],[127.62306,36.5234],[127.62185,36.52473],[127.62131,36.52533],[127.62095,36.52614],[127.62103,36.52651],[127.62143,36.52801],[127.62206,36.53044],[127.62234,36.5317],[127.62261,36.53423],[127.62356,36.5373],[127.62651,36.53798],[127.62704,36.538],[127.62785,36.53787],[127.6279,36.53789],[127.62972,36.53869],[127.63286,36.54035],[127.63316,36.54053],[127.63181,36.54336],[127.63126,36.54417],[127.62814,36.5469],[127.62422,36.54854],[127.61912,36.55044],[127.61804,36.55068],[127.6177,36.5506],[127.6163,36.5503],[127.61417,36.54989],[127.61387,36.54993],[127.61317,36.55049],[127.61207,36.55138],[127.61249,36.55189],[127.61354,36.55372],[127.61352,36.55425],[127.61345,36.55512],[127.6141,36.55675],[127.61605,36.55888],[127.61662,36.55934],[127.61645,36.5603],[127.61614,36.56087],[127.61555,36.56142],[127.61492,36.56206],[127.61444,36.56256],[127.61386,36.56319],[127.61289,36.56434],[127.61141,36.56677],[127.61134,36.56741],[127.61135,36.56822],[127.61141,36.57009],[127.61295,36.572],[127.61364,36.57276],[127.6143,36.57343],[127.61462,36.57368],[127.61504,36.574],[127.61561,36.57471],[127.61586,36.57573],[127.6172,36.57718],[127.61774,36.57777],[127.61843,36.57816],[127.61977,36.57837],[127.62071,36.57851],[127.62161,36.57872],[127.62211,36.57911],[127.62221,36.57966],[127.622,36.58093],[127.62244,36.58152],[127.62247,36.58156],[127.62554,36.58338],[127.63058,36.58672],[127.63247,36.58964],[127.63243,36.58967],[127.63159,36.59055],[127.63121,36.5911],[127.6307,36.59193],[127.63072,36.59226],[127.63077,36.59286],[127.63081,36.59341],[127.63361,36.59784],[127.63495,36.59937],[127.63559,36.59998],[127.63615,36.60017],[127.63718,36.60033],[127.63826,36.60036],[127.63897,36.60065],[127.64121,36.60192],[127.64151,36.60269],[127.64181,36.60336],[127.64356,36.60527],[127.64413,36.60564],[127.64626,36.60661],[127.64699,36.6058],[127.64763,36.60558],[127.6509,36.60493],[127.65195,36.60488],[127.65222,36.60457],[127.65229,36.60388],[127.65221,36.60338],[127.65314,36.60085],[127.65365,36.60047],[127.65431,36.60039],[127.65534,36.60027],[127.65914,36.60143],[127.65949,36.60169],[127.65981,36.60237],[127.66025,36.60274],[127.66033,36.60281],[127.66106,36.6028],[127.66429,36.60263],[127.665,36.6025],[127.66524,36.60217],[127.66529,36.60155],[127.66539,36.60126],[127.6655,36.60096],[127.66577,36.60045],[127.66621,36.60009],[127.6701,36.59794],[127.67237,36.59743],[127.67393,36.5971],[127.67516,36.59689],[127.6758,36.5968],[127.67777,36.59627],[127.67951,36.59575],[127.67948,36.59565],[127.67928,36.59484],[127.68048,36.59233],[127.68136,36.59187],[127.68202,36.59181],[127.6826,36.59181],[127.68307,36.5918],[127.68387,36.59197],[127.684,36.592],[127.68567,36.59203],[127.68647,36.59202],[127.68715,36.59195],[127.68726,36.59194],[127.68816,36.59164],[127.6901,36.59036],[127.69079,36.58985],[127.69127,36.58947],[127.69195,36.58915],[127.69342,36.58878],[127.6944,36.58859],[127.69457,36.58856]]]]}},{"type":"Feature","properties":{"adm_cd":"33520400","adm_nm":"충청북도 보은군 산외면"},"geometry":{"type":"MultiPolygon","coordinates":[[[[127.79841,36.60228],[127.79748,36.60032],[127.79722,36.59976],[127.79702,36.59878],[127.79702,36.59476],[127.79718,36.59353],[127.79741,36.59197],[127.79759,36.5914],[127.79879,36.58787],[127.8002,36.58551],[127.80073,36.58537],[127.80103,36.58528],[127.80287,36.58435],[127.80423,36.58332],[127.80438,36.58288],[127.80443,36.58239],[127.80465,36.58166],[127.80732,36.58057],[127.80882,36.58019],[127.81049,36.57989],[127.81224,36.57962],[127.81276,36.57961],[127.81592,36.57804],[127.82119,36.57398],[127.82405,36.57166],[127.82407,36.57151],[127.82407,36.57129],[127.82405,36.571],[127.82388,36.5708],[127.82402,36.56992],[127.82402,36.56979],[127.8234,36.5679],[127.82301,36.56691],[127.82081,36.56393],[127.81984,36.5632],[127.81956,36.56307],[127.81948,36.56302],[127.81121,36.56328],[127.80984,36.56453],[127.80942,36.56547],[127.80918,36.56598],[127.80873,36.56614],[127.80508,36.5674],[127.80468,36.56752],[127.80439,36.56744],[127.80398,36.56697],[127.80346,36.56649],[127.80303,36.56627],[127.80232,36.56603],[127.80024,36.56602],[127.7997,36.56631],[127.79751,36.56654],[127.79539,36.56663],[127.79472,36.56664],[127.79461,36.56664],[127.79416,36.56649],[127.79353,36.56605],[127.79225,36.5657],[127.7916,36.56556],[127.78753,36.56542],[127.78726,36.56542],[127.7862,36.56604],[127.78597,36.56612],[127.78559,36.56614],[127.78277,36.56569],[127.78127,36.5653],[127.78035,36.565],[127.77677,36.56208],[127.77598,36.56116],[127.77575,36.56089],[127.77198,36.5552],[127.76891,36.55039],[127.7679,36.54906],[127.76656,36.54926],[127.7662,36.549],[127.76483,36.54601],[127.76283,36.54294],[127.76174,36.54158],[127.76079,36.53969],[127.75901,36.53972],[127.7586,36.53966],[127.74886,36.53643],[127.74731,36.53564],[127.74546,36.53455],[127.74434,36.5338],[127.74363,36.53325],[127.74323,36.53293],[127.74166,36.53216],[127.74105,36.532],[127.74018,36.53187],[127.7372,36.53176],[127.73006,36.5341],[127.72349,36.53545],[127.72135,36.53601],[127.72025,36.53673],[127.71874,36.53749],[127.71797,36.53729],[127.71682,36.53596],[127.71553,36.53659],[127.71484,36.53687],[127.71408,36.53643],[127.71259,36.53673],[127.71186,36.53703],[127.70476,36.54185],[127.7048,36.54534],[127.70505,36.54684],[127.70547,36.54711],[127.70606,36.54735],[127.70655,36.5478],[127.70792,36.54982],[127.70832,36.55055],[127.70796,36.55124],[127.7057,36.55366],[127.70359,36.55504],[127.70271,36.55494],[127.70092,36.55501],[127.69977,36.55526],[127.69748,36.55596],[127.69655,36.55642],[127.6959,36.55694],[127.69557,36.55791],[127.69526,36.55895],[127.69458,36.55975],[127.69419,36.56018],[127.69307,36.56015],[127.69179,36.55996],[127.69086,36.55973],[127.69027,36.55956],[127.68961,36.55966],[127.68573,36.563],[127.68472,36.5649],[127.68475,36.56559],[127.68588,36.56673],[127.68704,36.57025],[127.68767,36.57287],[127.68769,36.57433],[127.68794,36.57569],[127.68877,36.57798],[127.68905,36.57851],[127.69043,36.58002],[127.69134,36.58171],[127.69155,36.58209],[127.69359,36.58655],[127.69457,36.58856],[127.69704,36.58894],[127.69794,36.58917],[127.70173,36.59091],[127.70279,36.59177],[127.7028,36.59186],[127.70292,36.59313],[127.70382,36.59414],[127.70516,36.59518],[127.7052,36.59522],[127.70662,36.59533],[127.70853,36.5957],[127.70941,36.59611],[127.71109,36.59735],[127.71138,36.59766],[127.71137,36.59849],[127.7131,36.60125],[127.71393,36.60188],[127.71598,36.60231],[127.72032,36.6027],[127.72335,36.60175],[127.72714,36.60088],[127.72768,36.60167],[127.7287,36.60228],[127.73132,36.60158],[127.73591,36.6003],[127.73696,36.59981],[127.73714,36.59961],[127.73726,36.59948],[127.73745,36.59908],[127.73753,36.59803],[127.73745,36.59678],[127.73571,36.59545],[127.73714,36.59265],[127.73847,36.59242],[127.73981,36.59194],[127.74021,36.5918],[127.74135,36.59137],[127.7422,36.59043],[127.74207,36.58892],[127.74276,36.58809],[127.74557,36.58557],[127.74678,36.58554],[127.74928,36.58649],[127.75048,36.58699],[127.7512,36.58776],[127.75206,36.58854],[127.75527,36.5902],[127.75961,36.59039],[127.76125,36.59061],[127.76359,36.59112],[127.76413,36.59128],[127.7642,36.5913],[127.76472,36.59148],[127.76546,36.59173],[127.76903,36.59344],[127.76957,36.59792],[127.76959,36.60065],[127.7689,36.60326],[127.76922,36.60384],[127.7698,36.60412],[127.77183,36.60548],[127.77427,36.60596],[127.77682,36.60626],[127.77728,36.60723],[127.77802,36.60779],[127.77991,36.60821],[127.78189,36.60865],[127.78359,36.6106],[127.78422,36.61168],[127.78456,36.61242],[127.78645,36.61374],[127.79141,36.61077],[127.7926,36.60968],[127.79673,36.60518],[127.79767,36.60369],[127.79841,36.60228]]]]}},{"type":"Feature","properties":{"adm_cd":"33530110","adm_nm":"충청북도 옥천군 옥천읍"},"geometry":{"type":"MultiPolygon","coordinates":[[[[127.64246,36.35291],[127.6404,36.35079],[127.63929,36.34746],[127.63812,36.34384],[127.63636,36.34047],[127.63123,36.33529],[127.62627,36.33259],[127.62222,36.32963],[127.61706,36.32585],[127.61397,36.32336],[127.61437,36.32177],[127.61526,36.31994],[127.6155,36.3198],[127.61578,36.31963],[127.6167,36.31681],[127.61505,36.31587],[127.61221,36.31466],[127.60828,36.31378],[127.60635,36.31419],[127.60449,36.31531],[127.60409,36.31534],[127.60339,36.3154],[127.60265,36.31546],[127.60086,36.3155],[127.59911,36.3153],[127.59777,36.31495],[127.5933,36.31358],[127.59367,36.31231],[127.59404,36.31192],[127.59598,36.3116],[127.59687,36.31152],[127.59755,36.31148],[127.59814,36.31139],[127.59843,36.31134],[127.59985,36.30999],[127.6,36.30961],[127.60007,36.30932],[127.5995,36.30711],[127.59886,36.30472],[127.59866,36.30408],[127.59846,36.30364],[127.60082,36.30143],[127.60136,36.30104],[127.60164,36.30038],[127.60149,36.29904],[127.60229,36.29831],[127.60502,36.29676],[127.6053,36.29753],[127.60541,36.2976],[127.60645,36.29828],[127.60691,36.29845],[127.60712,36.29849],[127.61168,36.29838],[127.61208,36.29804],[127.61531,36.29435],[127.61526,36.29425],[127.61359,36.29357],[127.60767,36.29124],[127.6074,36.29122],[127.60667,36.2913],[127.6061,36.29136],[127.6055,36.29114],[127.60508,36.29086],[127.60426,36.28978],[127.60405,36.2895],[127.60297,36.28569],[127.6028,36.282],[127.60289,36.28034],[127.60289,36.28028],[127.60265,36.28012],[127.60243,36.27998],[127.60186,36.27966],[127.60095,36.27943],[127.60051,36.27931],[127.60005,36.27913],[127.59947,36.27886],[127.59777,36.27777],[127.59728,36.27738],[127.59398,36.27437],[127.59363,36.27379],[127.59345,36.27348],[127.59272,36.26947],[127.59293,36.26619],[127.59332,36.26491],[127.59415,36.26303],[127.59502,36.26144],[127.59572,36.26096],[127.59867,36.25914],[127.59892,36.25643],[127.59884,36.25626],[127.59867,36.25592],[127.59864,36.2559],[127.59861,36.25588],[127.59808,36.25558],[127.59769,36.25536],[127.59563,36.25468],[127.59518,36.25443],[127.59482,36.25423],[127.59479,36.25421],[127.5941,36.25381],[127.59085,36.25142],[127.59038,36.25092],[127.59001,36.25052],[127.58982,36.25007],[127.58979,36.24994],[127.58904,36.24982],[127.58846,36.24988],[127.5879,36.24993],[127.58736,36.25013],[127.58679,36.25033],[127.58425,36.25233],[127.5811,36.25345],[127.58073,36.2535],[127.58034,36.25355],[127.57554,36.25171],[127.5746,36.25048],[127.57394,36.24879],[127.57403,36.24832],[127.57382,36.24766],[127.57359,36.24742],[127.57325,36.24708],[127.57264,36.24685],[127.57235,36.24677],[127.57207,36.2467],[127.57021,36.24686],[127.56802,36.2477],[127.56758,36.24967],[127.56746,36.25012],[127.56705,36.25024],[127.56634,36.25058],[127.56582,36.25091],[127.56517,36.25174],[127.56432,36.25331],[127.5621,36.25746],[127.56193,36.25837],[127.55953,36.25992],[127.55735,36.26234],[127.55694,36.26407],[127.55658,36.26506],[127.55525,36.26865],[127.55418,36.26953],[127.55402,36.26955],[127.55316,36.26965],[127.55211,36.27009],[127.55083,36.27321],[127.54694,36.2791],[127.54629,36.27972],[127.5454,36.28046],[127.54476,36.28074],[127.54368,36.28103],[127.54168,36.28185],[127.53995,36.28465],[127.53974,36.28556],[127.53972,36.28562],[127.53956,36.28712],[127.54274,36.29161],[127.54514,36.29412],[127.54666,36.2956],[127.54713,36.29625],[127.54735,36.29671],[127.54743,36.29742],[127.54746,36.29773],[127.54713,36.29819],[127.54719,36.29858],[127.54741,36.29886],[127.54899,36.30046],[127.55129,36.30217],[127.55203,36.30239],[127.55254,36.30244],[127.55271,36.30246],[127.55409,36.30316],[127.55603,36.30461],[127.55646,36.30669],[127.55527,36.307],[127.55473,36.30702],[127.55409,36.30711],[127.55397,36.30716],[127.55095,36.31087],[127.55098,36.31123],[127.55099,36.31136],[127.5516,36.31202],[127.55123,36.31246],[127.55023,36.31292],[127.54992,36.31305],[127.54757,36.31369],[127.54588,36.3141],[127.54213,36.31667],[127.542,36.31682],[127.54206,36.31726],[127.54228,36.31786],[127.54512,36.32149],[127.5455,36.32165],[127.54727,36.32215],[127.54757,36.32224],[127.54826,36.32245],[127.54957,36.32313],[127.55272,36.32481],[127.55434,36.3261],[127.55459,36.32694],[127.55471,36.32765],[127.55689,36.32959],[127.55775,36.33028],[127.55825,36.33091],[127.55832,36.33134],[127.55812,36.33169],[127.55748,36.33205],[127.55675,36.33249],[127.55552,36.33368],[127.55545,36.33416],[127.55549,36.33428],[127.55554,36.33426],[127.55616,36.33405],[127.55854,36.33213],[127.55899,36.33173],[127.5604,36.33033],[127.56236,36.32694],[127.56435,36.32375],[127.56685,36.32339],[127.5677,36.32365],[127.57019,36.32436],[127.575,36.32529],[127.57674,36.32547],[127.578,36.32518],[127.57837,36.32508],[127.57862,36.32514],[127.57932,36.32543],[127.58085,36.3261],[127.58095,36.32615],[127.58113,36.3263],[127.58138,36.3286],[127.58092,36.32964],[127.58064,36.32987],[127.5797,36.33015],[127.5802,36.33299],[127.5803,36.33308],[127.58356,36.3356],[127.58374,36.33571],[127.58448,36.33585],[127.58529,36.33571],[127.58571,36.33544],[127.58661,36.3347],[127.58702,36.3343],[127.5873,36.33399],[127.58767,36.33368],[127.58862,36.33319],[127.58934,36.3331],[127.58983,36.33319],[127.59007,36.3338],[127.59022,36.33464],[127.59003,36.33524],[127.58985,36.33623],[127.59043,36.33667],[127.59107,36.3371],[127.59196,36.33714],[127.59281,36.3369],[127.5949,36.33721],[127.59579,36.33743],[127.59621,36.33741],[127.60215,36.33984],[127.6037,36.34295],[127.6043,36.34416],[127.60633,36.34546],[127.60667,36.34564],[127.60822,36.3463],[127.60955,36.34682],[127.6104,36.34709],[127.61131,36.34733],[127.62268,36.34941],[127.6245,36.34945],[127.62681,36.34941],[127.6287,36.34959],[127.63095,36.35015],[127.63227,36.35094],[127.63345,36.35202],[127.63667,36.3555],[127.64007,36.35858],[127.64032,36.35877],[127.64066,36.35895],[127.64113,36.35907],[127.64151,36.35913],[127.6417,36.35917],[127.64195,36.35929],[127.64214,36.35943],[127.64226,36.35956],[127.64229,36.35975],[127.64228,36.35993],[127.6422,36.36057],[127.64426,36.3582],[127.64387,36.35686],[127.64254,36.35565],[127.64224,36.35394],[127.64246,36.35291]]]]}},{"type":"Feature","properties":{"adm_cd":"33530310","adm_nm":"충청북도 옥천군 동이면"},"geometry":{"type":"MultiPolygon","coordinates":[[[[127.68366,36.31791],[127.68494,36.31723],[127.68807,36.31594],[127.69145,36.31382],[127.69176,36.30568],[127.69039,36.30358],[127.68371,36.30344],[127.67184,36.3104],[127.66677,36.311],[127.66232,36.30522],[127.66705,36.29497],[127.66734,36.29478],[127.66759,36.29462],[127.66763,36.29459],[127.67081,36.29254],[127.67428,36.29243],[127.67776,36.29231],[127.68041,36.29222],[127.68701,36.29199],[127.68795,36.29196],[127.69258,36.2909],[127.697,36.28754],[127.69836,36.28409],[127.69829,36.28258],[127.6972,36.28009],[127.69585,36.27867],[127.69547,36.2785],[127.69509,36.27833],[127.69494,36.27826],[127.69445,36.27803],[127.69359,36.27757],[127.69306,36.27713],[127.69297,36.27675],[127.6934,36.27615],[127.69414,36.276],[127.69496,36.27584],[127.69741,36.27609],[127.70049,36.27519],[127.70125,36.27483],[127.70138,36.27477],[127.70153,36.2747],[127.70198,36.27466],[127.70286,36.27465],[127.7038,36.27469],[127.70464,36.27473],[127.70485,36.2748],[127.70592,36.27503],[127.70752,36.27276],[127.70757,36.27233],[127.7074,36.27152],[127.70789,36.26939],[127.70803,36.26911],[127.70974,36.26837],[127.71009,36.26834],[127.71159,36.26697],[127.71365,36.26428],[127.71465,36.26371],[127.71463,36.26311],[127.7121,36.26311],[127.71078,36.26323],[127.70926,36.26323],[127.70801,36.26297],[127.70775,36.26292],[127.70673,36.2625],[127.70539,36.26188],[127.70529,36.2613],[127.70528,36.26064],[127.70501,36.2602],[127.70337,36.26056],[127.70237,36.26081],[127.70167,36.26136],[127.70126,36.26168],[127.69795,36.26334],[127.69447,36.26329],[127.68775,36.2622],[127.68612,36.26174],[127.68529,36.26123],[127.68466,36.2606],[127.68209,36.26074],[127.67667,36.26027],[127.67578,36.26006],[127.67514,36.26024],[127.67052,36.26369],[127.67025,36.26394],[127.66912,36.26508],[127.66842,36.2655],[127.66786,36.26573],[127.66622,36.26632],[127.66247,36.26763],[127.65912,36.26737],[127.65823,36.26719],[127.65824,36.26642],[127.65779,36.26529],[127.65764,36.26505],[127.65645,36.26481],[127.65555,36.265],[127.65494,36.26506],[127.65304,36.26496],[127.65251,36.26462],[127.65173,36.26405],[127.65115,36.26367],[127.6485,36.26288],[127.6453,36.262],[127.64118,36.26079],[127.64008,36.26024],[127.63994,36.2602],[127.63669,36.25968],[127.63467,36.26029],[127.63257,36.26135],[127.63128,36.2622],[127.6303,36.26297],[127.62976,36.26339],[127.62864,36.26388],[127.62844,36.26372],[127.62814,36.26327],[127.62745,36.26275],[127.62293,36.26297],[127.62181,36.26303],[127.62153,36.26315],[127.62095,36.26328],[127.61886,36.26332],[127.61773,36.26319],[127.6138,36.26195],[127.60806,36.26031],[127.60426,36.25938],[127.60281,36.25909],[127.60248,36.25904],[127.60051,36.25925],[127.59867,36.25914],[127.59572,36.26096],[127.59502,36.26144],[127.59415,36.26303],[127.59332,36.26491],[127.59293,36.26619],[127.59272,36.26947],[127.59345,36.27348],[127.59363,36.27379],[127.59398,36.27437],[127.59728,36.27738],[127.59777,36.27777],[127.59947,36.27886],[127.60005,36.27913],[127.60051,36.27931],[127.60095,36.27943],[127.60186,36.27966],[127.60243,36.27998],[127.60265,36.28012],[127.60289,36.28028],[127.60289,36.28034],[127.6028,36.282],[127.60297,36.28569],[127.60405,36.2895],[127.60426,36.28978],[127.60508,36.29086],[127.6055,36.29114],[127.6061,36.29136],[127.60667,36.2913],[127.6074,36.29122],[127.60767,36.29124],[127.61359,36.29357],[127.61526,36.29425],[127.61531,36.29435],[127.61208,36.29804],[127.61168,36.29838],[127.60712,36.29849],[127.60691,36.29845],[127.60645,36.29828],[127.60541,36.2976],[127.6053,36.29753],[127.60502,36.29676],[127.60229,36.29831],[127.60149,36.29904],[127.60164,36.30038],[127.60136,36.30104],[127.60082,36.30143],[127.59846,36.30364],[127.59866,36.30408],[127.59886,36.30472],[127.5995,36.30711],[127.60007,36.30932],[127.6,36.30961],[127.59985,36.30999],[127.59843,36.31134],[127.59814,36.31139],[127.59755,36.31148],[127.59687,36.31152],[127.59598,36.3116],[127.59404,36.31192],[127.59367,36.31231],[127.5933,36.31358],[127.59777,36.31495],[127.59911,36.3153],[127.60086,36.3155],[127.60265,36.31546],[127.60339,36.3154],[127.60409,36.31534],[127.60449,36.31531],[127.60635,36.31419],[127.60828,36.31378],[127.61221,36.31466],[127.61505,36.31587],[127.6167,36.31681],[127.61578,36.31963],[127.6155,36.3198],[127.61526,36.31994],[127.61437,36.32177],[127.61397,36.32336],[127.61706,36.32585],[127.62222,36.32963],[127.62627,36.33259],[127.63123,36.33529],[127.63636,36.34047],[127.63812,36.34384],[127.63929,36.34746],[127.6404,36.35079],[127.64246,36.35291],[127.64578,36.35384],[127.64839,36.35349],[127.64953,36.35199],[127.64983,36.3516],[127.65014,36.3499],[127.64829,36.34536],[127.64691,36.34127],[127.6458,36.33683],[127.6469,36.3355],[127.65148,36.3341],[127.65377,36.33367],[127.65811,36.33329],[127.66052,36.33534],[127.66123,36.34004],[127.66123,36.34022],[127.66119,36.34404],[127.66159,36.34463],[127.66194,36.34514],[127.66252,36.34591],[127.66301,36.346],[127.66351,36.3461],[127.6647,36.34585],[127.66531,36.34463],[127.66526,36.34419],[127.66471,36.33985],[127.66534,36.33517],[127.66856,36.32873],[127.66976,36.32634],[127.67103,36.32513],[127.67563,36.32074],[127.68098,36.31807],[127.68366,36.31791]]]]}},{"type":"Feature","properties":{"adm_cd":"33530320","adm_nm":"충청북도 옥천군 안남면"},"geometry":{"type":"MultiPolygon","coordinates":[[[[127.70818,36.37956],[127.70787,36.37838],[127.70698,36.37652],[127.70651,36.37615],[127.70601,36.37559],[127.7051,36.37417],[127.7064,36.37147],[127.70893,36.36963],[127.71,36.36671],[127.71294,36.36142],[127.71309,36.36098],[127.71348,36.35976],[127.71321,36.35915],[127.71178,36.35774],[127.71136,36.35745],[127.71021,36.35705],[127.70972,36.35686],[127.70941,36.35669],[127.7086,36.35385],[127.70956,36.35262],[127.71013,36.35183],[127.71007,36.34971],[127.70737,36.34894],[127.70657,36.34895],[127.70619,36.34895],[127.70202,36.34732],[127.7015,36.34648],[127.70101,36.3433],[127.70069,36.34159],[127.69948,36.33993],[127.70034,36.33842],[127.70051,36.33812],[127.70132,36.33702],[127.70211,36.33554],[127.70325,36.3333],[127.70347,36.33257],[127.70369,36.33183],[127.70189,36.33033],[127.70111,36.32813],[127.70061,36.32614],[127.70051,36.32543],[127.70074,36.32369],[127.6982,36.32066],[127.69547,36.31787],[127.69485,36.31793],[127.69267,36.31812],[127.68841,36.31919],[127.68746,36.31971],[127.68587,36.31997],[127.68577,36.31998],[127.68562,36.31998],[127.68396,36.31891],[127.68372,36.31866],[127.68351,36.31842],[127.68349,36.31826],[127.68357,36.31807],[127.68366,36.31791],[127.68098,36.31807],[127.67563,36.32074],[127.67103,36.32513],[127.66976,36.32634],[127.66856,36.32873],[127.66534,36.33517],[127.66471,36.33985],[127.66526,36.34419],[127.66531,36.34463],[127.6647,36.34585],[127.66351,36.3461],[127.66301,36.346],[127.66252,36.34591],[127.66194,36.34514],[127.66159,36.34463],[127.66119,36.34404],[127.66123,36.34022],[127.66123,36.34004],[127.66052,36.33534],[127.65811,36.33329],[127.65377,36.33367],[127.65148,36.3341],[127.6469,36.3355],[127.6458,36.33683],[127.64691,36.34127],[127.64829,36.34536],[127.65014,36.3499],[127.64983,36.3516],[127.64953,36.35199],[127.64839,36.35349],[127.64578,36.35384],[127.64246,36.35291],[127.64224,36.35394],[127.64254,36.35565],[127.64387,36.35686],[127.64426,36.3582],[127.6422,36.36057],[127.64301,36.36147],[127.64426,36.36282],[127.64528,36.36374],[127.64616,36.36426],[127.64795,36.36371],[127.64904,36.36354],[127.6524,36.36443],[127.65483,36.36516],[127.65618,36.36489],[127.66115,36.36448],[127.66556,36.36473],[127.66828,36.36565],[127.66906,36.36625],[127.66906,36.36631],[127.66901,36.36685],[127.6688,36.36909],[127.66865,36.36965],[127.66617,36.37367],[127.66553,36.37434],[127.66469,36.37434],[127.66315,36.37477],[127.66267,36.37502],[127.66241,36.37554],[127.66258,36.37946],[127.66305,36.38106],[127.66415,36.38308],[127.66525,36.38461],[127.66738,36.3861],[127.66833,36.38633],[127.67723,36.38823],[127.67845,36.38849],[127.68055,36.38918],[127.6834,36.39003],[127.68467,36.39038],[127.68644,36.38979],[127.68682,36.38967],[127.68802,36.38988],[127.69022,36.39036],[127.69073,36.39025],[127.69217,36.38909],[127.69306,36.38817],[127.69654,36.38758],[127.6972,36.38761],[127.69803,36.38765],[127.70165,36.38627],[127.70168,36.3862],[127.70299,36.3835],[127.70523,36.38176],[127.70561,36.38156],[127.70738,36.38075],[127.70818,36.37956]]]]}},{"type":"Feature","properties":{"adm_cd":"33530330","adm_nm":"충청북도 옥천군 안내면"},"geometry":{"type":"MultiPolygon","coordinates":[[[[127.70407,36.41456],[127.70544,36.41319],[127.71041,36.41336],[127.71019,36.41209],[127.70922,36.41058],[127.70818,36.40885],[127.70789,36.40631],[127.71073,36.40315],[127.71296,36.4023],[127.71432,36.40207],[127.71507,36.4],[127.71743,36.39714],[127.71899,36.39582],[127.7217,36.39408],[127.7245,36.39341],[127.72585,36.39325],[127.72651,36.39293],[127.7274,36.39192],[127.72797,36.39071],[127.73058,36.38982],[127.73124,36.38978],[127.73042,36.38906],[127.73059,36.38745],[127.73063,36.38667],[127.73059,36.38617],[127.72886,36.38394],[127.72814,36.38322],[127.72558,36.38147],[127.72201,36.37914],[127.72009,36.37905],[127.71886,36.37916],[127.71767,36.37938],[127.71647,36.37964],[127.71564,36.38062],[127.71529,36.38106],[127.71504,36.3812],[127.71476,36.38135],[127.71237,36.38187],[127.71092,36.38171],[127.70884,36.38082],[127.70848,36.38023],[127.70818,36.37956],[127.70738,36.38075],[127.70561,36.38156],[127.70523,36.38176],[127.70299,36.3835],[127.70168,36.3862],[127.70165,36.38627],[127.69803,36.38765],[127.6972,36.38761],[127.69654,36.38758],[127.69306,36.38817],[127.69217,36.38909],[127.69073,36.39025],[127.69022,36.39036],[127.68802,36.38988],[127.68682,36.38967],[127.68644,36.38979],[127.68467,36.39038],[127.6834,36.39003],[127.68055,36.38918],[127.67845,36.38849],[127.67723,36.38823],[127.66833,36.38633],[127.66738,36.3861],[127.66525,36.38461],[127.66415,36.38308],[127.66305,36.38106],[127.66258,36.37946],[127.66241,36.37554],[127.66267,36.37502],[127.66315,36.37477],[127.66469,36.37434],[127.66553,36.37434],[127.66617,36.37367],[127.66865,36.36965],[127.6688,36.36909],[127.66901,36.36685],[127.66906,36.36631],[127.66906,36.36625],[127.66828,36.36565],[127.66556,36.36473],[127.66115,36.36448],[127.65618,36.36489],[127.65483,36.36516],[127.6524,36.36443],[127.64904,36.36354],[127.64795,36.36371],[127.64616,36.36426],[127.64528,36.36374],[127.64426,36.36282],[127.64301,36.36147],[127.6422,36.36057],[127.64228,36.35993],[127.64229,36.35975],[127.64226,36.35956],[127.64214,36.35943],[127.64195,36.35929],[127.6417,36.35917],[127.64151,36.35913],[127.64113,36.35907],[127.64066,36.35895],[127.64032,36.35877],[127.64007,36.35858],[127.63667,36.3555],[127.63345,36.35202],[127.63227,36.35094],[127.63095,36.35015],[127.6287,36.34959],[127.62681,36.34941],[127.6245,36.34945],[127.62268,36.34941],[127.61131,36.34733],[127.6104,36.34709],[127.60955,36.34682],[127.60822,36.3463],[127.60667,36.34564],[127.60633,36.34546],[127.6043,36.34416],[127.6037,36.34295],[127.60215,36.33984],[127.59621,36.33741],[127.59579,36.33743],[127.5962,36.3375],[127.59739,36.3382],[127.59775,36.33852],[127.59796,36.33911],[127.59807,36.33966],[127.599,36.34217],[127.60083,36.34546],[127.60502,36.34961],[127.60674,36.3502],[127.60723,36.35017],[127.60777,36.35035],[127.60865,36.35076],[127.61104,36.35354],[127.61433,36.35517],[127.61565,36.35638],[127.61643,36.35721],[127.61922,36.36078],[127.62138,36.3637],[127.62226,36.36532],[127.62234,36.36568],[127.62259,36.36716],[127.62183,36.36862],[127.62104,36.37071],[127.62088,36.37189],[127.62086,36.37605],[127.62103,36.37633],[127.62237,36.37749],[127.62364,36.37831],[127.62469,36.37888],[127.62664,36.37975],[127.62829,36.38029],[127.63077,36.38092],[127.63031,36.38188],[127.62983,36.38236],[127.62972,36.38283],[127.63022,36.38487],[127.63054,36.38596],[127.63069,36.38706],[127.63069,36.3879],[127.62965,36.38822],[127.62817,36.38804],[127.62754,36.3878],[127.62681,36.38727],[127.62672,36.38709],[127.62647,36.38661],[127.62593,36.3863],[127.61933,36.38416],[127.61351,36.38455],[127.61284,36.38465],[127.61081,36.38538],[127.61051,36.38556],[127.6098,36.38611],[127.60975,36.38641],[127.60973,36.38678],[127.6096,36.38697],[127.60926,36.38717],[127.60895,36.38725],[127.60421,36.38835],[127.60392,36.38835],[127.60338,36.38798],[127.6031,36.38767],[127.60234,36.38744],[127.60097,36.38742],[127.59535,36.38765],[127.59475,36.38777],[127.59457,36.38793],[127.59387,36.38876],[127.5923,36.39065],[127.5916,36.39166],[127.59136,36.39188],[127.59058,36.39244],[127.59021,36.39268],[127.58962,36.39269],[127.58922,36.39269],[127.58875,36.39256],[127.58526,36.39093],[127.58476,36.3907],[127.58231,36.38976],[127.57767,36.38902],[127.57724,36.38908],[127.57408,36.39113],[127.57232,36.39255],[127.57224,36.39275],[127.5717,36.39338],[127.56959,36.39677],[127.56964,36.3971],[127.57006,36.39892],[127.57093,36.40166],[127.57201,36.40227],[127.57821,36.40658],[127.57911,36.40735],[127.58021,36.4085],[127.58094,36.40966],[127.58158,36.41107],[127.58191,36.41231],[127.5822,36.41417],[127.5823,36.41512],[127.5827,36.41662],[127.58333,36.41811],[127.5836,36.41821],[127.58382,36.41822],[127.58427,36.41806],[127.5857,36.41697],[127.58593,36.41672],[127.58603,36.41625],[127.58539,36.41545],[127.58547,36.41533],[127.58809,36.41326],[127.58836,36.41305],[127.59021,36.41198],[127.59085,36.41178],[127.59651,36.41075],[127.59666,36.41073],[127.5969,36.41084],[127.59716,36.41108],[127.59739,36.41137],[127.5976,36.41164],[127.59776,36.41177],[127.59787,36.41184],[127.598,36.41193],[127.59815,36.41199],[127.59839,36.41205],[127.59853,36.41204],[127.59859,36.41204],[127.59874,36.41201],[127.59889,36.4118],[127.59899,36.41082],[127.59902,36.40975],[127.5989,36.40905],[127.59877,36.40878],[127.59876,36.40852],[127.59885,36.4082],[127.59898,36.40792],[127.6004,36.40744],[127.60112,36.40725],[127.60125,36.40726],[127.60142,36.40734],[127.60166,36.40782],[127.60186,36.40851],[127.60466,36.40791],[127.60398,36.40585],[127.60397,36.40421],[127.60397,36.40407],[127.60401,36.40396],[127.60624,36.40348],[127.60786,36.40315],[127.61032,36.40304],[127.61111,36.40315],[127.61161,36.40327],[127.61226,36.40347],[127.61339,36.40426],[127.61398,36.40499],[127.61576,36.4074],[127.61586,36.40757],[127.61669,36.40913],[127.61723,36.4106],[127.61742,36.41174],[127.61744,36.41213],[127.61728,36.41293],[127.61708,36.41333],[127.61704,36.41348],[127.6177,36.41513],[127.6186,36.41677],[127.61887,36.41705],[127.61935,36.41711],[127.61945,36.41706],[127.61959,36.41697],[127.6205,36.41691],[127.621,36.41691],[127.62136,36.41701],[127.6214,36.41708],[127.62137,36.41736],[127.62112,36.41775],[127.62081,36.41821],[127.61986,36.4187],[127.61851,36.41938],[127.61753,36.41991],[127.61723,36.42017],[127.6151,36.42259],[127.61503,36.42279],[127.61494,36.4233],[127.61499,36.42378],[127.61538,36.42486],[127.61576,36.42558],[127.61627,36.42638],[127.62002,36.425],[127.62128,36.42402],[127.62262,36.42272],[127.62355,36.42232],[127.6238,36.42224],[127.6244,36.42247],[127.62495,36.42341],[127.62739,36.42772],[127.62805,36.42887],[127.62842,36.4327],[127.62856,36.43451],[127.6289,36.43507],[127.6294,36.4357],[127.63002,36.43648],[127.63203,36.4387],[127.63253,36.43894],[127.63431,36.43811],[127.63536,36.43752],[127.63626,36.43701],[127.63681,36.43649],[127.6396,36.43763],[127.63993,36.43952],[127.64132,36.4423],[127.6415,36.44262],[127.64206,36.44326],[127.64371,36.44501],[127.64446,36.44521],[127.64542,36.44521],[127.64598,36.44504],[127.64734,36.44379],[127.65079,36.44248],[127.65324,36.43917],[127.65382,36.43856],[127.65539,36.43778],[127.65594,36.43778],[127.6577,36.43797],[127.66152,36.44167],[127.6633,36.44382],[127.66324,36.44408],[127.6637,36.44459],[127.6648,36.44502],[127.66529,36.44507],[127.66581,36.44496],[127.66665,36.44455],[127.66878,36.44335],[127.67391,36.44225],[127.67531,36.442],[127.67549,36.44037],[127.67561,36.43865],[127.67599,36.43745],[127.67635,36.43726],[127.67765,36.43678],[127.67977,36.43643],[127.68052,36.43616],[127.68064,36.43579],[127.67956,36.42963],[127.67894,36.42846],[127.67885,36.42827],[127.67855,36.42713],[127.67852,36.42693],[127.67859,36.4258],[127.67866,36.4252],[127.6788,36.42443],[127.68014,36.41995],[127.68103,36.41903],[127.68165,36.41853],[127.68289,36.41788],[127.68377,36.41758],[127.68488,36.41817],[127.6859,36.41848],[127.68655,36.4184],[127.68676,36.41838],[127.68752,36.41819],[127.69437,36.41573],[127.69544,36.41522],[127.6971,36.41452],[127.69802,36.4142],[127.70011,36.41351],[127.70053,36.41352],[127.70166,36.41376],[127.70407,36.41456]]]]}},{"type":"Feature","properties":{"adm_cd":"33530340","adm_nm":"충청북도 옥천군 청성면"},"geometry":{"type":"MultiPolygon","coordinates":[[[[127.75733,36.39012],[127.75713,36.38919],[127.75828,36.38413],[127.75814,36.37859],[127.75826,36.37793],[127.75827,36.37787],[127.75999,36.37761],[127.76445,36.37716],[127.76487,36.37747],[127.76674,36.37775],[127.76854,36.37736],[127.77233,36.37397],[127.77354,36.37284],[127.77384,36.37241],[127.77414,36.37185],[127.77396,36.36987],[127.77552,36.36816],[127.77861,36.36587],[127.78096,36.36565],[127.78159,36.36432],[127.78209,36.35947],[127.7813,36.3587],[127.77987,36.35808],[127.77851,36.35788],[127.77713,36.35693],[127.77297,36.35347],[127.7725,36.35298],[127.77093,36.34916],[127.77113,36.3483],[127.77176,36.34606],[127.77172,36.34575],[127.77095,36.34434],[127.76905,36.34404],[127.76688,36.3435],[127.76593,36.3432],[127.76352,36.34235],[127.76295,36.34209],[127.76274,36.34191],[127.7635,36.34054],[127.76376,36.33894],[127.76391,36.33627],[127.76378,36.33567],[127.76323,36.33421],[127.76498,36.33168],[127.76547,36.32807],[127.76522,36.32147],[127.76462,36.31964],[127.76336,36.31754],[127.76251,36.31686],[127.76206,36.3165],[127.76235,36.31616],[127.76283,36.31609],[127.76403,36.31602],[127.76439,36.316],[127.76492,36.31603],[127.76625,36.31692],[127.76791,36.31771],[127.77035,36.31847],[127.77262,36.3156],[127.7752,36.31232],[127.77639,36.30932],[127.77812,36.30581],[127.78027,36.30269],[127.78185,36.29915],[127.78245,36.29757],[127.78202,36.29642],[127.78162,36.29492],[127.7817,36.29388],[127.78195,36.29357],[127.78237,36.29333],[127.78262,36.2931],[127.7826,36.29269],[127.7825,36.2924],[127.78114,36.29131],[127.77933,36.29071],[127.77834,36.2899],[127.77731,36.29004],[127.77654,36.2905],[127.77597,36.29122],[127.77606,36.29157],[127.77592,36.2918],[127.77527,36.29173],[127.77292,36.29121],[127.77069,36.28984],[127.76941,36.28886],[127.7699,36.28808],[127.76985,36.28662],[127.76955,36.28576],[127.76911,36.28526],[127.76839,36.28501],[127.76765,36.28524],[127.76634,36.28515],[127.76406,36.28422],[127.76442,36.28289],[127.76265,36.28082],[127.76202,36.28011],[127.76141,36.27889],[127.76138,36.27775],[127.76185,36.27588],[127.76209,36.27471],[127.76168,36.27292],[127.76145,36.27212],[127.7611,36.27133],[127.76005,36.27045],[127.75433,36.26857],[127.75406,36.26861],[127.75332,36.26887],[127.75041,36.26955],[127.74266,36.2709],[127.73724,36.27249],[127.73494,36.27392],[127.73309,36.27509],[127.73077,36.2736],[127.7305,36.27211],[127.72946,36.27213],[127.72843,36.27149],[127.72631,36.27065],[127.7256,36.2705],[127.72557,36.27046],[127.72543,36.27022],[127.72498,36.26876],[127.72491,36.26851],[127.72423,36.26777],[127.72341,36.26726],[127.72244,36.26666],[127.7211,36.26625],[127.72058,36.26611],[127.7201,36.26626],[127.71928,36.26651],[127.71893,36.26734],[127.71894,36.26782],[127.71918,36.26975],[127.71886,36.26975],[127.71409,36.2681],[127.71365,36.26792],[127.71322,36.26773],[127.71279,36.26643],[127.71308,36.26553],[127.71365,36.26428],[127.71159,36.26697],[127.71009,36.26834],[127.70974,36.26837],[127.70803,36.26911],[127.70789,36.26939],[127.7074,36.27152],[127.70757,36.27233],[127.70752,36.27276],[127.70592,36.27503],[127.70485,36.2748],[127.70464,36.27473],[127.7038,36.27469],[127.70286,36.27465],[127.70198,36.27466],[127.70153,36.2747],[127.70138,36.27477],[127.70125,36.27483],[127.70049,36.27519],[127.69741,36.27609],[127.69496,36.27584],[127.69414,36.276],[127.6934,36.27615],[127.69297,36.27675],[127.69306,36.27713],[127.69359,36.27757],[127.69445,36.27803],[127.69494,36.27826],[127.69509,36.27833],[127.69547,36.2785],[127.69585,36.27867],[127.6972,36.28009],[127.69829,36.28258],[127.69836,36.28409],[127.697,36.28754],[127.69258,36.2909],[127.68795,36.29196],[127.68701,36.29199],[127.68041,36.29222],[127.67776,36.29231],[127.67428,36.29243],[127.67081,36.29254],[127.66763,36.29459],[127.66759,36.29462],[127.66734,36.29478],[127.66705,36.29497],[127.66232,36.30522],[127.66677,36.311],[127.67184,36.3104],[127.68371,36.30344],[127.69039,36.30358],[127.69176,36.30568],[127.69145,36.31382],[127.68807,36.31594],[127.68494,36.31723],[127.68366,36.31791],[127.68357,36.31807],[127.68349,36.31826],[127.68351,36.31842],[127.68372,36.31866],[127.68396,36.31891],[127.68562,36.31998],[127.68577,36.31998],[127.68587,36.31997],[127.68746,36.31971],[127.68841,36.31919],[127.69267,36.31812],[127.69485,36.31793],[127.69547,36.31787],[127.6982,36.32066],[127.70074,36.32369],[127.70051,36.32543],[127.70061,36.32614],[127.70111,36.32813],[127.70189,36.33033],[127.70369,36.33183],[127.70347,36.33257],[127.70325,36.3333],[127.70211,36.33554],[127.70132,36.33702],[127.70051,36.33812],[127.70034,36.33842],[127.69948,36.33993],[127.70069,36.34159],[127.70101,36.3433],[127.7015,36.34648],[127.70202,36.34732],[127.70619,36.34895],[127.70657,36.34895],[127.70737,36.34894],[127.71007,36.34971],[127.71013,36.35183],[127.70956,36.35262],[127.7086,36.35385],[127.70941,36.35669],[127.70972,36.35686],[127.71021,36.35705],[127.71136,36.35745],[127.71178,36.35774],[127.71321,36.35915],[127.71348,36.35976],[127.71309,36.36098],[127.71294,36.36142],[127.71,36.36671],[127.70893,36.36963],[127.7064,36.37147],[127.7051,36.37417],[127.70601,36.37559],[127.70651,36.37615],[127.70698,36.37652],[127.70787,36.37838],[127.70818,36.37956],[127.70848,36.38023],[127.70884,36.38082],[127.71092,36.38171],[127.71237,36.38187],[127.71476,36.38135],[127.71504,36.3812],[127.71529,36.38106],[127.71564,36.38062],[127.71647,36.37964],[127.71767,36.37938],[127.71886,36.37916],[127.72009,36.37905],[127.72201,36.37914],[127.72558,36.38147],[127.72814,36.38322],[127.72886,36.38394],[127.73059,36.38617],[127.73063,36.38667],[127.73059,36.38745],[127.73042,36.38906],[127.73124,36.38978],[127.73191,36.39107],[127.73269,36.39347],[127.73343,36.39421],[127.73705,36.39166],[127.73869,36.39022],[127.73883,36.38969],[127.74026,36.38951],[127.74108,36.3889],[127.74253,36.38756],[127.74277,36.38692],[127.74655,36.38584],[127.74738,36.3859],[127.74787,36.38602],[127.74836,36.38708],[127.74821,36.38728],[127.74836,36.38763],[127.74953,36.38831],[127.75485,36.3903],[127.75573,36.39061],[127.75733,36.39012]]]]}},{"type":"Feature","properties":{"adm_cd":"33530350","adm_nm":"충청북도 옥천군 청산면"},"geometry":{"type":"MultiPolygon","coordinates":[[[[127.87963,36.37151],[127.88092,36.37114],[127.8835,36.37069],[127.88505,36.36895],[127.8853,36.36778],[127.88539,36.3671],[127.88526,36.3663],[127.88629,36.36393],[127.8882,36.36287],[127.88951,36.36221],[127.89088,36.36079],[127.89117,36.36018],[127.89133,36.35955],[127.89105,36.35738],[127.8908,36.35671],[127.88866,36.3558],[127.88612,36.35475],[127.88594,36.3546],[127.88554,36.35373],[127.88522,36.35223],[127.88516,36.35169],[127.88515,36.35128],[127.88536,36.35057],[127.88233,36.34595],[127.88218,36.34577],[127.88145,36.34486],[127.87995,36.34522],[127.87701,36.34555],[127.87502,36.3455],[127.87355,36.34497],[127.86977,36.34356],[127.8698,36.34351],[127.87039,36.34239],[127.87054,36.34179],[127.87053,36.34123],[127.87,36.33984],[127.86747,36.33641],[127.8651,36.33643],[127.86474,36.3366],[127.86366,36.33656],[127.86218,36.33621],[127.86185,36.33606],[127.86155,36.33577],[127.86012,36.33396],[127.8563,36.33107],[127.85464,36.33067],[127.85402,36.33116],[127.85351,36.33163],[127.85315,36.33173],[127.85209,36.3304],[127.85105,36.32664],[127.85136,36.32416],[127.85066,36.32061],[127.84905,36.31931],[127.84866,36.31902],[127.84814,36.31869],[127.84673,36.31809],[127.84616,36.31827],[127.8461,36.31829],[127.84564,36.31771],[127.84495,36.31626],[127.84398,36.31653],[127.84022,36.31547],[127.8361,36.31342],[127.83508,36.31257],[127.82914,36.31011],[127.82739,36.31008],[127.82581,36.31022],[127.82501,36.31003],[127.82374,36.30888],[127.82266,36.30771],[127.82258,36.30727],[127.82301,36.30676],[127.82286,36.30632],[127.82083,36.30524],[127.82079,36.30527],[127.82022,36.30578],[127.8197,36.30711],[127.81928,36.30912],[127.81722,36.31024],[127.81604,36.30924],[127.81426,36.30826],[127.81372,36.30821],[127.81162,36.30877],[127.81,36.30906],[127.80785,36.30914],[127.80726,36.30822],[127.80639,36.30704],[127.805,36.30543],[127.80342,36.30449],[127.80302,36.30432],[127.80248,36.30427],[127.80142,36.30408],[127.80056,36.30336],[127.80019,36.30215],[127.8009,36.30082],[127.79972,36.29856],[127.79497,36.29788],[127.79467,36.29715],[127.79497,36.29657],[127.7951,36.29626],[127.79503,36.29515],[127.7947,36.29075],[127.79441,36.29053],[127.79255,36.29093],[127.79101,36.29134],[127.78879,36.29112],[127.78797,36.29023],[127.78763,36.28908],[127.7794,36.28958],[127.77834,36.2899],[127.77933,36.29071],[127.78114,36.29131],[127.7825,36.2924],[127.7826,36.29269],[127.78262,36.2931],[127.78237,36.29333],[127.78195,36.29357],[127.7817,36.29388],[127.78162,36.29492],[127.78202,36.29642],[127.78245,36.29757],[127.78185,36.29915],[127.78027,36.30269],[127.77812,36.30581],[127.77639,36.30932],[127.7752,36.31232],[127.77262,36.3156],[127.77035,36.31847],[127.76791,36.31771],[127.76625,36.31692],[127.76492,36.31603],[127.76439,36.316],[127.76403,36.31602],[127.76283,36.31609],[127.76235,36.31616],[127.76206,36.3165],[127.76251,36.31686],[127.76336,36.31754],[127.76462,36.31964],[127.76522,36.32147],[127.76547,36.32807],[127.76498,36.33168],[127.76323,36.33421],[127.76378,36.33567],[127.76391,36.33627],[127.76376,36.33894],[127.7635,36.34054],[127.76274,36.34191],[127.76295,36.34209],[127.76352,36.34235],[127.76593,36.3432],[127.76688,36.3435],[127.76905,36.34404],[127.77095,36.34434],[127.77172,36.34575],[127.77176,36.34606],[127.77113,36.3483],[127.77093,36.34916],[127.7725,36.35298],[127.77297,36.35347],[127.77713,36.35693],[127.77851,36.35788],[127.77987,36.35808],[127.7813,36.3587],[127.78209,36.35947],[127.78159,36.36432],[127.78096,36.36565],[127.77861,36.36587],[127.77552,36.36816],[127.77396,36.36987],[127.77414,36.37185],[127.77384,36.37241],[127.77354,36.37284],[127.77233,36.37397],[127.76854,36.37736],[127.76674,36.37775],[127.76487,36.37747],[127.76445,36.37716],[127.75999,36.37761],[127.75827,36.37787],[127.75826,36.37793],[127.75814,36.37859],[127.75828,36.38413],[127.75713,36.38919],[127.75733,36.39012],[127.75801,36.39103],[127.75983,36.39102],[127.76017,36.39125],[127.76077,36.39189],[127.76236,36.39376],[127.76496,36.39124],[127.76531,36.39022],[127.76579,36.38998],[127.77053,36.3878],[127.77469,36.38722],[127.77537,36.38726],[127.77673,36.3874],[127.77699,36.38753],[127.77712,36.38793],[127.77736,36.38839],[127.77815,36.38867],[127.78008,36.38888],[127.78122,36.38887],[127.78151,36.38869],[127.78163,36.38821],[127.78219,36.38744],[127.78281,36.38711],[127.78371,36.38697],[127.78591,36.38713],[127.78661,36.38731],[127.78777,36.38761],[127.78981,36.38862],[127.79108,36.38833],[127.79264,36.3866],[127.7945,36.38457],[127.79715,36.38346],[127.80121,36.38248],[127.80156,36.38245],[127.81455,36.38154],[127.81552,36.38191],[127.81655,36.38184],[127.81884,36.38146],[127.82287,36.3798],[127.82423,36.37847],[127.82464,36.37734],[127.82836,36.37473],[127.83178,36.37271],[127.83172,36.37198],[127.83176,36.37071],[127.83196,36.37025],[127.83253,36.36928],[127.83506,36.36882],[127.8353,36.36892],[127.83567,36.36912],[127.83611,36.36951],[127.83643,36.37079],[127.83668,36.37184],[127.83701,36.37307],[127.83727,36.3732],[127.83795,36.37323],[127.83847,36.37285],[127.83992,36.37238],[127.84229,36.37166],[127.8437,36.37154],[127.84457,36.37182],[127.84666,36.37212],[127.85014,36.37172],[127.85144,36.37152],[127.85295,36.37097],[127.85594,36.37248],[127.85725,36.37321],[127.85747,36.37346],[127.85749,36.37379],[127.85825,36.37411],[127.8583,36.37412],[127.85928,36.37432],[127.86219,36.37399],[127.86374,36.37345],[127.8661,36.37306],[127.86634,36.37304],[127.86685,36.37301],[127.86919,36.37335],[127.87031,36.37364],[127.87112,36.37292],[127.87172,36.37207],[127.87258,36.37162],[127.8734,36.37132],[127.87464,36.37092],[127.87543,36.37152],[127.87628,36.37168],[127.87894,36.37159],[127.87963,36.37151]]]]}},{"type":"Feature","properties":{"adm_cd":"33530360","adm_nm":"충청북도 옥천군 이원면"},"geometry":{"type":"MultiPolygon","coordinates":[[[[127.70167,36.26136],[127.70059,36.25974],[127.69944,36.25827],[127.69828,36.25438],[127.69685,36.25136],[127.69601,36.25051],[127.69569,36.25044],[127.69394,36.25007],[127.69303,36.24975],[127.69294,36.24815],[127.69338,36.24621],[127.69331,36.24442],[127.69172,36.23927],[127.6887,36.23682],[127.68692,36.23512],[127.6826,36.23102],[127.68272,36.22996],[127.68311,36.22943],[127.68305,36.22896],[127.68259,36.22833],[127.68162,36.22713],[127.67835,36.22459],[127.67324,36.22306],[127.66335,36.22356],[127.66199,36.22439],[127.66082,36.22511],[127.66016,36.22584],[127.65963,36.2264],[127.65677,36.22855],[127.65599,36.22902],[127.65544,36.22842],[127.6546,36.22713],[127.65361,36.22609],[127.65065,36.22508],[127.65021,36.22267],[127.65015,36.22173],[127.65008,36.22003],[127.65047,36.21882],[127.65149,36.21798],[127.65176,36.21742],[127.65192,36.21639],[127.65193,36.21546],[127.65168,36.21466],[127.6501,36.21256],[127.64964,36.21145],[127.64922,36.2102],[127.64866,36.20844],[127.64858,36.20755],[127.64861,36.20697],[127.6496,36.20371],[127.65047,36.20203],[127.65245,36.19941],[127.6521,36.19692],[127.65188,36.19641],[127.65202,36.19421],[127.65257,36.19411],[127.65372,36.19341],[127.65452,36.19188],[127.65364,36.18852],[127.65335,36.18801],[127.65216,36.18672],[127.65161,36.18631],[127.65015,36.18511],[127.65056,36.18347],[127.65201,36.18118],[127.65307,36.18],[127.65471,36.17727],[127.65462,36.1767],[127.65427,36.17596],[127.65205,36.17152],[127.65148,36.17119],[127.65048,36.17074],[127.64945,36.17069],[127.64619,36.17086],[127.64522,36.17109],[127.64405,36.17171],[127.63921,36.17539],[127.63578,36.17865],[127.63416,36.18079],[127.63362,36.1806],[127.63228,36.17985],[127.63001,36.17867],[127.6271,36.17777],[127.62537,36.17857],[127.62503,36.17903],[127.624,36.18079],[127.62076,36.18177],[127.61972,36.18168],[127.61883,36.18157],[127.61788,36.18204],[127.61464,36.18388],[127.6141,36.18369],[127.61344,36.1833],[127.61162,36.18286],[127.61057,36.18327],[127.60959,36.18411],[127.60926,36.18507],[127.6092,36.18513],[127.60909,36.18521],[127.60898,36.18527],[127.60851,36.18538],[127.6083,36.18538],[127.60813,36.18537],[127.60802,36.18535],[127.60792,36.18532],[127.60677,36.18492],[127.60664,36.18487],[127.60656,36.1848],[127.60491,36.18445],[127.60236,36.18392],[127.60227,36.1839],[127.60216,36.1839],[127.60194,36.18392],[127.59812,36.18435],[127.59762,36.18591],[127.59739,36.18645],[127.5966,36.18812],[127.59625,36.18827],[127.59578,36.18871],[127.59556,36.18899],[127.59354,36.1918],[127.59328,36.19218],[127.59321,36.19257],[127.59284,36.19515],[127.59291,36.19531],[127.59308,36.19567],[127.59501,36.19818],[127.5952,36.19839],[127.59546,36.19866],[127.59649,36.19927],[127.59742,36.20007],[127.59789,36.20062],[127.59824,36.20154],[127.59927,36.20451],[127.5992,36.20574],[127.59917,36.20613],[127.59837,36.20939],[127.59709,36.21284],[127.59788,36.21426],[127.59792,36.21553],[127.59792,36.2157],[127.5978,36.21741],[127.59681,36.21814],[127.59609,36.21864],[127.59604,36.21868],[127.59266,36.22096],[127.59074,36.22229],[127.58664,36.22657],[127.58629,36.22788],[127.58532,36.22976],[127.58496,36.23009],[127.58491,36.23012],[127.58452,36.23042],[127.58385,36.2309],[127.5832,36.23136],[127.57914,36.23306],[127.57873,36.23301],[127.57691,36.23272],[127.57401,36.23224],[127.57041,36.2329],[127.5693,36.2342],[127.5692,36.23516],[127.56895,36.2365],[127.5672,36.24143],[127.56606,36.24238],[127.56609,36.24314],[127.56631,36.24468],[127.56683,36.24687],[127.56802,36.2477],[127.57021,36.24686],[127.57207,36.2467],[127.57235,36.24677],[127.57264,36.24685],[127.57325,36.24708],[127.57359,36.24742],[127.57382,36.24766],[127.57403,36.24832],[127.57394,36.24879],[127.5746,36.25048],[127.57554,36.25171],[127.58034,36.25355],[127.58073,36.2535],[127.5811,36.25345],[127.58425,36.25233],[127.58679,36.25033],[127.58736,36.25013],[127.5879,36.24993],[127.58846,36.24988],[127.58904,36.24982],[127.58979,36.24994],[127.58982,36.25007],[127.59001,36.25052],[127.59038,36.25092],[127.59085,36.25142],[127.5941,36.25381],[127.59479,36.25421],[127.59482,36.25423],[127.59518,36.25443],[127.59563,36.25468],[127.59769,36.25536],[127.59808,36.25558],[127.59861,36.25588],[127.59864,36.2559],[127.59867,36.25592],[127.59884,36.25626],[127.59892,36.25643],[127.59867,36.25914],[127.60051,36.25925],[127.60248,36.25904],[127.60281,36.25909],[127.60426,36.25938],[127.60806,36.26031],[127.6138,36.26195],[127.61773,36.26319],[127.61886,36.26332],[127.62095,36.26328],[127.62153,36.26315],[127.62181,36.26303],[127.62293,36.26297],[127.62745,36.26275],[127.62814,36.26327],[127.62844,36.26372],[127.62864,36.26388],[127.62976,36.26339],[127.6303,36.26297],[127.63128,36.2622],[127.63257,36.26135],[127.63467,36.26029],[127.63669,36.25968],[127.63994,36.2602],[127.64008,36.26024],[127.64118,36.26079],[127.6453,36.262],[127.6485,36.26288],[127.65115,36.26367],[127.65173,36.26405],[127.65251,36.26462],[127.65304,36.26496],[127.65494,36.26506],[127.65555,36.265],[127.65645,36.26481],[127.65764,36.26505],[127.65779,36.26529],[127.65824,36.26642],[127.65823,36.26719],[127.65912,36.26737],[127.66247,36.26763],[127.66622,36.26632],[127.66786,36.26573],[127.66842,36.2655],[127.66912,36.26508],[127.67025,36.26394],[127.67052,36.26369],[127.67514,36.26024],[127.67578,36.26006],[127.67667,36.26027],[127.68209,36.26074],[127.68466,36.2606],[127.68529,36.26123],[127.68612,36.26174],[127.68775,36.2622],[127.69447,36.26329],[127.69795,36.26334],[127.70126,36.26168],[127.70167,36.26136]]]]}},{"type":"Feature","properties":{"adm_cd":"33530370","adm_nm":"충청북도 옥천군 군서면"},"geometry":{"type":"MultiPolygon","coordinates":[[[[127.54213,36.31667],[127.54588,36.3141],[127.54757,36.31369],[127.54992,36.31305],[127.55023,36.31292],[127.55123,36.31246],[127.5516,36.31202],[127.55099,36.31136],[127.55098,36.31123],[127.55095,36.31087],[127.55397,36.30716],[127.55409,36.30711],[127.55473,36.30702],[127.55527,36.307],[127.55646,36.30669],[127.55603,36.30461],[127.55409,36.30316],[127.55271,36.30246],[127.55254,36.30244],[127.55203,36.30239],[127.55129,36.30217],[127.54899,36.30046],[127.54741,36.29886],[127.54719,36.29858],[127.54713,36.29819],[127.54746,36.29773],[127.54743,36.29742],[127.54735,36.29671],[127.54713,36.29625],[127.54666,36.2956],[127.54514,36.29412],[127.54274,36.29161],[127.53956,36.28712],[127.53972,36.28562],[127.53974,36.28556],[127.53995,36.28465],[127.54168,36.28185],[127.54368,36.28103],[127.54476,36.28074],[127.5454,36.28046],[127.54629,36.27972],[127.54694,36.2791],[127.55083,36.27321],[127.55211,36.27009],[127.55316,36.26965],[127.55402,36.26955],[127.55418,36.26953],[127.55525,36.26865],[127.55658,36.26506],[127.55694,36.26407],[127.55735,36.26234],[127.55953,36.25992],[127.56193,36.25837],[127.5621,36.25746],[127.56432,36.25331],[127.56517,36.25174],[127.56582,36.25091],[127.56634,36.25058],[127.56705,36.25024],[127.56746,36.25012],[127.56758,36.24967],[127.56802,36.2477],[127.56683,36.24687],[127.56631,36.24468],[127.56609,36.24314],[127.56606,36.24238],[127.5672,36.24143],[127.56895,36.2365],[127.5692,36.23516],[127.5693,36.2342],[127.57041,36.2329],[127.56973,36.23199],[127.56923,36.23162],[127.56666,36.23079],[127.56612,36.23064],[127.5628,36.2301],[127.56182,36.22998],[127.56102,36.22998],[127.55987,36.23007],[127.55905,36.23025],[127.55585,36.23079],[127.55302,36.23045],[127.55056,36.23018],[127.54976,36.23013],[127.54807,36.23004],[127.54662,36.23017],[127.54675,36.23134],[127.54822,36.23456],[127.54979,36.23832],[127.54967,36.23867],[127.54961,36.23884],[127.54923,36.23934],[127.54883,36.23956],[127.54854,36.23973],[127.5431,36.24191],[127.54242,36.24176],[127.54212,36.24167],[127.54157,36.24168],[127.54056,36.24188],[127.5379,36.24294],[127.53678,36.24456],[127.53505,36.24749],[127.53514,36.24814],[127.53553,36.24931],[127.53616,36.2502],[127.53654,36.25099],[127.53663,36.25116],[127.53624,36.25142],[127.53616,36.25147],[127.536,36.25158],[127.53353,36.25132],[127.53327,36.25123],[127.53289,36.25085],[127.53249,36.25022],[127.52903,36.24852],[127.52864,36.24852],[127.52792,36.24843],[127.52441,36.24677],[127.52395,36.24653],[127.52374,36.24586],[127.52361,36.24545],[127.5182,36.24069],[127.51784,36.24052],[127.51706,36.24045],[127.51561,36.24054],[127.51508,36.24097],[127.51475,36.24121],[127.51381,36.24171],[127.51327,36.24179],[127.51207,36.24167],[127.51178,36.24125],[127.51177,36.24095],[127.51177,36.24087],[127.51173,36.24057],[127.51159,36.24029],[127.51071,36.23965],[127.51019,36.23934],[127.50958,36.23908],[127.5092,36.23896],[127.50878,36.23882],[127.50651,36.23842],[127.50346,36.23817],[127.50029,36.23826],[127.49908,36.2384],[127.49696,36.23849],[127.49562,36.23838],[127.49277,36.23809],[127.4927,36.23933],[127.49288,36.23961],[127.49298,36.23976],[127.49334,36.2402],[127.49336,36.2407],[127.49259,36.24471],[127.49217,36.24507],[127.49192,36.24527],[127.49152,36.24523],[127.49117,36.24519],[127.49046,36.24514],[127.49026,36.24522],[127.48991,36.24534],[127.48964,36.24547],[127.48954,36.24552],[127.4893,36.2459],[127.48852,36.24736],[127.48769,36.25062],[127.48756,36.2515],[127.48867,36.25273],[127.48896,36.2528],[127.48918,36.25286],[127.48993,36.25294],[127.49015,36.25339],[127.49029,36.25394],[127.48981,36.25789],[127.48931,36.25824],[127.48885,36.25838],[127.488,36.25836],[127.48752,36.25833],[127.48619,36.25924],[127.48615,36.25981],[127.48625,36.26144],[127.48766,36.2652],[127.48859,36.26744],[127.48936,36.27003],[127.48886,36.27123],[127.4886,36.27225],[127.48847,36.27281],[127.48846,36.27287],[127.48852,36.27306],[127.48858,36.27324],[127.49425,36.27773],[127.49521,36.27847],[127.49625,36.27911],[127.49666,36.27947],[127.49807,36.28126],[127.49826,36.28287],[127.4973,36.28668],[127.4967,36.28709],[127.49121,36.29658],[127.49101,36.29694],[127.49131,36.29844],[127.49014,36.30022],[127.489,36.30084],[127.49202,36.29985],[127.4933,36.30003],[127.49869,36.30404],[127.49945,36.30528],[127.49915,36.30581],[127.50093,36.3063],[127.50215,36.30706],[127.50476,36.3087],[127.50786,36.31093],[127.50923,36.31197],[127.5103,36.31256],[127.51279,36.31339],[127.51461,36.31358],[127.51566,36.31367],[127.51846,36.31461],[127.51943,36.31525],[127.51992,36.31554],[127.52246,36.31685],[127.5237,36.31744],[127.52452,36.31747],[127.52499,36.31749],[127.52652,36.31683],[127.52922,36.31655],[127.53027,36.31645],[127.53244,36.31666],[127.53415,36.31703],[127.538,36.31763],[127.5387,36.31764],[127.53985,36.31758],[127.54048,36.31742],[127.54213,36.31667]]]]}},{"type":"Feature","properties":{"adm_cd":"33530380","adm_nm":"충청북도 옥천군 군북면"},"geometry":{"type":"MultiPolygon","coordinates":[[[[127.59579,36.33743],[127.5949,36.33721],[127.59281,36.3369],[127.59196,36.33714],[127.59107,36.3371],[127.59043,36.33667],[127.58985,36.33623],[127.59003,36.33524],[127.59022,36.33464],[127.59007,36.3338],[127.58983,36.33319],[127.58934,36.3331],[127.58862,36.33319],[127.58767,36.33368],[127.5873,36.33399],[127.58702,36.3343],[127.58661,36.3347],[127.58571,36.33544],[127.58529,36.33571],[127.58448,36.33585],[127.58374,36.33571],[127.58356,36.3356],[127.5803,36.33308],[127.5802,36.33299],[127.5797,36.33015],[127.58064,36.32987],[127.58092,36.32964],[127.58138,36.3286],[127.58113,36.3263],[127.58095,36.32615],[127.58085,36.3261],[127.57932,36.32543],[127.57862,36.32514],[127.57837,36.32508],[127.578,36.32518],[127.57674,36.32547],[127.575,36.32529],[127.57019,36.32436],[127.5677,36.32365],[127.56685,36.32339],[127.56435,36.32375],[127.56236,36.32694],[127.5604,36.33033],[127.55899,36.33173],[127.55854,36.33213],[127.55616,36.33405],[127.55554,36.33426],[127.55549,36.33428],[127.55545,36.33416],[127.55552,36.33368],[127.55675,36.33249],[127.55748,36.33205],[127.55812,36.33169],[127.55832,36.33134],[127.55825,36.33091],[127.55775,36.33028],[127.55689,36.32959],[127.55471,36.32765],[127.55459,36.32694],[127.55434,36.3261],[127.55272,36.32481],[127.54957,36.32313],[127.54826,36.32245],[127.54757,36.32224],[127.54727,36.32215],[127.5455,36.32165],[127.54512,36.32149],[127.54228,36.31786],[127.54206,36.31726],[127.542,36.31682],[127.54213,36.31667],[127.54048,36.31742],[127.53985,36.31758],[127.5387,36.31764],[127.538,36.31763],[127.53415,36.31703],[127.53244,36.31666],[127.53027,36.31645],[127.52922,36.31655],[127.52652,36.31683],[127.52499,36.31749],[127.52452,36.31747],[127.5237,36.31744],[127.52246,36.31685],[127.51992,36.31554],[127.51943,36.31525],[127.51846,36.31461],[127.51566,36.31367],[127.51461,36.31358],[127.51279,36.31339],[127.5103,36.31256],[127.50923,36.31197],[127.50786,36.31093],[127.50476,36.3087],[127.50215,36.30706],[127.50093,36.3063],[127.49915,36.30581],[127.49793,36.30723],[127.49476,36.31169],[127.49572,36.31219],[127.49587,36.31224],[127.49643,36.31239],[127.49926,36.31493],[127.49929,36.31579],[127.49828,36.31895],[127.50018,36.32054],[127.50211,36.32324],[127.50358,36.32576],[127.50353,36.32648],[127.50351,36.3267],[127.50271,36.32805],[127.50205,36.32918],[127.50122,36.3333],[127.50117,36.33738],[127.50125,36.33871],[127.50214,36.33976],[127.50398,36.34022],[127.50571,36.34029],[127.50584,36.3403],[127.50683,36.34064],[127.50847,36.34208],[127.50931,36.3431],[127.50816,36.34394],[127.50792,36.34574],[127.50856,36.34812],[127.50977,36.35045],[127.51419,36.35152],[127.51587,36.353],[127.51847,36.3535],[127.52016,36.35333],[127.52131,36.3532],[127.52308,36.35764],[127.52496,36.36379],[127.52686,36.36929],[127.52672,36.37132],[127.52665,36.37234],[127.52658,36.37335],[127.52642,36.37365],[127.52623,36.37401],[127.52576,36.37456],[127.52562,36.37506],[127.52529,36.37622],[127.52517,36.38366],[127.52521,36.38619],[127.52572,36.38731],[127.5267,36.38797],[127.53177,36.39092],[127.53275,36.39136],[127.53305,36.39153],[127.53331,36.39182],[127.5337,36.39275],[127.5341,36.39368],[127.5346,36.39402],[127.53564,36.39475],[127.53916,36.39719],[127.54123,36.39719],[127.54311,36.39701],[127.54361,36.3961],[127.54466,36.39616],[127.54687,36.39643],[127.54812,36.39676],[127.55077,36.3957],[127.55147,36.39525],[127.55419,36.39473],[127.55416,36.39464],[127.5545,36.39379],[127.55485,36.39321],[127.55525,36.39287],[127.55594,36.39267],[127.55773,36.39361],[127.56398,36.39763],[127.56886,36.40039],[127.57093,36.40166],[127.57006,36.39892],[127.56964,36.3971],[127.56959,36.39677],[127.5717,36.39338],[127.57224,36.39275],[127.57232,36.39255],[127.57408,36.39113],[127.57724,36.38908],[127.57767,36.38902],[127.58231,36.38976],[127.58476,36.3907],[127.58526,36.39093],[127.58875,36.39256],[127.58922,36.39269],[127.58962,36.39269],[127.59021,36.39268],[127.59058,36.39244],[127.59136,36.39188],[127.5916,36.39166],[127.5923,36.39065],[127.59387,36.38876],[127.59457,36.38793],[127.59475,36.38777],[127.59535,36.38765],[127.60097,36.38742],[127.60234,36.38744],[127.6031,36.38767],[127.60338,36.38798],[127.60392,36.38835],[127.60421,36.38835],[127.60895,36.38725],[127.60926,36.38717],[127.6096,36.38697],[127.60973,36.38678],[127.60975,36.38641],[127.6098,36.38611],[127.61051,36.38556],[127.61081,36.38538],[127.61284,36.38465],[127.61351,36.38455],[127.61933,36.38416],[127.62593,36.3863],[127.62647,36.38661],[127.62672,36.38709],[127.62681,36.38727],[127.62754,36.3878],[127.62817,36.38804],[127.62965,36.38822],[127.63069,36.3879],[127.63069,36.38706],[127.63054,36.38596],[127.63022,36.38487],[127.62972,36.38283],[127.62983,36.38236],[127.63031,36.38188],[127.63077,36.38092],[127.62829,36.38029],[127.62664,36.37975],[127.62469,36.37888],[127.62364,36.37831],[127.62237,36.37749],[127.62103,36.37633],[127.62086,36.37605],[127.62088,36.37189],[127.62104,36.37071],[127.62183,36.36862],[127.62259,36.36716],[127.62234,36.36568],[127.62226,36.36532],[127.62138,36.3637],[127.61922,36.36078],[127.61643,36.35721],[127.61565,36.35638],[127.61433,36.35517],[127.61104,36.35354],[127.60865,36.35076],[127.60777,36.35035],[127.60723,36.35017],[127.60674,36.3502],[127.60502,36.34961],[127.60083,36.34546],[127.599,36.34217],[127.59807,36.33966],[127.59796,36.33911],[127.59775,36.33852],[127.59739,36.3382],[127.5962,36.3375],[127.59579,36.33743]]]]}},{"type":"Feature","properties":{"adm_cd":"33540110","adm_nm":"충청북도 영동군 영동읍"},"geometry":{"type":"MultiPolygon","coordinates":[[[[127.84227,36.22608],[127.84334,36.22325],[127.84431,36.22221],[127.84652,36.21993],[127.84707,36.21699],[127.84901,36.21413],[127.8492,36.21376],[127.84931,36.21295],[127.84921,36.21145],[127.84933,36.20967],[127.84972,36.20906],[127.85054,36.20854],[127.85088,36.20777],[127.85092,36.20528],[127.85149,36.20171],[127.85239,36.20197],[127.85314,36.20231],[127.85377,36.20225],[127.85447,36.20209],[127.85572,36.20157],[127.85658,36.20081],[127.85586,36.19895],[127.85571,36.19771],[127.8558,36.19633],[127.85685,36.19471],[127.85754,36.19399],[127.86024,36.19143],[127.86085,36.19109],[127.86211,36.1909],[127.86264,36.19085],[127.86322,36.19062],[127.86461,36.18968],[127.86549,36.18884],[127.86566,36.18861],[127.86596,36.18811],[127.86633,36.1875],[127.86701,36.18664],[127.86875,36.18549],[127.87008,36.18589],[127.87067,36.18602],[127.87472,36.18552],[127.87702,36.18424],[127.87967,36.18154],[127.88011,36.18101],[127.88018,36.18068],[127.87981,36.1788],[127.87956,36.17684],[127.87952,36.17646],[127.88085,36.17466],[127.88221,36.17019],[127.88317,36.169],[127.88299,36.16689],[127.883,36.16603],[127.88309,36.1645],[127.88042,36.16265],[127.87811,36.16262],[127.87469,36.16097],[127.87303,36.15894],[127.8726,36.15642],[127.87343,36.15446],[127.87351,36.15433],[127.87317,36.15302],[127.87271,36.15199],[127.87238,36.15115],[127.87264,36.1502],[127.87327,36.14938],[127.87326,36.14932],[127.87324,36.14921],[127.87304,36.14826],[127.87268,36.14678],[127.87224,36.14528],[127.87205,36.14491],[127.87162,36.14495],[127.87056,36.14503],[127.8698,36.14512],[127.8689,36.14549],[127.86845,36.14567],[127.86768,36.14568],[127.86661,36.14538],[127.86363,36.14418],[127.85991,36.14336],[127.85964,36.14334],[127.85799,36.14243],[127.85614,36.14132],[127.85585,36.14118],[127.855,36.1412],[127.85423,36.14153],[127.85363,36.14188],[127.85243,36.14135],[127.85155,36.14084],[127.85052,36.13954],[127.84945,36.13789],[127.84911,36.13651],[127.84906,36.13605],[127.84902,36.13576],[127.84889,36.13533],[127.84815,36.1337],[127.84749,36.13319],[127.84494,36.13088],[127.84279,36.12849],[127.84134,36.12677],[127.8401,36.12476],[127.83978,36.12244],[127.84003,36.12109],[127.83995,36.12039],[127.83823,36.11873],[127.83711,36.11561],[127.83661,36.11092],[127.83349,36.10378],[127.83327,36.10361],[127.83204,36.10299],[127.83052,36.10206],[127.83033,36.10163],[127.83022,36.10107],[127.83019,36.10063],[127.83039,36.09986],[127.8298,36.09918],[127.8294,36.09886],[127.82807,36.0985],[127.82744,36.09838],[127.82643,36.09866],[127.82535,36.09886],[127.8246,36.0987],[127.8234,36.09821],[127.82309,36.09862],[127.82173,36.10234],[127.82025,36.10777],[127.81994,36.10973],[127.82029,36.11138],[127.82063,36.11264],[127.81998,36.11497],[127.81699,36.11807],[127.81651,36.11832],[127.81537,36.12124],[127.81513,36.12217],[127.81495,36.12315],[127.81522,36.1251],[127.81555,36.12739],[127.816,36.128],[127.81655,36.12948],[127.8165,36.1309],[127.8164,36.13118],[127.81578,36.13273],[127.81549,36.13313],[127.81436,36.13391],[127.81149,36.13592],[127.81001,36.13673],[127.80963,36.13686],[127.80803,36.13703],[127.80726,36.13686],[127.80572,36.13685],[127.80477,36.13714],[127.80185,36.1383],[127.8011,36.13866],[127.80043,36.13974],[127.80036,36.14009],[127.8003,36.14085],[127.79881,36.1419],[127.79728,36.14225],[127.7965,36.14243],[127.79611,36.1424],[127.79528,36.14282],[127.79373,36.14378],[127.79289,36.14477],[127.7921,36.1458],[127.79017,36.14653],[127.78855,36.14719],[127.78722,36.14825],[127.78689,36.1487],[127.7862,36.14932],[127.78583,36.14963],[127.78346,36.14941],[127.78265,36.14912],[127.78216,36.14895],[127.78164,36.14891],[127.78113,36.14907],[127.78093,36.14934],[127.7787,36.15327],[127.77738,36.1561],[127.77474,36.16087],[127.7741,36.16167],[127.77296,36.16286],[127.77201,36.16381],[127.77023,36.16487],[127.76813,36.16435],[127.76807,36.16432],[127.76637,36.16339],[127.76527,36.16278],[127.76228,36.16233],[127.7555,36.16136],[127.75541,36.16141],[127.75428,36.16236],[127.75366,36.16302],[127.75196,36.1645],[127.75153,36.16461],[127.74922,36.16467],[127.74758,36.16421],[127.74534,36.16443],[127.7436,36.16465],[127.7381,36.16606],[127.73607,36.16724],[127.73515,36.16811],[127.73432,36.17105],[127.73369,36.17204],[127.73362,36.1748],[127.73399,36.17528],[127.73499,36.1771],[127.73644,36.18121],[127.73643,36.18215],[127.73628,36.18454],[127.73603,36.1862],[127.73554,36.1875],[127.73573,36.18883],[127.73622,36.18958],[127.73668,36.18982],[127.73687,36.19002],[127.737,36.19017],[127.73833,36.19252],[127.73849,36.19313],[127.73849,36.19431],[127.73936,36.196],[127.74051,36.1979],[127.74078,36.19829],[127.74097,36.19857],[127.74112,36.19922],[127.74102,36.20002],[127.74013,36.20332],[127.73998,36.20373],[127.74005,36.20398],[127.74013,36.20406],[127.74021,36.20413],[127.7404,36.20425],[127.74056,36.2043],[127.74072,36.20434],[127.74105,36.20441],[127.74128,36.20446],[127.74186,36.20447],[127.74199,36.20444],[127.74215,36.20442],[127.74245,36.20439],[127.74329,36.20447],[127.74367,36.20453],[127.7464,36.20547],[127.74672,36.20563],[127.74701,36.20578],[127.74906,36.20759],[127.75312,36.20992],[127.754,36.21041],[127.75468,36.21082],[127.75474,36.21092],[127.75527,36.21242],[127.75535,36.21389],[127.7554,36.21428],[127.75748,36.21717],[127.75757,36.21756],[127.75739,36.2187],[127.75737,36.21877],[127.75725,36.21918],[127.75623,36.22243],[127.75555,36.22366],[127.75525,36.22369],[127.75495,36.22373],[127.7543,36.22417],[127.75456,36.22454],[127.75557,36.22493],[127.7563,36.22474],[127.7578,36.22379],[127.7583,36.22342],[127.75888,36.22248],[127.75937,36.22198],[127.76019,36.2216],[127.76162,36.2218],[127.76245,36.22342],[127.76353,36.22517],[127.76517,36.22332],[127.76877,36.22201],[127.76916,36.22194],[127.77193,36.22185],[127.77325,36.222],[127.77357,36.22225],[127.77379,36.22308],[127.7741,36.22344],[127.7745,36.22347],[127.77781,36.22336],[127.77892,36.22317],[127.77917,36.22289],[127.77969,36.22223],[127.78025,36.22204],[127.7818,36.2216],[127.78563,36.2208],[127.79041,36.22087],[127.79085,36.22098],[127.79277,36.22199],[127.79323,36.22207],[127.79357,36.22197],[127.79514,36.22051],[127.79574,36.21952],[127.79674,36.21695],[127.79663,36.21598],[127.79633,36.21362],[127.79584,36.21268],[127.79512,36.21181],[127.79457,36.21097],[127.79405,36.20802],[127.794,36.20724],[127.79396,36.20666],[127.79502,36.20589],[127.80043,36.20446],[127.80091,36.20447],[127.80166,36.20564],[127.80241,36.20901],[127.80558,36.21345],[127.80667,36.2146],[127.80736,36.21468],[127.8083,36.21475],[127.80874,36.2146],[127.80937,36.21539],[127.81005,36.21639],[127.8101,36.2169],[127.81021,36.2184],[127.80971,36.21949],[127.80954,36.21968],[127.80914,36.21963],[127.80844,36.2199],[127.80806,36.22062],[127.80787,36.2218],[127.80897,36.2238],[127.8096,36.22407],[127.8126,36.22712],[127.81194,36.22847],[127.8112,36.22973],[127.81113,36.23153],[127.81137,36.2331],[127.81328,36.23655],[127.81338,36.23674],[127.81363,36.23682],[127.81445,36.237],[127.81887,36.23534],[127.82127,36.23441],[127.82151,36.23382],[127.82272,36.23237],[127.82312,36.23197],[127.82757,36.22801],[127.83072,36.22571],[127.83243,36.22738],[127.83485,36.22603],[127.84227,36.22608]]]]}},{"type":"Feature","properties":{"adm_cd":"33540310","adm_nm":"충청북도 영동군 용산면"},"geometry":{"type":"MultiPolygon","coordinates":[[[[127.84495,36.31626],[127.84252,36.31198],[127.84143,36.31045],[127.84107,36.30962],[127.84112,36.30882],[127.84133,36.30829],[127.84324,36.30603],[127.84381,36.30565],[127.84447,36.30539],[127.8472,36.30065],[127.84726,36.30002],[127.84659,36.29893],[127.84571,36.29664],[127.84568,36.29644],[127.8459,36.29406],[127.84689,36.2916],[127.84908,36.28979],[127.8494,36.28891],[127.85021,36.28188],[127.8508,36.2779],[127.85131,36.27574],[127.85118,36.27522],[127.85083,36.2748],[127.85098,36.27445],[127.85146,36.27406],[127.85232,36.27389],[127.85211,36.27309],[127.8519,36.27259],[127.85103,36.27175],[127.85072,36.27153],[127.85053,36.27112],[127.8504,36.27082],[127.85015,36.27002],[127.85015,36.26986],[127.85035,36.26774],[127.85058,36.26738],[127.851,36.26723],[127.85187,36.26638],[127.85272,36.26523],[127.85328,36.26416],[127.8534,36.26352],[127.85332,36.26307],[127.85307,36.26238],[127.85197,36.26025],[127.85062,36.26054],[127.84927,36.26146],[127.84889,36.2615],[127.8481,36.26123],[127.84787,36.2608],[127.84789,36.26034],[127.84796,36.2602],[127.84821,36.25968],[127.84921,36.25911],[127.84998,36.25739],[127.84987,36.25359],[127.84704,36.24949],[127.84663,36.24894],[127.84564,36.24846],[127.84451,36.24799],[127.84446,36.24799],[127.84379,36.24742],[127.84268,36.24581],[127.84197,36.2445],[127.84129,36.24312],[127.84021,36.24123],[127.83945,36.24029],[127.8374,36.23808],[127.83562,36.23613],[127.84075,36.23353],[127.8432,36.2327],[127.84411,36.23257],[127.84512,36.23092],[127.84364,36.22977],[127.84286,36.22908],[127.84249,36.22787],[127.84227,36.22608],[127.83485,36.22603],[127.83243,36.22738],[127.83072,36.22571],[127.82757,36.22801],[127.82312,36.23197],[127.82272,36.23237],[127.82151,36.23382],[127.82127,36.23441],[127.81887,36.23534],[127.81445,36.237],[127.81363,36.23682],[127.81338,36.23674],[127.81328,36.23655],[127.81137,36.2331],[127.81113,36.23153],[127.8112,36.22973],[127.81194,36.22847],[127.8126,36.22712],[127.8096,36.22407],[127.80897,36.2238],[127.80787,36.2218],[127.80806,36.22062],[127.80844,36.2199],[127.80914,36.21963],[127.80954,36.21968],[127.80971,36.21949],[127.81021,36.2184],[127.8101,36.2169],[127.81005,36.21639],[127.80937,36.21539],[127.80874,36.2146],[127.8083,36.21475],[127.80736,36.21468],[127.80667,36.2146],[127.80558,36.21345],[127.80241,36.20901],[127.80166,36.20564],[127.80091,36.20447],[127.80043,36.20446],[127.79502,36.20589],[127.79396,36.20666],[127.794,36.20724],[127.79405,36.20802],[127.79457,36.21097],[127.79512,36.21181],[127.79584,36.21268],[127.79633,36.21362],[127.79663,36.21598],[127.79674,36.21695],[127.79574,36.21952],[127.79514,36.22051],[127.79357,36.22197],[127.79323,36.22207],[127.79277,36.22199],[127.79085,36.22098],[127.79041,36.22087],[127.78563,36.2208],[127.7818,36.2216],[127.78025,36.22204],[127.77969,36.22223],[127.77917,36.22289],[127.77892,36.22317],[127.77781,36.22336],[127.7745,36.22347],[127.7741,36.22344],[127.77379,36.22308],[127.77357,36.22225],[127.77325,36.222],[127.77193,36.22185],[127.76916,36.22194],[127.76877,36.22201],[127.76517,36.22332],[127.76353,36.22517],[127.76313,36.22769],[127.76369,36.22918],[127.76411,36.23279],[127.7642,36.23357],[127.76402,36.23392],[127.76378,36.23438],[127.763,36.23479],[127.76229,36.23497],[127.76159,36.23516],[127.76061,36.23562],[127.75922,36.23783],[127.75857,36.23893],[127.75837,36.23937],[127.75833,36.23971],[127.7601,36.24193],[127.76072,36.24254],[127.76107,36.24258],[127.76123,36.24263],[127.76138,36.24269],[127.76245,36.24468],[127.76307,36.25],[127.76304,36.25034],[127.76244,36.25352],[127.762,36.2552],[127.7613,36.25634],[127.75939,36.25718],[127.75878,36.25726],[127.75874,36.25726],[127.75719,36.25912],[127.7571,36.25944],[127.75687,36.26077],[127.75697,36.26148],[127.75699,36.26205],[127.757,36.26273],[127.75629,36.26365],[127.75482,36.26422],[127.75127,36.26497],[127.74731,36.26532],[127.74665,36.26527],[127.74585,36.26522],[127.74056,36.26462],[127.73851,36.26431],[127.73643,36.26395],[127.73517,36.26329],[127.7345,36.2627],[127.73299,36.26275],[127.73274,36.26335],[127.73281,36.26548],[127.73291,36.26564],[127.733,36.26579],[127.73336,36.26682],[127.73347,36.26783],[127.73285,36.26885],[127.73222,36.26908],[127.7316,36.26931],[127.7313,36.26992],[127.7305,36.27211],[127.73077,36.2736],[127.73309,36.27509],[127.73494,36.27392],[127.73724,36.27249],[127.74266,36.2709],[127.75041,36.26955],[127.75332,36.26887],[127.75406,36.26861],[127.75433,36.26857],[127.76005,36.27045],[127.7611,36.27133],[127.76145,36.27212],[127.76168,36.27292],[127.76209,36.27471],[127.76185,36.27588],[127.76138,36.27775],[127.76141,36.27889],[127.76202,36.28011],[127.76265,36.28082],[127.76442,36.28289],[127.76406,36.28422],[127.76634,36.28515],[127.76765,36.28524],[127.76839,36.28501],[127.76911,36.28526],[127.76955,36.28576],[127.76985,36.28662],[127.7699,36.28808],[127.76941,36.28886],[127.77069,36.28984],[127.77292,36.29121],[127.77527,36.29173],[127.77592,36.2918],[127.77606,36.29157],[127.77597,36.29122],[127.77654,36.2905],[127.77731,36.29004],[127.77834,36.2899],[127.7794,36.28958],[127.78763,36.28908],[127.78797,36.29023],[127.78879,36.29112],[127.79101,36.29134],[127.79255,36.29093],[127.79441,36.29053],[127.7947,36.29075],[127.79503,36.29515],[127.7951,36.29626],[127.79497,36.29657],[127.79467,36.29715],[127.79497,36.29788],[127.79972,36.29856],[127.8009,36.30082],[127.80019,36.30215],[127.80056,36.30336],[127.80142,36.30408],[127.80248,36.30427],[127.80302,36.30432],[127.80342,36.30449],[127.805,36.30543],[127.80639,36.30704],[127.80726,36.30822],[127.80785,36.30914],[127.81,36.30906],[127.81162,36.30877],[127.81372,36.30821],[127.81426,36.30826],[127.81604,36.30924],[127.81722,36.31024],[127.81928,36.30912],[127.8197,36.30711],[127.82022,36.30578],[127.82079,36.30527],[127.82083,36.30524],[127.82286,36.30632],[127.82301,36.30676],[127.82258,36.30727],[127.82266,36.30771],[127.82374,36.30888],[127.82501,36.31003],[127.82581,36.31022],[127.82739,36.31008],[127.82914,36.31011],[127.83508,36.31257],[127.8361,36.31342],[127.84022,36.31547],[127.84398,36.31653],[127.84495,36.31626]]]]}},{"type":"Feature","properties":{"adm_cd":"33540320","adm_nm":"충청북도 영동군 황간면"},"geometry":{"type":"MultiPolygon","coordinates":[[[[127.96861,36.25039],[127.96821,36.24914],[127.96683,36.24714],[127.96495,36.24592],[127.9631,36.24481],[127.95944,36.24138],[127.95657,36.2378],[127.95591,36.23554],[127.95645,36.23373],[127.95543,36.23244],[127.95415,36.2313],[127.95337,36.22973],[127.95338,36.22846],[127.95237,36.22556],[127.95192,36.2243],[127.94946,36.22129],[127.94734,36.2201],[127.94474,36.21719],[127.94413,36.21593],[127.94379,36.21472],[127.94194,36.21497],[127.94134,36.21493],[127.94047,36.21489],[127.93923,36.21432],[127.93894,36.21298],[127.93969,36.21209],[127.93922,36.21065],[127.93908,36.21081],[127.93609,36.21232],[127.93515,36.21251],[127.93414,36.21243],[127.93144,36.21187],[127.93059,36.21348],[127.92902,36.21516],[127.92801,36.21598],[127.92745,36.21636],[127.92687,36.21744],[127.92672,36.21861],[127.92661,36.21945],[127.92598,36.22008],[127.92587,36.2199],[127.92555,36.21938],[127.92532,36.21885],[127.92528,36.21768],[127.92542,36.21677],[127.92481,36.21499],[127.92399,36.21337],[127.92165,36.21018],[127.91987,36.20775],[127.91734,36.2017],[127.91661,36.1997],[127.91728,36.19882],[127.91771,36.19733],[127.918,36.19615],[127.91794,36.19502],[127.91717,36.19299],[127.91659,36.19235],[127.91632,36.19219],[127.91475,36.19201],[127.91414,36.19208],[127.91035,36.18897],[127.90851,36.18598],[127.90774,36.18224],[127.90612,36.18236],[127.90307,36.18237],[127.89691,36.18205],[127.89555,36.18191],[127.89557,36.18113],[127.89583,36.18066],[127.89611,36.17964],[127.89583,36.17784],[127.89493,36.17337],[127.88905,36.17018],[127.88775,36.16983],[127.8866,36.16955],[127.88605,36.16977],[127.88543,36.16971],[127.88376,36.1693],[127.88317,36.169],[127.88221,36.17019],[127.88085,36.17466],[127.87952,36.17646],[127.87956,36.17684],[127.87981,36.1788],[127.88018,36.18068],[127.88011,36.18101],[127.87967,36.18154],[127.87702,36.18424],[127.87472,36.18552],[127.87067,36.18602],[127.87008,36.18589],[127.86875,36.18549],[127.86701,36.18664],[127.86633,36.1875],[127.86596,36.18811],[127.86566,36.18861],[127.86549,36.18884],[127.86461,36.18968],[127.86322,36.19062],[127.86264,36.19085],[127.86211,36.1909],[127.86085,36.19109],[127.86024,36.19143],[127.85754,36.19399],[127.85685,36.19471],[127.8558,36.19633],[127.85571,36.19771],[127.85586,36.19895],[127.85658,36.20081],[127.85572,36.20157],[127.85447,36.20209],[127.85377,36.20225],[127.85314,36.20231],[127.85239,36.20197],[127.85149,36.20171],[127.85092,36.20528],[127.85088,36.20777],[127.85054,36.20854],[127.84972,36.20906],[127.84933,36.20967],[127.84921,36.21145],[127.84931,36.21295],[127.8492,36.21376],[127.84901,36.21413],[127.84707,36.21699],[127.84652,36.21993],[127.84431,36.22221],[127.84334,36.22325],[127.84227,36.22608],[127.84249,36.22787],[127.84286,36.22908],[127.84364,36.22977],[127.84512,36.23092],[127.84411,36.23257],[127.8432,36.2327],[127.84075,36.23353],[127.83562,36.23613],[127.8374,36.23808],[127.83945,36.24029],[127.84021,36.24123],[127.84129,36.24312],[127.84197,36.2445],[127.84268,36.24581],[127.84379,36.24742],[127.84446,36.24799],[127.84451,36.24799],[127.84564,36.24846],[127.84663,36.24894],[127.84704,36.24949],[127.84987,36.25359],[127.84998,36.25739],[127.84921,36.25911],[127.84821,36.25968],[127.84796,36.2602],[127.84789,36.26034],[127.84787,36.2608],[127.8481,36.26123],[127.84889,36.2615],[127.84927,36.26146],[127.85062,36.26054],[127.85197,36.26025],[127.85307,36.26238],[127.85332,36.26307],[127.8534,36.26352],[127.85328,36.26416],[127.85272,36.26523],[127.85187,36.26638],[127.851,36.26723],[127.85058,36.26738],[127.85035,36.26774],[127.85015,36.26986],[127.85015,36.27002],[127.8504,36.27082],[127.85053,36.27112],[127.85072,36.27153],[127.85103,36.27175],[127.8519,36.27259],[127.85211,36.27309],[127.85232,36.27389],[127.85241,36.27382],[127.85274,36.27396],[127.85435,36.27548],[127.85457,36.27571],[127.85478,36.27601],[127.85522,36.27624],[127.85882,36.27743],[127.85936,36.27755],[127.86053,36.27769],[127.86265,36.27754],[127.87794,36.27528],[127.87977,36.27498],[127.88004,36.27477],[127.88071,36.27437],[127.88179,36.27381],[127.88334,36.2731],[127.88371,36.27316],[127.88404,36.27338],[127.88429,36.27367],[127.88432,36.27381],[127.88472,36.27499],[127.88502,36.27552],[127.88599,36.27722],[127.88798,36.2801],[127.88855,36.28313],[127.88925,36.28694],[127.88963,36.28838],[127.88964,36.28841],[127.89027,36.28987],[127.89204,36.29217],[127.89228,36.29233],[127.89305,36.29259],[127.89438,36.29319],[127.89486,36.29354],[127.89818,36.2972],[127.8993,36.29877],[127.90318,36.30192],[127.90509,36.30238],[127.90541,36.3012],[127.90582,36.29721],[127.90666,36.29363],[127.90643,36.29267],[127.90596,36.29181],[127.9059,36.29156],[127.90598,36.29008],[127.90705,36.28608],[127.91338,36.28089],[127.9148,36.28009],[127.91666,36.28074],[127.91704,36.28083],[127.91972,36.27995],[127.92069,36.27963],[127.92137,36.27933],[127.9216,36.27913],[127.92197,36.27889],[127.92326,36.27872],[127.92674,36.27857],[127.93091,36.27822],[127.93275,36.27687],[127.93373,36.27612],[127.93391,36.27586],[127.9339,36.2753],[127.93397,36.27462],[127.93418,36.27383],[127.93455,36.27298],[127.93484,36.27261],[127.93759,36.26952],[127.93795,36.26913],[127.93949,36.26827],[127.94258,36.26694],[127.94481,36.26721],[127.9473,36.26723],[127.94766,36.2664],[127.94769,36.26616],[127.94803,36.26258],[127.94825,36.25887],[127.94815,36.2585],[127.94825,36.25745],[127.94919,36.2566],[127.94959,36.25661],[127.9506,36.25665],[127.95225,36.25672],[127.95263,36.25681],[127.95315,36.25704],[127.95447,36.25719],[127.95463,36.2571],[127.95514,36.25674],[127.95746,36.25486],[127.95893,36.2536],[127.95926,36.25331],[127.95961,36.25269],[127.96023,36.25243],[127.96252,36.25222],[127.96536,36.25244],[127.96567,36.25218],[127.96659,36.25148],[127.96781,36.25065],[127.96861,36.25039]]]]}},{"type":"Feature","properties":{"adm_cd":"33540330","adm_nm":"충청북도 영동군 추풍령면"},"geometry":{"type":"MultiPolygon","coordinates":[[[[128.01187,36.27144],[128.01512,36.26938],[128.01556,36.26818],[128.01561,36.26804],[128.02042,36.26713],[128.02254,36.26769],[128.0255,36.26794],[128.02623,36.26787],[128.02687,36.26581],[128.02796,36.26476],[128.02985,36.26474],[128.03081,36.26364],[128.03283,36.26188],[128.03647,36.26032],[128.03978,36.25917],[128.04298,36.25872],[128.04803,36.25714],[128.04505,36.25317],[128.04466,36.25268],[128.04422,36.2522],[128.04313,36.25164],[128.04215,36.25173],[128.04201,36.25171],[128.04043,36.25151],[128.03961,36.251],[128.03681,36.24664],[128.03545,36.24339],[128.03222,36.24141],[128.0301,36.24033],[128.03005,36.24031],[128.03318,36.23354],[128.03432,36.23296],[128.03688,36.23141],[128.03933,36.22914],[128.03972,36.22765],[128.04043,36.22476],[128.0401,36.22406],[128.0394,36.22294],[128.03912,36.22248],[128.0393,36.22169],[128.04219,36.21901],[128.04222,36.21849],[128.04226,36.21777],[128.04243,36.21727],[128.04814,36.21578],[128.04907,36.21608],[128.04984,36.21632],[128.05038,36.2153],[128.05024,36.21382],[128.04991,36.21235],[128.04947,36.21071],[128.05069,36.20592],[128.0554,36.20263],[128.05792,36.20131],[128.06144,36.20018],[128.06296,36.19922],[128.05906,36.19966],[128.05616,36.20092],[128.05537,36.20119],[128.05252,36.20089],[128.05134,36.2002],[128.0492,36.1988],[128.047,36.19737],[128.0452,36.19633],[128.04029,36.19451],[128.03835,36.194],[128.03658,36.19605],[128.03535,36.19779],[128.03345,36.20008],[128.0308,36.20189],[128.0263,36.20568],[128.02493,36.20619],[128.02079,36.20753],[128.01965,36.20786],[128.01729,36.20848],[128.01601,36.20852],[128.01448,36.20847],[128.01352,36.20913],[128.01176,36.20876],[128.00787,36.20813],[128.00548,36.20796],[128.00329,36.20782],[128.00287,36.20676],[128.00258,36.20646],[128.00237,36.20624],[128.00095,36.20621],[128.00072,36.2062],[127.99885,36.2062],[127.99753,36.20606],[127.9957,36.20485],[127.99499,36.2042],[127.99356,36.20212],[127.99321,36.2015],[127.99327,36.20028],[127.99226,36.19981],[127.98919,36.19951],[127.98804,36.20011],[127.98602,36.2004],[127.98254,36.19855],[127.98177,36.196],[127.98179,36.1958],[127.98052,36.19479],[127.97821,36.19295],[127.97652,36.19235],[127.97628,36.19147],[127.97569,36.18854],[127.97483,36.18835],[127.97307,36.18881],[127.97162,36.18908],[127.96969,36.18859],[127.96787,36.18757],[127.96588,36.18907],[127.96538,36.18973],[127.96242,36.19273],[127.96218,36.19287],[127.9599,36.19268],[127.95841,36.1919],[127.95631,36.19304],[127.9571,36.19418],[127.95698,36.1956],[127.95618,36.19687],[127.95496,36.19812],[127.95424,36.1985],[127.95293,36.19859],[127.95276,36.1986],[127.95158,36.19968],[127.94935,36.2029],[127.94963,36.20443],[127.94738,36.20619],[127.94585,36.20615],[127.9439,36.20716],[127.94364,36.2075],[127.94332,36.2082],[127.94282,36.20891],[127.9421,36.20942],[127.9406,36.20984],[127.9393,36.21055],[127.93922,36.21065],[127.93969,36.21209],[127.93894,36.21298],[127.93923,36.21432],[127.94047,36.21489],[127.94134,36.21493],[127.94194,36.21497],[127.94379,36.21472],[127.94413,36.21593],[127.94474,36.21719],[127.94734,36.2201],[127.94946,36.22129],[127.95192,36.2243],[127.95237,36.22556],[127.95338,36.22846],[127.95337,36.22973],[127.95415,36.2313],[127.95543,36.23244],[127.95645,36.23373],[127.95591,36.23554],[127.95657,36.2378],[127.95944,36.24138],[127.9631,36.24481],[127.96495,36.24592],[127.96683,36.24714],[127.96821,36.24914],[127.96861,36.25039],[127.97085,36.25043],[127.97237,36.25222],[127.97474,36.25298],[127.97886,36.25403],[127.97896,36.25405],[127.97904,36.25571],[127.97766,36.258],[127.97689,36.25889],[127.97757,36.25984],[127.98217,36.2642],[127.98436,36.26411],[127.98736,36.26452],[127.99145,36.26542],[127.99291,36.26653],[127.9933,36.26682],[127.99407,36.26726],[127.99437,36.26742],[127.99441,36.26744],[127.99587,36.26789],[127.99677,36.26808],[127.99782,36.26816],[127.99902,36.26776],[128.00056,36.26637],[128.00329,36.26814],[128.00554,36.26985],[128.00813,36.27161],[128.00939,36.27205],[128.01028,36.27215],[128.01187,36.27144]]]]}},{"type":"Feature","properties":{"adm_cd":"33540340","adm_nm":"충청북도 영동군 매곡면"},"geometry":{"type":"MultiPolygon","coordinates":[[[[127.93922,36.21065],[127.9393,36.21055],[127.9406,36.20984],[127.9421,36.20942],[127.94282,36.20891],[127.94332,36.2082],[127.94364,36.2075],[127.9439,36.20716],[127.94585,36.20615],[127.94738,36.20619],[127.94963,36.20443],[127.94935,36.2029],[127.95158,36.19968],[127.95276,36.1986],[127.95293,36.19859],[127.95424,36.1985],[127.95496,36.19812],[127.95618,36.19687],[127.95698,36.1956],[127.9571,36.19418],[127.95631,36.19304],[127.95841,36.1919],[127.9599,36.19268],[127.96218,36.19287],[127.96242,36.19273],[127.96538,36.18973],[127.96588,36.18907],[127.96787,36.18757],[127.96969,36.18859],[127.97162,36.18908],[127.97307,36.18881],[127.97483,36.18835],[127.97569,36.18854],[127.97564,36.18815],[127.97579,36.1874],[127.97615,36.18668],[127.97763,36.18488],[127.97944,36.18297],[127.98043,36.18105],[127.98101,36.17986],[127.98285,36.1784],[127.98425,36.17819],[127.98468,36.17709],[127.98464,36.17701],[127.98382,36.17522],[127.98299,36.17258],[127.98315,36.17072],[127.98347,36.16977],[127.98657,36.16735],[127.9896,36.16475],[127.99046,36.1609],[127.99046,36.15922],[127.99438,36.1575],[127.99563,36.15685],[127.99685,36.15522],[127.99647,36.15369],[127.99569,36.153],[127.99384,36.15288],[127.99093,36.15116],[127.98811,36.14824],[127.98733,36.14739],[127.98665,36.1441],[127.98671,36.14319],[127.98809,36.14269],[127.98781,36.14144],[127.98732,36.13723],[127.98735,36.13682],[127.98808,36.13513],[127.9888,36.13292],[127.98789,36.13025],[127.98764,36.12962],[127.98703,36.1287],[127.98698,36.12865],[127.98623,36.12788],[127.98552,36.12728],[127.98287,36.12525],[127.98187,36.12466],[127.97966,36.1247],[127.97871,36.12383],[127.97781,36.12255],[127.97714,36.12197],[127.9741,36.12061],[127.97331,36.12051],[127.96935,36.11976],[127.96648,36.11849],[127.96536,36.11846],[127.96269,36.11885],[127.96224,36.11909],[127.96164,36.11978],[127.96135,36.12028],[127.96013,36.12184],[127.95984,36.12205],[127.95753,36.12248],[127.95658,36.12232],[127.95533,36.12205],[127.95411,36.12251],[127.95253,36.12358],[127.95127,36.12455],[127.94742,36.13057],[127.945,36.135],[127.94472,36.13569],[127.94473,36.13633],[127.94443,36.13821],[127.94389,36.14153],[127.94348,36.14254],[127.94217,36.14636],[127.94172,36.1488],[127.94164,36.14901],[127.94073,36.15053],[127.93925,36.15291],[127.93886,36.15351],[127.93867,36.15364],[127.93579,36.15461],[127.93465,36.15479],[127.93367,36.15489],[127.93257,36.15552],[127.93185,36.15602],[127.93059,36.15717],[127.93026,36.15784],[127.93005,36.15868],[127.92996,36.15924],[127.9298,36.15972],[127.92962,36.16008],[127.92946,36.16023],[127.92907,36.16039],[127.92768,36.16025],[127.92694,36.16015],[127.92575,36.16048],[127.92476,36.16188],[127.92463,36.16229],[127.92463,36.16249],[127.9244,36.16273],[127.92245,36.16438],[127.9219,36.1646],[127.92142,36.16454],[127.92067,36.16424],[127.92028,36.16439],[127.91904,36.16522],[127.91763,36.16695],[127.91671,36.1684],[127.91648,36.16909],[127.91689,36.17182],[127.91737,36.17277],[127.91808,36.1742],[127.91764,36.17468],[127.91545,36.17605],[127.91463,36.17649],[127.91376,36.17669],[127.91251,36.17681],[127.90924,36.18066],[127.90774,36.18224],[127.90851,36.18598],[127.91035,36.18897],[127.91414,36.19208],[127.91475,36.19201],[127.91632,36.19219],[127.91659,36.19235],[127.91717,36.19299],[127.91794,36.19502],[127.918,36.19615],[127.91771,36.19733],[127.91728,36.19882],[127.91661,36.1997],[127.91734,36.2017],[127.91987,36.20775],[127.92165,36.21018],[127.92399,36.21337],[127.92481,36.21499],[127.92542,36.21677],[127.92528,36.21768],[127.92532,36.21885],[127.92555,36.21938],[127.92587,36.2199],[127.92598,36.22008],[127.92661,36.21945],[127.92672,36.21861],[127.92687,36.21744],[127.92745,36.21636],[127.92801,36.21598],[127.92902,36.21516],[127.93059,36.21348],[127.93144,36.21187],[127.93414,36.21243],[127.93515,36.21251],[127.93609,36.21232],[127.93908,36.21081],[127.93922,36.21065]]]]}},{"type":"Feature","properties":{"adm_cd":"33540350","adm_nm":"충청북도 영동군 상촌면"},"geometry":{"type":"MultiPolygon","coordinates":[[[[127.90774,36.18224],[127.90924,36.18066],[127.91251,36.17681],[127.91376,36.17669],[127.91463,36.17649],[127.91545,36.17605],[127.91764,36.17468],[127.91808,36.1742],[127.91737,36.17277],[127.91689,36.17182],[127.91648,36.16909],[127.91671,36.1684],[127.91763,36.16695],[127.91904,36.16522],[127.92028,36.16439],[127.92067,36.16424],[127.92142,36.16454],[127.9219,36.1646],[127.92245,36.16438],[127.9244,36.16273],[127.92463,36.16249],[127.92463,36.16229],[127.92476,36.16188],[127.92575,36.16048],[127.92694,36.16015],[127.92768,36.16025],[127.92907,36.16039],[127.92946,36.16023],[127.92962,36.16008],[127.9298,36.15972],[127.92996,36.15924],[127.93005,36.15868],[127.93026,36.15784],[127.93059,36.15717],[127.93185,36.15602],[127.93257,36.15552],[127.93367,36.15489],[127.93465,36.15479],[127.93579,36.15461],[127.93867,36.15364],[127.93886,36.15351],[127.93925,36.15291],[127.94073,36.15053],[127.94164,36.14901],[127.94172,36.1488],[127.94217,36.14636],[127.94348,36.14254],[127.94389,36.14153],[127.94443,36.13821],[127.94473,36.13633],[127.94472,36.13569],[127.945,36.135],[127.94742,36.13057],[127.95127,36.12455],[127.95253,36.12358],[127.95411,36.12251],[127.95533,36.12205],[127.95658,36.12232],[127.95753,36.12248],[127.95984,36.12205],[127.96013,36.12184],[127.96135,36.12028],[127.96164,36.11978],[127.96224,36.11909],[127.96269,36.11885],[127.96536,36.11846],[127.96648,36.11849],[127.96687,36.11825],[127.96703,36.11778],[127.96748,36.1161],[127.96748,36.11147],[127.96722,36.11003],[127.96771,36.1086],[127.96815,36.10789],[127.96853,36.10729],[127.96857,36.10722],[127.96677,36.10375],[127.96632,36.10304],[127.96556,36.10193],[127.96403,36.10026],[127.96306,36.09906],[127.96329,36.09825],[127.96346,36.09756],[127.96292,36.09625],[127.96089,36.09551],[127.95972,36.09511],[127.95784,36.09489],[127.95796,36.09207],[127.95825,36.08983],[127.9587,36.08778],[127.95922,36.08663],[127.9599,36.08598],[127.96175,36.08281],[127.96177,36.07781],[127.96145,36.07349],[127.96115,36.07067],[127.96126,36.06932],[127.96139,36.06839],[127.96099,36.06839],[127.9561,36.06774],[127.95498,36.06718],[127.95277,36.06581],[127.95215,36.06519],[127.95193,36.06442],[127.95179,36.0638],[127.95189,36.06319],[127.95175,36.06287],[127.95053,36.06081],[127.94959,36.05942],[127.94664,36.05663],[127.94581,36.05618],[127.94158,36.05441],[127.93701,36.05132],[127.93586,36.05066],[127.93549,36.05075],[127.9348,36.05084],[127.93377,36.05079],[127.93167,36.05022],[127.93027,36.05079],[127.9288,36.05184],[127.92614,36.05326],[127.92124,36.05394],[127.92031,36.05369],[127.91944,36.05389],[127.91706,36.0544],[127.91645,36.05404],[127.91612,36.05355],[127.91575,36.05291],[127.91246,36.05063],[127.91201,36.05063],[127.91135,36.05074],[127.91082,36.05051],[127.90996,36.05007],[127.90951,36.04966],[127.90615,36.04609],[127.90446,36.04376],[127.90399,36.04273],[127.90396,36.04161],[127.904,36.04096],[127.90397,36.04047],[127.90388,36.03942],[127.90355,36.03897],[127.90225,36.03855],[127.89701,36.0371],[127.89614,36.03713],[127.89282,36.03664],[127.88872,36.03492],[127.88798,36.0348],[127.88729,36.03502],[127.88687,36.03543],[127.88682,36.03573],[127.88677,36.03604],[127.88542,36.03602],[127.884,36.03212],[127.88396,36.03091],[127.88299,36.02722],[127.88114,36.0251],[127.87693,36.02244],[127.87658,36.02266],[127.87595,36.02288],[127.87124,36.02373],[127.86532,36.02507],[127.86454,36.02559],[127.86427,36.02596],[127.8639,36.02663],[127.86381,36.0268],[127.86368,36.02744],[127.86259,36.0293],[127.86159,36.03043],[127.86065,36.03128],[127.85841,36.03241],[127.85749,36.03287],[127.85698,36.03296],[127.85622,36.03296],[127.85518,36.03517],[127.85523,36.03572],[127.85524,36.0359],[127.85452,36.03765],[127.85407,36.03825],[127.85342,36.03905],[127.85289,36.03921],[127.85165,36.03945],[127.84937,36.03966],[127.85065,36.04275],[127.85112,36.04436],[127.85131,36.04938],[127.85131,36.05022],[127.85116,36.05263],[127.85106,36.05355],[127.85098,36.05371],[127.85051,36.05401],[127.85008,36.05412],[127.84861,36.05547],[127.84817,36.05618],[127.84732,36.05855],[127.84718,36.05974],[127.84724,36.06092],[127.8472,36.06202],[127.84704,36.06214],[127.84632,36.06237],[127.84582,36.06251],[127.84422,36.06285],[127.84185,36.06384],[127.84115,36.06457],[127.84104,36.065],[127.84074,36.06562],[127.84036,36.06594],[127.8396,36.06654],[127.83773,36.06792],[127.83151,36.07187],[127.82936,36.07315],[127.82527,36.07345],[127.82389,36.07328],[127.82326,36.07338],[127.82261,36.07369],[127.82218,36.07395],[127.82229,36.07415],[127.82237,36.07483],[127.82221,36.07504],[127.82149,36.07554],[127.82055,36.07607],[127.81984,36.07749],[127.8203,36.07824],[127.82054,36.07916],[127.82025,36.08431],[127.81996,36.08628],[127.8193,36.08823],[127.81883,36.09109],[127.81994,36.09153],[127.82065,36.09204],[127.82193,36.09375],[127.82319,36.09608],[127.82369,36.09741],[127.82356,36.09784],[127.8234,36.09821],[127.8246,36.0987],[127.82535,36.09886],[127.82643,36.09866],[127.82744,36.09838],[127.82807,36.0985],[127.8294,36.09886],[127.8298,36.09918],[127.83039,36.09986],[127.83019,36.10063],[127.83022,36.10107],[127.83033,36.10163],[127.83052,36.10206],[127.83204,36.10299],[127.83327,36.10361],[127.83349,36.10378],[127.83661,36.11092],[127.83711,36.11561],[127.83823,36.11873],[127.83995,36.12039],[127.84003,36.12109],[127.83978,36.12244],[127.8401,36.12476],[127.84134,36.12677],[127.84279,36.12849],[127.84494,36.13088],[127.84749,36.13319],[127.84815,36.1337],[127.84889,36.13533],[127.84902,36.13576],[127.84906,36.13605],[127.84911,36.13651],[127.84945,36.13789],[127.85052,36.13954],[127.85155,36.14084],[127.85243,36.14135],[127.85363,36.14188],[127.85423,36.14153],[127.855,36.1412],[127.85585,36.14118],[127.85614,36.14132],[127.85799,36.14243],[127.85964,36.14334],[127.85991,36.14336],[127.86363,36.14418],[127.86661,36.14538],[127.86768,36.14568],[127.86845,36.14567],[127.8689,36.14549],[127.8698,36.14512],[127.87056,36.14503],[127.87162,36.14495],[127.87205,36.14491],[127.87224,36.14528],[127.87268,36.14678],[127.87304,36.14826],[127.87324,36.14921],[127.87326,36.14932],[127.87327,36.14938],[127.87264,36.1502],[127.87238,36.15115],[127.87271,36.15199],[127.87317,36.15302],[127.87351,36.15433],[127.87343,36.15446],[127.8726,36.15642],[127.87303,36.15894],[127.87469,36.16097],[127.87811,36.16262],[127.88042,36.16265],[127.88309,36.1645],[127.883,36.16603],[127.88299,36.16689],[127.88317,36.169],[127.88376,36.1693],[127.88543,36.16971],[127.88605,36.16977],[127.8866,36.16955],[127.88775,36.16983],[127.88905,36.17018],[127.89493,36.17337],[127.89583,36.17784],[127.89611,36.17964],[127.89583,36.18066],[127.89557,36.18113],[127.89555,36.18191],[127.89691,36.18205],[127.90307,36.18237],[127.90612,36.18236],[127.90774,36.18224]]]]}},{"type":"Feature","properties":{"adm_cd":"33540360","adm_nm":"충청북도 영동군 양강면"},"geometry":{"type":"MultiPolygon","coordinates":[[[[127.73515,36.16811],[127.73607,36.16724],[127.7381,36.16606],[127.7436,36.16465],[127.74534,36.16443],[127.74758,36.16421],[127.74922,36.16467],[127.75153,36.16461],[127.75196,36.1645],[127.75366,36.16302],[127.75428,36.16236],[127.75541,36.16141],[127.7555,36.16136],[127.76228,36.16233],[127.76527,36.16278],[127.76637,36.16339],[127.76807,36.16432],[127.76813,36.16435],[127.77023,36.16487],[127.77201,36.16381],[127.77296,36.16286],[127.7741,36.16167],[127.77474,36.16087],[127.77738,36.1561],[127.7787,36.15327],[127.78093,36.14934],[127.78113,36.14907],[127.78164,36.14891],[127.78216,36.14895],[127.78265,36.14912],[127.78346,36.14941],[127.78583,36.14963],[127.7862,36.14932],[127.78689,36.1487],[127.78722,36.14825],[127.78855,36.14719],[127.79017,36.14653],[127.7921,36.1458],[127.79289,36.14477],[127.79373,36.14378],[127.79528,36.14282],[127.79611,36.1424],[127.7965,36.14243],[127.79728,36.14225],[127.79881,36.1419],[127.8003,36.14085],[127.80036,36.14009],[127.80043,36.13974],[127.8011,36.13866],[127.80185,36.1383],[127.80477,36.13714],[127.80572,36.13685],[127.80726,36.13686],[127.80803,36.13703],[127.80963,36.13686],[127.81001,36.13673],[127.81149,36.13592],[127.81436,36.13391],[127.81549,36.13313],[127.81578,36.13273],[127.8164,36.13118],[127.8165,36.1309],[127.81655,36.12948],[127.816,36.128],[127.81555,36.12739],[127.81522,36.1251],[127.81495,36.12315],[127.81513,36.12217],[127.81537,36.12124],[127.81651,36.11832],[127.81699,36.11807],[127.81998,36.11497],[127.82063,36.11264],[127.82029,36.11138],[127.81994,36.10973],[127.82025,36.10777],[127.82173,36.10234],[127.82309,36.09862],[127.8234,36.09821],[127.82356,36.09784],[127.82369,36.09741],[127.82319,36.09608],[127.82193,36.09375],[127.82065,36.09204],[127.81994,36.09153],[127.81883,36.09109],[127.8193,36.08823],[127.81996,36.08628],[127.82025,36.08431],[127.82054,36.07916],[127.8203,36.07824],[127.81984,36.07749],[127.82055,36.07607],[127.82149,36.07554],[127.82221,36.07504],[127.82237,36.07483],[127.82229,36.07415],[127.82218,36.07395],[127.82096,36.07257],[127.82004,36.07085],[127.81951,36.07048],[127.81843,36.06998],[127.81639,36.06959],[127.81423,36.06877],[127.81216,36.06756],[127.8111,36.06635],[127.80963,36.0651],[127.80106,36.06497],[127.79666,36.06366],[127.79616,36.06376],[127.79524,36.06458],[127.79447,36.06536],[127.79385,36.066],[127.79245,36.06833],[127.79208,36.06922],[127.79163,36.0698],[127.79114,36.07025],[127.79022,36.07072],[127.78769,36.07332],[127.78705,36.07501],[127.77853,36.08008],[127.77718,36.08067],[127.77588,36.08103],[127.77368,36.08159],[127.77102,36.08155],[127.76902,36.08148],[127.76837,36.0815],[127.76769,36.08169],[127.76702,36.08214],[127.76311,36.08],[127.76172,36.08127],[127.75887,36.08342],[127.75721,36.08422],[127.75697,36.08438],[127.75627,36.08488],[127.75599,36.08512],[127.7529,36.08954],[127.75268,36.09004],[127.75187,36.09327],[127.75159,36.09445],[127.75172,36.09581],[127.75193,36.09766],[127.75187,36.09789],[127.75161,36.09871],[127.75038,36.09951],[127.74932,36.10002],[127.74904,36.10033],[127.7487,36.10111],[127.74857,36.10209],[127.74859,36.10247],[127.74884,36.10289],[127.74894,36.1031],[127.74875,36.10387],[127.74868,36.10412],[127.74842,36.10483],[127.74773,36.10614],[127.74473,36.10573],[127.74367,36.10553],[127.74144,36.10463],[127.7407,36.10426],[127.74039,36.104],[127.74005,36.10364],[127.73962,36.1035],[127.73907,36.10351],[127.73656,36.10384],[127.73422,36.10624],[127.73389,36.10727],[127.73368,36.10817],[127.73345,36.10837],[127.73092,36.1086],[127.73013,36.10857],[127.72554,36.1107],[127.72538,36.11083],[127.72336,36.11438],[127.72315,36.11494],[127.72289,36.11608],[127.72302,36.1162],[127.72308,36.11636],[127.72287,36.11719],[127.72263,36.11732],[127.72098,36.11782],[127.72001,36.11795],[127.71935,36.11795],[127.71886,36.11953],[127.71881,36.11964],[127.71631,36.12328],[127.71613,36.12353],[127.7158,36.12391],[127.71486,36.12482],[127.71459,36.12491],[127.71431,36.12493],[127.71214,36.12509],[127.71171,36.12509],[127.71146,36.12509],[127.711,36.12499],[127.70639,36.12312],[127.70614,36.12266],[127.70611,36.12261],[127.70664,36.12179],[127.70681,36.12133],[127.70673,36.12052],[127.70664,36.11987],[127.70658,36.11955],[127.70645,36.11935],[127.70424,36.11583],[127.7025,36.11398],[127.70174,36.11368],[127.7015,36.11361],[127.70134,36.11361],[127.69992,36.11389],[127.69837,36.11462],[127.69768,36.11522],[127.69727,36.11566],[127.69636,36.11647],[127.69567,36.11702],[127.69509,36.11725],[127.69285,36.11803],[127.69301,36.12003],[127.69311,36.12079],[127.69448,36.12339],[127.69479,36.12367],[127.69509,36.12404],[127.69596,36.12563],[127.69671,36.1272],[127.697,36.12887],[127.69718,36.13011],[127.697,36.13117],[127.69659,36.13348],[127.6954,36.13685],[127.6942,36.14022],[127.69373,36.1414],[127.69268,36.14288],[127.69084,36.14383],[127.68935,36.14451],[127.68871,36.14542],[127.68799,36.14721],[127.68796,36.14739],[127.68829,36.14784],[127.689,36.1484],[127.68982,36.14885],[127.69176,36.15115],[127.69385,36.15518],[127.69392,36.15549],[127.69289,36.15697],[127.6925,36.15737],[127.69187,36.1578],[127.68528,36.16035],[127.6831,36.16056],[127.6826,36.1609],[127.68196,36.16135],[127.68141,36.16245],[127.68139,36.16357],[127.68203,36.16411],[127.68265,36.16463],[127.68524,36.16752],[127.68814,36.17067],[127.69083,36.17221],[127.69086,36.17218],[127.69106,36.172],[127.6921,36.17106],[127.69475,36.16969],[127.69577,36.1696],[127.69628,36.16961],[127.69682,36.16962],[127.69738,36.16959],[127.69799,36.16941],[127.69838,36.16903],[127.6998,36.16766],[127.7013,36.16513],[127.70229,36.16322],[127.70215,36.16261],[127.70225,36.16245],[127.70239,36.16224],[127.70298,36.16181],[127.70391,36.16154],[127.70544,36.16204],[127.70533,36.16267],[127.70617,36.16372],[127.70663,36.16405],[127.70884,36.16388],[127.70966,36.16353],[127.70979,36.16349],[127.7099,36.16345],[127.71286,36.16329],[127.71876,36.16461],[127.72203,36.16553],[127.72286,36.16579],[127.7235,36.16619],[127.72389,36.16672],[127.72439,36.16698],[127.72464,36.16702],[127.72486,36.16706],[127.72546,36.16686],[127.72763,36.16581],[127.72916,36.165],[127.7301,36.16447],[127.73047,36.16439],[127.7308,36.16446],[127.73183,36.16486],[127.7323,36.16512],[127.73303,36.16558],[127.73372,36.16621],[127.73515,36.16811]]]]}},{"type":"Feature","properties":{"adm_cd":"33540370","adm_nm":"충청북도 영동군 용화면"},"geometry":{"type":"MultiPolygon","coordinates":[[[[127.82218,36.07395],[127.82261,36.07369],[127.82326,36.07338],[127.82389,36.07328],[127.82527,36.07345],[127.82936,36.07315],[127.83151,36.07187],[127.83773,36.06792],[127.8396,36.06654],[127.84036,36.06594],[127.84074,36.06562],[127.84104,36.065],[127.84115,36.06457],[127.84185,36.06384],[127.84422,36.06285],[127.84582,36.06251],[127.84632,36.06237],[127.84704,36.06214],[127.8472,36.06202],[127.84724,36.06092],[127.84718,36.05974],[127.84732,36.05855],[127.84817,36.05618],[127.84861,36.05547],[127.85008,36.05412],[127.85051,36.05401],[127.85098,36.05371],[127.85106,36.05355],[127.85116,36.05263],[127.85131,36.05022],[127.85131,36.04938],[127.85112,36.04436],[127.85065,36.04275],[127.84937,36.03966],[127.84712,36.03906],[127.84596,36.03869],[127.84493,36.03822],[127.8438,36.03765],[127.84301,36.03684],[127.84248,36.03649],[127.84028,36.03586],[127.83888,36.03592],[127.83828,36.0359],[127.83722,36.03576],[127.83259,36.03514],[127.82961,36.03383],[127.82714,36.03292],[127.82631,36.03278],[127.82581,36.03274],[127.82138,36.03012],[127.81874,36.02802],[127.81804,36.02787],[127.80439,36.02629],[127.8029,36.02654],[127.80081,36.0265],[127.80022,36.02625],[127.79762,36.02497],[127.79398,36.02078],[127.79138,36.01836],[127.79033,36.01726],[127.788,36.01433],[127.78785,36.01425],[127.78372,36.01612],[127.78351,36.01616],[127.78306,36.01625],[127.78171,36.01618],[127.78139,36.01616],[127.78054,36.01603],[127.77796,36.01563],[127.77693,36.01537],[127.77593,36.01511],[127.77554,36.01501],[127.77267,36.01397],[127.77261,36.01394],[127.77239,36.01383],[127.77167,36.01344],[127.77152,36.01332],[127.77104,36.01295],[127.77098,36.01291],[127.77085,36.01286],[127.76955,36.01242],[127.76915,36.01228],[127.76631,36.01196],[127.76471,36.01208],[127.7635,36.0124],[127.76154,36.01308],[127.76022,36.01365],[127.75876,36.01499],[127.75982,36.01694],[127.76098,36.01843],[127.76305,36.0213],[127.76326,36.02317],[127.76297,36.02373],[127.76239,36.0248],[127.76189,36.02506],[127.7611,36.02546],[127.75939,36.02558],[127.75816,36.02521],[127.75736,36.02497],[127.75643,36.02458],[127.75537,36.02414],[127.75262,36.02469],[127.75049,36.02664],[127.74983,36.02758],[127.7493,36.02833],[127.7479,36.02935],[127.74602,36.02912],[127.74418,36.02867],[127.74348,36.02826],[127.74377,36.02775],[127.74371,36.02712],[127.74368,36.02686],[127.7436,36.02658],[127.74334,36.02572],[127.74294,36.02503],[127.74211,36.02459],[127.74049,36.02487],[127.73948,36.02548],[127.73839,36.02775],[127.7367,36.03086],[127.73549,36.03171],[127.73498,36.03187],[127.73433,36.03209],[127.73268,36.03222],[127.73248,36.03223],[127.73244,36.03223],[127.73107,36.03225],[127.72994,36.03188],[127.72912,36.03134],[127.72899,36.03125],[127.72815,36.03043],[127.72758,36.02885],[127.72755,36.02814],[127.72822,36.02623],[127.72802,36.02617],[127.72781,36.0261],[127.72666,36.02653],[127.7251,36.02751],[127.72471,36.02816],[127.7247,36.02888],[127.72369,36.03047],[127.72328,36.03109],[127.72284,36.0313],[127.71984,36.03044],[127.71942,36.03121],[127.71791,36.03353],[127.717,36.03436],[127.71696,36.0344],[127.71542,36.03487],[127.7141,36.03527],[127.71391,36.03531],[127.71366,36.03536],[127.71187,36.03541],[127.71116,36.03527],[127.70938,36.03492],[127.7069,36.03399],[127.70499,36.03365],[127.70211,36.03521],[127.7003,36.03655],[127.69989,36.03761],[127.69964,36.03875],[127.69743,36.04059],[127.69647,36.0412],[127.69505,36.04638],[127.69516,36.04936],[127.69551,36.05302],[127.69583,36.05379],[127.6962,36.05469],[127.69672,36.05622],[127.69597,36.0567],[127.69522,36.05778],[127.69523,36.05867],[127.69691,36.05967],[127.69711,36.05973],[127.69754,36.05962],[127.69886,36.05921],[127.69915,36.05902],[127.69977,36.05858],[127.70089,36.05796],[127.70501,36.05714],[127.70557,36.05718],[127.70598,36.05746],[127.70633,36.05783],[127.70719,36.05903],[127.70705,36.05923],[127.70709,36.05943],[127.70813,36.06061],[127.71234,36.06428],[127.71279,36.06453],[127.7144,36.06373],[127.715,36.06294],[127.71609,36.06127],[127.71628,36.05957],[127.716,36.05824],[127.71599,36.05776],[127.71601,36.0573],[127.71661,36.05645],[127.71695,36.05622],[127.72144,36.05378],[127.72435,36.05423],[127.72516,36.05452],[127.73164,36.05714],[127.73881,36.05811],[127.74136,36.05895],[127.743,36.05978],[127.74778,36.06336],[127.74907,36.06549],[127.75178,36.06619],[127.75222,36.06637],[127.75321,36.06699],[127.75458,36.0682],[127.75487,36.06849],[127.75499,36.06871],[127.75498,36.06903],[127.75491,36.06934],[127.7575,36.07091],[127.75948,36.07209],[127.75966,36.07221],[127.76041,36.07293],[127.76275,36.07751],[127.7631,36.07952],[127.76311,36.08],[127.76702,36.08214],[127.76769,36.08169],[127.76837,36.0815],[127.76902,36.08148],[127.77102,36.08155],[127.77368,36.08159],[127.77588,36.08103],[127.77718,36.08067],[127.77853,36.08008],[127.78705,36.07501],[127.78769,36.07332],[127.79022,36.07072],[127.79114,36.07025],[127.79163,36.0698],[127.79208,36.06922],[127.79245,36.06833],[127.79385,36.066],[127.79447,36.06536],[127.79524,36.06458],[127.79616,36.06376],[127.79666,36.06366],[127.80106,36.06497],[127.80963,36.0651],[127.8111,36.06635],[127.81216,36.06756],[127.81423,36.06877],[127.81639,36.06959],[127.81843,36.06998],[127.81951,36.07048],[127.82004,36.07085],[127.82096,36.07257],[127.82218,36.07395]]]]}},{"type":"Feature","properties":{"adm_cd":"33540380","adm_nm":"충청북도 영동군 학산면"},"geometry":{"type":"MultiPolygon","coordinates":[[[[127.76311,36.08],[127.7631,36.07952],[127.76275,36.07751],[127.76041,36.07293],[127.75966,36.07221],[127.75948,36.07209],[127.7575,36.07091],[127.75491,36.06934],[127.75498,36.06903],[127.75499,36.06871],[127.75487,36.06849],[127.75458,36.0682],[127.75321,36.06699],[127.75222,36.06637],[127.75178,36.06619],[127.74907,36.06549],[127.74778,36.06336],[127.743,36.05978],[127.74136,36.05895],[127.73881,36.05811],[127.73164,36.05714],[127.72516,36.05452],[127.72435,36.05423],[127.72144,36.05378],[127.71695,36.05622],[127.71661,36.05645],[127.71601,36.0573],[127.71599,36.05776],[127.716,36.05824],[127.71628,36.05957],[127.71609,36.06127],[127.715,36.06294],[127.7144,36.06373],[127.71279,36.06453],[127.71234,36.06428],[127.70813,36.06061],[127.70709,36.05943],[127.70705,36.05923],[127.70719,36.05903],[127.70633,36.05783],[127.70598,36.05746],[127.70557,36.05718],[127.70501,36.05714],[127.70089,36.05796],[127.69977,36.05858],[127.69915,36.05902],[127.69886,36.05921],[127.69754,36.05962],[127.69711,36.05973],[127.69691,36.05967],[127.69523,36.05867],[127.69146,36.05856],[127.69127,36.05868],[127.69002,36.06069],[127.68984,36.06105],[127.68955,36.06181],[127.68952,36.06188],[127.68922,36.06255],[127.68899,36.06267],[127.68858,36.06282],[127.68816,36.06282],[127.6879,36.0628],[127.6873,36.06264],[127.68528,36.06182],[127.68486,36.0616],[127.68386,36.06084],[127.68285,36.05983],[127.6811,36.05822],[127.68077,36.05803],[127.67792,36.05649],[127.67419,36.05442],[127.67081,36.05192],[127.6717,36.04843],[127.67157,36.04656],[127.67138,36.04636],[127.67128,36.04624],[127.67116,36.04359],[127.67181,36.04297],[127.67269,36.04176],[127.67262,36.04131],[127.6692,36.0383],[127.66808,36.03763],[127.66751,36.03734],[127.66684,36.03701],[127.66654,36.03691],[127.6664,36.03686],[127.66543,36.03677],[127.66095,36.03791],[127.6604,36.03807],[127.66026,36.03827],[127.65952,36.03944],[127.65934,36.04025],[127.65952,36.04055],[127.65955,36.04057],[127.65969,36.04066],[127.65991,36.04216],[127.65821,36.04688],[127.65649,36.05045],[127.65503,36.05489],[127.65404,36.05641],[127.65309,36.05711],[127.65187,36.05739],[127.65134,36.05741],[127.65097,36.05736],[127.65038,36.05734],[127.64961,36.05768],[127.64913,36.05801],[127.64896,36.05854],[127.64887,36.05882],[127.64872,36.06057],[127.64887,36.06207],[127.64883,36.06217],[127.64863,36.06263],[127.64861,36.06268],[127.64471,36.06657],[127.6437,36.06699],[127.63927,36.0682],[127.63849,36.06824],[127.63776,36.06836],[127.63774,36.06846],[127.63773,36.06852],[127.63765,36.06877],[127.63756,36.06904],[127.63743,36.06931],[127.63729,36.06959],[127.63714,36.06987],[127.63697,36.07015],[127.63679,36.07041],[127.6366,36.07066],[127.63642,36.07089],[127.63623,36.07111],[127.63604,36.07131],[127.63451,36.07518],[127.63401,36.07768],[127.63288,36.08136],[127.63283,36.08149],[127.63273,36.08164],[127.63261,36.0818],[127.63245,36.08195],[127.62406,36.09],[127.62383,36.09018],[127.62357,36.09033],[127.62327,36.09045],[127.62295,36.09054],[127.62262,36.09061],[127.62229,36.09065],[127.62197,36.09067],[127.62167,36.09068],[127.6214,36.09067],[127.62116,36.09065],[127.62096,36.09063],[127.62078,36.09061],[127.62062,36.0906],[127.62048,36.09061],[127.62034,36.09064],[127.6202,36.0907],[127.62006,36.0908],[127.61991,36.09095],[127.61975,36.09113],[127.61959,36.09134],[127.61942,36.09157],[127.61925,36.09181],[127.61909,36.09206],[127.61865,36.09272],[127.61858,36.09283],[127.61853,36.09291],[127.61847,36.093],[127.61842,36.09309],[127.61836,36.09321],[127.61832,36.09328],[127.61823,36.09347],[127.61816,36.09369],[127.61809,36.09393],[127.61804,36.0942],[127.618,36.09452],[127.61799,36.09467],[127.61798,36.09485],[127.61796,36.0952],[127.61795,36.09553],[127.61794,36.09582],[127.61795,36.09607],[127.61796,36.09625],[127.61797,36.09634],[127.61789,36.09795],[127.61781,36.10228],[127.6179,36.10512],[127.61815,36.10606],[127.61883,36.10668],[127.61951,36.10747],[127.61957,36.10902],[127.62019,36.10897],[127.62082,36.10893],[127.62376,36.10904],[127.62391,36.10908],[127.62412,36.10914],[127.62596,36.10968],[127.62729,36.1123],[127.62773,36.11415],[127.62776,36.11516],[127.62818,36.11645],[127.6282,36.11653],[127.6313,36.11688],[127.63177,36.11691],[127.63236,36.11684],[127.63403,36.1165],[127.63599,36.11607],[127.63623,36.11601],[127.6368,36.11597],[127.63743,36.11603],[127.63796,36.11615],[127.64066,36.11781],[127.64329,36.11976],[127.64371,36.12128],[127.64366,36.12139],[127.64361,36.12149],[127.64522,36.12155],[127.65144,36.12158],[127.65323,36.12147],[127.65356,36.12137],[127.65363,36.12134],[127.6537,36.12131],[127.65441,36.12028],[127.6555,36.11938],[127.65658,36.11886],[127.66203,36.11737],[127.66215,36.11743],[127.66326,36.11786],[127.66483,36.11843],[127.66554,36.11851],[127.66599,36.11853],[127.67067,36.11756],[127.67396,36.11628],[127.6746,36.11676],[127.67492,36.11684],[127.6751,36.11684],[127.67539,36.11674],[127.67578,36.11646],[127.67684,36.11554],[127.67721,36.11403],[127.68029,36.11233],[127.6838,36.10986],[127.68399,36.10967],[127.68572,36.10868],[127.68696,36.10885],[127.68847,36.10992],[127.69055,36.11248],[127.69073,36.11295],[127.68999,36.11316],[127.68978,36.11328],[127.68959,36.11351],[127.68952,36.11384],[127.6899,36.11537],[127.69037,36.1161],[127.69073,36.11652],[127.69105,36.11676],[127.69285,36.11803],[127.69509,36.11725],[127.69567,36.11702],[127.69636,36.11647],[127.69727,36.11566],[127.69768,36.11522],[127.69837,36.11462],[127.69992,36.11389],[127.70134,36.11361],[127.7015,36.11361],[127.70174,36.11368],[127.7025,36.11398],[127.70424,36.11583],[127.70645,36.11935],[127.70658,36.11955],[127.70664,36.11987],[127.70673,36.12052],[127.70681,36.12133],[127.70664,36.12179],[127.70611,36.12261],[127.70614,36.12266],[127.70639,36.12312],[127.711,36.12499],[127.71146,36.12509],[127.71171,36.12509],[127.71214,36.12509],[127.71431,36.12493],[127.71459,36.12491],[127.71486,36.12482],[127.7158,36.12391],[127.71613,36.12353],[127.71631,36.12328],[127.71881,36.11964],[127.71886,36.11953],[127.71935,36.11795],[127.72001,36.11795],[127.72098,36.11782],[127.72263,36.11732],[127.72287,36.11719],[127.72308,36.11636],[127.72302,36.1162],[127.72289,36.11608],[127.72315,36.11494],[127.72336,36.11438],[127.72538,36.11083],[127.72554,36.1107],[127.73013,36.10857],[127.73092,36.1086],[127.73345,36.10837],[127.73368,36.10817],[127.73389,36.10727],[127.73422,36.10624],[127.73656,36.10384],[127.73907,36.10351],[127.73962,36.1035],[127.74005,36.10364],[127.74039,36.104],[127.7407,36.10426],[127.74144,36.10463],[127.74367,36.10553],[127.74473,36.10573],[127.74773,36.10614],[127.74842,36.10483],[127.74868,36.10412],[127.74875,36.10387],[127.74894,36.1031],[127.74884,36.10289],[127.74859,36.10247],[127.74857,36.10209],[127.7487,36.10111],[127.74904,36.10033],[127.74932,36.10002],[127.75038,36.09951],[127.75161,36.09871],[127.75187,36.09789],[127.75193,36.09766],[127.75172,36.09581],[127.75159,36.09445],[127.75187,36.09327],[127.75268,36.09004],[127.7529,36.08954],[127.75599,36.08512],[127.75627,36.08488],[127.75697,36.08438],[127.75721,36.08422],[127.75887,36.08342],[127.76172,36.08127],[127.76311,36.08]]]]}},{"type":"Feature","properties":{"adm_cd":"33540390","adm_nm":"충청북도 영동군 양산면"},"geometry":{"type":"MultiPolygon","coordinates":[[[[127.65471,36.17727],[127.65491,36.17719],[127.65548,36.17724],[127.65783,36.17777],[127.65786,36.17807],[127.66022,36.17839],[127.66794,36.1789],[127.67017,36.17814],[127.67381,36.17822],[127.67482,36.1783],[127.67772,36.17768],[127.67846,36.17746],[127.67942,36.17648],[127.681,36.17415],[127.68162,36.17322],[127.68232,36.1721],[127.68234,36.17176],[127.68225,36.17094],[127.68181,36.16963],[127.68072,36.16874],[127.67966,36.16747],[127.67959,36.16706],[127.68016,36.16599],[127.68265,36.16463],[127.68203,36.16411],[127.68139,36.16357],[127.68141,36.16245],[127.68196,36.16135],[127.6826,36.1609],[127.6831,36.16056],[127.68528,36.16035],[127.69187,36.1578],[127.6925,36.15737],[127.69289,36.15697],[127.69392,36.15549],[127.69385,36.15518],[127.69176,36.15115],[127.68982,36.14885],[127.689,36.1484],[127.68829,36.14784],[127.68796,36.14739],[127.68799,36.14721],[127.68871,36.14542],[127.68935,36.14451],[127.69084,36.14383],[127.69268,36.14288],[127.69373,36.1414],[127.6942,36.14022],[127.6954,36.13685],[127.69659,36.13348],[127.697,36.13117],[127.69718,36.13011],[127.697,36.12887],[127.69671,36.1272],[127.69596,36.12563],[127.69509,36.12404],[127.69479,36.12367],[127.69448,36.12339],[127.69311,36.12079],[127.69301,36.12003],[127.69285,36.11803],[127.69105,36.11676],[127.69073,36.11652],[127.69037,36.1161],[127.6899,36.11537],[127.68952,36.11384],[127.68959,36.11351],[127.68978,36.11328],[127.68999,36.11316],[127.69073,36.11295],[127.69055,36.11248],[127.68847,36.10992],[127.68696,36.10885],[127.68572,36.10868],[127.68399,36.10967],[127.6838,36.10986],[127.68029,36.11233],[127.67721,36.11403],[127.67684,36.11554],[127.67578,36.11646],[127.67539,36.11674],[127.6751,36.11684],[127.67492,36.11684],[127.6746,36.11676],[127.67396,36.11628],[127.67067,36.11756],[127.66599,36.11853],[127.66554,36.11851],[127.66483,36.11843],[127.66326,36.11786],[127.66215,36.11743],[127.66203,36.11737],[127.65658,36.11886],[127.6555,36.11938],[127.65441,36.12028],[127.6537,36.12131],[127.65363,36.12134],[127.65356,36.12137],[127.65323,36.12147],[127.65144,36.12158],[127.64522,36.12155],[127.64361,36.12149],[127.64366,36.12139],[127.64371,36.12128],[127.64329,36.11976],[127.64066,36.11781],[127.63796,36.11615],[127.63743,36.11603],[127.6368,36.11597],[127.63623,36.11601],[127.63599,36.11607],[127.63403,36.1165],[127.63236,36.11684],[127.63177,36.11691],[127.6313,36.11688],[127.6282,36.11653],[127.62818,36.11645],[127.62776,36.11516],[127.62773,36.11415],[127.62729,36.1123],[127.62596,36.10968],[127.62412,36.10914],[127.62391,36.10908],[127.62376,36.10904],[127.62082,36.10893],[127.62019,36.10897],[127.61957,36.10902],[127.61777,36.11025],[127.61456,36.11152],[127.61345,36.11173],[127.61284,36.11295],[127.61186,36.11504],[127.61089,36.11728],[127.61007,36.11862],[127.60838,36.11868],[127.6083,36.11843],[127.60821,36.11818],[127.60823,36.11795],[127.60744,36.1174],[127.6048,36.11681],[127.60429,36.11682],[127.60385,36.1171],[127.60187,36.11911],[127.60118,36.12029],[127.60039,36.12197],[127.59797,36.12557],[127.59549,36.12783],[127.59371,36.12943],[127.59327,36.12977],[127.59276,36.12991],[127.59243,36.13017],[127.5902,36.13383],[127.59019,36.13466],[127.59031,36.13475],[127.59056,36.13496],[127.59073,36.13542],[127.59106,36.1372],[127.59106,36.13802],[127.59101,36.13935],[127.59099,36.13989],[127.59093,36.1402],[127.59069,36.14061],[127.59044,36.14207],[127.59035,36.14328],[127.59115,36.14528],[127.59193,36.14688],[127.59266,36.14837],[127.5932,36.14949],[127.59347,36.15012],[127.59379,36.15167],[127.59363,36.15297],[127.59553,36.15508],[127.59782,36.15731],[127.59903,36.15762],[127.60018,36.15871],[127.60174,36.16159],[127.60164,36.16619],[127.60154,36.16669],[127.60104,36.16894],[127.60095,36.16923],[127.60086,36.16948],[127.59935,36.17243],[127.5985,36.17393],[127.59817,36.1741],[127.5979,36.17412],[127.59723,36.17419],[127.59655,36.17435],[127.59435,36.176],[127.59342,36.17718],[127.59345,36.17748],[127.59448,36.17814],[127.59536,36.17956],[127.59537,36.17983],[127.59522,36.18089],[127.59545,36.18215],[127.59712,36.18329],[127.59812,36.18435],[127.60194,36.18392],[127.60216,36.1839],[127.60227,36.1839],[127.60236,36.18392],[127.60491,36.18445],[127.60656,36.1848],[127.60664,36.18487],[127.60677,36.18492],[127.60792,36.18532],[127.60802,36.18535],[127.60813,36.18537],[127.6083,36.18538],[127.60851,36.18538],[127.60898,36.18527],[127.60909,36.18521],[127.6092,36.18513],[127.60926,36.18507],[127.60959,36.18411],[127.61057,36.18327],[127.61162,36.18286],[127.61344,36.1833],[127.6141,36.18369],[127.61464,36.18388],[127.61788,36.18204],[127.61883,36.18157],[127.61972,36.18168],[127.62076,36.18177],[127.624,36.18079],[127.62503,36.17903],[127.62537,36.17857],[127.6271,36.17777],[127.63001,36.17867],[127.63228,36.17985],[127.63362,36.1806],[127.63416,36.18079],[127.63578,36.17865],[127.63921,36.17539],[127.64405,36.17171],[127.64522,36.17109],[127.64619,36.17086],[127.64945,36.17069],[127.65048,36.17074],[127.65148,36.17119],[127.65205,36.17152],[127.65427,36.17596],[127.65462,36.1767],[127.65471,36.17727]]]]}},{"type":"Feature","properties":{"adm_cd":"33540400","adm_nm":"충청북도 영동군 심천면"},"geometry":{"type":"MultiPolygon","coordinates":[[[[127.7305,36.27211],[127.7313,36.26992],[127.7316,36.26931],[127.73222,36.26908],[127.73285,36.26885],[127.73347,36.26783],[127.73336,36.26682],[127.733,36.26579],[127.73291,36.26564],[127.73281,36.26548],[127.73274,36.26335],[127.73299,36.26275],[127.7345,36.2627],[127.73517,36.26329],[127.73643,36.26395],[127.73851,36.26431],[127.74056,36.26462],[127.74585,36.26522],[127.74665,36.26527],[127.74731,36.26532],[127.75127,36.26497],[127.75482,36.26422],[127.75629,36.26365],[127.757,36.26273],[127.75699,36.26205],[127.75697,36.26148],[127.75687,36.26077],[127.7571,36.25944],[127.75719,36.25912],[127.75874,36.25726],[127.75878,36.25726],[127.75939,36.25718],[127.7613,36.25634],[127.762,36.2552],[127.76244,36.25352],[127.76304,36.25034],[127.76307,36.25],[127.76245,36.24468],[127.76138,36.24269],[127.76123,36.24263],[127.76107,36.24258],[127.76072,36.24254],[127.7601,36.24193],[127.75833,36.23971],[127.75837,36.23937],[127.75857,36.23893],[127.75922,36.23783],[127.76061,36.23562],[127.76159,36.23516],[127.76229,36.23497],[127.763,36.23479],[127.76378,36.23438],[127.76402,36.23392],[127.7642,36.23357],[127.76411,36.23279],[127.76369,36.22918],[127.76313,36.22769],[127.76353,36.22517],[127.76245,36.22342],[127.76162,36.2218],[127.76019,36.2216],[127.75937,36.22198],[127.75888,36.22248],[127.7583,36.22342],[127.7578,36.22379],[127.7563,36.22474],[127.75557,36.22493],[127.75456,36.22454],[127.7543,36.22417],[127.75495,36.22373],[127.75525,36.22369],[127.75555,36.22366],[127.75623,36.22243],[127.75725,36.21918],[127.75737,36.21877],[127.75739,36.2187],[127.75757,36.21756],[127.75748,36.21717],[127.7554,36.21428],[127.75535,36.21389],[127.75527,36.21242],[127.75474,36.21092],[127.75468,36.21082],[127.754,36.21041],[127.75312,36.20992],[127.74906,36.20759],[127.74701,36.20578],[127.74672,36.20563],[127.7464,36.20547],[127.74367,36.20453],[127.74329,36.20447],[127.74245,36.20439],[127.74215,36.20442],[127.74199,36.20444],[127.74186,36.20447],[127.74128,36.20446],[127.74105,36.20441],[127.74072,36.20434],[127.74056,36.2043],[127.7404,36.20425],[127.74021,36.20413],[127.74013,36.20406],[127.74005,36.20398],[127.73998,36.20373],[127.74013,36.20332],[127.74102,36.20002],[127.74112,36.19922],[127.74097,36.19857],[127.74078,36.19829],[127.74051,36.1979],[127.73936,36.196],[127.73849,36.19431],[127.73849,36.19313],[127.73833,36.19252],[127.737,36.19017],[127.73687,36.19002],[127.73668,36.18982],[127.73622,36.18958],[127.73573,36.18883],[127.73554,36.1875],[127.73603,36.1862],[127.73628,36.18454],[127.73643,36.18215],[127.73644,36.18121],[127.73499,36.1771],[127.73399,36.17528],[127.73362,36.1748],[127.73369,36.17204],[127.73432,36.17105],[127.73515,36.16811],[127.73372,36.16621],[127.73303,36.16558],[127.7323,36.16512],[127.73183,36.16486],[127.7308,36.16446],[127.73047,36.16439],[127.7301,36.16447],[127.72916,36.165],[127.72763,36.16581],[127.72546,36.16686],[127.72486,36.16706],[127.72464,36.16702],[127.72439,36.16698],[127.72389,36.16672],[127.7235,36.16619],[127.72286,36.16579],[127.72203,36.16553],[127.71876,36.16461],[127.71286,36.16329],[127.7099,36.16345],[127.70979,36.16349],[127.70966,36.16353],[127.70884,36.16388],[127.70663,36.16405],[127.70617,36.16372],[127.70533,36.16267],[127.70544,36.16204],[127.70391,36.16154],[127.70298,36.16181],[127.70239,36.16224],[127.70225,36.16245],[127.70215,36.16261],[127.70229,36.16322],[127.7013,36.16513],[127.6998,36.16766],[127.69838,36.16903],[127.69799,36.16941],[127.69738,36.16959],[127.69682,36.16962],[127.69628,36.16961],[127.69577,36.1696],[127.69475,36.16969],[127.6921,36.17106],[127.69106,36.172],[127.69086,36.17218],[127.69083,36.17221],[127.68814,36.17067],[127.68524,36.16752],[127.68265,36.16463],[127.68016,36.16599],[127.67959,36.16706],[127.67966,36.16747],[127.68072,36.16874],[127.68181,36.16963],[127.68225,36.17094],[127.68234,36.17176],[127.68232,36.1721],[127.68162,36.17322],[127.681,36.17415],[127.67942,36.17648],[127.67846,36.17746],[127.67772,36.17768],[127.67482,36.1783],[127.67381,36.17822],[127.67017,36.17814],[127.66794,36.1789],[127.66022,36.17839],[127.65786,36.17807],[127.65783,36.17777],[127.65548,36.17724],[127.65491,36.17719],[127.65471,36.17727],[127.65307,36.18],[127.65201,36.18118],[127.65056,36.18347],[127.65015,36.18511],[127.65161,36.18631],[127.65216,36.18672],[127.65335,36.18801],[127.65364,36.18852],[127.65452,36.19188],[127.65372,36.19341],[127.65257,36.19411],[127.65202,36.19421],[127.65188,36.19641],[127.6521,36.19692],[127.65245,36.19941],[127.65047,36.20203],[127.6496,36.20371],[127.64861,36.20697],[127.64858,36.20755],[127.64866,36.20844],[127.64922,36.2102],[127.64964,36.21145],[127.6501,36.21256],[127.65168,36.21466],[127.65193,36.21546],[127.65192,36.21639],[127.65176,36.21742],[127.65149,36.21798],[127.65047,36.21882],[127.65008,36.22003],[127.65015,36.22173],[127.65021,36.22267],[127.65065,36.22508],[127.65361,36.22609],[127.6546,36.22713],[127.65544,36.22842],[127.65599,36.22902],[127.65677,36.22855],[127.65963,36.2264],[127.66016,36.22584],[127.66082,36.22511],[127.66199,36.22439],[127.66335,36.22356],[127.67324,36.22306],[127.67835,36.22459],[127.68162,36.22713],[127.68259,36.22833],[127.68305,36.22896],[127.68311,36.22943],[127.68272,36.22996],[127.6826,36.23102],[127.68692,36.23512],[127.6887,36.23682],[127.69172,36.23927],[127.69331,36.24442],[127.69338,36.24621],[127.69294,36.24815],[127.69303,36.24975],[127.69394,36.25007],[127.69569,36.25044],[127.69601,36.25051],[127.69685,36.25136],[127.69828,36.25438],[127.69944,36.25827],[127.70059,36.25974],[127.70167,36.26136],[127.70237,36.26081],[127.70337,36.26056],[127.70501,36.2602],[127.70528,36.26064],[127.70529,36.2613],[127.70539,36.26188],[127.70673,36.2625],[127.70775,36.26292],[127.70801,36.26297],[127.70926,36.26323],[127.71078,36.26323],[127.7121,36.26311],[127.71463,36.26311],[127.71465,36.26371],[127.71365,36.26428],[127.71308,36.26553],[127.71279,36.26643],[127.71322,36.26773],[127.71365,36.26792],[127.71409,36.2681],[127.71886,36.26975],[127.71918,36.26975],[127.71894,36.26782],[127.71893,36.26734],[127.71928,36.26651],[127.7201,36.26626],[127.72058,36.26611],[127.7211,36.26625],[127.72244,36.26666],[127.72341,36.26726],[127.72423,36.26777],[127.72491,36.26851],[127.72498,36.26876],[127.72543,36.27022],[127.72557,36.27046],[127.7256,36.2705],[127.72631,36.27065],[127.72843,36.27149],[127.72946,36.27213],[127.7305,36.27211]]]]}},{"type":"Feature","properties":{"adm_cd":"33550110","adm_nm":"충청북도 진천군 진천읍"},"geometry":{"type":"MultiPolygon","coordinates":[[[[127.47235,36.88324],[127.47209,36.88289],[127.47199,36.88242],[127.47196,36.88116],[127.47225,36.8807],[127.47234,36.88056],[127.47412,36.87879],[127.477,36.87639],[127.47719,36.87493],[127.47828,36.87276],[127.48369,36.86893],[127.48614,36.8682],[127.48719,36.86803],[127.48875,36.86801],[127.49057,36.86802],[127.49369,36.8665],[127.49432,36.86615],[127.49419,36.8656],[127.49406,36.86519],[127.49148,36.86191],[127.48619,36.8553],[127.48573,36.85476],[127.48456,36.8534],[127.48226,36.8512],[127.48225,36.85098],[127.48234,36.85056],[127.48319,36.84979],[127.48539,36.84859],[127.48512,36.84708],[127.4845,36.84724],[127.48289,36.84764],[127.4823,36.84703],[127.48149,36.84633],[127.48142,36.84639],[127.47982,36.84757],[127.47871,36.84811],[127.47788,36.8482],[127.47645,36.84836],[127.47492,36.84848],[127.47429,36.8485],[127.47186,36.84847],[127.47112,36.84821],[127.47021,36.84726],[127.46972,36.84649],[127.46957,36.84572],[127.46825,36.84509],[127.46669,36.84456],[127.46313,36.84345],[127.46192,36.84342],[127.45921,36.84352],[127.45863,36.84358],[127.45849,36.84369],[127.45851,36.84397],[127.45863,36.84446],[127.45696,36.84523],[127.45638,36.84547],[127.45603,36.84559],[127.45346,36.84644],[127.453,36.84658],[127.45245,36.84634],[127.45216,36.84578],[127.45219,36.84509],[127.45228,36.84422],[127.45153,36.84157],[127.45152,36.84153],[127.45135,36.84133],[127.45101,36.84103],[127.45067,36.84084],[127.44892,36.83998],[127.4474,36.83955],[127.44551,36.83901],[127.44536,36.83898],[127.44392,36.83935],[127.44148,36.83803],[127.43621,36.83452],[127.43361,36.83023],[127.4335,36.82993],[127.43344,36.82913],[127.43363,36.82879],[127.43391,36.82682],[127.43378,36.82344],[127.43217,36.82254],[127.43127,36.82217],[127.4307,36.82199],[127.43014,36.82205],[127.42954,36.82219],[127.429,36.82261],[127.4286,36.82305],[127.4278,36.82343],[127.42376,36.8245],[127.42346,36.8242],[127.42357,36.82282],[127.4225,36.82025],[127.42123,36.81757],[127.42134,36.81204],[127.42288,36.81001],[127.42088,36.80723],[127.41705,36.80473],[127.41526,36.80366],[127.41441,36.80271],[127.41406,36.80207],[127.41381,36.80147],[127.41302,36.80116],[127.41198,36.80132],[127.4101,36.80193],[127.40747,36.80178],[127.40165,36.80002],[127.40101,36.79909],[127.39872,36.79932],[127.39863,36.79934],[127.39778,36.79974],[127.39768,36.7998],[127.39323,36.80404],[127.39316,36.80412],[127.39202,36.80586],[127.38819,36.80838],[127.38796,36.80852],[127.38631,36.80989],[127.38488,36.81129],[127.38484,36.81137],[127.3848,36.81156],[127.38473,36.81174],[127.3846,36.81188],[127.38276,36.81328],[127.38252,36.81343],[127.38239,36.8135],[127.3821,36.81363],[127.38174,36.81377],[127.38168,36.81379],[127.37817,36.81487],[127.37809,36.81489],[127.37797,36.81493],[127.37241,36.81644],[127.37047,36.81673],[127.37031,36.81673],[127.3702,36.8167],[127.37003,36.81661],[127.36971,36.81638],[127.3695,36.81626],[127.36931,36.81622],[127.36918,36.81623],[127.36875,36.81626],[127.36852,36.81631],[127.36658,36.81685],[127.36652,36.81688],[127.36645,36.81691],[127.36637,36.81698],[127.36571,36.81779],[127.3654,36.81825],[127.36534,36.81841],[127.36528,36.81849],[127.36519,36.81859],[127.365,36.81874],[127.36397,36.81945],[127.36381,36.81956],[127.36158,36.82023],[127.36139,36.82026],[127.36089,36.82026],[127.35796,36.82213],[127.35726,36.82295],[127.357,36.8234],[127.35703,36.82371],[127.35736,36.82468],[127.35766,36.82498],[127.35771,36.82502],[127.35784,36.82547],[127.3571,36.8271],[127.35682,36.82748],[127.35584,36.82847],[127.35418,36.82918],[127.35177,36.82991],[127.35132,36.83004],[127.35092,36.83016],[127.35056,36.83019],[127.34851,36.8298],[127.348,36.8296],[127.34729,36.82909],[127.34698,36.82879],[127.34675,36.82868],[127.3465,36.82857],[127.34597,36.82845],[127.34233,36.82962],[127.34114,36.83007],[127.33948,36.83074],[127.33802,36.83045],[127.33763,36.83022],[127.33598,36.82953],[127.33401,36.83015],[127.33351,36.83058],[127.33341,36.83066],[127.33314,36.83119],[127.33299,36.83148],[127.33391,36.83309],[127.3346,36.83381],[127.33487,36.83521],[127.33519,36.83689],[127.33509,36.83707],[127.33403,36.83755],[127.33352,36.83783],[127.33363,36.83893],[127.33386,36.83967],[127.3353,36.84379],[127.3357,36.84417],[127.33603,36.84437],[127.33626,36.84452],[127.33657,36.84489],[127.33672,36.84559],[127.33659,36.84794],[127.33654,36.84866],[127.3363,36.84901],[127.33612,36.84952],[127.33602,36.85036],[127.33621,36.8529],[127.3366,36.8536],[127.33708,36.85353],[127.33756,36.85345],[127.34027,36.85307],[127.34373,36.85411],[127.34509,36.85484],[127.34668,36.85575],[127.34716,36.85601],[127.34763,36.85628],[127.35173,36.85742],[127.35504,36.85805],[127.35619,36.858],[127.35624,36.85787],[127.35657,36.85701],[127.35692,36.85657],[127.35728,36.85608],[127.35856,36.85462],[127.3589,36.85433],[127.35925,36.85404],[127.35991,36.85369],[127.36473,36.85235],[127.36764,36.85223],[127.36861,36.85222],[127.3726,36.85172],[127.37291,36.85142],[127.37493,36.85144],[127.37519,36.85171],[127.37714,36.85368],[127.37756,36.85405],[127.37907,36.8548],[127.37943,36.8547],[127.37975,36.85451],[127.38007,36.85433],[127.38342,36.85473],[127.38399,36.85524],[127.38423,36.85556],[127.38412,36.85645],[127.38395,36.85713],[127.38377,36.85753],[127.38326,36.85858],[127.38293,36.85866],[127.38262,36.85887],[127.38173,36.86002],[127.38264,36.8616],[127.38318,36.86189],[127.38441,36.86238],[127.38537,36.86267],[127.38618,36.86291],[127.3868,36.8633],[127.38826,36.86432],[127.38978,36.86646],[127.39007,36.86751],[127.38979,36.86819],[127.38987,36.86901],[127.39029,36.87022],[127.39116,36.87133],[127.39188,36.87131],[127.39273,36.8725],[127.39341,36.87424],[127.39349,36.87456],[127.39356,36.87484],[127.39339,36.87647],[127.3926,36.87676],[127.39225,36.87884],[127.39291,36.88309],[127.39323,36.88431],[127.39929,36.88705],[127.4046,36.88795],[127.40603,36.88803],[127.40624,36.88797],[127.40737,36.88714],[127.40691,36.8849],[127.40658,36.88052],[127.40732,36.87967],[127.40746,36.87955],[127.4088,36.8787],[127.41082,36.87777],[127.41156,36.87776],[127.41733,36.8782],[127.41794,36.8784],[127.41974,36.87911],[127.423,36.8798],[127.4233,36.87966],[127.42374,36.87949],[127.42873,36.87892],[127.42935,36.8799],[127.42951,36.88064],[127.43007,36.88117],[127.4301,36.8812],[127.43031,36.88138],[127.43066,36.88115],[127.43117,36.8808],[127.43158,36.88043],[127.43362,36.87851],[127.43515,36.87667],[127.43573,36.87591],[127.4367,36.87488],[127.44102,36.87291],[127.44138,36.87294],[127.44142,36.87294],[127.44154,36.87445],[127.44159,36.87566],[127.44159,36.87854],[127.44175,36.88006],[127.44264,36.8873],[127.44284,36.88804],[127.44416,36.88821],[127.44593,36.88838],[127.44618,36.8884],[127.4486,36.88679],[127.45064,36.88476],[127.45263,36.88329],[127.45452,36.88207],[127.45581,36.88363],[127.45977,36.8872],[127.46152,36.88857],[127.46295,36.89089],[127.46329,36.89194],[127.46352,36.8933],[127.46384,36.89345],[127.46396,36.89352],[127.46608,36.89222],[127.4669,36.89155],[127.46799,36.89001],[127.46844,36.88885],[127.46905,36.88817],[127.47051,36.88786],[127.47082,36.88736],[127.47238,36.88392],[127.47235,36.88324]]]]}},{"type":"Feature","properties":{"adm_cd":"33550120","adm_nm":"충청북도 진천군 덕산읍"},"geometry":{"type":"MultiPolygon","coordinates":[[[[127.51135,36.9309],[127.51172,36.93058],[127.5147,36.92788],[127.51986,36.92317],[127.52006,36.92287],[127.52034,36.92245],[127.52261,36.91891],[127.52293,36.91787],[127.523,36.91692],[127.5232,36.91571],[127.52566,36.91133],[127.52714,36.9107],[127.53,36.91115],[127.53168,36.91156],[127.53246,36.91222],[127.53464,36.91227],[127.53555,36.91175],[127.536,36.91137],[127.53723,36.91032],[127.53757,36.90992],[127.53892,36.90842],[127.54152,36.90563],[127.54245,36.9054],[127.54326,36.90523],[127.54374,36.90519],[127.54474,36.90498],[127.5448,36.90497],[127.54497,36.90487],[127.54635,36.90272],[127.54606,36.90185],[127.54589,36.90075],[127.5496,36.89821],[127.5508,36.89783],[127.55167,36.89768],[127.55203,36.89771],[127.55306,36.89818],[127.55366,36.89821],[127.55373,36.89812],[127.55391,36.8979],[127.555,36.89646],[127.55191,36.89397],[127.55164,36.89325],[127.55047,36.89022],[127.54932,36.88954],[127.54854,36.89026],[127.54853,36.89106],[127.5464,36.89184],[127.54549,36.8919],[127.54475,36.89167],[127.54095,36.88703],[127.53743,36.88293],[127.53681,36.88048],[127.53674,36.87894],[127.5364,36.87824],[127.53557,36.87765],[127.5346,36.87714],[127.53398,36.87638],[127.53387,36.87539],[127.53466,36.87377],[127.53418,36.87357],[127.53405,36.87352],[127.53205,36.8735],[127.53088,36.87386],[127.52955,36.87473],[127.5272,36.87527],[127.52459,36.87572],[127.52398,36.87571],[127.5225,36.87512],[127.52094,36.87328],[127.51957,36.87201],[127.51808,36.87183],[127.51543,36.87249],[127.51206,36.87358],[127.51141,36.8739],[127.50946,36.87427],[127.50809,36.87434],[127.50461,36.87357],[127.50333,36.87073],[127.50385,36.86962],[127.50567,36.8686],[127.50686,36.865],[127.50663,36.86473],[127.50358,36.86179],[127.49858,36.86376],[127.49508,36.86551],[127.49432,36.86615],[127.49369,36.8665],[127.49057,36.86802],[127.48875,36.86801],[127.48719,36.86803],[127.48614,36.8682],[127.48369,36.86893],[127.47828,36.87276],[127.47719,36.87493],[127.477,36.87639],[127.47412,36.87879],[127.47234,36.88056],[127.47225,36.8807],[127.47196,36.88116],[127.47199,36.88242],[127.47209,36.88289],[127.47235,36.88324],[127.47368,36.88555],[127.47665,36.89001],[127.4766,36.89076],[127.47606,36.8917],[127.47572,36.89321],[127.47531,36.89739],[127.47597,36.89886],[127.4766,36.8998],[127.47704,36.90023],[127.47741,36.90051],[127.47835,36.90082],[127.48019,36.90163],[127.48033,36.90169],[127.48138,36.90226],[127.48365,36.90397],[127.48363,36.90742],[127.48677,36.90747],[127.48856,36.90989],[127.48861,36.91013],[127.48787,36.9116],[127.48714,36.913],[127.48683,36.91354],[127.48538,36.91499],[127.48462,36.91556],[127.48355,36.91649],[127.48286,36.91749],[127.4774,36.92565],[127.4793,36.92812],[127.47953,36.92827],[127.47965,36.92837],[127.47997,36.92861],[127.48024,36.92886],[127.48041,36.92931],[127.48171,36.93307],[127.48135,36.93368],[127.4827,36.93455],[127.48277,36.93468],[127.4829,36.93518],[127.4829,36.93525],[127.48286,36.93555],[127.48284,36.93635],[127.4829,36.93646],[127.48329,36.93699],[127.48352,36.93721],[127.48364,36.93729],[127.4855,36.93823],[127.4905,36.93879],[127.49076,36.93879],[127.49128,36.93879],[127.49149,36.93876],[127.4916,36.93871],[127.49415,36.93734],[127.49503,36.93681],[127.49848,36.9348],[127.49981,36.93407],[127.50202,36.93339],[127.50706,36.9316],[127.51022,36.9304],[127.51135,36.9309]]]]}},{"type":"Feature","properties":{"adm_cd":"33550320","adm_nm":"충청북도 진천군 초평면"},"geometry":{"type":"MultiPolygon","coordinates":[[[[127.58179,36.87652],[127.58333,36.87564],[127.58455,36.87449],[127.58514,36.87041],[127.58497,36.86977],[127.58465,36.86923],[127.58168,36.86647],[127.57994,36.86584],[127.57869,36.86587],[127.57724,36.86583],[127.57627,36.86444],[127.57715,36.86377],[127.57765,36.8631],[127.57708,36.86151],[127.57608,36.86012],[127.57516,36.85854],[127.57515,36.85781],[127.57563,36.85699],[127.57791,36.85327],[127.57811,36.85285],[127.57824,36.85254],[127.57829,36.85233],[127.5783,36.85213],[127.5783,36.85198],[127.57823,36.85142],[127.57821,36.8513],[127.57813,36.85109],[127.57806,36.85102],[127.57798,36.85095],[127.57792,36.85091],[127.57764,36.85078],[127.57734,36.8507],[127.57714,36.85069],[127.57699,36.8507],[127.57658,36.85074],[127.57625,36.8508],[127.57608,36.85088],[127.57588,36.85094],[127.57567,36.85097],[127.57353,36.85091],[127.57332,36.85087],[127.57184,36.85007],[127.57182,36.85005],[127.57182,36.85],[127.57186,36.84989],[127.57213,36.84924],[127.57221,36.8491],[127.57226,36.84575],[127.57185,36.84294],[127.57035,36.84009],[127.56903,36.83673],[127.56908,36.83659],[127.56913,36.83637],[127.56927,36.83567],[127.56944,36.83466],[127.56945,36.83449],[127.56947,36.83416],[127.56947,36.83389],[127.56946,36.83381],[127.56943,36.83373],[127.56932,36.83354],[127.56882,36.83284],[127.56818,36.83193],[127.56775,36.83129],[127.56766,36.83114],[127.56761,36.83104],[127.56751,36.83068],[127.56743,36.83035],[127.56738,36.83012],[127.56737,36.83007],[127.56737,36.82999],[127.56738,36.82995],[127.5674,36.82992],[127.56949,36.82824],[127.56952,36.82821],[127.56957,36.82818],[127.56965,36.82816],[127.56982,36.82813],[127.56996,36.82812],[127.57015,36.8281],[127.57066,36.82811],[127.57084,36.82812],[127.57105,36.82813],[127.57203,36.82824],[127.57234,36.82832],[127.57243,36.82834],[127.57369,36.82882],[127.57486,36.8293],[127.57529,36.82945],[127.57722,36.8301],[127.57743,36.83015],[127.5777,36.83016],[127.57788,36.83012],[127.57807,36.83],[127.57899,36.82912],[127.57842,36.82872],[127.5781,36.82846],[127.57774,36.82815],[127.57674,36.82703],[127.57666,36.82693],[127.57664,36.82686],[127.57615,36.82543],[127.57531,36.82381],[127.57518,36.82357],[127.57513,36.82351],[127.57509,36.82346],[127.57504,36.82339],[127.57396,36.82216],[127.57215,36.82052],[127.57211,36.8205],[127.57207,36.82048],[127.57113,36.82025],[127.56434,36.81865],[127.56407,36.8186],[127.56327,36.81854],[127.56323,36.81855],[127.56318,36.81855],[127.56214,36.81874],[127.56185,36.8188],[127.56162,36.81885],[127.56152,36.81887],[127.56146,36.81889],[127.56142,36.81894],[127.55933,36.8188],[127.55577,36.81794],[127.55261,36.81524],[127.54962,36.81307],[127.5495,36.81303],[127.54944,36.81301],[127.54926,36.81297],[127.54906,36.81297],[127.54786,36.81305],[127.54742,36.81316],[127.54683,36.81331],[127.54487,36.81374],[127.54477,36.81371],[127.54436,36.81351],[127.54419,36.81341],[127.54284,36.81246],[127.53707,36.80793],[127.53756,36.80773],[127.53833,36.80731],[127.53858,36.80715],[127.53877,36.80702],[127.5392,36.80665],[127.53932,36.80652],[127.54025,36.80534],[127.5404,36.80513],[127.5405,36.80496],[127.54091,36.80425],[127.54313,36.80194],[127.54849,36.79816],[127.5487,36.79807],[127.549,36.79802],[127.54913,36.798],[127.54922,36.79798],[127.54962,36.79798],[127.54978,36.79802],[127.54987,36.79809],[127.54998,36.79822],[127.55011,36.79834],[127.55048,36.79866],[127.55062,36.79873],[127.55079,36.79881],[127.55237,36.79921],[127.55256,36.79926],[127.55266,36.79927],[127.55274,36.79929],[127.55287,36.79929],[127.55301,36.79929],[127.55494,36.79925],[127.55507,36.79924],[127.55519,36.79922],[127.55526,36.79913],[127.55533,36.79905],[127.55539,36.79898],[127.55658,36.79711],[127.55677,36.79674],[127.5576,36.79509],[127.55825,36.79338],[127.56014,36.78927],[127.56152,36.78649],[127.56299,36.78369],[127.56438,36.78128],[127.56422,36.77962],[127.56416,36.77961],[127.5636,36.7795],[127.5627,36.77912],[127.56036,36.77815],[127.5579,36.77781],[127.55764,36.77796],[127.55741,36.77808],[127.55584,36.77802],[127.55443,36.77785],[127.54975,36.77632],[127.54862,36.77583],[127.54599,36.77451],[127.5447,36.77378],[127.54428,36.77366],[127.54425,36.77365],[127.54323,36.7738],[127.54286,36.77387],[127.54214,36.77402],[127.54191,36.7741],[127.54161,36.7742],[127.5414,36.77417],[127.54118,36.77414],[127.53202,36.77174],[127.53141,36.7714],[127.53104,36.77102],[127.53073,36.77069],[127.53048,36.7704],[127.53019,36.77009],[127.52983,36.77005],[127.52939,36.77001],[127.52686,36.76981],[127.52336,36.76964],[127.52231,36.76968],[127.52178,36.76977],[127.51777,36.76896],[127.51735,36.76876],[127.51674,36.76847],[127.51584,36.76805],[127.51545,36.76797],[127.515,36.76787],[127.51398,36.76782],[127.5131,36.76778],[127.51221,36.76788],[127.5113,36.76798],[127.51011,36.76751],[127.50925,36.76717],[127.50724,36.76601],[127.50625,36.76546],[127.50256,36.76407],[127.50217,36.76399],[127.50163,36.76396],[127.50134,36.76395],[127.50209,36.76514],[127.50271,36.76606],[127.50328,36.76656],[127.50535,36.76762],[127.50626,36.76802],[127.50719,36.76834],[127.50895,36.7695],[127.50948,36.77042],[127.51062,36.77389],[127.5106,36.77435],[127.50935,36.77597],[127.50833,36.77674],[127.50633,36.77825],[127.50571,36.77857],[127.50498,36.77894],[127.50342,36.77935],[127.50195,36.77971],[127.49793,36.78042],[127.49719,36.78084],[127.4959,36.78213],[127.49388,36.78268],[127.4921,36.78286],[127.49065,36.78313],[127.48747,36.78378],[127.4862,36.7841],[127.48563,36.78443],[127.48202,36.78743],[127.47733,36.79036],[127.47638,36.79087],[127.47634,36.79117],[127.47628,36.79148],[127.47664,36.79217],[127.47801,36.79288],[127.47942,36.79346],[127.48049,36.79342],[127.48131,36.79317],[127.4821,36.79237],[127.48323,36.79162],[127.48483,36.79084],[127.48576,36.79067],[127.48683,36.79105],[127.48769,36.79194],[127.48877,36.79339],[127.48921,36.7959],[127.4892,36.79616],[127.48915,36.79662],[127.48825,36.79769],[127.48744,36.79867],[127.48666,36.80154],[127.48707,36.80216],[127.48751,36.80242],[127.48862,36.80261],[127.49015,36.80254],[127.49147,36.80226],[127.49328,36.80231],[127.49464,36.80292],[127.49472,36.80452],[127.49359,36.80671],[127.49168,36.80885],[127.49036,36.80981],[127.48939,36.81071],[127.4892,36.81265],[127.48976,36.81304],[127.49123,36.81387],[127.49186,36.81463],[127.49331,36.81782],[127.49291,36.82009],[127.49211,36.82113],[127.49188,36.82413],[127.4944,36.83032],[127.4949,36.83214],[127.49533,36.83259],[127.49641,36.83371],[127.49753,36.83443],[127.49813,36.83788],[127.49799,36.83869],[127.49687,36.84034],[127.49679,36.84045],[127.49313,36.84227],[127.49024,36.84436],[127.48763,36.84642],[127.48512,36.84708],[127.48539,36.84859],[127.48319,36.84979],[127.48234,36.85056],[127.48225,36.85098],[127.48226,36.8512],[127.48456,36.8534],[127.48573,36.85476],[127.48619,36.8553],[127.49148,36.86191],[127.49406,36.86519],[127.49419,36.8656],[127.49432,36.86615],[127.49508,36.86551],[127.49858,36.86376],[127.50358,36.86179],[127.50663,36.86473],[127.50686,36.865],[127.50567,36.8686],[127.50385,36.86962],[127.50333,36.87073],[127.50461,36.87357],[127.50809,36.87434],[127.50946,36.87427],[127.51141,36.8739],[127.51206,36.87358],[127.51543,36.87249],[127.51808,36.87183],[127.51957,36.87201],[127.52094,36.87328],[127.5225,36.87512],[127.52398,36.87571],[127.52459,36.87572],[127.5272,36.87527],[127.52955,36.87473],[127.53088,36.87386],[127.53205,36.8735],[127.53405,36.87352],[127.53418,36.87357],[127.53466,36.87377],[127.53387,36.87539],[127.53398,36.87638],[127.5346,36.87714],[127.53557,36.87765],[127.5364,36.87824],[127.53674,36.87894],[127.53681,36.88048],[127.53743,36.88293],[127.54095,36.88703],[127.54475,36.89167],[127.54549,36.8919],[127.5464,36.89184],[127.54853,36.89106],[127.54854,36.89026],[127.54932,36.88954],[127.55047,36.89022],[127.55164,36.89325],[127.55191,36.89397],[127.55269,36.89258],[127.55514,36.89128],[127.55564,36.89035],[127.55523,36.88975],[127.55496,36.88911],[127.55499,36.88872],[127.55535,36.88702],[127.55603,36.88632],[127.55606,36.88629],[127.55742,36.88585],[127.55855,36.88643],[127.55989,36.8867],[127.56117,36.88594],[127.56124,36.88526],[127.56118,36.88461],[127.56179,36.88311],[127.56218,36.88252],[127.56363,36.88234],[127.56684,36.88272],[127.56702,36.88303],[127.56672,36.88337],[127.56688,36.88394],[127.56741,36.88492],[127.56826,36.88587],[127.56867,36.88577],[127.56906,36.88548],[127.56927,36.88519],[127.57142,36.88206],[127.57185,36.88097],[127.57211,36.88029],[127.57211,36.87981],[127.57178,36.87855],[127.57319,36.8779],[127.57906,36.8769],[127.58067,36.87664],[127.58179,36.87652]]]]}},{"type":"Feature","properties":{"adm_cd":"33550330","adm_nm":"충청북도 진천군 문백면"},"geometry":{"type":"MultiPolygon","coordinates":[[[[127.48512,36.84708],[127.48763,36.84642],[127.49024,36.84436],[127.49313,36.84227],[127.49679,36.84045],[127.49687,36.84034],[127.49799,36.83869],[127.49813,36.83788],[127.49753,36.83443],[127.49641,36.83371],[127.49533,36.83259],[127.4949,36.83214],[127.4944,36.83032],[127.49188,36.82413],[127.49211,36.82113],[127.49291,36.82009],[127.49331,36.81782],[127.49186,36.81463],[127.49123,36.81387],[127.48976,36.81304],[127.4892,36.81265],[127.48939,36.81071],[127.49036,36.80981],[127.49168,36.80885],[127.49359,36.80671],[127.49472,36.80452],[127.49464,36.80292],[127.49328,36.80231],[127.49147,36.80226],[127.49015,36.80254],[127.48862,36.80261],[127.48751,36.80242],[127.48707,36.80216],[127.48666,36.80154],[127.48744,36.79867],[127.48825,36.79769],[127.48915,36.79662],[127.4892,36.79616],[127.48921,36.7959],[127.48877,36.79339],[127.48769,36.79194],[127.48683,36.79105],[127.48576,36.79067],[127.48483,36.79084],[127.48323,36.79162],[127.4821,36.79237],[127.48131,36.79317],[127.48049,36.79342],[127.47942,36.79346],[127.47801,36.79288],[127.47664,36.79217],[127.47628,36.79148],[127.47634,36.79117],[127.47638,36.79087],[127.47733,36.79036],[127.48202,36.78743],[127.48563,36.78443],[127.4862,36.7841],[127.48747,36.78378],[127.49065,36.78313],[127.4921,36.78286],[127.49388,36.78268],[127.4959,36.78213],[127.49719,36.78084],[127.49793,36.78042],[127.50195,36.77971],[127.50051,36.77944],[127.49485,36.77758],[127.49286,36.776],[127.49146,36.77377],[127.49094,36.77355],[127.49078,36.77349],[127.49056,36.77349],[127.48894,36.77438],[127.48866,36.77475],[127.48825,36.77507],[127.48545,36.77573],[127.48481,36.77579],[127.48223,36.77604],[127.48196,36.77596],[127.48091,36.77544],[127.4808,36.77529],[127.48085,36.77507],[127.48124,36.77432],[127.48139,36.77412],[127.48119,36.77403],[127.47956,36.77336],[127.47524,36.77109],[127.47394,36.77002],[127.47333,36.7696],[127.47298,36.76939],[127.47041,36.76889],[127.4703,36.76887],[127.46925,36.76926],[127.4675,36.76978],[127.46181,36.77017],[127.46034,36.76978],[127.46021,36.76948],[127.46036,36.76918],[127.45916,36.76673],[127.45857,36.76607],[127.45649,36.76436],[127.45448,36.76276],[127.45339,36.76238],[127.4523,36.76208],[127.45206,36.76185],[127.45138,36.76102],[127.4501,36.75901],[127.45005,36.75872],[127.44958,36.75483],[127.44963,36.75353],[127.44987,36.7524],[127.44983,36.74953],[127.44829,36.74891],[127.44632,36.74824],[127.44489,36.74843],[127.44391,36.74879],[127.44247,36.74948],[127.44199,36.75003],[127.44186,36.75018],[127.44189,36.75091],[127.44195,36.75132],[127.44138,36.75234],[127.44108,36.75258],[127.43983,36.7531],[127.43944,36.75317],[127.43858,36.75327],[127.4326,36.75166],[127.43066,36.75113],[127.43027,36.7508],[127.43023,36.75078],[127.42989,36.75065],[127.42737,36.75071],[127.42714,36.75075],[127.4252,36.75429],[127.42518,36.7547],[127.42535,36.75552],[127.42553,36.75565],[127.42609,36.75588],[127.42718,36.75601],[127.4274,36.75659],[127.42735,36.75686],[127.42689,36.75708],[127.42456,36.75781],[127.42259,36.75809],[127.42172,36.75771],[127.41958,36.75757],[127.42053,36.75885],[127.42067,36.75906],[127.42074,36.7592],[127.42078,36.75934],[127.4208,36.7595],[127.4208,36.7596],[127.42076,36.75977],[127.42073,36.75985],[127.42063,36.76011],[127.42033,36.76065],[127.42021,36.76084],[127.42,36.76114],[127.41988,36.76131],[127.41981,36.7614],[127.41956,36.76169],[127.41699,36.76537],[127.41252,36.77184],[127.41241,36.77198],[127.41216,36.77222],[127.41036,36.77323],[127.40832,36.77392],[127.40826,36.77392],[127.40717,36.77392],[127.40356,36.77438],[127.40343,36.77444],[127.40235,36.77552],[127.40186,36.77626],[127.40135,36.77704],[127.40132,36.77713],[127.40132,36.7772],[127.40136,36.77727],[127.40168,36.77768],[127.40186,36.77789],[127.40184,36.778],[127.40168,36.77853],[127.40159,36.77865],[127.39973,36.78058],[127.39873,36.78135],[127.3981,36.78171],[127.39696,36.782],[127.39684,36.78195],[127.39673,36.78193],[127.39659,36.78191],[127.39641,36.78195],[127.39628,36.78199],[127.39609,36.78205],[127.39578,36.78219],[127.39563,36.78226],[127.39553,36.78233],[127.39547,36.78239],[127.39543,36.78245],[127.395,36.78414],[127.39498,36.78423],[127.39499,36.78428],[127.395,36.78437],[127.39503,36.78447],[127.39661,36.78989],[127.39669,36.79007],[127.39694,36.79055],[127.39714,36.7909],[127.39726,36.7911],[127.39732,36.79118],[127.39744,36.7913],[127.39753,36.79137],[127.39764,36.79145],[127.39775,36.79149],[127.39787,36.79154],[127.39807,36.79155],[127.3981,36.79155],[127.3983,36.79159],[127.399,36.79186],[127.39914,36.79196],[127.39936,36.79218],[127.3997,36.79253],[127.4017,36.79527],[127.40176,36.79536],[127.40179,36.79541],[127.40181,36.79551],[127.40143,36.79659],[127.40113,36.7984],[127.40101,36.79909],[127.40165,36.80002],[127.40747,36.80178],[127.4101,36.80193],[127.41198,36.80132],[127.41302,36.80116],[127.41381,36.80147],[127.41406,36.80207],[127.41441,36.80271],[127.41526,36.80366],[127.41705,36.80473],[127.42088,36.80723],[127.42288,36.81001],[127.42134,36.81204],[127.42123,36.81757],[127.4225,36.82025],[127.42357,36.82282],[127.42346,36.8242],[127.42376,36.8245],[127.4278,36.82343],[127.4286,36.82305],[127.429,36.82261],[127.42954,36.82219],[127.43014,36.82205],[127.4307,36.82199],[127.43127,36.82217],[127.43217,36.82254],[127.43378,36.82344],[127.43391,36.82682],[127.43363,36.82879],[127.43344,36.82913],[127.4335,36.82993],[127.43361,36.83023],[127.43621,36.83452],[127.44148,36.83803],[127.44392,36.83935],[127.44536,36.83898],[127.44551,36.83901],[127.4474,36.83955],[127.44892,36.83998],[127.45067,36.84084],[127.45101,36.84103],[127.45135,36.84133],[127.45152,36.84153],[127.45153,36.84157],[127.45228,36.84422],[127.45219,36.84509],[127.45216,36.84578],[127.45245,36.84634],[127.453,36.84658],[127.45346,36.84644],[127.45603,36.84559],[127.45638,36.84547],[127.45696,36.84523],[127.45863,36.84446],[127.45851,36.84397],[127.45849,36.84369],[127.45863,36.84358],[127.45921,36.84352],[127.46192,36.84342],[127.46313,36.84345],[127.46669,36.84456],[127.46825,36.84509],[127.46957,36.84572],[127.46972,36.84649],[127.47021,36.84726],[127.47112,36.84821],[127.47186,36.84847],[127.47429,36.8485],[127.47492,36.84848],[127.47645,36.84836],[127.47788,36.8482],[127.47871,36.84811],[127.47982,36.84757],[127.48142,36.84639],[127.48149,36.84633],[127.4823,36.84703],[127.48289,36.84764],[127.4845,36.84724],[127.48512,36.84708]]]]}},{"type":"Feature","properties":{"adm_cd":"33550340","adm_nm":"충청북도 진천군 백곡면"},"geometry":{"type":"MultiPolygon","coordinates":[[[[127.3755,36.94818],[127.37602,36.94782],[127.37786,36.94472],[127.377,36.94345],[127.37627,36.9417],[127.37635,36.94043],[127.37764,36.93915],[127.37806,36.93915],[127.37864,36.93923],[127.37927,36.93889],[127.3794,36.93857],[127.37953,36.93827],[127.379,36.93701],[127.37857,36.93607],[127.37822,36.93566],[127.37804,36.93523],[127.37819,36.93417],[127.37847,36.93306],[127.37901,36.93197],[127.38049,36.93021],[127.38192,36.92973],[127.38341,36.93006],[127.38397,36.9305],[127.38447,36.93111],[127.38547,36.93169],[127.3882,36.93123],[127.38948,36.93089],[127.39002,36.93067],[127.3922,36.9293],[127.3927,36.92887],[127.39272,36.92885],[127.39267,36.92826],[127.39327,36.92702],[127.39561,36.92389],[127.39632,36.92306],[127.39686,36.92249],[127.399,36.92049],[127.4008,36.91998],[127.40217,36.9203],[127.40256,36.92021],[127.40304,36.91955],[127.40311,36.91811],[127.40272,36.91696],[127.40229,36.91575],[127.40198,36.91445],[127.40188,36.91394],[127.40212,36.91321],[127.40396,36.91028],[127.40608,36.90708],[127.40662,36.90666],[127.40709,36.9063],[127.4091,36.903],[127.40974,36.9015],[127.40995,36.90084],[127.40959,36.89963],[127.40938,36.89829],[127.40995,36.89756],[127.41068,36.89661],[127.41113,36.8955],[127.41128,36.89505],[127.41116,36.89425],[127.41014,36.89371],[127.40701,36.89109],[127.4068,36.89064],[127.40681,36.89036],[127.40694,36.88861],[127.40737,36.88714],[127.40624,36.88797],[127.40603,36.88803],[127.4046,36.88795],[127.39929,36.88705],[127.39323,36.88431],[127.39291,36.88309],[127.39225,36.87884],[127.3926,36.87676],[127.39339,36.87647],[127.39356,36.87484],[127.39349,36.87456],[127.39341,36.87424],[127.39273,36.8725],[127.39188,36.87131],[127.39116,36.87133],[127.39029,36.87022],[127.38987,36.86901],[127.38979,36.86819],[127.39007,36.86751],[127.38978,36.86646],[127.38826,36.86432],[127.3868,36.8633],[127.38618,36.86291],[127.38537,36.86267],[127.38441,36.86238],[127.38318,36.86189],[127.38264,36.8616],[127.38173,36.86002],[127.38262,36.85887],[127.38293,36.85866],[127.38326,36.85858],[127.38377,36.85753],[127.38395,36.85713],[127.38412,36.85645],[127.38423,36.85556],[127.38399,36.85524],[127.38342,36.85473],[127.38007,36.85433],[127.37975,36.85451],[127.37943,36.8547],[127.37907,36.8548],[127.37756,36.85405],[127.37714,36.85368],[127.37519,36.85171],[127.37493,36.85144],[127.37291,36.85142],[127.3726,36.85172],[127.36861,36.85222],[127.36764,36.85223],[127.36473,36.85235],[127.35991,36.85369],[127.35925,36.85404],[127.3589,36.85433],[127.35856,36.85462],[127.35728,36.85608],[127.35692,36.85657],[127.35657,36.85701],[127.35624,36.85787],[127.35619,36.858],[127.35504,36.85805],[127.35173,36.85742],[127.34763,36.85628],[127.34716,36.85601],[127.34668,36.85575],[127.34509,36.85484],[127.34373,36.85411],[127.34027,36.85307],[127.33756,36.85345],[127.33708,36.85353],[127.3366,36.8536],[127.33668,36.85376],[127.33627,36.85464],[127.33464,36.85614],[127.33431,36.85635],[127.3325,36.857],[127.32829,36.85804],[127.32785,36.85812],[127.32754,36.85812],[127.32737,36.85811],[127.32715,36.8581],[127.32675,36.85807],[127.32472,36.85794],[127.32177,36.85774],[127.32101,36.85794],[127.31923,36.85896],[127.31865,36.85902],[127.31613,36.85895],[127.31576,36.85886],[127.31545,36.85863],[127.31464,36.85825],[127.31298,36.85756],[127.3128,36.8575],[127.31244,36.85753],[127.31233,36.85754],[127.30915,36.85928],[127.30879,36.85969],[127.30735,36.85967],[127.30717,36.8599],[127.30702,36.86018],[127.30696,36.86035],[127.30601,36.86296],[127.30601,36.863],[127.30601,36.86306],[127.30629,36.86374],[127.30795,36.86611],[127.30811,36.86631],[127.30827,36.86647],[127.30868,36.86679],[127.3097,36.86753],[127.30992,36.86769],[127.31046,36.86821],[127.31133,36.87008],[127.31135,36.87018],[127.31127,36.87037],[127.31079,36.87119],[127.31074,36.87127],[127.31036,36.87213],[127.30996,36.87332],[127.30969,36.87788],[127.30968,36.87811],[127.3097,36.87826],[127.30972,36.87836],[127.30974,36.87852],[127.30975,36.88116],[127.30808,36.88526],[127.3078,36.88523],[127.30631,36.88527],[127.30493,36.88541],[127.30385,36.88574],[127.30155,36.88716],[127.30136,36.8873],[127.30116,36.88748],[127.30054,36.88812],[127.30035,36.88838],[127.30013,36.88877],[127.29997,36.88902],[127.29991,36.88913],[127.29922,36.88957],[127.29896,36.88973],[127.29684,36.88957],[127.29596,36.88966],[127.29462,36.8903],[127.29441,36.89046],[127.2944,36.89054],[127.29439,36.89062],[127.29439,36.89079],[127.29435,36.89093],[127.29428,36.89104],[127.29248,36.89178],[127.29232,36.89184],[127.29224,36.89187],[127.29206,36.89194],[127.29188,36.892],[127.29145,36.89211],[127.29061,36.89227],[127.2898,36.89382],[127.28976,36.89471],[127.29067,36.89685],[127.2911,36.89716],[127.29175,36.89732],[127.29185,36.89738],[127.2921,36.89751],[127.29232,36.89769],[127.29279,36.89806],[127.29409,36.89912],[127.29662,36.90143],[127.29699,36.90177],[127.29779,36.90263],[127.29792,36.90287],[127.29803,36.90329],[127.30346,36.91343],[127.30408,36.91514],[127.30395,36.91537],[127.3038,36.91562],[127.30148,36.91913],[127.2976,36.92535],[127.29592,36.92815],[127.2957,36.9286],[127.29565,36.9287],[127.29566,36.92889],[127.29657,36.92957],[127.29706,36.92983],[127.29849,36.9298],[127.29953,36.92947],[127.30038,36.9292],[127.30915,36.92909],[127.31058,36.92975],[127.31342,36.93123],[127.31503,36.93222],[127.31562,36.93336],[127.31588,36.93384],[127.31594,36.93392],[127.31649,36.93465],[127.32318,36.93643],[127.32379,36.93615],[127.32455,36.93579],[127.32703,36.93578],[127.33109,36.93819],[127.33218,36.93952],[127.33867,36.94277],[127.33924,36.94303],[127.33931,36.94303],[127.34133,36.94308],[127.3422,36.9431],[127.34305,36.94352],[127.34343,36.9443],[127.34299,36.94571],[127.34281,36.94629],[127.34351,36.94798],[127.34974,36.95257],[127.34995,36.95258],[127.35163,36.95268],[127.35407,36.95225],[127.3551,36.95167],[127.35598,36.95106],[127.35601,36.95066],[127.35606,36.9502],[127.35672,36.94902],[127.35789,36.94748],[127.35889,36.9479],[127.35919,36.94822],[127.35946,36.9485],[127.36205,36.94927],[127.36968,36.94932],[127.37252,36.94929],[127.37275,36.94897],[127.37311,36.94846],[127.37451,36.94812],[127.3755,36.94818]]]]}},{"type":"Feature","properties":{"adm_cd":"33550350","adm_nm":"충청북도 진천군 이월면"},"geometry":{"type":"MultiPolygon","coordinates":[[[[127.3966,36.96399],[127.39664,36.96316],[127.39659,36.95874],[127.39659,36.95869],[127.39659,36.95864],[127.39681,36.95803],[127.39686,36.95796],[127.39694,36.95786],[127.39713,36.95765],[127.39864,36.95613],[127.39896,36.95586],[127.4058,36.95199],[127.40903,36.95244],[127.40988,36.95274],[127.41099,36.95279],[127.41191,36.95244],[127.41271,36.95212],[127.41285,36.95205],[127.41598,36.95008],[127.41734,36.94893],[127.41746,36.94877],[127.41751,36.94859],[127.41777,36.9472],[127.4175,36.94633],[127.4174,36.94605],[127.41727,36.94581],[127.41725,36.94571],[127.41716,36.94529],[127.41715,36.94508],[127.41716,36.94463],[127.41719,36.94446],[127.41725,36.94436],[127.41736,36.94422],[127.41755,36.94405],[127.41764,36.94396],[127.41772,36.94393],[127.41785,36.94393],[127.42017,36.94397],[127.42228,36.94406],[127.42287,36.94408],[127.42303,36.94405],[127.42322,36.94401],[127.42348,36.94391],[127.4238,36.94375],[127.42392,36.94367],[127.42409,36.94356],[127.4243,36.94341],[127.42441,36.94332],[127.42698,36.94113],[127.42931,36.93911],[127.4309,36.93932],[127.43151,36.93949],[127.43136,36.94015],[127.43135,36.9402],[127.43122,36.94057],[127.43082,36.94095],[127.43016,36.94127],[127.42978,36.94143],[127.4295,36.94158],[127.42925,36.94179],[127.42891,36.94211],[127.42851,36.94251],[127.42831,36.94273],[127.42822,36.94289],[127.42813,36.94314],[127.42763,36.94469],[127.42762,36.94482],[127.42773,36.94501],[127.42944,36.94749],[127.42956,36.94764],[127.4297,36.94761],[127.43706,36.94711],[127.44195,36.94678],[127.44581,36.94709],[127.44637,36.94835],[127.44802,36.95002],[127.44867,36.94922],[127.44895,36.94891],[127.44922,36.9487],[127.44942,36.94859],[127.44961,36.94849],[127.45068,36.94802],[127.45079,36.948],[127.45091,36.94798],[127.45643,36.94729],[127.45932,36.94797],[127.45936,36.94799],[127.45955,36.94799],[127.45992,36.94798],[127.46035,36.94793],[127.4606,36.94787],[127.46103,36.94777],[127.46144,36.94763],[127.46213,36.94736],[127.46223,36.9473],[127.46274,36.94677],[127.4632,36.94628],[127.46327,36.94618],[127.46331,36.94606],[127.464,36.94412],[127.46403,36.94394],[127.46404,36.94376],[127.464,36.9436],[127.46388,36.94343],[127.46386,36.94334],[127.46386,36.94218],[127.46387,36.94208],[127.46391,36.94171],[127.46392,36.94159],[127.46396,36.94141],[127.46523,36.9397],[127.46533,36.93961],[127.47002,36.93646],[127.47007,36.93643],[127.47012,36.93641],[127.4706,36.93625],[127.47286,36.93582],[127.47311,36.93581],[127.47341,36.93584],[127.4738,36.93591],[127.47393,36.93593],[127.47407,36.93597],[127.47505,36.93621],[127.47582,36.93636],[127.47634,36.93643],[127.47669,36.93635],[127.4781,36.93593],[127.47822,36.93587],[127.48135,36.93368],[127.48171,36.93307],[127.48041,36.92931],[127.48024,36.92886],[127.47997,36.92861],[127.47965,36.92837],[127.47953,36.92827],[127.4793,36.92812],[127.4774,36.92565],[127.48286,36.91749],[127.48355,36.91649],[127.48462,36.91556],[127.48538,36.91499],[127.48683,36.91354],[127.48714,36.913],[127.48787,36.9116],[127.48861,36.91013],[127.48856,36.90989],[127.48677,36.90747],[127.48363,36.90742],[127.48365,36.90397],[127.48138,36.90226],[127.48033,36.90169],[127.48019,36.90163],[127.47835,36.90082],[127.47741,36.90051],[127.47704,36.90023],[127.4766,36.8998],[127.47597,36.89886],[127.47531,36.89739],[127.47572,36.89321],[127.47606,36.8917],[127.4766,36.89076],[127.47665,36.89001],[127.47368,36.88555],[127.47235,36.88324],[127.47238,36.88392],[127.47082,36.88736],[127.47051,36.88786],[127.46905,36.88817],[127.46844,36.88885],[127.46799,36.89001],[127.4669,36.89155],[127.46608,36.89222],[127.46396,36.89352],[127.46384,36.89345],[127.46352,36.8933],[127.46329,36.89194],[127.46295,36.89089],[127.46152,36.88857],[127.45977,36.8872],[127.45581,36.88363],[127.45452,36.88207],[127.45263,36.88329],[127.45064,36.88476],[127.4486,36.88679],[127.44618,36.8884],[127.44593,36.88838],[127.44416,36.88821],[127.44284,36.88804],[127.44264,36.8873],[127.44175,36.88006],[127.44159,36.87854],[127.44159,36.87566],[127.44154,36.87445],[127.44142,36.87294],[127.44138,36.87294],[127.44102,36.87291],[127.4367,36.87488],[127.43573,36.87591],[127.43515,36.87667],[127.43362,36.87851],[127.43158,36.88043],[127.43117,36.8808],[127.43066,36.88115],[127.43031,36.88138],[127.4301,36.8812],[127.43007,36.88117],[127.42951,36.88064],[127.42935,36.8799],[127.42873,36.87892],[127.42374,36.87949],[127.4233,36.87966],[127.423,36.8798],[127.41974,36.87911],[127.41794,36.8784],[127.41733,36.8782],[127.41156,36.87776],[127.41082,36.87777],[127.4088,36.8787],[127.40746,36.87955],[127.40732,36.87967],[127.40658,36.88052],[127.40691,36.8849],[127.40737,36.88714],[127.40694,36.88861],[127.40681,36.89036],[127.4068,36.89064],[127.40701,36.89109],[127.41014,36.89371],[127.41116,36.89425],[127.41128,36.89505],[127.41113,36.8955],[127.41068,36.89661],[127.40995,36.89756],[127.40938,36.89829],[127.40959,36.89963],[127.40995,36.90084],[127.40974,36.9015],[127.4091,36.903],[127.40709,36.9063],[127.40662,36.90666],[127.40608,36.90708],[127.40396,36.91028],[127.40212,36.91321],[127.40188,36.91394],[127.40198,36.91445],[127.40229,36.91575],[127.40272,36.91696],[127.40311,36.91811],[127.40304,36.91955],[127.40256,36.92021],[127.40217,36.9203],[127.4008,36.91998],[127.399,36.92049],[127.39686,36.92249],[127.39632,36.92306],[127.39561,36.92389],[127.39327,36.92702],[127.39267,36.92826],[127.39272,36.92885],[127.3927,36.92887],[127.3922,36.9293],[127.39002,36.93067],[127.38948,36.93089],[127.3882,36.93123],[127.38547,36.93169],[127.38447,36.93111],[127.38397,36.9305],[127.38341,36.93006],[127.38192,36.92973],[127.38049,36.93021],[127.37901,36.93197],[127.37847,36.93306],[127.37819,36.93417],[127.37804,36.93523],[127.37822,36.93566],[127.37857,36.93607],[127.379,36.93701],[127.37953,36.93827],[127.3794,36.93857],[127.37927,36.93889],[127.37864,36.93923],[127.37806,36.93915],[127.37764,36.93915],[127.37635,36.94043],[127.37627,36.9417],[127.377,36.94345],[127.37786,36.94472],[127.37602,36.94782],[127.3755,36.94818],[127.37637,36.94946],[127.37676,36.94977],[127.37736,36.95025],[127.37853,36.95147],[127.37881,36.95239],[127.37917,36.95398],[127.37901,36.95421],[127.37888,36.95439],[127.37863,36.9558],[127.37913,36.95756],[127.37945,36.95791],[127.38006,36.95855],[127.38157,36.9586],[127.38538,36.95914],[127.38589,36.9598],[127.38567,36.96006],[127.38533,36.96048],[127.38746,36.96385],[127.38759,36.96407],[127.39016,36.9645],[127.39157,36.96474],[127.39355,36.96443],[127.39384,36.9643],[127.3966,36.96399]]]]}},{"type":"Feature","properties":{"adm_cd":"33550360","adm_nm":"충청북도 진천군 광혜원면"},"geometry":{"type":"MultiPolygon","coordinates":[[[[127.4467,37.01103],[127.44786,37.01049],[127.44806,37.0104],[127.44845,37.01018],[127.44879,37.00995],[127.44892,37.00985],[127.44896,37.00972],[127.44868,37.00879],[127.44852,37.00849],[127.4483,37.0077],[127.44828,37.00749],[127.44856,37.00559],[127.44899,37.00435],[127.44746,37.00081],[127.44743,37.00069],[127.44745,37.00057],[127.44777,36.9986],[127.4478,36.99847],[127.44797,36.99784],[127.44998,36.99417],[127.45018,36.99389],[127.44896,36.99267],[127.44889,36.99257],[127.44878,36.99242],[127.44873,36.99221],[127.44812,36.98877],[127.44896,36.98033],[127.44949,36.97662],[127.45141,36.97479],[127.45159,36.97503],[127.45167,36.97509],[127.45184,36.97511],[127.4523,36.97503],[127.45238,36.97499],[127.45245,36.97497],[127.45291,36.97475],[127.45318,36.97448],[127.45329,36.97432],[127.45351,36.97368],[127.45423,36.9711],[127.45444,36.96952],[127.45532,36.96884],[127.4556,36.96861],[127.45588,36.96837],[127.45705,36.96544],[127.4572,36.96406],[127.45721,36.96391],[127.4572,36.96383],[127.45712,36.96376],[127.45694,36.96365],[127.45648,36.96339],[127.45622,36.96324],[127.45537,36.9628],[127.45374,36.96216],[127.45314,36.96206],[127.45221,36.96191],[127.45206,36.9619],[127.45186,36.96193],[127.45161,36.96203],[127.45139,36.9622],[127.45129,36.96234],[127.4512,36.96248],[127.45108,36.96273],[127.45102,36.96302],[127.45095,36.96315],[127.45089,36.96323],[127.45083,36.96326],[127.45077,36.96329],[127.45072,36.9633],[127.45066,36.96331],[127.45047,36.96333],[127.45023,36.96333],[127.45,36.96331],[127.44974,36.9632],[127.44944,36.96307],[127.44915,36.96289],[127.44712,36.96152],[127.44661,36.96109],[127.44599,36.9604],[127.44573,36.96004],[127.4456,36.95983],[127.44531,36.95881],[127.44528,36.95856],[127.44683,36.95106],[127.44686,36.95097],[127.44693,36.95085],[127.44802,36.95002],[127.44637,36.94835],[127.44581,36.94709],[127.44195,36.94678],[127.43706,36.94711],[127.4297,36.94761],[127.42956,36.94764],[127.42944,36.94749],[127.42773,36.94501],[127.42762,36.94482],[127.42763,36.94469],[127.42813,36.94314],[127.42822,36.94289],[127.42831,36.94273],[127.42851,36.94251],[127.42891,36.94211],[127.42925,36.94179],[127.4295,36.94158],[127.42978,36.94143],[127.43016,36.94127],[127.43082,36.94095],[127.43122,36.94057],[127.43135,36.9402],[127.43136,36.94015],[127.43151,36.93949],[127.4309,36.93932],[127.42931,36.93911],[127.42698,36.94113],[127.42441,36.94332],[127.4243,36.94341],[127.42409,36.94356],[127.42392,36.94367],[127.4238,36.94375],[127.42348,36.94391],[127.42322,36.94401],[127.42303,36.94405],[127.42287,36.94408],[127.42228,36.94406],[127.42017,36.94397],[127.41785,36.94393],[127.41772,36.94393],[127.41764,36.94396],[127.41755,36.94405],[127.41736,36.94422],[127.41725,36.94436],[127.41719,36.94446],[127.41716,36.94463],[127.41715,36.94508],[127.41716,36.94529],[127.41725,36.94571],[127.41727,36.94581],[127.4174,36.94605],[127.4175,36.94633],[127.41777,36.9472],[127.41751,36.94859],[127.41746,36.94877],[127.41734,36.94893],[127.41598,36.95008],[127.41285,36.95205],[127.41271,36.95212],[127.41191,36.95244],[127.41099,36.95279],[127.40988,36.95274],[127.40903,36.95244],[127.4058,36.95199],[127.39896,36.95586],[127.39864,36.95613],[127.39713,36.95765],[127.39694,36.95786],[127.39686,36.95796],[127.39681,36.95803],[127.39659,36.95864],[127.39659,36.95869],[127.39659,36.95874],[127.39664,36.96316],[127.3966,36.96399],[127.39681,36.96403],[127.39807,36.96432],[127.40186,36.96775],[127.3996,36.97004],[127.39776,36.97242],[127.39412,36.9773],[127.39375,36.97758],[127.39272,36.97837],[127.38961,36.98016],[127.38847,36.98056],[127.38767,36.98084],[127.38692,36.9811],[127.38608,36.98139],[127.38492,36.98366],[127.38494,36.9844],[127.38536,36.98506],[127.38634,36.98603],[127.3882,36.98787],[127.3907,36.99088],[127.3918,36.99331],[127.39178,36.99337],[127.39162,36.99388],[127.39254,36.9965],[127.39404,36.99794],[127.39478,36.99816],[127.39553,36.99838],[127.39674,36.9982],[127.39697,36.99817],[127.39716,36.99818],[127.39793,36.9983],[127.39809,36.99834],[127.39872,36.99854],[127.40196,36.99878],[127.40246,36.99866],[127.40612,36.99822],[127.40633,36.99821],[127.40755,36.99816],[127.40764,36.99815],[127.40781,36.99816],[127.40815,36.99818],[127.4083,36.99825],[127.40843,36.99835],[127.40848,36.9984],[127.40865,36.99857],[127.40956,36.99932],[127.40969,36.9994],[127.41197,37.00026],[127.41203,37.00028],[127.41218,37.0003],[127.41233,37.0003],[127.4126,37.00025],[127.41343,37.00009],[127.41354,37.00005],[127.41363,36.99996],[127.41371,36.99988],[127.41374,36.99983],[127.41377,36.99978],[127.41386,36.99973],[127.41407,36.99964],[127.41412,36.99962],[127.41421,36.99959],[127.41437,36.99957],[127.41451,36.99957],[127.41477,36.9996],[127.41509,36.99966],[127.41524,36.99973],[127.41623,37.00029],[127.41798,37.00142],[127.41902,37.0025],[127.41907,37.00262],[127.41908,37.00267],[127.41923,37.00289],[127.41945,37.00313],[127.42033,37.00372],[127.42181,37.00466],[127.42201,37.00475],[127.4222,37.00477],[127.42235,37.00476],[127.42477,37.00368],[127.42672,37.00279],[127.42973,37.00188],[127.42976,37.00189],[127.43446,37.00526],[127.43703,37.00795],[127.43705,37.00799],[127.4378,37.00919],[127.43838,37.00992],[127.43975,37.01086],[127.44111,37.01162],[127.444,37.01191],[127.44467,37.01177],[127.4467,37.01103]]]]}},{"type":"Feature","properties":{"adm_cd":"33560110","adm_nm":"충청북도 괴산군 괴산읍"},"geometry":{"type":"MultiPolygon","coordinates":[[[[127.85077,36.84343],[127.85257,36.84293],[127.85342,36.84274],[127.85481,36.84246],[127.85665,36.8419],[127.85684,36.84179],[127.85785,36.84039],[127.85806,36.83963],[127.85808,36.83957],[127.85809,36.83938],[127.85807,36.83925],[127.85793,36.83905],[127.85625,36.83755],[127.85456,36.83646],[127.85444,36.83641],[127.8541,36.83641],[127.85311,36.83654],[127.85262,36.83653],[127.85192,36.83639],[127.84583,36.83487],[127.84491,36.83459],[127.84414,36.83424],[127.8421,36.83318],[127.84097,36.8325],[127.84055,36.83213],[127.84,36.83128],[127.8399,36.83067],[127.83984,36.82974],[127.84406,36.82835],[127.84635,36.82786],[127.8471,36.8272],[127.84785,36.8263],[127.84824,36.82545],[127.84824,36.82488],[127.84838,36.82405],[127.84979,36.8234],[127.85228,36.82184],[127.8569,36.81827],[127.85827,36.81746],[127.85912,36.81706],[127.86182,36.8148],[127.86169,36.81446],[127.8614,36.81394],[127.86126,36.81374],[127.8601,36.81221],[127.85984,36.81199],[127.86001,36.81101],[127.86251,36.80645],[127.86305,36.80606],[127.86403,36.80538],[127.86351,36.8042],[127.86329,36.80395],[127.86034,36.80264],[127.8596,36.80273],[127.85852,36.80288],[127.85765,36.80324],[127.85716,36.80343],[127.8568,36.80356],[127.85629,36.80352],[127.85349,36.80305],[127.85154,36.80242],[127.85059,36.80193],[127.84952,36.80144],[127.84896,36.80127],[127.84648,36.80133],[127.8445,36.80188],[127.84231,36.80237],[127.8415,36.8024],[127.8407,36.80225],[127.83907,36.80185],[127.83481,36.79985],[127.83466,36.79959],[127.83464,36.79931],[127.83481,36.79884],[127.83487,36.79826],[127.83458,36.79777],[127.83426,36.79767],[127.83271,36.79827],[127.82938,36.80025],[127.82588,36.80222],[127.82149,36.80457],[127.82132,36.80459],[127.82126,36.8046],[127.82135,36.80322],[127.82167,36.80266],[127.82202,36.80153],[127.8222,36.80077],[127.82222,36.80031],[127.82212,36.80013],[127.81861,36.79662],[127.81759,36.79594],[127.81586,36.79499],[127.81473,36.79442],[127.81244,36.79272],[127.81058,36.79376],[127.81018,36.79562],[127.80978,36.7965],[127.80945,36.79684],[127.80435,36.79863],[127.80025,36.7997],[127.79895,36.7998],[127.79851,36.79982],[127.79818,36.79952],[127.79669,36.79722],[127.79585,36.79589],[127.79583,36.7954],[127.79553,36.79472],[127.79378,36.79327],[127.79283,36.79261],[127.79132,36.7919],[127.79127,36.7919],[127.79122,36.79191],[127.79011,36.79198],[127.78688,36.79255],[127.78661,36.7926],[127.78661,36.79267],[127.78674,36.79334],[127.78682,36.7935],[127.78746,36.79382],[127.78662,36.79451],[127.78393,36.79384],[127.78093,36.79274],[127.77991,36.7923],[127.77869,36.79146],[127.77724,36.79255],[127.7773,36.79355],[127.77704,36.79557],[127.77619,36.79857],[127.77559,36.79885],[127.7747,36.79918],[127.77382,36.7995],[127.77349,36.80054],[127.77292,36.80329],[127.77332,36.804],[127.77405,36.80534],[127.77403,36.80618],[127.76784,36.81022],[127.76719,36.8104],[127.76529,36.81001],[127.76485,36.81007],[127.76416,36.81035],[127.76339,36.81075],[127.76294,36.81203],[127.7598,36.81284],[127.75669,36.81399],[127.75631,36.81462],[127.75593,36.81526],[127.75485,36.81546],[127.75363,36.81534],[127.75191,36.81525],[127.74884,36.81551],[127.74777,36.81554],[127.74754,36.81554],[127.74507,36.8174],[127.74491,36.81768],[127.74394,36.81982],[127.74599,36.82062],[127.74729,36.8215],[127.74791,36.82177],[127.74832,36.82191],[127.7508,36.82246],[127.75119,36.82245],[127.75206,36.8223],[127.75279,36.82204],[127.75302,36.82202],[127.75321,36.82207],[127.75453,36.82261],[127.75582,36.82323],[127.75597,36.8235],[127.75628,36.82386],[127.7569,36.82431],[127.75881,36.82492],[127.75908,36.82494],[127.76424,36.82455],[127.76639,36.82432],[127.7671,36.82424],[127.76753,36.82386],[127.76787,36.82343],[127.76791,36.82323],[127.7678,36.82259],[127.7698,36.82234],[127.77092,36.82221],[127.7713,36.82217],[127.77164,36.82216],[127.77188,36.82219],[127.77338,36.82258],[127.77698,36.8237],[127.78059,36.82671],[127.78132,36.8275],[127.78182,36.82906],[127.7811,36.83414],[127.78103,36.83442],[127.78038,36.83653],[127.78021,36.83684],[127.77986,36.83742],[127.77971,36.83758],[127.77947,36.83773],[127.77928,36.83783],[127.77902,36.83791],[127.77852,36.83802],[127.77809,36.83805],[127.77783,36.83812],[127.77555,36.84023],[127.77397,36.84178],[127.7739,36.84189],[127.77387,36.84193],[127.7738,36.84201],[127.77339,36.84229],[127.77314,36.84242],[127.77205,36.84298],[127.77033,36.84383],[127.76922,36.8434],[127.7646,36.84524],[127.76374,36.8458],[127.76389,36.84669],[127.76404,36.84767],[127.7631,36.85009],[127.76174,36.85078],[127.76212,36.8524],[127.76327,36.85451],[127.76456,36.85732],[127.76469,36.86033],[127.76546,36.8605],[127.76647,36.86041],[127.76737,36.86044],[127.76739,36.86167],[127.7673,36.8628],[127.76842,36.8686],[127.76876,36.8699],[127.77113,36.87107],[127.77141,36.87117],[127.77178,36.8713],[127.77374,36.87131],[127.77445,36.87126],[127.77504,36.87101],[127.77555,36.87065],[127.77618,36.87017],[127.77764,36.8684],[127.77768,36.86774],[127.77785,36.86747],[127.77912,36.86597],[127.77962,36.86563],[127.7803,36.86518],[127.78089,36.86466],[127.78621,36.86411],[127.78793,36.86343],[127.79106,36.86403],[127.79556,36.86404],[127.79633,36.86404],[127.79634,36.864],[127.79643,36.86352],[127.79629,36.86311],[127.79709,36.86019],[127.79738,36.85968],[127.79766,36.85926],[127.7981,36.85877],[127.80069,36.8575],[127.80134,36.85788],[127.80186,36.85818],[127.80261,36.85849],[127.80323,36.85865],[127.80536,36.85898],[127.80558,36.85895],[127.80798,36.85813],[127.80894,36.85771],[127.80913,36.85758],[127.8093,36.85731],[127.81022,36.85556],[127.8107,36.85418],[127.81068,36.85389],[127.81058,36.85355],[127.81042,36.85307],[127.81049,36.85293],[127.81094,36.85252],[127.81152,36.85203],[127.81172,36.85191],[127.81193,36.85179],[127.81282,36.85137],[127.81327,36.85121],[127.81458,36.85091],[127.8197,36.84928],[127.82253,36.84727],[127.82582,36.84541],[127.82924,36.84357],[127.82957,36.84361],[127.82985,36.84363],[127.83059,36.84372],[127.83092,36.84379],[127.83272,36.84432],[127.83343,36.8451],[127.83362,36.84559],[127.8341,36.84615],[127.83439,36.8464],[127.83457,36.84651],[127.83579,36.84703],[127.83618,36.84713],[127.83642,36.84719],[127.83761,36.8469],[127.8408,36.84517],[127.84442,36.8429],[127.84511,36.8419],[127.84514,36.84145],[127.84524,36.84102],[127.84555,36.8408],[127.84583,36.84061],[127.84728,36.84018],[127.84805,36.84016],[127.8482,36.84024],[127.84859,36.84043],[127.85077,36.84343]]]]}},{"type":"Feature","properties":{"adm_cd":"33560310","adm_nm":"충청북도 괴산군 감물면"},"geometry":{"type":"MultiPolygon","coordinates":[[[[127.87818,36.88083],[127.87977,36.88076],[127.88247,36.87991],[127.88854,36.87656],[127.89034,36.87515],[127.8925,36.87317],[127.89274,36.873],[127.89414,36.87232],[127.89534,36.87196],[127.89567,36.87193],[127.89628,36.87209],[127.89804,36.87194],[127.9,36.87133],[127.90128,36.87066],[127.90137,36.87057],[127.90145,36.87048],[127.90146,36.87028],[127.90146,36.87005],[127.90161,36.86986],[127.90365,36.86865],[127.90551,36.86791],[127.90569,36.86786],[127.91053,36.86695],[127.91486,36.86592],[127.91589,36.86548],[127.91634,36.86438],[127.91638,36.86362],[127.91625,36.85862],[127.91623,36.85829],[127.91585,36.85824],[127.91547,36.85819],[127.91416,36.85701],[127.91094,36.85406],[127.91082,36.85362],[127.91042,36.85244],[127.90895,36.85016],[127.90823,36.85002],[127.90769,36.84991],[127.90685,36.84987],[127.90557,36.8498],[127.9043,36.84971],[127.90384,36.84963],[127.9022,36.84937],[127.90093,36.84695],[127.90062,36.84559],[127.90094,36.84413],[127.90295,36.842],[127.9033,36.84183],[127.90407,36.84183],[127.90662,36.84115],[127.90695,36.84097],[127.90745,36.84064],[127.90794,36.83992],[127.90812,36.83955],[127.91004,36.83802],[127.91104,36.83747],[127.91324,36.83561],[127.91378,36.83452],[127.91482,36.83326],[127.91556,36.83336],[127.91854,36.83483],[127.91978,36.83564],[127.92074,36.83631],[127.92093,36.83651],[127.92237,36.83663],[127.92293,36.83656],[127.92368,36.83646],[127.92944,36.83437],[127.92937,36.83341],[127.92885,36.83207],[127.92868,36.83176],[127.92844,36.83155],[127.92824,36.83137],[127.92805,36.831],[127.9277,36.82896],[127.92779,36.82596],[127.92796,36.82378],[127.9279,36.82339],[127.92742,36.82313],[127.92682,36.8228],[127.92592,36.82234],[127.92535,36.82215],[127.92521,36.82203],[127.92503,36.82032],[127.92527,36.81905],[127.92225,36.81726],[127.92092,36.81742],[127.91979,36.81749],[127.91891,36.81751],[127.91653,36.81707],[127.91454,36.81577],[127.91449,36.81573],[127.91441,36.81565],[127.91426,36.81418],[127.91289,36.81244],[127.91256,36.81214],[127.91231,36.81191],[127.912,36.81175],[127.91169,36.8116],[127.91162,36.81146],[127.91095,36.80961],[127.91086,36.80881],[127.91089,36.80824],[127.91053,36.80673],[127.90981,36.80526],[127.90912,36.80473],[127.90844,36.8042],[127.90794,36.80371],[127.90756,36.80316],[127.90671,36.80171],[127.90644,36.80097],[127.90634,36.80045],[127.90532,36.80019],[127.90444,36.80067],[127.90381,36.80176],[127.90337,36.80272],[127.90334,36.80332],[127.90348,36.80373],[127.90348,36.80398],[127.90294,36.80539],[127.90256,36.80563],[127.9019,36.80596],[127.90178,36.80602],[127.90125,36.80622],[127.89974,36.80645],[127.89936,36.80659],[127.89857,36.80681],[127.8978,36.80674],[127.89591,36.80643],[127.89406,36.80722],[127.89383,36.80763],[127.89304,36.80898],[127.89239,36.80895],[127.89117,36.80873],[127.88886,36.80839],[127.88788,36.80876],[127.88758,36.80886],[127.88626,36.80903],[127.88585,36.80893],[127.88506,36.80859],[127.88042,36.80661],[127.87713,36.80468],[127.87654,36.80248],[127.87445,36.80099],[127.87132,36.79984],[127.87128,36.79986],[127.87038,36.80019],[127.86853,36.80089],[127.86546,36.80351],[127.86512,36.80384],[127.86403,36.80538],[127.86305,36.80606],[127.86251,36.80645],[127.86001,36.81101],[127.85984,36.81199],[127.8601,36.81221],[127.86126,36.81374],[127.8614,36.81394],[127.86169,36.81446],[127.86182,36.8148],[127.85912,36.81706],[127.85827,36.81746],[127.8569,36.81827],[127.85228,36.82184],[127.84979,36.8234],[127.84838,36.82405],[127.84824,36.82488],[127.84824,36.82545],[127.84785,36.8263],[127.8471,36.8272],[127.84635,36.82786],[127.84406,36.82835],[127.83984,36.82974],[127.8399,36.83067],[127.84,36.83128],[127.84055,36.83213],[127.84097,36.8325],[127.8421,36.83318],[127.84414,36.83424],[127.84491,36.83459],[127.84583,36.83487],[127.85192,36.83639],[127.85262,36.83653],[127.85311,36.83654],[127.8541,36.83641],[127.85444,36.83641],[127.85456,36.83646],[127.85625,36.83755],[127.85793,36.83905],[127.85807,36.83925],[127.85809,36.83938],[127.85808,36.83957],[127.85806,36.83963],[127.85785,36.84039],[127.85684,36.84179],[127.85665,36.8419],[127.85481,36.84246],[127.85342,36.84274],[127.85257,36.84293],[127.85077,36.84343],[127.8474,36.84363],[127.84694,36.84373],[127.84664,36.84379],[127.84638,36.844],[127.84565,36.84487],[127.84536,36.84544],[127.84489,36.85054],[127.84484,36.85275],[127.84529,36.8581],[127.84541,36.85916],[127.84548,36.85968],[127.84628,36.86148],[127.84639,36.86167],[127.84696,36.86205],[127.84721,36.86222],[127.84861,36.86288],[127.8499,36.86349],[127.85326,36.86439],[127.8538,36.86467],[127.85411,36.86507],[127.85564,36.86874],[127.85568,36.86896],[127.8557,36.86933],[127.85569,36.8694],[127.85569,36.86951],[127.85677,36.87303],[127.85793,36.8767],[127.85824,36.87747],[127.85906,36.87918],[127.8596,36.88005],[127.86015,36.88078],[127.86076,36.88141],[127.86198,36.88213],[127.86252,36.88228],[127.86273,36.88229],[127.86286,36.88228],[127.86297,36.88228],[127.86313,36.88226],[127.86372,36.88212],[127.86413,36.88188],[127.86476,36.88145],[127.86519,36.88114],[127.86632,36.88],[127.86684,36.87917],[127.86782,36.87749],[127.86858,36.87581],[127.8701,36.87319],[127.87034,36.87277],[127.87159,36.87105],[127.87283,36.86964],[127.87453,36.86793],[127.8746,36.86787],[127.87569,36.86701],[127.8773,36.86607],[127.87803,36.86591],[127.87973,36.86553],[127.87998,36.86551],[127.88028,36.86548],[127.88119,36.8655],[127.88157,36.86558],[127.88213,36.8657],[127.88266,36.86591],[127.88391,36.86663],[127.88509,36.86855],[127.88596,36.87071],[127.88627,36.87179],[127.88631,36.87207],[127.88597,36.8728],[127.88527,36.87351],[127.88068,36.87734],[127.88027,36.8777],[127.8798,36.87812],[127.8787,36.87943],[127.87818,36.88083]]]]}},{"type":"Feature","properties":{"adm_cd":"33560320","adm_nm":"충청북도 괴산군 장연면"},"geometry":{"type":"MultiPolygon","coordinates":[[[[127.9493,36.87313],[127.95091,36.87269],[127.95152,36.87224],[127.95266,36.87102],[127.95353,36.86993],[127.95426,36.86939],[127.95548,36.86877],[127.95682,36.86874],[127.95885,36.86743],[127.96066,36.8656],[127.96077,36.86547],[127.96131,36.8646],[127.96136,36.86426],[127.96115,36.86366],[127.96289,36.86279],[127.96386,36.86242],[127.96622,36.86172],[127.96698,36.86159],[127.9675,36.8617],[127.96787,36.86177],[127.96879,36.86122],[127.96926,36.86071],[127.96937,36.86058],[127.96952,36.86041],[127.96968,36.86022],[127.96815,36.85297],[127.96747,36.85075],[127.96814,36.84931],[127.97025,36.84549],[127.97035,36.84534],[127.97051,36.84513],[127.9706,36.84501],[127.97067,36.84492],[127.974,36.84191],[127.97447,36.84187],[127.97463,36.84188],[127.97484,36.84191],[127.97508,36.84192],[127.97514,36.84191],[127.97522,36.84189],[127.97548,36.84141],[127.97693,36.8374],[127.97696,36.83697],[127.97698,36.83612],[127.97335,36.82985],[127.97259,36.82864],[127.97234,36.82839],[127.97214,36.8283],[127.97197,36.82822],[127.97197,36.8276],[127.97204,36.82672],[127.97221,36.82626],[127.97267,36.82551],[127.97373,36.82479],[127.97395,36.82465],[127.97412,36.82454],[127.97599,36.82373],[127.97655,36.82354],[127.97908,36.82286],[127.97978,36.82288],[127.98113,36.82319],[127.98136,36.8232],[127.98191,36.82322],[127.9824,36.82221],[127.98332,36.81754],[127.98263,36.81596],[127.98229,36.81541],[127.98158,36.81521],[127.98099,36.81502],[127.9768,36.81316],[127.97522,36.81231],[127.97492,36.81209],[127.97426,36.81116],[127.97409,36.81076],[127.97406,36.81005],[127.96934,36.8052],[127.96876,36.80477],[127.96814,36.80448],[127.9661,36.80364],[127.96367,36.7998],[127.96359,36.79797],[127.96372,36.79769],[127.96429,36.79617],[127.96427,36.79589],[127.96416,36.7953],[127.96391,36.79457],[127.96386,36.79453],[127.96357,36.79448],[127.96198,36.79438],[127.96157,36.79439],[127.96087,36.79455],[127.96044,36.79459],[127.95991,36.79462],[127.95957,36.79448],[127.95676,36.7932],[127.95666,36.79313],[127.95657,36.79221],[127.95633,36.79094],[127.95624,36.79084],[127.95596,36.79075],[127.95428,36.79035],[127.95388,36.79029],[127.9531,36.79025],[127.95184,36.79022],[127.9513,36.79027],[127.95073,36.79039],[127.95034,36.79053],[127.94933,36.79116],[127.94902,36.79127],[127.94883,36.79132],[127.94864,36.79127],[127.94751,36.79075],[127.94178,36.78886],[127.93943,36.78812],[127.93899,36.78792],[127.93714,36.78693],[127.93633,36.78636],[127.93564,36.78581],[127.93497,36.78512],[127.9349,36.78497],[127.93493,36.78481],[127.93537,36.78467],[127.93803,36.78421],[127.94016,36.7842],[127.94026,36.78409],[127.94139,36.78227],[127.94158,36.78192],[127.94167,36.78152],[127.94182,36.7807],[127.93938,36.78061],[127.93838,36.78018],[127.93807,36.77987],[127.93815,36.77938],[127.9386,36.77832],[127.93858,36.77809],[127.93845,36.77725],[127.93502,36.77293],[127.9339,36.77222],[127.93362,36.77238],[127.93337,36.77251],[127.93025,36.7748],[127.92846,36.77652],[127.92733,36.77755],[127.92675,36.77764],[127.92098,36.77723],[127.92052,36.77699],[127.92029,36.7768],[127.92018,36.77668],[127.92005,36.77662],[127.91978,36.77651],[127.91965,36.7765],[127.91953,36.7765],[127.91937,36.77658],[127.9192,36.77666],[127.91914,36.77674],[127.91889,36.77706],[127.91839,36.77835],[127.91727,36.78152],[127.91724,36.78226],[127.91544,36.78296],[127.91317,36.78362],[127.91234,36.78371],[127.91105,36.78384],[127.91084,36.78378],[127.91062,36.78371],[127.91027,36.78364],[127.91,36.78369],[127.90972,36.78373],[127.90905,36.78392],[127.9085,36.78422],[127.90508,36.7874],[127.90259,36.78952],[127.90179,36.78971],[127.90149,36.78978],[127.90121,36.78985],[127.89803,36.79151],[127.89782,36.79418],[127.89535,36.79795],[127.89511,36.7983],[127.89513,36.79866],[127.89596,36.80316],[127.8964,36.80402],[127.89658,36.80429],[127.89873,36.80578],[127.89917,36.80607],[127.89974,36.80645],[127.90125,36.80622],[127.90178,36.80602],[127.9019,36.80596],[127.90256,36.80563],[127.90294,36.80539],[127.90348,36.80398],[127.90348,36.80373],[127.90334,36.80332],[127.90337,36.80272],[127.90381,36.80176],[127.90444,36.80067],[127.90532,36.80019],[127.90634,36.80045],[127.90644,36.80097],[127.90671,36.80171],[127.90756,36.80316],[127.90794,36.80371],[127.90844,36.8042],[127.90912,36.80473],[127.90981,36.80526],[127.91053,36.80673],[127.91089,36.80824],[127.91086,36.80881],[127.91095,36.80961],[127.91162,36.81146],[127.91169,36.8116],[127.912,36.81175],[127.91231,36.81191],[127.91256,36.81214],[127.91289,36.81244],[127.91426,36.81418],[127.91441,36.81565],[127.91449,36.81573],[127.91454,36.81577],[127.91653,36.81707],[127.91891,36.81751],[127.91979,36.81749],[127.92092,36.81742],[127.92225,36.81726],[127.92527,36.81905],[127.92503,36.82032],[127.92521,36.82203],[127.92535,36.82215],[127.92592,36.82234],[127.92682,36.8228],[127.92742,36.82313],[127.9279,36.82339],[127.92796,36.82378],[127.92779,36.82596],[127.9277,36.82896],[127.92805,36.831],[127.92824,36.83137],[127.92844,36.83155],[127.92868,36.83176],[127.92885,36.83207],[127.92937,36.83341],[127.92944,36.83437],[127.92368,36.83646],[127.92293,36.83656],[127.92237,36.83663],[127.92093,36.83651],[127.92074,36.83631],[127.91978,36.83564],[127.91854,36.83483],[127.91556,36.83336],[127.91482,36.83326],[127.91378,36.83452],[127.91324,36.83561],[127.91104,36.83747],[127.91004,36.83802],[127.90812,36.83955],[127.90794,36.83992],[127.90745,36.84064],[127.90695,36.84097],[127.90662,36.84115],[127.90407,36.84183],[127.9033,36.84183],[127.90295,36.842],[127.90094,36.84413],[127.90062,36.84559],[127.90093,36.84695],[127.9022,36.84937],[127.90384,36.84963],[127.9043,36.84971],[127.90557,36.8498],[127.90685,36.84987],[127.90769,36.84991],[127.90823,36.85002],[127.90895,36.85016],[127.91042,36.85244],[127.91082,36.85362],[127.91094,36.85406],[127.91416,36.85701],[127.91547,36.85819],[127.91585,36.85824],[127.91623,36.85829],[127.91625,36.85862],[127.91638,36.86362],[127.91634,36.86438],[127.91589,36.86548],[127.91486,36.86592],[127.91053,36.86695],[127.90569,36.86786],[127.90551,36.86791],[127.90365,36.86865],[127.90161,36.86986],[127.90146,36.87005],[127.90146,36.87028],[127.90145,36.87048],[127.90137,36.87057],[127.90128,36.87066],[127.9,36.87133],[127.89804,36.87194],[127.89628,36.87209],[127.89567,36.87193],[127.89534,36.87196],[127.89414,36.87232],[127.89274,36.873],[127.8925,36.87317],[127.89034,36.87515],[127.88854,36.87656],[127.88247,36.87991],[127.87977,36.88076],[127.87818,36.88083],[127.87705,36.88438],[127.87705,36.88718],[127.87711,36.88745],[127.87734,36.88814],[127.87783,36.8888],[127.87908,36.88978],[127.88095,36.89011],[127.8827,36.89068],[127.88504,36.89067],[127.89205,36.89128],[127.8922,36.89131],[127.89473,36.89186],[127.8949,36.8919],[127.89505,36.89195],[127.89518,36.892],[127.89538,36.8921],[127.8955,36.89216],[127.89561,36.89222],[127.89581,36.89236],[127.89651,36.89283],[127.89671,36.893],[127.89692,36.89317],[127.89982,36.89051],[127.90012,36.89006],[127.90051,36.88952],[127.90111,36.88883],[127.90137,36.88862],[127.90143,36.88858],[127.90151,36.88854],[127.90166,36.88847],[127.9018,36.88841],[127.9072,36.88652],[127.90837,36.88661],[127.90843,36.88666],[127.90859,36.88679],[127.90892,36.88702],[127.90899,36.88707],[127.90925,36.88708],[127.90962,36.88709],[127.90984,36.88708],[127.90995,36.88706],[127.91109,36.8867],[127.9124,36.88614],[127.91248,36.88609],[127.91257,36.886],[127.91262,36.88596],[127.91265,36.88592],[127.91349,36.8847],[127.9138,36.88427],[127.91432,36.8836],[127.9151,36.88277],[127.91626,36.88171],[127.91633,36.88167],[127.91669,36.88159],[127.91685,36.88158],[127.91922,36.88164],[127.92051,36.88177],[127.92178,36.88221],[127.92209,36.88236],[127.92741,36.88537],[127.92914,36.88646],[127.92987,36.88673],[127.93078,36.88699],[127.93101,36.88706],[127.93125,36.88713],[127.93137,36.88716],[127.93165,36.88724],[127.93542,36.8882],[127.93556,36.88821],[127.93602,36.88825],[127.93623,36.88825],[127.93804,36.88826],[127.94398,36.88829],[127.94427,36.88828],[127.94465,36.88825],[127.94472,36.88825],[127.9448,36.88824],[127.94855,36.88753],[127.94889,36.88745],[127.94901,36.88742],[127.94914,36.88739],[127.94956,36.88727],[127.94986,36.88717],[127.95006,36.88709],[127.95025,36.88701],[127.95048,36.8869],[127.95078,36.88672],[127.95101,36.88651],[127.95126,36.88625],[127.95148,36.88599],[127.95157,36.88585],[127.95168,36.88558],[127.95169,36.88545],[127.95166,36.88527],[127.95158,36.88508],[127.95148,36.88488],[127.9513,36.88456],[127.95124,36.88446],[127.95119,36.88441],[127.95106,36.88427],[127.95084,36.88405],[127.95021,36.88343],[127.95,36.88327],[127.94991,36.88325],[127.94776,36.87855],[127.94518,36.87507],[127.94508,36.87493],[127.94499,36.8748],[127.94488,36.87463],[127.94476,36.87439],[127.94468,36.87419],[127.94467,36.87411],[127.94467,36.87407],[127.94467,36.87403],[127.94468,36.874],[127.9447,36.87397],[127.94471,36.87395],[127.94477,36.8739],[127.94482,36.87386],[127.94493,36.87379],[127.94503,36.87372],[127.94637,36.87295],[127.94649,36.87289],[127.94655,36.87288],[127.9466,36.87287],[127.9467,36.87287],[127.9493,36.87313]]]]}},{"type":"Feature","properties":{"adm_cd":"33560330","adm_nm":"충청북도 괴산군 연풍면"},"geometry":{"type":"MultiPolygon","coordinates":[[[[128.05956,36.8168],[128.05915,36.81669],[128.05869,36.8161],[128.05933,36.81444],[128.05947,36.81391],[128.05864,36.81243],[128.05763,36.812],[128.05745,36.8097],[128.05753,36.80779],[128.05756,36.80705],[128.05609,36.80643],[128.05423,36.8049],[128.055,36.80361],[128.05574,36.80125],[128.05635,36.79897],[128.05574,36.79453],[128.05512,36.79318],[128.0522,36.78982],[128.0508,36.78823],[128.04875,36.78624],[128.04717,36.78525],[128.0454,36.78497],[128.04456,36.78457],[128.04453,36.78366],[128.0448,36.78291],[128.04533,36.78193],[128.04619,36.7804],[128.04648,36.77999],[128.04545,36.7781],[128.04495,36.77677],[128.04435,36.77508],[128.04453,36.77346],[128.04442,36.77125],[128.04283,36.7697],[128.04078,36.76736],[128.03863,36.76437],[128.03856,36.76334],[128.03695,36.76052],[128.03588,36.75913],[128.03471,36.75847],[128.0331,36.75633],[128.03215,36.75464],[128.03238,36.74797],[128.03248,36.74752],[128.03455,36.74556],[128.03616,36.74467],[128.03724,36.74449],[128.04018,36.74203],[128.04159,36.74048],[128.04376,36.73807],[128.04419,36.73788],[128.04535,36.73751],[128.04897,36.73667],[128.05156,36.7361],[128.05234,36.73413],[128.05218,36.73321],[128.05267,36.73194],[128.05564,36.72871],[128.05602,36.72867],[128.0569,36.72885],[128.05771,36.72922],[128.05842,36.72975],[128.05891,36.72969],[128.05958,36.7291],[128.06074,36.7273],[128.0612,36.72634],[128.06305,36.72516],[128.06727,36.72264],[128.06895,36.72167],[128.06996,36.71919],[128.07102,36.71734],[128.07243,36.71508],[128.07283,36.71448],[128.07365,36.71288],[128.07396,36.71165],[128.07319,36.70996],[128.07224,36.70809],[128.07132,36.70729],[128.0657,36.70757],[128.06339,36.70789],[128.06002,36.7084],[128.05702,36.70857],[128.05594,36.70859],[128.05485,36.70835],[128.05045,36.70775],[128.04877,36.70755],[128.04812,36.70839],[128.04305,36.71235],[128.03983,36.71453],[128.03827,36.71487],[128.03645,36.71542],[128.0334,36.7168],[128.03171,36.71905],[128.03015,36.71951],[128.02802,36.71943],[128.02611,36.7191],[128.02309,36.7225],[128.02228,36.72379],[128.02249,36.7249],[128.02222,36.72587],[128.02095,36.72646],[128.01996,36.72688],[128.01829,36.72745],[128.01762,36.72749],[128.01716,36.72734],[128.01652,36.72707],[128.01551,36.72747],[128.01479,36.72777],[128.01435,36.72827],[128.01419,36.72904],[128.01422,36.72969],[128.01414,36.73006],[128.0132,36.73007],[128.01167,36.72966],[128.00994,36.72899],[128.00841,36.72777],[128.00776,36.72685],[128.00792,36.7261],[128.00545,36.72039],[128.00519,36.72025],[128.00451,36.72005],[128.00404,36.7198],[128.00341,36.71885],[128.00288,36.71752],[128.00262,36.71663],[128.0023,36.71667],[128.00072,36.71759],[127.99947,36.71799],[127.99845,36.71805],[127.99585,36.7178],[127.99411,36.71744],[127.99266,36.71731],[127.98816,36.71737],[127.9868,36.7175],[127.98377,36.71831],[127.98312,36.71905],[127.98255,36.71923],[127.98044,36.71996],[127.97334,36.72564],[127.97221,36.72778],[127.97191,36.72898],[127.97134,36.72997],[127.97092,36.73058],[127.97048,36.73085],[127.96727,36.73242],[127.96555,36.73321],[127.96363,36.73463],[127.96334,36.73509],[127.96294,36.73568],[127.96146,36.73678],[127.96077,36.73678],[127.96003,36.7377],[127.95964,36.73786],[127.95808,36.73834],[127.95779,36.73835],[127.95749,36.73836],[127.95654,36.73791],[127.95615,36.73777],[127.95598,36.73778],[127.95576,36.73778],[127.95412,36.73827],[127.95186,36.73917],[127.9514,36.73935],[127.94587,36.7438],[127.9453,36.74431],[127.94497,36.74465],[127.94479,36.745],[127.94465,36.74528],[127.94463,36.74532],[127.94474,36.74565],[127.94489,36.74739],[127.94368,36.75271],[127.94313,36.75354],[127.94161,36.75544],[127.94062,36.75631],[127.93915,36.75812],[127.93938,36.75938],[127.93882,36.76086],[127.93711,36.76462],[127.93521,36.76807],[127.93427,36.77009],[127.9339,36.7715],[127.9339,36.77222],[127.93502,36.77293],[127.93845,36.77725],[127.93858,36.77809],[127.9386,36.77832],[127.93815,36.77938],[127.93807,36.77987],[127.93838,36.78018],[127.93938,36.78061],[127.94182,36.7807],[127.94167,36.78152],[127.94158,36.78192],[127.94139,36.78227],[127.94026,36.78409],[127.94016,36.7842],[127.93803,36.78421],[127.93537,36.78467],[127.93493,36.78481],[127.9349,36.78497],[127.93497,36.78512],[127.93564,36.78581],[127.93633,36.78636],[127.93714,36.78693],[127.93899,36.78792],[127.93943,36.78812],[127.94178,36.78886],[127.94751,36.79075],[127.94864,36.79127],[127.94883,36.79132],[127.94902,36.79127],[127.94933,36.79116],[127.95034,36.79053],[127.95073,36.79039],[127.9513,36.79027],[127.95184,36.79022],[127.9531,36.79025],[127.95388,36.79029],[127.95428,36.79035],[127.95596,36.79075],[127.95624,36.79084],[127.95633,36.79094],[127.95657,36.79221],[127.95666,36.79313],[127.95676,36.7932],[127.95957,36.79448],[127.95991,36.79462],[127.96044,36.79459],[127.96087,36.79455],[127.96157,36.79439],[127.96198,36.79438],[127.96357,36.79448],[127.96386,36.79453],[127.96391,36.79457],[127.96416,36.7953],[127.96427,36.79589],[127.96429,36.79617],[127.96372,36.79769],[127.96359,36.79797],[127.96367,36.7998],[127.9661,36.80364],[127.96814,36.80448],[127.96876,36.80477],[127.96934,36.8052],[127.97406,36.81005],[127.97409,36.81076],[127.97426,36.81116],[127.97492,36.81209],[127.97522,36.81231],[127.9768,36.81316],[127.98099,36.81502],[127.98158,36.81521],[127.98229,36.81541],[127.98331,36.81569],[127.98608,36.81587],[127.98691,36.81564],[127.98773,36.8154],[127.99113,36.81349],[127.99206,36.81281],[127.99301,36.81245],[127.99423,36.81254],[127.99668,36.81289],[127.9981,36.8128],[127.99829,36.81267],[127.99942,36.81193],[128.00055,36.81119],[128.00141,36.81082],[128.0025,36.81036],[128.0035,36.81053],[128.00473,36.81065],[128.00667,36.80903],[128.0113,36.80673],[128.01181,36.80678],[128.01215,36.80703],[128.01252,36.80775],[128.01407,36.80861],[128.01517,36.80831],[128.01542,36.8082],[128.01644,36.80775],[128.01795,36.80791],[128.01857,36.80843],[128.01933,36.80911],[128.02125,36.8111],[128.02285,36.81312],[128.023,36.81332],[128.02321,36.81359],[128.02363,36.81412],[128.02368,36.81487],[128.02311,36.81992],[128.02248,36.82329],[128.0222,36.82374],[128.02296,36.82495],[128.02462,36.82458],[128.02578,36.82429],[128.02655,36.8241],[128.02814,36.82404],[128.02936,36.82428],[128.03132,36.82498],[128.03211,36.82516],[128.03475,36.82511],[128.03636,36.82487],[128.03769,36.82399],[128.03804,36.82318],[128.03947,36.82153],[128.04289,36.8209],[128.04367,36.82103],[128.04528,36.82185],[128.04589,36.822],[128.04665,36.82218],[128.04724,36.82219],[128.04955,36.82121],[128.05087,36.81971],[128.05203,36.81899],[128.05279,36.81888],[128.0571,36.81783],[128.05956,36.8168]]]]}},{"type":"Feature","properties":{"adm_cd":"33560340","adm_nm":"충청북도 괴산군 칠성면"},"geometry":{"type":"MultiPolygon","coordinates":[[[[127.89974,36.80645],[127.89917,36.80607],[127.89873,36.80578],[127.89658,36.80429],[127.8964,36.80402],[127.89596,36.80316],[127.89513,36.79866],[127.89511,36.7983],[127.89535,36.79795],[127.89782,36.79418],[127.89803,36.79151],[127.90121,36.78985],[127.90149,36.78978],[127.90179,36.78971],[127.90259,36.78952],[127.90508,36.7874],[127.9085,36.78422],[127.90905,36.78392],[127.90972,36.78373],[127.91,36.78369],[127.91027,36.78364],[127.91062,36.78371],[127.91084,36.78378],[127.91105,36.78384],[127.91234,36.78371],[127.91317,36.78362],[127.91544,36.78296],[127.91724,36.78226],[127.91727,36.78152],[127.91839,36.77835],[127.91889,36.77706],[127.91914,36.77674],[127.9192,36.77666],[127.91937,36.77658],[127.91953,36.7765],[127.91965,36.7765],[127.91978,36.77651],[127.92005,36.77662],[127.92018,36.77668],[127.92029,36.7768],[127.92052,36.77699],[127.92098,36.77723],[127.92675,36.77764],[127.92733,36.77755],[127.92846,36.77652],[127.93025,36.7748],[127.93337,36.77251],[127.93362,36.77238],[127.9339,36.77222],[127.9339,36.7715],[127.93427,36.77009],[127.93521,36.76807],[127.93711,36.76462],[127.93882,36.76086],[127.93938,36.75938],[127.93915,36.75812],[127.94062,36.75631],[127.94161,36.75544],[127.94313,36.75354],[127.94368,36.75271],[127.94489,36.74739],[127.94474,36.74565],[127.94463,36.74532],[127.94465,36.74528],[127.94479,36.745],[127.94497,36.74465],[127.9453,36.74431],[127.94587,36.7438],[127.9514,36.73935],[127.95186,36.73917],[127.95412,36.73827],[127.95576,36.73778],[127.95598,36.73778],[127.95615,36.73777],[127.95654,36.73791],[127.95749,36.73836],[127.95779,36.73835],[127.95808,36.73834],[127.95964,36.73786],[127.96003,36.7377],[127.96077,36.73678],[127.9602,36.73631],[127.95939,36.73565],[127.95719,36.73351],[127.95682,36.73313],[127.95577,36.73145],[127.95523,36.73018],[127.95422,36.72761],[127.95366,36.72408],[127.95223,36.7199],[127.95206,36.71963],[127.95181,36.71944],[127.94973,36.71846],[127.94902,36.71839],[127.94835,36.71823],[127.94821,36.71811],[127.94802,36.7178],[127.94798,36.71745],[127.94811,36.71401],[127.94853,36.71366],[127.94902,36.7133],[127.94927,36.71292],[127.94951,36.71234],[127.94912,36.70596],[127.94873,36.70544],[127.94672,36.70454],[127.94634,36.70443],[127.94544,36.70473],[127.9445,36.70524],[127.94387,36.70566],[127.94292,36.70605],[127.94232,36.70619],[127.94129,36.70623],[127.94043,36.70619],[127.93962,36.70608],[127.93502,36.70563],[127.93334,36.70649],[127.93262,36.70652],[127.93209,36.70651],[127.93167,36.70632],[127.93053,36.70627],[127.92961,36.7062],[127.9288,36.70569],[127.92834,36.70539],[127.92818,36.70522],[127.92801,36.70506],[127.92738,36.70451],[127.92681,36.70436],[127.92653,36.70446],[127.92491,36.70554],[127.92282,36.70647],[127.92267,36.70653],[127.92252,36.70659],[127.92132,36.70654],[127.92012,36.7065],[127.9159,36.70549],[127.91344,36.70474],[127.9131,36.7046],[127.91232,36.70408],[127.9117,36.70368],[127.90608,36.70363],[127.90279,36.70415],[127.90057,36.70624],[127.89747,36.70882],[127.89731,36.70889],[127.89713,36.70898],[127.89516,36.7098],[127.89452,36.70984],[127.89388,36.70988],[127.89319,36.70969],[127.8929,36.70973],[127.89261,36.70977],[127.89219,36.70982],[127.89172,36.70997],[127.89144,36.71021],[127.89106,36.71052],[127.89055,36.71111],[127.89038,36.71164],[127.89009,36.71235],[127.88999,36.71248],[127.88965,36.71268],[127.88949,36.71277],[127.88776,36.71345],[127.88745,36.71345],[127.88467,36.71259],[127.88384,36.71218],[127.88337,36.71159],[127.883,36.71129],[127.8818,36.71035],[127.87975,36.70928],[127.87525,36.70703],[127.87507,36.70699],[127.87488,36.70693],[127.87284,36.70709],[127.87262,36.70715],[127.86975,36.70801],[127.86946,36.70849],[127.86776,36.70945],[127.86674,36.70999],[127.86637,36.71003],[127.86559,36.7101],[127.86416,36.71028],[127.86129,36.71098],[127.86054,36.71124],[127.85946,36.71183],[127.85929,36.71195],[127.85921,36.71209],[127.85921,36.7124],[127.85896,36.71319],[127.85507,36.71592],[127.85449,36.71618],[127.85431,36.71626],[127.85398,36.71641],[127.85285,36.71655],[127.85215,36.71658],[127.85061,36.71623],[127.85037,36.71614],[127.84985,36.71565],[127.84959,36.71536],[127.84827,36.71544],[127.84772,36.71547],[127.845,36.71687],[127.8443,36.71768],[127.84363,36.71867],[127.84295,36.72072],[127.84211,36.72254],[127.83746,36.72464],[127.83707,36.72471],[127.83663,36.72478],[127.83616,36.72428],[127.83527,36.7236],[127.83435,36.72301],[127.83055,36.72178],[127.83023,36.72174],[127.82987,36.7217],[127.82942,36.72191],[127.82726,36.7238],[127.82678,36.72626],[127.8257,36.73091],[127.8256,36.73349],[127.82562,36.73369],[127.825,36.73521],[127.82485,36.7354],[127.82404,36.73596],[127.82381,36.73625],[127.8235,36.73761],[127.82344,36.73794],[127.82362,36.73832],[127.82384,36.73874],[127.82531,36.74038],[127.82706,36.74439],[127.82777,36.74513],[127.82809,36.7454],[127.82852,36.74567],[127.82871,36.74576],[127.82887,36.74584],[127.82907,36.74589],[127.82934,36.74596],[127.82943,36.74603],[127.82973,36.74666],[127.82969,36.75101],[127.82955,36.75148],[127.82934,36.75194],[127.82818,36.75298],[127.82762,36.75333],[127.82807,36.75492],[127.82822,36.75539],[127.82833,36.75571],[127.82842,36.75602],[127.82845,36.7563],[127.827,36.75904],[127.82681,36.75926],[127.825,36.7613],[127.82478,36.76139],[127.82387,36.76142],[127.82303,36.7613],[127.8222,36.76188],[127.82143,36.76374],[127.82113,36.76501],[127.82103,36.76615],[127.82101,36.7678],[127.82119,36.76951],[127.82145,36.76998],[127.82152,36.77024],[127.82158,36.77044],[127.82216,36.77336],[127.82213,36.77356],[127.82137,36.77403],[127.8208,36.77433],[127.81901,36.77481],[127.81869,36.77481],[127.81824,36.77469],[127.81734,36.77442],[127.81702,36.77401],[127.81691,36.77386],[127.81639,36.77409],[127.81571,36.7744],[127.8154,36.77488],[127.81379,36.77833],[127.81369,36.77864],[127.81382,36.77938],[127.81389,36.77957],[127.81433,36.77969],[127.81485,36.77984],[127.81579,36.7812],[127.81686,36.78421],[127.81559,36.78482],[127.81431,36.78544],[127.81285,36.78676],[127.81233,36.788],[127.81198,36.79113],[127.81244,36.79272],[127.81473,36.79442],[127.81586,36.79499],[127.81759,36.79594],[127.81861,36.79662],[127.82212,36.80013],[127.82222,36.80031],[127.8222,36.80077],[127.82202,36.80153],[127.82167,36.80266],[127.82135,36.80322],[127.82126,36.8046],[127.82132,36.80459],[127.82149,36.80457],[127.82588,36.80222],[127.82938,36.80025],[127.83271,36.79827],[127.83426,36.79767],[127.83458,36.79777],[127.83487,36.79826],[127.83481,36.79884],[127.83464,36.79931],[127.83466,36.79959],[127.83481,36.79985],[127.83907,36.80185],[127.8407,36.80225],[127.8415,36.8024],[127.84231,36.80237],[127.8445,36.80188],[127.84648,36.80133],[127.84896,36.80127],[127.84952,36.80144],[127.85059,36.80193],[127.85154,36.80242],[127.85349,36.80305],[127.85629,36.80352],[127.8568,36.80356],[127.85716,36.80343],[127.85765,36.80324],[127.85852,36.80288],[127.8596,36.80273],[127.86034,36.80264],[127.86329,36.80395],[127.86351,36.8042],[127.86403,36.80538],[127.86512,36.80384],[127.86546,36.80351],[127.86853,36.80089],[127.87038,36.80019],[127.87128,36.79986],[127.87132,36.79984],[127.87445,36.80099],[127.87654,36.80248],[127.87713,36.80468],[127.88042,36.80661],[127.88506,36.80859],[127.88585,36.80893],[127.88626,36.80903],[127.88758,36.80886],[127.88788,36.80876],[127.88886,36.80839],[127.89117,36.80873],[127.89239,36.80895],[127.89304,36.80898],[127.89383,36.80763],[127.89406,36.80722],[127.89591,36.80643],[127.8978,36.80674],[127.89857,36.80681],[127.89936,36.80659],[127.89974,36.80645]]]]}},{"type":"Feature","properties":{"adm_cd":"33560350","adm_nm":"충청북도 괴산군 문광면"},"geometry":{"type":"MultiPolygon","coordinates":[[[[127.81244,36.79272],[127.81198,36.79113],[127.81233,36.788],[127.81285,36.78676],[127.81431,36.78544],[127.81559,36.78482],[127.81686,36.78421],[127.81579,36.7812],[127.81485,36.77984],[127.81433,36.77969],[127.81389,36.77957],[127.81382,36.77938],[127.81369,36.77864],[127.81379,36.77833],[127.8154,36.77488],[127.81571,36.7744],[127.81639,36.77409],[127.81691,36.77386],[127.81702,36.77401],[127.81734,36.77442],[127.81824,36.77469],[127.81869,36.77481],[127.81901,36.77481],[127.8208,36.77433],[127.82137,36.77403],[127.82213,36.77356],[127.82216,36.77336],[127.82158,36.77044],[127.82152,36.77024],[127.82145,36.76998],[127.82119,36.76951],[127.82101,36.7678],[127.82103,36.76615],[127.82113,36.76501],[127.82143,36.76374],[127.8222,36.76188],[127.82303,36.7613],[127.82387,36.76142],[127.82478,36.76139],[127.825,36.7613],[127.82681,36.75926],[127.827,36.75904],[127.82845,36.7563],[127.82842,36.75602],[127.82833,36.75571],[127.82822,36.75539],[127.82807,36.75492],[127.82762,36.75333],[127.82818,36.75298],[127.82934,36.75194],[127.82955,36.75148],[127.82969,36.75101],[127.82973,36.74666],[127.82943,36.74603],[127.82934,36.74596],[127.82907,36.74589],[127.82887,36.74584],[127.82871,36.74576],[127.82852,36.74567],[127.82809,36.7454],[127.82777,36.74513],[127.82706,36.74439],[127.82531,36.74038],[127.82384,36.73874],[127.82362,36.73832],[127.82344,36.73794],[127.8235,36.73761],[127.82381,36.73625],[127.82404,36.73596],[127.82485,36.7354],[127.825,36.73521],[127.82562,36.73369],[127.8256,36.73349],[127.8257,36.73091],[127.82678,36.72626],[127.82726,36.7238],[127.82457,36.72599],[127.81692,36.72998],[127.81403,36.73094],[127.81383,36.7311],[127.81199,36.73257],[127.80928,36.73676],[127.80754,36.73794],[127.80506,36.73823],[127.80354,36.73959],[127.8009,36.74137],[127.79945,36.74136],[127.79754,36.74001],[127.79616,36.74078],[127.79094,36.74484],[127.79026,36.74623],[127.78964,36.74673],[127.78901,36.74665],[127.78842,36.74656],[127.78656,36.74501],[127.78635,36.74441],[127.78672,36.74216],[127.78699,36.74155],[127.78808,36.74096],[127.78846,36.74055],[127.78855,36.74012],[127.78719,36.738],[127.78526,36.73503],[127.78328,36.73563],[127.78074,36.73677],[127.77951,36.73768],[127.77755,36.73925],[127.77732,36.74023],[127.77637,36.74239],[127.773,36.74572],[127.7725,36.74653],[127.77279,36.74715],[127.77215,36.74916],[127.7682,36.75227],[127.76595,36.75395],[127.76384,36.755],[127.76256,36.755],[127.76242,36.755],[127.76096,36.7544],[127.756,36.75118],[127.75621,36.75076],[127.75692,36.74912],[127.75752,36.74775],[127.75754,36.74672],[127.7534,36.74609],[127.75164,36.7461],[127.74961,36.74699],[127.74892,36.74839],[127.74809,36.75037],[127.74867,36.75333],[127.74776,36.75387],[127.74423,36.75304],[127.73811,36.75271],[127.73684,36.75343],[127.73623,36.75348],[127.73305,36.75296],[127.73203,36.75095],[127.73073,36.7483],[127.73025,36.74724],[127.72898,36.74629],[127.7277,36.74626],[127.72537,36.74573],[127.72481,36.74553],[127.7249,36.74611],[127.72488,36.74649],[127.72466,36.74734],[127.72413,36.74911],[127.72331,36.75098],[127.72296,36.75144],[127.72195,36.75255],[127.72107,36.75346],[127.71962,36.75523],[127.71898,36.75613],[127.71837,36.75734],[127.71831,36.7577],[127.71866,36.758],[127.71893,36.75835],[127.71947,36.75943],[127.71952,36.75978],[127.71926,36.76227],[127.71895,36.76414],[127.71902,36.76536],[127.71953,36.76623],[127.72008,36.76932],[127.71992,36.77292],[127.71969,36.77347],[127.71959,36.77365],[127.72254,36.77492],[127.7271,36.77784],[127.72815,36.77859],[127.72824,36.77976],[127.72791,36.78446],[127.72784,36.78533],[127.72855,36.78893],[127.73051,36.79306],[127.73235,36.79654],[127.73385,36.79859],[127.73493,36.79998],[127.73521,36.79992],[127.73543,36.7998],[127.73566,36.79956],[127.73714,36.79906],[127.73792,36.79893],[127.73812,36.79893],[127.73983,36.79954],[127.74005,36.79998],[127.73985,36.80027],[127.73961,36.80063],[127.73941,36.80121],[127.73892,36.80278],[127.73989,36.80458],[127.74139,36.80879],[127.74142,36.80978],[127.74137,36.80996],[127.74096,36.81036],[127.74021,36.81072],[127.73976,36.81087],[127.73949,36.81101],[127.73928,36.81123],[127.73933,36.81157],[127.73958,36.81201],[127.73998,36.81254],[127.74069,36.81327],[127.74105,36.81347],[127.7416,36.81443],[127.74189,36.81501],[127.74191,36.81553],[127.74195,36.8179],[127.74394,36.81982],[127.74491,36.81768],[127.74507,36.8174],[127.74754,36.81554],[127.74777,36.81554],[127.74884,36.81551],[127.75191,36.81525],[127.75363,36.81534],[127.75485,36.81546],[127.75593,36.81526],[127.75631,36.81462],[127.75669,36.81399],[127.7598,36.81284],[127.76294,36.81203],[127.76339,36.81075],[127.76416,36.81035],[127.76485,36.81007],[127.76529,36.81001],[127.76719,36.8104],[127.76784,36.81022],[127.77403,36.80618],[127.77405,36.80534],[127.77332,36.804],[127.77292,36.80329],[127.77349,36.80054],[127.77382,36.7995],[127.7747,36.79918],[127.77559,36.79885],[127.77619,36.79857],[127.77704,36.79557],[127.7773,36.79355],[127.77724,36.79255],[127.77869,36.79146],[127.77991,36.7923],[127.78093,36.79274],[127.78393,36.79384],[127.78662,36.79451],[127.78746,36.79382],[127.78682,36.7935],[127.78674,36.79334],[127.78661,36.79267],[127.78661,36.7926],[127.78688,36.79255],[127.79011,36.79198],[127.79122,36.79191],[127.79127,36.7919],[127.79132,36.7919],[127.79283,36.79261],[127.79378,36.79327],[127.79553,36.79472],[127.79583,36.7954],[127.79585,36.79589],[127.79669,36.79722],[127.79818,36.79952],[127.79851,36.79982],[127.79895,36.7998],[127.80025,36.7997],[127.80435,36.79863],[127.80945,36.79684],[127.80978,36.7965],[127.81018,36.79562],[127.81058,36.79376],[127.81244,36.79272]]]]}},{"type":"Feature","properties":{"adm_cd":"33560360","adm_nm":"충청북도 괴산군 청천면"},"geometry":{"type":"MultiPolygon","coordinates":[[[[127.82726,36.7238],[127.82942,36.72191],[127.82987,36.7217],[127.83023,36.72174],[127.83055,36.72178],[127.83435,36.72301],[127.83527,36.7236],[127.83616,36.72428],[127.83663,36.72478],[127.83707,36.72471],[127.83746,36.72464],[127.84211,36.72254],[127.84295,36.72072],[127.84363,36.71867],[127.8443,36.71768],[127.845,36.71687],[127.84772,36.71547],[127.84827,36.71544],[127.84959,36.71536],[127.84985,36.71565],[127.85037,36.71614],[127.85061,36.71623],[127.85215,36.71658],[127.85285,36.71655],[127.85398,36.71641],[127.85431,36.71626],[127.85449,36.71618],[127.85507,36.71592],[127.85896,36.71319],[127.85921,36.7124],[127.85921,36.71209],[127.85929,36.71195],[127.85946,36.71183],[127.86054,36.71124],[127.86129,36.71098],[127.86416,36.71028],[127.86559,36.7101],[127.86637,36.71003],[127.86674,36.70999],[127.86776,36.70945],[127.86946,36.70849],[127.86975,36.70801],[127.87262,36.70715],[127.87284,36.70709],[127.87488,36.70693],[127.87507,36.70699],[127.87525,36.70703],[127.87975,36.70928],[127.8818,36.71035],[127.883,36.71129],[127.88337,36.71159],[127.88384,36.71218],[127.88467,36.71259],[127.88745,36.71345],[127.88776,36.71345],[127.88949,36.71277],[127.88965,36.71268],[127.88999,36.71248],[127.89009,36.71235],[127.89038,36.71164],[127.89055,36.71111],[127.89106,36.71052],[127.89144,36.71021],[127.89172,36.70997],[127.89219,36.70982],[127.89261,36.70977],[127.8929,36.70973],[127.89319,36.70969],[127.89388,36.70988],[127.89452,36.70984],[127.89516,36.7098],[127.89713,36.70898],[127.89731,36.70889],[127.89747,36.70882],[127.90057,36.70624],[127.90279,36.70415],[127.90608,36.70363],[127.9117,36.70368],[127.91232,36.70408],[127.9131,36.7046],[127.91344,36.70474],[127.9159,36.70549],[127.92012,36.7065],[127.92132,36.70654],[127.92252,36.70659],[127.92267,36.70653],[127.92282,36.70647],[127.92491,36.70554],[127.92653,36.70446],[127.92681,36.70436],[127.92738,36.70451],[127.92801,36.70506],[127.92818,36.70522],[127.92834,36.70539],[127.9288,36.70569],[127.92961,36.7062],[127.93053,36.70627],[127.93167,36.70632],[127.9321,36.70282],[127.93143,36.70057],[127.93119,36.69906],[127.93184,36.69788],[127.93181,36.69508],[127.93157,36.69336],[127.93085,36.69256],[127.9286,36.69037],[127.92769,36.68979],[127.9268,36.68998],[127.92642,36.69025],[127.92396,36.69147],[127.92291,36.69186],[127.92001,36.69232],[127.9186,36.69229],[127.91705,36.69342],[127.91537,36.694],[127.91412,36.69278],[127.91294,36.69258],[127.90744,36.69265],[127.9004,36.69311],[127.89596,36.69425],[127.89463,36.6929],[127.89199,36.69227],[127.88997,36.69212],[127.88735,36.69131],[127.88649,36.68999],[127.88551,36.6878],[127.88405,36.68752],[127.88189,36.68574],[127.88066,36.68358],[127.8773,36.68224],[127.87696,36.68054],[127.87703,36.67963],[127.87924,36.67843],[127.88087,36.67873],[127.8841,36.67918],[127.88771,36.67888],[127.88882,36.67991],[127.88961,36.6809],[127.89069,36.68168],[127.89204,36.68231],[127.8963,36.68248],[127.89949,36.68178],[127.90035,36.6813],[127.90374,36.68037],[127.90671,36.68021],[127.91059,36.67809],[127.91293,36.67775],[127.91461,36.67527],[127.91648,36.67194],[127.91848,36.66799],[127.92564,36.6692],[127.92866,36.66836],[127.93232,36.66515],[127.93174,36.66125],[127.93117,36.65608],[127.93151,36.65362],[127.9326,36.65368],[127.9359,36.65273],[127.93726,36.65186],[127.9384,36.65108],[127.93919,36.64963],[127.93961,36.64692],[127.93856,36.64568],[127.93644,36.64421],[127.93581,36.64338],[127.9349,36.63968],[127.93464,36.63682],[127.93597,36.63363],[127.93543,36.63274],[127.9344,36.63081],[127.93217,36.62457],[127.93232,36.62355],[127.93315,36.6224],[127.93363,36.62054],[127.93311,36.61903],[127.93164,36.61794],[127.92922,36.61737],[127.92627,36.61637],[127.92491,36.61548],[127.92448,36.61388],[127.92428,36.6114],[127.9251,36.6095],[127.92511,36.6081],[127.92387,36.60524],[127.92044,36.60365],[127.91553,36.60625],[127.91592,36.60792],[127.91637,36.6104],[127.91643,36.61121],[127.91459,36.61649],[127.91318,36.6179],[127.91221,36.61904],[127.91098,36.62178],[127.91028,36.62447],[127.90973,36.62573],[127.90875,36.62631],[127.90719,36.62697],[127.90384,36.62772],[127.90213,36.62759],[127.90081,36.62673],[127.89784,36.62642],[127.89626,36.6265],[127.895,36.62766],[127.89421,36.62818],[127.89343,36.6283],[127.89153,36.62831],[127.89,36.62914],[127.88941,36.62946],[127.88865,36.63143],[127.88872,36.63269],[127.88837,36.63416],[127.88802,36.635],[127.88819,36.6353],[127.88989,36.63686],[127.88961,36.63817],[127.88915,36.64028],[127.8862,36.64222],[127.88447,36.64336],[127.88235,36.64622],[127.88201,36.6486],[127.8817,36.65086],[127.87978,36.65756],[127.87633,36.65675],[127.87484,36.6561],[127.87407,36.65539],[127.87329,36.65293],[127.87317,36.65027],[127.87245,36.64828],[127.87034,36.64722],[127.87039,36.64489],[127.87055,36.64394],[127.86862,36.64318],[127.86756,36.64183],[127.86647,36.64034],[127.86446,36.63988],[127.86401,36.63907],[127.86384,36.63663],[127.86377,36.63651],[127.8627,36.63486],[127.86207,36.63436],[127.86158,36.63423],[127.85722,36.63345],[127.85163,36.63365],[127.84801,36.63336],[127.84821,36.63041],[127.84832,36.62773],[127.84757,36.62604],[127.84747,36.62489],[127.85108,36.61892],[127.85348,36.61816],[127.85673,36.61796],[127.85906,36.61324],[127.85694,36.61222],[127.85459,36.61221],[127.85326,36.61301],[127.84961,36.61277],[127.84848,36.61178],[127.84763,36.61095],[127.84206,36.60864],[127.84054,36.60834],[127.83859,36.60888],[127.83795,36.60906],[127.83644,36.60979],[127.83499,36.61052],[127.83221,36.6123],[127.82997,36.61245],[127.82895,36.61172],[127.82746,36.61103],[127.82607,36.61153],[127.82379,36.61255],[127.82279,36.61244],[127.82204,36.60998],[127.81945,36.60817],[127.81757,36.60863],[127.81749,36.60865],[127.81671,36.60884],[127.81483,36.60876],[127.80878,36.60553],[127.80739,36.60428],[127.80708,36.60362],[127.80651,36.60315],[127.80238,36.60221],[127.80112,36.60197],[127.79941,36.60214],[127.79841,36.60228],[127.79767,36.60369],[127.79673,36.60518],[127.7926,36.60968],[127.79141,36.61077],[127.78645,36.61374],[127.78456,36.61242],[127.78422,36.61168],[127.78359,36.6106],[127.78189,36.60865],[127.77991,36.60821],[127.77802,36.60779],[127.77728,36.60723],[127.77682,36.60626],[127.77427,36.60596],[127.77183,36.60548],[127.7698,36.60412],[127.76916,36.60471],[127.76781,36.60713],[127.76666,36.6094],[127.76406,36.61321],[127.76362,36.6136],[127.75928,36.61694],[127.75719,36.61818],[127.7551,36.61927],[127.75156,36.62085],[127.75093,36.62126],[127.75039,36.62161],[127.74974,36.62335],[127.74966,36.62443],[127.74959,36.62552],[127.74893,36.62647],[127.74506,36.62792],[127.742,36.62862],[127.74108,36.62966],[127.74123,36.6309],[127.74121,36.63225],[127.74078,36.6335],[127.73907,36.63579],[127.73858,36.63799],[127.73862,36.63828],[127.73877,36.6395],[127.73635,36.63945],[127.73428,36.63941],[127.73422,36.63945],[127.73375,36.63973],[127.73126,36.6425],[127.72987,36.64355],[127.72833,36.64406],[127.72696,36.64452],[127.72473,36.64568],[127.72463,36.64694],[127.72443,36.64964],[127.72363,36.6514],[127.71969,36.65224],[127.71531,36.65181],[127.71487,36.65164],[127.71433,36.65144],[127.71328,36.65065],[127.71289,36.65074],[127.712,36.65093],[127.70947,36.65372],[127.70898,36.65452],[127.71087,36.65683],[127.71198,36.65764],[127.71183,36.66003],[127.71164,36.66071],[127.71291,36.66089],[127.71422,36.66108],[127.71339,36.66212],[127.7125,36.6634],[127.71223,36.6638],[127.71181,36.66508],[127.71289,36.66807],[127.71493,36.66928],[127.71605,36.66975],[127.71699,36.67014],[127.71821,36.6702],[127.71888,36.6706],[127.71967,36.67107],[127.72127,36.67209],[127.72246,36.67284],[127.72424,36.67418],[127.72623,36.6769],[127.72675,36.67862],[127.72713,36.68051],[127.72835,36.68242],[127.72895,36.68262],[127.73115,36.68347],[127.73169,36.68344],[127.73225,36.68339],[127.73276,36.68329],[127.73417,36.68298],[127.73446,36.68272],[127.73493,36.68229],[127.73539,36.68192],[127.73571,36.6817],[127.73729,36.68288],[127.74065,36.68722],[127.74224,36.6894],[127.74254,36.68986],[127.74284,36.69035],[127.74326,36.69105],[127.74412,36.69275],[127.74419,36.69311],[127.74439,36.695],[127.74394,36.69715],[127.74196,36.70191],[127.7417,36.70237],[127.7397,36.7045],[127.73767,36.70644],[127.73586,36.70736],[127.73521,36.70688],[127.73497,36.70671],[127.73459,36.7068],[127.73454,36.70681],[127.73156,36.70842],[127.7306,36.70918],[127.73015,36.70976],[127.73009,36.70983],[127.73004,36.7101],[127.73007,36.7102],[127.73062,36.71078],[127.73081,36.71112],[127.72984,36.71804],[127.7284,36.72203],[127.72555,36.72665],[127.72326,36.73145],[127.72229,36.73373],[127.72247,36.73578],[127.72248,36.73617],[127.72248,36.73661],[127.72204,36.73708],[127.72144,36.73747],[127.7208,36.73793],[127.71887,36.73947],[127.71821,36.74025],[127.71763,36.74101],[127.71822,36.74172],[127.71854,36.74207],[127.71866,36.74219],[127.71893,36.74241],[127.71916,36.74251],[127.71944,36.74241],[127.71977,36.74223],[127.72016,36.74207],[127.72044,36.74198],[127.72092,36.74197],[127.72317,36.74224],[127.7235,36.74254],[127.72356,36.74315],[127.72351,36.74409],[127.72351,36.74428],[127.72397,36.74523],[127.72408,36.74531],[127.72445,36.74549],[127.72481,36.74553],[127.72537,36.74573],[127.7277,36.74626],[127.72898,36.74629],[127.73025,36.74724],[127.73073,36.7483],[127.73203,36.75095],[127.73305,36.75296],[127.73623,36.75348],[127.73684,36.75343],[127.73811,36.75271],[127.74423,36.75304],[127.74776,36.75387],[127.74867,36.75333],[127.74809,36.75037],[127.74892,36.74839],[127.74961,36.74699],[127.75164,36.7461],[127.7534,36.74609],[127.75754,36.74672],[127.75752,36.74775],[127.75692,36.74912],[127.75621,36.75076],[127.756,36.75118],[127.76096,36.7544],[127.76242,36.755],[127.76256,36.755],[127.76384,36.755],[127.76595,36.75395],[127.7682,36.75227],[127.77215,36.74916],[127.77279,36.74715],[127.7725,36.74653],[127.773,36.74572],[127.77637,36.74239],[127.77732,36.74023],[127.77755,36.73925],[127.77951,36.73768],[127.78074,36.73677],[127.78328,36.73563],[127.78526,36.73503],[127.78719,36.738],[127.78855,36.74012],[127.78846,36.74055],[127.78808,36.74096],[127.78699,36.74155],[127.78672,36.74216],[127.78635,36.74441],[127.78656,36.74501],[127.78842,36.74656],[127.78901,36.74665],[127.78964,36.74673],[127.79026,36.74623],[127.79094,36.74484],[127.79616,36.74078],[127.79754,36.74001],[127.79945,36.74136],[127.8009,36.74137],[127.80354,36.73959],[127.80506,36.73823],[127.80754,36.73794],[127.80928,36.73676],[127.81199,36.73257],[127.81383,36.7311],[127.81403,36.73094],[127.81692,36.72998],[127.82457,36.72599],[127.82726,36.7238]]]]}},{"type":"Feature","properties":{"adm_cd":"33560370","adm_nm":"충청북도 괴산군 청안면"},"geometry":{"type":"MultiPolygon","coordinates":[[[[127.71959,36.77365],[127.71969,36.77347],[127.71992,36.77292],[127.72008,36.76932],[127.71953,36.76623],[127.71902,36.76536],[127.71895,36.76414],[127.71926,36.76227],[127.71952,36.75978],[127.71947,36.75943],[127.71893,36.75835],[127.71866,36.758],[127.71831,36.7577],[127.71837,36.75734],[127.71898,36.75613],[127.71962,36.75523],[127.72107,36.75346],[127.72195,36.75255],[127.72296,36.75144],[127.72331,36.75098],[127.72413,36.74911],[127.72466,36.74734],[127.72488,36.74649],[127.7249,36.74611],[127.72481,36.74553],[127.72445,36.74549],[127.72408,36.74531],[127.72397,36.74523],[127.72351,36.74428],[127.72351,36.74409],[127.72356,36.74315],[127.7235,36.74254],[127.72317,36.74224],[127.72092,36.74197],[127.72044,36.74198],[127.72016,36.74207],[127.71977,36.74223],[127.71944,36.74241],[127.71916,36.74251],[127.71893,36.74241],[127.71866,36.74219],[127.71854,36.74207],[127.71822,36.74172],[127.71763,36.74101],[127.71821,36.74025],[127.71887,36.73947],[127.7208,36.73793],[127.72144,36.73747],[127.72204,36.73708],[127.72248,36.73661],[127.72248,36.73617],[127.72247,36.73578],[127.72229,36.73373],[127.72326,36.73145],[127.72555,36.72665],[127.7284,36.72203],[127.72984,36.71804],[127.73081,36.71112],[127.73062,36.71078],[127.73007,36.7102],[127.73004,36.7101],[127.73009,36.70983],[127.73015,36.70976],[127.7306,36.70918],[127.73156,36.70842],[127.73454,36.70681],[127.73459,36.7068],[127.73497,36.70671],[127.73521,36.70688],[127.73586,36.70736],[127.73767,36.70644],[127.7397,36.7045],[127.7417,36.70237],[127.74196,36.70191],[127.74394,36.69715],[127.74439,36.695],[127.74419,36.69311],[127.74412,36.69275],[127.74326,36.69105],[127.74284,36.69035],[127.74254,36.68986],[127.74224,36.6894],[127.74065,36.68722],[127.73729,36.68288],[127.73571,36.6817],[127.73539,36.68192],[127.73493,36.68229],[127.73446,36.68272],[127.73417,36.68298],[127.73276,36.68329],[127.73225,36.68339],[127.73169,36.68344],[127.73115,36.68347],[127.72895,36.68262],[127.72679,36.68258],[127.72334,36.68316],[127.7226,36.68475],[127.72071,36.68629],[127.71895,36.68757],[127.71725,36.68844],[127.71613,36.68888],[127.71433,36.68968],[127.71352,36.69012],[127.71326,36.69054],[127.71349,36.6925],[127.71369,36.69387],[127.71383,36.6947],[127.71376,36.69514],[127.71375,36.69524],[127.71019,36.69883],[127.70976,36.69925],[127.70873,36.70007],[127.70828,36.70039],[127.7073,36.70101],[127.70706,36.70102],[127.70683,36.70103],[127.7064,36.70077],[127.70584,36.70044],[127.70564,36.70056],[127.70546,36.70068],[127.70398,36.70173],[127.70381,36.70187],[127.70367,36.70198],[127.70264,36.70349],[127.70256,36.70384],[127.70275,36.70623],[127.70291,36.70801],[127.70304,36.70874],[127.70298,36.7089],[127.70256,36.70946],[127.70236,36.70966],[127.70219,36.70982],[127.70163,36.71009],[127.70014,36.71055],[127.69969,36.71062],[127.69941,36.71055],[127.69914,36.71047],[127.69843,36.71035],[127.6976,36.71024],[127.69668,36.71046],[127.69573,36.71083],[127.69265,36.71215],[127.69216,36.71248],[127.69043,36.71389],[127.6901,36.71426],[127.68904,36.71547],[127.68877,36.71591],[127.68849,36.71651],[127.68814,36.71741],[127.68806,36.71841],[127.68798,36.71905],[127.68781,36.71949],[127.68693,36.72038],[127.68631,36.72076],[127.6859,36.72085],[127.68329,36.72044],[127.68258,36.72027],[127.6823,36.72012],[127.68197,36.71995],[127.68137,36.71957],[127.68084,36.71923],[127.68038,36.71911],[127.68,36.71905],[127.6796,36.71897],[127.6787,36.7189],[127.67827,36.71907],[127.67784,36.7194],[127.67755,36.71959],[127.67495,36.72078],[127.67225,36.72211],[127.67191,36.72236],[127.67177,36.72251],[127.6716,36.72269],[127.67128,36.72304],[127.67113,36.72322],[127.67096,36.72343],[127.67057,36.72415],[127.67017,36.72479],[127.66899,36.72608],[127.66609,36.72918],[127.66579,36.72945],[127.66541,36.72961],[127.66492,36.72978],[127.66406,36.7308],[127.66377,36.73109],[127.6629,36.73196],[127.66237,36.73232],[127.66165,36.73223],[127.66036,36.73215],[127.65989,36.73213],[127.65887,36.73215],[127.65839,36.73219],[127.65679,36.73242],[127.65668,36.7325],[127.65658,36.73257],[127.65645,36.73269],[127.65632,36.73281],[127.65598,36.73318],[127.65521,36.73412],[127.65429,36.73503],[127.65391,36.73525],[127.65285,36.73537],[127.65226,36.73539],[127.65135,36.73513],[127.65125,36.73501],[127.65117,36.73494],[127.64946,36.73269],[127.64164,36.73168],[127.64129,36.73171],[127.63971,36.73211],[127.63941,36.73222],[127.63915,36.73232],[127.63863,36.73287],[127.6386,36.7343],[127.63856,36.73655],[127.63872,36.73724],[127.639,36.73797],[127.63886,36.73828],[127.63842,36.7389],[127.63676,36.74058],[127.63638,36.74088],[127.63618,36.74123],[127.63547,36.7469],[127.6352,36.75016],[127.63339,36.75181],[127.6332,36.75178],[127.63285,36.75183],[127.63242,36.75197],[127.63039,36.75287],[127.62987,36.75341],[127.62726,36.75712],[127.62688,36.75775],[127.62401,36.76023],[127.62373,36.76034],[127.62376,36.76055],[127.62409,36.76218],[127.62425,36.76252],[127.62538,36.76437],[127.627,36.76702],[127.62816,36.77021],[127.62923,36.77319],[127.6275,36.77644],[127.62301,36.77901],[127.62295,36.77899],[127.62288,36.77896],[127.62259,36.77877],[127.62222,36.77853],[127.62191,36.77841],[127.6217,36.77844],[127.62151,36.77846],[127.62125,36.77851],[127.62109,36.77859],[127.62094,36.77866],[127.62091,36.77868],[127.6206,36.77953],[127.62089,36.78728],[127.62104,36.78815],[127.62132,36.78831],[127.62171,36.78852],[127.62392,36.78941],[127.62413,36.78945],[127.62434,36.7895],[127.62468,36.78946],[127.62491,36.7894],[127.62512,36.78934],[127.62547,36.78928],[127.62588,36.78965],[127.62612,36.78992],[127.62643,36.79029],[127.62637,36.79056],[127.62506,36.79211],[127.62453,36.7927],[127.62646,36.79253],[127.62756,36.793],[127.6293,36.79396],[127.63304,36.7938],[127.63416,36.79365],[127.63446,36.79347],[127.63481,36.79343],[127.63764,36.79546],[127.63955,36.79738],[127.64054,36.79839],[127.64058,36.79878],[127.64069,36.79919],[127.64146,36.79982],[127.64195,36.79983],[127.64284,36.79947],[127.64347,36.79917],[127.64382,36.79882],[127.64544,36.79599],[127.64614,36.79464],[127.6463,36.79446],[127.65063,36.79582],[127.65513,36.79578],[127.65849,36.79697],[127.66436,36.79897],[127.66654,36.79916],[127.67224,36.79951],[127.67373,36.79934],[127.67463,36.79864],[127.67491,36.79834],[127.67498,36.79795],[127.67496,36.79728],[127.67535,36.79668],[127.67806,36.79367],[127.67959,36.79235],[127.68164,36.7902],[127.68162,36.7897],[127.68144,36.78919],[127.68135,36.78757],[127.68135,36.78668],[127.68146,36.78615],[127.68217,36.78427],[127.68231,36.78389],[127.68277,36.7833],[127.68324,36.78294],[127.68368,36.78277],[127.68751,36.78142],[127.68981,36.78211],[127.69012,36.78233],[127.69304,36.78299],[127.69552,36.78349],[127.69628,36.78361],[127.69669,36.78359],[127.69763,36.78325],[127.6981,36.78303],[127.69862,36.78279],[127.7021,36.78112],[127.70378,36.78039],[127.70851,36.7787],[127.70916,36.77873],[127.7095,36.7789],[127.70957,36.77893],[127.70998,36.77913],[127.71057,36.77888],[127.7139,36.77636],[127.71484,36.77552],[127.71619,36.77439],[127.71702,36.77389],[127.71744,36.77367],[127.71959,36.77365]]]]}},{"type":"Feature","properties":{"adm_cd":"33560380","adm_nm":"충청북도 괴산군 사리면"},"geometry":{"type":"MultiPolygon","coordinates":[[[[127.67786,36.85079],[127.67831,36.85049],[127.67839,36.85036],[127.67793,36.84785],[127.67767,36.8462],[127.67738,36.84394],[127.67733,36.84296],[127.67752,36.84213],[127.67761,36.84185],[127.6781,36.84087],[127.67816,36.84079],[127.67822,36.8407],[127.67834,36.84052],[127.67844,36.84038],[127.67877,36.84007],[127.67906,36.83981],[127.67975,36.83921],[127.68014,36.83882],[127.68041,36.83855],[127.6823,36.83312],[127.68239,36.82728],[127.68221,36.82478],[127.68225,36.82424],[127.6824,36.82235],[127.68278,36.82164],[127.68405,36.82285],[127.6859,36.82438],[127.68635,36.82476],[127.68994,36.82738],[127.69108,36.82782],[127.69254,36.82828],[127.69356,36.82852],[127.69489,36.82858],[127.69496,36.82857],[127.69512,36.82856],[127.69543,36.82846],[127.697,36.82755],[127.69708,36.8274],[127.69721,36.82723],[127.69732,36.82709],[127.69747,36.827],[127.69762,36.8269],[127.69988,36.82626],[127.70142,36.82588],[127.7028,36.82565],[127.70327,36.82597],[127.70344,36.82632],[127.70381,36.82672],[127.70406,36.82689],[127.70465,36.82705],[127.70565,36.82707],[127.71034,36.82538],[127.71211,36.82462],[127.71227,36.82461],[127.71244,36.82461],[127.71374,36.82492],[127.71432,36.82512],[127.7177,36.82436],[127.71842,36.82405],[127.71955,36.82345],[127.72066,36.82285],[127.72337,36.82215],[127.72351,36.82213],[127.72366,36.82211],[127.72373,36.8221],[127.72415,36.82244],[127.72524,36.82283],[127.72544,36.82283],[127.72788,36.82202],[127.7285,36.82164],[127.72936,36.82096],[127.73083,36.82002],[127.73276,36.81916],[127.73353,36.8189],[127.73628,36.81882],[127.73734,36.81904],[127.73747,36.81912],[127.73759,36.81919],[127.7379,36.81944],[127.73802,36.81971],[127.7382,36.81976],[127.73962,36.81949],[127.74124,36.81897],[127.74197,36.81871],[127.7421,36.8185],[127.74211,36.81824],[127.74195,36.8179],[127.74191,36.81553],[127.74189,36.81501],[127.7416,36.81443],[127.74105,36.81347],[127.74069,36.81327],[127.73998,36.81254],[127.73958,36.81201],[127.73933,36.81157],[127.73928,36.81123],[127.73949,36.81101],[127.73976,36.81087],[127.74021,36.81072],[127.74096,36.81036],[127.74137,36.80996],[127.74142,36.80978],[127.74139,36.80879],[127.73989,36.80458],[127.73892,36.80278],[127.73941,36.80121],[127.73961,36.80063],[127.73985,36.80027],[127.74005,36.79998],[127.73983,36.79954],[127.73812,36.79893],[127.73792,36.79893],[127.73714,36.79906],[127.73566,36.79956],[127.73543,36.7998],[127.73521,36.79992],[127.73493,36.79998],[127.73385,36.79859],[127.73235,36.79654],[127.73051,36.79306],[127.72855,36.78893],[127.72784,36.78533],[127.72791,36.78446],[127.72824,36.77976],[127.72815,36.77859],[127.7271,36.77784],[127.72254,36.77492],[127.71959,36.77365],[127.71744,36.77367],[127.71702,36.77389],[127.71619,36.77439],[127.71484,36.77552],[127.7139,36.77636],[127.71057,36.77888],[127.70998,36.77913],[127.70957,36.77893],[127.7095,36.7789],[127.70916,36.77873],[127.70851,36.7787],[127.70378,36.78039],[127.7021,36.78112],[127.69862,36.78279],[127.6981,36.78303],[127.69763,36.78325],[127.69669,36.78359],[127.69628,36.78361],[127.69552,36.78349],[127.69304,36.78299],[127.69012,36.78233],[127.68981,36.78211],[127.68751,36.78142],[127.68368,36.78277],[127.68324,36.78294],[127.68277,36.7833],[127.68231,36.78389],[127.68217,36.78427],[127.68146,36.78615],[127.68135,36.78668],[127.68135,36.78757],[127.68144,36.78919],[127.68162,36.7897],[127.68164,36.7902],[127.67959,36.79235],[127.67806,36.79367],[127.67535,36.79668],[127.67496,36.79728],[127.67498,36.79795],[127.67491,36.79834],[127.67463,36.79864],[127.67373,36.79934],[127.67224,36.79951],[127.66654,36.79916],[127.66436,36.79897],[127.65849,36.79697],[127.65513,36.79578],[127.65063,36.79582],[127.6463,36.79446],[127.64614,36.79464],[127.64544,36.79599],[127.64382,36.79882],[127.64347,36.79917],[127.64284,36.79947],[127.64195,36.79983],[127.64191,36.80144],[127.64188,36.80166],[127.63986,36.80336],[127.63891,36.80383],[127.63759,36.80419],[127.63726,36.80427],[127.63606,36.80448],[127.63567,36.80486],[127.63421,36.80712],[127.63413,36.80728],[127.63421,36.80769],[127.63439,36.80814],[127.63462,36.80843],[127.63505,36.80861],[127.63587,36.80871],[127.6365,36.80925],[127.63672,36.8095],[127.63673,36.80977],[127.63657,36.81142],[127.63421,36.81382],[127.63392,36.81405],[127.63339,36.81427],[127.6315,36.81483],[127.63115,36.81522],[127.63105,36.81542],[127.63089,36.81576],[127.62954,36.81965],[127.62897,36.82224],[127.62918,36.82612],[127.63223,36.83041],[127.63366,36.83417],[127.6342,36.83572],[127.63447,36.83622],[127.63682,36.83918],[127.63732,36.8396],[127.638,36.83992],[127.63866,36.84095],[127.63927,36.84249],[127.63915,36.84361],[127.63911,36.8438],[127.6388,36.84424],[127.63819,36.84483],[127.63787,36.84519],[127.63747,36.84577],[127.63752,36.84675],[127.63784,36.8473],[127.63796,36.84865],[127.63827,36.84968],[127.63836,36.84989],[127.64059,36.85337],[127.64203,36.85543],[127.64518,36.85823],[127.64823,36.85965],[127.64896,36.85992],[127.65277,36.86079],[127.65338,36.86075],[127.6543,36.86045],[127.65574,36.86076],[127.6561,36.86077],[127.65708,36.86058],[127.6594,36.85986],[127.66601,36.85777],[127.66833,36.8565],[127.67163,36.85424],[127.67477,36.85291],[127.67598,36.85183],[127.67612,36.85164],[127.67605,36.85143],[127.67597,36.85118],[127.67611,36.85078],[127.67649,36.85064],[127.67735,36.85066],[127.67786,36.85079]]]]}},{"type":"Feature","properties":{"adm_cd":"33560390","adm_nm":"충청북도 괴산군 소수면"},"geometry":{"type":"MultiPolygon","coordinates":[[[[127.717,36.87722],[127.71808,36.87727],[127.71902,36.87732],[127.72048,36.87706],[127.72052,36.87705],[127.72057,36.87704],[127.72207,36.87754],[127.72483,36.87877],[127.72538,36.87903],[127.72609,36.87938],[127.72667,36.87948],[127.72706,36.87945],[127.7305,36.87856],[127.73117,36.87838],[127.73149,36.87837],[127.73414,36.87916],[127.73441,36.87924],[127.73509,36.87946],[127.73574,36.8794],[127.73864,36.87835],[127.7428,36.87739],[127.74321,36.87735],[127.74345,36.8774],[127.74435,36.87763],[127.7454,36.87784],[127.74583,36.87758],[127.74735,36.87619],[127.74785,36.87539],[127.74791,36.87416],[127.748,36.87401],[127.75015,36.87306],[127.75609,36.87337],[127.75908,36.87415],[127.75964,36.87454],[127.76033,36.87508],[127.7607,36.87566],[127.76099,36.8762],[127.76102,36.87644],[127.76112,36.87671],[127.76136,36.8769],[127.76154,36.87696],[127.76256,36.87728],[127.76282,36.87728],[127.76304,36.87722],[127.76425,36.87663],[127.76461,36.87636],[127.76623,36.87477],[127.76635,36.87468],[127.76656,36.87449],[127.76674,36.87433],[127.76747,36.8735],[127.76857,36.87191],[127.76915,36.87065],[127.76916,36.87037],[127.76898,36.87016],[127.76876,36.8699],[127.76842,36.8686],[127.7673,36.8628],[127.76739,36.86167],[127.76737,36.86044],[127.76647,36.86041],[127.76546,36.8605],[127.76469,36.86033],[127.76456,36.85732],[127.76327,36.85451],[127.76212,36.8524],[127.76174,36.85078],[127.7631,36.85009],[127.76404,36.84767],[127.76389,36.84669],[127.76374,36.8458],[127.7646,36.84524],[127.76922,36.8434],[127.77033,36.84383],[127.77205,36.84298],[127.77314,36.84242],[127.77339,36.84229],[127.7738,36.84201],[127.77387,36.84193],[127.7739,36.84189],[127.77397,36.84178],[127.77555,36.84023],[127.77783,36.83812],[127.77809,36.83805],[127.77852,36.83802],[127.77902,36.83791],[127.77928,36.83783],[127.77947,36.83773],[127.77971,36.83758],[127.77986,36.83742],[127.78021,36.83684],[127.78038,36.83653],[127.78103,36.83442],[127.7811,36.83414],[127.78182,36.82906],[127.78132,36.8275],[127.78059,36.82671],[127.77698,36.8237],[127.77338,36.82258],[127.77188,36.82219],[127.77164,36.82216],[127.7713,36.82217],[127.77092,36.82221],[127.7698,36.82234],[127.7678,36.82259],[127.76791,36.82323],[127.76787,36.82343],[127.76753,36.82386],[127.7671,36.82424],[127.76639,36.82432],[127.76424,36.82455],[127.75908,36.82494],[127.75881,36.82492],[127.7569,36.82431],[127.75628,36.82386],[127.75597,36.8235],[127.75582,36.82323],[127.75453,36.82261],[127.75321,36.82207],[127.75302,36.82202],[127.75279,36.82204],[127.75206,36.8223],[127.75119,36.82245],[127.7508,36.82246],[127.74832,36.82191],[127.74791,36.82177],[127.74729,36.8215],[127.74599,36.82062],[127.74394,36.81982],[127.74195,36.8179],[127.74211,36.81824],[127.7421,36.8185],[127.74197,36.81871],[127.74124,36.81897],[127.73962,36.81949],[127.7382,36.81976],[127.73802,36.81971],[127.7379,36.81944],[127.73759,36.81919],[127.73747,36.81912],[127.73734,36.81904],[127.73628,36.81882],[127.73353,36.8189],[127.73276,36.81916],[127.73083,36.82002],[127.72936,36.82096],[127.7285,36.82164],[127.72788,36.82202],[127.72544,36.82283],[127.72524,36.82283],[127.72415,36.82244],[127.72373,36.8221],[127.72366,36.82211],[127.72351,36.82213],[127.72337,36.82215],[127.72066,36.82285],[127.71955,36.82345],[127.71842,36.82405],[127.7177,36.82436],[127.71432,36.82512],[127.71374,36.82492],[127.71244,36.82461],[127.71227,36.82461],[127.71211,36.82462],[127.71034,36.82538],[127.70565,36.82707],[127.70465,36.82705],[127.70406,36.82689],[127.70381,36.82672],[127.70344,36.82632],[127.70327,36.82597],[127.7028,36.82565],[127.70142,36.82588],[127.69988,36.82626],[127.69762,36.8269],[127.69747,36.827],[127.69732,36.82709],[127.69721,36.82723],[127.69708,36.8274],[127.697,36.82755],[127.69543,36.82846],[127.69512,36.82856],[127.69496,36.82857],[127.69489,36.82858],[127.69356,36.82852],[127.69254,36.82828],[127.69108,36.82782],[127.68994,36.82738],[127.68635,36.82476],[127.6859,36.82438],[127.68405,36.82285],[127.68278,36.82164],[127.6824,36.82235],[127.68225,36.82424],[127.68221,36.82478],[127.68239,36.82728],[127.6823,36.83312],[127.68041,36.83855],[127.68014,36.83882],[127.67975,36.83921],[127.67906,36.83981],[127.67877,36.84007],[127.67844,36.84038],[127.67834,36.84052],[127.67822,36.8407],[127.67816,36.84079],[127.6781,36.84087],[127.67761,36.84185],[127.67752,36.84213],[127.67733,36.84296],[127.67738,36.84394],[127.67767,36.8462],[127.67793,36.84785],[127.67839,36.85036],[127.67831,36.85049],[127.67786,36.85079],[127.67792,36.85152],[127.67823,36.852],[127.67892,36.85264],[127.68124,36.85402],[127.68359,36.856],[127.68344,36.85648],[127.68345,36.85726],[127.68377,36.85838],[127.68412,36.85893],[127.68439,36.85898],[127.68467,36.85904],[127.68537,36.85916],[127.68606,36.85928],[127.68609,36.8593],[127.68641,36.85954],[127.68677,36.86013],[127.68696,36.86079],[127.68724,36.86236],[127.68638,36.86405],[127.68614,36.8657],[127.68623,36.86844],[127.68624,36.86849],[127.68817,36.8706],[127.6898,36.87154],[127.69007,36.872],[127.69038,36.87253],[127.69145,36.87532],[127.69148,36.87585],[127.69081,36.87711],[127.69034,36.87721],[127.68991,36.87731],[127.68941,36.87777],[127.68967,36.87815],[127.68991,36.87851],[127.69352,36.87964],[127.69474,36.88001],[127.698,36.8805],[127.69882,36.87995],[127.70023,36.87862],[127.7078,36.87582],[127.70841,36.87732],[127.717,36.87722]]]]}},{"type":"Feature","properties":{"adm_cd":"33560400","adm_nm":"충청북도 괴산군 불정면"},"geometry":{"type":"MultiPolygon","coordinates":[[[[127.88095,36.89011],[127.87908,36.88978],[127.87783,36.8888],[127.87734,36.88814],[127.87711,36.88745],[127.87705,36.88718],[127.87705,36.88438],[127.87818,36.88083],[127.8787,36.87943],[127.8798,36.87812],[127.88027,36.8777],[127.88068,36.87734],[127.88527,36.87351],[127.88597,36.8728],[127.88631,36.87207],[127.88627,36.87179],[127.88596,36.87071],[127.88509,36.86855],[127.88391,36.86663],[127.88266,36.86591],[127.88213,36.8657],[127.88157,36.86558],[127.88119,36.8655],[127.88028,36.86548],[127.87998,36.86551],[127.87973,36.86553],[127.87803,36.86591],[127.8773,36.86607],[127.87569,36.86701],[127.8746,36.86787],[127.87453,36.86793],[127.87283,36.86964],[127.87159,36.87105],[127.87034,36.87277],[127.8701,36.87319],[127.86858,36.87581],[127.86782,36.87749],[127.86684,36.87917],[127.86632,36.88],[127.86519,36.88114],[127.86476,36.88145],[127.86413,36.88188],[127.86372,36.88212],[127.86313,36.88226],[127.86297,36.88228],[127.86286,36.88228],[127.86273,36.88229],[127.86252,36.88228],[127.86198,36.88213],[127.86076,36.88141],[127.86015,36.88078],[127.8596,36.88005],[127.85906,36.87918],[127.85824,36.87747],[127.85793,36.8767],[127.85677,36.87303],[127.85569,36.86951],[127.85569,36.8694],[127.8557,36.86933],[127.85568,36.86896],[127.85564,36.86874],[127.85411,36.86507],[127.8538,36.86467],[127.85326,36.86439],[127.8499,36.86349],[127.84861,36.86288],[127.84721,36.86222],[127.84696,36.86205],[127.84639,36.86167],[127.84628,36.86148],[127.84548,36.85968],[127.84541,36.85916],[127.84529,36.8581],[127.84484,36.85275],[127.84489,36.85054],[127.84536,36.84544],[127.84565,36.84487],[127.84638,36.844],[127.84664,36.84379],[127.84694,36.84373],[127.8474,36.84363],[127.85077,36.84343],[127.84859,36.84043],[127.8482,36.84024],[127.84805,36.84016],[127.84728,36.84018],[127.84583,36.84061],[127.84555,36.8408],[127.84524,36.84102],[127.84514,36.84145],[127.84511,36.8419],[127.84442,36.8429],[127.8408,36.84517],[127.83761,36.8469],[127.83642,36.84719],[127.83618,36.84713],[127.83579,36.84703],[127.83457,36.84651],[127.83439,36.8464],[127.8341,36.84615],[127.83362,36.84559],[127.83343,36.8451],[127.83272,36.84432],[127.83092,36.84379],[127.83059,36.84372],[127.82985,36.84363],[127.82957,36.84361],[127.82924,36.84357],[127.82582,36.84541],[127.82253,36.84727],[127.8197,36.84928],[127.81458,36.85091],[127.81327,36.85121],[127.81282,36.85137],[127.81193,36.85179],[127.81172,36.85191],[127.81152,36.85203],[127.81094,36.85252],[127.81049,36.85293],[127.81042,36.85307],[127.81058,36.85355],[127.81068,36.85389],[127.8107,36.85418],[127.81022,36.85556],[127.8093,36.85731],[127.80913,36.85758],[127.80894,36.85771],[127.80798,36.85813],[127.80558,36.85895],[127.80536,36.85898],[127.80323,36.85865],[127.80261,36.85849],[127.80186,36.85818],[127.80134,36.85788],[127.80069,36.8575],[127.7981,36.85877],[127.79766,36.85926],[127.79738,36.85968],[127.79709,36.86019],[127.79629,36.86311],[127.79643,36.86352],[127.79634,36.864],[127.79633,36.86404],[127.79556,36.86404],[127.79106,36.86403],[127.78793,36.86343],[127.78621,36.86411],[127.78089,36.86466],[127.7803,36.86518],[127.77962,36.86563],[127.77912,36.86597],[127.77785,36.86747],[127.77768,36.86774],[127.77764,36.8684],[127.77618,36.87017],[127.77555,36.87065],[127.77504,36.87101],[127.77445,36.87126],[127.77374,36.87131],[127.77178,36.8713],[127.77141,36.87117],[127.77113,36.87107],[127.76876,36.8699],[127.76898,36.87016],[127.76916,36.87037],[127.76915,36.87065],[127.76857,36.87191],[127.76747,36.8735],[127.76674,36.87433],[127.76656,36.87449],[127.76635,36.87468],[127.76623,36.87477],[127.76712,36.87479],[127.76947,36.87558],[127.77055,36.87705],[127.77119,36.87727],[127.77252,36.87763],[127.77429,36.87765],[127.7764,36.87783],[127.77868,36.87849],[127.77919,36.87894],[127.78281,36.87977],[127.78595,36.88011],[127.7874,36.8806],[127.78794,36.88091],[127.78842,36.88152],[127.78888,36.88234],[127.78909,36.88352],[127.78916,36.88415],[127.78912,36.88561],[127.78879,36.88724],[127.78847,36.88856],[127.78824,36.88948],[127.7878,36.89248],[127.78751,36.8945],[127.78978,36.89654],[127.79144,36.89726],[127.79219,36.89803],[127.79255,36.8997],[127.79252,36.90039],[127.79205,36.90113],[127.79166,36.90155],[127.79049,36.90212],[127.78833,36.90283],[127.78734,36.90343],[127.78639,36.90403],[127.78601,36.90469],[127.78575,36.90539],[127.7857,36.90558],[127.78571,36.90588],[127.78711,36.90643],[127.78815,36.90659],[127.79157,36.90532],[127.79346,36.90394],[127.79515,36.90317],[127.79632,36.90312],[127.79707,36.90416],[127.79771,36.90566],[127.7984,36.90729],[127.79826,36.90984],[127.79763,36.91173],[127.79737,36.91225],[127.79638,36.91295],[127.79508,36.91356],[127.79435,36.91408],[127.7944,36.91513],[127.79445,36.91544],[127.7945,36.91576],[127.79429,36.91618],[127.79368,36.91663],[127.79295,36.91688],[127.79151,36.91689],[127.79112,36.91689],[127.79056,36.91686],[127.7899,36.91627],[127.78946,36.91603],[127.78738,36.91587],[127.7869,36.91598],[127.78401,36.91767],[127.78363,36.91879],[127.7822,36.92368],[127.78212,36.92399],[127.78265,36.92451],[127.78638,36.92473],[127.78862,36.92646],[127.7891,36.9273],[127.78929,36.92841],[127.78934,36.92925],[127.7884,36.93065],[127.78771,36.93124],[127.7875,36.93159],[127.78794,36.93271],[127.7886,36.93357],[127.78874,36.9341],[127.78873,36.93723],[127.78934,36.93793],[127.791,36.93865],[127.79159,36.93893],[127.79232,36.93928],[127.79306,36.9401],[127.79321,36.94038],[127.79337,36.94065],[127.79396,36.94323],[127.79516,36.94573],[127.79538,36.94616],[127.79555,36.9465],[127.79617,36.9467],[127.79917,36.94747],[127.80045,36.94751],[127.80144,36.94735],[127.80641,36.94593],[127.8068,36.94495],[127.80685,36.9434],[127.80753,36.94192],[127.8082,36.94123],[127.80969,36.94038],[127.81025,36.9401],[127.81169,36.94049],[127.81567,36.9408],[127.81662,36.94076],[127.81715,36.94063],[127.8177,36.9405],[127.8203,36.94126],[127.82047,36.94131],[127.82069,36.94155],[127.82067,36.94195],[127.82058,36.94262],[127.82098,36.9431],[127.8212,36.94318],[127.82149,36.94329],[127.82168,36.94336],[127.82241,36.94339],[127.8227,36.94327],[127.82299,36.94314],[127.82355,36.94287],[127.82599,36.94143],[127.82622,36.94076],[127.82642,36.94036],[127.83057,36.93976],[127.83109,36.93982],[127.83135,36.93987],[127.83161,36.93992],[127.83216,36.93992],[127.83266,36.93987],[127.83279,36.93983],[127.83295,36.93978],[127.83305,36.93974],[127.83355,36.93737],[127.83326,36.9371],[127.8329,36.937],[127.83252,36.9369],[127.83242,36.93684],[127.83231,36.93679],[127.83123,36.93573],[127.83115,36.93565],[127.83104,36.93554],[127.83084,36.93527],[127.83067,36.93504],[127.83047,36.93468],[127.83022,36.93423],[127.83093,36.93318],[127.83095,36.93316],[127.83097,36.93313],[127.83175,36.93316],[127.83266,36.93318],[127.8332,36.93311],[127.83373,36.93304],[127.83644,36.93027],[127.83705,36.9303],[127.83985,36.92985],[127.84028,36.92973],[127.84134,36.92904],[127.84312,36.9276],[127.84304,36.92643],[127.84209,36.92235],[127.84113,36.92121],[127.84045,36.92043],[127.84023,36.92022],[127.84006,36.92004],[127.8394,36.91948],[127.83834,36.91694],[127.83809,36.91331],[127.83928,36.9124],[127.84123,36.91117],[127.84635,36.90904],[127.84671,36.90895],[127.85003,36.90891],[127.85128,36.90898],[127.85455,36.90739],[127.85551,36.90687],[127.85769,36.90562],[127.85872,36.90467],[127.8594,36.90234],[127.85943,36.902],[127.86015,36.89921],[127.86391,36.89639],[127.8644,36.89637],[127.86581,36.89653],[127.86676,36.89675],[127.86806,36.89703],[127.86921,36.89705],[127.8707,36.89668],[127.87264,36.89566],[127.87854,36.89551],[127.88034,36.89556],[127.88035,36.89553],[127.88095,36.89011]]]]}},{"type":"Feature","properties":{"adm_cd":"33570110","adm_nm":"충청북도 음성군 음성읍"},"geometry":{"type":"MultiPolygon","coordinates":[[[[127.65101,36.98377],[127.65088,36.98349],[127.65102,36.98288],[127.6557,36.97973],[127.65861,36.97857],[127.6611,36.97774],[127.66164,36.97768],[127.66266,36.97983],[127.66359,36.98219],[127.66577,36.98537],[127.66664,36.98646],[127.66866,36.98766],[127.66887,36.98778],[127.66959,36.98817],[127.67013,36.98805],[127.67086,36.98696],[127.6722,36.98602],[127.67503,36.98553],[127.68116,36.98539],[127.68236,36.98562],[127.6845,36.98598],[127.68575,36.98569],[127.68744,36.98421],[127.68761,36.98316],[127.68758,36.98249],[127.6878,36.98162],[127.68799,36.9814],[127.68854,36.98106],[127.68912,36.9807],[127.69184,36.97946],[127.69308,36.97936],[127.69354,36.97943],[127.69544,36.97802],[127.69526,36.97642],[127.69495,36.97507],[127.69788,36.97409],[127.69958,36.97421],[127.70058,36.97398],[127.7018,36.9733],[127.70397,36.9718],[127.70416,36.97071],[127.70428,36.96995],[127.70468,36.96879],[127.70523,36.96742],[127.70632,36.96617],[127.70681,36.96564],[127.7075,36.96505],[127.70759,36.96498],[127.70941,36.96495],[127.71023,36.96471],[127.71075,36.96255],[127.71117,36.96194],[127.71222,36.96146],[127.71573,36.95913],[127.71637,36.95844],[127.7163,36.95632],[127.71601,36.95238],[127.71593,36.95137],[127.71659,36.94871],[127.71667,36.94846],[127.71725,36.94805],[127.71819,36.94764],[127.71935,36.94699],[127.7198,36.94656],[127.72054,36.94547],[127.72251,36.94175],[127.72267,36.94037],[127.72267,36.94022],[127.72266,36.93979],[127.72263,36.93913],[127.72241,36.9387],[127.72212,36.93857],[127.72188,36.93853],[127.72168,36.9385],[127.72144,36.93817],[127.72139,36.9379],[127.7218,36.93778],[127.72448,36.93704],[127.72614,36.93682],[127.72714,36.93683],[127.7283,36.93677],[127.72972,36.93666],[127.73179,36.93482],[127.73179,36.93479],[127.73178,36.93457],[127.73098,36.93145],[127.73046,36.92923],[127.73038,36.92888],[127.73045,36.92828],[127.73047,36.92814],[127.73048,36.92811],[127.73049,36.92801],[127.73051,36.92796],[127.73067,36.92761],[127.73071,36.92753],[127.7308,36.92734],[127.73088,36.92732],[127.73096,36.9273],[127.73124,36.92715],[127.73139,36.92707],[127.73138,36.92697],[127.73102,36.92654],[127.73011,36.92597],[127.72952,36.92565],[127.72912,36.92545],[127.72717,36.92448],[127.72565,36.92333],[127.72258,36.92066],[127.72193,36.91882],[127.72175,36.91807],[127.72178,36.9177],[127.72187,36.91665],[127.72182,36.91614],[127.72068,36.9146],[127.71783,36.91131],[127.71688,36.91046],[127.71629,36.91002],[127.71595,36.90979],[127.71485,36.90919],[127.7123,36.90798],[127.71106,36.90862],[127.71032,36.90901],[127.70921,36.91002],[127.70812,36.91101],[127.7069,36.91188],[127.70627,36.91202],[127.70543,36.91222],[127.70451,36.9122],[127.70426,36.91213],[127.7039,36.91203],[127.70293,36.91222],[127.70202,36.91265],[127.70039,36.91393],[127.6992,36.91494],[127.69883,36.91575],[127.69859,36.91645],[127.69838,36.91708],[127.69835,36.91712],[127.69738,36.91842],[127.69631,36.91983],[127.69626,36.9199],[127.69356,36.91986],[127.69259,36.91838],[127.69207,36.9176],[127.69131,36.91732],[127.68738,36.91675],[127.687,36.91673],[127.68662,36.91672],[127.68116,36.91701],[127.68044,36.91741],[127.67923,36.91754],[127.67562,36.91564],[127.67504,36.91529],[127.67466,36.91457],[127.67423,36.91329],[127.67366,36.91301],[127.66661,36.91471],[127.66432,36.91568],[127.66164,36.91638],[127.66136,36.91615],[127.66041,36.91486],[127.66001,36.91424],[127.65953,36.91327],[127.65865,36.91192],[127.65841,36.91175],[127.65822,36.91162],[127.65588,36.91127],[127.65484,36.90984],[127.65339,36.90772],[127.65261,36.90618],[127.652,36.90474],[127.65096,36.90215],[127.65053,36.90187],[127.65022,36.90168],[127.65009,36.90159],[127.64451,36.89995],[127.64367,36.89978],[127.64116,36.89991],[127.6368,36.90183],[127.63265,36.9024],[127.63015,36.90348],[127.61972,36.9051],[127.61845,36.90508],[127.61838,36.90508],[127.61371,36.90467],[127.61333,36.90442],[127.61213,36.90366],[127.6114,36.90322],[127.60865,36.90186],[127.60791,36.90179],[127.60731,36.90173],[127.60635,36.90161],[127.60377,36.90032],[127.60331,36.89971],[127.60269,36.8991],[127.60195,36.89846],[127.59989,36.89794],[127.59971,36.89838],[127.59982,36.89981],[127.59962,36.9006],[127.59821,36.90142],[127.59693,36.90194],[127.5933,36.90323],[127.59252,36.90419],[127.59207,36.90486],[127.59197,36.90504],[127.59184,36.90528],[127.5919,36.90628],[127.59218,36.90705],[127.59242,36.90819],[127.59223,36.90902],[127.58995,36.90987],[127.58771,36.91056],[127.58658,36.91264],[127.58688,36.91351],[127.58667,36.91593],[127.58505,36.9207],[127.58433,36.92397],[127.5839,36.92574],[127.58279,36.92796],[127.58217,36.92846],[127.58112,36.92889],[127.58005,36.92859],[127.57939,36.92829],[127.57912,36.92811],[127.57877,36.92787],[127.5782,36.92753],[127.57669,36.92749],[127.57673,36.92777],[127.5768,36.92821],[127.5773,36.92995],[127.57799,36.93159],[127.57848,36.93187],[127.57898,36.93214],[127.57967,36.93239],[127.58103,36.93475],[127.58169,36.93747],[127.58188,36.93839],[127.58219,36.9405],[127.58237,36.94072],[127.58327,36.94185],[127.58373,36.94217],[127.58426,36.94254],[127.58512,36.94305],[127.58615,36.94307],[127.59287,36.94249],[127.59409,36.94141],[127.59417,36.94107],[127.59423,36.94042],[127.59574,36.93878],[127.59613,36.93868],[127.5965,36.93859],[127.59804,36.93826],[127.60119,36.93808],[127.60162,36.93806],[127.60204,36.93804],[127.60197,36.93901],[127.60128,36.9408],[127.60379,36.94777],[127.60457,36.94883],[127.60832,36.95173],[127.60956,36.95192],[127.61028,36.95164],[127.61067,36.95138],[127.61264,36.95093],[127.61562,36.95206],[127.6181,36.9538],[127.61858,36.95436],[127.6214,36.95828],[127.62139,36.96058],[127.61927,36.96536],[127.6189,36.96574],[127.61857,36.96605],[127.6176,36.96603],[127.61665,36.96584],[127.61566,36.965],[127.61513,36.96474],[127.61477,36.96466],[127.61426,36.96455],[127.61296,36.96429],[127.61273,36.9644],[127.61253,36.9645],[127.61231,36.96507],[127.61252,36.96709],[127.61279,36.96778],[127.61227,36.97065],[127.61115,36.9724],[127.61016,36.97393],[127.60985,36.97432],[127.60951,36.97635],[127.60943,36.97697],[127.60987,36.97822],[127.61124,36.97974],[127.61209,36.9806],[127.61296,36.98067],[127.6131,36.98068],[127.61445,36.9806],[127.6175,36.97952],[127.61794,36.97905],[127.61838,36.97838],[127.61862,36.97793],[127.61935,36.97727],[127.61965,36.97709],[127.62001,36.97709],[127.62067,36.9771],[127.62118,36.9774],[127.62227,36.97819],[127.62366,36.97951],[127.62396,36.97998],[127.62526,36.9821],[127.62785,36.98527],[127.62818,36.98537],[127.62852,36.98547],[127.62962,36.98522],[127.63014,36.98495],[127.6307,36.98464],[127.63197,36.98511],[127.63321,36.98575],[127.63505,36.98674],[127.63575,36.98683],[127.63727,36.98659],[127.63907,36.98714],[127.64063,36.98768],[127.64098,36.98788],[127.64133,36.98809],[127.64343,36.98862],[127.64414,36.98875],[127.64726,36.98694],[127.64854,36.98601],[127.64901,36.98502],[127.65101,36.98377]]]]}},{"type":"Feature","properties":{"adm_cd":"33570120","adm_nm":"충청북도 음성군 금왕읍"},"geometry":{"type":"MultiPolygon","coordinates":[[[[127.56241,37.04461],[127.56288,37.04367],[127.56315,37.04288],[127.56347,37.04157],[127.5618,37.04001],[127.5605,37.0374],[127.56012,37.03589],[127.5596,37.03402],[127.55959,37.03397],[127.55791,37.03361],[127.55625,37.03283],[127.554,37.03176],[127.55318,37.03099],[127.55172,37.0296],[127.55163,37.02881],[127.55226,37.02812],[127.55375,37.02654],[127.55442,37.02587],[127.55603,37.02627],[127.55652,37.02673],[127.55738,37.02662],[127.5592,37.0263],[127.55981,37.02556],[127.56091,37.02264],[127.5609,37.02239],[127.5604,37.02121],[127.56021,37.01984],[127.56122,37.01843],[127.56294,37.01653],[127.5676,37.01401],[127.56873,37.01362],[127.57348,37.01323],[127.57457,37.01353],[127.57587,37.01471],[127.57668,37.01502],[127.57969,37.01488],[127.58015,37.0142],[127.57987,37.01365],[127.58045,37.01306],[127.58148,37.01242],[127.58247,37.01263],[127.58315,37.01278],[127.58429,37.01319],[127.58728,37.01309],[127.58895,37.01269],[127.58922,37.01278],[127.58961,37.01369],[127.59016,37.01454],[127.59378,37.01449],[127.59707,37.01445],[127.59747,37.01398],[127.59739,37.01348],[127.59554,37.01032],[127.59709,37.00896],[127.59783,37.00877],[127.59836,37.00975],[127.59838,37.00979],[127.59839,37.01036],[127.59841,37.01087],[127.60113,37.01043],[127.6039,37.01001],[127.60509,37.01008],[127.60674,37.01029],[127.60866,37.01048],[127.6139,37.01041],[127.6157,37.00955],[127.61739,37.00714],[127.61801,37.00709],[127.61831,37.00706],[127.61891,37.00775],[127.62131,37.00979],[127.62548,37.01265],[127.62769,37.01172],[127.63006,37.01065],[127.63005,37.00945],[127.63517,37.00637],[127.6363,37.00583],[127.63758,37.00565],[127.63895,37.00546],[127.64053,37.00468],[127.64155,36.99928],[127.64108,36.99851],[127.64139,36.99629],[127.64218,36.99264],[127.64329,36.98974],[127.64414,36.98875],[127.64343,36.98862],[127.64133,36.98809],[127.64098,36.98788],[127.64063,36.98768],[127.63907,36.98714],[127.63727,36.98659],[127.63575,36.98683],[127.63505,36.98674],[127.63321,36.98575],[127.63197,36.98511],[127.6307,36.98464],[127.63014,36.98495],[127.62962,36.98522],[127.62852,36.98547],[127.62818,36.98537],[127.62785,36.98527],[127.62526,36.9821],[127.62396,36.97998],[127.62366,36.97951],[127.62227,36.97819],[127.62118,36.9774],[127.62067,36.9771],[127.62001,36.97709],[127.61965,36.97709],[127.61935,36.97727],[127.61862,36.97793],[127.61838,36.97838],[127.61794,36.97905],[127.6175,36.97952],[127.61445,36.9806],[127.6131,36.98068],[127.61296,36.98067],[127.61209,36.9806],[127.61124,36.97974],[127.60987,36.97822],[127.60943,36.97697],[127.60951,36.97635],[127.60985,36.97432],[127.61016,36.97393],[127.61115,36.9724],[127.61227,36.97065],[127.61279,36.96778],[127.61252,36.96709],[127.61231,36.96507],[127.61253,36.9645],[127.61273,36.9644],[127.61296,36.96429],[127.61426,36.96455],[127.61477,36.96466],[127.61513,36.96474],[127.61566,36.965],[127.61665,36.96584],[127.6176,36.96603],[127.61857,36.96605],[127.6189,36.96574],[127.61927,36.96536],[127.62139,36.96058],[127.6214,36.95828],[127.61858,36.95436],[127.6181,36.9538],[127.61562,36.95206],[127.61264,36.95093],[127.61067,36.95138],[127.61028,36.95164],[127.60956,36.95192],[127.60832,36.95173],[127.60457,36.94883],[127.60379,36.94777],[127.60128,36.9408],[127.60197,36.93901],[127.60204,36.93804],[127.60162,36.93806],[127.60119,36.93808],[127.59804,36.93826],[127.5965,36.93859],[127.59613,36.93868],[127.59574,36.93878],[127.59423,36.94042],[127.59417,36.94107],[127.59409,36.94141],[127.59287,36.94249],[127.58615,36.94307],[127.58512,36.94305],[127.58516,36.94455],[127.58539,36.9455],[127.58578,36.94611],[127.58565,36.94664],[127.58562,36.94671],[127.58506,36.94791],[127.58051,36.95171],[127.57898,36.95281],[127.57741,36.95361],[127.57705,36.95323],[127.57635,36.95159],[127.57465,36.94977],[127.57339,36.94849],[127.56868,36.94896],[127.56833,36.94906],[127.56742,36.94935],[127.56708,36.94956],[127.56592,36.94958],[127.56329,36.94933],[127.55877,36.94571],[127.55696,36.9434],[127.55692,36.94281],[127.55679,36.94224],[127.55629,36.94208],[127.55503,36.94168],[127.55101,36.94179],[127.55067,36.9418],[127.54895,36.94251],[127.54871,36.94308],[127.54827,36.94442],[127.54495,36.94596],[127.5445,36.94612],[127.54444,36.94981],[127.54466,36.95067],[127.54496,36.95104],[127.54497,36.95171],[127.54497,36.9519],[127.5434,36.95455],[127.54309,36.95469],[127.53978,36.95472],[127.53875,36.95644],[127.53732,36.95775],[127.53722,36.95783],[127.53714,36.95788],[127.53705,36.9579],[127.53698,36.95791],[127.5369,36.9579],[127.53668,36.95781],[127.53662,36.9578],[127.53657,36.95778],[127.53651,36.95778],[127.53645,36.95777],[127.53633,36.95778],[127.53587,36.95788],[127.53553,36.95799],[127.53534,36.95806],[127.53531,36.95809],[127.53527,36.95812],[127.53525,36.95814],[127.53539,36.95989],[127.5354,36.95993],[127.53543,36.96002],[127.53546,36.96008],[127.53566,36.96047],[127.53585,36.96067],[127.53598,36.96081],[127.53613,36.96095],[127.53626,36.96102],[127.53634,36.96106],[127.53638,36.96106],[127.53641,36.96107],[127.53656,36.96108],[127.53709,36.9612],[127.5373,36.96126],[127.53791,36.96166],[127.53797,36.9617],[127.53857,36.96263],[127.53861,36.96268],[127.54013,36.96648],[127.54036,36.96737],[127.54113,36.97057],[127.54113,36.97068],[127.54111,36.97081],[127.54105,36.97102],[127.54097,36.97126],[127.54092,36.97136],[127.54081,36.97148],[127.54063,36.97169],[127.54051,36.97184],[127.54041,36.97204],[127.54036,36.97215],[127.54034,36.97231],[127.54033,36.97242],[127.54051,36.97452],[127.54057,36.97488],[127.54064,36.97512],[127.54075,36.97541],[127.54082,36.9756],[127.54088,36.97571],[127.54095,36.97583],[127.541,36.9759],[127.54107,36.97599],[127.53749,36.97615],[127.5289,36.97787],[127.52766,36.97817],[127.52755,36.97824],[127.52732,36.9783],[127.52534,36.97854],[127.52505,36.97856],[127.52477,36.97853],[127.52448,36.97851],[127.52425,36.97846],[127.52395,36.97839],[127.52388,36.97841],[127.52381,36.97842],[127.52337,36.97859],[127.52314,36.9787],[127.52186,36.97936],[127.52166,36.97948],[127.5215,36.97957],[127.52144,36.97962],[127.52137,36.97968],[127.52044,36.98193],[127.51924,36.98488],[127.51518,36.98867],[127.51651,36.98994],[127.51664,36.99242],[127.51664,36.99251],[127.51664,36.99258],[127.51657,36.99285],[127.51552,36.99631],[127.51384,36.99767],[127.51378,37.00004],[127.51379,37.00009],[127.51386,37.00016],[127.51411,37.0004],[127.51448,37.00061],[127.51455,37.00062],[127.51464,37.00064],[127.51479,37.00062],[127.51517,37.00054],[127.51543,37.00053],[127.51579,37.00056],[127.51607,37.00059],[127.51621,37.00064],[127.51638,37.00074],[127.51821,37.00208],[127.51898,37.00328],[127.51901,37.00332],[127.51904,37.00337],[127.51913,37.00361],[127.51916,37.0037],[127.51923,37.00396],[127.51924,37.00402],[127.51925,37.00412],[127.51947,37.00758],[127.51949,37.00792],[127.51951,37.00817],[127.51958,37.01082],[127.51958,37.01094],[127.51957,37.011],[127.51956,37.01104],[127.51932,37.01176],[127.51907,37.01247],[127.51902,37.01261],[127.51901,37.01266],[127.519,37.01272],[127.51901,37.01279],[127.51902,37.01284],[127.51926,37.01342],[127.51929,37.01346],[127.51932,37.01351],[127.51936,37.01355],[127.51939,37.01356],[127.5218,37.01498],[127.52183,37.01501],[127.52189,37.01503],[127.52196,37.01505],[127.52202,37.01507],[127.52307,37.01536],[127.5232,37.01538],[127.52327,37.01539],[127.52335,37.0154],[127.52355,37.01539],[127.52387,37.01537],[127.52392,37.01536],[127.52398,37.01535],[127.52412,37.01529],[127.52418,37.01527],[127.52423,37.01524],[127.52426,37.01523],[127.52441,37.01514],[127.52449,37.01508],[127.52453,37.01506],[127.52456,37.01503],[127.52462,37.01498],[127.52469,37.01491],[127.52492,37.01465],[127.52545,37.01388],[127.52565,37.01344],[127.52705,37.01332],[127.52994,37.01451],[127.52996,37.01453],[127.53,37.01459],[127.53004,37.01465],[127.53009,37.01476],[127.53011,37.01481],[127.53022,37.01533],[127.53026,37.01558],[127.53026,37.01562],[127.53024,37.01567],[127.53006,37.0162],[127.53003,37.01628],[127.53003,37.01635],[127.53002,37.01649],[127.53003,37.01654],[127.53005,37.01664],[127.53006,37.01668],[127.53008,37.01671],[127.53145,37.01869],[127.53244,37.01961],[127.5325,37.01965],[127.53276,37.01985],[127.53558,37.02286],[127.53914,37.02925],[127.53917,37.02932],[127.53953,37.03023],[127.53954,37.03026],[127.53955,37.03031],[127.5403,37.03745],[127.5403,37.03759],[127.5403,37.03766],[127.54016,37.03895],[127.54015,37.03903],[127.54012,37.03911],[127.54009,37.03917],[127.53927,37.04049],[127.53829,37.0425],[127.53712,37.04495],[127.53709,37.04501],[127.53704,37.04515],[127.53696,37.04551],[127.53685,37.04614],[127.53682,37.04632],[127.53682,37.04636],[127.53682,37.04642],[127.53683,37.04651],[127.53687,37.04664],[127.53708,37.04704],[127.53714,37.04719],[127.53716,37.04726],[127.53721,37.04751],[127.53722,37.04759],[127.53722,37.04796],[127.53721,37.04803],[127.5372,37.04807],[127.53718,37.04811],[127.53634,37.04946],[127.53632,37.04949],[127.53629,37.04953],[127.53626,37.04956],[127.53621,37.0496],[127.53598,37.04975],[127.53591,37.0498],[127.53549,37.05005],[127.53504,37.05033],[127.53497,37.05037],[127.53495,37.0504],[127.53491,37.05043],[127.53488,37.05047],[127.53486,37.05049],[127.5348,37.05059],[127.53477,37.05066],[127.53477,37.0507],[127.53489,37.05185],[127.53494,37.05225],[127.53499,37.05248],[127.53502,37.05261],[127.5357,37.05357],[127.54011,37.05096],[127.54075,37.05093],[127.54388,37.04953],[127.54416,37.04933],[127.54423,37.04922],[127.5443,37.04908],[127.54446,37.04871],[127.54643,37.04758],[127.55004,37.04558],[127.55043,37.0454],[127.55558,37.04386],[127.55811,37.04318],[127.55953,37.04298],[127.5598,37.04295],[127.55989,37.04295],[127.55998,37.04296],[127.56009,37.04298],[127.56023,37.04303],[127.56037,37.04307],[127.5607,37.04318],[127.56095,37.04327],[127.5618,37.04371],[127.56199,37.04382],[127.56214,37.04392],[127.5622,37.04399],[127.56225,37.04404],[127.56228,37.0441],[127.56241,37.04461]]]]}},{"type":"Feature","properties":{"adm_cd":"33570310","adm_nm":"충청북도 음성군 소이면"},"geometry":{"type":"MultiPolygon","coordinates":[[[[127.74785,36.96092],[127.74844,36.96047],[127.75007,36.95922],[127.75148,36.95845],[127.75232,36.95812],[127.75273,36.95799],[127.75345,36.95731],[127.75447,36.95508],[127.75451,36.95462],[127.75643,36.95217],[127.75836,36.95156],[127.76072,36.95012],[127.76267,36.94867],[127.76289,36.94848],[127.764,36.94625],[127.76397,36.94612],[127.76388,36.94577],[127.76358,36.94552],[127.7634,36.94541],[127.76317,36.94529],[127.76279,36.94515],[127.76244,36.94502],[127.762,36.94487],[127.76176,36.94444],[127.7617,36.94417],[127.76197,36.94372],[127.76421,36.94071],[127.76455,36.94039],[127.76479,36.94016],[127.76539,36.93998],[127.76583,36.93988],[127.76648,36.93988],[127.76699,36.9398],[127.76723,36.93968],[127.76923,36.93854],[127.76974,36.93809],[127.77026,36.93748],[127.77076,36.93645],[127.77097,36.93561],[127.77122,36.93468],[127.7713,36.93442],[127.77164,36.93376],[127.77222,36.9332],[127.77243,36.93314],[127.77262,36.93308],[127.77309,36.93305],[127.77363,36.93302],[127.77498,36.93318],[127.78059,36.93495],[127.78177,36.93605],[127.78279,36.93704],[127.78403,36.93741],[127.78527,36.9374],[127.78621,36.9369],[127.78755,36.9368],[127.78799,36.93696],[127.78873,36.93723],[127.78874,36.9341],[127.7886,36.93357],[127.78794,36.93271],[127.7875,36.93159],[127.78771,36.93124],[127.7884,36.93065],[127.78934,36.92925],[127.78929,36.92841],[127.7891,36.9273],[127.78862,36.92646],[127.78638,36.92473],[127.78265,36.92451],[127.78212,36.92399],[127.7822,36.92368],[127.78363,36.91879],[127.78401,36.91767],[127.7869,36.91598],[127.78738,36.91587],[127.78946,36.91603],[127.7899,36.91627],[127.79056,36.91686],[127.79112,36.91689],[127.79151,36.91689],[127.79295,36.91688],[127.79368,36.91663],[127.79429,36.91618],[127.7945,36.91576],[127.79445,36.91544],[127.7944,36.91513],[127.79435,36.91408],[127.79508,36.91356],[127.79638,36.91295],[127.79737,36.91225],[127.79763,36.91173],[127.79826,36.90984],[127.7984,36.90729],[127.79771,36.90566],[127.79707,36.90416],[127.79632,36.90312],[127.79515,36.90317],[127.79346,36.90394],[127.79157,36.90532],[127.78815,36.90659],[127.78711,36.90643],[127.78571,36.90588],[127.7857,36.90558],[127.78575,36.90539],[127.78601,36.90469],[127.78639,36.90403],[127.78734,36.90343],[127.78833,36.90283],[127.79049,36.90212],[127.79166,36.90155],[127.79205,36.90113],[127.79252,36.90039],[127.79255,36.8997],[127.79219,36.89803],[127.79144,36.89726],[127.78978,36.89654],[127.78751,36.8945],[127.7878,36.89248],[127.78824,36.88948],[127.78847,36.88856],[127.78879,36.88724],[127.78912,36.88561],[127.78916,36.88415],[127.78909,36.88352],[127.78888,36.88234],[127.78842,36.88152],[127.78794,36.88091],[127.7874,36.8806],[127.78595,36.88011],[127.78281,36.87977],[127.77919,36.87894],[127.77868,36.87849],[127.7764,36.87783],[127.77429,36.87765],[127.77252,36.87763],[127.77119,36.87727],[127.77055,36.87705],[127.76947,36.87558],[127.76712,36.87479],[127.76623,36.87477],[127.76461,36.87636],[127.76425,36.87663],[127.76304,36.87722],[127.76282,36.87728],[127.76256,36.87728],[127.76154,36.87696],[127.76136,36.8769],[127.76112,36.87671],[127.76102,36.87644],[127.76099,36.8762],[127.7607,36.87566],[127.76033,36.87508],[127.75964,36.87454],[127.75908,36.87415],[127.75609,36.87337],[127.75015,36.87306],[127.748,36.87401],[127.74791,36.87416],[127.74785,36.87539],[127.74735,36.87619],[127.74583,36.87758],[127.7454,36.87784],[127.74435,36.87763],[127.74345,36.8774],[127.74321,36.87735],[127.7428,36.87739],[127.73864,36.87835],[127.73574,36.8794],[127.73509,36.87946],[127.73441,36.87924],[127.73414,36.87916],[127.73149,36.87837],[127.73117,36.87838],[127.7305,36.87856],[127.72706,36.87945],[127.72667,36.87948],[127.72609,36.87938],[127.72538,36.87903],[127.72483,36.87877],[127.72207,36.87754],[127.72057,36.87704],[127.72052,36.87705],[127.72048,36.87706],[127.71902,36.87732],[127.71808,36.87727],[127.717,36.87722],[127.71639,36.87841],[127.71565,36.88015],[127.71565,36.88042],[127.71578,36.88075],[127.71631,36.88114],[127.71665,36.88121],[127.71699,36.88131],[127.71899,36.88468],[127.71919,36.88527],[127.71942,36.88702],[127.71942,36.88893],[127.71787,36.89164],[127.71652,36.89311],[127.71599,36.89341],[127.71541,36.89378],[127.7145,36.89472],[127.71412,36.89533],[127.71333,36.89915],[127.71296,36.90121],[127.7128,36.90464],[127.71275,36.90716],[127.7123,36.90798],[127.71485,36.90919],[127.71595,36.90979],[127.71629,36.91002],[127.71688,36.91046],[127.71783,36.91131],[127.72068,36.9146],[127.72182,36.91614],[127.72187,36.91665],[127.72178,36.9177],[127.72175,36.91807],[127.72193,36.91882],[127.72258,36.92066],[127.72565,36.92333],[127.72717,36.92448],[127.72912,36.92545],[127.72952,36.92565],[127.73011,36.92597],[127.73102,36.92654],[127.73138,36.92697],[127.73139,36.92707],[127.73124,36.92715],[127.73096,36.9273],[127.73088,36.92732],[127.7308,36.92734],[127.73071,36.92753],[127.73067,36.92761],[127.73051,36.92796],[127.73049,36.92801],[127.73048,36.92811],[127.73047,36.92814],[127.73045,36.92828],[127.73038,36.92888],[127.73046,36.92923],[127.73098,36.93145],[127.73178,36.93457],[127.73179,36.93479],[127.73179,36.93482],[127.72972,36.93666],[127.7283,36.93677],[127.72714,36.93683],[127.72614,36.93682],[127.72448,36.93704],[127.7218,36.93778],[127.72139,36.9379],[127.72144,36.93817],[127.72168,36.9385],[127.72188,36.93853],[127.72212,36.93857],[127.72241,36.9387],[127.72263,36.93913],[127.72266,36.93979],[127.72267,36.94022],[127.72267,36.94037],[127.72251,36.94175],[127.72054,36.94547],[127.7198,36.94656],[127.71935,36.94699],[127.71819,36.94764],[127.71725,36.94805],[127.71667,36.94846],[127.71659,36.94871],[127.71593,36.95137],[127.71601,36.95238],[127.7163,36.95632],[127.71637,36.95844],[127.71857,36.95873],[127.71909,36.95878],[127.72205,36.95901],[127.7277,36.95905],[127.72809,36.95889],[127.73016,36.95793],[127.73071,36.95741],[127.73091,36.9571],[127.7314,36.95595],[127.733,36.95357],[127.73317,36.95352],[127.73326,36.95351],[127.73335,36.9535],[127.73413,36.95353],[127.73766,36.95352],[127.73941,36.95234],[127.73965,36.95231],[127.7403,36.95246],[127.74089,36.9526],[127.74181,36.95289],[127.74247,36.95341],[127.74225,36.9536],[127.74217,36.95364],[127.74206,36.95368],[127.74193,36.95373],[127.74176,36.95383],[127.74162,36.95392],[127.7415,36.95401],[127.74141,36.9541],[127.74134,36.95418],[127.74013,36.95547],[127.74012,36.9555],[127.7401,36.95553],[127.73985,36.95697],[127.73983,36.9571],[127.73982,36.95722],[127.73986,36.95807],[127.73997,36.95851],[127.74005,36.95872],[127.74018,36.9589],[127.74035,36.9591],[127.74049,36.95927],[127.74062,36.95939],[127.74258,36.96075],[127.74289,36.96088],[127.74317,36.96097],[127.74338,36.96098],[127.74373,36.96099],[127.74398,36.96097],[127.74419,36.96087],[127.74477,36.96057],[127.74785,36.96092]]]]}},{"type":"Feature","properties":{"adm_cd":"33570320","adm_nm":"충청북도 음성군 원남면"},"geometry":{"type":"MultiPolygon","coordinates":[[[[127.7123,36.90798],[127.71275,36.90716],[127.7128,36.90464],[127.71296,36.90121],[127.71333,36.89915],[127.71412,36.89533],[127.7145,36.89472],[127.71541,36.89378],[127.71599,36.89341],[127.71652,36.89311],[127.71787,36.89164],[127.71942,36.88893],[127.71942,36.88702],[127.71919,36.88527],[127.71899,36.88468],[127.71699,36.88131],[127.71665,36.88121],[127.71631,36.88114],[127.71578,36.88075],[127.71565,36.88042],[127.71565,36.88015],[127.71639,36.87841],[127.717,36.87722],[127.70841,36.87732],[127.7078,36.87582],[127.70023,36.87862],[127.69882,36.87995],[127.698,36.8805],[127.69474,36.88001],[127.69352,36.87964],[127.68991,36.87851],[127.68967,36.87815],[127.68941,36.87777],[127.68991,36.87731],[127.69034,36.87721],[127.69081,36.87711],[127.69148,36.87585],[127.69145,36.87532],[127.69038,36.87253],[127.69007,36.872],[127.6898,36.87154],[127.68817,36.8706],[127.68624,36.86849],[127.68623,36.86844],[127.68614,36.8657],[127.68638,36.86405],[127.68724,36.86236],[127.68696,36.86079],[127.68677,36.86013],[127.68641,36.85954],[127.68609,36.8593],[127.68606,36.85928],[127.68537,36.85916],[127.68467,36.85904],[127.68439,36.85898],[127.68412,36.85893],[127.68377,36.85838],[127.68345,36.85726],[127.68344,36.85648],[127.68359,36.856],[127.68124,36.85402],[127.67892,36.85264],[127.67823,36.852],[127.67792,36.85152],[127.67786,36.85079],[127.67735,36.85066],[127.67649,36.85064],[127.67611,36.85078],[127.67597,36.85118],[127.67605,36.85143],[127.67612,36.85164],[127.67598,36.85183],[127.67477,36.85291],[127.67163,36.85424],[127.66833,36.8565],[127.66601,36.85777],[127.6594,36.85986],[127.65708,36.86058],[127.6561,36.86077],[127.65574,36.86076],[127.6543,36.86045],[127.65338,36.86075],[127.65277,36.86079],[127.64896,36.85992],[127.64823,36.85965],[127.64518,36.85823],[127.64203,36.85543],[127.64059,36.85337],[127.63836,36.84989],[127.63827,36.84968],[127.63796,36.84865],[127.63784,36.8473],[127.63573,36.84715],[127.63556,36.84712],[127.63539,36.84705],[127.63112,36.84513],[127.62657,36.84259],[127.62652,36.84256],[127.62644,36.84245],[127.62636,36.84232],[127.62619,36.84195],[127.62603,36.84141],[127.62594,36.84078],[127.62594,36.84067],[127.62596,36.84061],[127.62598,36.84052],[127.626,36.84033],[127.62595,36.84013],[127.62578,36.8396],[127.62572,36.83944],[127.62513,36.83808],[127.62499,36.83786],[127.62485,36.8377],[127.62478,36.83764],[127.62473,36.83761],[127.62461,36.83757],[127.62344,36.83732],[127.62326,36.8373],[127.62285,36.83728],[127.62187,36.83719],[127.62103,36.8371],[127.62029,36.83698],[127.62007,36.83693],[127.61859,36.8365],[127.61847,36.83645],[127.61833,36.83636],[127.61824,36.8363],[127.61815,36.8362],[127.61808,36.83604],[127.61795,36.83571],[127.61788,36.83557],[127.61776,36.8354],[127.61724,36.83488],[127.61704,36.83472],[127.61687,36.8346],[127.61667,36.83451],[127.61646,36.83444],[127.61594,36.83435],[127.61573,36.83431],[127.61464,36.83426],[127.61435,36.83425],[127.61425,36.83425],[127.61412,36.83431],[127.61391,36.83443],[127.61372,36.83458],[127.61361,36.83471],[127.61355,36.83486],[127.61353,36.83496],[127.61349,36.83618],[127.61343,36.83921],[127.61293,36.84396],[127.61275,36.84407],[127.61187,36.84526],[127.61184,36.84532],[127.61133,36.84772],[127.61131,36.84783],[127.61133,36.84794],[127.61139,36.84814],[127.61143,36.84824],[127.61273,36.85106],[127.61289,36.85129],[127.61434,36.85296],[127.61443,36.853],[127.61453,36.85302],[127.61476,36.85302],[127.61491,36.85299],[127.61509,36.85298],[127.61522,36.85298],[127.61529,36.85301],[127.61541,36.85312],[127.61573,36.85365],[127.61593,36.85402],[127.616,36.85415],[127.6168,36.85594],[127.61697,36.85631],[127.61742,36.85756],[127.6174,36.85765],[127.61735,36.85771],[127.61695,36.85815],[127.61665,36.85845],[127.61647,36.85861],[127.61628,36.8587],[127.61623,36.8587],[127.61607,36.85872],[127.61582,36.85871],[127.61563,36.85869],[127.61378,36.85818],[127.61353,36.85809],[127.61274,36.85764],[127.61263,36.85756],[127.61239,36.85732],[127.61169,36.85672],[127.6114,36.8565],[127.60643,36.85338],[127.6032,36.852],[127.60297,36.85195],[127.59785,36.85202],[127.59547,36.85301],[127.59535,36.85327],[127.59523,36.85352],[127.595,36.85386],[127.59452,36.85456],[127.59441,36.85472],[127.59417,36.85502],[127.59272,36.85671],[127.59257,36.85687],[127.59238,36.85702],[127.59221,36.85716],[127.59199,36.85731],[127.59185,36.85741],[127.59162,36.85753],[127.59148,36.85759],[127.59133,36.85761],[127.59121,36.85759],[127.59102,36.85754],[127.59001,36.8574],[127.58747,36.85725],[127.58447,36.85733],[127.58415,36.85735],[127.58393,36.85738],[127.58365,36.85744],[127.58291,36.85769],[127.58275,36.85776],[127.58251,36.85788],[127.58198,36.85818],[127.58174,36.85834],[127.5815,36.85851],[127.58106,36.85873],[127.58084,36.85878],[127.5805,36.85873],[127.58001,36.8585],[127.57935,36.85805],[127.57901,36.85777],[127.57864,36.85732],[127.57848,36.8571],[127.57835,36.85684],[127.57826,36.85644],[127.57821,36.85617],[127.57822,36.85604],[127.57826,36.85553],[127.57829,36.85486],[127.57825,36.85434],[127.57813,36.8539],[127.57798,36.85344],[127.57791,36.85327],[127.57563,36.85699],[127.57515,36.85781],[127.57516,36.85854],[127.57608,36.86012],[127.57708,36.86151],[127.57765,36.8631],[127.57715,36.86377],[127.57627,36.86444],[127.57724,36.86583],[127.57869,36.86587],[127.57994,36.86584],[127.58168,36.86647],[127.58465,36.86923],[127.58497,36.86977],[127.58514,36.87041],[127.58455,36.87449],[127.58333,36.87564],[127.58179,36.87652],[127.58147,36.87664],[127.58116,36.8768],[127.581,36.87724],[127.58101,36.8774],[127.58145,36.87792],[127.58262,36.87792],[127.58343,36.87846],[127.58533,36.88193],[127.58876,36.88683],[127.58993,36.89124],[127.59038,36.89418],[127.59021,36.89478],[127.59015,36.89515],[127.59027,36.89538],[127.59126,36.89697],[127.59192,36.89787],[127.59298,36.89967],[127.59261,36.90162],[127.5923,36.90208],[127.59243,36.90249],[127.5933,36.90323],[127.59693,36.90194],[127.59821,36.90142],[127.59962,36.9006],[127.59982,36.89981],[127.59971,36.89838],[127.59989,36.89794],[127.60195,36.89846],[127.60269,36.8991],[127.60331,36.89971],[127.60377,36.90032],[127.60635,36.90161],[127.60731,36.90173],[127.60791,36.90179],[127.60865,36.90186],[127.6114,36.90322],[127.61213,36.90366],[127.61333,36.90442],[127.61371,36.90467],[127.61838,36.90508],[127.61845,36.90508],[127.61972,36.9051],[127.63015,36.90348],[127.63265,36.9024],[127.6368,36.90183],[127.64116,36.89991],[127.64367,36.89978],[127.64451,36.89995],[127.65009,36.90159],[127.65022,36.90168],[127.65053,36.90187],[127.65096,36.90215],[127.652,36.90474],[127.65261,36.90618],[127.65339,36.90772],[127.65484,36.90984],[127.65588,36.91127],[127.65822,36.91162],[127.65841,36.91175],[127.65865,36.91192],[127.65953,36.91327],[127.66001,36.91424],[127.66041,36.91486],[127.66136,36.91615],[127.66164,36.91638],[127.66432,36.91568],[127.66661,36.91471],[127.67366,36.91301],[127.67423,36.91329],[127.67466,36.91457],[127.67504,36.91529],[127.67562,36.91564],[127.67923,36.91754],[127.68044,36.91741],[127.68116,36.91701],[127.68662,36.91672],[127.687,36.91673],[127.68738,36.91675],[127.69131,36.91732],[127.69207,36.9176],[127.69259,36.91838],[127.69356,36.91986],[127.69626,36.9199],[127.69631,36.91983],[127.69738,36.91842],[127.69835,36.91712],[127.69838,36.91708],[127.69859,36.91645],[127.69883,36.91575],[127.6992,36.91494],[127.70039,36.91393],[127.70202,36.91265],[127.70293,36.91222],[127.7039,36.91203],[127.70426,36.91213],[127.70451,36.9122],[127.70543,36.91222],[127.70627,36.91202],[127.7069,36.91188],[127.70812,36.91101],[127.70921,36.91002],[127.71032,36.90901],[127.71106,36.90862],[127.7123,36.90798]]]]}},{"type":"Feature","properties":{"adm_cd":"33570330","adm_nm":"충청북도 음성군 맹동면"},"geometry":{"type":"MultiPolygon","coordinates":[[[[127.58512,36.94305],[127.58426,36.94254],[127.58373,36.94217],[127.58327,36.94185],[127.58237,36.94072],[127.58219,36.9405],[127.58188,36.93839],[127.58169,36.93747],[127.58103,36.93475],[127.57967,36.93239],[127.57898,36.93214],[127.57848,36.93187],[127.57799,36.93159],[127.5773,36.92995],[127.5768,36.92821],[127.57673,36.92777],[127.57669,36.92749],[127.5782,36.92753],[127.57877,36.92787],[127.57912,36.92811],[127.57939,36.92829],[127.58005,36.92859],[127.58112,36.92889],[127.58217,36.92846],[127.58279,36.92796],[127.5839,36.92574],[127.58433,36.92397],[127.58505,36.9207],[127.58667,36.91593],[127.58688,36.91351],[127.58658,36.91264],[127.58771,36.91056],[127.58995,36.90987],[127.59223,36.90902],[127.59242,36.90819],[127.59218,36.90705],[127.5919,36.90628],[127.59184,36.90528],[127.59197,36.90504],[127.59207,36.90486],[127.59252,36.90419],[127.5933,36.90323],[127.59243,36.90249],[127.5923,36.90208],[127.59261,36.90162],[127.59298,36.89967],[127.59192,36.89787],[127.59126,36.89697],[127.59027,36.89538],[127.59015,36.89515],[127.59021,36.89478],[127.59038,36.89418],[127.58993,36.89124],[127.58876,36.88683],[127.58533,36.88193],[127.58343,36.87846],[127.58262,36.87792],[127.58145,36.87792],[127.58101,36.8774],[127.581,36.87724],[127.58116,36.8768],[127.58147,36.87664],[127.58179,36.87652],[127.58067,36.87664],[127.57906,36.8769],[127.57319,36.8779],[127.57178,36.87855],[127.57211,36.87981],[127.57211,36.88029],[127.57185,36.88097],[127.57142,36.88206],[127.56927,36.88519],[127.56906,36.88548],[127.56867,36.88577],[127.56826,36.88587],[127.56741,36.88492],[127.56688,36.88394],[127.56672,36.88337],[127.56702,36.88303],[127.56684,36.88272],[127.56363,36.88234],[127.56218,36.88252],[127.56179,36.88311],[127.56118,36.88461],[127.56124,36.88526],[127.56117,36.88594],[127.55989,36.8867],[127.55855,36.88643],[127.55742,36.88585],[127.55606,36.88629],[127.55603,36.88632],[127.55535,36.88702],[127.55499,36.88872],[127.55496,36.88911],[127.55523,36.88975],[127.55564,36.89035],[127.55514,36.89128],[127.55269,36.89258],[127.55191,36.89397],[127.555,36.89646],[127.55391,36.8979],[127.55373,36.89812],[127.55366,36.89821],[127.55306,36.89818],[127.55203,36.89771],[127.55167,36.89768],[127.5508,36.89783],[127.5496,36.89821],[127.54589,36.90075],[127.54606,36.90185],[127.54635,36.90272],[127.54497,36.90487],[127.5448,36.90497],[127.54474,36.90498],[127.54374,36.90519],[127.54326,36.90523],[127.54245,36.9054],[127.54152,36.90563],[127.53892,36.90842],[127.53757,36.90992],[127.53723,36.91032],[127.536,36.91137],[127.53555,36.91175],[127.53464,36.91227],[127.53246,36.91222],[127.53168,36.91156],[127.53,36.91115],[127.52714,36.9107],[127.52566,36.91133],[127.5232,36.91571],[127.523,36.91692],[127.52293,36.91787],[127.52261,36.91891],[127.52034,36.92245],[127.52006,36.92287],[127.51986,36.92317],[127.5147,36.92788],[127.51172,36.93058],[127.51135,36.9309],[127.51145,36.93088],[127.51181,36.93084],[127.51256,36.93122],[127.51287,36.93142],[127.51505,36.93322],[127.51636,36.93487],[127.51639,36.93494],[127.5165,36.93501],[127.52264,36.93914],[127.52614,36.94125],[127.52647,36.94137],[127.52689,36.94151],[127.52707,36.94156],[127.52729,36.94158],[127.53034,36.94324],[127.53074,36.94412],[127.53111,36.94495],[127.53113,36.94498],[127.53146,36.94568],[127.53167,36.94608],[127.53202,36.94664],[127.53217,36.94684],[127.53451,36.94943],[127.53632,36.95023],[127.53774,36.95193],[127.53978,36.95472],[127.54309,36.95469],[127.5434,36.95455],[127.54497,36.9519],[127.54497,36.95171],[127.54496,36.95104],[127.54466,36.95067],[127.54444,36.94981],[127.5445,36.94612],[127.54495,36.94596],[127.54827,36.94442],[127.54871,36.94308],[127.54895,36.94251],[127.55067,36.9418],[127.55101,36.94179],[127.55503,36.94168],[127.55629,36.94208],[127.55679,36.94224],[127.55692,36.94281],[127.55696,36.9434],[127.55877,36.94571],[127.56329,36.94933],[127.56592,36.94958],[127.56708,36.94956],[127.56742,36.94935],[127.56833,36.94906],[127.56868,36.94896],[127.57339,36.94849],[127.57465,36.94977],[127.57635,36.95159],[127.57705,36.95323],[127.57741,36.95361],[127.57898,36.95281],[127.58051,36.95171],[127.58506,36.94791],[127.58562,36.94671],[127.58565,36.94664],[127.58578,36.94611],[127.58539,36.9455],[127.58516,36.94455],[127.58512,36.94305]]]]}},{"type":"Feature","properties":{"adm_cd":"33570121","adm_nm":"충청북도 음성군 대소읍"},"geometry":{"type":"MultiPolygon","coordinates":[[[[127.52395,36.97839],[127.52425,36.97846],[127.52448,36.97851],[127.52477,36.97853],[127.52505,36.97856],[127.52534,36.97854],[127.52732,36.9783],[127.52755,36.97824],[127.52766,36.97817],[127.5289,36.97787],[127.53749,36.97615],[127.54107,36.97599],[127.541,36.9759],[127.54095,36.97583],[127.54088,36.97571],[127.54082,36.9756],[127.54075,36.97541],[127.54064,36.97512],[127.54057,36.97488],[127.54051,36.97452],[127.54033,36.97242],[127.54034,36.97231],[127.54036,36.97215],[127.54041,36.97204],[127.54051,36.97184],[127.54063,36.97169],[127.54081,36.97148],[127.54092,36.97136],[127.54097,36.97126],[127.54105,36.97102],[127.54111,36.97081],[127.54113,36.97068],[127.54113,36.97057],[127.54036,36.96737],[127.54013,36.96648],[127.53861,36.96268],[127.53857,36.96263],[127.53797,36.9617],[127.53791,36.96166],[127.5373,36.96126],[127.53709,36.9612],[127.53656,36.96108],[127.53641,36.96107],[127.53638,36.96106],[127.53634,36.96106],[127.53626,36.96102],[127.53613,36.96095],[127.53598,36.96081],[127.53585,36.96067],[127.53566,36.96047],[127.53546,36.96008],[127.53543,36.96002],[127.5354,36.95993],[127.53539,36.95989],[127.53525,36.95814],[127.53527,36.95812],[127.53531,36.95809],[127.53534,36.95806],[127.53553,36.95799],[127.53587,36.95788],[127.53633,36.95778],[127.53645,36.95777],[127.53651,36.95778],[127.53657,36.95778],[127.53662,36.9578],[127.53668,36.95781],[127.5369,36.9579],[127.53698,36.95791],[127.53705,36.9579],[127.53714,36.95788],[127.53722,36.95783],[127.53732,36.95775],[127.53875,36.95644],[127.53978,36.95472],[127.53774,36.95193],[127.53632,36.95023],[127.53451,36.94943],[127.53217,36.94684],[127.53202,36.94664],[127.53167,36.94608],[127.53146,36.94568],[127.53113,36.94498],[127.53111,36.94495],[127.53074,36.94412],[127.53034,36.94324],[127.52729,36.94158],[127.52707,36.94156],[127.52689,36.94151],[127.52647,36.94137],[127.52614,36.94125],[127.52264,36.93914],[127.5165,36.93501],[127.51639,36.93494],[127.51636,36.93487],[127.51505,36.93322],[127.51287,36.93142],[127.51256,36.93122],[127.51181,36.93084],[127.51145,36.93088],[127.51135,36.9309],[127.51022,36.9304],[127.50706,36.9316],[127.50202,36.93339],[127.49981,36.93407],[127.49848,36.9348],[127.49503,36.93681],[127.49415,36.93734],[127.4916,36.93871],[127.49149,36.93876],[127.49128,36.93879],[127.49076,36.93879],[127.4905,36.93879],[127.4855,36.93823],[127.48364,36.93729],[127.48352,36.93721],[127.48329,36.93699],[127.4829,36.93646],[127.48284,36.93635],[127.48286,36.93555],[127.4829,36.93525],[127.4829,36.93518],[127.48277,36.93468],[127.4827,36.93455],[127.48135,36.93368],[127.47822,36.93587],[127.4781,36.93593],[127.47669,36.93635],[127.47634,36.93643],[127.47582,36.93636],[127.47505,36.93621],[127.47407,36.93597],[127.47393,36.93593],[127.4738,36.93591],[127.47341,36.93584],[127.47311,36.93581],[127.47286,36.93582],[127.4706,36.93625],[127.47012,36.93641],[127.47007,36.93643],[127.47002,36.93646],[127.46533,36.93961],[127.46523,36.9397],[127.46396,36.94141],[127.46392,36.94159],[127.46391,36.94171],[127.46387,36.94208],[127.46386,36.94218],[127.46386,36.94334],[127.46388,36.94343],[127.464,36.9436],[127.46404,36.94376],[127.46403,36.94394],[127.464,36.94412],[127.46331,36.94606],[127.46327,36.94618],[127.4632,36.94628],[127.46274,36.94677],[127.46223,36.9473],[127.46213,36.94736],[127.46144,36.94763],[127.46103,36.94777],[127.4606,36.94787],[127.46035,36.94793],[127.45992,36.94798],[127.45955,36.94799],[127.45936,36.94799],[127.45932,36.94797],[127.45643,36.94729],[127.45091,36.94798],[127.45079,36.948],[127.45068,36.94802],[127.44961,36.94849],[127.44942,36.94859],[127.44922,36.9487],[127.44895,36.94891],[127.44867,36.94922],[127.44802,36.95002],[127.44693,36.95085],[127.44686,36.95097],[127.44683,36.95106],[127.44528,36.95856],[127.44531,36.95881],[127.4456,36.95983],[127.44573,36.96004],[127.44599,36.9604],[127.44661,36.96109],[127.44712,36.96152],[127.44915,36.96289],[127.44944,36.96307],[127.44974,36.9632],[127.45,36.96331],[127.45023,36.96333],[127.45047,36.96333],[127.45066,36.96331],[127.45072,36.9633],[127.45077,36.96329],[127.45083,36.96326],[127.45089,36.96323],[127.45095,36.96315],[127.45102,36.96302],[127.45108,36.96273],[127.4512,36.96248],[127.45129,36.96234],[127.45139,36.9622],[127.45161,36.96203],[127.45186,36.96193],[127.45206,36.9619],[127.45221,36.96191],[127.45314,36.96206],[127.45374,36.96216],[127.45537,36.9628],[127.45622,36.96324],[127.45648,36.96339],[127.45694,36.96365],[127.45712,36.96376],[127.4572,36.96383],[127.45721,36.96391],[127.4572,36.96406],[127.45705,36.96544],[127.45588,36.96837],[127.4556,36.96861],[127.45532,36.96884],[127.45444,36.96952],[127.45423,36.9711],[127.45351,36.97368],[127.45329,36.97432],[127.45318,36.97448],[127.45291,36.97475],[127.45245,36.97497],[127.45238,36.97499],[127.4523,36.97503],[127.45184,36.97511],[127.45167,36.97509],[127.45159,36.97503],[127.45141,36.97479],[127.44949,36.97662],[127.44896,36.98033],[127.44812,36.98877],[127.44873,36.99221],[127.44878,36.99242],[127.44889,36.99257],[127.44896,36.99267],[127.45018,36.99389],[127.45032,36.99384],[127.45081,36.99363],[127.45098,36.99355],[127.45147,36.99324],[127.4515,36.99321],[127.45155,36.99318],[127.45185,36.99297],[127.45233,36.99259],[127.45279,36.99212],[127.45297,36.99169],[127.45349,36.99134],[127.45495,36.99049],[127.45518,36.99046],[127.4564,36.99031],[127.45939,36.98978],[127.46082,36.98943],[127.46099,36.9894],[127.46123,36.98936],[127.46149,36.98933],[127.46235,36.98926],[127.4629,36.98922],[127.46331,36.9892],[127.46788,36.98918],[127.46821,36.9892],[127.46839,36.98925],[127.47179,36.99046],[127.47196,36.99056],[127.47211,36.99069],[127.4758,36.99053],[127.48282,36.98988],[127.48477,36.98951],[127.48546,36.989],[127.48635,36.98827],[127.4864,36.98822],[127.48643,36.98817],[127.48645,36.98812],[127.48654,36.9879],[127.48655,36.98785],[127.48658,36.98774],[127.48673,36.98695],[127.48696,36.98496],[127.487,36.98422],[127.48699,36.98418],[127.48695,36.98412],[127.48676,36.98383],[127.48667,36.98373],[127.48663,36.98367],[127.48662,36.98362],[127.48667,36.98354],[127.48675,36.98345],[127.48795,36.98209],[127.49177,36.97886],[127.49254,36.97843],[127.49258,36.97842],[127.4934,36.97824],[127.49361,36.97824],[127.4966,36.97838],[127.4987,36.97931],[127.49975,36.97989],[127.50051,36.98059],[127.50258,36.98065],[127.50347,36.98024],[127.50368,36.98015],[127.50497,36.97742],[127.50752,36.97507],[127.50759,36.97501],[127.50775,36.97492],[127.50882,36.97437],[127.51103,36.97355],[127.51397,36.9728],[127.51408,36.97277],[127.51418,36.97276],[127.51433,36.97276],[127.51443,36.97277],[127.51709,36.97319],[127.51721,36.97321],[127.51742,36.97327],[127.51766,36.97336],[127.51779,36.97343],[127.52045,36.97506],[127.52194,36.97599],[127.522,36.97606],[127.52208,36.97617],[127.52216,36.97632],[127.5222,36.97644],[127.5222,36.97653],[127.5222,36.97674],[127.52218,36.97689],[127.52254,36.97735],[127.52286,36.9777],[127.52316,36.97797],[127.52329,36.97805],[127.52395,36.97839]]]]}},{"type":"Feature","properties":{"adm_cd":"33570350","adm_nm":"충청북도 음성군 삼성면"},"geometry":{"type":"MultiPolygon","coordinates":[[[[127.5357,37.05357],[127.53502,37.05261],[127.53499,37.05248],[127.53494,37.05225],[127.53489,37.05185],[127.53477,37.0507],[127.53477,37.05066],[127.5348,37.05059],[127.53486,37.05049],[127.53488,37.05047],[127.53491,37.05043],[127.53495,37.0504],[127.53497,37.05037],[127.53504,37.05033],[127.53549,37.05005],[127.53591,37.0498],[127.53598,37.04975],[127.53621,37.0496],[127.53626,37.04956],[127.53629,37.04953],[127.53632,37.04949],[127.53634,37.04946],[127.53718,37.04811],[127.5372,37.04807],[127.53721,37.04803],[127.53722,37.04796],[127.53722,37.04759],[127.53721,37.04751],[127.53716,37.04726],[127.53714,37.04719],[127.53708,37.04704],[127.53687,37.04664],[127.53683,37.04651],[127.53682,37.04642],[127.53682,37.04636],[127.53682,37.04632],[127.53685,37.04614],[127.53696,37.04551],[127.53704,37.04515],[127.53709,37.04501],[127.53712,37.04495],[127.53829,37.0425],[127.53927,37.04049],[127.54009,37.03917],[127.54012,37.03911],[127.54015,37.03903],[127.54016,37.03895],[127.5403,37.03766],[127.5403,37.03759],[127.5403,37.03745],[127.53955,37.03031],[127.53954,37.03026],[127.53953,37.03023],[127.53917,37.02932],[127.53914,37.02925],[127.53558,37.02286],[127.53276,37.01985],[127.5325,37.01965],[127.53244,37.01961],[127.53145,37.01869],[127.53008,37.01671],[127.53006,37.01668],[127.53005,37.01664],[127.53003,37.01654],[127.53002,37.01649],[127.53003,37.01635],[127.53003,37.01628],[127.53006,37.0162],[127.53024,37.01567],[127.53026,37.01562],[127.53026,37.01558],[127.53022,37.01533],[127.53011,37.01481],[127.53009,37.01476],[127.53004,37.01465],[127.53,37.01459],[127.52996,37.01453],[127.52994,37.01451],[127.52705,37.01332],[127.52565,37.01344],[127.52545,37.01388],[127.52492,37.01465],[127.52469,37.01491],[127.52462,37.01498],[127.52456,37.01503],[127.52453,37.01506],[127.52449,37.01508],[127.52441,37.01514],[127.52426,37.01523],[127.52423,37.01524],[127.52418,37.01527],[127.52412,37.01529],[127.52398,37.01535],[127.52392,37.01536],[127.52387,37.01537],[127.52355,37.01539],[127.52335,37.0154],[127.52327,37.01539],[127.5232,37.01538],[127.52307,37.01536],[127.52202,37.01507],[127.52196,37.01505],[127.52189,37.01503],[127.52183,37.01501],[127.5218,37.01498],[127.51939,37.01356],[127.51936,37.01355],[127.51932,37.01351],[127.51929,37.01346],[127.51926,37.01342],[127.51902,37.01284],[127.51901,37.01279],[127.519,37.01272],[127.51901,37.01266],[127.51902,37.01261],[127.51907,37.01247],[127.51932,37.01176],[127.51956,37.01104],[127.51957,37.011],[127.51958,37.01094],[127.51958,37.01082],[127.51951,37.00817],[127.51949,37.00792],[127.51947,37.00758],[127.51925,37.00412],[127.51924,37.00402],[127.51923,37.00396],[127.51916,37.0037],[127.51913,37.00361],[127.51904,37.00337],[127.51901,37.00332],[127.51898,37.00328],[127.51821,37.00208],[127.51638,37.00074],[127.51621,37.00064],[127.51607,37.00059],[127.51579,37.00056],[127.51543,37.00053],[127.51517,37.00054],[127.51479,37.00062],[127.51464,37.00064],[127.51455,37.00062],[127.51448,37.00061],[127.51411,37.0004],[127.51386,37.00016],[127.51379,37.00009],[127.51378,37.00004],[127.51384,36.99767],[127.51552,36.99631],[127.51657,36.99285],[127.51664,36.99258],[127.51664,36.99251],[127.51664,36.99242],[127.51651,36.98994],[127.51518,36.98867],[127.51924,36.98488],[127.52044,36.98193],[127.52137,36.97968],[127.52144,36.97962],[127.5215,36.97957],[127.52166,36.97948],[127.52186,36.97936],[127.52314,36.9787],[127.52337,36.97859],[127.52381,36.97842],[127.52388,36.97841],[127.52395,36.97839],[127.52329,36.97805],[127.52316,36.97797],[127.52286,36.9777],[127.52254,36.97735],[127.52218,36.97689],[127.5222,36.97674],[127.5222,36.97653],[127.5222,36.97644],[127.52216,36.97632],[127.52208,36.97617],[127.522,36.97606],[127.52194,36.97599],[127.52045,36.97506],[127.51779,36.97343],[127.51766,36.97336],[127.51742,36.97327],[127.51721,36.97321],[127.51709,36.97319],[127.51443,36.97277],[127.51433,36.97276],[127.51418,36.97276],[127.51408,36.97277],[127.51397,36.9728],[127.51103,36.97355],[127.50882,36.97437],[127.50775,36.97492],[127.50759,36.97501],[127.50752,36.97507],[127.50497,36.97742],[127.50368,36.98015],[127.50347,36.98024],[127.50258,36.98065],[127.50051,36.98059],[127.49975,36.97989],[127.4987,36.97931],[127.4966,36.97838],[127.49361,36.97824],[127.4934,36.97824],[127.49258,36.97842],[127.49254,36.97843],[127.49177,36.97886],[127.48795,36.98209],[127.48675,36.98345],[127.48667,36.98354],[127.48662,36.98362],[127.48663,36.98367],[127.48667,36.98373],[127.48676,36.98383],[127.48695,36.98412],[127.48699,36.98418],[127.487,36.98422],[127.48696,36.98496],[127.48673,36.98695],[127.48658,36.98774],[127.48655,36.98785],[127.48654,36.9879],[127.48645,36.98812],[127.48643,36.98817],[127.4864,36.98822],[127.48635,36.98827],[127.48546,36.989],[127.48477,36.98951],[127.48282,36.98988],[127.4758,36.99053],[127.47211,36.99069],[127.47196,36.99056],[127.47179,36.99046],[127.46839,36.98925],[127.46821,36.9892],[127.46788,36.98918],[127.46331,36.9892],[127.4629,36.98922],[127.46235,36.98926],[127.46149,36.98933],[127.46123,36.98936],[127.46099,36.9894],[127.46082,36.98943],[127.45939,36.98978],[127.4564,36.99031],[127.45518,36.99046],[127.45495,36.99049],[127.45349,36.99134],[127.45297,36.99169],[127.45279,36.99212],[127.45233,36.99259],[127.45185,36.99297],[127.45155,36.99318],[127.4515,36.99321],[127.45147,36.99324],[127.45098,36.99355],[127.45081,36.99363],[127.45032,36.99384],[127.45018,36.99389],[127.44998,36.99417],[127.44797,36.99784],[127.4478,36.99847],[127.44777,36.9986],[127.44745,37.00057],[127.44743,37.00069],[127.44746,37.00081],[127.44899,37.00435],[127.44856,37.00559],[127.44828,37.00749],[127.4483,37.0077],[127.44852,37.00849],[127.44868,37.00879],[127.44896,37.00972],[127.44892,37.00985],[127.44879,37.00995],[127.44845,37.01018],[127.44806,37.0104],[127.44786,37.01049],[127.4467,37.01103],[127.44764,37.01258],[127.44832,37.01628],[127.44833,37.01645],[127.44837,37.01653],[127.44934,37.01791],[127.44952,37.01814],[127.44959,37.01821],[127.45095,37.01926],[127.45418,37.02137],[127.45424,37.02141],[127.45428,37.02143],[127.45439,37.02145],[127.4546,37.02145],[127.45477,37.02142],[127.4551,37.02131],[127.4559,37.02093],[127.45682,37.02056],[127.45764,37.02046],[127.45787,37.02047],[127.45797,37.02053],[127.45801,37.02058],[127.45857,37.02187],[127.45885,37.02256],[127.45941,37.02537],[127.4594,37.02608],[127.4593,37.02719],[127.45814,37.03],[127.4581,37.03006],[127.45804,37.03012],[127.458,37.03015],[127.45788,37.0302],[127.45784,37.03021],[127.45806,37.03297],[127.45841,37.03342],[127.45973,37.03545],[127.45974,37.03547],[127.45976,37.03554],[127.45975,37.03648],[127.4595,37.03845],[127.45943,37.03875],[127.45934,37.03897],[127.45905,37.03932],[127.45825,37.03991],[127.45801,37.04007],[127.45798,37.04009],[127.45729,37.04044],[127.45724,37.04053],[127.45721,37.04059],[127.45716,37.04203],[127.45719,37.04223],[127.45772,37.0436],[127.46034,37.04623],[127.46058,37.04645],[127.46127,37.04706],[127.46288,37.04798],[127.46311,37.0481],[127.4636,37.04834],[127.46448,37.04873],[127.46498,37.0489],[127.46566,37.0491],[127.46589,37.04916],[127.46613,37.04927],[127.46673,37.04959],[127.4683,37.05055],[127.46843,37.05065],[127.46846,37.05069],[127.46851,37.05083],[127.46857,37.05111],[127.4686,37.05137],[127.46859,37.05148],[127.46859,37.05159],[127.46853,37.05177],[127.46804,37.053],[127.47137,37.05254],[127.47546,37.0529],[127.48179,37.05332],[127.48465,37.05315],[127.48922,37.05241],[127.48928,37.05241],[127.48939,37.05242],[127.4897,37.05249],[127.48996,37.05282],[127.48994,37.05274],[127.48988,37.05246],[127.49036,37.05166],[127.49049,37.05149],[127.49072,37.0513],[127.49609,37.04872],[127.49636,37.0486],[127.49689,37.04838],[127.49914,37.0478],[127.49921,37.04778],[127.49929,37.04777],[127.49936,37.04778],[127.5045,37.04795],[127.50465,37.04796],[127.50469,37.04796],[127.50476,37.04798],[127.50502,37.04806],[127.50716,37.04878],[127.50897,37.04944],[127.50901,37.04946],[127.50905,37.04948],[127.5091,37.04952],[127.50912,37.04954],[127.50917,37.04958],[127.5092,37.04962],[127.50977,37.05074],[127.51009,37.05162],[127.50995,37.05207],[127.50998,37.05254],[127.51,37.05258],[127.51148,37.05527],[127.51151,37.0553],[127.51154,37.05533],[127.51242,37.05614],[127.51252,37.05622],[127.51649,37.05802],[127.51821,37.0584],[127.51826,37.0584],[127.51838,37.05806],[127.51835,37.05799],[127.51837,37.05791],[127.51841,37.05778],[127.51858,37.05756],[127.51872,37.05747],[127.5198,37.05677],[127.5211,37.05616],[127.52138,37.05603],[127.52207,37.05575],[127.5222,37.05569],[127.52226,37.05567],[127.52236,37.05564],[127.5227,37.05555],[127.52313,37.05544],[127.52336,37.0554],[127.52363,37.05537],[127.52367,37.05536],[127.52386,37.05534],[127.5279,37.05515],[127.52801,37.05515],[127.5283,37.05519],[127.5291,37.0554],[127.52993,37.05562],[127.53036,37.05574],[127.53055,37.05578],[127.5307,37.05581],[127.5308,37.0558],[127.53188,37.05567],[127.53199,37.05564],[127.53404,37.05473],[127.53482,37.05425],[127.5352,37.05402],[127.5357,37.05357]]]]}},{"type":"Feature","properties":{"adm_cd":"33570360","adm_nm":"충청북도 음성군 생극면"},"geometry":{"type":"MultiPolygon","coordinates":[[[[127.60425,37.06859],[127.60468,37.06859],[127.60509,37.06855],[127.60536,37.06852],[127.60566,37.06844],[127.60591,37.06832],[127.60612,37.06817],[127.60637,37.06797],[127.60659,37.06776],[127.60705,37.06736],[127.60717,37.06726],[127.60741,37.06711],[127.60763,37.06697],[127.60781,37.06687],[127.6082,37.06671],[127.60843,37.06664],[127.60859,37.0666],[127.6089,37.06654],[127.60948,37.06649],[127.60989,37.06648],[127.61012,37.06648],[127.61095,37.0665],[127.6114,37.06656],[127.61181,37.06661],[127.61628,37.06588],[127.61635,37.06572],[127.61697,37.06492],[127.617,37.06488],[127.61798,37.06403],[127.61802,37.06401],[127.61811,37.064],[127.61999,37.06393],[127.62002,37.06393],[127.6201,37.06399],[127.62296,37.06603],[127.62301,37.06606],[127.62304,37.0661],[127.62317,37.06626],[127.62362,37.06741],[127.62368,37.06758],[127.62368,37.06761],[127.62368,37.06768],[127.62367,37.06776],[127.62429,37.06987],[127.62661,37.07223],[127.62684,37.07244],[127.62701,37.07256],[127.62725,37.07269],[127.62733,37.07273],[127.62748,37.07278],[127.62755,37.0728],[127.62761,37.07281],[127.62782,37.07282],[127.62794,37.07281],[127.62801,37.07279],[127.62818,37.07271],[127.62829,37.07262],[127.62832,37.07258],[127.62838,37.07245],[127.62838,37.0724],[127.62838,37.07231],[127.62818,37.07038],[127.62814,37.07011],[127.62795,37.06923],[127.62779,37.06864],[127.62773,37.06853],[127.6277,37.06845],[127.62767,37.06833],[127.62761,37.06806],[127.62757,37.06783],[127.62755,37.06769],[127.62756,37.06754],[127.62774,37.06394],[127.62777,37.06367],[127.62782,37.06346],[127.62786,37.06331],[127.62794,37.06318],[127.62851,37.06229],[127.63217,37.0574],[127.63227,37.05729],[127.63234,37.05723],[127.63238,37.0572],[127.63255,37.05708],[127.63419,37.05587],[127.63429,37.0558],[127.63439,37.05577],[127.63443,37.05576],[127.63448,37.05575],[127.6346,37.05575],[127.63543,37.05575],[127.63562,37.05578],[127.6357,37.05581],[127.63575,37.05583],[127.63579,37.05585],[127.63591,37.05596],[127.63647,37.05633],[127.63748,37.05691],[127.6376,37.05697],[127.63768,37.057],[127.63785,37.05705],[127.63794,37.05707],[127.63805,37.05708],[127.63814,37.05708],[127.63826,37.05708],[127.63848,37.05705],[127.63898,37.05695],[127.63907,37.05694],[127.63924,37.05689],[127.63955,37.05675],[127.63963,37.05671],[127.63967,37.05668],[127.63971,37.05664],[127.63976,37.0566],[127.6398,37.05656],[127.64077,37.0557],[127.64237,37.05471],[127.64324,37.05429],[127.64331,37.05427],[127.64339,37.05427],[127.64349,37.05428],[127.64467,37.05418],[127.64761,37.05341],[127.64768,37.05339],[127.64781,37.05334],[127.64927,37.05276],[127.64934,37.05273],[127.65432,37.05016],[127.65442,37.0501],[127.65447,37.05007],[127.65461,37.04995],[127.65529,37.0491],[127.65533,37.04905],[127.6554,37.0489],[127.65543,37.04883],[127.65548,37.04871],[127.65552,37.04855],[127.65564,37.04821],[127.65573,37.048],[127.65578,37.04792],[127.65603,37.04754],[127.65623,37.04725],[127.6571,37.0464],[127.65991,37.04372],[127.66011,37.04353],[127.66026,37.04343],[127.66042,37.04334],[127.66052,37.04329],[127.66288,37.0423],[127.66296,37.04227],[127.66304,37.04225],[127.6632,37.04223],[127.66381,37.04216],[127.664,37.04214],[127.66409,37.04213],[127.66419,37.04213],[127.66429,37.04214],[127.66445,37.04217],[127.66488,37.04228],[127.66496,37.04231],[127.66551,37.04248],[127.6664,37.04258],[127.66656,37.04259],[127.66663,37.04259],[127.66671,37.04259],[127.6682,37.04245],[127.66838,37.04242],[127.66844,37.04241],[127.66848,37.0424],[127.66855,37.04237],[127.6686,37.04233],[127.67136,37.04028],[127.67148,37.03998],[127.67164,37.03482],[127.67134,37.03472],[127.66657,37.03311],[127.66381,37.03069],[127.66408,37.02443],[127.66424,37.02316],[127.66417,37.02312],[127.66272,37.02236],[127.6614,37.02166],[127.65786,37.01865],[127.65755,37.01834],[127.65622,37.01595],[127.65696,37.01257],[127.65741,37.01084],[127.66082,37.007],[127.66238,37.00545],[127.66528,37.004],[127.66543,37.0031],[127.66383,37.00301],[127.6635,37.00306],[127.66054,37.00349],[127.65982,37.00347],[127.65924,37.00341],[127.65873,37.00326],[127.65859,37.0032],[127.6582,37.00303],[127.65794,37.00285],[127.65762,37.00264],[127.65554,37.00092],[127.65353,36.99758],[127.65368,36.9964],[127.65468,36.9944],[127.65347,36.99244],[127.65317,36.99206],[127.65291,36.99173],[127.6529,36.99114],[127.65294,36.98915],[127.65363,36.98648],[127.65216,36.98507],[127.65101,36.98377],[127.64901,36.98502],[127.64854,36.98601],[127.64726,36.98694],[127.64414,36.98875],[127.64329,36.98974],[127.64218,36.99264],[127.64139,36.99629],[127.64108,36.99851],[127.64155,36.99928],[127.64053,37.00468],[127.63895,37.00546],[127.63758,37.00565],[127.6363,37.00583],[127.63517,37.00637],[127.63005,37.00945],[127.63006,37.01065],[127.62769,37.01172],[127.62548,37.01265],[127.62131,37.00979],[127.61891,37.00775],[127.61831,37.00706],[127.61801,37.00709],[127.61739,37.00714],[127.6157,37.00955],[127.6139,37.01041],[127.60866,37.01048],[127.60674,37.01029],[127.60509,37.01008],[127.6039,37.01001],[127.60113,37.01043],[127.59841,37.01087],[127.59839,37.01036],[127.59838,37.00979],[127.59836,37.00975],[127.59783,37.00877],[127.59709,37.00896],[127.59554,37.01032],[127.59739,37.01348],[127.59747,37.01398],[127.59707,37.01445],[127.59378,37.01449],[127.59016,37.01454],[127.58961,37.01369],[127.58922,37.01278],[127.58895,37.01269],[127.58728,37.01309],[127.58429,37.01319],[127.58315,37.01278],[127.58247,37.01263],[127.58148,37.01242],[127.58045,37.01306],[127.57987,37.01365],[127.58015,37.0142],[127.57969,37.01488],[127.57668,37.01502],[127.57587,37.01471],[127.57457,37.01353],[127.57348,37.01323],[127.56873,37.01362],[127.5676,37.01401],[127.56294,37.01653],[127.56122,37.01843],[127.56021,37.01984],[127.5604,37.02121],[127.5609,37.02239],[127.56091,37.02264],[127.55981,37.02556],[127.5592,37.0263],[127.55738,37.02662],[127.55652,37.02673],[127.55603,37.02627],[127.55442,37.02587],[127.55375,37.02654],[127.55226,37.02812],[127.55163,37.02881],[127.55172,37.0296],[127.55318,37.03099],[127.554,37.03176],[127.55625,37.03283],[127.55791,37.03361],[127.55959,37.03397],[127.5596,37.03402],[127.56012,37.03589],[127.5605,37.0374],[127.5618,37.04001],[127.56347,37.04157],[127.56315,37.04288],[127.56288,37.04367],[127.56241,37.04461],[127.56279,37.04477],[127.56301,37.04487],[127.56495,37.04587],[127.56813,37.0477],[127.56846,37.04911],[127.56711,37.05252],[127.56763,37.0538],[127.56792,37.05554],[127.56747,37.05643],[127.56625,37.05778],[127.56567,37.0584],[127.56513,37.05882],[127.56504,37.05889],[127.56501,37.05894],[127.56498,37.05902],[127.56495,37.05907],[127.56494,37.05916],[127.56495,37.05923],[127.56496,37.05929],[127.5651,37.06016],[127.56513,37.06027],[127.56519,37.06044],[127.56597,37.06216],[127.56648,37.06314],[127.56784,37.06418],[127.56982,37.06588],[127.56986,37.06592],[127.56994,37.06601],[127.5736,37.06987],[127.57501,37.07198],[127.5755,37.07303],[127.57551,37.07307],[127.57552,37.07315],[127.57555,37.0732],[127.57558,37.07327],[127.57563,37.07336],[127.57566,37.0734],[127.57572,37.0735],[127.57581,37.07361],[127.57592,37.07373],[127.57599,37.0738],[127.57622,37.07395],[127.5763,37.07399],[127.5778,37.07468],[127.57839,37.07493],[127.57938,37.07534],[127.57945,37.07536],[127.5795,37.07536],[127.57964,37.07536],[127.58039,37.07529],[127.58407,37.07489],[127.58768,37.0738],[127.58857,37.07294],[127.58862,37.0729],[127.58865,37.07289],[127.58868,37.07287],[127.589,37.07274],[127.58907,37.07274],[127.58914,37.07273],[127.58919,37.07274],[127.59218,37.07314],[127.59238,37.07319],[127.59265,37.07326],[127.59295,37.07334],[127.59414,37.07367],[127.59503,37.07395],[127.59509,37.07396],[127.59519,37.07398],[127.59534,37.07399],[127.59555,37.07398],[127.59564,37.07397],[127.59573,37.07396],[127.59589,37.07394],[127.59601,37.07391],[127.59616,37.07386],[127.59785,37.07309],[127.60211,37.07063],[127.60263,37.06947],[127.60299,37.06861],[127.60303,37.0686],[127.60401,37.06848],[127.60405,37.06848],[127.60411,37.06849],[127.60415,37.0685],[127.6042,37.06853],[127.60422,37.06855],[127.60425,37.06859]]]]}},{"type":"Feature","properties":{"adm_cd":"33570370","adm_nm":"충청북도 음성군 감곡면"},"geometry":{"type":"MultiPolygon","coordinates":[[[[127.69543,37.14045],[127.6956,37.14024],[127.69587,37.13995],[127.69612,37.13975],[127.69688,37.13922],[127.69874,37.13828],[127.70513,37.13686],[127.70544,37.13686],[127.70553,37.13691],[127.70568,37.13698],[127.706,37.13705],[127.7061,37.13705],[127.70717,37.13657],[127.70876,37.13583],[127.70931,37.13514],[127.71025,37.13374],[127.71032,37.13357],[127.71066,37.13241],[127.71069,37.13223],[127.71063,37.13203],[127.71048,37.13185],[127.71035,37.13169],[127.71,37.13133],[127.70993,37.13124],[127.7099,37.13121],[127.70987,37.13105],[127.70993,37.13077],[127.71051,37.12959],[127.71065,37.12932],[127.71168,37.12768],[127.71176,37.12758],[127.71432,37.12549],[127.71441,37.12543],[127.71452,37.12539],[127.71475,37.12537],[127.71542,37.12538],[127.71608,37.12538],[127.71642,37.12532],[127.71711,37.1252],[127.71745,37.12512],[127.71763,37.12505],[127.71783,37.12495],[127.7179,37.12489],[127.71798,37.12484],[127.72024,37.12305],[127.7207,37.12263],[127.72194,37.12111],[127.722,37.12103],[127.72207,37.12089],[127.72209,37.12085],[127.72275,37.11583],[127.72272,37.11474],[127.72271,37.11469],[127.72101,37.11121],[127.72095,37.11114],[127.72078,37.11097],[127.7206,37.11087],[127.72026,37.11082],[127.71787,37.11043],[127.71486,37.10992],[127.71406,37.10949],[127.71269,37.10853],[127.71265,37.10848],[127.71251,37.10797],[127.71247,37.10775],[127.71248,37.10752],[127.71251,37.10734],[127.71255,37.10722],[127.71266,37.10707],[127.7127,37.10699],[127.71272,37.10688],[127.71272,37.10684],[127.71263,37.10668],[127.71252,37.10654],[127.71104,37.10596],[127.71056,37.10586],[127.70881,37.10555],[127.70821,37.10557],[127.70806,37.10558],[127.70791,37.10559],[127.70779,37.1056],[127.70767,37.1056],[127.70758,37.1056],[127.70733,37.10557],[127.70714,37.10552],[127.70695,37.10548],[127.70611,37.10527],[127.70576,37.10515],[127.70537,37.10498],[127.70199,37.10313],[127.70077,37.10184],[127.69921,37.09964],[127.69837,37.09802],[127.6984,37.09798],[127.69999,37.09558],[127.70001,37.09554],[127.70002,37.09542],[127.6999,37.09439],[127.69939,37.09212],[127.69894,37.09137],[127.69493,37.08667],[127.69405,37.08592],[127.69377,37.08568],[127.69363,37.08554],[127.69344,37.08531],[127.69336,37.08518],[127.69331,37.08509],[127.69311,37.08473],[127.69302,37.08457],[127.693,37.08453],[127.69252,37.08308],[127.69245,37.08286],[127.69241,37.08262],[127.69239,37.08229],[127.69232,37.08139],[127.69231,37.08136],[127.69227,37.08134],[127.69201,37.08131],[127.68953,37.08102],[127.68926,37.08101],[127.68889,37.08099],[127.68861,37.08098],[127.68837,37.08097],[127.68785,37.08097],[127.68771,37.08096],[127.68759,37.08096],[127.68752,37.08095],[127.68743,37.08094],[127.68726,37.08092],[127.68717,37.0809],[127.68706,37.08087],[127.68689,37.08083],[127.68668,37.08077],[127.68654,37.08071],[127.68649,37.08069],[127.68386,37.07846],[127.68383,37.07843],[127.68381,37.07839],[127.68379,37.07832],[127.68319,37.07646],[127.68316,37.07632],[127.68314,37.07623],[127.68314,37.07612],[127.68316,37.07598],[127.68318,37.07593],[127.6832,37.07587],[127.68326,37.07573],[127.68331,37.07566],[127.68337,37.07557],[127.68341,37.07551],[127.68346,37.07545],[127.68356,37.07537],[127.6837,37.07527],[127.6838,37.07521],[127.68387,37.07517],[127.68395,37.07513],[127.68424,37.07502],[127.68446,37.07495],[127.68458,37.07488],[127.68473,37.0748],[127.68497,37.07465],[127.6851,37.07455],[127.68521,37.07447],[127.68667,37.07326],[127.68671,37.07323],[127.68673,37.07319],[127.68676,37.07314],[127.68678,37.07308],[127.68681,37.07303],[127.68737,37.07147],[127.68899,37.06572],[127.69028,37.05953],[127.69067,37.05745],[127.69067,37.05735],[127.69064,37.05709],[127.69057,37.05673],[127.69053,37.05656],[127.69048,37.05642],[127.69043,37.0563],[127.69039,37.05624],[127.69037,37.0562],[127.69017,37.05597],[127.68985,37.05563],[127.68956,37.05533],[127.68928,37.05497],[127.6892,37.05484],[127.68918,37.05476],[127.68916,37.05466],[127.68916,37.05461],[127.68917,37.05455],[127.68893,37.05137],[127.68648,37.04801],[127.68597,37.04739],[127.68591,37.04733],[127.68583,37.04724],[127.6858,37.04721],[127.68577,37.04719],[127.68564,37.04709],[127.68119,37.04487],[127.68082,37.04471],[127.68062,37.04464],[127.68046,37.0446],[127.68025,37.04454],[127.6799,37.04446],[127.6797,37.04444],[127.67961,37.04444],[127.67953,37.04444],[127.67948,37.04444],[127.67943,37.04444],[127.67939,37.04445],[127.6793,37.04448],[127.67895,37.04463],[127.67878,37.04472],[127.67861,37.0448],[127.67849,37.04484],[127.67845,37.04485],[127.67842,37.04485],[127.67831,37.04486],[127.67819,37.04486],[127.67697,37.04475],[127.67673,37.04473],[127.67645,37.0447],[127.67638,37.04468],[127.67633,37.04467],[127.67627,37.04463],[127.67603,37.04445],[127.67515,37.04369],[127.67506,37.0436],[127.67494,37.04347],[127.67472,37.04314],[127.67458,37.04294],[127.67442,37.04273],[127.67419,37.04245],[127.67377,37.04195],[127.6736,37.04178],[127.67349,37.04166],[127.67212,37.0403],[127.67198,37.04024],[127.67188,37.04023],[127.6718,37.04022],[127.67159,37.04021],[127.67136,37.04028],[127.6686,37.04233],[127.66855,37.04237],[127.66848,37.0424],[127.66844,37.04241],[127.66838,37.04242],[127.6682,37.04245],[127.66671,37.04259],[127.66663,37.04259],[127.66656,37.04259],[127.6664,37.04258],[127.66551,37.04248],[127.66496,37.04231],[127.66488,37.04228],[127.66445,37.04217],[127.66429,37.04214],[127.66419,37.04213],[127.66409,37.04213],[127.664,37.04214],[127.66381,37.04216],[127.6632,37.04223],[127.66304,37.04225],[127.66296,37.04227],[127.66288,37.0423],[127.66052,37.04329],[127.66042,37.04334],[127.66026,37.04343],[127.66011,37.04353],[127.65991,37.04372],[127.6571,37.0464],[127.65623,37.04725],[127.65603,37.04754],[127.65578,37.04792],[127.65573,37.048],[127.65564,37.04821],[127.65552,37.04855],[127.65548,37.04871],[127.65543,37.04883],[127.6554,37.0489],[127.65533,37.04905],[127.65529,37.0491],[127.65461,37.04995],[127.65447,37.05007],[127.65442,37.0501],[127.65432,37.05016],[127.64934,37.05273],[127.64927,37.05276],[127.64781,37.05334],[127.64768,37.05339],[127.64761,37.05341],[127.64467,37.05418],[127.64349,37.05428],[127.64339,37.05427],[127.64331,37.05427],[127.64324,37.05429],[127.64237,37.05471],[127.64077,37.0557],[127.6398,37.05656],[127.63976,37.0566],[127.63971,37.05664],[127.63967,37.05668],[127.63963,37.05671],[127.63955,37.05675],[127.63924,37.05689],[127.63907,37.05694],[127.63898,37.05695],[127.63848,37.05705],[127.63826,37.05708],[127.63814,37.05708],[127.63805,37.05708],[127.63794,37.05707],[127.63785,37.05705],[127.63768,37.057],[127.6376,37.05697],[127.63748,37.05691],[127.63647,37.05633],[127.63591,37.05596],[127.63579,37.05585],[127.63575,37.05583],[127.6357,37.05581],[127.63562,37.05578],[127.63543,37.05575],[127.6346,37.05575],[127.63448,37.05575],[127.63443,37.05576],[127.63439,37.05577],[127.63429,37.0558],[127.63419,37.05587],[127.63255,37.05708],[127.63238,37.0572],[127.63234,37.05723],[127.63227,37.05729],[127.63217,37.0574],[127.62851,37.06229],[127.62794,37.06318],[127.62786,37.06331],[127.62782,37.06346],[127.62777,37.06367],[127.62774,37.06394],[127.62756,37.06754],[127.62755,37.06769],[127.62757,37.06783],[127.62761,37.06806],[127.62767,37.06833],[127.6277,37.06845],[127.62773,37.06853],[127.62779,37.06864],[127.62795,37.06923],[127.62814,37.07011],[127.62818,37.07038],[127.62838,37.07231],[127.62838,37.0724],[127.62838,37.07245],[127.62832,37.07258],[127.62829,37.07262],[127.62818,37.07271],[127.62801,37.07279],[127.62794,37.07281],[127.62782,37.07282],[127.62761,37.07281],[127.62755,37.0728],[127.62748,37.07278],[127.62733,37.07273],[127.62725,37.07269],[127.62701,37.07256],[127.62684,37.07244],[127.62661,37.07223],[127.62429,37.06987],[127.62367,37.06776],[127.62368,37.06768],[127.62368,37.06761],[127.62368,37.06758],[127.62362,37.06741],[127.62317,37.06626],[127.62304,37.0661],[127.62301,37.06606],[127.62296,37.06603],[127.6201,37.06399],[127.62002,37.06393],[127.61999,37.06393],[127.61811,37.064],[127.61802,37.06401],[127.61798,37.06403],[127.617,37.06488],[127.61697,37.06492],[127.61635,37.06572],[127.61628,37.06588],[127.61181,37.06661],[127.6114,37.06656],[127.61095,37.0665],[127.61012,37.06648],[127.60989,37.06648],[127.60948,37.06649],[127.6089,37.06654],[127.60859,37.0666],[127.60843,37.06664],[127.6082,37.06671],[127.60781,37.06687],[127.60763,37.06697],[127.60741,37.06711],[127.60717,37.06726],[127.60705,37.06736],[127.60659,37.06776],[127.60637,37.06797],[127.60612,37.06817],[127.60591,37.06832],[127.60566,37.06844],[127.60536,37.06852],[127.60509,37.06855],[127.60468,37.06859],[127.60425,37.06859],[127.60445,37.0689],[127.60455,37.06907],[127.60458,37.06912],[127.6047,37.06933],[127.60474,37.06939],[127.60487,37.06964],[127.60491,37.06972],[127.60499,37.06991],[127.60501,37.06998],[127.60505,37.07017],[127.60506,37.07023],[127.60507,37.07031],[127.60516,37.07321],[127.60516,37.07328],[127.60514,37.0734],[127.60513,37.07359],[127.6045,37.07747],[127.60448,37.07752],[127.60444,37.07761],[127.60441,37.07768],[127.60432,37.0778],[127.60374,37.0784],[127.60306,37.07906],[127.60145,37.08023],[127.60114,37.08045],[127.60099,37.08064],[127.60017,37.08185],[127.59979,37.08281],[127.59977,37.08306],[127.59974,37.08337],[127.59977,37.08352],[127.59982,37.08384],[127.59993,37.08414],[127.60007,37.08443],[127.60057,37.08518],[127.60071,37.08534],[127.60089,37.08553],[127.60108,37.08566],[127.60128,37.08574],[127.60339,37.08601],[127.6037,37.08605],[127.60428,37.08609],[127.60514,37.08613],[127.60566,37.08614],[127.60791,37.08605],[127.60827,37.08605],[127.60869,37.08605],[127.60897,37.08605],[127.60944,37.08606],[127.60974,37.08609],[127.60989,37.0861],[127.61025,37.08618],[127.61243,37.08699],[127.61344,37.08742],[127.61452,37.08789],[127.61656,37.08888],[127.61672,37.08898],[127.61704,37.08919],[127.61713,37.08924],[127.61723,37.08931],[127.61754,37.08952],[127.6181,37.08989],[127.62026,37.09127],[127.6221,37.09243],[127.62223,37.09251],[127.62285,37.09287],[127.62368,37.09326],[127.62443,37.09362],[127.62486,37.09382],[127.62573,37.09416],[127.62578,37.09418],[127.62682,37.09453],[127.6272,37.09464],[127.62745,37.09472],[127.63111,37.09629],[127.6315,37.09652],[127.63195,37.09684],[127.63247,37.09733],[127.6325,37.09736],[127.63283,37.09775],[127.63286,37.09778],[127.63334,37.09839],[127.63448,37.10105],[127.6345,37.10111],[127.63455,37.10123],[127.63478,37.10194],[127.63483,37.10209],[127.63485,37.1022],[127.63494,37.10259],[127.63498,37.10285],[127.63501,37.10364],[127.63468,37.10521],[127.63449,37.10579],[127.63443,37.10598],[127.63462,37.11193],[127.63492,37.11411],[127.63509,37.11604],[127.63507,37.11715],[127.63494,37.1183],[127.63493,37.11833],[127.63484,37.11877],[127.63475,37.11919],[127.63445,37.12019],[127.63405,37.12154],[127.63415,37.12373],[127.63493,37.12771],[127.6366,37.1357],[127.63676,37.13639],[127.63752,37.13968],[127.63776,37.14049],[127.63778,37.14057],[127.6378,37.14063],[127.63782,37.14078],[127.63783,37.14093],[127.63783,37.14103],[127.63782,37.14118],[127.63779,37.14133],[127.6377,37.14158],[127.63759,37.14182],[127.63757,37.14185],[127.63755,37.14187],[127.63709,37.14231],[127.63698,37.1424],[127.63679,37.14252],[127.63664,37.1426],[127.63636,37.14276],[127.63597,37.14297],[127.63568,37.14315],[127.63488,37.14368],[127.6332,37.14516],[127.63315,37.14523],[127.63312,37.14526],[127.63028,37.14938],[127.63022,37.14948],[127.63018,37.14954],[127.62894,37.1531],[127.62882,37.15354],[127.62879,37.15364],[127.62877,37.15373],[127.62876,37.1538],[127.63263,37.15251],[127.63356,37.1531],[127.6336,37.15312],[127.63364,37.15314],[127.63368,37.15315],[127.63372,37.15316],[127.63377,37.15317],[127.63381,37.15317],[127.63669,37.15315],[127.63826,37.15311],[127.63833,37.15311],[127.63839,37.15311],[127.63846,37.1531],[127.63853,37.1531],[127.63857,37.15309],[127.63861,37.15309],[127.63866,37.15308],[127.6387,37.15308],[127.63873,37.15307],[127.63876,37.15307],[127.6388,37.15306],[127.63883,37.15305],[127.63898,37.15302],[127.63902,37.15301],[127.63906,37.153],[127.6391,37.15299],[127.63914,37.15298],[127.63918,37.15297],[127.63922,37.15296],[127.63927,37.15294],[127.63931,37.15292],[127.63934,37.15291],[127.63937,37.15289],[127.63939,37.15286],[127.63942,37.15283],[127.64181,37.15138],[127.64419,37.15126],[127.64647,37.15106],[127.64655,37.15105],[127.64662,37.15104],[127.6467,37.15103],[127.64679,37.15101],[127.64689,37.15099],[127.64697,37.15097],[127.64707,37.15094],[127.64713,37.15093],[127.64717,37.15091],[127.64728,37.15088],[127.64739,37.15084],[127.6475,37.1508],[127.64761,37.15075],[127.64772,37.1507],[127.64782,37.15064],[127.64791,37.15058],[127.65365,37.14679],[127.65386,37.14664],[127.65406,37.1465],[127.65425,37.14637],[127.65442,37.14623],[127.65455,37.14613],[127.65458,37.14611],[127.65473,37.14599],[127.65486,37.14588],[127.65496,37.14579],[127.65506,37.1457],[127.65514,37.14562],[127.65553,37.14523],[127.65556,37.14519],[127.6556,37.14515],[127.65563,37.1451],[127.65567,37.14505],[127.65752,37.14201],[127.65989,37.14014],[127.65991,37.14008],[127.65994,37.14002],[127.65997,37.13997],[127.65999,37.13994],[127.66,37.13991],[127.66003,37.13987],[127.66007,37.13983],[127.6601,37.1398],[127.66014,37.13977],[127.66019,37.13974],[127.66024,37.13971],[127.66028,37.13969],[127.66031,37.13968],[127.66039,37.13964],[127.66045,37.13962],[127.66048,37.1396],[127.66059,37.13956],[127.66071,37.13951],[127.66085,37.13945],[127.66092,37.13942],[127.66099,37.1394],[127.66113,37.13934],[127.66127,37.13929],[127.66142,37.13924],[127.66155,37.13919],[127.66168,37.13916],[127.6618,37.13913],[127.66192,37.1391],[127.66204,37.13908],[127.66215,37.13907],[127.66226,37.13906],[127.66232,37.13906],[127.66238,37.13905],[127.6625,37.13906],[127.66255,37.13906],[127.66262,37.13906],[127.66275,37.13907],[127.66288,37.13908],[127.66301,37.13909],[127.66315,37.13911],[127.66329,37.13913],[127.66343,37.13914],[127.66357,37.13916],[127.66371,37.13918],[127.66376,37.13919],[127.66385,37.1392],[127.66399,37.13921],[127.66413,37.13923],[127.66427,37.13924],[127.6644,37.13926],[127.66453,37.13927],[127.66461,37.13928],[127.66465,37.13928],[127.66477,37.13929],[127.66483,37.1393],[127.66488,37.1393],[127.66499,37.13931],[127.66509,37.13932],[127.66519,37.13932],[127.66528,37.13932],[127.66537,37.13932],[127.66544,37.13931],[127.66552,37.1393],[127.66558,37.13929],[127.66561,37.13929],[127.66565,37.13928],[127.66571,37.13926],[127.66576,37.13924],[127.66582,37.13922],[127.66587,37.1392],[127.66592,37.13917],[127.66597,37.13915],[127.66602,37.13912],[127.66607,37.13909],[127.66612,37.13906],[127.66617,37.13902],[127.66622,37.13898],[127.66627,37.13895],[127.66633,37.1389],[127.66639,37.13884],[127.66646,37.13879],[127.66652,37.13873],[127.66659,37.13867],[127.66665,37.13861],[127.66672,37.13854],[127.66676,37.1385],[127.66679,37.13847],[127.66685,37.1384],[127.66691,37.13834],[127.66697,37.13827],[127.66703,37.1382],[127.66708,37.13812],[127.66714,37.13804],[127.6672,37.13795],[127.66727,37.13786],[127.66734,37.13776],[127.66741,37.13764],[127.66749,37.13753],[127.66756,37.1374],[127.66764,37.13728],[127.66772,37.13717],[127.66775,37.13712],[127.6678,37.13706],[127.66784,37.137],[127.66787,37.13696],[127.66793,37.13687],[127.66799,37.1368],[127.66805,37.13675],[127.66807,37.13673],[127.6681,37.1367],[127.66816,37.13667],[127.66822,37.13665],[127.66829,37.13663],[127.66839,37.1366],[127.66849,37.13658],[127.66863,37.13656],[127.66878,37.13653],[127.66893,37.13651],[127.6691,37.13648],[127.66924,37.13646],[127.66927,37.13646],[127.66944,37.13643],[127.66961,37.13641],[127.66968,37.1364],[127.66976,37.13638],[127.6699,37.13637],[127.67004,37.13635],[127.67016,37.13634],[127.67027,37.13632],[127.67036,37.13632],[127.67044,37.13631],[127.67052,37.13631],[127.67057,37.1363],[127.67063,37.1363],[127.67067,37.13631],[127.67508,37.13655],[127.67513,37.13656],[127.67596,37.13669],[127.67599,37.1367],[127.67603,37.13671],[127.67607,37.13672],[127.67612,37.13674],[127.67616,37.13676],[127.67973,37.13654],[127.68226,37.13616],[127.68627,37.13506],[127.68631,37.13505],[127.68637,37.13504],[127.68642,37.13503],[127.68647,37.13502],[127.68654,37.13502],[127.68658,37.13502],[127.68664,37.13503],[127.68669,37.13503],[127.68674,37.13503],[127.68677,37.13503],[127.6868,37.13504],[127.68743,37.1351],[127.68749,37.13511],[127.68755,37.13512],[127.68761,37.13514],[127.68767,37.13516],[127.68771,37.13518],[127.68774,37.1352],[127.68777,37.13522],[127.68781,37.13524],[127.68784,37.13526],[127.68787,37.13528],[127.68791,37.13531],[127.68912,37.13627],[127.69013,37.13707],[127.69014,37.13709],[127.69018,37.13713],[127.69021,37.13716],[127.69024,37.13719],[127.69027,37.1372],[127.6903,37.13722],[127.69034,37.13723],[127.69037,37.13724],[127.69093,37.1374],[127.69097,37.13741],[127.691,37.13742],[127.69116,37.13745],[127.69122,37.13746],[127.69126,37.13746],[127.69131,37.13747],[127.69136,37.13747],[127.6914,37.13747],[127.69147,37.13747],[127.69152,37.13747],[127.69158,37.13747],[127.69164,37.13748],[127.6917,37.13749],[127.69173,37.1375],[127.69177,37.13751],[127.6918,37.13752],[127.69184,37.13753],[127.6919,37.13755],[127.69195,37.13757],[127.69199,37.13759],[127.69202,37.1376],[127.69205,37.13763],[127.6921,37.13766],[127.69259,37.13804],[127.6952,37.14015],[127.69523,37.14018],[127.69526,37.14021],[127.6953,37.14024],[127.69533,37.14027],[127.69536,37.14031],[127.69538,37.14034],[127.6954,37.14037],[127.69542,37.14041],[127.69543,37.14045]]]]}},{"type":"Feature","properties":{"adm_cd":"33580110","adm_nm":"충청북도 단양군 단양읍"},"geometry":{"type":"MultiPolygon","coordinates":[[[[128.47713,36.95754],[128.47665,36.95744],[128.47656,36.95741],[128.47645,36.95737],[128.47633,36.9573],[128.47617,36.9572],[128.46779,36.95181],[128.46371,36.94792],[128.46333,36.94755],[128.46324,36.94745],[128.46323,36.94734],[128.46322,36.94722],[128.46322,36.94719],[128.46326,36.94685],[128.46336,36.94648],[128.4634,36.94636],[128.46281,36.94209],[128.4602,36.93401],[128.4574,36.9338],[128.45704,36.93385],[128.45072,36.93105],[128.44606,36.92855],[128.44599,36.9285],[128.44587,36.92841],[128.44578,36.92835],[128.4457,36.92832],[128.44544,36.92825],[128.44536,36.92823],[128.44519,36.92821],[128.4428,36.92797],[128.44273,36.92796],[128.44187,36.9279],[128.44093,36.9288],[128.44071,36.92901],[128.44067,36.92904],[128.44062,36.92907],[128.44036,36.92916],[128.44031,36.92917],[128.43365,36.92983],[128.4296,36.93013],[128.42954,36.93013],[128.42947,36.9301],[128.42921,36.93],[128.42877,36.92978],[128.42643,36.92846],[128.42627,36.92835],[128.42606,36.9282],[128.42594,36.92809],[128.42587,36.928],[128.42583,36.92792],[128.42582,36.92787],[128.42575,36.92756],[128.42518,36.92687],[128.42451,36.92612],[128.42302,36.92504],[128.4226,36.92481],[128.42254,36.92478],[128.42148,36.92462],[128.41808,36.92414],[128.41795,36.92413],[128.41782,36.92413],[128.41712,36.92415],[128.41468,36.92433],[128.41463,36.92434],[128.41457,36.92435],[128.40515,36.92645],[128.39854,36.92848],[128.3963,36.92815],[128.39605,36.92798],[128.396,36.92795],[128.39594,36.92792],[128.39588,36.9279],[128.39583,36.92789],[128.39572,36.92787],[128.39323,36.92774],[128.39291,36.92775],[128.39157,36.92781],[128.39067,36.92786],[128.3886,36.92801],[128.38854,36.92801],[128.38847,36.92802],[128.38841,36.92803],[128.38836,36.92804],[128.38833,36.92805],[128.38829,36.92806],[128.38268,36.93005],[128.38094,36.93017],[128.38077,36.93018],[128.38054,36.93021],[128.3801,36.93026],[128.37696,36.93113],[128.3745,36.93196],[128.37438,36.93199],[128.37429,36.932],[128.37414,36.93201],[128.36947,36.93216],[128.36277,36.93097],[128.36143,36.9307],[128.36025,36.9304],[128.35932,36.93011],[128.35929,36.9301],[128.35889,36.93001],[128.35884,36.93],[128.35865,36.92998],[128.35587,36.92977],[128.35582,36.92977],[128.35575,36.92977],[128.35571,36.92977],[128.35567,36.92977],[128.35474,36.92986],[128.35281,36.93007],[128.35222,36.93014],[128.35214,36.93015],[128.35161,36.93026],[128.35151,36.93028],[128.34944,36.93123],[128.3481,36.93338],[128.348,36.93354],[128.34746,36.93399],[128.34733,36.93409],[128.34723,36.93416],[128.3471,36.9342],[128.347,36.93423],[128.34669,36.93427],[128.34645,36.93428],[128.3462,36.93429],[128.34592,36.93434],[128.34562,36.9344],[128.34538,36.93452],[128.34517,36.93464],[128.34482,36.9349],[128.34455,36.93519],[128.34445,36.93535],[128.34435,36.9355],[128.34426,36.93588],[128.34424,36.93614],[128.34439,36.93758],[128.34433,36.93783],[128.34426,36.93793],[128.34396,36.93802],[128.34353,36.93804],[128.34327,36.93804],[128.34302,36.93804],[128.34159,36.93783],[128.34092,36.93773],[128.34005,36.93758],[128.33852,36.93721],[128.33809,36.93716],[128.33781,36.93715],[128.33758,36.93719],[128.3375,36.93722],[128.33734,36.93728],[128.33725,36.93735],[128.33709,36.93751],[128.33694,36.93777],[128.33655,36.93885],[128.33644,36.93916],[128.33636,36.93928],[128.33616,36.93939],[128.33607,36.93939],[128.33589,36.93939],[128.33039,36.93838],[128.32815,36.93732],[128.32759,36.93986],[128.32729,36.94209],[128.32712,36.94252],[128.32695,36.94261],[128.32678,36.9427],[128.3259,36.94279],[128.32554,36.9429],[128.32531,36.94296],[128.32504,36.94318],[128.32481,36.94336],[128.32442,36.94399],[128.3241,36.94477],[128.3241,36.94524],[128.32434,36.94566],[128.32477,36.94591],[128.32493,36.94603],[128.32505,36.94612],[128.32517,36.94631],[128.32581,36.94813],[128.32584,36.94854],[128.32567,36.94897],[128.32516,36.9497],[128.32465,36.95021],[128.32451,36.95035],[128.32438,36.95048],[128.3243,36.95084],[128.32426,36.95164],[128.32534,36.95198],[128.32613,36.9523],[128.33092,36.9553],[128.33215,36.9561],[128.33324,36.9568],[128.33419,36.95755],[128.33423,36.95758],[128.33559,36.95878],[128.33563,36.95881],[128.3357,36.95888],[128.33572,36.9589],[128.33576,36.95895],[128.33579,36.95897],[128.3358,36.959],[128.33587,36.95909],[128.33741,36.96148],[128.33755,36.9619],[128.33775,36.96417],[128.33787,36.96882],[128.33794,36.96939],[128.33815,36.9706],[128.33851,36.97172],[128.33931,36.97399],[128.34024,36.97646],[128.34159,36.97941],[128.34161,36.97946],[128.34161,36.97949],[128.34158,36.97953],[128.34145,36.97962],[128.3406,36.98018],[128.34035,36.98032],[128.34031,36.98034],[128.34023,36.98037],[128.34013,36.9804],[128.34007,36.98042],[128.33999,36.98043],[128.33906,36.98062],[128.33789,36.98087],[128.33748,36.98103],[128.33593,36.98165],[128.33543,36.98187],[128.33538,36.98189],[128.3351,36.98202],[128.33493,36.98209],[128.33485,36.98213],[128.33474,36.9822],[128.33458,36.98229],[128.33392,36.98272],[128.33374,36.98284],[128.33366,36.98289],[128.33357,36.98296],[128.33342,36.98307],[128.33324,36.98322],[128.33309,36.98332],[128.33293,36.98342],[128.33278,36.98351],[128.33269,36.98355],[128.33262,36.98359],[128.33236,36.9837],[128.33159,36.98402],[128.33142,36.98409],[128.33089,36.98428],[128.33052,36.98441],[128.33043,36.98444],[128.33034,36.98447],[128.33025,36.98449],[128.33016,36.98451],[128.32855,36.98489],[128.32847,36.9849],[128.32838,36.98492],[128.32823,36.98496],[128.32815,36.98497],[128.3281,36.98497],[128.32773,36.98614],[128.32769,36.9863],[128.32767,36.98643],[128.32768,36.98654],[128.32782,36.9869],[128.32828,36.98762],[128.32971,36.98963],[128.32985,36.98978],[128.33,36.98993],[128.33013,36.99004],[128.33025,36.99014],[128.33093,36.99046],[128.33162,36.99099],[128.33194,36.99156],[128.3328,36.9933],[128.33388,36.99508],[128.33395,36.99513],[128.33409,36.99521],[128.33459,36.99544],[128.3351,36.99568],[128.33795,36.99699],[128.33912,36.99738],[128.34007,36.99769],[128.34201,36.99812],[128.34266,36.99832],[128.34276,36.99838],[128.34302,36.99853],[128.34309,36.99859],[128.34312,36.99862],[128.34334,36.99881],[128.34367,36.99926],[128.34422,37.00045],[128.34461,37.0013],[128.34481,37.00171],[128.34535,37.00283],[128.34632,37.00461],[128.34732,37.00577],[128.348,37.00635],[128.3505,37.00688],[128.35156,37.00713],[128.35211,37.00726],[128.35264,37.00739],[128.35376,37.00768],[128.35512,37.00768],[128.35664,37.00761],[128.35796,37.00742],[128.35804,37.00741],[128.35813,37.0074],[128.3583,37.00737],[128.35848,37.00734],[128.35883,37.00726],[128.35991,37.00702],[128.36008,37.00698],[128.36025,37.00693],[128.36042,37.00687],[128.36057,37.00681],[128.3609,37.00667],[128.36203,37.00616],[128.36292,37.00571],[128.37491,36.99851],[128.37499,36.99846],[128.37506,36.99841],[128.37516,36.99835],[128.37521,36.9983],[128.37527,36.99824],[128.37534,36.99816],[128.37542,36.99804],[128.37554,36.99783],[128.37558,36.99776],[128.37562,36.99765],[128.37563,36.99761],[128.3759,36.99564],[128.37679,36.99571],[128.3825,36.99494],[128.38255,36.99498],[128.38475,36.99617],[128.38483,36.99619],[128.38488,36.9962],[128.38493,36.99619],[128.38859,36.99526],[128.38939,36.99449],[128.38948,36.99426],[128.38955,36.99408],[128.38958,36.99397],[128.39026,36.99282],[128.39279,36.99225],[128.39758,36.99215],[128.39763,36.99215],[128.39956,36.9922],[128.40007,36.99223],[128.40023,36.99224],[128.4003,36.99225],[128.40038,36.99226],[128.40054,36.99231],[128.40244,36.99308],[128.4026,36.99315],[128.40275,36.99325],[128.40288,36.99338],[128.40297,36.99346],[128.40304,36.99353],[128.40312,36.99355],[128.40349,36.99362],[128.40355,36.99363],[128.40375,36.99365],[128.40381,36.99365],[128.40423,36.99364],[128.40587,36.9933],[128.40633,36.99316],[128.41148,36.99123],[128.41332,36.99038],[128.41892,36.98688],[128.42036,36.98343],[128.42038,36.98328],[128.42043,36.98316],[128.42183,36.98116],[128.42187,36.98113],[128.42191,36.98112],[128.4234,36.98097],[128.42414,36.98095],[128.42428,36.98096],[128.42439,36.98097],[128.42446,36.98098],[128.42508,36.98098],[128.42526,36.98099],[128.42542,36.98097],[128.42609,36.98077],[128.42614,36.98073],[128.42667,36.98012],[128.42819,36.97705],[128.4301,36.97424],[128.43085,36.97364],[128.43098,36.97355],[128.43111,36.97348],[128.43467,36.97184],[128.43485,36.97178],[128.43502,36.97174],[128.43523,36.97172],[128.43574,36.9717],[128.4359,36.97171],[128.43599,36.97173],[128.43605,36.97174],[128.43613,36.97177],[128.43621,36.97179],[128.43628,36.97181],[128.43636,36.97184],[128.43706,36.97163],[128.43824,36.97098],[128.4383,36.97095],[128.43877,36.9706],[128.43887,36.97053],[128.44008,36.96956],[128.4409,36.96873],[128.4416,36.96755],[128.44165,36.96746],[128.44173,36.96737],[128.4418,36.96731],[128.44393,36.96569],[128.44419,36.96552],[128.44434,36.96543],[128.44492,36.9651],[128.44497,36.96509],[128.44503,36.96508],[128.44806,36.96501],[128.45512,36.9634],[128.45626,36.96302],[128.45741,36.96261],[128.45748,36.96258],[128.45845,36.96208],[128.46813,36.9616],[128.47438,36.96058],[128.47467,36.96052],[128.47576,36.95996],[128.47584,36.95991],[128.47598,36.95982],[128.47603,36.95977],[128.47608,36.95972],[128.47627,36.95946],[128.47632,36.95936],[128.47713,36.95754]]]]}},{"type":"Feature","properties":{"adm_cd":"33580120","adm_nm":"충청북도 단양군 매포읍"},"geometry":{"type":"MultiPolygon","coordinates":[[[[128.29431,37.09789],[128.29486,37.09688],[128.29633,37.09493],[128.29872,37.09185],[128.3004,37.09011],[128.30056,37.09012],[128.30084,37.09012],[128.30134,37.09011],[128.30143,37.09009],[128.30148,37.09006],[128.308,37.08472],[128.30821,37.08452],[128.30838,37.08434],[128.30844,37.08427],[128.30848,37.08422],[128.31094,37.08103],[128.31099,37.08095],[128.31316,37.07819],[128.31559,37.07616],[128.31853,37.0734],[128.32088,37.06982],[128.3226,37.06719],[128.32316,37.06613],[128.32343,37.06514],[128.32346,37.06499],[128.32381,37.06186],[128.32382,37.06174],[128.32381,37.06164],[128.32378,37.06155],[128.32374,37.06148],[128.32368,37.0614],[128.32363,37.06133],[128.32358,37.06127],[128.32353,37.06122],[128.32346,37.06118],[128.32332,37.0611],[128.32327,37.06108],[128.32324,37.06107],[128.3232,37.06107],[128.32314,37.06107],[128.32309,37.06106],[128.32306,37.06106],[128.323,37.06103],[128.32226,37.06045],[128.32224,37.06043],[128.32222,37.06039],[128.32224,37.06035],[128.32235,37.06026],[128.32443,37.05879],[128.32448,37.05876],[128.32453,37.05875],[128.32509,37.05864],[128.3258,37.05853],[128.32638,37.05849],[128.33103,37.05684],[128.33106,37.05672],[128.33132,37.05599],[128.3314,37.05582],[128.33254,37.05379],[128.33261,37.0537],[128.3327,37.05358],[128.33786,37.04675],[128.33802,37.04659],[128.33867,37.04599],[128.33878,37.04592],[128.33887,37.04588],[128.33897,37.04584],[128.34084,37.04501],[128.34091,37.04499],[128.34113,37.04495],[128.34634,37.04196],[128.34629,37.04165],[128.34555,37.03984],[128.34451,37.03801],[128.34326,37.03686],[128.34325,37.0359],[128.34389,37.03222],[128.34402,37.03169],[128.34439,37.03046],[128.34442,37.03041],[128.34631,37.02783],[128.34748,37.02654],[128.34877,37.02509],[128.34891,37.02491],[128.34914,37.02461],[128.34923,37.02444],[128.34964,37.02287],[128.34966,37.02275],[128.34964,37.02269],[128.34961,37.02263],[128.3492,37.0219],[128.34913,37.02181],[128.34907,37.02175],[128.34888,37.02159],[128.34862,37.02136],[128.34848,37.02131],[128.34829,37.02125],[128.34625,37.01793],[128.34611,37.01766],[128.34602,37.01744],[128.34569,37.01621],[128.34566,37.01596],[128.34623,37.0155],[128.34778,37.01527],[128.34817,37.01533],[128.34906,37.01545],[128.34936,37.01541],[128.35036,37.01514],[128.35112,37.01464],[128.35182,37.01413],[128.35262,37.01332],[128.35278,37.01263],[128.35255,37.00946],[128.35137,37.00816],[128.35183,37.00797],[128.35218,37.00784],[128.35229,37.00781],[128.35237,37.0078],[128.35254,37.00777],[128.35376,37.00768],[128.35264,37.00739],[128.35211,37.00726],[128.35156,37.00713],[128.3505,37.00688],[128.348,37.00635],[128.34732,37.00577],[128.34632,37.00461],[128.34535,37.00283],[128.34481,37.00171],[128.34461,37.0013],[128.34422,37.00045],[128.34367,36.99926],[128.34334,36.99881],[128.34312,36.99862],[128.34309,36.99859],[128.34302,36.99853],[128.34276,36.99838],[128.34266,36.99832],[128.34201,36.99812],[128.34007,36.99769],[128.33912,36.99738],[128.33795,36.99699],[128.3351,36.99568],[128.33459,36.99544],[128.33409,36.99521],[128.33395,36.99513],[128.33388,36.99508],[128.3328,36.9933],[128.33194,36.99156],[128.33162,36.99099],[128.33093,36.99046],[128.33025,36.99014],[128.33013,36.99004],[128.33,36.98993],[128.32985,36.98978],[128.32971,36.98963],[128.32828,36.98762],[128.32782,36.9869],[128.32768,36.98654],[128.32767,36.98643],[128.32769,36.9863],[128.32773,36.98614],[128.3281,36.98497],[128.32645,36.98459],[128.32628,36.98455],[128.31899,36.98175],[128.31561,36.97967],[128.31544,36.97954],[128.31508,36.9793],[128.31504,36.97928],[128.31494,36.97923],[128.31488,36.97921],[128.31478,36.9792],[128.31225,36.97895],[128.3122,36.97895],[128.31212,36.97896],[128.31183,36.97901],[128.31167,36.97905],[128.311,36.97919],[128.31053,36.97929],[128.31021,36.97937],[128.30955,36.97953],[128.30889,36.9797],[128.30839,36.97985],[128.30835,36.97987],[128.30277,36.98323],[128.30263,36.98333],[128.30248,36.98345],[128.30245,36.9835],[128.30114,36.98572],[128.29978,36.98811],[128.29974,36.98819],[128.29929,36.98924],[128.29927,36.98928],[128.29911,36.99069],[128.29912,36.99073],[128.29916,36.99078],[128.2992,36.99082],[128.29925,36.99084],[128.29979,36.99095],[128.29997,36.99098],[128.30016,36.99102],[128.30027,36.99106],[128.30117,36.99238],[128.30172,36.99334],[128.30374,36.99779],[128.30375,36.99786],[128.30413,37.001],[128.30412,37.00116],[128.30394,37.00328],[128.30394,37.00331],[128.3036,37.00371],[128.3035,37.00383],[128.30166,37.00583],[128.29921,37.00936],[128.29841,37.0109],[128.29838,37.01102],[128.29838,37.01109],[128.29839,37.01115],[128.29843,37.01133],[128.29847,37.01144],[128.29862,37.01164],[128.29884,37.01187],[128.29895,37.01203],[128.299,37.01221],[128.29922,37.01356],[128.29921,37.01362],[128.29847,37.01488],[128.298,37.01557],[128.29769,37.01588],[128.29648,37.01718],[128.29449,37.01941],[128.29409,37.01987],[128.29378,37.02023],[128.29343,37.0207],[128.29329,37.0209],[128.29264,37.02198],[128.29273,37.02199],[128.2928,37.02199],[128.29306,37.02197],[128.29328,37.02197],[128.29338,37.02198],[128.29364,37.02206],[128.29379,37.02223],[128.29367,37.02349],[128.29139,37.02718],[128.29135,37.02721],[128.29129,37.02722],[128.29006,37.02736],[128.288,37.02737],[128.28745,37.02721],[128.28719,37.02713],[128.28693,37.02699],[128.28678,37.02687],[128.28636,37.02661],[128.28627,37.0266],[128.28589,37.02658],[128.28569,37.0266],[128.28529,37.02664],[128.2851,37.02666],[128.28475,37.02671],[128.28461,37.02674],[128.28189,37.02741],[128.28174,37.02746],[128.2817,37.02751],[128.28117,37.02812],[128.28105,37.0283],[128.28069,37.02883],[128.28065,37.02891],[128.28062,37.02897],[128.2806,37.02911],[128.28057,37.02927],[128.28056,37.02943],[128.28056,37.02961],[128.28057,37.02968],[128.28062,37.02978],[128.28066,37.02988],[128.2796,37.032],[128.27954,37.03212],[128.27949,37.03219],[128.27942,37.03228],[128.27934,37.03236],[128.27926,37.03243],[128.2785,37.03303],[128.27335,37.03639],[128.27158,37.03731],[128.27153,37.03733],[128.27146,37.03734],[128.27142,37.03734],[128.27134,37.03732],[128.27045,37.03693],[128.26996,37.03669],[128.26971,37.03652],[128.26956,37.03645],[128.26948,37.03642],[128.26941,37.03641],[128.26925,37.03641],[128.26625,37.0367],[128.26617,37.03672],[128.2661,37.03675],[128.26545,37.03714],[128.26066,37.04026],[128.26045,37.04044],[128.26023,37.04067],[128.26014,37.0408],[128.26011,37.04094],[128.25992,37.04198],[128.2598,37.04402],[128.25981,37.04412],[128.25983,37.04417],[128.25987,37.04422],[128.25993,37.04426],[128.25999,37.0443],[128.26171,37.04519],[128.26196,37.0452],[128.26211,37.04522],[128.26232,37.04526],[128.26246,37.0453],[128.26275,37.04541],[128.26288,37.04547],[128.26306,37.04557],[128.26323,37.04569],[128.26469,37.04699],[128.26473,37.04704],[128.26474,37.04709],[128.26472,37.04714],[128.26468,37.04717],[128.26464,37.04721],[128.26414,37.04756],[128.26328,37.04827],[128.26311,37.04845],[128.26306,37.04851],[128.26301,37.04869],[128.2629,37.04906],[128.26284,37.04934],[128.26279,37.04962],[128.26278,37.0499],[128.26278,37.05008],[128.26281,37.0502],[128.26287,37.0503],[128.26482,37.05188],[128.2649,37.05191],[128.26516,37.05196],[128.26646,37.05199],[128.26792,37.05189],[128.26799,37.05188],[128.26815,37.05192],[128.26825,37.05195],[128.26834,37.052],[128.27084,37.05345],[128.27091,37.0535],[128.27096,37.05355],[128.271,37.05363],[128.27103,37.05368],[128.27105,37.05375],[128.27105,37.05382],[128.27093,37.05721],[128.27092,37.05725],[128.27091,37.0573],[128.27078,37.05753],[128.27074,37.05759],[128.27057,37.05779],[128.27052,37.05785],[128.26839,37.06016],[128.26826,37.06027],[128.26759,37.06074],[128.26741,37.06083],[128.26732,37.06085],[128.26717,37.06087],[128.2668,37.0609],[128.26294,37.06232],[128.25863,37.065],[128.25851,37.065],[128.25834,37.065],[128.25757,37.06508],[128.25751,37.0651],[128.25513,37.06595],[128.25504,37.06599],[128.24999,37.06986],[128.24989,37.06994],[128.24977,37.07005],[128.24959,37.07022],[128.2491,37.07073],[128.24904,37.0708],[128.24896,37.07091],[128.24891,37.07101],[128.2489,37.07106],[128.24889,37.07114],[128.24889,37.07124],[128.24889,37.07127],[128.24901,37.07144],[128.24909,37.07153],[128.24926,37.07169],[128.24935,37.0718],[128.2494,37.07191],[128.24943,37.07198],[128.24956,37.07299],[128.24957,37.07315],[128.24962,37.07368],[128.24961,37.07378],[128.24945,37.07506],[128.25144,37.07813],[128.25235,37.07922],[128.25577,37.08238],[128.25588,37.08245],[128.2587,37.08398],[128.2588,37.08403],[128.25884,37.08404],[128.26021,37.08369],[128.26206,37.08338],[128.26217,37.08337],[128.26234,37.08337],[128.26242,37.08337],[128.26252,37.08339],[128.26262,37.08342],[128.26272,37.08347],[128.26756,37.08631],[128.26974,37.08802],[128.26945,37.0883],[128.2691,37.0885],[128.26897,37.0885],[128.26874,37.08849],[128.26833,37.08838],[128.26789,37.08814],[128.26676,37.0879],[128.2654,37.08786],[128.26506,37.08787],[128.26462,37.08793],[128.26447,37.08797],[128.26142,37.09221],[128.26141,37.09229],[128.26141,37.09237],[128.26142,37.09243],[128.26146,37.09253],[128.26155,37.09275],[128.26165,37.09301],[128.2617,37.09316],[128.26176,37.09337],[128.26176,37.09349],[128.26176,37.09363],[128.26174,37.09381],[128.26158,37.09455],[128.26153,37.09473],[128.26131,37.09563],[128.26106,37.09629],[128.26096,37.09655],[128.26083,37.09685],[128.26076,37.09702],[128.26068,37.09712],[128.2606,37.09719],[128.26048,37.09727],[128.26034,37.09734],[128.26011,37.09742],[128.25998,37.09748],[128.25982,37.09756],[128.25964,37.09768],[128.25952,37.09777],[128.2594,37.09788],[128.25933,37.09795],[128.25925,37.09805],[128.25914,37.09823],[128.2587,37.09955],[128.2586,37.0999],[128.25818,37.10154],[128.25814,37.1017],[128.25811,37.10189],[128.25811,37.10209],[128.25811,37.1022],[128.25814,37.1023],[128.25816,37.10233],[128.2582,37.1024],[128.25851,37.1027],[128.25944,37.10356],[128.2596,37.10368],[128.25971,37.10375],[128.26447,37.10937],[128.26716,37.11281],[128.26727,37.11309],[128.26736,37.11329],[128.26745,37.11343],[128.26755,37.11358],[128.26772,37.11375],[128.26787,37.11388],[128.26806,37.11402],[128.27335,37.1173],[128.27342,37.11732],[128.27348,37.11734],[128.27365,37.11734],[128.27378,37.11731],[128.27388,37.11728],[128.27723,37.11567],[128.27758,37.11566],[128.27764,37.11564],[128.27791,37.11546],[128.27801,37.11539],[128.27805,37.11534],[128.27814,37.11523],[128.27855,37.11468],[128.27878,37.11429],[128.27889,37.1141],[128.27893,37.11399],[128.27894,37.11395],[128.27891,37.11379],[128.27889,37.11367],[128.27886,37.11359],[128.27842,37.11267],[128.2782,37.11227],[128.2781,37.11201],[128.27808,37.11196],[128.27784,37.11086],[128.27784,37.11079],[128.27789,37.11073],[128.2782,37.11035],[128.27848,37.11011],[128.27862,37.11002],[128.27879,37.10996],[128.27906,37.10989],[128.27935,37.10982],[128.27945,37.10978],[128.2796,37.10971],[128.27972,37.10964],[128.27985,37.10955],[128.28231,37.10744],[128.28357,37.10633],[128.28551,37.10457],[128.28603,37.10399],[128.28992,37.10105],[128.29014,37.10099],[128.29055,37.10088],[128.29081,37.10081],[128.29097,37.10074],[128.29137,37.10051],[128.29189,37.10019],[128.29209,37.10006],[128.29222,37.09996],[128.29431,37.09789]]]]}},{"type":"Feature","properties":{"adm_cd":"33580310","adm_nm":"충청북도 단양군 단성면"},"geometry":{"type":"MultiPolygon","coordinates":[[[[128.34944,36.93123],[128.34836,36.93077],[128.34821,36.9307],[128.34811,36.93065],[128.348,36.93059],[128.34761,36.93038],[128.34754,36.93033],[128.34746,36.93026],[128.34725,36.93004],[128.34589,36.92858],[128.34499,36.92748],[128.34329,36.92538],[128.34286,36.92471],[128.3429,36.92461],[128.34396,36.92415],[128.34644,36.92291],[128.34659,36.92282],[128.34684,36.92266],[128.34688,36.9226],[128.34707,36.92225],[128.34712,36.92215],[128.34716,36.92206],[128.34719,36.92194],[128.3472,36.92181],[128.3472,36.92168],[128.34718,36.92152],[128.34706,36.92121],[128.34689,36.92094],[128.34679,36.9208],[128.34465,36.91794],[128.34457,36.91784],[128.34451,36.91779],[128.34441,36.91771],[128.34408,36.91747],[128.34399,36.91743],[128.34391,36.91738],[128.34381,36.91734],[128.34356,36.91726],[128.34302,36.9171],[128.3429,36.91708],[128.34279,36.91707],[128.34265,36.91706],[128.3425,36.91704],[128.34236,36.91703],[128.34232,36.91701],[128.33825,36.91474],[128.33759,36.91391],[128.33474,36.9101],[128.33463,36.90994],[128.33456,36.90978],[128.33451,36.90962],[128.3345,36.90947],[128.3345,36.90912],[128.3345,36.90895],[128.33452,36.90877],[128.33455,36.9086],[128.33362,36.90544],[128.33171,36.90339],[128.32708,36.89903],[128.32363,36.8966],[128.32227,36.89526],[128.32201,36.895],[128.32194,36.89487],[128.32193,36.89483],[128.32191,36.89478],[128.32192,36.89468],[128.32193,36.89463],[128.32362,36.89067],[128.32475,36.88816],[128.32691,36.88353],[128.32703,36.8834],[128.32711,36.8833],[128.32724,36.88306],[128.32728,36.88295],[128.32731,36.88282],[128.32736,36.88226],[128.32736,36.88185],[128.32735,36.88163],[128.32732,36.88141],[128.3273,36.88119],[128.32728,36.88104],[128.32724,36.88095],[128.32721,36.88089],[128.32663,36.88003],[128.32614,36.87944],[128.3258,36.87905],[128.32574,36.87897],[128.3257,36.8789],[128.32568,36.87885],[128.32567,36.8788],[128.32567,36.87873],[128.32603,36.87662],[128.3261,36.87632],[128.32611,36.87627],[128.32681,36.87469],[128.32689,36.87454],[128.32693,36.87447],[128.327,36.87438],[128.32715,36.87422],[128.32732,36.87405],[128.32742,36.87393],[128.32747,36.87386],[128.32778,36.87343],[128.32782,36.87337],[128.32789,36.87326],[128.32796,36.87313],[128.32798,36.87309],[128.32796,36.87251],[128.32796,36.87245],[128.32794,36.87235],[128.3275,36.87019],[128.32748,36.87014],[128.32716,36.8695],[128.32713,36.86944],[128.32705,36.86933],[128.327,36.86928],[128.32697,36.86926],[128.32689,36.8692],[128.3268,36.86915],[128.32647,36.86899],[128.32642,36.86897],[128.32636,36.86895],[128.323,36.86805],[128.32264,36.86802],[128.32257,36.86802],[128.32029,36.86809],[128.31885,36.86828],[128.3187,36.8683],[128.31866,36.86831],[128.31859,36.8683],[128.31851,36.86828],[128.31847,36.86827],[128.31835,36.86822],[128.3183,36.8682],[128.31821,36.86815],[128.3158,36.86648],[128.30907,36.86171],[128.30893,36.86159],[128.30849,36.86119],[128.30839,36.86109],[128.3083,36.86099],[128.30826,36.86095],[128.30824,36.8609],[128.3082,36.86083],[128.30818,36.86073],[128.30816,36.86067],[128.30793,36.85925],[128.30792,36.85914],[128.30792,36.85908],[128.30793,36.85904],[128.30863,36.85813],[128.30881,36.85791],[128.30883,36.85788],[128.30891,36.85782],[128.30901,36.85774],[128.30918,36.85763],[128.30923,36.85759],[128.30937,36.85752],[128.30975,36.85735],[128.31014,36.85717],[128.31035,36.85709],[128.31041,36.85706],[128.31054,36.85699],[128.31066,36.85692],[128.3111,36.85663],[128.31245,36.85573],[128.31278,36.85549],[128.31299,36.85531],[128.31321,36.85511],[128.31337,36.85494],[128.31612,36.85182],[128.31615,36.85179],[128.31801,36.84847],[128.31805,36.84836],[128.31821,36.8479],[128.3182,36.84784],[128.31818,36.84775],[128.31634,36.84238],[128.31625,36.8422],[128.31618,36.84213],[128.31616,36.84211],[128.30992,36.83921],[128.30887,36.83903],[128.30869,36.83899],[128.30832,36.83889],[128.30825,36.83886],[128.30819,36.83881],[128.30811,36.83873],[128.30748,36.83814],[128.30743,36.83808],[128.30736,36.83794],[128.30731,36.8378],[128.30728,36.83768],[128.30727,36.83763],[128.30728,36.83753],[128.30728,36.83746],[128.3077,36.8349],[128.30772,36.8348],[128.30775,36.83472],[128.30857,36.82874],[128.30827,36.82862],[128.30813,36.82858],[128.30804,36.82857],[128.30796,36.82856],[128.30556,36.82848],[128.3055,36.82849],[128.30545,36.8285],[128.30539,36.82853],[128.30531,36.82859],[128.30523,36.82864],[128.30517,36.8287],[128.30512,36.82876],[128.30508,36.82881],[128.30449,36.82986],[128.30447,36.82992],[128.30445,36.83004],[128.30441,36.83026],[128.3044,36.83036],[128.30436,36.8305],[128.30426,36.83079],[128.30423,36.83088],[128.30417,36.83096],[128.304,36.83119],[128.30388,36.83134],[128.30378,36.83144],[128.3037,36.8315],[128.30159,36.83265],[128.30152,36.83269],[128.30143,36.83273],[128.30136,36.83276],[128.30131,36.83278],[128.30067,36.83298],[128.30057,36.83301],[128.30043,36.83304],[128.30038,36.83305],[128.3003,36.83304],[128.30023,36.83304],[128.29874,36.83348],[128.29663,36.83444],[128.29653,36.8345],[128.29635,36.83465],[128.29546,36.8354],[128.2954,36.83546],[128.29497,36.83595],[128.29472,36.83624],[128.29462,36.83638],[128.29455,36.83651],[128.29446,36.8367],[128.29425,36.83718],[128.29412,36.83758],[128.29308,36.83925],[128.29001,36.84303],[128.28987,36.8432],[128.28976,36.84332],[128.28959,36.84347],[128.28944,36.8436],[128.28928,36.84371],[128.28909,36.84383],[128.28874,36.84404],[128.28852,36.84416],[128.28842,36.84419],[128.28829,36.84423],[128.28799,36.8443],[128.2878,36.84434],[128.28749,36.84441],[128.28732,36.84446],[128.28714,36.84454],[128.28705,36.84458],[128.28694,36.84463],[128.28686,36.84469],[128.28678,36.84476],[128.28671,36.84485],[128.28659,36.84507],[128.28649,36.84526],[128.28645,36.84533],[128.28601,36.84665],[128.28596,36.84692],[128.28594,36.84705],[128.28593,36.84731],[128.28591,36.84796],[128.28595,36.84887],[128.28554,36.85035],[128.28461,36.85295],[128.28456,36.85309],[128.28453,36.85315],[128.28293,36.85591],[128.28201,36.85663],[128.28186,36.85661],[128.2817,36.8566],[128.28151,36.8566],[128.28133,36.8566],[128.27899,36.85669],[128.27892,36.8567],[128.27878,36.85672],[128.27863,36.85674],[128.27747,36.85697],[128.2771,36.85705],[128.27692,36.85709],[128.27679,36.85713],[128.27645,36.85725],[128.27614,36.85736],[128.26898,36.86013],[128.26889,36.86017],[128.26876,36.86024],[128.26864,36.86031],[128.26858,36.86037],[128.26849,36.86045],[128.26844,36.86051],[128.26833,36.86068],[128.26828,36.86078],[128.2681,36.8612],[128.26806,36.8613],[128.26805,36.86137],[128.26803,36.86149],[128.26405,36.86423],[128.26193,36.86459],[128.25996,36.86497],[128.25992,36.86499],[128.25543,36.8662],[128.25195,36.86727],[128.24939,36.86873],[128.2493,36.86877],[128.24926,36.86879],[128.2492,36.8688],[128.24898,36.86885],[128.24823,36.86898],[128.24729,36.86887],[128.24634,36.86958],[128.24458,36.87033],[128.24276,36.87173],[128.24192,36.87279],[128.24174,36.87449],[128.2419,36.87679],[128.24248,36.87847],[128.24327,36.87937],[128.24442,36.88047],[128.24795,36.88312],[128.2497,36.88396],[128.25071,36.88437],[128.25088,36.8844],[128.25093,36.88442],[128.251,36.88444],[128.25139,36.88454],[128.25147,36.88458],[128.25151,36.88461],[128.25154,36.88466],[128.2515,36.88471],[128.24942,36.88687],[128.24907,36.88719],[128.24847,36.88772],[128.24826,36.88789],[128.24821,36.88792],[128.24815,36.88796],[128.24795,36.88807],[128.24754,36.88812],[128.24738,36.88805],[128.24727,36.888],[128.24694,36.88793],[128.24597,36.88809],[128.24577,36.88815],[128.24544,36.88843],[128.24507,36.88896],[128.24384,36.89105],[128.24355,36.89206],[128.24395,36.89489],[128.24468,36.89803],[128.24556,36.90135],[128.24626,36.90462],[128.24618,36.90506],[128.24617,36.9051],[128.24558,36.90614],[128.24196,36.91193],[128.24112,36.91256],[128.24017,36.91324],[128.24013,36.91327],[128.23959,36.9134],[128.23908,36.91352],[128.23794,36.9138],[128.23733,36.91403],[128.237,36.91437],[128.2368,36.91511],[128.23703,36.91907],[128.23695,36.92276],[128.23636,36.92652],[128.23587,36.93046],[128.23621,36.93192],[128.2368,36.93277],[128.23739,36.93353],[128.23919,36.93521],[128.24155,36.93706],[128.24168,36.9371],[128.24192,36.93717],[128.24232,36.93713],[128.24401,36.93664],[128.24444,36.93661],[128.24492,36.93671],[128.2453,36.93679],[128.24635,36.93721],[128.24684,36.9376],[128.24696,36.93782],[128.24705,36.93798],[128.24687,36.93862],[128.24628,36.93961],[128.24585,36.94022],[128.24552,36.94068],[128.24491,36.94149],[128.24478,36.94203],[128.24472,36.94231],[128.24481,36.94287],[128.24501,36.94336],[128.24537,36.94379],[128.24563,36.94405],[128.24593,36.9442],[128.24635,36.94425],[128.24725,36.94435],[128.24795,36.94424],[128.25107,36.94241],[128.25117,36.94228],[128.25126,36.94211],[128.25143,36.94177],[128.25156,36.94143],[128.25161,36.94122],[128.25163,36.94109],[128.25175,36.94005],[128.2517,36.93982],[128.25157,36.9395],[128.25129,36.93908],[128.25081,36.93843],[128.25049,36.93806],[128.25036,36.93774],[128.25032,36.93748],[128.25033,36.93734],[128.25045,36.9364],[128.25049,36.93626],[128.25057,36.93604],[128.25064,36.93589],[128.25073,36.93577],[128.25084,36.93563],[128.25148,36.93523],[128.25192,36.93502],[128.25229,36.9349],[128.25409,36.93447],[128.25581,36.93408],[128.25814,36.9337],[128.25988,36.93351],[128.26619,36.93292],[128.26701,36.93286],[128.26805,36.93289],[128.27007,36.93298],[128.27047,36.933],[128.27156,36.93305],[128.27723,36.93324],[128.27753,36.93322],[128.27816,36.93315],[128.27934,36.93298],[128.28043,36.93274],[128.2825,36.93214],[128.28351,36.93181],[128.28405,36.93149],[128.28471,36.9311],[128.28519,36.93072],[128.2854,36.93054],[128.28565,36.92999],[128.28572,36.92931],[128.28583,36.92784],[128.28553,36.92707],[128.28551,36.92698],[128.28549,36.92683],[128.28548,36.92669],[128.28548,36.92656],[128.28548,36.92646],[128.28552,36.92635],[128.28583,36.92594],[128.28602,36.92582],[128.28663,36.92561],[128.28908,36.92485],[128.2892,36.92483],[128.28948,36.92479],[128.28974,36.92479],[128.28996,36.92481],[128.29021,36.92487],[128.29036,36.92494],[128.29079,36.92518],[128.29143,36.92562],[128.2917,36.92584],[128.29315,36.92705],[128.29405,36.92784],[128.3001,36.93436],[128.30171,36.93706],[128.30197,36.93755],[128.30217,36.93788],[128.30313,36.9393],[128.30328,36.93951],[128.30347,36.93974],[128.30364,36.93992],[128.3039,36.94013],[128.30414,36.94032],[128.30527,36.94112],[128.30548,36.94125],[128.30565,36.94136],[128.30591,36.94149],[128.30628,36.94163],[128.30662,36.94175],[128.30684,36.94182],[128.30869,36.94234],[128.31005,36.94272],[128.31174,36.94318],[128.312,36.94329],[128.31233,36.94343],[128.31267,36.9436],[128.31302,36.94379],[128.31312,36.94384],[128.31416,36.94454],[128.31554,36.94573],[128.31779,36.94781],[128.31916,36.94892],[128.31975,36.94936],[128.32022,36.94969],[128.32108,36.95021],[128.32185,36.95062],[128.32282,36.95112],[128.32339,36.95135],[128.32426,36.95164],[128.3243,36.95084],[128.32438,36.95048],[128.32451,36.95035],[128.32465,36.95021],[128.32516,36.9497],[128.32567,36.94897],[128.32584,36.94854],[128.32581,36.94813],[128.32517,36.94631],[128.32505,36.94612],[128.32493,36.94603],[128.32477,36.94591],[128.32434,36.94566],[128.3241,36.94524],[128.3241,36.94477],[128.32442,36.94399],[128.32481,36.94336],[128.32504,36.94318],[128.32531,36.94296],[128.32554,36.9429],[128.3259,36.94279],[128.32678,36.9427],[128.32695,36.94261],[128.32712,36.94252],[128.32729,36.94209],[128.32759,36.93986],[128.32815,36.93732],[128.33039,36.93838],[128.33589,36.93939],[128.33607,36.93939],[128.33616,36.93939],[128.33636,36.93928],[128.33644,36.93916],[128.33655,36.93885],[128.33694,36.93777],[128.33709,36.93751],[128.33725,36.93735],[128.33734,36.93728],[128.3375,36.93722],[128.33758,36.93719],[128.33781,36.93715],[128.33809,36.93716],[128.33852,36.93721],[128.34005,36.93758],[128.34092,36.93773],[128.34159,36.93783],[128.34302,36.93804],[128.34327,36.93804],[128.34353,36.93804],[128.34396,36.93802],[128.34426,36.93793],[128.34433,36.93783],[128.34439,36.93758],[128.34424,36.93614],[128.34426,36.93588],[128.34435,36.9355],[128.34445,36.93535],[128.34455,36.93519],[128.34482,36.9349],[128.34517,36.93464],[128.34538,36.93452],[128.34562,36.9344],[128.34592,36.93434],[128.3462,36.93429],[128.34645,36.93428],[128.34669,36.93427],[128.347,36.93423],[128.3471,36.9342],[128.34723,36.93416],[128.34733,36.93409],[128.34746,36.93399],[128.348,36.93354],[128.3481,36.93338],[128.34944,36.93123]]]]}},{"type":"Feature","properties":{"adm_cd":"33580320","adm_nm":"충청북도 단양군 대강면"},"geometry":{"type":"MultiPolygon","coordinates":[[[[128.44187,36.9279],[128.44315,36.92425],[128.4435,36.92307],[128.44352,36.92298],[128.44356,36.92277],[128.44357,36.9227],[128.44357,36.92266],[128.44357,36.92261],[128.44338,36.92184],[128.44334,36.92176],[128.44323,36.9215],[128.44313,36.92125],[128.4431,36.9211],[128.44308,36.92102],[128.44307,36.9206],[128.44307,36.92053],[128.4431,36.92025],[128.44312,36.92015],[128.44315,36.9201],[128.44347,36.91963],[128.44417,36.91883],[128.44433,36.91866],[128.44444,36.91854],[128.44492,36.91809],[128.44506,36.918],[128.44522,36.91793],[128.44538,36.91784],[128.4454,36.91782],[128.4454,36.91775],[128.44486,36.91381],[128.44306,36.90953],[128.44175,36.90632],[128.44038,36.90202],[128.44038,36.90188],[128.44036,36.90179],[128.4403,36.90163],[128.44023,36.90152],[128.44011,36.90137],[128.43606,36.89699],[128.43086,36.89265],[128.42966,36.89222],[128.42937,36.89211],[128.42922,36.89203],[128.42795,36.8907],[128.42695,36.88931],[128.42692,36.88923],[128.42689,36.88912],[128.4269,36.8889],[128.42694,36.88878],[128.427,36.88864],[128.42721,36.88828],[128.42785,36.8865],[128.42805,36.88584],[128.428,36.88497],[128.42758,36.88252],[128.42747,36.88202],[128.42729,36.88145],[128.42726,36.88138],[128.42717,36.88116],[128.42712,36.88105],[128.42681,36.88088],[128.42663,36.88078],[128.42643,36.88068],[128.42618,36.88052],[128.42606,36.88041],[128.42595,36.8803],[128.42508,36.87939],[128.42501,36.87927],[128.42495,36.87916],[128.42491,36.879],[128.42468,36.87811],[128.42445,36.8771],[128.42441,36.87647],[128.4269,36.87556],[128.42727,36.87543],[128.42745,36.87536],[128.42823,36.8751],[128.42844,36.87503],[128.42854,36.87501],[128.4286,36.875],[128.42866,36.87502],[128.42878,36.87508],[128.42889,36.87517],[128.42898,36.87523],[128.42904,36.87526],[128.42909,36.87528],[128.42919,36.87531],[128.42944,36.87538],[128.42949,36.87539],[128.42954,36.8754],[128.43018,36.87549],[128.43024,36.8755],[128.43031,36.87551],[128.43041,36.87551],[128.4324,36.87537],[128.43248,36.87536],[128.43858,36.87331],[128.43864,36.87329],[128.43874,36.87324],[128.43885,36.87318],[128.4389,36.87314],[128.43893,36.87311],[128.43896,36.87307],[128.43902,36.87297],[128.43908,36.87285],[128.44293,36.8683],[128.44508,36.8669],[128.44798,36.86458],[128.44892,36.86339],[128.44851,36.86283],[128.44843,36.86271],[128.4483,36.86252],[128.44798,36.86198],[128.44793,36.86189],[128.44788,36.8618],[128.44785,36.86172],[128.44779,36.86156],[128.44776,36.86143],[128.44773,36.8613],[128.44714,36.85458],[128.44774,36.8524],[128.44792,36.8522],[128.44802,36.85207],[128.44833,36.85167],[128.44889,36.84971],[128.44911,36.84891],[128.44897,36.84807],[128.44896,36.84799],[128.44892,36.8479],[128.4489,36.84786],[128.44691,36.84375],[128.44684,36.84364],[128.44681,36.8436],[128.44677,36.84357],[128.44259,36.83941],[128.44167,36.83803],[128.44146,36.83773],[128.4414,36.83766],[128.44128,36.83755],[128.44116,36.83746],[128.44047,36.83701],[128.44033,36.83692],[128.44025,36.83688],[128.44005,36.83677],[128.43987,36.8367],[128.43869,36.83623],[128.43792,36.83597],[128.43786,36.83596],[128.43782,36.83595],[128.43775,36.83593],[128.43766,36.83589],[128.43664,36.83544],[128.43608,36.83515],[128.43501,36.8346],[128.43481,36.83448],[128.43472,36.83443],[128.43465,36.83438],[128.43459,36.83433],[128.43447,36.83421],[128.43437,36.83411],[128.43434,36.83408],[128.43432,36.83402],[128.43308,36.82912],[128.43307,36.82907],[128.43306,36.82896],[128.43307,36.82882],[128.43308,36.82877],[128.43311,36.82867],[128.43319,36.82851],[128.43328,36.82833],[128.43333,36.8282],[128.43337,36.82804],[128.43338,36.82796],[128.43338,36.82787],[128.43337,36.82763],[128.43334,36.82751],[128.43228,36.8252],[128.43219,36.82502],[128.43209,36.82485],[128.43175,36.82426],[128.43167,36.82413],[128.4305,36.82304],[128.42962,36.82244],[128.42858,36.82156],[128.42571,36.81896],[128.42569,36.81892],[128.42566,36.81886],[128.4255,36.81669],[128.42555,36.8162],[128.42554,36.81613],[128.42524,36.81528],[128.4252,36.81518],[128.42516,36.81512],[128.42065,36.81142],[128.41792,36.81176],[128.41307,36.81114],[128.41174,36.8112],[128.41163,36.81121],[128.40671,36.81176],[128.40633,36.8118],[128.40614,36.81182],[128.40538,36.81192],[128.40028,36.81272],[128.40019,36.81274],[128.40001,36.8128],[128.39982,36.81287],[128.39865,36.81341],[128.39824,36.81361],[128.39802,36.81372],[128.3973,36.81411],[128.39596,36.81468],[128.3958,36.81474],[128.39411,36.81538],[128.39406,36.81539],[128.39396,36.8154],[128.39388,36.81538],[128.39172,36.81481],[128.38517,36.81408],[128.38511,36.81408],[128.38505,36.81409],[128.38486,36.81417],[128.38466,36.81427],[128.38398,36.81447],[128.38209,36.81405],[128.3819,36.81401],[128.38182,36.81398],[128.38174,36.81388],[128.38121,36.81316],[128.37931,36.81114],[128.37913,36.81101],[128.37724,36.80991],[128.37611,36.80959],[128.37353,36.80759],[128.3735,36.80756],[128.37336,36.8072],[128.37331,36.80703],[128.37326,36.80686],[128.37322,36.80669],[128.37321,36.80657],[128.37164,36.80471],[128.36699,36.80051],[128.36694,36.80047],[128.36691,36.80046],[128.36687,36.80046],[128.36679,36.80049],[128.36659,36.80064],[128.36643,36.80075],[128.36634,36.80081],[128.36623,36.80088],[128.36617,36.8009],[128.36612,36.80092],[128.3649,36.80136],[128.36483,36.80137],[128.3647,36.80137],[128.36453,36.80137],[128.36447,36.80137],[128.36441,36.80137],[128.36434,36.80136],[128.3642,36.80132],[128.36404,36.80128],[128.36357,36.80113],[128.36351,36.80111],[128.36346,36.80108],[128.36333,36.80101],[128.36326,36.80096],[128.36319,36.80092],[128.36311,36.80086],[128.36295,36.8007],[128.36281,36.80057],[128.36278,36.80055],[128.36271,36.80051],[128.36264,36.80051],[128.36103,36.80137],[128.36042,36.8017],[128.35901,36.80249],[128.35639,36.8041],[128.35598,36.80581],[128.35598,36.80652],[128.35597,36.8067],[128.35595,36.80678],[128.35591,36.80689],[128.35472,36.80884],[128.35459,36.80901],[128.35442,36.80917],[128.35218,36.81054],[128.35164,36.81082],[128.35145,36.81088],[128.35128,36.81093],[128.35111,36.81095],[128.35076,36.811],[128.35059,36.81101],[128.34744,36.8117],[128.3444,36.81255],[128.33844,36.81484],[128.33662,36.81555],[128.33625,36.81573],[128.33607,36.81583],[128.33591,36.81596],[128.33566,36.81628],[128.33548,36.81653],[128.33538,36.81662],[128.33489,36.8168],[128.33472,36.81685],[128.33455,36.81691],[128.33435,36.81696],[128.33428,36.81698],[128.33423,36.81697],[128.32964,36.81623],[128.32348,36.81541],[128.32166,36.8154],[128.31663,36.81661],[128.31657,36.81664],[128.31645,36.81674],[128.31626,36.81698],[128.31601,36.81739],[128.31598,36.81755],[128.31562,36.81977],[128.31564,36.81987],[128.31566,36.81997],[128.31574,36.82008],[128.31586,36.82018],[128.31608,36.82038],[128.3162,36.82049],[128.31633,36.82072],[128.3164,36.82098],[128.31644,36.8211],[128.31643,36.82122],[128.31612,36.82255],[128.31608,36.82267],[128.31597,36.82283],[128.31579,36.82302],[128.31568,36.82311],[128.31327,36.82467],[128.31305,36.82477],[128.31099,36.82822],[128.31099,36.82828],[128.31097,36.82833],[128.31094,36.82838],[128.31084,36.82851],[128.31079,36.82854],[128.31074,36.82855],[128.30921,36.82892],[128.30912,36.82893],[128.30908,36.82893],[128.30898,36.82891],[128.30884,36.82887],[128.30878,36.82884],[128.30857,36.82874],[128.30775,36.83472],[128.30772,36.8348],[128.3077,36.8349],[128.30728,36.83746],[128.30728,36.83753],[128.30727,36.83763],[128.30728,36.83768],[128.30731,36.8378],[128.30736,36.83794],[128.30743,36.83808],[128.30748,36.83814],[128.30811,36.83873],[128.30819,36.83881],[128.30825,36.83886],[128.30832,36.83889],[128.30869,36.83899],[128.30887,36.83903],[128.30992,36.83921],[128.31616,36.84211],[128.31618,36.84213],[128.31625,36.8422],[128.31634,36.84238],[128.31818,36.84775],[128.3182,36.84784],[128.31821,36.8479],[128.31805,36.84836],[128.31801,36.84847],[128.31615,36.85179],[128.31612,36.85182],[128.31337,36.85494],[128.31321,36.85511],[128.31299,36.85531],[128.31278,36.85549],[128.31245,36.85573],[128.3111,36.85663],[128.31066,36.85692],[128.31054,36.85699],[128.31041,36.85706],[128.31035,36.85709],[128.31014,36.85717],[128.30975,36.85735],[128.30937,36.85752],[128.30923,36.85759],[128.30918,36.85763],[128.30901,36.85774],[128.30891,36.85782],[128.30883,36.85788],[128.30881,36.85791],[128.30863,36.85813],[128.30793,36.85904],[128.30792,36.85908],[128.30792,36.85914],[128.30793,36.85925],[128.30816,36.86067],[128.30818,36.86073],[128.3082,36.86083],[128.30824,36.8609],[128.30826,36.86095],[128.3083,36.86099],[128.30839,36.86109],[128.30849,36.86119],[128.30893,36.86159],[128.30907,36.86171],[128.3158,36.86648],[128.31821,36.86815],[128.3183,36.8682],[128.31835,36.86822],[128.31847,36.86827],[128.31851,36.86828],[128.31859,36.8683],[128.31866,36.86831],[128.3187,36.8683],[128.31885,36.86828],[128.32029,36.86809],[128.32257,36.86802],[128.32264,36.86802],[128.323,36.86805],[128.32636,36.86895],[128.32642,36.86897],[128.32647,36.86899],[128.3268,36.86915],[128.32689,36.8692],[128.32697,36.86926],[128.327,36.86928],[128.32705,36.86933],[128.32713,36.86944],[128.32716,36.8695],[128.32748,36.87014],[128.3275,36.87019],[128.32794,36.87235],[128.32796,36.87245],[128.32796,36.87251],[128.32798,36.87309],[128.32796,36.87313],[128.32789,36.87326],[128.32782,36.87337],[128.32778,36.87343],[128.32747,36.87386],[128.32742,36.87393],[128.32732,36.87405],[128.32715,36.87422],[128.327,36.87438],[128.32693,36.87447],[128.32689,36.87454],[128.32681,36.87469],[128.32611,36.87627],[128.3261,36.87632],[128.32603,36.87662],[128.32567,36.87873],[128.32567,36.8788],[128.32568,36.87885],[128.3257,36.8789],[128.32574,36.87897],[128.3258,36.87905],[128.32614,36.87944],[128.32663,36.88003],[128.32721,36.88089],[128.32724,36.88095],[128.32728,36.88104],[128.3273,36.88119],[128.32732,36.88141],[128.32735,36.88163],[128.32736,36.88185],[128.32736,36.88226],[128.32731,36.88282],[128.32728,36.88295],[128.32724,36.88306],[128.32711,36.8833],[128.32703,36.8834],[128.32691,36.88353],[128.32475,36.88816],[128.32362,36.89067],[128.32193,36.89463],[128.32192,36.89468],[128.32191,36.89478],[128.32193,36.89483],[128.32194,36.89487],[128.32201,36.895],[128.32227,36.89526],[128.32363,36.8966],[128.32708,36.89903],[128.33171,36.90339],[128.33362,36.90544],[128.33455,36.9086],[128.33452,36.90877],[128.3345,36.90895],[128.3345,36.90912],[128.3345,36.90947],[128.33451,36.90962],[128.33456,36.90978],[128.33463,36.90994],[128.33474,36.9101],[128.33759,36.91391],[128.33825,36.91474],[128.34232,36.91701],[128.34236,36.91703],[128.3425,36.91704],[128.34265,36.91706],[128.34279,36.91707],[128.3429,36.91708],[128.34302,36.9171],[128.34356,36.91726],[128.34381,36.91734],[128.34391,36.91738],[128.34399,36.91743],[128.34408,36.91747],[128.34441,36.91771],[128.34451,36.91779],[128.34457,36.91784],[128.34465,36.91794],[128.34679,36.9208],[128.34689,36.92094],[128.34706,36.92121],[128.34718,36.92152],[128.3472,36.92168],[128.3472,36.92181],[128.34719,36.92194],[128.34716,36.92206],[128.34712,36.92215],[128.34707,36.92225],[128.34688,36.9226],[128.34684,36.92266],[128.34659,36.92282],[128.34644,36.92291],[128.34396,36.92415],[128.3429,36.92461],[128.34286,36.92471],[128.34329,36.92538],[128.34499,36.92748],[128.34589,36.92858],[128.34725,36.93004],[128.34746,36.93026],[128.34754,36.93033],[128.34761,36.93038],[128.348,36.93059],[128.34811,36.93065],[128.34821,36.9307],[128.34836,36.93077],[128.34944,36.93123],[128.35151,36.93028],[128.35161,36.93026],[128.35214,36.93015],[128.35222,36.93014],[128.35281,36.93007],[128.35474,36.92986],[128.35567,36.92977],[128.35571,36.92977],[128.35575,36.92977],[128.35582,36.92977],[128.35587,36.92977],[128.35865,36.92998],[128.35884,36.93],[128.35889,36.93001],[128.35929,36.9301],[128.35932,36.93011],[128.36025,36.9304],[128.36143,36.9307],[128.36277,36.93097],[128.36947,36.93216],[128.37414,36.93201],[128.37429,36.932],[128.37438,36.93199],[128.3745,36.93196],[128.37696,36.93113],[128.3801,36.93026],[128.38054,36.93021],[128.38077,36.93018],[128.38094,36.93017],[128.38268,36.93005],[128.38829,36.92806],[128.38833,36.92805],[128.38836,36.92804],[128.38841,36.92803],[128.38847,36.92802],[128.38854,36.92801],[128.3886,36.92801],[128.39067,36.92786],[128.39157,36.92781],[128.39291,36.92775],[128.39323,36.92774],[128.39572,36.92787],[128.39583,36.92789],[128.39588,36.9279],[128.39594,36.92792],[128.396,36.92795],[128.39605,36.92798],[128.3963,36.92815],[128.39854,36.92848],[128.40515,36.92645],[128.41457,36.92435],[128.41463,36.92434],[128.41468,36.92433],[128.41712,36.92415],[128.41782,36.92413],[128.41795,36.92413],[128.41808,36.92414],[128.42148,36.92462],[128.42254,36.92478],[128.4226,36.92481],[128.42302,36.92504],[128.42451,36.92612],[128.42518,36.92687],[128.42575,36.92756],[128.42582,36.92787],[128.42583,36.92792],[128.42587,36.928],[128.42594,36.92809],[128.42606,36.9282],[128.42627,36.92835],[128.42643,36.92846],[128.42877,36.92978],[128.42921,36.93],[128.42947,36.9301],[128.42954,36.93013],[128.4296,36.93013],[128.43365,36.92983],[128.44031,36.92917],[128.44036,36.92916],[128.44062,36.92907],[128.44067,36.92904],[128.44071,36.92901],[128.44093,36.9288],[128.44187,36.9279]]]]}},{"type":"Feature","properties":{"adm_cd":"33580330","adm_nm":"충청북도 단양군 가곡면"},"geometry":{"type":"MultiPolygon","coordinates":[[[[128.51449,36.98681],[128.51462,36.98627],[128.51459,36.9849],[128.51439,36.98344],[128.51435,36.98339],[128.51406,36.98311],[128.51374,36.9827],[128.51367,36.98256],[128.51285,36.98077],[128.51279,36.98047],[128.51277,36.98031],[128.51275,36.97984],[128.51278,36.97963],[128.51346,36.97729],[128.51363,36.97681],[128.51355,36.97669],[128.51287,36.97609],[128.51276,36.97602],[128.51262,36.97594],[128.5124,36.97583],[128.50985,36.97453],[128.50685,36.972],[128.50685,36.97192],[128.50684,36.9717],[128.50674,36.97027],[128.5067,36.97019],[128.50655,36.97009],[128.50486,36.96914],[128.50377,36.96867],[128.49511,36.96499],[128.49344,36.96437],[128.49148,36.96375],[128.49049,36.96361],[128.48976,36.96352],[128.48911,36.96348],[128.48897,36.96345],[128.48843,36.96326],[128.48831,36.96322],[128.48817,36.96315],[128.4861,36.96209],[128.48594,36.96201],[128.48566,36.96181],[128.48552,36.96171],[128.48551,36.96167],[128.48547,36.96153],[128.4852,36.96022],[128.48519,36.96013],[128.48496,36.95746],[128.48392,36.95786],[128.48375,36.9579],[128.48355,36.95795],[128.48289,36.95806],[128.48237,36.95811],[128.48185,36.95813],[128.48168,36.95813],[128.48131,36.95811],[128.47853,36.95786],[128.47776,36.95776],[128.4776,36.95772],[128.47745,36.95768],[128.47713,36.95754],[128.47632,36.95936],[128.47627,36.95946],[128.47608,36.95972],[128.47603,36.95977],[128.47598,36.95982],[128.47584,36.95991],[128.47576,36.95996],[128.47467,36.96052],[128.47438,36.96058],[128.46813,36.9616],[128.45845,36.96208],[128.45748,36.96258],[128.45741,36.96261],[128.45626,36.96302],[128.45512,36.9634],[128.44806,36.96501],[128.44503,36.96508],[128.44497,36.96509],[128.44492,36.9651],[128.44434,36.96543],[128.44419,36.96552],[128.44393,36.96569],[128.4418,36.96731],[128.44173,36.96737],[128.44165,36.96746],[128.4416,36.96755],[128.4409,36.96873],[128.44008,36.96956],[128.43887,36.97053],[128.43877,36.9706],[128.4383,36.97095],[128.43824,36.97098],[128.43706,36.97163],[128.43636,36.97184],[128.43628,36.97181],[128.43621,36.97179],[128.43613,36.97177],[128.43605,36.97174],[128.43599,36.97173],[128.4359,36.97171],[128.43574,36.9717],[128.43523,36.97172],[128.43502,36.97174],[128.43485,36.97178],[128.43467,36.97184],[128.43111,36.97348],[128.43098,36.97355],[128.43085,36.97364],[128.4301,36.97424],[128.42819,36.97705],[128.42667,36.98012],[128.42614,36.98073],[128.42609,36.98077],[128.42542,36.98097],[128.42526,36.98099],[128.42508,36.98098],[128.42446,36.98098],[128.42439,36.98097],[128.42428,36.98096],[128.42414,36.98095],[128.4234,36.98097],[128.42191,36.98112],[128.42187,36.98113],[128.42183,36.98116],[128.42043,36.98316],[128.42038,36.98328],[128.42036,36.98343],[128.41892,36.98688],[128.41332,36.99038],[128.41148,36.99123],[128.40633,36.99316],[128.40587,36.9933],[128.40423,36.99364],[128.40381,36.99365],[128.40375,36.99365],[128.40355,36.99363],[128.40349,36.99362],[128.40312,36.99355],[128.40304,36.99353],[128.40297,36.99346],[128.40288,36.99338],[128.40275,36.99325],[128.4026,36.99315],[128.40244,36.99308],[128.40054,36.99231],[128.40038,36.99226],[128.4003,36.99225],[128.40023,36.99224],[128.40007,36.99223],[128.39956,36.9922],[128.39763,36.99215],[128.39758,36.99215],[128.39279,36.99225],[128.39026,36.99282],[128.38958,36.99397],[128.38955,36.99408],[128.38948,36.99426],[128.38939,36.99449],[128.38859,36.99526],[128.38493,36.99619],[128.38488,36.9962],[128.38483,36.99619],[128.38475,36.99617],[128.38255,36.99498],[128.3825,36.99494],[128.37679,36.99571],[128.3759,36.99564],[128.37563,36.99761],[128.37562,36.99765],[128.37558,36.99776],[128.37554,36.99783],[128.37542,36.99804],[128.37534,36.99816],[128.37527,36.99824],[128.37521,36.9983],[128.37516,36.99835],[128.37506,36.99841],[128.37499,36.99846],[128.37491,36.99851],[128.36292,37.00571],[128.36203,37.00616],[128.3609,37.00667],[128.36057,37.00681],[128.36042,37.00687],[128.36025,37.00693],[128.36008,37.00698],[128.35991,37.00702],[128.35883,37.00726],[128.35848,37.00734],[128.3583,37.00737],[128.35813,37.0074],[128.35804,37.00741],[128.35796,37.00742],[128.35664,37.00761],[128.35512,37.00768],[128.35376,37.00768],[128.35254,37.00777],[128.35237,37.0078],[128.35229,37.00781],[128.35218,37.00784],[128.35183,37.00797],[128.35137,37.00816],[128.35255,37.00946],[128.35278,37.01263],[128.35262,37.01332],[128.35182,37.01413],[128.35112,37.01464],[128.35036,37.01514],[128.34936,37.01541],[128.34906,37.01545],[128.34817,37.01533],[128.34778,37.01527],[128.34623,37.0155],[128.34566,37.01596],[128.34569,37.01621],[128.34602,37.01744],[128.34611,37.01766],[128.34625,37.01793],[128.34829,37.02125],[128.34848,37.02131],[128.34862,37.02136],[128.34888,37.02159],[128.34907,37.02175],[128.34913,37.02181],[128.3492,37.0219],[128.34961,37.02263],[128.34964,37.02269],[128.34966,37.02275],[128.34964,37.02287],[128.34923,37.02444],[128.34914,37.02461],[128.34891,37.02491],[128.34877,37.02509],[128.34748,37.02654],[128.34631,37.02783],[128.34442,37.03041],[128.34439,37.03046],[128.34402,37.03169],[128.34389,37.03222],[128.34325,37.0359],[128.34326,37.03686],[128.34451,37.03801],[128.34555,37.03984],[128.34629,37.04165],[128.34634,37.04196],[128.34811,37.04105],[128.34816,37.04104],[128.34821,37.04101],[128.3483,37.04098],[128.34837,37.04097],[128.34851,37.04094],[128.34857,37.04093],[128.34865,37.04092],[128.35021,37.04079],[128.3504,37.04077],[128.3506,37.0408],[128.35066,37.04081],[128.35075,37.04086],[128.35082,37.04089],[128.35088,37.04094],[128.35092,37.041],[128.35097,37.04106],[128.35099,37.04109],[128.35106,37.04119],[128.35114,37.04131],[128.35122,37.04144],[128.35193,37.04205],[128.3533,37.04296],[128.35341,37.04301],[128.35351,37.04303],[128.35355,37.04303],[128.35359,37.04304],[128.35459,37.04307],[128.35474,37.04307],[128.35487,37.04305],[128.35542,37.04296],[128.35847,37.043],[128.36377,37.04373],[128.36564,37.04434],[128.36813,37.04512],[128.37083,37.04559],[128.37087,37.04559],[128.37093,37.04558],[128.37097,37.04557],[128.37102,37.04555],[128.37112,37.04551],[128.37116,37.04549],[128.37124,37.04543],[128.37193,37.04493],[128.37266,37.04437],[128.37272,37.04432],[128.37897,37.04742],[128.3811,37.04861],[128.38556,37.05178],[128.38665,37.05292],[128.38653,37.0532],[128.38645,37.05342],[128.38642,37.05357],[128.38643,37.05369],[128.38646,37.05379],[128.38651,37.05389],[128.38657,37.05397],[128.3881,37.05562],[128.38816,37.05568],[128.38968,37.05686],[128.38975,37.05689],[128.38979,37.0569],[128.38984,37.05689],[128.38989,37.05687],[128.38994,37.05686],[128.39014,37.0568],[128.39042,37.0567],[128.39055,37.05664],[128.39069,37.05657],[128.39094,37.05645],[128.39113,37.05631],[128.39132,37.05617],[128.39138,37.05615],[128.39143,37.05612],[128.39169,37.05608],[128.39181,37.05606],[128.39201,37.05606],[128.39223,37.05607],[128.39242,37.05611],[128.39252,37.05615],[128.39261,37.05618],[128.39425,37.05689],[128.39447,37.05703],[128.39471,37.05718],[128.3948,37.05724],[128.39488,37.0573],[128.39713,37.05881],[128.40019,37.06078],[128.40028,37.06079],[128.40054,37.06078],[128.40089,37.0607],[128.40101,37.06066],[128.40171,37.0604],[128.40186,37.06033],[128.40195,37.06027],[128.40204,37.06021],[128.40219,37.06009],[128.40242,37.05986],[128.40256,37.0597],[128.4026,37.05964],[128.40264,37.05953],[128.40268,37.05942],[128.4027,37.0594],[128.40273,37.05937],[128.40276,37.05935],[128.40293,37.05929],[128.40315,37.05923],[128.40338,37.05919],[128.40361,37.05914],[128.40372,37.05913],[128.40383,37.05911],[128.40396,37.05911],[128.40409,37.05911],[128.40419,37.05912],[128.40432,37.05914],[128.40437,37.05915],[128.4044,37.05916],[128.40457,37.05921],[128.40531,37.05948],[128.40563,37.0596],[128.4058,37.05967],[128.40596,37.05978],[128.40604,37.05986],[128.40627,37.05968],[128.40646,37.05955],[128.40661,37.0594],[128.40693,37.05905],[128.40712,37.05883],[128.4072,37.05873],[128.40731,37.05861],[128.40802,37.05751],[128.40806,37.05744],[128.4081,37.05738],[128.40838,37.05686],[128.40839,37.05681],[128.40839,37.05674],[128.40836,37.05664],[128.40831,37.05659],[128.40826,37.05654],[128.40821,37.05649],[128.40819,37.05646],[128.40815,37.05643],[128.40807,37.0563],[128.40762,37.05553],[128.40734,37.05488],[128.40733,37.05482],[128.40733,37.05476],[128.40735,37.05468],[128.40747,37.05447],[128.40753,37.05439],[128.40765,37.05427],[128.40776,37.05419],[128.41111,37.05228],[128.41121,37.05224],[128.41131,37.05221],[128.41137,37.05219],[128.41154,37.05216],[128.4118,37.05216],[128.41193,37.05217],[128.41206,37.05218],[128.41231,37.05223],[128.41379,37.05255],[128.41404,37.05261],[128.41424,37.05267],[128.41428,37.05268],[128.41438,37.05273],[128.41446,37.05277],[128.4145,37.05283],[128.41449,37.05293],[128.41444,37.05307],[128.41432,37.05336],[128.41407,37.05382],[128.41391,37.05405],[128.41374,37.05428],[128.4136,37.05451],[128.41348,37.05474],[128.41336,37.05497],[128.41322,37.0555],[128.41319,37.05565],[128.41316,37.05591],[128.41316,37.05606],[128.4132,37.05657],[128.41324,37.0568],[128.41328,37.05696],[128.41335,37.05716],[128.41343,37.05737],[128.41352,37.05757],[128.41444,37.05931],[128.41462,37.0596],[128.41472,37.05973],[128.41481,37.05987],[128.41501,37.06011],[128.41524,37.06032],[128.41546,37.06052],[128.41619,37.06106],[128.41643,37.06123],[128.41683,37.06145],[128.42549,37.06481],[128.42697,37.06514],[128.42738,37.06521],[128.42814,37.06532],[128.42894,37.06544],[128.43023,37.0656],[128.43678,37.0674],[128.43819,37.06783],[128.43828,37.06785],[128.43891,37.06799],[128.43987,37.06807],[128.44309,37.06827],[128.4447,37.06837],[128.44552,37.06839],[128.44634,37.06841],[128.44669,37.06841],[128.44776,37.06837],[128.44893,37.06833],[128.44952,37.06832],[128.44976,37.06833],[128.45002,37.06834],[128.45028,37.06836],[128.45115,37.06843],[128.45273,37.0687],[128.45319,37.0688],[128.45365,37.06891],[128.45421,37.06909],[128.45495,37.06937],[128.45556,37.06976],[128.45566,37.06984],[128.45576,37.06993],[128.45585,37.07002],[128.45638,37.07053],[128.45655,37.07063],[128.45666,37.07066],[128.45674,37.07066],[128.45687,37.07063],[128.45707,37.07056],[128.45728,37.07046],[128.4575,37.07034],[128.45776,37.0702],[128.45809,37.07],[128.46049,37.06847],[128.46516,37.06401],[128.46647,37.06287],[128.46677,37.06261],[128.46701,37.06239],[128.46723,37.06218],[128.4673,37.0621],[128.46735,37.06202],[128.46736,37.06193],[128.46737,37.0617],[128.46738,37.06133],[128.46728,37.06107],[128.4671,37.06083],[128.46586,37.05905],[128.46449,37.05705],[128.46358,37.05568],[128.4626,37.05403],[128.46208,37.05302],[128.46165,37.05211],[128.46138,37.05107],[128.46152,37.0508],[128.46164,37.05053],[128.46201,37.04949],[128.46229,37.04849],[128.46234,37.04824],[128.46236,37.04799],[128.46236,37.04775],[128.46232,37.0475],[128.46224,37.04727],[128.46211,37.04703],[128.46196,37.04682],[128.46176,37.04662],[128.46164,37.04653],[128.46155,37.04646],[128.46146,37.04639],[128.46134,37.04631],[128.46112,37.04618],[128.4609,37.04605],[128.45999,37.04528],[128.46001,37.04312],[128.46016,37.04262],[128.4602,37.04256],[128.46023,37.0425],[128.46026,37.04246],[128.46112,37.04109],[128.46157,37.04047],[128.46208,37.03978],[128.46222,37.03959],[128.46243,37.03941],[128.46345,37.03862],[128.46365,37.03847],[128.46387,37.03834],[128.47057,37.03507],[128.47064,37.03507],[128.47067,37.03507],[128.47375,37.03385],[128.4741,37.0337],[128.47419,37.03365],[128.47428,37.03361],[128.47446,37.03352],[128.47475,37.03336],[128.4748,37.03331],[128.47486,37.03324],[128.47658,37.02978],[128.47674,37.02872],[128.47677,37.02721],[128.47778,37.02484],[128.48018,37.01963],[128.48108,37.01882],[128.48181,37.01813],[128.48382,37.016],[128.48448,37.01531],[128.48462,37.01514],[128.48474,37.01499],[128.48486,37.01484],[128.4849,37.01473],[128.48493,37.01456],[128.48493,37.0144],[128.48493,37.01425],[128.48496,37.0141],[128.48501,37.01398],[128.48507,37.01393],[128.48511,37.01388],[128.4852,37.0138],[128.48584,37.01323],[128.48772,37.01175],[128.48852,37.01137],[128.48962,37.0107],[128.49373,37.00803],[128.49376,37.008],[128.49378,37.00798],[128.4938,37.0077],[128.49382,37.00747],[128.49381,37.00737],[128.49377,37.00728],[128.49371,37.00717],[128.493,37.00597],[128.49369,37.00284],[128.49704,36.99993],[128.50103,36.99665],[128.51003,36.99],[128.51299,36.98837],[128.51449,36.98681]]]]}},{"type":"Feature","properties":{"adm_cd":"33580340","adm_nm":"충청북도 단양군 영춘면"},"geometry":{"type":"MultiPolygon","coordinates":[[[[128.45084,37.11242],[128.45269,37.11175],[128.45719,37.11117],[128.46131,37.11061],[128.46512,37.10988],[128.46581,37.10986],[128.46993,37.11023],[128.47388,37.11063],[128.4792,37.11134],[128.47947,37.11138],[128.48008,37.1115],[128.48033,37.11155],[128.48055,37.11163],[128.48067,37.11171],[128.48168,37.11257],[128.48178,37.11266],[128.48179,37.1127],[128.4818,37.11277],[128.48411,37.1167],[128.48672,37.12016],[128.48674,37.12019],[128.48681,37.12022],[128.48696,37.12027],[128.48753,37.12039],[128.48803,37.12047],[128.4883,37.12054],[128.4884,37.12058],[128.48859,37.12066],[128.48877,37.12075],[128.48903,37.12087],[128.48914,37.12094],[128.48934,37.12106],[128.48941,37.12114],[128.49015,37.12285],[128.4908,37.12236],[128.49096,37.12224],[128.49179,37.12173],[128.49215,37.12151],[128.49221,37.12147],[128.49256,37.12128],[128.49289,37.12113],[128.49322,37.121],[128.49353,37.1209],[128.49356,37.12089],[128.49377,37.12084],[128.49419,37.12075],[128.49777,37.12007],[128.50082,37.12009],[128.50442,37.11782],[128.50448,37.11778],[128.50462,37.11769],[128.50482,37.11755],[128.50496,37.11745],[128.50587,37.11665],[128.5067,37.11592],[128.50726,37.11533],[128.50824,37.11495],[128.50943,37.11463],[128.51004,37.11448],[128.51084,37.11436],[128.51114,37.11431],[128.51139,37.11427],[128.51144,37.11425],[128.51197,37.11397],[128.51239,37.1137],[128.51248,37.11357],[128.51264,37.11332],[128.51438,37.1095],[128.51446,37.10924],[128.51453,37.10886],[128.5148,37.10629],[128.51482,37.10578],[128.51483,37.10506],[128.51483,37.10428],[128.51477,37.10333],[128.51474,37.10309],[128.51469,37.10287],[128.51462,37.10258],[128.51439,37.10193],[128.51399,37.10112],[128.51387,37.10095],[128.51375,37.10078],[128.51284,37.09974],[128.51255,37.09942],[128.51183,37.09873],[128.51122,37.09806],[128.51111,37.09773],[128.51106,37.09758],[128.51103,37.09721],[128.5111,37.09695],[128.51111,37.09691],[128.51136,37.09658],[128.51176,37.09621],[128.51201,37.09612],[128.51227,37.09613],[128.51237,37.09625],[128.51243,37.09634],[128.51256,37.09664],[128.51376,37.0981],[128.51473,37.09907],[128.51532,37.09956],[128.51561,37.0998],[128.51882,37.10227],[128.51897,37.10233],[128.51929,37.10246],[128.52225,37.10337],[128.52921,37.10135],[128.52945,37.10124],[128.52962,37.10116],[128.53217,37.0999],[128.53413,37.09885],[128.53426,37.09876],[128.53467,37.09845],[128.53474,37.0984],[128.53487,37.09822],[128.53494,37.09813],[128.53498,37.09794],[128.535,37.09785],[128.53499,37.09749],[128.53496,37.09675],[128.53516,37.09577],[128.53522,37.09554],[128.5353,37.09516],[128.5359,37.09248],[128.5361,37.09192],[128.53636,37.09155],[128.53715,37.09066],[128.53797,37.09004],[128.53874,37.08969],[128.53944,37.08952],[128.54184,37.08917],[128.54238,37.08905],[128.54249,37.08902],[128.54708,37.08777],[128.54751,37.08764],[128.54788,37.08753],[128.54839,37.08733],[128.54899,37.08699],[128.5494,37.08671],[128.55059,37.0859],[128.55073,37.08585],[128.55082,37.08582],[128.55091,37.08582],[128.55107,37.08582],[128.55328,37.08625],[128.55518,37.08683],[128.55975,37.08901],[128.56016,37.08932],[128.56137,37.09028],[128.56161,37.09036],[128.56193,37.09037],[128.56204,37.09037],[128.56213,37.09036],[128.56235,37.09027],[128.5627,37.09012],[128.56587,37.08847],[128.56899,37.08673],[128.56932,37.08656],[128.57404,37.08466],[128.5745,37.08452],[128.57512,37.08433],[128.57967,37.08302],[128.58309,37.08213],[128.58398,37.08213],[128.58442,37.08211],[128.58555,37.08174],[128.58636,37.0814],[128.58648,37.08136],[128.58785,37.08059],[128.59035,37.07888],[128.59109,37.07847],[128.59166,37.07821],[128.59223,37.07815],[128.59259,37.07821],[128.59308,37.07846],[128.59316,37.07853],[128.59345,37.07878],[128.59371,37.07913],[128.59408,37.08013],[128.59453,37.08127],[128.59474,37.08146],[128.59486,37.08155],[128.59503,37.08167],[128.59528,37.0818],[128.59539,37.08186],[128.5959,37.08204],[128.59959,37.08296],[128.59974,37.08296],[128.60102,37.08288],[128.60126,37.08287],[128.60155,37.08285],[128.6018,37.08278],[128.60189,37.08271],[128.60196,37.08266],[128.60212,37.08247],[128.6022,37.0823],[128.60222,37.08226],[128.60222,37.08208],[128.60218,37.08196],[128.60176,37.08123],[128.60128,37.08007],[128.60122,37.07962],[128.60128,37.07927],[128.60145,37.07897],[128.60182,37.07872],[128.60594,37.07662],[128.60632,37.07658],[128.60668,37.07659],[128.60721,37.07671],[128.60801,37.07715],[128.60843,37.07762],[128.60863,37.07808],[128.60877,37.07882],[128.60895,37.0791],[128.60942,37.07942],[128.6099,37.07966],[128.61202,37.08035],[128.61438,37.08144],[128.61501,37.08178],[128.61527,37.08201],[128.61613,37.08285],[128.61657,37.08328],[128.61662,37.08332],[128.61701,37.08366],[128.62276,37.08713],[128.62301,37.08715],[128.62323,37.08715],[128.62343,37.08689],[128.62431,37.08488],[128.62478,37.08413],[128.62517,37.0837],[128.62536,37.08349],[128.62581,37.08313],[128.62634,37.08276],[128.62736,37.08207],[128.62786,37.08173],[128.62805,37.08158],[128.62806,37.08154],[128.62808,37.08138],[128.62783,37.08015],[128.62755,37.07917],[128.62724,37.07754],[128.62727,37.07736],[128.62813,37.07514],[128.6283,37.07498],[128.63368,37.07183],[128.63608,37.07171],[128.63802,37.07149],[128.64114,37.07092],[128.64178,37.07077],[128.64276,37.07054],[128.64295,37.07044],[128.64816,37.06765],[128.65014,37.06625],[128.65035,37.06614],[128.65062,37.06599],[128.65128,37.06573],[128.6514,37.06569],[128.65198,37.06549],[128.65223,37.06546],[128.649,37.06393],[128.64524,37.06237],[128.64489,37.0622],[128.64462,37.06193],[128.64431,37.06141],[128.64363,37.06004],[128.64344,37.05934],[128.64335,37.05855],[128.64237,37.05581],[128.64181,37.0549],[128.6414,37.05447],[128.64115,37.05433],[128.63945,37.05368],[128.63758,37.05142],[128.63768,37.05115],[128.63765,37.05099],[128.63641,37.04855],[128.63625,37.04834],[128.63486,37.047],[128.63453,37.04655],[128.6329,37.04264],[128.63067,37.03917],[128.63051,37.03896],[128.63029,37.039],[128.63,37.03905],[128.62971,37.03925],[128.6273,37.04106],[128.62602,37.04282],[128.62555,37.04354],[128.62531,37.04439],[128.62494,37.0449],[128.62455,37.04512],[128.62415,37.04521],[128.62356,37.04523],[128.62297,37.04535],[128.62273,37.04549],[128.62256,37.04564],[128.62228,37.046],[128.62118,37.04788],[128.62064,37.04853],[128.62,37.04902],[128.61927,37.04955],[128.61824,37.05],[128.61465,37.05126],[128.60882,37.05263],[128.60863,37.05259],[128.60826,37.05217],[128.60729,37.0505],[128.60717,37.05019],[128.60655,37.04548],[128.6066,37.04508],[128.60668,37.0447],[128.60674,37.04456],[128.60704,37.04413],[128.6071,37.04385],[128.60707,37.04372],[128.60679,37.0434],[128.60516,37.04333],[128.60206,37.04316],[128.60008,37.04303],[128.59658,37.04276],[128.59515,37.0425],[128.5941,37.04229],[128.59321,37.04222],[128.59221,37.04225],[128.59189,37.04231],[128.59154,37.04247],[128.5903,37.04306],[128.58386,37.04389],[128.58364,37.04389],[128.58339,37.04381],[128.58309,37.04367],[128.58279,37.04347],[128.58215,37.04297],[128.58188,37.04263],[128.58154,37.04195],[128.58102,37.04073],[128.58028,37.03933],[128.57734,37.03584],[128.57711,37.03564],[128.57679,37.03551],[128.57656,37.03547],[128.57605,37.03554],[128.57556,37.03566],[128.57504,37.03576],[128.57214,37.0361],[128.57183,37.03608],[128.57149,37.036],[128.56886,37.03493],[128.56853,37.03476],[128.56811,37.0345],[128.56767,37.03414],[128.5662,37.03262],[128.56526,37.03149],[128.56516,37.03122],[128.56516,37.03087],[128.56693,37.02651],[128.56718,37.02618],[128.56934,37.02405],[128.56963,37.02378],[128.57063,37.02318],[128.57282,37.02188],[128.57292,37.02167],[128.57292,37.0214],[128.57291,37.02112],[128.57286,37.0208],[128.57147,37.01643],[128.57131,37.01598],[128.57082,37.01513],[128.56992,37.01373],[128.56945,37.01329],[128.56866,37.01257],[128.56752,37.01172],[128.56684,37.01133],[128.56334,37.0087],[128.56305,37.00815],[128.5629,37.00796],[128.55861,37.00629],[128.55635,37.00567],[128.55604,37.0055],[128.55587,37.00529],[128.55558,37.00469],[128.55545,37.0041],[128.55549,37.00366],[128.55557,37.00325],[128.55591,37.0024],[128.55618,37.00179],[128.55617,37.00174],[128.55564,36.99991],[128.55471,36.99823],[128.5539,36.99772],[128.54805,36.99447],[128.54514,36.99314],[128.54261,36.99226],[128.5398,36.99133],[128.53809,36.99076],[128.53493,36.99014],[128.53438,36.99014],[128.53326,36.99013],[128.53318,36.99013],[128.53308,36.99013],[128.533,36.99016],[128.53248,36.9903],[128.5315,36.99052],[128.5313,36.99055],[128.52915,36.99073],[128.52621,36.99023],[128.52458,36.9897],[128.52416,36.98948],[128.52359,36.98924],[128.52143,36.98855],[128.51602,36.98689],[128.51589,36.98686],[128.51582,36.98685],[128.51449,36.98681],[128.51299,36.98837],[128.51003,36.99],[128.50103,36.99665],[128.49704,36.99993],[128.49369,37.00284],[128.493,37.00597],[128.49371,37.00717],[128.49377,37.00728],[128.49381,37.00737],[128.49382,37.00747],[128.4938,37.0077],[128.49378,37.00798],[128.49376,37.008],[128.49373,37.00803],[128.48962,37.0107],[128.48852,37.01137],[128.48772,37.01175],[128.48584,37.01323],[128.4852,37.0138],[128.48511,37.01388],[128.48507,37.01393],[128.48501,37.01398],[128.48496,37.0141],[128.48493,37.01425],[128.48493,37.0144],[128.48493,37.01456],[128.4849,37.01473],[128.48486,37.01484],[128.48474,37.01499],[128.48462,37.01514],[128.48448,37.01531],[128.48382,37.016],[128.48181,37.01813],[128.48108,37.01882],[128.48018,37.01963],[128.47778,37.02484],[128.47677,37.02721],[128.47674,37.02872],[128.47658,37.02978],[128.47486,37.03324],[128.4748,37.03331],[128.47475,37.03336],[128.47446,37.03352],[128.47428,37.03361],[128.47419,37.03365],[128.4741,37.0337],[128.47375,37.03385],[128.47067,37.03507],[128.47064,37.03507],[128.47057,37.03507],[128.46387,37.03834],[128.46365,37.03847],[128.46345,37.03862],[128.46243,37.03941],[128.46222,37.03959],[128.46208,37.03978],[128.46157,37.04047],[128.46112,37.04109],[128.46026,37.04246],[128.46023,37.0425],[128.4602,37.04256],[128.46016,37.04262],[128.46001,37.04312],[128.45999,37.04528],[128.4609,37.04605],[128.46112,37.04618],[128.46134,37.04631],[128.46146,37.04639],[128.46155,37.04646],[128.46164,37.04653],[128.46176,37.04662],[128.46196,37.04682],[128.46211,37.04703],[128.46224,37.04727],[128.46232,37.0475],[128.46236,37.04775],[128.46236,37.04799],[128.46234,37.04824],[128.46229,37.04849],[128.46201,37.04949],[128.46164,37.05053],[128.46152,37.0508],[128.46138,37.05107],[128.46165,37.05211],[128.46208,37.05302],[128.4626,37.05403],[128.46358,37.05568],[128.46449,37.05705],[128.46586,37.05905],[128.4671,37.06083],[128.46728,37.06107],[128.46738,37.06133],[128.46737,37.0617],[128.46736,37.06193],[128.46735,37.06202],[128.4673,37.0621],[128.46723,37.06218],[128.46701,37.06239],[128.46677,37.06261],[128.46647,37.06287],[128.46516,37.06401],[128.46049,37.06847],[128.45809,37.07],[128.45776,37.0702],[128.4575,37.07034],[128.45728,37.07046],[128.45707,37.07056],[128.45687,37.07063],[128.45674,37.07066],[128.45666,37.07066],[128.45655,37.07063],[128.45638,37.07053],[128.45585,37.07002],[128.45576,37.06993],[128.45566,37.06984],[128.45556,37.06976],[128.45495,37.06937],[128.45421,37.06909],[128.45365,37.06891],[128.45319,37.0688],[128.45273,37.0687],[128.45115,37.06843],[128.45028,37.06836],[128.45002,37.06834],[128.44976,37.06833],[128.44952,37.06832],[128.44893,37.06833],[128.44776,37.06837],[128.44669,37.06841],[128.44634,37.06841],[128.44552,37.06839],[128.4447,37.06837],[128.44309,37.06827],[128.43987,37.06807],[128.43891,37.06799],[128.43828,37.06785],[128.43819,37.06783],[128.43678,37.0674],[128.43023,37.0656],[128.42894,37.06544],[128.42814,37.06532],[128.42738,37.06521],[128.42697,37.06514],[128.42549,37.06481],[128.41683,37.06145],[128.41643,37.06123],[128.41619,37.06106],[128.41546,37.06052],[128.41524,37.06032],[128.41501,37.06011],[128.41481,37.05987],[128.41472,37.05973],[128.41462,37.0596],[128.41444,37.05931],[128.41352,37.05757],[128.41343,37.05737],[128.41335,37.05716],[128.41328,37.05696],[128.41324,37.0568],[128.4132,37.05657],[128.41316,37.05606],[128.41316,37.05591],[128.41319,37.05565],[128.41322,37.0555],[128.41336,37.05497],[128.41348,37.05474],[128.4136,37.05451],[128.41374,37.05428],[128.41391,37.05405],[128.41407,37.05382],[128.41432,37.05336],[128.41444,37.05307],[128.41449,37.05293],[128.4145,37.05283],[128.41446,37.05277],[128.41438,37.05273],[128.41428,37.05268],[128.41424,37.05267],[128.41404,37.05261],[128.41379,37.05255],[128.41231,37.05223],[128.41206,37.05218],[128.41193,37.05217],[128.4118,37.05216],[128.41154,37.05216],[128.41137,37.05219],[128.41131,37.05221],[128.41121,37.05224],[128.41111,37.05228],[128.40776,37.05419],[128.40765,37.05427],[128.40753,37.05439],[128.40747,37.05447],[128.40735,37.05468],[128.40733,37.05476],[128.40733,37.05482],[128.40734,37.05488],[128.40762,37.05553],[128.40807,37.0563],[128.40815,37.05643],[128.40819,37.05646],[128.40821,37.05649],[128.40826,37.05654],[128.40831,37.05659],[128.40836,37.05664],[128.40839,37.05674],[128.40839,37.05681],[128.40838,37.05686],[128.4081,37.05738],[128.40806,37.05744],[128.40802,37.05751],[128.40731,37.05861],[128.4072,37.05873],[128.40712,37.05883],[128.40693,37.05905],[128.40661,37.0594],[128.40646,37.05955],[128.40627,37.05968],[128.40604,37.05986],[128.4061,37.05993],[128.40617,37.06007],[128.40623,37.06023],[128.40625,37.06031],[128.40623,37.06042],[128.40578,37.06131],[128.40552,37.06163],[128.40536,37.06184],[128.4052,37.06204],[128.40504,37.06232],[128.405,37.0624],[128.40484,37.06269],[128.40445,37.06347],[128.40399,37.06461],[128.40396,37.0647],[128.40395,37.06479],[128.4037,37.06803],[128.40365,37.07042],[128.40368,37.07067],[128.40367,37.07091],[128.40366,37.07102],[128.40365,37.0712],[128.40364,37.07133],[128.4036,37.07144],[128.40356,37.07153],[128.40135,37.07441],[128.40062,37.07529],[128.3999,37.07582],[128.39961,37.07594],[128.39951,37.076],[128.39945,37.07606],[128.39726,37.07857],[128.39634,37.08003],[128.39601,37.08038],[128.39576,37.08059],[128.39545,37.08084],[128.3951,37.08108],[128.39476,37.08131],[128.39466,37.08134],[128.39461,37.08134],[128.39457,37.08132],[128.39446,37.08123],[128.39417,37.08105],[128.39405,37.08097],[128.39394,37.08092],[128.39383,37.08088],[128.39372,37.08085],[128.39339,37.08082],[128.39309,37.08081],[128.39272,37.08084],[128.39251,37.08086],[128.39241,37.08088],[128.38882,37.0826],[128.38858,37.08275],[128.3882,37.08299],[128.38806,37.08311],[128.38494,37.08722],[128.38363,37.08904],[128.38048,37.09589],[128.37903,37.10079],[128.37902,37.10083],[128.37867,37.10388],[128.37843,37.10703],[128.37846,37.10721],[128.37847,37.10731],[128.37847,37.10748],[128.37847,37.10757],[128.37847,37.1076],[128.37843,37.10773],[128.37832,37.10798],[128.37775,37.10912],[128.37773,37.10916],[128.3777,37.10919],[128.37767,37.10921],[128.37762,37.10923],[128.37558,37.10985],[128.37507,37.10998],[128.37492,37.11],[128.37486,37.11001],[128.37474,37.11001],[128.37467,37.11001],[128.37459,37.11001],[128.37434,37.11],[128.37427,37.10999],[128.3742,37.11],[128.3741,37.11002],[128.37406,37.11002],[128.37396,37.11005],[128.3738,37.11008],[128.37239,37.11052],[128.37222,37.11057],[128.37214,37.11062],[128.37211,37.11066],[128.37023,37.11423],[128.37041,37.11617],[128.37083,37.1188],[128.37117,37.1202],[128.37063,37.1213],[128.37004,37.12196],[128.3692,37.12323],[128.36918,37.12327],[128.36917,37.12333],[128.36914,37.12411],[128.3691,37.12547],[128.36911,37.12571],[128.36913,37.12587],[128.36915,37.12597],[128.36923,37.1262],[128.36936,37.12651],[128.36943,37.12663],[128.36953,37.1268],[128.36966,37.12697],[128.36986,37.12719],[128.36997,37.12732],[128.37002,37.12737],[128.37018,37.12746],[128.3703,37.12752],[128.37047,37.12757],[128.3706,37.12761],[128.3707,37.12763],[128.37088,37.12764],[128.37105,37.12765],[128.37147,37.12764],[128.37194,37.12764],[128.37208,37.12767],[128.37229,37.12771],[128.37239,37.12776],[128.37247,37.12782],[128.37253,37.12788],[128.37258,37.12796],[128.3726,37.12807],[128.3726,37.12817],[128.3726,37.12827],[128.37215,37.12999],[128.37163,37.13089],[128.37141,37.13118],[128.37123,37.1315],[128.37115,37.13167],[128.37113,37.13175],[128.37113,37.13183],[128.37115,37.13194],[128.37119,37.13204],[128.373,37.13455],[128.3697,37.13787],[128.36568,37.13992],[128.36402,37.14078],[128.36245,37.14393],[128.36031,37.14672],[128.3601,37.14679],[128.35995,37.14688],[128.35982,37.14698],[128.35977,37.14704],[128.35975,37.14711],[128.35975,37.14719],[128.35975,37.14965],[128.3598,37.15004],[128.36063,37.15049],[128.36067,37.15052],[128.36073,37.15056],[128.36075,37.1506],[128.36079,37.15066],[128.36135,37.15154],[128.36163,37.15199],[128.36166,37.15215],[128.36173,37.15249],[128.36178,37.15275],[128.36181,37.15285],[128.36183,37.1529],[128.36268,37.15403],[128.36283,37.15418],[128.36384,37.15519],[128.36399,37.15529],[128.3642,37.15539],[128.3645,37.15543],[128.36467,37.15544],[128.3653,37.15539],[128.36533,37.15539],[128.36554,37.15537],[128.36596,37.15531],[128.36619,37.15526],[128.36644,37.1552],[128.36656,37.15515],[128.36681,37.155],[128.36691,37.15491],[128.36848,37.15414],[128.3767,37.15171],[128.37701,37.15165],[128.37707,37.15164],[128.3771,37.15164],[128.37718,37.1517],[128.37821,37.15272],[128.3784,37.15368],[128.37843,37.15403],[128.37845,37.15427],[128.3787,37.15479],[128.37884,37.15495],[128.37907,37.15521],[128.37937,37.15538],[128.38437,37.15818],[128.38593,37.15705],[128.38769,37.15552],[128.38825,37.15538],[128.3884,37.15532],[128.39125,37.15416],[128.39133,37.15413],[128.39162,37.154],[128.39221,37.1537],[128.39255,37.15346],[128.39507,37.15112],[128.39532,37.15089],[128.39538,37.15078],[128.39543,37.15066],[128.39545,37.15049],[128.39546,37.15018],[128.39546,37.15007],[128.39547,37.15004],[128.39547,37.15001],[128.39549,37.14994],[128.39577,37.14943],[128.39667,37.14858],[128.39672,37.14853],[128.397,37.1484],[128.39808,37.14795],[128.39833,37.14785],[128.39853,37.1478],[128.39862,37.14779],[128.3989,37.14778],[128.40101,37.14638],[128.40263,37.14243],[128.40359,37.13962],[128.40361,37.13953],[128.40358,37.13947],[128.40349,37.13933],[128.40331,37.13917],[128.40324,37.13911],[128.40312,37.13908],[128.4029,37.13904],[128.40271,37.13902],[128.40267,37.13901],[128.40258,37.13899],[128.40232,37.13892],[128.40228,37.1389],[128.40219,37.13886],[128.40214,37.13883],[128.40211,37.13881],[128.40187,37.13864],[128.40174,37.13853],[128.40172,37.13849],[128.40169,37.13842],[128.40151,37.13771],[128.40148,37.13759],[128.4015,37.13737],[128.40161,37.13646],[128.40163,37.13483],[128.40162,37.13479],[128.40047,37.13324],[128.40029,37.13299],[128.40013,37.13284],[128.39994,37.13269],[128.39957,37.13248],[128.39886,37.1321],[128.39841,37.13186],[128.3982,37.13174],[128.39813,37.13167],[128.396,37.12892],[128.39591,37.12877],[128.39592,37.12869],[128.39596,37.12866],[128.396,37.12862],[128.39623,37.12852],[128.39642,37.12846],[128.39664,37.12843],[128.39691,37.12843],[128.39778,37.12841],[128.39819,37.12836],[128.4007,37.12791],[128.40643,37.12683],[128.40654,37.12681],[128.4066,37.1268],[128.40665,37.12678],[128.40671,37.12676],[128.40676,37.12673],[128.40685,37.12667],[128.40693,37.1266],[128.40803,37.12548],[128.40842,37.12508],[128.40853,37.12495],[128.40856,37.1249],[128.40866,37.12471],[128.40897,37.12426],[128.40939,37.12381],[128.41056,37.12258],[128.41071,37.12244],[128.41094,37.12228],[128.41111,37.12217],[128.41344,37.12098],[128.41352,37.12095],[128.4136,37.12091],[128.41367,37.12089],[128.41383,37.12084],[128.41506,37.12051],[128.41511,37.12051],[128.41515,37.12051],[128.41518,37.12053],[128.41524,37.12057],[128.41541,37.12069],[128.41582,37.12095],[128.41587,37.12097],[128.41592,37.12097],[128.41597,37.12096],[128.41605,37.12095],[128.41641,37.12082],[128.41716,37.12053],[128.41798,37.12021],[128.41807,37.12017],[128.41814,37.12014],[128.41823,37.12009],[128.41832,37.12002],[128.41844,37.11992],[128.41858,37.1198],[128.41866,37.11971],[128.41971,37.11841],[128.41994,37.11739],[128.41992,37.11732],[128.41991,37.11727],[128.41991,37.11718],[128.4199,37.11712],[128.41991,37.11695],[128.41993,37.11684],[128.41996,37.11665],[128.42001,37.11643],[128.42121,37.1141],[128.42128,37.11401],[128.42144,37.11383],[128.42219,37.11323],[128.42235,37.11313],[128.42252,37.11304],[128.42256,37.10881],[128.42251,37.10753],[128.4226,37.10605],[128.42272,37.10521],[128.42288,37.10444],[128.42313,37.10336],[128.42318,37.10327],[128.42321,37.10323],[128.42328,37.10318],[128.42331,37.10316],[128.42469,37.10244],[128.42482,37.10239],[128.42495,37.10237],[128.42509,37.10237],[128.42525,37.10239],[128.42926,37.10345],[128.42966,37.10359],[128.42991,37.10372],[128.4301,37.10383],[128.43026,37.10397],[128.43031,37.10402],[128.43034,37.1041],[128.43033,37.10414],[128.43025,37.10502],[128.43014,37.10619],[128.43014,37.1063],[128.43015,37.10644],[128.43026,37.10695],[128.43031,37.1071],[128.4304,37.10725],[128.43051,37.10734],[128.43187,37.10801],[128.43304,37.1084],[128.43369,37.1086],[128.43393,37.10869],[128.43403,37.10875],[128.43551,37.10975],[128.4353,37.1111],[128.43524,37.11127],[128.43794,37.11112],[128.44252,37.10931],[128.4427,37.10923],[128.44285,37.10912],[128.44294,37.10903],[128.44313,37.10861],[128.4433,37.10824],[128.44338,37.10809],[128.44348,37.10799],[128.44369,37.10782],[128.444,37.10759],[128.44423,37.10746],[128.44432,37.10743],[128.44471,37.10738],[128.44488,37.10737],[128.44502,37.10736],[128.44516,37.10739],[128.44528,37.10743],[128.44533,37.10745],[128.44629,37.10823],[128.44777,37.10964],[128.4479,37.10979],[128.44847,37.11044],[128.44892,37.11096],[128.44958,37.11166],[128.44968,37.11175],[128.45032,37.11226],[128.45035,37.11229],[128.45037,37.11231],[128.45047,37.11234],[128.45075,37.11241],[128.45084,37.11242]]]]}},{"type":"Feature","properties":{"adm_cd":"33580350","adm_nm":"충청북도 단양군 어상천면"},"geometry":{"type":"MultiPolygon","coordinates":[[[[128.3598,37.15004],[128.35975,37.14965],[128.35975,37.14719],[128.35975,37.14711],[128.35977,37.14704],[128.35982,37.14698],[128.35995,37.14688],[128.3601,37.14679],[128.36031,37.14672],[128.36245,37.14393],[128.36402,37.14078],[128.36568,37.13992],[128.3697,37.13787],[128.373,37.13455],[128.37119,37.13204],[128.37115,37.13194],[128.37113,37.13183],[128.37113,37.13175],[128.37115,37.13167],[128.37123,37.1315],[128.37141,37.13118],[128.37163,37.13089],[128.37215,37.12999],[128.3726,37.12827],[128.3726,37.12817],[128.3726,37.12807],[128.37258,37.12796],[128.37253,37.12788],[128.37247,37.12782],[128.37239,37.12776],[128.37229,37.12771],[128.37208,37.12767],[128.37194,37.12764],[128.37147,37.12764],[128.37105,37.12765],[128.37088,37.12764],[128.3707,37.12763],[128.3706,37.12761],[128.37047,37.12757],[128.3703,37.12752],[128.37018,37.12746],[128.37002,37.12737],[128.36997,37.12732],[128.36986,37.12719],[128.36966,37.12697],[128.36953,37.1268],[128.36943,37.12663],[128.36936,37.12651],[128.36923,37.1262],[128.36915,37.12597],[128.36913,37.12587],[128.36911,37.12571],[128.3691,37.12547],[128.36914,37.12411],[128.36917,37.12333],[128.36918,37.12327],[128.3692,37.12323],[128.37004,37.12196],[128.37063,37.1213],[128.37117,37.1202],[128.37083,37.1188],[128.37041,37.11617],[128.37023,37.11423],[128.37211,37.11066],[128.37214,37.11062],[128.37222,37.11057],[128.37239,37.11052],[128.3738,37.11008],[128.37396,37.11005],[128.37406,37.11002],[128.3741,37.11002],[128.3742,37.11],[128.37427,37.10999],[128.37434,37.11],[128.37459,37.11001],[128.37467,37.11001],[128.37474,37.11001],[128.37486,37.11001],[128.37492,37.11],[128.37507,37.10998],[128.37558,37.10985],[128.37762,37.10923],[128.37767,37.10921],[128.3777,37.10919],[128.37773,37.10916],[128.37775,37.10912],[128.37832,37.10798],[128.37843,37.10773],[128.37847,37.1076],[128.37847,37.10757],[128.37847,37.10748],[128.37847,37.10731],[128.37846,37.10721],[128.37843,37.10703],[128.37867,37.10388],[128.37902,37.10083],[128.37903,37.10079],[128.38048,37.09589],[128.38363,37.08904],[128.38494,37.08722],[128.38806,37.08311],[128.3882,37.08299],[128.38858,37.08275],[128.38882,37.0826],[128.39241,37.08088],[128.39251,37.08086],[128.39272,37.08084],[128.39309,37.08081],[128.39339,37.08082],[128.39372,37.08085],[128.39383,37.08088],[128.39394,37.08092],[128.39405,37.08097],[128.39417,37.08105],[128.39446,37.08123],[128.39457,37.08132],[128.39461,37.08134],[128.39466,37.08134],[128.39476,37.08131],[128.3951,37.08108],[128.39545,37.08084],[128.39576,37.08059],[128.39601,37.08038],[128.39634,37.08003],[128.39726,37.07857],[128.39945,37.07606],[128.39951,37.076],[128.39961,37.07594],[128.3999,37.07582],[128.40062,37.07529],[128.40135,37.07441],[128.40356,37.07153],[128.4036,37.07144],[128.40364,37.07133],[128.40365,37.0712],[128.40366,37.07102],[128.40367,37.07091],[128.40368,37.07067],[128.40365,37.07042],[128.4037,37.06803],[128.40395,37.06479],[128.40396,37.0647],[128.40399,37.06461],[128.40445,37.06347],[128.40484,37.06269],[128.405,37.0624],[128.40504,37.06232],[128.4052,37.06204],[128.40536,37.06184],[128.40552,37.06163],[128.40578,37.06131],[128.40623,37.06042],[128.40625,37.06031],[128.40623,37.06023],[128.40617,37.06007],[128.4061,37.05993],[128.40604,37.05986],[128.40596,37.05978],[128.4058,37.05967],[128.40563,37.0596],[128.40531,37.05948],[128.40457,37.05921],[128.4044,37.05916],[128.40437,37.05915],[128.40432,37.05914],[128.40419,37.05912],[128.40409,37.05911],[128.40396,37.05911],[128.40383,37.05911],[128.40372,37.05913],[128.40361,37.05914],[128.40338,37.05919],[128.40315,37.05923],[128.40293,37.05929],[128.40276,37.05935],[128.40273,37.05937],[128.4027,37.0594],[128.40268,37.05942],[128.40264,37.05953],[128.4026,37.05964],[128.40256,37.0597],[128.40242,37.05986],[128.40219,37.06009],[128.40204,37.06021],[128.40195,37.06027],[128.40186,37.06033],[128.40171,37.0604],[128.40101,37.06066],[128.40089,37.0607],[128.40054,37.06078],[128.40028,37.06079],[128.40019,37.06078],[128.39713,37.05881],[128.39488,37.0573],[128.3948,37.05724],[128.39471,37.05718],[128.39447,37.05703],[128.39425,37.05689],[128.39261,37.05618],[128.39252,37.05615],[128.39242,37.05611],[128.39223,37.05607],[128.39201,37.05606],[128.39181,37.05606],[128.39169,37.05608],[128.39143,37.05612],[128.39138,37.05615],[128.39132,37.05617],[128.39113,37.05631],[128.39094,37.05645],[128.39069,37.05657],[128.39055,37.05664],[128.39042,37.0567],[128.39014,37.0568],[128.38994,37.05686],[128.38989,37.05687],[128.38984,37.05689],[128.38979,37.0569],[128.38975,37.05689],[128.38968,37.05686],[128.38816,37.05568],[128.3881,37.05562],[128.38657,37.05397],[128.38651,37.05389],[128.38646,37.05379],[128.38643,37.05369],[128.38642,37.05357],[128.38645,37.05342],[128.38653,37.0532],[128.38665,37.05292],[128.38556,37.05178],[128.3811,37.04861],[128.37897,37.04742],[128.37272,37.04432],[128.37266,37.04437],[128.37193,37.04493],[128.37124,37.04543],[128.37116,37.04549],[128.37112,37.04551],[128.37102,37.04555],[128.37097,37.04557],[128.37093,37.04558],[128.37087,37.04559],[128.37083,37.04559],[128.36813,37.04512],[128.36564,37.04434],[128.36377,37.04373],[128.35847,37.043],[128.35542,37.04296],[128.35487,37.04305],[128.35474,37.04307],[128.35459,37.04307],[128.35359,37.04304],[128.35355,37.04303],[128.35351,37.04303],[128.35341,37.04301],[128.3533,37.04296],[128.35193,37.04205],[128.35122,37.04144],[128.35114,37.04131],[128.35106,37.04119],[128.35099,37.04109],[128.35097,37.04106],[128.35092,37.041],[128.35088,37.04094],[128.35082,37.04089],[128.35075,37.04086],[128.35066,37.04081],[128.3506,37.0408],[128.3504,37.04077],[128.35021,37.04079],[128.34865,37.04092],[128.34857,37.04093],[128.34851,37.04094],[128.34837,37.04097],[128.3483,37.04098],[128.34821,37.04101],[128.34816,37.04104],[128.34811,37.04105],[128.34634,37.04196],[128.34113,37.04495],[128.34091,37.04499],[128.34084,37.04501],[128.33897,37.04584],[128.33887,37.04588],[128.33878,37.04592],[128.33867,37.04599],[128.33802,37.04659],[128.33786,37.04675],[128.3327,37.05358],[128.33261,37.0537],[128.33254,37.05379],[128.3314,37.05582],[128.33132,37.05599],[128.33106,37.05672],[128.33103,37.05684],[128.32638,37.05849],[128.3258,37.05853],[128.32509,37.05864],[128.32453,37.05875],[128.32448,37.05876],[128.32443,37.05879],[128.32235,37.06026],[128.32224,37.06035],[128.32222,37.06039],[128.32224,37.06043],[128.32226,37.06045],[128.323,37.06103],[128.32306,37.06106],[128.32309,37.06106],[128.32314,37.06107],[128.3232,37.06107],[128.32324,37.06107],[128.32327,37.06108],[128.32332,37.0611],[128.32346,37.06118],[128.32353,37.06122],[128.32358,37.06127],[128.32363,37.06133],[128.32368,37.0614],[128.32374,37.06148],[128.32378,37.06155],[128.32381,37.06164],[128.32382,37.06174],[128.32381,37.06186],[128.32346,37.06499],[128.32343,37.06514],[128.32316,37.06613],[128.3226,37.06719],[128.32088,37.06982],[128.31853,37.0734],[128.31559,37.07616],[128.31316,37.07819],[128.31099,37.08095],[128.31094,37.08103],[128.30848,37.08422],[128.30844,37.08427],[128.30838,37.08434],[128.30821,37.08452],[128.308,37.08472],[128.30148,37.09006],[128.30143,37.09009],[128.30134,37.09011],[128.30084,37.09012],[128.30056,37.09012],[128.3004,37.09011],[128.29872,37.09185],[128.29633,37.09493],[128.29486,37.09688],[128.29431,37.09789],[128.29471,37.09816],[128.29499,37.09832],[128.29548,37.09857],[128.2956,37.09861],[128.29577,37.09867],[128.29584,37.09868],[128.29588,37.09869],[128.29794,37.09904],[128.29992,37.09866],[128.30007,37.09859],[128.30019,37.09855],[128.30029,37.09851],[128.30041,37.09849],[128.30049,37.09848],[128.30058,37.09847],[128.30064,37.09846],[128.30068,37.09846],[128.30081,37.09848],[128.30105,37.09857],[128.30129,37.09866],[128.30148,37.09877],[128.30271,37.09947],[128.30401,37.10025],[128.30423,37.1004],[128.30435,37.1005],[128.30443,37.10058],[128.30453,37.10067],[128.30461,37.10074],[128.30464,37.1008],[128.30888,37.10968],[128.30965,37.11149],[128.30968,37.11159],[128.30968,37.11168],[128.30962,37.11249],[128.30894,37.11434],[128.30889,37.11444],[128.30875,37.11459],[128.30867,37.11466],[128.30835,37.11482],[128.30798,37.11499],[128.30766,37.11517],[128.30756,37.11524],[128.30748,37.1153],[128.30743,37.11533],[128.30737,37.11538],[128.30612,37.11641],[128.30556,37.11695],[128.30454,37.11818],[128.30449,37.11827],[128.30441,37.11842],[128.30374,37.12122],[128.30376,37.12203],[128.30393,37.12276],[128.30381,37.12417],[128.30378,37.12444],[128.30376,37.12453],[128.30258,37.12756],[128.29962,37.1323],[128.2994,37.13264],[128.29901,37.13324],[128.29827,37.13418],[128.29935,37.13489],[128.30295,37.13652],[128.30321,37.1366],[128.3037,37.13679],[128.30401,37.13695],[128.30416,37.13705],[128.30427,37.13716],[128.30431,37.1372],[128.30434,37.13723],[128.30979,37.14357],[128.31005,37.14417],[128.31014,37.14432],[128.31024,37.14443],[128.3105,37.14468],[128.3109,37.14503],[128.31109,37.14518],[128.31128,37.14529],[128.31148,37.14538],[128.31605,37.1471],[128.31624,37.14716],[128.31692,37.14738],[128.31715,37.14745],[128.31735,37.14751],[128.3177,37.14761],[128.3179,37.14764],[128.31815,37.14767],[128.31821,37.14768],[128.32069,37.14797],[128.32316,37.14808],[128.32354,37.14788],[128.3238,37.14776],[128.32409,37.14763],[128.32421,37.14758],[128.32426,37.14757],[128.3243,37.14756],[128.32436,37.14758],[128.32563,37.14826],[128.32572,37.14833],[128.32577,37.14839],[128.32583,37.1485],[128.32717,37.1514],[128.32721,37.15151],[128.32721,37.15157],[128.32718,37.15208],[128.32714,37.15251],[128.32714,37.15258],[128.32721,37.1528],[128.32723,37.15285],[128.32738,37.15297],[128.32776,37.15301],[128.32792,37.153],[128.32807,37.15291],[128.32816,37.15285],[128.3283,37.15276],[128.32857,37.15257],[128.32941,37.15186],[128.32963,37.15167],[128.32975,37.15153],[128.33002,37.15118],[128.33025,37.15084],[128.33037,37.15067],[128.33049,37.1505],[128.33061,37.15034],[128.33065,37.1503],[128.3307,37.1503],[128.33078,37.15035],[128.33109,37.15056],[128.33129,37.15069],[128.33148,37.15087],[128.33168,37.15107],[128.33197,37.15135],[128.33239,37.1518],[128.33262,37.15206],[128.33432,37.15416],[128.33453,37.15444],[128.33472,37.15472],[128.3348,37.15493],[128.33482,37.15507],[128.33481,37.15517],[128.33478,37.15525],[128.33467,37.1555],[128.33453,37.15577],[128.33449,37.15586],[128.33448,37.15596],[128.3345,37.15608],[128.3345,37.15611],[128.33459,37.15631],[128.33462,37.15637],[128.33464,37.15639],[128.3347,37.15648],[128.33477,37.15658],[128.33505,37.15685],[128.33527,37.15702],[128.33602,37.15743],[128.33621,37.15753],[128.33662,37.15774],[128.33678,37.15781],[128.33698,37.15787],[128.33706,37.15787],[128.33719,37.15787],[128.33751,37.15784],[128.33772,37.15782],[128.3379,37.15777],[128.33825,37.15765],[128.33864,37.15749],[128.33891,37.15737],[128.339,37.15733],[128.33904,37.1573],[128.33914,37.15724],[128.33922,37.15718],[128.33931,37.1571],[128.33959,37.15684],[128.33976,37.15667],[128.33978,37.15664],[128.3398,37.15661],[128.33992,37.15633],[128.34,37.15598],[128.34003,37.15584],[128.34005,37.15582],[128.34007,37.15577],[128.34015,37.15566],[128.34025,37.15557],[128.34043,37.15542],[128.34053,37.15536],[128.34175,37.15467],[128.34194,37.15457],[128.34203,37.15453],[128.34213,37.15448],[128.34236,37.15437],[128.34246,37.15434],[128.34269,37.15429],[128.34277,37.15426],[128.34287,37.15425],[128.34309,37.15425],[128.34321,37.15428],[128.34331,37.15431],[128.34361,37.15449],[128.34377,37.15462],[128.34384,37.1547],[128.34396,37.1549],[128.34408,37.15515],[128.34412,37.15525],[128.34419,37.15534],[128.34436,37.15548],[128.34511,37.15607],[128.34657,37.15702],[128.34673,37.1571],[128.34838,37.15779],[128.34868,37.15791],[128.34882,37.15796],[128.34925,37.15808],[128.34929,37.15809],[128.34938,37.15809],[128.34953,37.1581],[128.34968,37.15809],[128.35001,37.15804],[128.35013,37.15801],[128.35023,37.15797],[128.35033,37.15793],[128.35379,37.15581],[128.35391,37.15574],[128.35407,37.15561],[128.3541,37.15557],[128.35413,37.15554],[128.35418,37.15546],[128.35497,37.15424],[128.35594,37.15336],[128.35766,37.15134],[128.35766,37.15127],[128.35768,37.15118],[128.35775,37.15104],[128.35783,37.15093],[128.35796,37.15076],[128.35814,37.15056],[128.35829,37.15042],[128.35836,37.15037],[128.35851,37.15029],[128.35896,37.15009],[128.35931,37.14997],[128.35946,37.14996],[128.35952,37.14996],[128.35964,37.14999],[128.3598,37.15004]]]]}},{"type":"Feature","properties":{"adm_cd":"33580360","adm_nm":"충청북도 단양군 적성면"},"geometry":{"type":"MultiPolygon","coordinates":[[[[128.24945,37.07506],[128.24961,37.07378],[128.24962,37.07368],[128.24957,37.07315],[128.24956,37.07299],[128.24943,37.07198],[128.2494,37.07191],[128.24935,37.0718],[128.24926,37.07169],[128.24909,37.07153],[128.24901,37.07144],[128.24889,37.07127],[128.24889,37.07124],[128.24889,37.07114],[128.2489,37.07106],[128.24891,37.07101],[128.24896,37.07091],[128.24904,37.0708],[128.2491,37.07073],[128.24959,37.07022],[128.24977,37.07005],[128.24989,37.06994],[128.24999,37.06986],[128.25504,37.06599],[128.25513,37.06595],[128.25751,37.0651],[128.25757,37.06508],[128.25834,37.065],[128.25851,37.065],[128.25863,37.065],[128.26294,37.06232],[128.2668,37.0609],[128.26717,37.06087],[128.26732,37.06085],[128.26741,37.06083],[128.26759,37.06074],[128.26826,37.06027],[128.26839,37.06016],[128.27052,37.05785],[128.27057,37.05779],[128.27074,37.05759],[128.27078,37.05753],[128.27091,37.0573],[128.27092,37.05725],[128.27093,37.05721],[128.27105,37.05382],[128.27105,37.05375],[128.27103,37.05368],[128.271,37.05363],[128.27096,37.05355],[128.27091,37.0535],[128.27084,37.05345],[128.26834,37.052],[128.26825,37.05195],[128.26815,37.05192],[128.26799,37.05188],[128.26792,37.05189],[128.26646,37.05199],[128.26516,37.05196],[128.2649,37.05191],[128.26482,37.05188],[128.26287,37.0503],[128.26281,37.0502],[128.26278,37.05008],[128.26278,37.0499],[128.26279,37.04962],[128.26284,37.04934],[128.2629,37.04906],[128.26301,37.04869],[128.26306,37.04851],[128.26311,37.04845],[128.26328,37.04827],[128.26414,37.04756],[128.26464,37.04721],[128.26468,37.04717],[128.26472,37.04714],[128.26474,37.04709],[128.26473,37.04704],[128.26469,37.04699],[128.26323,37.04569],[128.26306,37.04557],[128.26288,37.04547],[128.26275,37.04541],[128.26246,37.0453],[128.26232,37.04526],[128.26211,37.04522],[128.26196,37.0452],[128.26171,37.04519],[128.25999,37.0443],[128.25993,37.04426],[128.25987,37.04422],[128.25983,37.04417],[128.25981,37.04412],[128.2598,37.04402],[128.25992,37.04198],[128.26011,37.04094],[128.26014,37.0408],[128.26023,37.04067],[128.26045,37.04044],[128.26066,37.04026],[128.26545,37.03714],[128.2661,37.03675],[128.26617,37.03672],[128.26625,37.0367],[128.26925,37.03641],[128.26941,37.03641],[128.26948,37.03642],[128.26956,37.03645],[128.26971,37.03652],[128.26996,37.03669],[128.27045,37.03693],[128.27134,37.03732],[128.27142,37.03734],[128.27146,37.03734],[128.27153,37.03733],[128.27158,37.03731],[128.27335,37.03639],[128.2785,37.03303],[128.27926,37.03243],[128.27934,37.03236],[128.27942,37.03228],[128.27949,37.03219],[128.27954,37.03212],[128.2796,37.032],[128.28066,37.02988],[128.28062,37.02978],[128.28057,37.02968],[128.28056,37.02961],[128.28056,37.02943],[128.28057,37.02927],[128.2806,37.02911],[128.28062,37.02897],[128.28065,37.02891],[128.28069,37.02883],[128.28105,37.0283],[128.28117,37.02812],[128.2817,37.02751],[128.28174,37.02746],[128.28189,37.02741],[128.28461,37.02674],[128.28475,37.02671],[128.2851,37.02666],[128.28529,37.02664],[128.28569,37.0266],[128.28589,37.02658],[128.28627,37.0266],[128.28636,37.02661],[128.28678,37.02687],[128.28693,37.02699],[128.28719,37.02713],[128.28745,37.02721],[128.288,37.02737],[128.29006,37.02736],[128.29129,37.02722],[128.29135,37.02721],[128.29139,37.02718],[128.29367,37.02349],[128.29379,37.02223],[128.29364,37.02206],[128.29338,37.02198],[128.29328,37.02197],[128.29306,37.02197],[128.2928,37.02199],[128.29273,37.02199],[128.29264,37.02198],[128.29329,37.0209],[128.29343,37.0207],[128.29378,37.02023],[128.29409,37.01987],[128.29449,37.01941],[128.29648,37.01718],[128.29769,37.01588],[128.298,37.01557],[128.29847,37.01488],[128.29921,37.01362],[128.29922,37.01356],[128.299,37.01221],[128.29895,37.01203],[128.29884,37.01187],[128.29862,37.01164],[128.29847,37.01144],[128.29843,37.01133],[128.29839,37.01115],[128.29838,37.01109],[128.29838,37.01102],[128.29841,37.0109],[128.29921,37.00936],[128.30166,37.00583],[128.3035,37.00383],[128.3036,37.00371],[128.30394,37.00331],[128.30394,37.00328],[128.30412,37.00116],[128.30413,37.001],[128.30375,36.99786],[128.30374,36.99779],[128.30172,36.99334],[128.30117,36.99238],[128.30027,36.99106],[128.30016,36.99102],[128.29997,36.99098],[128.29979,36.99095],[128.29925,36.99084],[128.2992,36.99082],[128.29916,36.99078],[128.29912,36.99073],[128.29911,36.99069],[128.29927,36.98928],[128.29929,36.98924],[128.29974,36.98819],[128.29978,36.98811],[128.30114,36.98572],[128.30245,36.9835],[128.30248,36.98345],[128.30263,36.98333],[128.30277,36.98323],[128.30835,36.97987],[128.30839,36.97985],[128.30889,36.9797],[128.30955,36.97953],[128.31021,36.97937],[128.31053,36.97929],[128.311,36.97919],[128.31167,36.97905],[128.31183,36.97901],[128.31212,36.97896],[128.3122,36.97895],[128.31225,36.97895],[128.31478,36.9792],[128.31488,36.97921],[128.31494,36.97923],[128.31504,36.97928],[128.31508,36.9793],[128.31544,36.97954],[128.31561,36.97967],[128.31899,36.98175],[128.32628,36.98455],[128.32645,36.98459],[128.3281,36.98497],[128.32815,36.98497],[128.32823,36.98496],[128.32838,36.98492],[128.32847,36.9849],[128.32855,36.98489],[128.33016,36.98451],[128.33025,36.98449],[128.33034,36.98447],[128.33043,36.98444],[128.33052,36.98441],[128.33089,36.98428],[128.33142,36.98409],[128.33159,36.98402],[128.33236,36.9837],[128.33262,36.98359],[128.33269,36.98355],[128.33278,36.98351],[128.33293,36.98342],[128.33309,36.98332],[128.33324,36.98322],[128.33342,36.98307],[128.33357,36.98296],[128.33366,36.98289],[128.33374,36.98284],[128.33392,36.98272],[128.33458,36.98229],[128.33474,36.9822],[128.33485,36.98213],[128.33493,36.98209],[128.3351,36.98202],[128.33538,36.98189],[128.33543,36.98187],[128.33593,36.98165],[128.33748,36.98103],[128.33789,36.98087],[128.33906,36.98062],[128.33999,36.98043],[128.34007,36.98042],[128.34013,36.9804],[128.34023,36.98037],[128.34031,36.98034],[128.34035,36.98032],[128.3406,36.98018],[128.34145,36.97962],[128.34158,36.97953],[128.34161,36.97949],[128.34161,36.97946],[128.34159,36.97941],[128.34024,36.97646],[128.33931,36.97399],[128.33851,36.97172],[128.33815,36.9706],[128.33794,36.96939],[128.33787,36.96882],[128.33775,36.96417],[128.33755,36.9619],[128.33741,36.96148],[128.33587,36.95909],[128.3358,36.959],[128.33579,36.95897],[128.33576,36.95895],[128.33572,36.9589],[128.3357,36.95888],[128.33563,36.95881],[128.33559,36.95878],[128.33423,36.95758],[128.33419,36.95755],[128.33324,36.9568],[128.33215,36.9561],[128.33092,36.9553],[128.32613,36.9523],[128.32534,36.95198],[128.32426,36.95164],[128.32339,36.95135],[128.32282,36.95112],[128.32185,36.95062],[128.32108,36.95021],[128.32022,36.94969],[128.31975,36.94936],[128.31916,36.94892],[128.31779,36.94781],[128.31554,36.94573],[128.31416,36.94454],[128.31312,36.94384],[128.31302,36.94379],[128.31267,36.9436],[128.31233,36.94343],[128.312,36.94329],[128.31174,36.94318],[128.31005,36.94272],[128.30869,36.94234],[128.30684,36.94182],[128.30662,36.94175],[128.30628,36.94163],[128.30591,36.94149],[128.30565,36.94136],[128.30548,36.94125],[128.30527,36.94112],[128.30414,36.94032],[128.3039,36.94013],[128.30364,36.93992],[128.30347,36.93974],[128.30328,36.93951],[128.30313,36.9393],[128.30217,36.93788],[128.30197,36.93755],[128.30171,36.93706],[128.3001,36.93436],[128.29405,36.92784],[128.29315,36.92705],[128.2917,36.92584],[128.29143,36.92562],[128.29079,36.92518],[128.29036,36.92494],[128.29021,36.92487],[128.28996,36.92481],[128.28974,36.92479],[128.28948,36.92479],[128.2892,36.92483],[128.28908,36.92485],[128.28663,36.92561],[128.28602,36.92582],[128.28583,36.92594],[128.28552,36.92635],[128.28548,36.92646],[128.28548,36.92656],[128.28548,36.92669],[128.28549,36.92683],[128.28551,36.92698],[128.28553,36.92707],[128.28583,36.92784],[128.28572,36.92931],[128.28565,36.92999],[128.2854,36.93054],[128.28519,36.93072],[128.28471,36.9311],[128.28405,36.93149],[128.28351,36.93181],[128.2825,36.93214],[128.28043,36.93274],[128.27934,36.93298],[128.27816,36.93315],[128.27753,36.93322],[128.27723,36.93324],[128.27156,36.93305],[128.27047,36.933],[128.27007,36.93298],[128.26805,36.93289],[128.26701,36.93286],[128.26619,36.93292],[128.25988,36.93351],[128.25814,36.9337],[128.25581,36.93408],[128.25409,36.93447],[128.25229,36.9349],[128.25192,36.93502],[128.25148,36.93523],[128.25084,36.93563],[128.25073,36.93577],[128.25064,36.93589],[128.25057,36.93604],[128.25049,36.93626],[128.25045,36.9364],[128.25033,36.93734],[128.25032,36.93748],[128.25036,36.93774],[128.25049,36.93806],[128.25081,36.93843],[128.25129,36.93908],[128.25157,36.9395],[128.2517,36.93982],[128.25175,36.94005],[128.25163,36.94109],[128.25161,36.94122],[128.25156,36.94143],[128.25143,36.94177],[128.25126,36.94211],[128.25117,36.94228],[128.25107,36.94241],[128.25121,36.94241],[128.25146,36.94241],[128.25162,36.94243],[128.25174,36.94245],[128.2531,36.94278],[128.25342,36.94289],[128.25375,36.94301],[128.25425,36.94322],[128.25436,36.94327],[128.25445,36.94332],[128.25598,36.9442],[128.25789,36.94543],[128.25798,36.94554],[128.25824,36.94603],[128.25836,36.9463],[128.25857,36.94675],[128.25984,36.94838],[128.25988,36.94843],[128.25992,36.94848],[128.25999,36.94854],[128.26004,36.94858],[128.26008,36.94861],[128.26013,36.94863],[128.26019,36.94865],[128.26032,36.94869],[128.26207,36.94922],[128.26217,36.94924],[128.2623,36.94925],[128.26235,36.94925],[128.26241,36.94924],[128.26244,36.94923],[128.26252,36.94921],[128.26257,36.9492],[128.26284,36.94915],[128.26292,36.94914],[128.26296,36.94914],[128.26299,36.94914],[128.26303,36.94915],[128.26313,36.94918],[128.26318,36.9492],[128.26322,36.94922],[128.26329,36.94926],[128.26337,36.94929],[128.26359,36.94944],[128.26381,36.9496],[128.26385,36.94963],[128.26391,36.94968],[128.26396,36.94973],[128.26402,36.9498],[128.26412,36.94992],[128.26426,36.95013],[128.26438,36.95036],[128.26442,36.95045],[128.26447,36.95063],[128.26448,36.95072],[128.2645,36.95157],[128.2645,36.9517],[128.26448,36.95182],[128.26433,36.95281],[128.26432,36.95285],[128.26429,36.95294],[128.26426,36.95299],[128.26424,36.95303],[128.26417,36.95307],[128.26324,36.9539],[128.26248,36.95471],[128.26243,36.95478],[128.26127,36.95648],[128.26125,36.95651],[128.26126,36.95654],[128.26135,36.95669],[128.26175,36.95733],[128.26188,36.95751],[128.26193,36.95757],[128.262,36.95765],[128.26209,36.95773],[128.26217,36.95779],[128.26242,36.95793],[128.26278,36.9581],[128.26295,36.95819],[128.26314,36.95828],[128.26363,36.95852],[128.26367,36.95854],[128.26372,36.95857],[128.2639,36.95868],[128.2642,36.9589],[128.26433,36.959],[128.2645,36.95914],[128.2655,36.96006],[128.26625,36.96092],[128.26436,36.96292],[128.26322,36.96408],[128.263,36.9658],[128.26301,36.966],[128.26301,36.96606],[128.26297,36.96622],[128.26292,36.96635],[128.2629,36.96639],[128.26288,36.96642],[128.2628,36.96651],[128.26273,36.9666],[128.26239,36.96697],[128.26229,36.96707],[128.26101,36.9693],[128.26071,36.97218],[128.26045,36.97533],[128.26045,36.97548],[128.26045,36.97553],[128.26043,36.97572],[128.26014,36.9772],[128.25996,36.97811],[128.25962,36.97975],[128.25961,36.97981],[128.25954,36.98003],[128.25947,36.98023],[128.25938,36.98046],[128.2593,36.98063],[128.25928,36.98068],[128.25925,36.98072],[128.25908,36.98098],[128.25901,36.98105],[128.25894,36.98112],[128.25891,36.98115],[128.2588,36.98126],[128.25871,36.98134],[128.2577,36.98333],[128.25641,36.98596],[128.2564,36.98598],[128.25617,36.9866],[128.25615,36.98668],[128.25616,36.98671],[128.25673,36.98708],[128.25679,36.98712],[128.25686,36.98715],[128.2569,36.98716],[128.25693,36.98717],[128.25697,36.98718],[128.257,36.98717],[128.25707,36.98716],[128.25711,36.98715],[128.25716,36.98715],[128.25722,36.98716],[128.25726,36.98717],[128.2573,36.9872],[128.25734,36.98724],[128.25765,36.98829],[128.25766,36.98833],[128.25769,36.98846],[128.25873,36.99307],[128.25874,36.99313],[128.25873,36.99316],[128.25871,36.9932],[128.25824,36.994],[128.25821,36.99404],[128.25818,36.99408],[128.25755,36.99496],[128.2575,36.99502],[128.25735,36.9952],[128.25729,36.99528],[128.25713,36.99545],[128.25706,36.99551],[128.257,36.99556],[128.25685,36.99567],[128.25677,36.99572],[128.25412,36.99741],[128.25386,36.99753],[128.25576,36.99796],[128.25599,36.99803],[128.25617,36.9981],[128.25631,36.99818],[128.2564,36.99824],[128.25654,36.99833],[128.25665,36.99841],[128.25671,36.99847],[128.25676,36.99852],[128.25698,36.99876],[128.25714,36.99895],[128.25727,36.99922],[128.25736,36.99945],[128.25744,36.99976],[128.25752,37.00008],[128.25753,37.00012],[128.25753,37.00019],[128.25752,37.00027],[128.2575,37.00035],[128.25682,37.0028],[128.25634,37.00427],[128.25522,37.0071],[128.25515,37.00721],[128.25383,37.00928],[128.25379,37.00934],[128.25375,37.00936],[128.2535,37.0094],[128.25319,37.00945],[128.25303,37.00948],[128.25286,37.00952],[128.25258,37.00963],[128.2509,37.01052],[128.25078,37.01059],[128.25071,37.01064],[128.24879,37.01254],[128.24795,37.01347],[128.24773,37.01374],[128.24766,37.01385],[128.24627,37.01643],[128.24583,37.01774],[128.24459,37.02041],[128.24457,37.02045],[128.24405,37.0209],[128.24397,37.02098],[128.24392,37.02102],[128.24057,37.02374],[128.24044,37.02384],[128.24041,37.02385],[128.24038,37.02387],[128.24025,37.02393],[128.2402,37.02395],[128.23836,37.0248],[128.23829,37.02482],[128.23762,37.02498],[128.23749,37.02501],[128.23741,37.02502],[128.2338,37.02491],[128.23069,37.02455],[128.23054,37.02452],[128.23041,37.02449],[128.23028,37.02448],[128.23012,37.02446],[128.22997,37.02444],[128.22984,37.02443],[128.22973,37.02443],[128.22964,37.02443],[128.22829,37.02441],[128.22825,37.02441],[128.22821,37.02441],[128.22813,37.02445],[128.22669,37.02524],[128.22656,37.02531],[128.22652,37.02534],[128.22648,37.02537],[128.22645,37.02542],[128.22644,37.02546],[128.22645,37.02549],[128.22653,37.0257],[128.22656,37.02575],[128.22664,37.02585],[128.22674,37.02601],[128.22678,37.02608],[128.22679,37.02614],[128.22679,37.02623],[128.22676,37.02631],[128.22671,37.02636],[128.22665,37.0264],[128.22565,37.02685],[128.22555,37.02689],[128.22524,37.027],[128.2252,37.0278],[128.22451,37.02963],[128.22418,37.03131],[128.22417,37.03141],[128.22417,37.03148],[128.2242,37.0316],[128.22425,37.03181],[128.22431,37.03199],[128.22438,37.03218],[128.22449,37.03239],[128.22461,37.03264],[128.22472,37.03279],[128.2248,37.03291],[128.22486,37.033],[128.22489,37.03306],[128.2249,37.03313],[128.2249,37.03318],[128.22486,37.0333],[128.2248,37.03348],[128.22475,37.03358],[128.22473,37.03363],[128.2244,37.03421],[128.22435,37.0343],[128.22432,37.03434],[128.22428,37.03438],[128.22415,37.03448],[128.22401,37.03459],[128.22388,37.03468],[128.22352,37.03489],[128.2217,37.03593],[128.22153,37.03599],[128.22063,37.03631],[128.21862,37.03697],[128.21735,37.03723],[128.21731,37.03725],[128.21729,37.03728],[128.21727,37.03733],[128.21728,37.03739],[128.2173,37.03749],[128.21734,37.03755],[128.21837,37.03911],[128.21894,37.03986],[128.2195,37.04047],[128.2196,37.04059],[128.22054,37.04168],[128.22057,37.04172],[128.22063,37.04182],[128.22066,37.04186],[128.22067,37.04192],[128.22067,37.04196],[128.22061,37.0423],[128.2206,37.04234],[128.22056,37.04244],[128.22029,37.04296],[128.22026,37.043],[128.22019,37.04304],[128.2201,37.04312],[128.21999,37.04332],[128.21984,37.04369],[128.2196,37.04429],[128.21944,37.04475],[128.21926,37.04571],[128.21925,37.0458],[128.21926,37.04585],[128.22046,37.04867],[128.22088,37.04921],[128.21969,37.05117],[128.21929,37.05176],[128.21801,37.05418],[128.21798,37.05424],[128.21798,37.05429],[128.218,37.05437],[128.21806,37.05443],[128.2185,37.05483],[128.21863,37.05491],[128.21876,37.05497],[128.21883,37.055],[128.21888,37.05501],[128.21893,37.055],[128.21901,37.05499],[128.2191,37.05499],[128.21922,37.05498],[128.21937,37.055],[128.21968,37.05505],[128.21998,37.05511],[128.22037,37.05522],[128.22071,37.05533],[128.22098,37.05542],[128.22121,37.05551],[128.22133,37.05558],[128.22145,37.05564],[128.22151,37.05568],[128.22159,37.05575],[128.22171,37.05587],[128.22183,37.05599],[128.22189,37.05607],[128.22502,37.06056],[128.22559,37.0623],[128.22564,37.06237],[128.22584,37.06254],[128.2259,37.06258],[128.22596,37.06261],[128.22642,37.06274],[128.22668,37.0628],[128.22693,37.06286],[128.22728,37.0629],[128.22784,37.06293],[128.22802,37.06294],[128.23156,37.06383],[128.23602,37.06504],[128.23643,37.06518],[128.23667,37.06527],[128.2368,37.06532],[128.23686,37.06536],[128.2369,37.06539],[128.23851,37.06734],[128.23856,37.06741],[128.2387,37.06773],[128.23873,37.06783],[128.23875,37.0679],[128.23879,37.06959],[128.23878,37.0698],[128.23875,37.06995],[128.23869,37.07005],[128.2386,37.07017],[128.23853,37.07027],[128.2385,37.07033],[128.23844,37.0705],[128.23843,37.07058],[128.23846,37.07111],[128.23848,37.07123],[128.23852,37.07135],[128.23952,37.07342],[128.23975,37.07378],[128.23978,37.07382],[128.23984,37.07387],[128.23995,37.07393],[128.24326,37.07533],[128.24399,37.07563],[128.24792,37.07613],[128.24945,37.07506]]]]}},{"type":"Feature","properties":{"adm_cd":"33590140","adm_nm":"충청북도 증평군 증평읍"},"geometry":{"type":"MultiPolygon","coordinates":[[[[127.62453,36.7927],[127.62506,36.79211],[127.62637,36.79056],[127.62643,36.79029],[127.62612,36.78992],[127.62588,36.78965],[127.62547,36.78928],[127.62512,36.78934],[127.62491,36.7894],[127.62468,36.78946],[127.62434,36.7895],[127.62413,36.78945],[127.62392,36.78941],[127.62171,36.78852],[127.62132,36.78831],[127.62104,36.78815],[127.62089,36.78728],[127.6206,36.77953],[127.62091,36.77868],[127.62094,36.77866],[127.62109,36.77859],[127.62125,36.77851],[127.62151,36.77846],[127.6217,36.77844],[127.62191,36.77841],[127.62222,36.77853],[127.62259,36.77877],[127.62288,36.77896],[127.62295,36.77899],[127.62301,36.77901],[127.6275,36.77644],[127.62923,36.77319],[127.62816,36.77021],[127.627,36.76702],[127.62538,36.76437],[127.62425,36.76252],[127.62409,36.76218],[127.62376,36.76055],[127.62373,36.76034],[127.62401,36.76023],[127.62688,36.75775],[127.62726,36.75712],[127.62987,36.75341],[127.63039,36.75287],[127.63242,36.75197],[127.63285,36.75183],[127.6332,36.75178],[127.63339,36.75181],[127.6352,36.75016],[127.63547,36.7469],[127.63618,36.74123],[127.63638,36.74088],[127.63676,36.74058],[127.63842,36.7389],[127.63886,36.73828],[127.639,36.73797],[127.63872,36.73724],[127.63856,36.73655],[127.6386,36.7343],[127.63863,36.73287],[127.63915,36.73232],[127.63941,36.73222],[127.63971,36.73211],[127.64129,36.73171],[127.64164,36.73168],[127.64946,36.73269],[127.65117,36.73494],[127.65125,36.73501],[127.65135,36.73513],[127.65226,36.73539],[127.65285,36.73537],[127.65391,36.73525],[127.65429,36.73503],[127.65521,36.73412],[127.65598,36.73318],[127.65632,36.73281],[127.65645,36.73269],[127.65658,36.73257],[127.65668,36.7325],[127.65679,36.73242],[127.65839,36.73219],[127.65887,36.73215],[127.65989,36.73213],[127.66036,36.73215],[127.66165,36.73223],[127.66237,36.73232],[127.6629,36.73196],[127.66377,36.73109],[127.66406,36.7308],[127.66492,36.72978],[127.66476,36.72893],[127.66438,36.72797],[127.6634,36.72639],[127.66327,36.72623],[127.66268,36.72525],[127.66207,36.72362],[127.66203,36.7235],[127.66198,36.72337],[127.66176,36.72257],[127.66176,36.72252],[127.66163,36.71946],[127.66163,36.71935],[127.66163,36.71925],[127.66164,36.71914],[127.66166,36.71905],[127.66201,36.71732],[127.66204,36.7172],[127.66209,36.7171],[127.66217,36.71696],[127.66223,36.71686],[127.66161,36.71435],[127.65933,36.71122],[127.65626,36.70682],[127.65623,36.70673],[127.65623,36.70665],[127.65623,36.70654],[127.65627,36.70634],[127.6563,36.70617],[127.6563,36.70604],[127.65629,36.70596],[127.65626,36.7059],[127.65617,36.70576],[127.65551,36.70499],[127.6553,36.70474],[127.65522,36.70468],[127.65507,36.70457],[127.65489,36.70445],[127.65465,36.70431],[127.65074,36.70201],[127.65067,36.70199],[127.64794,36.70125],[127.64785,36.70124],[127.64249,36.70264],[127.64244,36.70268],[127.64221,36.7029],[127.64213,36.703],[127.64206,36.70312],[127.64158,36.70401],[127.64155,36.70407],[127.64153,36.70415],[127.64151,36.70425],[127.64149,36.70437],[127.64149,36.70449],[127.6415,36.70476],[127.6415,36.70489],[127.64149,36.70505],[127.64147,36.70517],[127.64145,36.7053],[127.64141,36.70542],[127.64138,36.70547],[127.64135,36.7055],[127.63851,36.70757],[127.6384,36.70764],[127.63832,36.70768],[127.63822,36.70773],[127.63625,36.7084],[127.63589,36.70851],[127.63562,36.70858],[127.6354,36.70863],[127.63513,36.70868],[127.63491,36.70871],[127.63472,36.70872],[127.6345,36.70872],[127.63429,36.70872],[127.634,36.70868],[127.62693,36.70749],[127.62553,36.70687],[127.62505,36.70664],[127.62464,36.70642],[127.62435,36.70624],[127.62413,36.70608],[127.62405,36.70601],[127.62401,36.70595],[127.62398,36.70588],[127.62396,36.70572],[127.62392,36.70562],[127.62389,36.70556],[127.62385,36.70552],[127.62369,36.70542],[127.62343,36.70526],[127.62285,36.70492],[127.62279,36.70491],[127.6226,36.70497],[127.62094,36.70583],[127.62001,36.70654],[127.61892,36.70739],[127.61884,36.70743],[127.61873,36.70744],[127.61776,36.70745],[127.61788,36.70883],[127.61875,36.71362],[127.61876,36.71511],[127.61866,36.71641],[127.61799,36.71727],[127.61732,36.71777],[127.61665,36.71799],[127.6166,36.718],[127.61592,36.71822],[127.61542,36.71871],[127.61485,36.72205],[127.6143,36.72526],[127.61383,36.72627],[127.6133,36.72682],[127.61272,36.72674],[127.61105,36.72773],[127.61116,36.72903],[127.61078,36.72958],[127.60989,36.73161],[127.6099,36.73555],[127.60981,36.73559],[127.60878,36.73623],[127.60871,36.73627],[127.60865,36.73634],[127.60846,36.73659],[127.60844,36.73663],[127.60841,36.73672],[127.60837,36.73698],[127.60838,36.73704],[127.608,36.73981],[127.60586,36.74371],[127.60581,36.74377],[127.60577,36.74382],[127.60417,36.74557],[127.60411,36.74561],[127.60398,36.74567],[127.60383,36.74574],[127.60371,36.74579],[127.6036,36.74582],[127.60353,36.74583],[127.60343,36.74585],[127.60337,36.74586],[127.60329,36.74585],[127.60057,36.7457],[127.60048,36.74568],[127.60037,36.74565],[127.60024,36.7456],[127.60009,36.74554],[127.60004,36.74551],[127.59963,36.74515],[127.59938,36.74488],[127.59923,36.74472],[127.59915,36.74465],[127.59904,36.74458],[127.5989,36.74452],[127.59868,36.74443],[127.59845,36.74436],[127.59835,36.74433],[127.59828,36.74432],[127.59819,36.74432],[127.59615,36.74457],[127.59578,36.74468],[127.59287,36.74632],[127.59208,36.74686],[127.59125,36.74757],[127.59026,36.74858],[127.59023,36.74862],[127.59023,36.74867],[127.59025,36.74874],[127.59024,36.75341],[127.58841,36.7571],[127.58899,36.75965],[127.58905,36.76006],[127.58881,36.76227],[127.58879,36.76234],[127.58873,36.76241],[127.58867,36.76247],[127.5886,36.76253],[127.58479,36.76458],[127.57709,36.76678],[127.57607,36.76697],[127.57591,36.76702],[127.57566,36.76712],[127.57533,36.76726],[127.57516,36.76735],[127.5751,36.76739],[127.57501,36.76745],[127.57494,36.76751],[127.57372,36.76881],[127.5727,36.76984],[127.57257,36.76997],[127.57239,36.77016],[127.57227,36.77023],[127.57211,36.77033],[127.57193,36.77043],[127.5708,36.77105],[127.57019,36.77137],[127.56997,36.77144],[127.56974,36.77148],[127.56872,36.77176],[127.56783,36.77277],[127.56775,36.77286],[127.56771,36.77294],[127.56767,36.77303],[127.56763,36.77335],[127.5676,36.77359],[127.56759,36.7739],[127.56759,36.77397],[127.56759,36.77434],[127.56756,36.77458],[127.56752,36.77486],[127.5675,36.77493],[127.56698,36.77644],[127.56658,36.77739],[127.5665,36.77755],[127.56632,36.77789],[127.56422,36.77962],[127.56438,36.78128],[127.56299,36.78369],[127.56152,36.78649],[127.56014,36.78927],[127.55825,36.79338],[127.5576,36.79509],[127.55677,36.79674],[127.55658,36.79711],[127.55539,36.79898],[127.55533,36.79905],[127.55526,36.79913],[127.55519,36.79922],[127.55507,36.79924],[127.55494,36.79925],[127.55301,36.79929],[127.55287,36.79929],[127.55274,36.79929],[127.55266,36.79927],[127.55256,36.79926],[127.55237,36.79921],[127.55079,36.79881],[127.55062,36.79873],[127.55048,36.79866],[127.55011,36.79834],[127.54998,36.79822],[127.54987,36.79809],[127.54978,36.79802],[127.54962,36.79798],[127.54922,36.79798],[127.54913,36.798],[127.549,36.79802],[127.5487,36.79807],[127.54849,36.79816],[127.54313,36.80194],[127.54091,36.80425],[127.5405,36.80496],[127.5404,36.80513],[127.54025,36.80534],[127.53932,36.80652],[127.5392,36.80665],[127.53877,36.80702],[127.53858,36.80715],[127.53833,36.80731],[127.53756,36.80773],[127.53707,36.80793],[127.54284,36.81246],[127.54419,36.81341],[127.54436,36.81351],[127.54477,36.81371],[127.54487,36.81374],[127.54683,36.81331],[127.54742,36.81316],[127.54786,36.81305],[127.54906,36.81297],[127.54926,36.81297],[127.54944,36.81301],[127.5495,36.81303],[127.54962,36.81307],[127.55261,36.81524],[127.55577,36.81794],[127.55933,36.8188],[127.56142,36.81894],[127.56146,36.81889],[127.56152,36.81887],[127.56162,36.81885],[127.56185,36.8188],[127.56214,36.81874],[127.56318,36.81855],[127.56323,36.81855],[127.56327,36.81854],[127.56407,36.8186],[127.56434,36.81865],[127.57113,36.82025],[127.57207,36.82048],[127.57211,36.8205],[127.57215,36.82052],[127.57396,36.82216],[127.57504,36.82339],[127.57509,36.82346],[127.57513,36.82351],[127.57518,36.82357],[127.57531,36.82381],[127.57615,36.82543],[127.57664,36.82686],[127.57666,36.82693],[127.57674,36.82703],[127.57774,36.82815],[127.5781,36.82846],[127.57842,36.82872],[127.57899,36.82912],[127.57959,36.82824],[127.58158,36.82549],[127.58172,36.82534],[127.58298,36.82425],[127.58305,36.8242],[127.58311,36.82416],[127.58318,36.82413],[127.58326,36.8241],[127.58471,36.82359],[127.58807,36.8218],[127.58822,36.82174],[127.58826,36.82172],[127.58852,36.82149],[127.58879,36.82122],[127.5888,36.82118],[127.58881,36.82113],[127.5888,36.82108],[127.5882,36.81968],[127.58778,36.81848],[127.58826,36.8137],[127.5883,36.81361],[127.58839,36.81346],[127.58847,36.81338],[127.58853,36.81332],[127.58867,36.8132],[127.5896,36.81258],[127.58995,36.81239],[127.5901,36.81232],[127.59025,36.81224],[127.59051,36.81214],[127.5916,36.8118],[127.59295,36.81147],[127.59421,36.81132],[127.59446,36.81131],[127.59463,36.81132],[127.59491,36.81138],[127.59505,36.81145],[127.59511,36.81148],[127.59517,36.81151],[127.59669,36.8104],[127.59849,36.80729],[127.59848,36.80718],[127.59848,36.80704],[127.59851,36.80698],[127.59856,36.80693],[127.59861,36.80688],[127.59878,36.80674],[127.59903,36.8066],[127.59924,36.80653],[127.59948,36.8065],[127.60077,36.80643],[127.60272,36.80638],[127.60341,36.80641],[127.60351,36.80642],[127.6036,36.80643],[127.6037,36.80645],[127.60382,36.80647],[127.60429,36.80658],[127.60439,36.80661],[127.60515,36.80647],[127.60635,36.80598],[127.60768,36.80526],[127.60782,36.80518],[127.60791,36.80511],[127.60796,36.80502],[127.60812,36.80445],[127.60818,36.80423],[127.6084,36.80321],[127.60837,36.80306],[127.60832,36.80299],[127.60821,36.80289],[127.60799,36.80267],[127.60767,36.80232],[127.60749,36.80203],[127.60742,36.80164],[127.60742,36.80133],[127.60739,36.79983],[127.6074,36.79966],[127.60799,36.79881],[127.60844,36.79821],[127.60858,36.79812],[127.60871,36.79809],[127.60883,36.79805],[127.61002,36.79791],[127.61023,36.79794],[127.61031,36.79797],[127.61041,36.79801],[127.61053,36.79808],[127.61063,36.79814],[127.61102,36.79828],[127.61284,36.79841],[127.61317,36.79843],[127.61347,36.79836],[127.61376,36.79821],[127.61686,36.79628],[127.61706,36.79607],[127.61714,36.79601],[127.61723,36.79594],[127.61735,36.7959],[127.61747,36.79585],[127.61867,36.79544],[127.61875,36.79543],[127.61889,36.7954],[127.61988,36.79534],[127.62,36.79535],[127.6201,36.79537],[127.62038,36.79543],[127.62064,36.79553],[127.6208,36.79563],[127.62101,36.79576],[127.62408,36.7933],[127.62453,36.7927]]]]}},{"type":"Feature","properties":{"adm_cd":"33590310","adm_nm":"충청북도 증평군 도안면"},"geometry":{"type":"MultiPolygon","coordinates":[[[[127.63784,36.8473],[127.63752,36.84675],[127.63747,36.84577],[127.63787,36.84519],[127.63819,36.84483],[127.6388,36.84424],[127.63911,36.8438],[127.63915,36.84361],[127.63927,36.84249],[127.63866,36.84095],[127.638,36.83992],[127.63732,36.8396],[127.63682,36.83918],[127.63447,36.83622],[127.6342,36.83572],[127.63366,36.83417],[127.63223,36.83041],[127.62918,36.82612],[127.62897,36.82224],[127.62954,36.81965],[127.63089,36.81576],[127.63105,36.81542],[127.63115,36.81522],[127.6315,36.81483],[127.63339,36.81427],[127.63392,36.81405],[127.63421,36.81382],[127.63657,36.81142],[127.63673,36.80977],[127.63672,36.8095],[127.6365,36.80925],[127.63587,36.80871],[127.63505,36.80861],[127.63462,36.80843],[127.63439,36.80814],[127.63421,36.80769],[127.63413,36.80728],[127.63421,36.80712],[127.63567,36.80486],[127.63606,36.80448],[127.63726,36.80427],[127.63759,36.80419],[127.63891,36.80383],[127.63986,36.80336],[127.64188,36.80166],[127.64191,36.80144],[127.64195,36.79983],[127.64146,36.79982],[127.64069,36.79919],[127.64058,36.79878],[127.64054,36.79839],[127.63955,36.79738],[127.63764,36.79546],[127.63481,36.79343],[127.63446,36.79347],[127.63416,36.79365],[127.63304,36.7938],[127.6293,36.79396],[127.62756,36.793],[127.62646,36.79253],[127.62453,36.7927],[127.62408,36.7933],[127.62101,36.79576],[127.6208,36.79563],[127.62064,36.79553],[127.62038,36.79543],[127.6201,36.79537],[127.62,36.79535],[127.61988,36.79534],[127.61889,36.7954],[127.61875,36.79543],[127.61867,36.79544],[127.61747,36.79585],[127.61735,36.7959],[127.61723,36.79594],[127.61714,36.79601],[127.61706,36.79607],[127.61686,36.79628],[127.61376,36.79821],[127.61347,36.79836],[127.61317,36.79843],[127.61284,36.79841],[127.61102,36.79828],[127.61063,36.79814],[127.61053,36.79808],[127.61041,36.79801],[127.61031,36.79797],[127.61023,36.79794],[127.61002,36.79791],[127.60883,36.79805],[127.60871,36.79809],[127.60858,36.79812],[127.60844,36.79821],[127.60799,36.79881],[127.6074,36.79966],[127.60739,36.79983],[127.60742,36.80133],[127.60742,36.80164],[127.60749,36.80203],[127.60767,36.80232],[127.60799,36.80267],[127.60821,36.80289],[127.60832,36.80299],[127.60837,36.80306],[127.6084,36.80321],[127.60818,36.80423],[127.60812,36.80445],[127.60796,36.80502],[127.60791,36.80511],[127.60782,36.80518],[127.60768,36.80526],[127.60635,36.80598],[127.60515,36.80647],[127.60439,36.80661],[127.60429,36.80658],[127.60382,36.80647],[127.6037,36.80645],[127.6036,36.80643],[127.60351,36.80642],[127.60341,36.80641],[127.60272,36.80638],[127.60077,36.80643],[127.59948,36.8065],[127.59924,36.80653],[127.59903,36.8066],[127.59878,36.80674],[127.59861,36.80688],[127.59856,36.80693],[127.59851,36.80698],[127.59848,36.80704],[127.59848,36.80718],[127.59849,36.80729],[127.59669,36.8104],[127.59517,36.81151],[127.59511,36.81148],[127.59505,36.81145],[127.59491,36.81138],[127.59463,36.81132],[127.59446,36.81131],[127.59421,36.81132],[127.59295,36.81147],[127.5916,36.8118],[127.59051,36.81214],[127.59025,36.81224],[127.5901,36.81232],[127.58995,36.81239],[127.5896,36.81258],[127.58867,36.8132],[127.58853,36.81332],[127.58847,36.81338],[127.58839,36.81346],[127.5883,36.81361],[127.58826,36.8137],[127.58778,36.81848],[127.5882,36.81968],[127.5888,36.82108],[127.58881,36.82113],[127.5888,36.82118],[127.58879,36.82122],[127.58852,36.82149],[127.58826,36.82172],[127.58822,36.82174],[127.58807,36.8218],[127.58471,36.82359],[127.58326,36.8241],[127.58318,36.82413],[127.58311,36.82416],[127.58305,36.8242],[127.58298,36.82425],[127.58172,36.82534],[127.58158,36.82549],[127.57959,36.82824],[127.57899,36.82912],[127.57807,36.83],[127.57788,36.83012],[127.5777,36.83016],[127.57743,36.83015],[127.57722,36.8301],[127.57529,36.82945],[127.57486,36.8293],[127.57369,36.82882],[127.57243,36.82834],[127.57234,36.82832],[127.57203,36.82824],[127.57105,36.82813],[127.57084,36.82812],[127.57066,36.82811],[127.57015,36.8281],[127.56996,36.82812],[127.56982,36.82813],[127.56965,36.82816],[127.56957,36.82818],[127.56952,36.82821],[127.56949,36.82824],[127.5674,36.82992],[127.56738,36.82995],[127.56737,36.82999],[127.56737,36.83007],[127.56738,36.83012],[127.56743,36.83035],[127.56751,36.83068],[127.56761,36.83104],[127.56766,36.83114],[127.56775,36.83129],[127.56818,36.83193],[127.56882,36.83284],[127.56932,36.83354],[127.56943,36.83373],[127.56946,36.83381],[127.56947,36.83389],[127.56947,36.83416],[127.56945,36.83449],[127.56944,36.83466],[127.56927,36.83567],[127.56913,36.83637],[127.56908,36.83659],[127.56903,36.83673],[127.57035,36.84009],[127.57185,36.84294],[127.57226,36.84575],[127.57221,36.8491],[127.57213,36.84924],[127.57186,36.84989],[127.57182,36.85],[127.57182,36.85005],[127.57184,36.85007],[127.57332,36.85087],[127.57353,36.85091],[127.57567,36.85097],[127.57588,36.85094],[127.57608,36.85088],[127.57625,36.8508],[127.57658,36.85074],[127.57699,36.8507],[127.57714,36.85069],[127.57734,36.8507],[127.57764,36.85078],[127.57792,36.85091],[127.57798,36.85095],[127.57806,36.85102],[127.57813,36.85109],[127.57821,36.8513],[127.57823,36.85142],[127.5783,36.85198],[127.5783,36.85213],[127.57829,36.85233],[127.57824,36.85254],[127.57811,36.85285],[127.57791,36.85327],[127.57798,36.85344],[127.57813,36.8539],[127.57825,36.85434],[127.57829,36.85486],[127.57826,36.85553],[127.57822,36.85604],[127.57821,36.85617],[127.57826,36.85644],[127.57835,36.85684],[127.57848,36.8571],[127.57864,36.85732],[127.57901,36.85777],[127.57935,36.85805],[127.58001,36.8585],[127.5805,36.85873],[127.58084,36.85878],[127.58106,36.85873],[127.5815,36.85851],[127.58174,36.85834],[127.58198,36.85818],[127.58251,36.85788],[127.58275,36.85776],[127.58291,36.85769],[127.58365,36.85744],[127.58393,36.85738],[127.58415,36.85735],[127.58447,36.85733],[127.58747,36.85725],[127.59001,36.8574],[127.59102,36.85754],[127.59121,36.85759],[127.59133,36.85761],[127.59148,36.85759],[127.59162,36.85753],[127.59185,36.85741],[127.59199,36.85731],[127.59221,36.85716],[127.59238,36.85702],[127.59257,36.85687],[127.59272,36.85671],[127.59417,36.85502],[127.59441,36.85472],[127.59452,36.85456],[127.595,36.85386],[127.59523,36.85352],[127.59535,36.85327],[127.59547,36.85301],[127.59785,36.85202],[127.60297,36.85195],[127.6032,36.852],[127.60643,36.85338],[127.6114,36.8565],[127.61169,36.85672],[127.61239,36.85732],[127.61263,36.85756],[127.61274,36.85764],[127.61353,36.85809],[127.61378,36.85818],[127.61563,36.85869],[127.61582,36.85871],[127.61607,36.85872],[127.61623,36.8587],[127.61628,36.8587],[127.61647,36.85861],[127.61665,36.85845],[127.61695,36.85815],[127.61735,36.85771],[127.6174,36.85765],[127.61742,36.85756],[127.61697,36.85631],[127.6168,36.85594],[127.616,36.85415],[127.61593,36.85402],[127.61573,36.85365],[127.61541,36.85312],[127.61529,36.85301],[127.61522,36.85298],[127.61509,36.85298],[127.61491,36.85299],[127.61476,36.85302],[127.61453,36.85302],[127.61443,36.853],[127.61434,36.85296],[127.61289,36.85129],[127.61273,36.85106],[127.61143,36.84824],[127.61139,36.84814],[127.61133,36.84794],[127.61131,36.84783],[127.61133,36.84772],[127.61184,36.84532],[127.61187,36.84526],[127.61275,36.84407],[127.61293,36.84396],[127.61343,36.83921],[127.61349,36.83618],[127.61353,36.83496],[127.61355,36.83486],[127.61361,36.83471],[127.61372,36.83458],[127.61391,36.83443],[127.61412,36.83431],[127.61425,36.83425],[127.61435,36.83425],[127.61464,36.83426],[127.61573,36.83431],[127.61594,36.83435],[127.61646,36.83444],[127.61667,36.83451],[127.61687,36.8346],[127.61704,36.83472],[127.61724,36.83488],[127.61776,36.8354],[127.61788,36.83557],[127.61795,36.83571],[127.61808,36.83604],[127.61815,36.8362],[127.61824,36.8363],[127.61833,36.83636],[127.61847,36.83645],[127.61859,36.8365],[127.62007,36.83693],[127.62029,36.83698],[127.62103,36.8371],[127.62187,36.83719],[127.62285,36.83728],[127.62326,36.8373],[127.62344,36.83732],[127.62461,36.83757],[127.62473,36.83761],[127.62478,36.83764],[127.62485,36.8377],[127.62499,36.83786],[127.62513,36.83808],[127.62572,36.83944],[127.62578,36.8396],[127.62595,36.84013],[127.626,36.84033],[127.62598,36.84052],[127.62596,36.84061],[127.62594,36.84067],[127.62594,36.84078],[127.62603,36.84141],[127.62619,36.84195],[127.62636,36.84232],[127.62644,36.84245],[127.62652,36.84256],[127.62657,36.84259],[127.63112,36.84513],[127.63539,36.84705],[127.63556,36.84712],[127.63573,36.84715],[127.63784,36.8473]]]]}}]}