{"type":"FeatureCollection","features":[{"type":"Feature","properties":{"adm_cd":"39010110","adm_nm":"제주특별자치도 제주시 한림읍"},"geometry":{"type":"MultiPolygon","coordinates":[[[[126.23128,33.40475],[126.22994,33.40413],[126.22589,33.40409],[126.22501,33.40422],[126.22488,33.40425],[126.22336,33.40497],[126.22323,33.40503],[126.22244,33.40548],[126.22209,33.40568],[126.22202,33.40579],[126.22198,33.40589],[126.2218,33.41002],[126.22298,33.41164],[126.22307,33.41171],[126.22314,33.41175],[126.22324,33.4118],[126.22638,33.41257],[126.22649,33.41259],[126.22658,33.4126],[126.22692,33.4126],[126.22701,33.4126],[126.22763,33.4126],[126.22776,33.41258],[126.22874,33.41245],[126.22885,33.41242],[126.22892,33.41239],[126.22998,33.41194],[126.23012,33.41187],[126.2305,33.4116],[126.23122,33.41109],[126.2314,33.41094],[126.23201,33.41033],[126.23207,33.41027],[126.23211,33.4102],[126.23218,33.41006],[126.23221,33.40991],[126.23202,33.40869],[126.23185,33.40767],[126.23128,33.40475]]],[[[126.29638,33.44752],[126.29911,33.44596],[126.29963,33.44528],[126.29977,33.44465],[126.29975,33.44439],[126.29971,33.44383],[126.29939,33.44278],[126.29914,33.44195],[126.29891,33.44129],[126.29883,33.43953],[126.30027,33.43558],[126.30001,33.43285],[126.30002,33.43279],[126.30149,33.42942],[126.30182,33.429],[126.30205,33.42876],[126.30237,33.42843],[126.30253,33.42828],[126.30266,33.42819],[126.30285,33.42808],[126.30352,33.42778],[126.30361,33.42737],[126.30297,33.4229],[126.30246,33.41985],[126.30201,33.41766],[126.30209,33.4169],[126.30347,33.41327],[126.30763,33.4083],[126.30791,33.40832],[126.30808,33.40831],[126.30813,33.40826],[126.30855,33.40715],[126.30892,33.40572],[126.30972,33.40085],[126.30983,33.39956],[126.31071,33.39829],[126.31555,33.39269],[126.31823,33.39023],[126.32065,33.38952],[126.32191,33.389],[126.3233,33.38731],[126.32331,33.38618],[126.32306,33.38481],[126.32286,33.38377],[126.32275,33.38313],[126.32327,33.37897],[126.32355,33.37857],[126.32607,33.37527],[126.33423,33.36643],[126.33441,33.36624],[126.33487,33.36597],[126.33526,33.36584],[126.33559,33.36575],[126.33589,33.36571],[126.33608,33.36564],[126.3368,33.36515],[126.33995,33.36301],[126.3405,33.3624],[126.34118,33.36181],[126.34201,33.36119],[126.34387,33.35998],[126.34425,33.35977],[126.34467,33.35957],[126.34556,33.35928],[126.34666,33.35891],[126.34804,33.35843],[126.34825,33.35833],[126.34866,33.35808],[126.3506,33.35682],[126.35172,33.35589],[126.35209,33.35559],[126.35434,33.35413],[126.35483,33.35389],[126.35521,33.35373],[126.35842,33.35254],[126.36324,33.35043],[126.36359,33.35027],[126.36629,33.349],[126.37152,33.34743],[126.37516,33.34677],[126.37491,33.34676],[126.37391,33.34629],[126.37182,33.34521],[126.37094,33.34473],[126.37072,33.34457],[126.37042,33.34423],[126.37006,33.34361],[126.36886,33.34157],[126.36702,33.34123],[126.36549,33.34133],[126.35796,33.3414],[126.35721,33.34119],[126.35608,33.34107],[126.35395,33.34087],[126.35314,33.34086],[126.35211,33.34086],[126.35191,33.34087],[126.34938,33.34109],[126.34789,33.34146],[126.34718,33.34202],[126.34536,33.34286],[126.34499,33.34302],[126.3446,33.34312],[126.34327,33.34332],[126.34273,33.3432],[126.34203,33.34299],[126.33875,33.34149],[126.33808,33.34116],[126.33774,33.34099],[126.33729,33.34074],[126.33662,33.34027],[126.33606,33.33924],[126.33402,33.33673],[126.3309,33.33296],[126.33015,33.33244],[126.32924,33.33199],[126.32755,33.33144],[126.32703,33.33116],[126.3261,33.33002],[126.32587,33.32949],[126.32578,33.32896],[126.32565,33.3283],[126.32528,33.32787],[126.32382,33.32635],[126.32368,33.32629],[126.32238,33.32578],[126.32217,33.32572],[126.32178,33.3257],[126.32149,33.32572],[126.32115,33.32584],[126.321,33.32599],[126.32073,33.32634],[126.32018,33.32673],[126.31948,33.32704],[126.31909,33.3272],[126.31838,33.32731],[126.31814,33.32734],[126.31753,33.32726],[126.31728,33.32707],[126.31704,33.32673],[126.31584,33.32618],[126.31558,33.32609],[126.31032,33.32454],[126.30281,33.3223],[126.3025,33.32219],[126.30197,33.32191],[126.30177,33.32178],[126.29981,33.31981],[126.29898,33.31986],[126.29819,33.31992],[126.29756,33.32],[126.297,33.32012],[126.29627,33.32034],[126.29586,33.3205],[126.29532,33.32072],[126.29464,33.321],[126.29367,33.32152],[126.29309,33.32187],[126.29268,33.32215],[126.29216,33.32257],[126.29151,33.3231],[126.28784,33.32595],[126.2871,33.32649],[126.28636,33.32703],[126.28613,33.32719],[126.2859,33.32735],[126.28551,33.3276],[126.28526,33.32775],[126.28315,33.32892],[126.28292,33.32899],[126.28121,33.32924],[126.2778,33.33255],[126.27296,33.33638],[126.26368,33.34219],[126.26398,33.34271],[126.26408,33.3435],[126.26397,33.34363],[126.26347,33.34423],[126.26337,33.3443],[126.25971,33.34491],[126.25907,33.34497],[126.25866,33.345],[126.25367,33.34223],[126.25347,33.34212],[126.25255,33.34149],[126.25235,33.34129],[126.25201,33.34093],[126.25176,33.34061],[126.25172,33.34061],[126.24866,33.34127],[126.24853,33.34131],[126.2484,33.34138],[126.2482,33.3415],[126.24813,33.3416],[126.24812,33.34164],[126.2481,33.34168],[126.2481,33.34176],[126.24829,33.34267],[126.24844,33.34291],[126.24862,33.34305],[126.24881,33.34353],[126.2488,33.34394],[126.24879,33.34408],[126.24877,33.34421],[126.24744,33.34785],[126.24579,33.34747],[126.24349,33.34638],[126.24301,33.34593],[126.24239,33.34529],[126.23952,33.3435],[126.2388,33.3431],[126.23858,33.34298],[126.23807,33.34294],[126.23803,33.34294],[126.23799,33.34311],[126.23801,33.34346],[126.23812,33.34383],[126.23798,33.34449],[126.237,33.34738],[126.23499,33.35296],[126.23216,33.35718],[126.23187,33.35759],[126.23155,33.358],[126.23135,33.35816],[126.23102,33.35832],[126.22936,33.35879],[126.22699,33.36045],[126.22365,33.3644],[126.2235,33.36443],[126.22204,33.36476],[126.22121,33.36502],[126.21774,33.3662],[126.2175,33.3663],[126.21624,33.36699],[126.21611,33.36709],[126.21608,33.36715],[126.21604,33.36744],[126.216,33.36808],[126.21601,33.3682],[126.21615,33.36939],[126.2163,33.36971],[126.21633,33.36977],[126.21634,33.3698],[126.21646,33.37011],[126.21646,33.37023],[126.21644,33.37039],[126.21513,33.37374],[126.21372,33.37511],[126.21319,33.37547],[126.21212,33.37631],[126.21266,33.37665],[126.21383,33.37872],[126.21379,33.37974],[126.21303,33.37993],[126.2121,33.38036],[126.21167,33.38094],[126.21179,33.38162],[126.21635,33.38467],[126.21697,33.38486],[126.21778,33.38481],[126.21852,33.38539],[126.22082,33.38747],[126.22082,33.38857],[126.22083,33.38992],[126.22152,33.3908],[126.22216,33.39127],[126.22295,33.39136],[126.22635,33.39102],[126.22673,33.39289],[126.22886,33.39386],[126.22958,33.39384],[126.2305,33.393],[126.23107,33.39229],[126.23207,33.39095],[126.23357,33.39218],[126.23436,33.39383],[126.23579,33.39561],[126.23642,33.39611],[126.23768,33.39612],[126.23812,33.396],[126.23905,33.39565],[126.24045,33.39554],[126.24091,33.39578],[126.24097,33.39776],[126.24086,33.39846],[126.24042,33.39905],[126.24007,33.39959],[126.23999,33.4001],[126.24013,33.40088],[126.24094,33.40148],[126.2443,33.40261],[126.24557,33.40194],[126.24685,33.40151],[126.24724,33.40147],[126.2485,33.40145],[126.24899,33.40156],[126.24964,33.40206],[126.24973,33.40216],[126.24988,33.4036],[126.24931,33.40412],[126.24894,33.40439],[126.24883,33.40491],[126.24885,33.40585],[126.25019,33.40869],[126.25043,33.40911],[126.25371,33.41255],[126.25577,33.41283],[126.25837,33.41515],[126.25855,33.41533],[126.26282,33.41633],[126.26071,33.42151],[126.26049,33.42187],[126.26014,33.42237],[126.2597,33.42276],[126.25929,33.42269],[126.25865,33.42203],[126.25817,33.42103],[126.2584,33.42097],[126.25886,33.42103],[126.25903,33.42039],[126.25871,33.41809],[126.25855,33.41767],[126.25786,33.41705],[126.25451,33.41689],[126.25219,33.41686],[126.25217,33.4174],[126.25657,33.41748],[126.25614,33.41906],[126.25626,33.42188],[126.25784,33.42635],[126.25886,33.4266],[126.25989,33.42624],[126.26151,33.4258],[126.26199,33.42621],[126.26228,33.42662],[126.26163,33.42835],[126.25996,33.43469],[126.2616,33.43752],[126.2642,33.43813],[126.26971,33.43927],[126.2726,33.43892],[126.2732,33.43716],[126.27658,33.44193],[126.27686,33.44267],[126.27685,33.44369],[126.27749,33.44426],[126.27822,33.44419],[126.27929,33.44407],[126.28086,33.44355],[126.28194,33.44359],[126.28252,33.44409],[126.2829,33.44532],[126.28397,33.44573],[126.28538,33.44603],[126.28693,33.44534],[126.28894,33.44449],[126.28942,33.44593],[126.29009,33.447],[126.29082,33.44778],[126.29219,33.44758],[126.29224,33.44656],[126.29132,33.44586],[126.29167,33.44471],[126.29221,33.44423],[126.29566,33.44666],[126.2961,33.44699],[126.29638,33.44752]]]]}},{"type":"Feature","properties":{"adm_cd":"39010120","adm_nm":"제주특별자치도 제주시 애월읍"},"geometry":{"type":"MultiPolygon","coordinates":[[[[126.44549,33.46855],[126.44519,33.46666],[126.44516,33.46643],[126.44514,33.46617],[126.44515,33.46606],[126.44545,33.46518],[126.44548,33.46513],[126.44552,33.46508],[126.4456,33.46499],[126.44579,33.46488],[126.44595,33.46481],[126.44608,33.46473],[126.4462,33.46463],[126.44628,33.46455],[126.44636,33.46443],[126.44773,33.46217],[126.44783,33.462],[126.44786,33.46189],[126.44787,33.46177],[126.44788,33.46032],[126.44785,33.4601],[126.44708,33.45698],[126.447,33.45688],[126.44607,33.45472],[126.44602,33.4546],[126.446,33.45448],[126.446,33.45437],[126.44613,33.4499],[126.44617,33.44975],[126.4463,33.44952],[126.44682,33.4488],[126.44732,33.44829],[126.44759,33.44805],[126.44798,33.44781],[126.44807,33.44773],[126.44813,33.44765],[126.44826,33.44748],[126.45034,33.44286],[126.45045,33.44261],[126.45062,33.44212],[126.45067,33.44189],[126.45067,33.4418],[126.45065,33.44159],[126.44944,33.43625],[126.44939,33.43608],[126.44931,33.43594],[126.44916,33.43583],[126.44902,33.43578],[126.44885,33.43575],[126.4486,33.43574],[126.44708,33.43384],[126.4482,33.43047],[126.44833,33.43024],[126.44863,33.42952],[126.44885,33.42685],[126.44887,33.42654],[126.44883,33.42579],[126.44883,33.42572],[126.44881,33.42566],[126.44873,33.42551],[126.44844,33.42497],[126.44839,33.4248],[126.44837,33.42466],[126.44837,33.42459],[126.44848,33.42418],[126.44908,33.42247],[126.44939,33.41926],[126.4494,33.41915],[126.44941,33.41894],[126.44933,33.41654],[126.44992,33.41335],[126.45002,33.41281],[126.45008,33.41266],[126.45185,33.40903],[126.45192,33.40893],[126.45278,33.40802],[126.45293,33.40789],[126.45301,33.40786],[126.45341,33.40777],[126.45376,33.40767],[126.45427,33.40751],[126.45446,33.40744],[126.45457,33.40738],[126.45539,33.40685],[126.45685,33.40589],[126.45695,33.40577],[126.45842,33.40411],[126.45852,33.40395],[126.45906,33.40304],[126.4592,33.4027],[126.45924,33.40256],[126.45922,33.40249],[126.45912,33.40236],[126.45873,33.40204],[126.4585,33.40182],[126.45844,33.40171],[126.45835,33.40148],[126.4583,33.40117],[126.45832,33.40102],[126.4593,33.39636],[126.45944,33.39625],[126.46177,33.3952],[126.46213,33.39509],[126.4624,33.39502],[126.46716,33.39341],[126.47194,33.39117],[126.47535,33.38853],[126.47585,33.38813],[126.47593,33.38809],[126.476,33.38808],[126.47749,33.3879],[126.47766,33.38788],[126.48061,33.38795],[126.48189,33.38801],[126.48558,33.38872],[126.4857,33.38877],[126.48582,33.38885],[126.48631,33.3892],[126.48707,33.3896],[126.4892,33.39026],[126.48944,33.39033],[126.48953,33.39034],[126.49145,33.39047],[126.49164,33.39042],[126.4919,33.39027],[126.49685,33.38728],[126.49997,33.38506],[126.50273,33.38332],[126.50298,33.38318],[126.5032,33.38315],[126.50459,33.38311],[126.50471,33.38312],[126.50483,33.38318],[126.50556,33.38336],[126.50658,33.38347],[126.50675,33.38346],[126.50738,33.38338],[126.50969,33.38306],[126.50985,33.38301],[126.50996,33.38292],[126.51111,33.38195],[126.51483,33.37827],[126.51511,33.37795],[126.51519,33.37785],[126.51928,33.37445],[126.52133,33.37346],[126.5216,33.37328],[126.52189,33.37302],[126.52332,33.37145],[126.52392,33.37077],[126.5241,33.37049],[126.52413,33.37045],[126.52461,33.36786],[126.52483,33.36712],[126.52513,33.36642],[126.52539,33.36604],[126.52568,33.36574],[126.52598,33.36555],[126.52644,33.36533],[126.52704,33.3651],[126.52791,33.36479],[126.52836,33.36456],[126.52855,33.36442],[126.5287,33.36424],[126.52901,33.36385],[126.52916,33.36346],[126.52928,33.36299],[126.52938,33.36255],[126.52942,33.36231],[126.52944,33.36184],[126.52945,33.36153],[126.52923,33.3618],[126.52902,33.36196],[126.52771,33.36286],[126.52745,33.36301],[126.52721,33.3631],[126.52695,33.36314],[126.52629,33.36309],[126.52579,33.36302],[126.52541,33.36294],[126.52506,33.36282],[126.52478,33.36271],[126.52415,33.36242],[126.5223,33.36117],[126.51797,33.36029],[126.51216,33.36149],[126.50983,33.36001],[126.50849,33.35878],[126.50627,33.35793],[126.50529,33.35767],[126.50413,33.35838],[126.50267,33.35894],[126.49988,33.3594],[126.49901,33.35932],[126.49891,33.3593],[126.49867,33.35921],[126.49654,33.35822],[126.49408,33.35697],[126.49284,33.35619],[126.49253,33.35598],[126.49222,33.35566],[126.49205,33.35539],[126.49178,33.35506],[126.49161,33.35491],[126.49134,33.35477],[126.49098,33.35465],[126.49061,33.35457],[126.49019,33.35455],[126.48985,33.35455],[126.48964,33.35459],[126.48933,33.3547],[126.48903,33.35484],[126.48876,33.35499],[126.48831,33.35529],[126.48777,33.35568],[126.48737,33.356],[126.48582,33.3574],[126.48515,33.35802],[126.48486,33.35827],[126.48472,33.35837],[126.4845,33.35846],[126.48403,33.35862],[126.48358,33.35877],[126.48328,33.35885],[126.48286,33.35893],[126.48256,33.35895],[126.48221,33.35893],[126.48186,33.35887],[126.47977,33.3584],[126.47944,33.35817],[126.4791,33.35787],[126.47844,33.35723],[126.47803,33.35683],[126.47774,33.3566],[126.47745,33.35642],[126.47692,33.35612],[126.47635,33.35586],[126.47597,33.35571],[126.47543,33.35558],[126.47512,33.35556],[126.47459,33.35576],[126.47344,33.35631],[126.47252,33.35678],[126.47216,33.35696],[126.47164,33.35717],[126.47115,33.35733],[126.47052,33.35751],[126.46927,33.35777],[126.46803,33.358],[126.46753,33.35807],[126.46683,33.35816],[126.46659,33.35818],[126.46632,33.35819],[126.46622,33.35818],[126.46432,33.35779],[126.46296,33.35772],[126.46238,33.35769],[126.45957,33.35772],[126.45617,33.35821],[126.45139,33.35832],[126.44873,33.35852],[126.4483,33.35855],[126.44734,33.35862],[126.44688,33.35862],[126.44592,33.35861],[126.44571,33.3586],[126.4454,33.35856],[126.4421,33.35747],[126.44181,33.35736],[126.44158,33.35723],[126.44116,33.35691],[126.44079,33.35659],[126.43917,33.35506],[126.43884,33.35475],[126.43843,33.3543],[126.43823,33.35401],[126.43813,33.35375],[126.43808,33.35359],[126.43801,33.35327],[126.43801,33.35231],[126.43801,33.35177],[126.43802,33.35162],[126.43811,33.3512],[126.43821,33.35081],[126.43829,33.35019],[126.43839,33.34944],[126.43849,33.34846],[126.43847,33.34799],[126.43834,33.34617],[126.43827,33.34528],[126.43816,33.34464],[126.43801,33.34425],[126.43766,33.34369],[126.4373,33.34341],[126.43635,33.34285],[126.43508,33.34199],[126.43479,33.34177],[126.43454,33.34149],[126.43341,33.33976],[126.43237,33.33887],[126.43201,33.33861],[126.43137,33.33831],[126.42982,33.33775],[126.42927,33.3376],[126.42873,33.33752],[126.42827,33.33749],[126.42729,33.33751],[126.41894,33.3377],[126.41839,33.33772],[126.41807,33.33775],[126.41789,33.33782],[126.41516,33.33903],[126.41465,33.33927],[126.41319,33.33997],[126.40995,33.34119],[126.40605,33.34204],[126.40081,33.34362],[126.40036,33.34377],[126.39546,33.34424],[126.39505,33.34415],[126.39451,33.34405],[126.39208,33.34368],[126.39191,33.34367],[126.39179,33.34368],[126.38688,33.34509],[126.38163,33.34656],[126.38068,33.3467],[126.3799,33.34675],[126.3766,33.34681],[126.37578,33.34682],[126.37516,33.34677],[126.37152,33.34743],[126.36629,33.349],[126.36359,33.35027],[126.36324,33.35043],[126.35842,33.35254],[126.35521,33.35373],[126.35483,33.35389],[126.35434,33.35413],[126.35209,33.35559],[126.35172,33.35589],[126.3506,33.35682],[126.34866,33.35808],[126.34825,33.35833],[126.34804,33.35843],[126.34666,33.35891],[126.34556,33.35928],[126.34467,33.35957],[126.34425,33.35977],[126.34387,33.35998],[126.34201,33.36119],[126.34118,33.36181],[126.3405,33.3624],[126.33995,33.36301],[126.3368,33.36515],[126.33608,33.36564],[126.33589,33.36571],[126.33559,33.36575],[126.33526,33.36584],[126.33487,33.36597],[126.33441,33.36624],[126.33423,33.36643],[126.32607,33.37527],[126.32355,33.37857],[126.32327,33.37897],[126.32275,33.38313],[126.32286,33.38377],[126.32306,33.38481],[126.32331,33.38618],[126.3233,33.38731],[126.32191,33.389],[126.32065,33.38952],[126.31823,33.39023],[126.31555,33.39269],[126.31071,33.39829],[126.30983,33.39956],[126.30972,33.40085],[126.30892,33.40572],[126.30855,33.40715],[126.30813,33.40826],[126.30808,33.40831],[126.30791,33.40832],[126.30763,33.4083],[126.30347,33.41327],[126.30209,33.4169],[126.30201,33.41766],[126.30246,33.41985],[126.30297,33.4229],[126.30361,33.42737],[126.30352,33.42778],[126.30285,33.42808],[126.30266,33.42819],[126.30253,33.42828],[126.30237,33.42843],[126.30205,33.42876],[126.30182,33.429],[126.30149,33.42942],[126.30002,33.43279],[126.30001,33.43285],[126.30027,33.43558],[126.29883,33.43953],[126.29891,33.44129],[126.29914,33.44195],[126.29939,33.44278],[126.29971,33.44383],[126.29975,33.44439],[126.29977,33.44465],[126.29963,33.44528],[126.29911,33.44596],[126.29638,33.44752],[126.29806,33.44746],[126.2995,33.44753],[126.29935,33.44808],[126.29938,33.4484],[126.29976,33.44894],[126.30218,33.45084],[126.30355,33.45142],[126.30415,33.45145],[126.30503,33.45149],[126.30609,33.45287],[126.30977,33.45914],[126.31034,33.46031],[126.31025,33.46184],[126.30983,33.46196],[126.30907,33.46215],[126.30842,33.46269],[126.3079,33.46572],[126.30789,33.46597],[126.30804,33.46635],[126.31005,33.46783],[126.31134,33.46864],[126.31331,33.4698],[126.31621,33.46972],[126.31663,33.4695],[126.31679,33.46841],[126.31797,33.46807],[126.3203,33.46757],[126.32049,33.46767],[126.32037,33.46805],[126.32075,33.46824],[126.32398,33.4689],[126.32619,33.46917],[126.32777,33.46909],[126.33254,33.46813],[126.33285,33.46759],[126.33362,33.46708],[126.33548,33.46693],[126.33852,33.468],[126.33898,33.46819],[126.33943,33.46899],[126.33942,33.46982],[126.33965,33.47017],[126.34033,33.47088],[126.3415,33.47146],[126.34769,33.47373],[126.348,33.4736],[126.3489,33.4733],[126.3497,33.47327],[126.3522,33.47443],[126.35205,33.47507],[126.35321,33.47792],[126.3567,33.4794],[126.35841,33.47989],[126.35974,33.48009],[126.36131,33.47974],[126.3626,33.47927],[126.36375,33.47915],[126.36779,33.47876],[126.3684,33.47885],[126.3745,33.48239],[126.37782,33.48466],[126.37874,33.48444],[126.37969,33.48435],[126.3803,33.48464],[126.3809,33.48525],[126.38143,33.48592],[126.38143,33.48653],[126.38263,33.48822],[126.38324,33.48861],[126.38427,33.48919],[126.38536,33.48959],[126.38902,33.49014],[126.38986,33.49008],[126.391,33.48986],[126.39177,33.48935],[126.39334,33.48614],[126.39319,33.48582],[126.39346,33.48547],[126.39426,33.48474],[126.39469,33.48439],[126.39835,33.48403],[126.40082,33.4848],[126.40081,33.48551],[126.40385,33.48625],[126.40443,33.48597],[126.40461,33.48581],[126.40492,33.48553],[126.40561,33.48508],[126.40725,33.48554],[126.4074,33.48611],[126.40803,33.48771],[126.40828,33.48815],[126.40886,33.48918],[126.40981,33.48982],[126.41094,33.49014],[126.41152,33.49025],[126.41327,33.49041],[126.41445,33.49051],[126.41598,33.49004],[126.41815,33.48935],[126.41865,33.48955],[126.41921,33.49089],[126.41974,33.49272],[126.42134,33.48939],[126.42139,33.48807],[126.42097,33.48459],[126.42029,33.48321],[126.41919,33.47982],[126.41919,33.47979],[126.41919,33.47975],[126.41923,33.47959],[126.4196,33.47877],[126.42094,33.476],[126.42103,33.47582],[126.42114,33.47561],[126.42193,33.47436],[126.42195,33.47434],[126.42198,33.47431],[126.42206,33.47427],[126.42217,33.47423],[126.42254,33.47413],[126.42737,33.47307],[126.42745,33.47306],[126.42819,33.47306],[126.43175,33.47317],[126.43287,33.47341],[126.43404,33.4744],[126.43731,33.47578],[126.43789,33.47601],[126.43808,33.47606],[126.43843,33.47615],[126.44144,33.47659],[126.44152,33.47659],[126.44155,33.47659],[126.44269,33.47642],[126.44285,33.47637],[126.44305,33.47629],[126.44327,33.4762],[126.4433,33.47617],[126.44536,33.47089],[126.44541,33.4706],[126.44544,33.47041],[126.44544,33.47031],[126.44545,33.47018],[126.44549,33.46855]]]]}},{"type":"Feature","properties":{"adm_cd":"39010130","adm_nm":"제주특별자치도 제주시 구좌읍"},"geometry":{"type":"MultiPolygon","coordinates":[[[[126.90324,33.48334],[126.90026,33.48392],[126.89701,33.48362],[126.88777,33.48149],[126.88497,33.48032],[126.88276,33.47862],[126.87767,33.47623],[126.87564,33.47468],[126.87278,33.4735],[126.87164,33.47304],[126.86816,33.47161],[126.86523,33.46941],[126.86385,33.46929],[126.86217,33.46914],[126.85793,33.46714],[126.85433,33.4632],[126.85185,33.46256],[126.84883,33.46244],[126.84648,33.46213],[126.83689,33.45834],[126.83599,33.45762],[126.82918,33.45398],[126.82819,33.45368],[126.82391,33.45299],[126.8243,33.45071],[126.82469,33.44842],[126.8218,33.44664],[126.81815,33.44788],[126.81652,33.44822],[126.81594,33.44663],[126.81405,33.44595],[126.81076,33.44553],[126.80523,33.44353],[126.80309,33.44295],[126.80151,33.44235],[126.79964,33.44139],[126.79806,33.44071],[126.79707,33.4404],[126.79668,33.44043],[126.79556,33.44078],[126.79487,33.44105],[126.79338,33.44151],[126.79334,33.44152],[126.78869,33.44151],[126.78764,33.44075],[126.78584,33.43778],[126.7832,33.4346],[126.78255,33.43423],[126.78085,33.43389],[126.77981,33.43335],[126.7782,33.43225],[126.77775,33.43171],[126.77704,33.43086],[126.77672,33.43043],[126.77599,33.42975],[126.77488,33.42884],[126.77312,33.42813],[126.77199,33.42767],[126.76551,33.42353],[126.76188,33.42083],[126.75965,33.41938],[126.75747,33.41824],[126.75625,33.41828],[126.75487,33.4185],[126.75422,33.4185],[126.75301,33.41834],[126.75096,33.41774],[126.74963,33.41727],[126.74929,33.41717],[126.74509,33.41787],[126.74422,33.41811],[126.73724,33.42195],[126.73416,33.42373],[126.73329,33.42457],[126.73268,33.42541],[126.73122,33.4274],[126.72771,33.43218],[126.72691,33.433],[126.72532,33.43508],[126.72251,33.43928],[126.72231,33.43959],[126.72222,33.43975],[126.72003,33.44988],[126.71999,33.45023],[126.71996,33.45046],[126.72003,33.45101],[126.72012,33.45132],[126.72025,33.45157],[126.72033,33.4517],[126.72267,33.45439],[126.72415,33.4557],[126.72423,33.45576],[126.72502,33.45677],[126.72521,33.45704],[126.72592,33.45807],[126.72597,33.45816],[126.72602,33.45834],[126.72611,33.45904],[126.72624,33.46067],[126.72624,33.46072],[126.72622,33.46079],[126.72569,33.46164],[126.72561,33.46175],[126.72555,33.46182],[126.72524,33.46199],[126.72516,33.46203],[126.72514,33.46206],[126.72429,33.46334],[126.72401,33.46425],[126.72379,33.46535],[126.72378,33.46546],[126.72395,33.4685],[126.72436,33.46981],[126.72454,33.47028],[126.72458,33.47034],[126.72616,33.47275],[126.72773,33.47946],[126.72861,33.48063],[126.72899,33.48144],[126.73025,33.48414],[126.73071,33.4853],[126.73078,33.48548],[126.73133,33.488],[126.73147,33.48864],[126.73166,33.49215],[126.73164,33.49234],[126.73161,33.49254],[126.73156,33.49278],[126.73142,33.49332],[126.73138,33.49349],[126.73134,33.49356],[126.73124,33.4937],[126.73108,33.49389],[126.73101,33.49397],[126.73094,33.4941],[126.73092,33.49428],[126.73089,33.49623],[126.73092,33.49665],[126.73103,33.49784],[126.73117,33.4987],[126.73123,33.49902],[126.7313,33.49938],[126.73142,33.50016],[126.73147,33.50054],[126.73175,33.50325],[126.73175,33.50336],[126.73171,33.50377],[126.73149,33.50465],[126.7314,33.50492],[126.72986,33.50651],[126.72969,33.50662],[126.7293,33.50667],[126.72891,33.50672],[126.72832,33.50705],[126.72807,33.50722],[126.72775,33.50756],[126.72749,33.50789],[126.72724,33.50832],[126.72709,33.50864],[126.72692,33.50908],[126.72676,33.5096],[126.72666,33.51025],[126.72655,33.51073],[126.72633,33.5112],[126.72567,33.5125],[126.72539,33.5129],[126.72513,33.51318],[126.72459,33.51358],[126.7234,33.51442],[126.7214,33.51642],[126.71889,33.51912],[126.71436,33.52544],[126.71385,33.52677],[126.71384,33.52686],[126.71391,33.52702],[126.71403,33.52735],[126.71419,33.52784],[126.71412,33.52825],[126.71389,33.52863],[126.71174,33.53074],[126.7102,33.53179],[126.70993,33.53192],[126.70966,33.53207],[126.70917,33.53239],[126.70736,33.53381],[126.70727,33.5339],[126.70723,33.53394],[126.70454,33.5378],[126.70438,33.53805],[126.70421,33.53831],[126.70409,33.53856],[126.70398,33.53881],[126.70388,33.53906],[126.70368,33.53956],[126.70289,33.5418],[126.70287,33.54191],[126.7028,33.54334],[126.70291,33.5435],[126.70313,33.54382],[126.70322,33.54392],[126.7033,33.544],[126.70345,33.54411],[126.70386,33.5444],[126.70444,33.54482],[126.70473,33.54503],[126.705,33.54525],[126.70524,33.54547],[126.70548,33.54571],[126.70558,33.54584],[126.70563,33.54592],[126.70566,33.54599],[126.70576,33.54622],[126.70592,33.54677],[126.70594,33.54691],[126.70595,33.54706],[126.70566,33.55217],[126.70551,33.55347],[126.70523,33.55405],[126.70654,33.55513],[126.71244,33.55551],[126.71514,33.55487],[126.71595,33.55503],[126.71757,33.55631],[126.71798,33.55756],[126.71813,33.55882],[126.72305,33.56009],[126.72884,33.56249],[126.7308,33.56269],[126.7309,33.56149],[126.73362,33.55994],[126.7352,33.55962],[126.73657,33.55936],[126.73707,33.55908],[126.73844,33.55668],[126.73908,33.55583],[126.74007,33.55592],[126.74155,33.55704],[126.74117,33.55726],[126.74073,33.55723],[126.74022,33.5573],[126.73949,33.55744],[126.73961,33.55784],[126.74022,33.5592],[126.74264,33.56006],[126.74904,33.56128],[126.75518,33.56001],[126.75596,33.5588],[126.75642,33.55867],[126.75711,33.55868],[126.75804,33.55891],[126.75893,33.55925],[126.76088,33.56044],[126.76087,33.56115],[126.76046,33.56207],[126.76063,33.56316],[126.76147,33.56468],[126.76203,33.56543],[126.76506,33.56654],[126.76612,33.56691],[126.76799,33.56678],[126.76917,33.5663],[126.7702,33.56606],[126.77545,33.56603],[126.778,33.56627],[126.77831,33.56679],[126.78029,33.5673],[126.78053,33.56718],[126.78049,33.56648],[126.78292,33.5659],[126.78601,33.56373],[126.78848,33.56226],[126.79015,33.56155],[126.79279,33.56076],[126.79421,33.56026],[126.79526,33.55923],[126.79596,33.55844],[126.79633,33.55797],[126.79603,33.55691],[126.79692,33.55658],[126.79862,33.55654],[126.79981,33.55695],[126.80064,33.5586],[126.80156,33.55975],[126.80209,33.55982],[126.80267,33.5599],[126.80644,33.55998],[126.8078,33.55974],[126.80849,33.55873],[126.81166,33.56063],[126.81234,33.56223],[126.81424,33.56291],[126.81574,33.5618],[126.81618,33.56165],[126.8215,33.56057],[126.82464,33.56035],[126.82792,33.5601],[126.82844,33.55848],[126.82737,33.5575],[126.82746,33.55569],[126.82812,33.55383],[126.8286,33.55331],[126.82876,33.55315],[126.82907,33.55302],[126.82962,33.55263],[126.83039,33.55193],[126.83055,33.55068],[126.8303,33.54915],[126.83014,33.54727],[126.83349,33.54343],[126.83491,33.54216],[126.83634,33.54191],[126.83898,33.53976],[126.8397,33.53882],[126.84182,33.53886],[126.84291,33.53787],[126.84252,33.53667],[126.84267,33.53564],[126.84539,33.53391],[126.84825,33.53352],[126.85098,33.534],[126.85294,33.53221],[126.8526,33.53094],[126.85472,33.53106],[126.85778,33.53101],[126.85856,33.53059],[126.85878,33.53044],[126.85919,33.5299],[126.85805,33.52871],[126.8575,33.527],[126.85765,33.52685],[126.85902,33.52613],[126.86024,33.52584],[126.86097,33.52568],[126.86416,33.52594],[126.86446,33.52602],[126.86549,33.52785],[126.86496,33.52804],[126.86472,33.52894],[126.86523,33.52946],[126.86692,33.5309],[126.87157,33.53166],[126.87183,33.53166],[126.87268,33.53123],[126.87328,33.53062],[126.87379,33.53024],[126.8832,33.52914],[126.88623,33.52894],[126.88699,33.52906],[126.89098,33.52922],[126.89246,33.52894],[126.8953,33.52645],[126.89596,33.52534],[126.89735,33.52507],[126.89841,33.52518],[126.89946,33.52529],[126.90068,33.52546],[126.90073,33.52553],[126.90081,33.52561],[126.90095,33.52568],[126.90195,33.52619],[126.90223,33.5263],[126.90234,33.52632],[126.90243,33.52632],[126.90259,33.52625],[126.90275,33.52617],[126.90291,33.52608],[126.90304,33.52593],[126.90386,33.52456],[126.90392,33.52441],[126.90394,33.52418],[126.90389,33.52382],[126.90386,33.52369],[126.90378,33.5235],[126.90367,33.52336],[126.90354,33.52325],[126.90337,33.52319],[126.90323,33.52314],[126.90322,33.52272],[126.90363,33.52194],[126.9061,33.52113],[126.90752,33.52092],[126.90712,33.51972],[126.90696,33.51923],[126.90584,33.51817],[126.90453,33.51832],[126.90327,33.51854],[126.90259,33.5182],[126.90181,33.51742],[126.90159,33.51682],[126.90252,33.51623],[126.90409,33.51595],[126.90413,33.51517],[126.90301,33.51376],[126.90204,33.51383],[126.9004,33.51348],[126.89977,33.51307],[126.89954,33.51282],[126.89954,33.5117],[126.89989,33.51144],[126.90033,33.51111],[126.90354,33.51117],[126.90555,33.51164],[126.90756,33.51168],[126.91073,33.51027],[126.91387,33.50817],[126.91481,33.50595],[126.91576,33.50302],[126.91593,33.50159],[126.91422,33.50038],[126.91431,33.49837],[126.9144,33.49601],[126.91388,33.49551],[126.91252,33.49444],[126.91201,33.49358],[126.91295,33.49058],[126.91526,33.49015],[126.91671,33.49001],[126.91731,33.48887],[126.91782,33.48687],[126.91697,33.48558],[126.91603,33.48522],[126.91424,33.48586],[126.91381,33.48615],[126.91056,33.48679],[126.90997,33.48565],[126.90886,33.4855],[126.90706,33.48543],[126.90587,33.48629],[126.90467,33.48707],[126.90365,33.48564],[126.90324,33.48334]]]]}},{"type":"Feature","properties":{"adm_cd":"39010140","adm_nm":"제주특별자치도 제주시 조천읍"},"geometry":{"type":"MultiPolygon","coordinates":[[[[126.70523,33.55405],[126.70551,33.55347],[126.70566,33.55217],[126.70595,33.54706],[126.70594,33.54691],[126.70592,33.54677],[126.70576,33.54622],[126.70566,33.54599],[126.70563,33.54592],[126.70558,33.54584],[126.70548,33.54571],[126.70524,33.54547],[126.705,33.54525],[126.70473,33.54503],[126.70444,33.54482],[126.70386,33.5444],[126.70345,33.54411],[126.7033,33.544],[126.70322,33.54392],[126.70313,33.54382],[126.70291,33.5435],[126.7028,33.54334],[126.70287,33.54191],[126.70289,33.5418],[126.70368,33.53956],[126.70388,33.53906],[126.70398,33.53881],[126.70409,33.53856],[126.70421,33.53831],[126.70438,33.53805],[126.70454,33.5378],[126.70723,33.53394],[126.70727,33.5339],[126.70736,33.53381],[126.70917,33.53239],[126.70966,33.53207],[126.70993,33.53192],[126.7102,33.53179],[126.71174,33.53074],[126.71389,33.52863],[126.71412,33.52825],[126.71419,33.52784],[126.71403,33.52735],[126.71391,33.52702],[126.71384,33.52686],[126.71385,33.52677],[126.71436,33.52544],[126.71889,33.51912],[126.7214,33.51642],[126.7234,33.51442],[126.72459,33.51358],[126.72513,33.51318],[126.72539,33.5129],[126.72567,33.5125],[126.72633,33.5112],[126.72655,33.51073],[126.72666,33.51025],[126.72676,33.5096],[126.72692,33.50908],[126.72709,33.50864],[126.72724,33.50832],[126.72749,33.50789],[126.72775,33.50756],[126.72807,33.50722],[126.72832,33.50705],[126.72891,33.50672],[126.7293,33.50667],[126.72969,33.50662],[126.72986,33.50651],[126.7314,33.50492],[126.73149,33.50465],[126.73171,33.50377],[126.73175,33.50336],[126.73175,33.50325],[126.73147,33.50054],[126.73142,33.50016],[126.7313,33.49938],[126.73123,33.49902],[126.73117,33.4987],[126.73103,33.49784],[126.73092,33.49665],[126.73089,33.49623],[126.73092,33.49428],[126.73094,33.4941],[126.73101,33.49397],[126.73108,33.49389],[126.73124,33.4937],[126.73134,33.49356],[126.73138,33.49349],[126.73142,33.49332],[126.73156,33.49278],[126.73161,33.49254],[126.73164,33.49234],[126.73166,33.49215],[126.73147,33.48864],[126.73133,33.488],[126.73078,33.48548],[126.73071,33.4853],[126.73025,33.48414],[126.72899,33.48144],[126.72861,33.48063],[126.72773,33.47946],[126.72616,33.47275],[126.72458,33.47034],[126.72454,33.47028],[126.72436,33.46981],[126.72395,33.4685],[126.72378,33.46546],[126.72379,33.46535],[126.72401,33.46425],[126.72429,33.46334],[126.72514,33.46206],[126.72516,33.46203],[126.72524,33.46199],[126.72555,33.46182],[126.72561,33.46175],[126.72569,33.46164],[126.72622,33.46079],[126.72624,33.46072],[126.72624,33.46067],[126.72611,33.45904],[126.72602,33.45834],[126.72597,33.45816],[126.72592,33.45807],[126.72521,33.45704],[126.72502,33.45677],[126.72423,33.45576],[126.72415,33.4557],[126.72267,33.45439],[126.72033,33.4517],[126.72025,33.45157],[126.72012,33.45132],[126.72003,33.45101],[126.71996,33.45046],[126.71999,33.45023],[126.72003,33.44988],[126.72222,33.43975],[126.72231,33.43959],[126.72251,33.43928],[126.72532,33.43508],[126.72691,33.433],[126.72771,33.43218],[126.73122,33.4274],[126.73268,33.42541],[126.73211,33.42544],[126.72452,33.42413],[126.72215,33.42288],[126.71775,33.42205],[126.7148,33.42225],[126.71198,33.4224],[126.71118,33.42231],[126.70683,33.42182],[126.7058,33.42146],[126.70449,33.42076],[126.70293,33.41987],[126.70227,33.41952],[126.69962,33.41822],[126.69872,33.41791],[126.69814,33.41793],[126.69799,33.41793],[126.69558,33.41671],[126.69477,33.41578],[126.6932,33.41446],[126.69038,33.41276],[126.68935,33.41284],[126.68747,33.4118],[126.68722,33.4111],[126.68762,33.41018],[126.6881,33.40984],[126.68816,33.40961],[126.68811,33.40696],[126.68779,33.40401],[126.68761,33.40287],[126.68707,33.40018],[126.68627,33.39976],[126.68123,33.39954],[126.67635,33.39918],[126.6717,33.3986],[126.6698,33.39885],[126.66908,33.39915],[126.66772,33.40026],[126.66722,33.40068],[126.66701,33.40102],[126.66679,33.40135],[126.66623,33.40183],[126.66579,33.40209],[126.66532,33.40224],[126.66489,33.40231],[126.66448,33.40233],[126.66252,33.40224],[126.66026,33.40173],[126.65452,33.39985],[126.65323,33.39831],[126.65229,33.3966],[126.65283,33.39629],[126.65297,33.39594],[126.65301,33.39566],[126.65301,33.39537],[126.65289,33.39504],[126.65265,33.39475],[126.65203,33.39455],[126.65198,33.39454],[126.65013,33.39456],[126.64922,33.39483],[126.64373,33.39425],[126.64202,33.39406],[126.64156,33.394],[126.64088,33.39382],[126.63864,33.3934],[126.63606,33.39321],[126.63497,33.39354],[126.6349,33.39361],[126.63455,33.39389],[126.63427,33.39407],[126.63406,33.39414],[126.6338,33.39417],[126.63355,33.39412],[126.63345,33.39408],[126.63336,33.39403],[126.62928,33.39218],[126.62604,33.38992],[126.62563,33.38954],[126.62534,33.38919],[126.62465,33.38806],[126.62443,33.3876],[126.62439,33.38737],[126.62435,33.38713],[126.62429,33.38622],[126.62422,33.3857],[126.62412,33.38505],[126.62402,33.38488],[126.62277,33.38369],[126.62265,33.38368],[126.62232,33.38376],[126.62166,33.38392],[126.62127,33.38407],[126.621,33.38424],[126.62076,33.38441],[126.62055,33.38478],[126.6204,33.38485],[126.62013,33.38491],[126.61967,33.38493],[126.61941,33.38487],[126.61764,33.38448],[126.61634,33.38404],[126.61562,33.38371],[126.61518,33.38348],[126.61463,33.3832],[126.61444,33.38314],[126.61419,33.38308],[126.61179,33.38253],[126.61133,33.38243],[126.61095,33.38236],[126.61074,33.38234],[126.61054,33.38235],[126.61041,33.38235],[126.60995,33.38237],[126.60938,33.38241],[126.60909,33.38241],[126.6085,33.3824],[126.60795,33.38236],[126.60765,33.38232],[126.60722,33.38224],[126.60658,33.38204],[126.60348,33.38104],[126.60295,33.38086],[126.60195,33.38043],[126.60178,33.38032],[126.60147,33.38005],[126.60127,33.37983],[126.6012,33.37975],[126.60112,33.37964],[126.60099,33.37944],[126.60087,33.37922],[126.59737,33.37713],[126.59517,33.37636],[126.59474,33.37621],[126.5943,33.37598],[126.5939,33.37574],[126.59345,33.37538],[126.59258,33.37464],[126.59189,33.37402],[126.59185,33.37399],[126.59163,33.37381],[126.59154,33.37376],[126.58557,33.37222],[126.58381,33.3718],[126.582,33.37144],[126.5813,33.37132],[126.58118,33.37131],[126.58104,33.3713],[126.58048,33.37127],[126.57988,33.37124],[126.57784,33.37114],[126.57615,33.37109],[126.57567,33.37111],[126.57523,33.37116],[126.56991,33.37187],[126.56842,33.37152],[126.56464,33.37126],[126.5613,33.3711],[126.5582,33.37106],[126.55921,33.37284],[126.55871,33.37553],[126.56005,33.37965],[126.56032,33.37996],[126.56486,33.38038],[126.56846,33.38061],[126.57175,33.38223],[126.57497,33.38377],[126.57865,33.38521],[126.58081,33.38636],[126.5835,33.38836],[126.58527,33.38926],[126.58615,33.38953],[126.59096,33.391],[126.59217,33.39153],[126.59573,33.39314],[126.59703,33.39414],[126.59761,33.39451],[126.59828,33.39458],[126.59944,33.39456],[126.59998,33.39409],[126.60107,33.39373],[126.6027,33.39356],[126.60354,33.39376],[126.60398,33.39392],[126.60615,33.39485],[126.60821,33.39593],[126.6098,33.39683],[126.61165,33.39814],[126.61241,33.39887],[126.61515,33.40241],[126.61523,33.40253],[126.61589,33.40348],[126.61593,33.40357],[126.61594,33.40369],[126.61564,33.40501],[126.61542,33.40611],[126.61901,33.41369],[126.61907,33.4138],[126.61915,33.41384],[126.61959,33.41394],[126.61996,33.41401],[126.62019,33.41408],[126.62171,33.41511],[126.62288,33.41628],[126.62357,33.4174],[126.62427,33.41863],[126.62568,33.42014],[126.62861,33.42273],[126.62967,33.42328],[126.6311,33.42389],[126.63228,33.4241],[126.63396,33.42464],[126.63874,33.42622],[126.6411,33.42734],[126.64193,33.42794],[126.64263,33.42869],[126.64547,33.4327],[126.64681,33.4349],[126.64714,33.43568],[126.64714,33.43616],[126.64371,33.44167],[126.64284,33.44208],[126.6421,33.44257],[126.64074,33.44477],[126.64063,33.4459],[126.64064,33.44981],[126.64139,33.45104],[126.64149,33.45224],[126.64168,33.45717],[126.64141,33.46007],[126.64115,33.46253],[126.64054,33.4635],[126.64013,33.46401],[126.63898,33.46458],[126.63815,33.4655],[126.6376,33.46687],[126.63729,33.46843],[126.63708,33.46959],[126.63718,33.47049],[126.63732,33.47166],[126.63748,33.47391],[126.63748,33.47399],[126.63737,33.4744],[126.63672,33.47662],[126.63668,33.47673],[126.63604,33.47786],[126.63429,33.48077],[126.63347,33.48168],[126.63246,33.48257],[126.62873,33.4879],[126.62782,33.48962],[126.62768,33.48978],[126.62694,33.49055],[126.62687,33.49061],[126.62596,33.49142],[126.62543,33.49177],[126.62502,33.49199],[126.62494,33.49204],[126.62367,33.49295],[126.62314,33.49366],[126.62304,33.49383],[126.62035,33.49924],[126.62022,33.49952],[126.62004,33.50073],[126.62,33.50142],[126.61983,33.50461],[126.61982,33.5074],[126.61965,33.50879],[126.61939,33.50913],[126.61947,33.51056],[126.61998,33.51239],[126.62008,33.51273],[126.62049,33.51323],[126.62055,33.51327],[126.6206,33.51328],[126.6207,33.51328],[126.62082,33.5133],[126.62091,33.51332],[126.6211,33.51352],[126.621,33.51369],[126.62009,33.51483],[126.61909,33.51518],[126.61408,33.51682],[126.61381,33.51689],[126.61371,33.5169],[126.61357,33.51688],[126.61322,33.5168],[126.61187,33.51698],[126.60984,33.51748],[126.60173,33.5202],[126.60021,33.52141],[126.59905,33.52479],[126.60011,33.52823],[126.60153,33.52994],[126.60288,33.53168],[126.60304,33.53213],[126.60327,33.53338],[126.60327,33.53376],[126.60315,33.53524],[126.60398,33.53659],[126.60478,33.53678],[126.60664,33.53678],[126.60861,33.53676],[126.61068,33.5368],[126.61126,33.53735],[126.61159,33.53787],[126.61199,33.53875],[126.61286,33.53892],[126.61344,33.53903],[126.61727,33.53877],[126.6199,33.5393],[126.62146,33.53973],[126.62215,33.54007],[126.62704,33.54008],[126.62924,33.53918],[126.62979,33.53818],[126.63267,33.53706],[126.63287,33.53719],[126.63347,33.53758],[126.63401,33.54063],[126.634,33.54085],[126.6332,33.54179],[126.63254,33.54197],[126.63232,33.54221],[126.63377,33.54502],[126.63449,33.54591],[126.63684,33.54618],[126.63837,33.54631],[126.63866,33.54738],[126.63749,33.54813],[126.63723,33.54862],[126.63693,33.54978],[126.63762,33.55021],[126.63872,33.55033],[126.63988,33.55107],[126.64246,33.55401],[126.64318,33.55489],[126.643,33.55587],[126.64365,33.55666],[126.64498,33.55671],[126.6471,33.55604],[126.64775,33.55565],[126.64776,33.5551],[126.65031,33.5548],[126.65294,33.55391],[126.65684,33.55257],[126.65805,33.55212],[126.65842,33.55081],[126.65831,33.55011],[126.65806,33.54901],[126.65843,33.54828],[126.65989,33.54737],[126.66095,33.54728],[126.66157,33.54737],[126.66241,33.54753],[126.66347,33.5468],[126.66574,33.54444],[126.66635,33.54511],[126.66686,33.54554],[126.66766,33.54612],[126.66799,33.5463],[126.66828,33.54613],[126.66852,33.54599],[126.66903,33.5448],[126.67016,33.54499],[126.67315,33.54548],[126.67329,33.54649],[126.67401,33.5493],[126.67528,33.55269],[126.67848,33.55358],[126.6807,33.55365],[126.68165,33.55298],[126.68217,33.55203],[126.68327,33.55063],[126.68462,33.5507],[126.68741,33.55095],[126.68832,33.55156],[126.68821,33.55229],[126.68864,33.5526],[126.69002,33.55352],[126.69167,33.55249],[126.69397,33.552],[126.6947,33.55201],[126.69652,33.55305],[126.6971,33.55396],[126.70052,33.55409],[126.70523,33.55405]]],[[[126.69716,33.55486],[126.69556,33.55473],[126.69498,33.55488],[126.69381,33.55576],[126.69267,33.55695],[126.69274,33.55732],[126.69449,33.55933],[126.69529,33.5601],[126.69572,33.56028],[126.69631,33.56013],[126.69686,33.55742],[126.69672,33.5569],[126.69749,33.55657],[126.6976,33.55626],[126.69756,33.55504],[126.69716,33.55486]]]]}},{"type":"Feature","properties":{"adm_cd":"39010310","adm_nm":"제주특별자치도 제주시 한경면"},"geometry":{"type":"MultiPolygon","coordinates":[[[[126.16093,33.31226],[126.1617,33.31172],[126.16228,33.31207],[126.1625,33.31205],[126.1626,33.31198],[126.16267,33.31192],[126.16273,33.31186],[126.16278,33.31179],[126.16282,33.31167],[126.16275,33.31114],[126.16271,33.31103],[126.16263,33.31095],[126.1625,33.31087],[126.16113,33.31041],[126.16096,33.31035],[126.1608,33.31031],[126.1603,33.3103],[126.16002,33.3103],[126.15979,33.31032],[126.15956,33.31035],[126.15949,33.31036],[126.15933,33.31042],[126.15923,33.31058],[126.15907,33.31171],[126.15906,33.31181],[126.1591,33.31192],[126.15924,33.31207],[126.15932,33.31214],[126.15947,33.31221],[126.1597,33.31228],[126.16,33.31235],[126.16015,33.31238],[126.16049,33.3124],[126.16059,33.31239],[126.16067,33.31238],[126.16076,33.31235],[126.16085,33.31231],[126.16093,33.31226]]],[[[126.1496,33.30941],[126.14587,33.30937],[126.14565,33.30938],[126.14509,33.30946],[126.14497,33.3096],[126.14381,33.31109],[126.14371,33.31134],[126.1437,33.31145],[126.14372,33.3116],[126.14374,33.31167],[126.14387,33.31182],[126.14426,33.31213],[126.14435,33.31216],[126.14455,33.31221],[126.15108,33.31376],[126.1512,33.31376],[126.15143,33.31373],[126.15161,33.31367],[126.15167,33.31364],[126.15173,33.31361],[126.15185,33.31354],[126.15238,33.31316],[126.15247,33.3131],[126.15283,33.3128],[126.15299,33.31265],[126.15328,33.31234],[126.15354,33.312],[126.15359,33.31191],[126.15372,33.3116],[126.15375,33.31151],[126.15375,33.31139],[126.15372,33.31128],[126.15364,33.31119],[126.15357,33.31115],[126.1496,33.30941]]],[[[126.29981,33.31981],[126.29795,33.31872],[126.29723,33.31832],[126.29666,33.31813],[126.29624,33.31799],[126.29552,33.3178],[126.29481,33.31763],[126.29331,33.31727],[126.29313,33.31721],[126.29269,33.31705],[126.28935,33.31527],[126.28663,33.31378],[126.28492,33.31279],[126.28463,33.31255],[126.28427,33.31226],[126.28367,33.31158],[126.28293,33.31032],[126.28287,33.3102],[126.28288,33.30986],[126.28282,33.30963],[126.28236,33.30922],[126.28104,33.30829],[126.28066,33.30804],[126.27515,33.30442],[126.27318,33.30291],[126.27245,33.30235],[126.27115,33.30104],[126.2707,33.30032],[126.27076,33.29979],[126.27083,33.29916],[126.27084,33.29839],[126.27054,33.29773],[126.26881,33.29633],[126.26832,33.29617],[126.26425,33.29542],[126.26395,33.29544],[126.26382,33.29548],[126.26375,33.29551],[126.26347,33.29551],[126.26323,33.29548],[126.26152,33.29513],[126.26125,33.29506],[126.25508,33.29329],[126.25431,33.29298],[126.25356,33.2925],[126.25227,33.29155],[126.25155,33.29108],[126.2508,33.29076],[126.24849,33.28975],[126.24739,33.28932],[126.2442,33.28613],[126.24383,33.28567],[126.24328,33.28498],[126.24293,33.28304],[126.24394,33.27564],[126.24434,33.27422],[126.24472,33.27309],[126.24307,33.27381],[126.24175,33.27459],[126.24018,33.27579],[126.23788,33.27769],[126.23519,33.27995],[126.23163,33.28281],[126.23154,33.28288],[126.23028,33.28382],[126.2297,33.28404],[126.22844,33.28447],[126.22479,33.286],[126.22473,33.28603],[126.2212,33.28755],[126.21878,33.28865],[126.21577,33.29005],[126.21151,33.29201],[126.21143,33.29204],[126.20628,33.29409],[126.20394,33.29503],[126.20167,33.29586],[126.20144,33.29592],[126.20049,33.29616],[126.1994,33.29645],[126.19814,33.29677],[126.19195,33.29838],[126.1917,33.29708],[126.19167,33.29692],[126.19165,33.29652],[126.19166,33.29643],[126.19166,33.29634],[126.19167,33.29619],[126.19174,33.2959],[126.19175,33.29584],[126.19177,33.29578],[126.19179,33.2954],[126.1916,33.29454],[126.18834,33.29384],[126.18351,33.29283],[126.18177,33.29262],[126.18066,33.29278],[126.17909,33.293],[126.17904,33.29328],[126.179,33.29375],[126.17904,33.29409],[126.17865,33.29402],[126.1778,33.29364],[126.17764,33.29353],[126.17596,33.29232],[126.17125,33.28864],[126.17079,33.28804],[126.17055,33.28759],[126.17052,33.28727],[126.17055,33.28706],[126.17065,33.28678],[126.17083,33.28667],[126.1712,33.2865],[126.17165,33.28629],[126.17191,33.28613],[126.17206,33.2859],[126.17207,33.28555],[126.17062,33.28438],[126.16922,33.2829],[126.16817,33.28162],[126.1675,33.28232],[126.16574,33.28329],[126.16496,33.28275],[126.16304,33.28333],[126.1607,33.28518],[126.1611,33.28749],[126.16129,33.289],[126.16109,33.28951],[126.16024,33.29021],[126.15927,33.2923],[126.15939,33.29387],[126.16077,33.29635],[126.16268,33.29693],[126.16585,33.29904],[126.16584,33.29911],[126.16577,33.29977],[126.16506,33.30118],[126.16383,33.30266],[126.16236,33.30651],[126.16217,33.30863],[126.16332,33.31036],[126.16431,33.31139],[126.1643,33.31238],[126.16476,33.31409],[126.16543,33.31554],[126.16591,33.31657],[126.16619,33.31715],[126.16618,33.3184],[126.16612,33.31921],[126.16537,33.32123],[126.16499,33.3221],[126.16294,33.32259],[126.1612,33.32387],[126.16099,33.32642],[126.16128,33.32924],[126.16164,33.33065],[126.16227,33.33173],[126.1612,33.33251],[126.1599,33.33307],[126.15981,33.33311],[126.15908,33.33662],[126.16006,33.3383],[126.16148,33.33909],[126.16278,33.33879],[126.16376,33.33884],[126.16416,33.33891],[126.16491,33.34021],[126.16466,33.3407],[126.16467,33.34296],[126.16726,33.34637],[126.16913,33.34723],[126.17083,33.34766],[126.17455,33.34828],[126.17552,33.34772],[126.17628,33.34664],[126.17667,33.34659],[126.17724,33.34665],[126.17769,33.34725],[126.17855,33.35031],[126.17868,33.35095],[126.17929,33.35395],[126.17883,33.35537],[126.17819,33.3572],[126.17878,33.35857],[126.17995,33.35973],[126.18339,33.36201],[126.18699,33.36395],[126.18878,33.36421],[126.19147,33.36465],[126.19464,33.36517],[126.19554,33.36594],[126.19679,33.36669],[126.19806,33.36675],[126.19942,33.3665],[126.19999,33.36622],[126.20115,33.3671],[126.2039,33.36974],[126.20415,33.37121],[126.20428,33.37234],[126.20519,33.37312],[126.20711,33.37449],[126.20931,33.37563],[126.21033,33.37539],[126.21212,33.37631],[126.21319,33.37547],[126.21372,33.37511],[126.21513,33.37374],[126.21644,33.37039],[126.21646,33.37023],[126.21646,33.37011],[126.21634,33.3698],[126.21633,33.36977],[126.2163,33.36971],[126.21615,33.36939],[126.21601,33.3682],[126.216,33.36808],[126.21604,33.36744],[126.21608,33.36715],[126.21611,33.36709],[126.21624,33.36699],[126.2175,33.3663],[126.21774,33.3662],[126.22121,33.36502],[126.22204,33.36476],[126.2235,33.36443],[126.22365,33.3644],[126.22699,33.36045],[126.22936,33.35879],[126.23102,33.35832],[126.23135,33.35816],[126.23155,33.358],[126.23187,33.35759],[126.23216,33.35718],[126.23499,33.35296],[126.237,33.34738],[126.23798,33.34449],[126.23812,33.34383],[126.23801,33.34346],[126.23799,33.34311],[126.23803,33.34294],[126.23807,33.34294],[126.23858,33.34298],[126.2388,33.3431],[126.23952,33.3435],[126.24239,33.34529],[126.24301,33.34593],[126.24349,33.34638],[126.24579,33.34747],[126.24744,33.34785],[126.24877,33.34421],[126.24879,33.34408],[126.2488,33.34394],[126.24881,33.34353],[126.24862,33.34305],[126.24844,33.34291],[126.24829,33.34267],[126.2481,33.34176],[126.2481,33.34168],[126.24812,33.34164],[126.24813,33.3416],[126.2482,33.3415],[126.2484,33.34138],[126.24853,33.34131],[126.24866,33.34127],[126.25172,33.34061],[126.25176,33.34061],[126.25201,33.34093],[126.25235,33.34129],[126.25255,33.34149],[126.25347,33.34212],[126.25367,33.34223],[126.25866,33.345],[126.25907,33.34497],[126.25971,33.34491],[126.26337,33.3443],[126.26347,33.34423],[126.26397,33.34363],[126.26408,33.3435],[126.26398,33.34271],[126.26368,33.34219],[126.27296,33.33638],[126.2778,33.33255],[126.28121,33.32924],[126.28292,33.32899],[126.28315,33.32892],[126.28526,33.32775],[126.28551,33.3276],[126.2859,33.32735],[126.28613,33.32719],[126.28636,33.32703],[126.2871,33.32649],[126.28784,33.32595],[126.29151,33.3231],[126.29216,33.32257],[126.29268,33.32215],[126.29309,33.32187],[126.29367,33.32152],[126.29464,33.321],[126.29532,33.32072],[126.29586,33.3205],[126.29627,33.32034],[126.297,33.32012],[126.29756,33.32],[126.29819,33.31992],[126.29898,33.31986],[126.29981,33.31981]]]]}},{"type":"Feature","properties":{"adm_cd":"39010320","adm_nm":"제주특별자치도 제주시 추자면"},"geometry":{"type":"MultiPolygon","coordinates":[[[[126.30557,33.9029],[126.30545,33.90258],[126.30618,33.9026],[126.30632,33.90258],[126.30631,33.90247],[126.30611,33.90229],[126.30572,33.90222],[126.30546,33.90228],[126.30438,33.9025],[126.30339,33.903],[126.30297,33.90338],[126.30297,33.90368],[126.30336,33.9041],[126.30353,33.90421],[126.30408,33.90406],[126.30456,33.90383],[126.30554,33.90316],[126.30557,33.9029]]],[[[126.34341,33.90102],[126.34318,33.90087],[126.34261,33.90099],[126.34245,33.90112],[126.34175,33.90285],[126.34188,33.90411],[126.34191,33.9043],[126.342,33.90483],[126.34206,33.90507],[126.34228,33.90543],[126.34257,33.90565],[126.34305,33.90573],[126.34359,33.90561],[126.34397,33.90516],[126.34427,33.90323],[126.34423,33.90308],[126.34348,33.90116],[126.34341,33.90102]]],[[[126.3247,33.90884],[126.3229,33.90878],[126.32274,33.90888],[126.32166,33.91032],[126.32196,33.91082],[126.32236,33.91124],[126.32269,33.91168],[126.32278,33.91196],[126.32267,33.91233],[126.32154,33.91311],[126.32072,33.91354],[126.32048,33.91385],[126.31999,33.91512],[126.32007,33.91529],[126.32042,33.9155],[126.32074,33.91547],[126.32125,33.91548],[126.32433,33.91495],[126.32549,33.9145],[126.32593,33.91409],[126.32642,33.91325],[126.32646,33.91293],[126.3264,33.91275],[126.3247,33.90884]]],[[[126.31058,33.93876],[126.31035,33.93875],[126.309,33.93911],[126.30897,33.93926],[126.31006,33.94091],[126.31026,33.94102],[126.31054,33.94102],[126.31128,33.94095],[126.31225,33.94071],[126.31243,33.94056],[126.31278,33.94006],[126.31279,33.93984],[126.31259,33.93967],[126.31169,33.93896],[126.31138,33.93887],[126.31058,33.93876]]],[[[126.34266,33.95456],[126.3418,33.9536],[126.34159,33.95353],[126.34044,33.95395],[126.33957,33.95381],[126.33855,33.95336],[126.33831,33.95323],[126.33774,33.95288],[126.3376,33.95261],[126.33762,33.95242],[126.33878,33.95124],[126.34142,33.95018],[126.3422,33.95022],[126.34281,33.94939],[126.34252,33.94721],[126.34195,33.94588],[126.33648,33.9452],[126.33394,33.94467],[126.33248,33.94429],[126.32908,33.94405],[126.32835,33.94426],[126.32671,33.94322],[126.32454,33.94128],[126.32443,33.94115],[126.32407,33.93992],[126.32451,33.93647],[126.32483,33.93551],[126.32527,33.93517],[126.32556,33.93517],[126.32583,33.93542],[126.32605,33.93547],[126.32709,33.93557],[126.32766,33.93553],[126.32881,33.93455],[126.32998,33.93293],[126.33053,33.93097],[126.33037,33.93079],[126.32896,33.93046],[126.32851,33.93035],[126.32213,33.92998],[126.321,33.93022],[126.32073,33.93038],[126.32039,33.9309],[126.32014,33.93248],[126.31859,33.93564],[126.31817,33.9359],[126.31691,33.93769],[126.31659,33.93842],[126.31632,33.93961],[126.31626,33.94067],[126.31622,33.94096],[126.31583,33.94156],[126.31514,33.94208],[126.31478,33.94217],[126.31447,33.94212],[126.31421,33.94212],[126.31348,33.94247],[126.31061,33.94511],[126.31065,33.94519],[126.31117,33.94515],[126.31148,33.94502],[126.31176,33.94507],[126.31184,33.94532],[126.31184,33.9459],[126.31146,33.94628],[126.30949,33.94728],[126.30766,33.94779],[126.30635,33.94805],[126.30548,33.94735],[126.30303,33.94985],[126.30288,33.95012],[126.30354,33.95301],[126.30387,33.95333],[126.3048,33.95395],[126.30594,33.95369],[126.30646,33.95321],[126.30779,33.9528],[126.30989,33.95251],[126.31048,33.95255],[126.31257,33.95355],[126.31288,33.9537],[126.31306,33.95392],[126.31306,33.95412],[126.31278,33.95435],[126.3125,33.95448],[126.31266,33.95471],[126.31355,33.95487],[126.3143,33.95491],[126.31474,33.95491],[126.31593,33.95467],[126.31634,33.95455],[126.31827,33.95361],[126.32079,33.95233],[126.32126,33.95211],[126.3215,33.95206],[126.32449,33.95203],[126.32711,33.95265],[126.3303,33.95364],[126.33072,33.95391],[126.33183,33.95522],[126.33183,33.95564],[126.33174,33.95589],[126.33172,33.95594],[126.33172,33.95609],[126.33611,33.95697],[126.33683,33.95711],[126.33714,33.95711],[126.33725,33.95702],[126.33737,33.9569],[126.3373,33.95641],[126.33747,33.95629],[126.33955,33.95617],[126.34114,33.95613],[126.3414,33.95608],[126.34246,33.95506],[126.34275,33.95468],[126.34266,33.95456]]],[[[126.39005,33.96096],[126.389,33.96052],[126.38885,33.96054],[126.388,33.96131],[126.3879,33.96158],[126.38786,33.96193],[126.38786,33.96211],[126.38871,33.96599],[126.38889,33.9662],[126.38935,33.96657],[126.38946,33.96662],[126.38959,33.96666],[126.39045,33.96617],[126.39059,33.96599],[126.3909,33.9649],[126.3909,33.96471],[126.39077,33.96387],[126.3902,33.96234],[126.39016,33.962],[126.39005,33.96096]]],[[[126.38031,33.96829],[126.38035,33.96781],[126.38131,33.96791],[126.38225,33.96744],[126.3822,33.96729],[126.37969,33.96473],[126.37789,33.96372],[126.37773,33.96366],[126.37745,33.96366],[126.37696,33.96404],[126.37696,33.96533],[126.37706,33.96589],[126.37715,33.96609],[126.3799,33.96846],[126.38008,33.96846],[126.38017,33.96846],[126.38031,33.96829]]],[[[126.2964,33.96523],[126.29975,33.96314],[126.30021,33.9623],[126.30022,33.96195],[126.29861,33.96192],[126.29737,33.96214],[126.29724,33.96251],[126.29702,33.96296],[126.2969,33.96322],[126.29647,33.96345],[126.29634,33.96349],[126.29457,33.9624],[126.29443,33.96146],[126.29626,33.96079],[126.29738,33.96045],[126.29773,33.96064],[126.29824,33.96068],[126.29852,33.96063],[126.29884,33.96054],[126.29976,33.96023],[126.30139,33.95921],[126.30171,33.95884],[126.30184,33.95848],[126.3025,33.95438],[126.3024,33.95396],[126.30199,33.9534],[126.30145,33.95287],[126.30119,33.95269],[126.30026,33.9523],[126.29933,33.952],[126.29764,33.95213],[126.29538,33.95361],[126.29126,33.95636],[126.28894,33.95814],[126.28774,33.9599],[126.28736,33.96011],[126.28586,33.96042],[126.2848,33.96028],[126.2845,33.96018],[126.28425,33.96018],[126.28332,33.9606],[126.28247,33.96118],[126.28219,33.9615],[126.2821,33.96183],[126.28221,33.96205],[126.28258,33.96227],[126.28297,33.96227],[126.28469,33.96196],[126.28616,33.96208],[126.28789,33.9624],[126.28846,33.96256],[126.28861,33.96266],[126.28864,33.96288],[126.28654,33.96472],[126.28625,33.96474],[126.28597,33.96462],[126.28561,33.96428],[126.285,33.96411],[126.28422,33.96396],[126.28397,33.96399],[126.2834,33.96483],[126.28293,33.96555],[126.28296,33.96579],[126.28315,33.96638],[126.28358,33.9677],[126.28374,33.9679],[126.28408,33.96807],[126.28446,33.96805],[126.28594,33.96778],[126.28646,33.96753],[126.29019,33.96676],[126.29403,33.96618],[126.2964,33.96523]]],[[[126.28387,33.96814],[126.28334,33.96805],[126.28174,33.96847],[126.28149,33.96867],[126.28106,33.96923],[126.28113,33.96956],[126.28152,33.97116],[126.28167,33.97133],[126.28198,33.97128],[126.28295,33.97111],[126.28323,33.97103],[126.2835,33.97082],[126.2845,33.96898],[126.28427,33.9686],[126.28417,33.96832],[126.28387,33.96814]]],[[[126.34946,33.98375],[126.35193,33.98293],[126.35292,33.9832],[126.3531,33.98317],[126.35321,33.98302],[126.35379,33.98218],[126.35375,33.98205],[126.35338,33.98171],[126.35212,33.98096],[126.35147,33.98072],[126.35106,33.98064],[126.3494,33.9807],[126.34824,33.98087],[126.34536,33.98155],[126.34527,33.98172],[126.34524,33.98294],[126.3458,33.98499],[126.34657,33.98535],[126.34697,33.98528],[126.34739,33.98509],[126.34786,33.9848],[126.34823,33.98455],[126.34851,33.98424],[126.34879,33.98409],[126.34946,33.98375]]],[[[126.25715,33.98413],[126.25683,33.98391],[126.25626,33.98393],[126.25606,33.98404],[126.25604,33.98435],[126.25623,33.98508],[126.2568,33.98572],[126.25741,33.9862],[126.25773,33.98635],[126.25817,33.98631],[126.2584,33.98603],[126.25876,33.98547],[126.25872,33.98504],[126.25818,33.98439],[126.25753,33.98419],[126.25715,33.98413]]],[[[126.32563,33.98513],[126.3246,33.98487],[126.32264,33.98544],[126.32163,33.98612],[126.32115,33.9866],[126.32055,33.98733],[126.31947,33.98868],[126.31989,33.98933],[126.3209,33.98939],[126.32144,33.9893],[126.32357,33.98889],[126.32467,33.98837],[126.325,33.98806],[126.32591,33.98705],[126.32604,33.98633],[126.32604,33.986],[126.32599,33.98551],[126.32563,33.98513]]],[[[126.25081,33.98557],[126.25052,33.98549],[126.2463,33.98755],[126.24619,33.9878],[126.24621,33.98804],[126.24702,33.98909],[126.24943,33.99075],[126.25037,33.99099],[126.25094,33.9909],[126.25146,33.99072],[126.25271,33.98963],[126.25365,33.98818],[126.25374,33.98803],[126.25282,33.98656],[126.2526,33.98623],[126.25081,33.98557]]],[[[126.265,33.99155],[126.26584,33.99106],[126.26689,33.99133],[126.26779,33.99078],[126.26718,33.98974],[126.267,33.98961],[126.26628,33.9896],[126.26459,33.98997],[126.26408,33.99038],[126.26407,33.99125],[126.2643,33.9915],[126.26464,33.99158],[126.265,33.99155]]],[[[126.39071,33.99547],[126.39131,33.99531],[126.39233,33.99541],[126.39326,33.99422],[126.39326,33.99404],[126.3931,33.99392],[126.39193,33.99359],[126.39125,33.99358],[126.39108,33.99366],[126.39051,33.99435],[126.39022,33.99525],[126.39022,33.99534],[126.39031,33.99545],[126.39071,33.99547]]],[[[126.33673,34.01322],[126.3374,34.01246],[126.3381,34.01254],[126.33854,34.01248],[126.33888,34.01211],[126.33912,34.01165],[126.33991,34.01129],[126.34268,34.01108],[126.34298,34.01108],[126.34349,34.01134],[126.34394,34.01138],[126.34526,34.01147],[126.34552,34.01136],[126.35119,34.00837],[126.35157,34.00789],[126.35188,34.00695],[126.35143,34.00661],[126.34948,34.00541],[126.34887,34.0052],[126.34779,34.00534],[126.3474,34.00566],[126.34577,34.00657],[126.34305,34.00795],[126.33862,34.00861],[126.33761,34.00845],[126.33594,34.00831],[126.33537,34.00831],[126.33493,34.00839],[126.33078,34.01076],[126.33583,34.01332],[126.33614,34.0134],[126.33643,34.0134],[126.33673,34.01322]]]]}},{"type":"Feature","properties":{"adm_cd":"39010330","adm_nm":"제주특별자치도 제주시 우도면"},"geometry":{"type":"MultiPolygon","coordinates":[[[[126.95835,33.51541],[126.95797,33.51474],[126.9579,33.51418],[126.95829,33.51343],[126.95889,33.51276],[126.96519,33.51461],[126.96608,33.51495],[126.96698,33.51592],[126.96688,33.51626],[126.96717,33.51653],[126.96937,33.51626],[126.97033,33.51602],[126.97257,33.51501],[126.97298,33.51417],[126.97289,33.51181],[126.97276,33.5113],[126.97148,33.51125],[126.97024,33.51154],[126.96787,33.51232],[126.96675,33.51186],[126.96656,33.51117],[126.96749,33.50994],[126.96842,33.5089],[126.96874,33.50801],[126.96886,33.50641],[126.96829,33.5049],[126.96858,33.50423],[126.96915,33.50329],[126.97024,33.50297],[126.97068,33.50284],[126.97113,33.50201],[126.97139,33.49974],[126.97148,33.4984],[126.9695,33.49631],[126.96876,33.49237],[126.96809,33.49087],[126.96691,33.48972],[126.96666,33.48948],[126.9656,33.48921],[126.96397,33.48889],[126.96295,33.48929],[126.96068,33.49057],[126.9599,33.49136],[126.96019,33.49198],[126.95959,33.49232],[126.95879,33.4924],[126.95837,33.49219],[126.95617,33.49085],[126.94748,33.4928],[126.94492,33.49374],[126.94323,33.49467],[126.94301,33.49505],[126.94329,33.49585],[126.94403,33.49646],[126.94441,33.49702],[126.94265,33.50231],[126.94223,33.50279],[126.94153,33.50311],[126.94073,33.50429],[126.94073,33.50471],[126.94076,33.50668],[126.94265,33.51127],[126.94275,33.51142],[126.94401,33.51307],[126.94435,33.51334],[126.9469,33.51515],[126.94737,33.51529],[126.94787,33.5152],[126.94901,33.51883],[126.94743,33.51944],[126.94723,33.51999],[126.9469,33.52246],[126.94703,33.52279],[126.95054,33.52526],[126.9509,33.5254],[126.95147,33.52555],[126.95204,33.52565],[126.95338,33.52584],[126.95399,33.52592],[126.95488,33.52582],[126.95543,33.52571],[126.95741,33.5236],[126.96237,33.51902],[126.9625,33.51832],[126.96212,33.51747],[126.96052,33.51677],[126.95908,33.51648],[126.95835,33.51541]]]]}},{"type":"Feature","properties":{"adm_cd":"39010510","adm_nm":"제주특별자치도 제주시 일도1동"},"geometry":{"type":"MultiPolygon","coordinates":[[[[126.53196,33.51327],[126.53196,33.51323],[126.53188,33.51269],[126.53186,33.5126],[126.53173,33.51208],[126.53164,33.51188],[126.53147,33.51173],[126.53139,33.51166],[126.52784,33.50941],[126.52707,33.50992],[126.52656,33.51273],[126.52348,33.51252],[126.52425,33.5161],[126.52448,33.51593],[126.52474,33.51603],[126.52837,33.51525],[126.52863,33.51513],[126.52938,33.51444],[126.53196,33.51327]]]]}},{"type":"Feature","properties":{"adm_cd":"39010520","adm_nm":"제주특별자치도 제주시 일도2동"},"geometry":{"type":"MultiPolygon","coordinates":[[[[126.55496,33.50409],[126.55528,33.50223],[126.55528,33.50215],[126.55528,33.50207],[126.55484,33.50038],[126.55478,33.50024],[126.55458,33.50008],[126.55363,33.49973],[126.55344,33.4996],[126.55332,33.49951],[126.55305,33.49906],[126.55279,33.49806],[126.55276,33.49739],[126.54958,33.49939],[126.54864,33.49889],[126.54766,33.49838],[126.54745,33.49827],[126.54659,33.49782],[126.54609,33.49756],[126.5452,33.49878],[126.54475,33.4994],[126.54378,33.50076],[126.54292,33.50215],[126.54278,33.50238],[126.5415,33.50334],[126.54069,33.50349],[126.5388,33.50509],[126.53849,33.50536],[126.53818,33.50562],[126.53715,33.50476],[126.53624,33.50402],[126.53566,33.5037],[126.53493,33.50337],[126.53478,33.5033],[126.53454,33.5037],[126.5343,33.50387],[126.53402,33.50406],[126.53139,33.50509],[126.52952,33.50581],[126.52879,33.5064],[126.52866,33.50668],[126.5282,33.50781],[126.5276,33.50919],[126.52707,33.50992],[126.52784,33.50941],[126.53139,33.51166],[126.53147,33.51173],[126.53164,33.51188],[126.53173,33.51208],[126.53186,33.5126],[126.53188,33.51269],[126.53196,33.51323],[126.53196,33.51327],[126.53467,33.51365],[126.53838,33.51421],[126.53973,33.51393],[126.54372,33.51304],[126.54646,33.51113],[126.54324,33.50979],[126.54326,33.50961],[126.54425,33.50894],[126.54625,33.50717],[126.54634,33.50705],[126.54647,33.50688],[126.54651,33.50685],[126.54691,33.50648],[126.54741,33.50607],[126.548,33.50564],[126.55112,33.50389],[126.55229,33.50333],[126.55246,33.50332],[126.55301,33.50337],[126.55377,33.50356],[126.55447,33.50385],[126.55496,33.50409]]]]}},{"type":"Feature","properties":{"adm_cd":"39010530","adm_nm":"제주특별자치도 제주시 이도1동"},"geometry":{"type":"MultiPolygon","coordinates":[[[[126.52707,33.50992],[126.5276,33.50919],[126.5282,33.50781],[126.52866,33.50668],[126.52879,33.5064],[126.52952,33.50581],[126.53139,33.50509],[126.53402,33.50406],[126.5343,33.50387],[126.53454,33.5037],[126.53478,33.5033],[126.52907,33.50076],[126.52551,33.50012],[126.52481,33.5018],[126.52462,33.50433],[126.52502,33.50435],[126.52549,33.50447],[126.52549,33.50586],[126.52493,33.50681],[126.52432,33.50784],[126.52428,33.50791],[126.52398,33.5085],[126.52347,33.50949],[126.52316,33.51074],[126.52315,33.5108],[126.52315,33.51085],[126.52316,33.51088],[126.52317,33.51102],[126.5232,33.51124],[126.52321,33.51128],[126.52322,33.51135],[126.52348,33.51252],[126.52656,33.51273],[126.52707,33.50992]]]]}},{"type":"Feature","properties":{"adm_cd":"39010540","adm_nm":"제주특별자치도 제주시 이도2동"},"geometry":{"type":"MultiPolygon","coordinates":[[[[126.55276,33.49739],[126.55236,33.49561],[126.55221,33.49423],[126.55407,33.49262],[126.5539,33.49194],[126.55336,33.49134],[126.55209,33.49022],[126.55202,33.48903],[126.552,33.48885],[126.55177,33.48814],[126.54942,33.48992],[126.54917,33.49032],[126.54911,33.49054],[126.54907,33.49089],[126.54899,33.49111],[126.54766,33.49215],[126.54761,33.49219],[126.54233,33.49401],[126.54086,33.49431],[126.54079,33.49399],[126.54078,33.49372],[126.54083,33.4935],[126.54099,33.49314],[126.54171,33.49233],[126.54274,33.49121],[126.54289,33.49107],[126.54221,33.48797],[126.53772,33.48587],[126.53172,33.48502],[126.53217,33.48411],[126.53251,33.48325],[126.53259,33.48297],[126.5327,33.48258],[126.53272,33.48227],[126.53261,33.48188],[126.53243,33.48138],[126.53213,33.48078],[126.53176,33.48009],[126.53019,33.47736],[126.53011,33.47724],[126.52999,33.47712],[126.5299,33.47705],[126.52341,33.47638],[126.52257,33.4763],[126.52029,33.47751],[126.52013,33.47763],[126.5199,33.47785],[126.51979,33.47799],[126.51972,33.47814],[126.51943,33.47847],[126.51831,33.48042],[126.5176,33.48188],[126.51698,33.48391],[126.51884,33.48631],[126.51918,33.48726],[126.5185,33.48882],[126.51846,33.48892],[126.51872,33.49022],[126.51905,33.49093],[126.51962,33.49159],[126.52045,33.49242],[126.52076,33.49261],[126.52102,33.49314],[126.5214,33.49465],[126.52141,33.49471],[126.52141,33.49476],[126.52067,33.49742],[126.52052,33.4978],[126.5205,33.49786],[126.52046,33.49793],[126.52454,33.49772],[126.52464,33.49772],[126.52468,33.49772],[126.52488,33.49778],[126.52496,33.4978],[126.52528,33.49789],[126.52559,33.49799],[126.52526,33.49848],[126.5252,33.49857],[126.52514,33.49868],[126.52504,33.49913],[126.52487,33.50002],[126.52537,33.50009],[126.52551,33.50012],[126.52907,33.50076],[126.53478,33.5033],[126.53493,33.50337],[126.53566,33.5037],[126.53624,33.50402],[126.53715,33.50476],[126.53818,33.50562],[126.53849,33.50536],[126.5388,33.50509],[126.54069,33.50349],[126.5415,33.50334],[126.54278,33.50238],[126.54292,33.50215],[126.54378,33.50076],[126.54475,33.4994],[126.5452,33.49878],[126.54609,33.49756],[126.54659,33.49782],[126.54745,33.49827],[126.54766,33.49838],[126.54864,33.49889],[126.54958,33.49939],[126.55276,33.49739]]]]}},{"type":"Feature","properties":{"adm_cd":"39010550","adm_nm":"제주특별자치도 제주시 삼도1동"},"geometry":{"type":"MultiPolygon","coordinates":[[[[126.52462,33.50433],[126.52481,33.5018],[126.52551,33.50012],[126.52537,33.50009],[126.52487,33.50002],[126.52504,33.49913],[126.52514,33.49868],[126.5252,33.49857],[126.52526,33.49848],[126.52559,33.49799],[126.52528,33.49789],[126.52496,33.4978],[126.52488,33.49778],[126.52468,33.49772],[126.52464,33.49772],[126.52454,33.49772],[126.52046,33.49793],[126.51693,33.49825],[126.5166,33.4983],[126.51629,33.49838],[126.51617,33.49841],[126.51615,33.49844],[126.51594,33.49874],[126.51592,33.49876],[126.51591,33.49879],[126.5158,33.49897],[126.51577,33.49902],[126.51573,33.4991],[126.51571,33.49914],[126.51569,33.49917],[126.51567,33.49923],[126.51566,33.4993],[126.51565,33.49937],[126.51555,33.50003],[126.5155,33.50078],[126.51548,33.50086],[126.51547,33.5009],[126.51526,33.50131],[126.51507,33.50166],[126.51484,33.50208],[126.51462,33.50249],[126.51456,33.50304],[126.51446,33.50515],[126.51446,33.50525],[126.51446,33.5054],[126.51447,33.50548],[126.5145,33.50557],[126.51457,33.50569],[126.51564,33.50752],[126.51569,33.50759],[126.51579,33.5077],[126.51719,33.50922],[126.51729,33.50932],[126.51744,33.50942],[126.51767,33.50956],[126.5178,33.50963],[126.51797,33.50971],[126.51862,33.51001],[126.51976,33.51052],[126.51997,33.50892],[126.51997,33.50816],[126.51997,33.50813],[126.51998,33.50723],[126.51998,33.50672],[126.51998,33.50629],[126.51997,33.50571],[126.51996,33.50512],[126.51996,33.50442],[126.52043,33.50441],[126.52183,33.50438],[126.52204,33.50438],[126.52214,33.50437],[126.5222,33.50437],[126.52462,33.50433]]]]}},{"type":"Feature","properties":{"adm_cd":"39010560","adm_nm":"제주특별자치도 제주시 삼도2동"},"geometry":{"type":"MultiPolygon","coordinates":[[[[126.52472,33.51897],[126.52478,33.51685],[126.52425,33.5161],[126.52348,33.51252],[126.52322,33.51135],[126.52321,33.51128],[126.5232,33.51124],[126.52317,33.51102],[126.52316,33.51088],[126.52315,33.51085],[126.52315,33.5108],[126.52316,33.51074],[126.52347,33.50949],[126.52398,33.5085],[126.52428,33.50791],[126.52432,33.50784],[126.52493,33.50681],[126.52549,33.50586],[126.52549,33.50447],[126.52502,33.50435],[126.52462,33.50433],[126.5222,33.50437],[126.52214,33.50437],[126.52204,33.50438],[126.52183,33.50438],[126.52043,33.50441],[126.51996,33.50442],[126.51996,33.50512],[126.51997,33.50571],[126.51998,33.50629],[126.51998,33.50672],[126.51998,33.50723],[126.51997,33.50813],[126.51997,33.50816],[126.51997,33.50892],[126.51976,33.51052],[126.51977,33.51059],[126.51977,33.5107],[126.51973,33.51111],[126.51971,33.51123],[126.51966,33.5115],[126.51941,33.51208],[126.51927,33.51241],[126.51924,33.51247],[126.51912,33.51268],[126.51809,33.51381],[126.51665,33.51528],[126.51652,33.51547],[126.51645,33.5156],[126.51643,33.51564],[126.51576,33.5186],[126.51576,33.51876],[126.51629,33.5194],[126.51678,33.51968],[126.51733,33.51991],[126.51804,33.51989],[126.51892,33.51973],[126.51914,33.5197],[126.52472,33.51897]]]]}},{"type":"Feature","properties":{"adm_cd":"39010570","adm_nm":"제주특별자치도 제주시 용담1동"},"geometry":{"type":"MultiPolygon","coordinates":[[[[126.51976,33.51052],[126.51862,33.51001],[126.51797,33.50971],[126.5178,33.50963],[126.51767,33.50956],[126.51744,33.50942],[126.51729,33.50932],[126.51719,33.50922],[126.51579,33.5077],[126.51569,33.50759],[126.51564,33.50752],[126.51457,33.50569],[126.5145,33.50557],[126.51447,33.50548],[126.51446,33.5054],[126.51446,33.50525],[126.51446,33.50515],[126.51456,33.50304],[126.51462,33.50249],[126.51484,33.50208],[126.51507,33.50166],[126.51526,33.50131],[126.51547,33.5009],[126.51548,33.50086],[126.5155,33.50078],[126.51555,33.50003],[126.51202,33.50016],[126.51197,33.50024],[126.51191,33.50036],[126.51114,33.50304],[126.51114,33.50314],[126.51125,33.50745],[126.51149,33.50911],[126.5115,33.50914],[126.51155,33.50924],[126.51156,33.50926],[126.51171,33.50947],[126.51209,33.51],[126.51267,33.51078],[126.51275,33.5109],[126.51297,33.5111],[126.51308,33.51117],[126.5131,33.51118],[126.51327,33.51128],[126.51346,33.51137],[126.51359,33.51145],[126.51368,33.51153],[126.51375,33.51163],[126.5142,33.51239],[126.51434,33.51266],[126.51484,33.51369],[126.51486,33.51375],[126.51489,33.51388],[126.51488,33.51404],[126.51486,33.51427],[126.51484,33.51437],[126.51417,33.51653],[126.51576,33.5186],[126.51643,33.51564],[126.51645,33.5156],[126.51652,33.51547],[126.51665,33.51528],[126.51809,33.51381],[126.51912,33.51268],[126.51924,33.51247],[126.51927,33.51241],[126.51941,33.51208],[126.51966,33.5115],[126.51971,33.51123],[126.51973,33.51111],[126.51977,33.5107],[126.51977,33.51059],[126.51976,33.51052]]]]}},{"type":"Feature","properties":{"adm_cd":"39010580","adm_nm":"제주특별자치도 제주시 용담2동"},"geometry":{"type":"MultiPolygon","coordinates":[[[[126.51417,33.51653],[126.51484,33.51437],[126.51486,33.51427],[126.51488,33.51404],[126.51489,33.51388],[126.51486,33.51375],[126.51484,33.51369],[126.51434,33.51266],[126.5142,33.51239],[126.51375,33.51163],[126.51368,33.51153],[126.51359,33.51145],[126.51346,33.51137],[126.51327,33.51128],[126.5131,33.51118],[126.51308,33.51117],[126.51297,33.5111],[126.51275,33.5109],[126.51267,33.51078],[126.51209,33.51],[126.51171,33.50947],[126.51156,33.50926],[126.51155,33.50924],[126.5115,33.50914],[126.51149,33.50911],[126.51125,33.50745],[126.51114,33.50314],[126.51114,33.50304],[126.51191,33.50036],[126.51197,33.50024],[126.51202,33.50016],[126.51104,33.5002],[126.50801,33.50028],[126.50776,33.50028],[126.50728,33.5003],[126.50595,33.50031],[126.50479,33.49996],[126.49947,33.49831],[126.49722,33.49824],[126.49646,33.49816],[126.49537,33.49764],[126.49515,33.49748],[126.49489,33.49729],[126.49384,33.49593],[126.49223,33.49385],[126.49177,33.4954],[126.4915,33.49752],[126.49121,33.50028],[126.49151,33.50029],[126.49163,33.50031],[126.49255,33.50057],[126.49215,33.50355],[126.49158,33.50509],[126.48957,33.50795],[126.48871,33.50902],[126.48649,33.51033],[126.48495,33.51113],[126.48382,33.51211],[126.48299,33.51406],[126.483,33.51473],[126.48467,33.51739],[126.48518,33.51816],[126.48872,33.5202],[126.4891,33.52038],[126.49308,33.52133],[126.49455,33.5216],[126.49539,33.52171],[126.49767,33.52134],[126.49824,33.52117],[126.49891,33.52095],[126.50109,33.51957],[126.50146,33.51858],[126.50156,33.51833],[126.50626,33.51737],[126.50926,33.51682],[126.51289,33.51671],[126.51417,33.51653]]]]}},{"type":"Feature","properties":{"adm_cd":"39010590","adm_nm":"제주특별자치도 제주시 건입동"},"geometry":{"type":"MultiPolygon","coordinates":[[[[126.54884,33.52084],[126.54871,33.52043],[126.54865,33.51946],[126.54865,33.51875],[126.55061,33.51483],[126.55218,33.5135],[126.5502,33.5125],[126.54891,33.51212],[126.54797,33.51176],[126.54766,33.51163],[126.55154,33.50969],[126.55534,33.50786],[126.55636,33.50736],[126.55687,33.50711],[126.55496,33.50409],[126.55447,33.50385],[126.55377,33.50356],[126.55301,33.50337],[126.55246,33.50332],[126.55229,33.50333],[126.55112,33.50389],[126.548,33.50564],[126.54741,33.50607],[126.54691,33.50648],[126.54651,33.50685],[126.54647,33.50688],[126.54634,33.50705],[126.54625,33.50717],[126.54425,33.50894],[126.54326,33.50961],[126.54324,33.50979],[126.54646,33.51113],[126.54372,33.51304],[126.53973,33.51393],[126.53838,33.51421],[126.53467,33.51365],[126.53196,33.51327],[126.52938,33.51444],[126.52863,33.51513],[126.52837,33.51525],[126.52474,33.51603],[126.52448,33.51593],[126.52425,33.5161],[126.52478,33.51685],[126.52472,33.51897],[126.5277,33.51884],[126.52779,33.51955],[126.53432,33.52451],[126.53499,33.52459],[126.53974,33.53081],[126.5453,33.52774],[126.5453,33.52745],[126.54442,33.52697],[126.5445,33.52339],[126.54923,33.52366],[126.55067,33.52367],[126.55067,33.52322],[126.54884,33.52084]]]]}},{"type":"Feature","properties":{"adm_cd":"39010600","adm_nm":"제주특별자치도 제주시 화북동"},"geometry":{"type":"MultiPolygon","coordinates":[[[[126.57345,33.52578],[126.57484,33.52439],[126.57797,33.52137],[126.57861,33.51778],[126.577,33.5101],[126.5744,33.50963],[126.57384,33.50863],[126.57648,33.50372],[126.57765,33.50186],[126.58001,33.49938],[126.58012,33.49925],[126.58118,33.49787],[126.5811,33.49754],[126.57851,33.49842],[126.57787,33.49838],[126.57536,33.49794],[126.57441,33.49739],[126.56998,33.49551],[126.56364,33.4945],[126.56317,33.49268],[126.56306,33.4922],[126.56309,33.4918],[126.56319,33.49173],[126.5633,33.4917],[126.56343,33.49155],[126.56369,33.49086],[126.56451,33.48871],[126.56455,33.48844],[126.56459,33.48778],[126.5646,33.48753],[126.5638,33.48715],[126.55794,33.48632],[126.55779,33.48631],[126.55576,33.48639],[126.55563,33.48641],[126.55553,33.48648],[126.55541,33.48683],[126.55528,33.48712],[126.55483,33.48801],[126.55445,33.48857],[126.55402,33.48913],[126.55353,33.48971],[126.55289,33.49037],[126.55269,33.49042],[126.55251,33.49045],[126.55237,33.4904],[126.55209,33.49022],[126.55336,33.49134],[126.5539,33.49194],[126.55407,33.49262],[126.55221,33.49423],[126.55236,33.49561],[126.55276,33.49739],[126.55279,33.49806],[126.55305,33.49906],[126.55332,33.49951],[126.55344,33.4996],[126.55363,33.49973],[126.55458,33.50008],[126.55478,33.50024],[126.55484,33.50038],[126.55528,33.50207],[126.55528,33.50215],[126.55528,33.50223],[126.55496,33.50409],[126.55687,33.50711],[126.55636,33.50736],[126.55534,33.50786],[126.55154,33.50969],[126.54766,33.51163],[126.54797,33.51176],[126.54891,33.51212],[126.5502,33.5125],[126.55218,33.5135],[126.55061,33.51483],[126.54865,33.51875],[126.54865,33.51946],[126.54871,33.52043],[126.54884,33.52084],[126.54888,33.5208],[126.54892,33.52074],[126.54902,33.52072],[126.55066,33.52064],[126.55074,33.52065],[126.55511,33.52139],[126.55841,33.52271],[126.5588,33.52356],[126.55878,33.52368],[126.55883,33.52386],[126.5598,33.52532],[126.56161,33.5277],[126.56241,33.52787],[126.56252,33.52783],[126.56248,33.5277],[126.56495,33.52513],[126.56517,33.525],[126.56581,33.52467],[126.56635,33.52468],[126.56725,33.52502],[126.57069,33.52593],[126.57099,33.52579],[126.57333,33.52532],[126.57346,33.52534],[126.57352,33.52568],[126.57345,33.52578]]]]}},{"type":"Feature","properties":{"adm_cd":"39010610","adm_nm":"제주특별자치도 제주시 삼양동"},"geometry":{"type":"MultiPolygon","coordinates":[[[[126.60315,33.53524],[126.60327,33.53376],[126.60327,33.53338],[126.60304,33.53213],[126.60288,33.53168],[126.60153,33.52994],[126.60011,33.52823],[126.59905,33.52479],[126.60021,33.52141],[126.60173,33.5202],[126.60984,33.51748],[126.61187,33.51698],[126.61173,33.51679],[126.61166,33.51666],[126.61163,33.51654],[126.61153,33.51499],[126.61186,33.51365],[126.61186,33.51358],[126.61169,33.51278],[126.61167,33.51273],[126.61082,33.51068],[126.61078,33.51059],[126.61053,33.51013],[126.60818,33.5063],[126.60658,33.50564],[126.60652,33.50562],[126.60497,33.50517],[126.60485,33.50515],[126.60449,33.50512],[126.60442,33.50513],[126.60383,33.50524],[126.60368,33.50528],[126.60182,33.50554],[126.60113,33.50564],[126.60035,33.50572],[126.60019,33.50572],[126.59989,33.50569],[126.59933,33.50556],[126.59822,33.50433],[126.59817,33.50415],[126.59837,33.50321],[126.59872,33.5019],[126.59906,33.50094],[126.59939,33.50071],[126.59967,33.50054],[126.59972,33.49918],[126.5994,33.49891],[126.59343,33.49441],[126.59339,33.49441],[126.59326,33.49441],[126.59215,33.49453],[126.59209,33.49454],[126.5905,33.49515],[126.58465,33.49562],[126.58189,33.49709],[126.5811,33.49754],[126.58118,33.49787],[126.58012,33.49925],[126.58001,33.49938],[126.57765,33.50186],[126.57648,33.50372],[126.57384,33.50863],[126.5744,33.50963],[126.577,33.5101],[126.57861,33.51778],[126.57797,33.52137],[126.57484,33.52439],[126.57345,33.52578],[126.57286,33.52667],[126.57254,33.52717],[126.5737,33.52869],[126.57478,33.52937],[126.57742,33.52916],[126.58159,33.52718],[126.5842,33.52717],[126.58623,33.52889],[126.58637,33.52951],[126.5866,33.5305],[126.58732,33.53281],[126.58999,33.53403],[126.59051,33.5338],[126.59088,33.53364],[126.59106,33.53361],[126.59122,33.5337],[126.59303,33.53484],[126.59737,33.53777],[126.5976,33.53776],[126.59791,33.53771],[126.59818,33.53732],[126.59811,33.53719],[126.6006,33.53704],[126.60195,33.53675],[126.60281,33.53651],[126.60315,33.53524]]]]}},{"type":"Feature","properties":{"adm_cd":"39010620","adm_nm":"제주특별자치도 제주시 봉개동"},"geometry":{"type":"MultiPolygon","coordinates":[[[[126.59096,33.391],[126.59105,33.39148],[126.59129,33.39233],[126.59332,33.39685],[126.59453,33.39862],[126.59491,33.399],[126.59531,33.3992],[126.59575,33.39934],[126.59587,33.39951],[126.59647,33.40082],[126.59654,33.40111],[126.59654,33.40114],[126.59651,33.40232],[126.59647,33.40295],[126.59642,33.40318],[126.59638,33.40328],[126.59633,33.40329],[126.5959,33.40336],[126.59557,33.40353],[126.59489,33.40394],[126.5945,33.4043],[126.59281,33.40656],[126.59231,33.40738],[126.5912,33.40937],[126.59115,33.4095],[126.5895,33.41566],[126.58952,33.41589],[126.58962,33.41629],[126.58974,33.41674],[126.59029,33.41823],[126.59089,33.41993],[126.59227,33.42508],[126.59272,33.42682],[126.59306,33.42788],[126.59321,33.428],[126.59413,33.429],[126.5942,33.42914],[126.59423,33.42923],[126.59355,33.43113],[126.59192,33.43376],[126.59119,33.43489],[126.59095,33.43564],[126.59091,33.43683],[126.59108,33.4386],[126.5898,33.44024],[126.58924,33.44212],[126.58915,33.44257],[126.58947,33.44292],[126.59,33.44401],[126.5902,33.4487],[126.58969,33.449],[126.58942,33.44923],[126.58898,33.44996],[126.58801,33.45203],[126.58647,33.45478],[126.58547,33.45574],[126.58515,33.45683],[126.58486,33.45804],[126.58448,33.4597],[126.58435,33.46044],[126.58442,33.46114],[126.58477,33.46152],[126.58519,33.46215],[126.58521,33.46262],[126.58499,33.46452],[126.58463,33.46542],[126.58424,33.46577],[126.58413,33.46604],[126.58381,33.46682],[126.58375,33.46747],[126.58394,33.46848],[126.58399,33.47047],[126.5827,33.47279],[126.5824,33.47305],[126.58164,33.47352],[126.5809,33.47396],[126.58031,33.47432],[126.57928,33.47486],[126.57915,33.47487],[126.57871,33.47484],[126.57862,33.47483],[126.57855,33.47486],[126.57695,33.47629],[126.57684,33.47641],[126.57675,33.47658],[126.57615,33.47794],[126.57607,33.4782],[126.576,33.47855],[126.57599,33.47878],[126.57617,33.48046],[126.57619,33.48057],[126.57624,33.48061],[126.57631,33.48059],[126.57686,33.48032],[126.57897,33.48035],[126.58208,33.48071],[126.58213,33.48073],[126.58216,33.4808],[126.58216,33.48087],[126.58214,33.48096],[126.58216,33.48187],[126.5822,33.48282],[126.58241,33.48309],[126.58479,33.4839],[126.58539,33.48392],[126.58578,33.48374],[126.58633,33.48359],[126.58749,33.48395],[126.58767,33.48421],[126.58771,33.4843],[126.588,33.48512],[126.58802,33.48558],[126.58802,33.48673],[126.58801,33.48676],[126.58703,33.48794],[126.586,33.48912],[126.58595,33.48917],[126.58509,33.49003],[126.585,33.49009],[126.58491,33.4901],[126.58482,33.49012],[126.58449,33.49011],[126.58439,33.49015],[126.58419,33.49027],[126.58413,33.49032],[126.58361,33.49082],[126.58188,33.49347],[126.58158,33.49469],[126.58142,33.49653],[126.58141,33.49658],[126.58149,33.49671],[126.58151,33.49674],[126.58152,33.49677],[126.58158,33.49684],[126.58186,33.49708],[126.58189,33.49709],[126.58465,33.49562],[126.5905,33.49515],[126.59209,33.49454],[126.59215,33.49453],[126.59326,33.49441],[126.59339,33.49441],[126.59343,33.49441],[126.5994,33.49891],[126.59972,33.49918],[126.59967,33.50054],[126.59939,33.50071],[126.59906,33.50094],[126.59872,33.5019],[126.59837,33.50321],[126.59817,33.50415],[126.59822,33.50433],[126.59933,33.50556],[126.59989,33.50569],[126.60019,33.50572],[126.60035,33.50572],[126.60113,33.50564],[126.60182,33.50554],[126.60368,33.50528],[126.60383,33.50524],[126.60442,33.50513],[126.60449,33.50512],[126.60485,33.50515],[126.60497,33.50517],[126.60652,33.50562],[126.60658,33.50564],[126.60818,33.5063],[126.61053,33.51013],[126.61078,33.51059],[126.61082,33.51068],[126.61167,33.51273],[126.61169,33.51278],[126.61186,33.51358],[126.61186,33.51365],[126.61153,33.51499],[126.61163,33.51654],[126.61166,33.51666],[126.61173,33.51679],[126.61187,33.51698],[126.61322,33.5168],[126.61357,33.51688],[126.61371,33.5169],[126.61381,33.51689],[126.61408,33.51682],[126.61909,33.51518],[126.62009,33.51483],[126.621,33.51369],[126.6211,33.51352],[126.62091,33.51332],[126.62082,33.5133],[126.6207,33.51328],[126.6206,33.51328],[126.62055,33.51327],[126.62049,33.51323],[126.62008,33.51273],[126.61998,33.51239],[126.61947,33.51056],[126.61939,33.50913],[126.61965,33.50879],[126.61982,33.5074],[126.61983,33.50461],[126.62,33.50142],[126.62004,33.50073],[126.62022,33.49952],[126.62035,33.49924],[126.62304,33.49383],[126.62314,33.49366],[126.62367,33.49295],[126.62494,33.49204],[126.62502,33.49199],[126.62543,33.49177],[126.62596,33.49142],[126.62687,33.49061],[126.62694,33.49055],[126.62768,33.48978],[126.62782,33.48962],[126.62873,33.4879],[126.63246,33.48257],[126.63347,33.48168],[126.63429,33.48077],[126.63604,33.47786],[126.63668,33.47673],[126.63672,33.47662],[126.63737,33.4744],[126.63748,33.47399],[126.63748,33.47391],[126.63732,33.47166],[126.63718,33.47049],[126.63708,33.46959],[126.63729,33.46843],[126.6376,33.46687],[126.63815,33.4655],[126.63898,33.46458],[126.64013,33.46401],[126.64054,33.4635],[126.64115,33.46253],[126.64141,33.46007],[126.64168,33.45717],[126.64149,33.45224],[126.64139,33.45104],[126.64064,33.44981],[126.64063,33.4459],[126.64074,33.44477],[126.6421,33.44257],[126.64284,33.44208],[126.64371,33.44167],[126.64714,33.43616],[126.64714,33.43568],[126.64681,33.4349],[126.64547,33.4327],[126.64263,33.42869],[126.64193,33.42794],[126.6411,33.42734],[126.63874,33.42622],[126.63396,33.42464],[126.63228,33.4241],[126.6311,33.42389],[126.62967,33.42328],[126.62861,33.42273],[126.62568,33.42014],[126.62427,33.41863],[126.62357,33.4174],[126.62288,33.41628],[126.62171,33.41511],[126.62019,33.41408],[126.61996,33.41401],[126.61959,33.41394],[126.61915,33.41384],[126.61907,33.4138],[126.61901,33.41369],[126.61542,33.40611],[126.61564,33.40501],[126.61594,33.40369],[126.61593,33.40357],[126.61589,33.40348],[126.61523,33.40253],[126.61515,33.40241],[126.61241,33.39887],[126.61165,33.39814],[126.6098,33.39683],[126.60821,33.39593],[126.60615,33.39485],[126.60398,33.39392],[126.60354,33.39376],[126.6027,33.39356],[126.60107,33.39373],[126.59998,33.39409],[126.59944,33.39456],[126.59828,33.39458],[126.59761,33.39451],[126.59703,33.39414],[126.59573,33.39314],[126.59217,33.39153],[126.59096,33.391]]]]}},{"type":"Feature","properties":{"adm_cd":"39010630","adm_nm":"제주특별자치도 제주시 아라동"},"geometry":{"type":"MultiPolygon","coordinates":[[[[126.5811,33.49754],[126.58189,33.49709],[126.58186,33.49708],[126.58158,33.49684],[126.58152,33.49677],[126.58151,33.49674],[126.58149,33.49671],[126.58141,33.49658],[126.58142,33.49653],[126.58158,33.49469],[126.58188,33.49347],[126.58361,33.49082],[126.58413,33.49032],[126.58419,33.49027],[126.58439,33.49015],[126.58449,33.49011],[126.58482,33.49012],[126.58491,33.4901],[126.585,33.49009],[126.58509,33.49003],[126.58595,33.48917],[126.586,33.48912],[126.58703,33.48794],[126.58801,33.48676],[126.58802,33.48673],[126.58802,33.48558],[126.588,33.48512],[126.58771,33.4843],[126.58767,33.48421],[126.58749,33.48395],[126.58633,33.48359],[126.58578,33.48374],[126.58539,33.48392],[126.58479,33.4839],[126.58241,33.48309],[126.5822,33.48282],[126.58216,33.48187],[126.58214,33.48096],[126.58216,33.48087],[126.58216,33.4808],[126.58213,33.48073],[126.58208,33.48071],[126.57897,33.48035],[126.57686,33.48032],[126.57631,33.48059],[126.57624,33.48061],[126.57619,33.48057],[126.57617,33.48046],[126.57599,33.47878],[126.576,33.47855],[126.57607,33.4782],[126.57615,33.47794],[126.57675,33.47658],[126.57684,33.47641],[126.57695,33.47629],[126.57855,33.47486],[126.57862,33.47483],[126.57871,33.47484],[126.57915,33.47487],[126.57928,33.47486],[126.58031,33.47432],[126.5809,33.47396],[126.58164,33.47352],[126.5824,33.47305],[126.5827,33.47279],[126.58399,33.47047],[126.58394,33.46848],[126.58375,33.46747],[126.58381,33.46682],[126.58413,33.46604],[126.58424,33.46577],[126.58463,33.46542],[126.58499,33.46452],[126.58521,33.46262],[126.58519,33.46215],[126.58477,33.46152],[126.58442,33.46114],[126.58435,33.46044],[126.58448,33.4597],[126.58486,33.45804],[126.58515,33.45683],[126.58547,33.45574],[126.58647,33.45478],[126.58801,33.45203],[126.58898,33.44996],[126.58942,33.44923],[126.58969,33.449],[126.5902,33.4487],[126.59,33.44401],[126.58947,33.44292],[126.58915,33.44257],[126.58924,33.44212],[126.5898,33.44024],[126.59108,33.4386],[126.59091,33.43683],[126.59095,33.43564],[126.59119,33.43489],[126.59192,33.43376],[126.59355,33.43113],[126.59423,33.42923],[126.5942,33.42914],[126.59413,33.429],[126.59321,33.428],[126.59306,33.42788],[126.59272,33.42682],[126.59227,33.42508],[126.59089,33.41993],[126.59029,33.41823],[126.58974,33.41674],[126.58962,33.41629],[126.58952,33.41589],[126.5895,33.41566],[126.59115,33.4095],[126.5912,33.40937],[126.59231,33.40738],[126.59281,33.40656],[126.5945,33.4043],[126.59489,33.40394],[126.59557,33.40353],[126.5959,33.40336],[126.59633,33.40329],[126.59638,33.40328],[126.59642,33.40318],[126.59647,33.40295],[126.59651,33.40232],[126.59654,33.40114],[126.59654,33.40111],[126.59647,33.40082],[126.59587,33.39951],[126.59575,33.39934],[126.59531,33.3992],[126.59491,33.399],[126.59453,33.39862],[126.59332,33.39685],[126.59129,33.39233],[126.59105,33.39148],[126.59096,33.391],[126.58615,33.38953],[126.58527,33.38926],[126.5835,33.38836],[126.58081,33.38636],[126.57865,33.38521],[126.57497,33.38377],[126.57175,33.38223],[126.56846,33.38061],[126.56486,33.38038],[126.56032,33.37996],[126.56005,33.37965],[126.55871,33.37553],[126.55921,33.37284],[126.5582,33.37106],[126.55593,33.3712],[126.55144,33.37202],[126.55107,33.37204],[126.54811,33.37073],[126.54526,33.36879],[126.54128,33.36602],[126.53991,33.36461],[126.53988,33.36458],[126.53962,33.36429],[126.53798,33.36276],[126.53699,33.36218],[126.53576,33.36177],[126.5357,33.36194],[126.53552,33.36248],[126.53517,33.36289],[126.53425,33.36323],[126.53206,33.36301],[126.52987,33.36236],[126.52945,33.36153],[126.52944,33.36184],[126.52942,33.36231],[126.52938,33.36255],[126.52928,33.36299],[126.52916,33.36346],[126.52901,33.36385],[126.5287,33.36424],[126.52855,33.36442],[126.52836,33.36456],[126.52791,33.36479],[126.52704,33.3651],[126.52644,33.36533],[126.52598,33.36555],[126.52568,33.36574],[126.52539,33.36604],[126.52513,33.36642],[126.52483,33.36712],[126.52461,33.36786],[126.52413,33.37045],[126.52529,33.37411],[126.52464,33.37528],[126.52389,33.37749],[126.52505,33.38378],[126.52546,33.38494],[126.52631,33.38622],[126.52908,33.38965],[126.53231,33.3929],[126.53258,33.3945],[126.53304,33.39509],[126.53407,33.39639],[126.53593,33.3973],[126.53653,33.39748],[126.53669,33.39769],[126.53721,33.39891],[126.53783,33.40035],[126.53885,33.403],[126.5388,33.4036],[126.53776,33.40433],[126.53755,33.40508],[126.53752,33.40694],[126.53848,33.40851],[126.5387,33.40938],[126.53812,33.41006],[126.53681,33.41042],[126.53632,33.41164],[126.53606,33.41258],[126.53617,33.41372],[126.5369,33.41502],[126.53761,33.41648],[126.53934,33.42037],[126.53934,33.42066],[126.53734,33.42309],[126.536,33.42307],[126.53514,33.42401],[126.53484,33.4249],[126.53474,33.42534],[126.53469,33.42592],[126.53471,33.42603],[126.53476,33.42627],[126.53499,33.42658],[126.53494,33.42749],[126.53254,33.43154],[126.53096,33.43322],[126.52969,33.43376],[126.52941,33.43399],[126.52721,33.43673],[126.52569,33.44015],[126.52526,33.44188],[126.525,33.44303],[126.52342,33.4452],[126.52131,33.44729],[126.51916,33.44925],[126.51834,33.45078],[126.51776,33.45199],[126.51785,33.45249],[126.518,33.45333],[126.51781,33.45449],[126.51769,33.45509],[126.51713,33.45619],[126.51657,33.45713],[126.51662,33.45727],[126.51682,33.45783],[126.51727,33.46025],[126.51725,33.46447],[126.51534,33.47105],[126.51463,33.4713],[126.5146,33.47157],[126.51693,33.47563],[126.51699,33.47566],[126.51874,33.47677],[126.51915,33.47724],[126.51931,33.47744],[126.51972,33.47814],[126.51979,33.47799],[126.5199,33.47785],[126.52013,33.47763],[126.52029,33.47751],[126.52257,33.4763],[126.52341,33.47638],[126.5299,33.47705],[126.52999,33.47712],[126.53011,33.47724],[126.53019,33.47736],[126.53176,33.48009],[126.53213,33.48078],[126.53243,33.48138],[126.53261,33.48188],[126.53272,33.48227],[126.5327,33.48258],[126.53259,33.48297],[126.53251,33.48325],[126.53217,33.48411],[126.53172,33.48502],[126.53772,33.48587],[126.54221,33.48797],[126.54289,33.49107],[126.54274,33.49121],[126.54171,33.49233],[126.54099,33.49314],[126.54083,33.4935],[126.54078,33.49372],[126.54079,33.49399],[126.54086,33.49431],[126.54233,33.49401],[126.54761,33.49219],[126.54766,33.49215],[126.54899,33.49111],[126.54907,33.49089],[126.54911,33.49054],[126.54917,33.49032],[126.54942,33.48992],[126.55177,33.48814],[126.552,33.48885],[126.55202,33.48903],[126.55209,33.49022],[126.55237,33.4904],[126.55251,33.49045],[126.55269,33.49042],[126.55289,33.49037],[126.55353,33.48971],[126.55402,33.48913],[126.55445,33.48857],[126.55483,33.48801],[126.55528,33.48712],[126.55541,33.48683],[126.55553,33.48648],[126.55563,33.48641],[126.55576,33.48639],[126.55779,33.48631],[126.55794,33.48632],[126.5638,33.48715],[126.5646,33.48753],[126.56459,33.48778],[126.56455,33.48844],[126.56451,33.48871],[126.56369,33.49086],[126.56343,33.49155],[126.5633,33.4917],[126.56319,33.49173],[126.56309,33.4918],[126.56306,33.4922],[126.56317,33.49268],[126.56364,33.4945],[126.56998,33.49551],[126.57441,33.49739],[126.57536,33.49794],[126.57787,33.49838],[126.57851,33.49842],[126.5811,33.49754]]]]}},{"type":"Feature","properties":{"adm_cd":"39010640","adm_nm":"제주특별자치도 제주시 오라동"},"geometry":{"type":"MultiPolygon","coordinates":[[[[126.51202,33.50016],[126.51555,33.50003],[126.51565,33.49937],[126.51566,33.4993],[126.51567,33.49923],[126.51569,33.49917],[126.51571,33.49914],[126.51573,33.4991],[126.51577,33.49902],[126.5158,33.49897],[126.51591,33.49879],[126.51592,33.49876],[126.51594,33.49874],[126.51615,33.49844],[126.51617,33.49841],[126.51629,33.49838],[126.5166,33.4983],[126.51693,33.49825],[126.52046,33.49793],[126.5205,33.49786],[126.52052,33.4978],[126.52067,33.49742],[126.52141,33.49476],[126.52141,33.49471],[126.5214,33.49465],[126.52102,33.49314],[126.52076,33.49261],[126.52045,33.49242],[126.51962,33.49159],[126.51905,33.49093],[126.51872,33.49022],[126.51846,33.48892],[126.5185,33.48882],[126.51918,33.48726],[126.51884,33.48631],[126.51698,33.48391],[126.5176,33.48188],[126.51831,33.48042],[126.51943,33.47847],[126.51972,33.47814],[126.51931,33.47744],[126.51915,33.47724],[126.51874,33.47677],[126.51699,33.47566],[126.51693,33.47563],[126.5146,33.47157],[126.51463,33.4713],[126.51534,33.47105],[126.51725,33.46447],[126.51727,33.46025],[126.51682,33.45783],[126.51662,33.45727],[126.51657,33.45713],[126.51713,33.45619],[126.51769,33.45509],[126.51781,33.45449],[126.518,33.45333],[126.51785,33.45249],[126.51776,33.45199],[126.51834,33.45078],[126.51916,33.44925],[126.52131,33.44729],[126.52342,33.4452],[126.525,33.44303],[126.52526,33.44188],[126.52569,33.44015],[126.52721,33.43673],[126.52941,33.43399],[126.52969,33.43376],[126.53096,33.43322],[126.53254,33.43154],[126.53494,33.42749],[126.53499,33.42658],[126.53476,33.42627],[126.53471,33.42603],[126.53469,33.42592],[126.53474,33.42534],[126.53484,33.4249],[126.53514,33.42401],[126.536,33.42307],[126.53734,33.42309],[126.53934,33.42066],[126.53934,33.42037],[126.53761,33.41648],[126.5369,33.41502],[126.53617,33.41372],[126.53606,33.41258],[126.53632,33.41164],[126.53681,33.41042],[126.53812,33.41006],[126.5387,33.40938],[126.53848,33.40851],[126.53752,33.40694],[126.53755,33.40508],[126.53776,33.40433],[126.5388,33.4036],[126.53885,33.403],[126.53783,33.40035],[126.53721,33.39891],[126.53669,33.39769],[126.53653,33.39748],[126.53593,33.3973],[126.53407,33.39639],[126.53304,33.39509],[126.53258,33.3945],[126.53231,33.3929],[126.52908,33.38965],[126.52631,33.38622],[126.52546,33.38494],[126.52505,33.38378],[126.52389,33.37749],[126.52464,33.37528],[126.52529,33.37411],[126.52497,33.37416],[126.52452,33.37431],[126.52354,33.37516],[126.52233,33.37676],[126.52177,33.3786],[126.52163,33.37999],[126.52158,33.38061],[126.52213,33.38105],[126.52192,33.38797],[126.51967,33.3894],[126.5186,33.39036],[126.51681,33.39234],[126.51287,33.39575],[126.51072,33.3961],[126.50792,33.39692],[126.50633,33.39852],[126.5063,33.40097],[126.50651,33.40226],[126.50609,33.40625],[126.50358,33.41006],[126.50197,33.41188],[126.49999,33.41435],[126.5,33.41443],[126.5003,33.41479],[126.50038,33.41483],[126.50077,33.41468],[126.50168,33.41396],[126.50235,33.41287],[126.50292,33.41198],[126.50416,33.41092],[126.50537,33.4102],[126.50603,33.41007],[126.5066,33.41007],[126.50703,33.41071],[126.50788,33.41466],[126.50765,33.41688],[126.50758,33.41717],[126.50729,33.41789],[126.50698,33.41862],[126.50604,33.42048],[126.50582,33.42081],[126.50495,33.42206],[126.50493,33.42211],[126.50494,33.42379],[126.50501,33.42506],[126.50509,33.42575],[126.5051,33.42621],[126.50507,33.42706],[126.50505,33.42718],[126.50463,33.42904],[126.5045,33.42954],[126.50443,33.42976],[126.50339,33.43229],[126.50303,33.43258],[126.50289,33.43279],[126.5024,33.4339],[126.50234,33.43434],[126.50228,33.43473],[126.50166,33.44008],[126.50164,33.44049],[126.50121,33.44689],[126.50015,33.45194],[126.50014,33.45203],[126.50014,33.45211],[126.50014,33.45223],[126.5002,33.45253],[126.50023,33.45262],[126.50033,33.4528],[126.50138,33.4552],[126.50287,33.46171],[126.50287,33.4619],[126.50287,33.46205],[126.50284,33.46217],[126.5028,33.46218],[126.50268,33.4622],[126.50243,33.46222],[126.50237,33.46224],[126.50231,33.46227],[126.50221,33.46233],[126.50212,33.46242],[126.50174,33.46293],[126.50153,33.46323],[126.50145,33.46338],[126.50094,33.4646],[126.50093,33.46465],[126.50087,33.46566],[126.50087,33.46569],[126.50182,33.46942],[126.50195,33.47411],[126.5018,33.47503],[126.50178,33.47509],[126.50159,33.47539],[126.50132,33.47578],[126.50115,33.47598],[126.50091,33.47623],[126.50056,33.47658],[126.50015,33.47699],[126.50005,33.47855],[126.50005,33.47858],[126.50088,33.48118],[126.50136,33.48252],[126.50196,33.48476],[126.50169,33.48992],[126.50178,33.49336],[126.50173,33.49726],[126.50006,33.498],[126.49947,33.49831],[126.50479,33.49996],[126.50595,33.50031],[126.50728,33.5003],[126.50776,33.50028],[126.50801,33.50028],[126.51104,33.5002],[126.51202,33.50016]]]]}},{"type":"Feature","properties":{"adm_cd":"39010650","adm_nm":"제주특별자치도 제주시 연동"},"geometry":{"type":"MultiPolygon","coordinates":[[[[126.50038,33.41483],[126.49798,33.41574],[126.49554,33.41712],[126.49422,33.41849],[126.49292,33.42073],[126.49292,33.42107],[126.49223,33.42515],[126.49146,33.4278],[126.49139,33.42812],[126.49119,33.42983],[126.49141,33.43144],[126.48996,33.43461],[126.48896,33.43647],[126.48869,33.43702],[126.48857,33.43749],[126.48844,33.43861],[126.4887,33.44407],[126.48879,33.44551],[126.48741,33.45344],[126.48664,33.45729],[126.48661,33.45739],[126.48774,33.4589],[126.48787,33.45899],[126.48801,33.45904],[126.48842,33.46006],[126.4888,33.4613],[126.48881,33.46136],[126.4888,33.46141],[126.48877,33.4615],[126.48776,33.46349],[126.48693,33.46523],[126.48716,33.46567],[126.48753,33.46611],[126.48721,33.46848],[126.48685,33.47368],[126.48731,33.47639],[126.48734,33.47886],[126.48734,33.48201],[126.48642,33.48613],[126.48602,33.48701],[126.48494,33.4892],[126.48473,33.48915],[126.48426,33.48887],[126.4835,33.48842],[126.47954,33.49185],[126.47937,33.49202],[126.47933,33.49206],[126.4792,33.49221],[126.4792,33.49228],[126.47919,33.49251],[126.47919,33.49299],[126.47978,33.49305],[126.4776,33.4955],[126.47853,33.49594],[126.48152,33.49701],[126.48162,33.49703],[126.48187,33.49708],[126.48203,33.49707],[126.48408,33.49557],[126.48749,33.49434],[126.48782,33.49427],[126.49206,33.49385],[126.49223,33.49385],[126.49384,33.49593],[126.49489,33.49729],[126.49515,33.49748],[126.49537,33.49764],[126.49646,33.49816],[126.49722,33.49824],[126.49947,33.49831],[126.50006,33.498],[126.50173,33.49726],[126.50178,33.49336],[126.50169,33.48992],[126.50196,33.48476],[126.50136,33.48252],[126.50088,33.48118],[126.50005,33.47858],[126.50005,33.47855],[126.50015,33.47699],[126.50056,33.47658],[126.50091,33.47623],[126.50115,33.47598],[126.50132,33.47578],[126.50159,33.47539],[126.50178,33.47509],[126.5018,33.47503],[126.50195,33.47411],[126.50182,33.46942],[126.50087,33.46569],[126.50087,33.46566],[126.50093,33.46465],[126.50094,33.4646],[126.50145,33.46338],[126.50153,33.46323],[126.50174,33.46293],[126.50212,33.46242],[126.50221,33.46233],[126.50231,33.46227],[126.50237,33.46224],[126.50243,33.46222],[126.50268,33.4622],[126.5028,33.46218],[126.50284,33.46217],[126.50287,33.46205],[126.50287,33.4619],[126.50287,33.46171],[126.50138,33.4552],[126.50033,33.4528],[126.50023,33.45262],[126.5002,33.45253],[126.50014,33.45223],[126.50014,33.45211],[126.50014,33.45203],[126.50015,33.45194],[126.50121,33.44689],[126.50164,33.44049],[126.50166,33.44008],[126.50228,33.43473],[126.50234,33.43434],[126.5024,33.4339],[126.50289,33.43279],[126.50303,33.43258],[126.50339,33.43229],[126.50443,33.42976],[126.5045,33.42954],[126.50463,33.42904],[126.50505,33.42718],[126.50507,33.42706],[126.5051,33.42621],[126.50509,33.42575],[126.50501,33.42506],[126.50494,33.42379],[126.50493,33.42211],[126.50495,33.42206],[126.50582,33.42081],[126.50604,33.42048],[126.50698,33.41862],[126.50729,33.41789],[126.50758,33.41717],[126.50765,33.41688],[126.50788,33.41466],[126.50703,33.41071],[126.5066,33.41007],[126.50603,33.41007],[126.50537,33.4102],[126.50416,33.41092],[126.50292,33.41198],[126.50235,33.41287],[126.50168,33.41396],[126.50077,33.41468],[126.50038,33.41483]]]]}},{"type":"Feature","properties":{"adm_cd":"39010660","adm_nm":"제주특별자치도 제주시 노형동"},"geometry":{"type":"MultiPolygon","coordinates":[[[[126.50038,33.41483],[126.5003,33.41479],[126.5,33.41443],[126.49999,33.41435],[126.50197,33.41188],[126.50358,33.41006],[126.50609,33.40625],[126.50651,33.40226],[126.5063,33.40097],[126.50633,33.39852],[126.50792,33.39692],[126.51072,33.3961],[126.51287,33.39575],[126.51681,33.39234],[126.5186,33.39036],[126.51967,33.3894],[126.52192,33.38797],[126.52213,33.38105],[126.52158,33.38061],[126.52163,33.37999],[126.52177,33.3786],[126.52233,33.37676],[126.52354,33.37516],[126.52452,33.37431],[126.52497,33.37416],[126.52529,33.37411],[126.52413,33.37045],[126.5241,33.37049],[126.52392,33.37077],[126.52332,33.37145],[126.52189,33.37302],[126.5216,33.37328],[126.52133,33.37346],[126.51928,33.37445],[126.51519,33.37785],[126.51511,33.37795],[126.51483,33.37827],[126.51111,33.38195],[126.50996,33.38292],[126.50985,33.38301],[126.50969,33.38306],[126.50738,33.38338],[126.50675,33.38346],[126.50658,33.38347],[126.50556,33.38336],[126.50483,33.38318],[126.50471,33.38312],[126.50459,33.38311],[126.5032,33.38315],[126.50298,33.38318],[126.50273,33.38332],[126.49997,33.38506],[126.49685,33.38728],[126.4919,33.39027],[126.49164,33.39042],[126.49145,33.39047],[126.48953,33.39034],[126.48944,33.39033],[126.4892,33.39026],[126.48707,33.3896],[126.48631,33.3892],[126.48582,33.38885],[126.4857,33.38877],[126.48558,33.38872],[126.48189,33.38801],[126.48061,33.38795],[126.47766,33.38788],[126.47749,33.3879],[126.476,33.38808],[126.47593,33.38809],[126.47585,33.38813],[126.47535,33.38853],[126.47194,33.39117],[126.46716,33.39341],[126.4624,33.39502],[126.46213,33.39509],[126.46177,33.3952],[126.45944,33.39625],[126.4593,33.39636],[126.45832,33.40102],[126.4583,33.40117],[126.45835,33.40148],[126.45844,33.40171],[126.4585,33.40182],[126.45873,33.40204],[126.45912,33.40236],[126.45922,33.40249],[126.45924,33.40256],[126.4592,33.4027],[126.45906,33.40304],[126.45852,33.40395],[126.45842,33.40411],[126.45695,33.40577],[126.45685,33.40589],[126.45539,33.40685],[126.45457,33.40738],[126.45446,33.40744],[126.45427,33.40751],[126.45376,33.40767],[126.45341,33.40777],[126.45301,33.40786],[126.45293,33.40789],[126.45278,33.40802],[126.45192,33.40893],[126.45185,33.40903],[126.45008,33.41266],[126.45002,33.41281],[126.44992,33.41335],[126.44933,33.41654],[126.44941,33.41894],[126.4494,33.41915],[126.44939,33.41926],[126.44908,33.42247],[126.44848,33.42418],[126.44837,33.42459],[126.44837,33.42466],[126.44839,33.4248],[126.44844,33.42497],[126.44873,33.42551],[126.44881,33.42566],[126.44883,33.42572],[126.44883,33.42579],[126.44887,33.42654],[126.44885,33.42685],[126.44863,33.42952],[126.44833,33.43024],[126.4482,33.43047],[126.44708,33.43384],[126.4486,33.43574],[126.44885,33.43575],[126.44902,33.43578],[126.44916,33.43583],[126.44931,33.43594],[126.44939,33.43608],[126.44944,33.43625],[126.45065,33.44159],[126.45067,33.4418],[126.45067,33.44189],[126.45062,33.44212],[126.45045,33.44261],[126.45034,33.44286],[126.44826,33.44748],[126.44813,33.44765],[126.44807,33.44773],[126.44798,33.44781],[126.44759,33.44805],[126.44732,33.44829],[126.44682,33.4488],[126.4463,33.44952],[126.44617,33.44975],[126.44613,33.4499],[126.446,33.45437],[126.446,33.45448],[126.44602,33.4546],[126.44607,33.45472],[126.447,33.45688],[126.44708,33.45698],[126.44785,33.4601],[126.44788,33.46032],[126.44787,33.46177],[126.44786,33.46189],[126.44783,33.462],[126.44773,33.46217],[126.44636,33.46443],[126.44628,33.46455],[126.4462,33.46463],[126.44608,33.46473],[126.44595,33.46481],[126.44579,33.46488],[126.4456,33.46499],[126.44552,33.46508],[126.44548,33.46513],[126.44545,33.46518],[126.44515,33.46606],[126.44514,33.46617],[126.44516,33.46643],[126.44519,33.46666],[126.44549,33.46855],[126.44592,33.46859],[126.44673,33.46868],[126.44758,33.46877],[126.44916,33.46894],[126.44923,33.46906],[126.44913,33.46924],[126.44955,33.46934],[126.45045,33.46942],[126.45049,33.46942],[126.45057,33.46943],[126.45065,33.46942],[126.45076,33.46939],[126.45091,33.46935],[126.45333,33.46854],[126.45351,33.46846],[126.45367,33.46839],[126.45537,33.46757],[126.45543,33.46752],[126.4555,33.46746],[126.45554,33.4674],[126.45556,33.46735],[126.45557,33.46731],[126.45562,33.46729],[126.45586,33.46726],[126.45603,33.46728],[126.457,33.46758],[126.45923,33.46873],[126.45926,33.46875],[126.46012,33.46962],[126.46064,33.47017],[126.46094,33.47059],[126.46088,33.47066],[126.46049,33.47116],[126.4602,33.47172],[126.45997,33.47347],[126.46001,33.47375],[126.46008,33.47392],[126.46068,33.47526],[126.46108,33.47606],[126.46141,33.47661],[126.46154,33.47677],[126.46177,33.47701],[126.4618,33.47706],[126.46183,33.47711],[126.46187,33.47717],[126.46186,33.47724],[126.46139,33.47966],[126.46075,33.47997],[126.46017,33.48016],[126.45952,33.4806],[126.45782,33.48204],[126.45764,33.48246],[126.4576,33.48293],[126.45757,33.48316],[126.45754,33.48327],[126.45743,33.48338],[126.45644,33.48441],[126.45907,33.48559],[126.46219,33.48776],[126.46249,33.48798],[126.46306,33.48828],[126.46404,33.48879],[126.46553,33.48956],[126.46883,33.49096],[126.469,33.49101],[126.46921,33.49106],[126.46956,33.49111],[126.4698,33.49111],[126.47132,33.4916],[126.47139,33.49166],[126.47179,33.4922],[126.4776,33.4955],[126.47978,33.49305],[126.47919,33.49299],[126.47919,33.49251],[126.4792,33.49228],[126.4792,33.49221],[126.47933,33.49206],[126.47937,33.49202],[126.47954,33.49185],[126.4835,33.48842],[126.48426,33.48887],[126.48473,33.48915],[126.48494,33.4892],[126.48602,33.48701],[126.48642,33.48613],[126.48734,33.48201],[126.48734,33.47886],[126.48731,33.47639],[126.48685,33.47368],[126.48721,33.46848],[126.48753,33.46611],[126.48716,33.46567],[126.48693,33.46523],[126.48776,33.46349],[126.48877,33.4615],[126.4888,33.46141],[126.48881,33.46136],[126.4888,33.4613],[126.48842,33.46006],[126.48801,33.45904],[126.48787,33.45899],[126.48774,33.4589],[126.48661,33.45739],[126.48664,33.45729],[126.48741,33.45344],[126.48879,33.44551],[126.4887,33.44407],[126.48844,33.43861],[126.48857,33.43749],[126.48869,33.43702],[126.48896,33.43647],[126.48996,33.43461],[126.49141,33.43144],[126.49119,33.42983],[126.49139,33.42812],[126.49146,33.4278],[126.49223,33.42515],[126.49292,33.42107],[126.49292,33.42073],[126.49422,33.41849],[126.49554,33.41712],[126.49798,33.41574],[126.50038,33.41483]]]]}},{"type":"Feature","properties":{"adm_cd":"39010670","adm_nm":"제주특별자치도 제주시 외도동"},"geometry":{"type":"MultiPolygon","coordinates":[[[[126.44708,33.49864],[126.44677,33.49541],[126.44696,33.49458],[126.44823,33.4929],[126.44838,33.4927],[126.44851,33.49257],[126.44868,33.4924],[126.44877,33.49234],[126.44887,33.49232],[126.44896,33.49232],[126.44903,33.49232],[126.44919,33.49235],[126.44934,33.49237],[126.44944,33.49235],[126.44956,33.49231],[126.45061,33.49172],[126.45067,33.49167],[126.45356,33.4885],[126.45556,33.48629],[126.45644,33.48441],[126.45743,33.48338],[126.45754,33.48327],[126.45757,33.48316],[126.4576,33.48293],[126.45764,33.48246],[126.45782,33.48204],[126.45952,33.4806],[126.46017,33.48016],[126.46075,33.47997],[126.46139,33.47966],[126.46186,33.47724],[126.46187,33.47717],[126.46183,33.47711],[126.4618,33.47706],[126.46177,33.47701],[126.46154,33.47677],[126.46141,33.47661],[126.46108,33.47606],[126.46068,33.47526],[126.46008,33.47392],[126.46001,33.47375],[126.45997,33.47347],[126.4602,33.47172],[126.46049,33.47116],[126.46088,33.47066],[126.46094,33.47059],[126.46064,33.47017],[126.46012,33.46962],[126.45926,33.46875],[126.45923,33.46873],[126.457,33.46758],[126.45603,33.46728],[126.45586,33.46726],[126.45562,33.46729],[126.45557,33.46731],[126.45556,33.46735],[126.45554,33.4674],[126.4555,33.46746],[126.45543,33.46752],[126.45537,33.46757],[126.45367,33.46839],[126.45351,33.46846],[126.45333,33.46854],[126.45091,33.46935],[126.45076,33.46939],[126.45065,33.46942],[126.45057,33.46943],[126.45049,33.46942],[126.45045,33.46942],[126.44955,33.46934],[126.44913,33.46924],[126.44923,33.46906],[126.44916,33.46894],[126.44758,33.46877],[126.44673,33.46868],[126.44592,33.46859],[126.44549,33.46855],[126.44545,33.47018],[126.44544,33.47031],[126.44544,33.47041],[126.44541,33.4706],[126.44536,33.47089],[126.4433,33.47617],[126.44327,33.4762],[126.44305,33.47629],[126.44285,33.47637],[126.44269,33.47642],[126.44155,33.47659],[126.44152,33.47659],[126.44144,33.47659],[126.43843,33.47615],[126.43808,33.47606],[126.43789,33.47601],[126.43731,33.47578],[126.43404,33.4744],[126.43287,33.47341],[126.43175,33.47317],[126.42819,33.47306],[126.42745,33.47306],[126.42737,33.47307],[126.42254,33.47413],[126.42217,33.47423],[126.42206,33.47427],[126.42198,33.47431],[126.42195,33.47434],[126.42193,33.47436],[126.42114,33.47561],[126.42103,33.47582],[126.42094,33.476],[126.4196,33.47877],[126.41923,33.47959],[126.41919,33.47975],[126.41919,33.47979],[126.41919,33.47982],[126.42029,33.48321],[126.42097,33.48459],[126.42139,33.48807],[126.42134,33.48939],[126.41974,33.49272],[126.42115,33.49354],[126.42352,33.4956],[126.42375,33.4958],[126.42585,33.49615],[126.42657,33.49617],[126.42715,33.49582],[126.42739,33.49535],[126.42864,33.49496],[126.42941,33.49476],[126.43185,33.49453],[126.43885,33.49599],[126.44031,33.49638],[126.44047,33.49665],[126.44045,33.49713],[126.44046,33.4975],[126.44092,33.49785],[126.44233,33.49842],[126.44287,33.49857],[126.44472,33.49886],[126.44563,33.49893],[126.44656,33.49881],[126.44708,33.49864]]]]}},{"type":"Feature","properties":{"adm_cd":"39010680","adm_nm":"제주특별자치도 제주시 이호동"},"geometry":{"type":"MultiPolygon","coordinates":[[[[126.46274,33.50334],[126.46298,33.50227],[126.46483,33.49882],[126.4684,33.49328],[126.46968,33.4928],[126.47009,33.49265],[126.47021,33.49262],[126.47138,33.49225],[126.47179,33.4922],[126.47139,33.49166],[126.47132,33.4916],[126.4698,33.49111],[126.46956,33.49111],[126.46921,33.49106],[126.469,33.49101],[126.46883,33.49096],[126.46553,33.48956],[126.46404,33.48879],[126.46306,33.48828],[126.46249,33.48798],[126.46219,33.48776],[126.45907,33.48559],[126.45644,33.48441],[126.45556,33.48629],[126.45356,33.4885],[126.45067,33.49167],[126.45061,33.49172],[126.44956,33.49231],[126.44944,33.49235],[126.44934,33.49237],[126.44919,33.49235],[126.44903,33.49232],[126.44896,33.49232],[126.44887,33.49232],[126.44877,33.49234],[126.44868,33.4924],[126.44851,33.49257],[126.44838,33.4927],[126.44823,33.4929],[126.44696,33.49458],[126.44677,33.49541],[126.44708,33.49864],[126.44716,33.49858],[126.44731,33.49852],[126.45049,33.49748],[126.45062,33.49746],[126.45122,33.4975],[126.45162,33.49765],[126.45238,33.4981],[126.45292,33.49869],[126.45385,33.49993],[126.45429,33.50074],[126.45349,33.50115],[126.45266,33.50158],[126.45211,33.50187],[126.45462,33.50463],[126.4607,33.50461],[126.46199,33.50368],[126.46274,33.50334]]]]}},{"type":"Feature","properties":{"adm_cd":"39010690","adm_nm":"제주특별자치도 제주시 도두동"},"geometry":{"type":"MultiPolygon","coordinates":[[[[126.49223,33.49385],[126.49206,33.49385],[126.48782,33.49427],[126.48749,33.49434],[126.48408,33.49557],[126.48203,33.49707],[126.48187,33.49708],[126.48162,33.49703],[126.48152,33.49701],[126.47853,33.49594],[126.4776,33.4955],[126.47179,33.4922],[126.47138,33.49225],[126.47021,33.49262],[126.47009,33.49265],[126.46968,33.4928],[126.4684,33.49328],[126.46483,33.49882],[126.46298,33.50227],[126.46274,33.50334],[126.46324,33.50381],[126.4645,33.50663],[126.46507,33.5083],[126.4647,33.50827],[126.46445,33.50856],[126.46456,33.5089],[126.46827,33.5106],[126.46872,33.5105],[126.46885,33.51025],[126.46945,33.51005],[126.47138,33.5098],[126.47576,33.50968],[126.47902,33.50981],[126.48006,33.51003],[126.48324,33.51164],[126.48382,33.51211],[126.48495,33.51113],[126.48649,33.51033],[126.48871,33.50902],[126.48957,33.50795],[126.49158,33.50509],[126.49215,33.50355],[126.49255,33.50057],[126.49163,33.50031],[126.49151,33.50029],[126.49121,33.50028],[126.4915,33.49752],[126.49177,33.4954],[126.49223,33.49385]]]]}},{"type":"Feature","properties":{"adm_cd":"39020110","adm_nm":"제주특별자치도 서귀포시 대정읍"},"geometry":{"type":"MultiPolygon","coordinates":[[[[126.26998,33.11245],[126.26956,33.11187],[126.26787,33.11189],[126.2672,33.11193],[126.26653,33.11231],[126.26536,33.11349],[126.26511,33.11397],[126.26472,33.11481],[126.26446,33.11703],[126.26442,33.11757],[126.26443,33.1181],[126.26544,33.12084],[126.26719,33.12363],[126.26761,33.12415],[126.26825,33.12445],[126.26906,33.1242],[126.26959,33.12359],[126.27027,33.12255],[126.27056,33.12118],[126.27113,33.11689],[126.27115,33.11515],[126.27035,33.11262],[126.26998,33.11245]]],[[[126.27038,33.16123],[126.26983,33.16112],[126.26965,33.16131],[126.26941,33.16178],[126.26929,33.16206],[126.26924,33.16238],[126.26746,33.16618],[126.26736,33.16631],[126.26722,33.16646],[126.26683,33.16677],[126.26426,33.16812],[126.26335,33.16852],[126.26262,33.16909],[126.26336,33.17078],[126.26371,33.17135],[126.26433,33.172],[126.26849,33.17585],[126.26988,33.17666],[126.27091,33.17675],[126.27139,33.17678],[126.27184,33.17666],[126.27348,33.17615],[126.27497,33.17542],[126.27532,33.17494],[126.27565,33.17398],[126.27651,33.17294],[126.2771,33.17225],[126.27722,33.17213],[126.27734,33.17202],[126.27752,33.1719],[126.2785,33.17133],[126.2788,33.17133],[126.27919,33.1712],[126.28015,33.16771],[126.28022,33.16743],[126.28005,33.1672],[126.27987,33.16702],[126.27952,33.16687],[126.27904,33.16679],[126.27534,33.16455],[126.27198,33.16161],[126.27038,33.16123]]],[[[126.29523,33.21929],[126.29733,33.21906],[126.29734,33.21835],[126.29512,33.21268],[126.29356,33.21125],[126.29346,33.21108],[126.29303,33.20926],[126.29195,33.20418],[126.2936,33.20336],[126.29401,33.20305],[126.29432,33.20261],[126.29575,33.1985],[126.29569,33.19729],[126.29544,33.19639],[126.29472,33.19602],[126.29158,33.19468],[126.29098,33.19452],[126.2899,33.19441],[126.2891,33.19452],[126.2878,33.19527],[126.28721,33.19561],[126.28662,33.19606],[126.28604,33.19651],[126.28573,33.19717],[126.28569,33.19777],[126.28575,33.1986],[126.28569,33.19977],[126.28557,33.19993],[126.28504,33.20015],[126.28471,33.20021],[126.28246,33.19929],[126.27954,33.19831],[126.27838,33.19882],[126.27815,33.19941],[126.27774,33.19993],[126.27673,33.19861],[126.27638,33.19795],[126.27621,33.1967],[126.27644,33.19565],[126.2716,33.19394],[126.26907,33.19404],[126.26468,33.19601],[126.26186,33.19782],[126.26059,33.19917],[126.26033,33.20014],[126.2602,33.20064],[126.26117,33.20497],[126.26179,33.20559],[126.2629,33.20487],[126.26368,33.20537],[126.26346,33.20705],[126.26241,33.20957],[126.26145,33.21025],[126.2611,33.21039],[126.26029,33.21042],[126.25746,33.21042],[126.25609,33.20948],[126.25527,33.2096],[126.25438,33.21131],[126.25412,33.21171],[126.25231,33.2139],[126.25016,33.21333],[126.24936,33.21312],[126.24644,33.21691],[126.24593,33.21761],[126.24568,33.21855],[126.24469,33.22047],[126.24229,33.22116],[126.24117,33.22259],[126.24018,33.2244],[126.23992,33.22561],[126.23986,33.22571],[126.23799,33.22663],[126.23691,33.22705],[126.23623,33.22728],[126.23513,33.22804],[126.23492,33.22949],[126.23435,33.23133],[126.23246,33.23447],[126.23106,33.23478],[126.22929,33.23525],[126.22804,33.23566],[126.22673,33.23679],[126.22524,33.23864],[126.21926,33.24179],[126.21701,33.242],[126.21552,33.2419],[126.21431,33.2417],[126.21355,33.24116],[126.21221,33.24078],[126.21013,33.24155],[126.20917,33.24214],[126.20892,33.24303],[126.20876,33.24318],[126.20761,33.24365],[126.20392,33.2447],[126.20281,33.24487],[126.202,33.24488],[126.19983,33.24593],[126.19758,33.24799],[126.19704,33.24878],[126.19613,33.24901],[126.19501,33.24941],[126.19144,33.25233],[126.19233,33.25357],[126.19196,33.25391],[126.18898,33.25529],[126.18724,33.25599],[126.18561,33.25669],[126.18406,33.25761],[126.1832,33.2582],[126.18222,33.25891],[126.18011,33.26101],[126.17959,33.26188],[126.17958,33.26278],[126.17995,33.2632],[126.17916,33.26553],[126.17801,33.26751],[126.1773,33.26823],[126.17592,33.26908],[126.1748,33.26961],[126.17295,33.27086],[126.17048,33.27298],[126.16944,33.27413],[126.16848,33.27591],[126.1681,33.27719],[126.16881,33.27773],[126.16882,33.27927],[126.16834,33.2814],[126.16817,33.28162],[126.16922,33.2829],[126.17062,33.28438],[126.17207,33.28555],[126.17206,33.2859],[126.17191,33.28613],[126.17165,33.28629],[126.1712,33.2865],[126.17083,33.28667],[126.17065,33.28678],[126.17055,33.28706],[126.17052,33.28727],[126.17055,33.28759],[126.17079,33.28804],[126.17125,33.28864],[126.17596,33.29232],[126.17764,33.29353],[126.1778,33.29364],[126.17865,33.29402],[126.17904,33.29409],[126.179,33.29375],[126.17904,33.29328],[126.17909,33.293],[126.18066,33.29278],[126.18177,33.29262],[126.18351,33.29283],[126.18834,33.29384],[126.1916,33.29454],[126.19179,33.2954],[126.19177,33.29578],[126.19175,33.29584],[126.19174,33.2959],[126.19167,33.29619],[126.19166,33.29634],[126.19166,33.29643],[126.19165,33.29652],[126.19167,33.29692],[126.1917,33.29708],[126.19195,33.29838],[126.19814,33.29677],[126.1994,33.29645],[126.20049,33.29616],[126.20144,33.29592],[126.20167,33.29586],[126.20394,33.29503],[126.20628,33.29409],[126.21143,33.29204],[126.21151,33.29201],[126.21577,33.29005],[126.21878,33.28865],[126.2212,33.28755],[126.22473,33.28603],[126.22479,33.286],[126.22844,33.28447],[126.2297,33.28404],[126.23028,33.28382],[126.23154,33.28288],[126.23163,33.28281],[126.23519,33.27995],[126.23788,33.27769],[126.24018,33.27579],[126.24175,33.27459],[126.24307,33.27381],[126.24472,33.27309],[126.24434,33.27422],[126.24394,33.27564],[126.24293,33.28304],[126.24328,33.28498],[126.24383,33.28567],[126.2442,33.28613],[126.24739,33.28932],[126.24849,33.28975],[126.2508,33.29076],[126.25155,33.29108],[126.25227,33.29155],[126.25356,33.2925],[126.25431,33.29298],[126.25508,33.29329],[126.26125,33.29506],[126.26152,33.29513],[126.26323,33.29548],[126.26347,33.29551],[126.26375,33.29551],[126.26382,33.29548],[126.26395,33.29544],[126.26425,33.29542],[126.26832,33.29617],[126.26881,33.29633],[126.27054,33.29773],[126.27084,33.29839],[126.27083,33.29916],[126.27076,33.29979],[126.2707,33.30032],[126.27115,33.30104],[126.27245,33.30235],[126.27318,33.30291],[126.27515,33.30442],[126.28066,33.30804],[126.28104,33.30829],[126.28177,33.30793],[126.28514,33.30655],[126.2872,33.30588],[126.29239,33.30201],[126.29254,33.30186],[126.29263,33.30173],[126.29301,33.30107],[126.29365,33.29786],[126.29358,33.29693],[126.29336,33.29508],[126.29266,33.2889],[126.2937,33.28583],[126.2942,33.28495],[126.29489,33.28409],[126.2958,33.28347],[126.29598,33.28349],[126.29608,33.2835],[126.29622,33.28349],[126.29707,33.2832],[126.29725,33.28313],[126.3007,33.28136],[126.30186,33.28046],[126.30215,33.28019],[126.30252,33.2796],[126.30357,33.27645],[126.30378,33.27548],[126.30376,33.27454],[126.30366,33.27447],[126.30224,33.27331],[126.30115,33.27241],[126.3004,33.27166],[126.29523,33.26602],[126.29516,33.2659],[126.29518,33.26582],[126.29545,33.26551],[126.29553,33.26543],[126.29596,33.26511],[126.29625,33.26401],[126.29624,33.26366],[126.296,33.26106],[126.29579,33.26017],[126.29574,33.25994],[126.29573,33.25966],[126.29641,33.25834],[126.2959,33.25599],[126.29558,33.25466],[126.29408,33.24877],[126.29246,33.2444],[126.29199,33.24348],[126.2919,33.24336],[126.29147,33.24316],[126.29061,33.24291],[126.28991,33.24274],[126.28946,33.24268],[126.28772,33.24228],[126.28627,33.24192],[126.28612,33.24184],[126.28542,33.23951],[126.2853,33.23741],[126.28542,33.23665],[126.28549,33.23594],[126.28536,33.23529],[126.2853,33.23506],[126.28471,33.23404],[126.28421,33.23318],[126.28404,33.23265],[126.28428,33.23196],[126.28435,33.23177],[126.2845,33.23157],[126.2865,33.22949],[126.2877,33.2285],[126.28792,33.22834],[126.28806,33.22822],[126.28855,33.22773],[126.28904,33.22707],[126.28967,33.22604],[126.28973,33.22588],[126.29047,33.22246],[126.29046,33.22149],[126.29047,33.22145],[126.29434,33.21965],[126.29523,33.21929]]]]}},{"type":"Feature","properties":{"adm_cd":"39020120","adm_nm":"제주특별자치도 서귀포시 남원읍"},"geometry":{"type":"MultiPolygon","coordinates":[[[[126.65198,33.39454],[126.6522,33.39278],[126.65225,33.39246],[126.65231,33.39214],[126.65318,33.39],[126.65378,33.38907],[126.65442,33.38831],[126.65488,33.38778],[126.65847,33.38499],[126.65923,33.38459],[126.66002,33.38454],[126.66065,33.38463],[126.66115,33.38474],[126.66139,33.38482],[126.66164,33.38508],[126.66184,33.38543],[126.66199,33.38557],[126.66232,33.38564],[126.66308,33.38555],[126.66464,33.3852],[126.66493,33.38496],[126.66547,33.3843],[126.66599,33.38349],[126.66677,33.3827],[126.66795,33.3817],[126.67387,33.37916],[126.67712,33.37865],[126.67754,33.3786],[126.6782,33.37843],[126.679,33.37789],[126.68016,33.37698],[126.68076,33.37622],[126.68131,33.37567],[126.68203,33.3755],[126.68304,33.37554],[126.68356,33.37585],[126.68386,33.37634],[126.68526,33.37706],[126.68602,33.37724],[126.6868,33.37731],[126.68843,33.37702],[126.68876,33.37695],[126.69193,33.37594],[126.69266,33.37548],[126.69346,33.37479],[126.69433,33.37438],[126.69486,33.37415],[126.69554,33.37424],[126.69606,33.37452],[126.6962,33.37476],[126.69634,33.37528],[126.69653,33.37561],[126.69736,33.37636],[126.69767,33.37656],[126.698,33.37665],[126.70087,33.3765],[126.70169,33.37636],[126.70203,33.37627],[126.70249,33.37614],[126.70309,33.37578],[126.70357,33.37552],[126.70383,33.3754],[126.70532,33.37475],[126.70808,33.37375],[126.71465,33.37199],[126.7178,33.37115],[126.71871,33.3711],[126.72177,33.37125],[126.72254,33.37137],[126.7227,33.37154],[126.72266,33.37182],[126.72272,33.37206],[126.72282,33.37217],[126.72307,33.37223],[126.72412,33.37196],[126.72527,33.37106],[126.72594,33.37044],[126.72654,33.36961],[126.72701,33.369],[126.73075,33.36515],[126.73272,33.36519],[126.73501,33.36558],[126.73771,33.36221],[126.74119,33.35671],[126.74179,33.35563],[126.74195,33.35507],[126.74191,33.35487],[126.7416,33.35473],[126.74132,33.35461],[126.74155,33.35362],[126.74186,33.35323],[126.74518,33.35076],[126.74559,33.35049],[126.74686,33.35068],[126.74734,33.35053],[126.74753,33.35032],[126.74769,33.35015],[126.74936,33.34828],[126.74961,33.34782],[126.75042,33.34597],[126.75081,33.34506],[126.75138,33.34344],[126.75153,33.34275],[126.75229,33.34171],[126.75614,33.33874],[126.75761,33.33628],[126.7585,33.33451],[126.7589,33.3337],[126.75985,33.33067],[126.75983,33.33036],[126.75954,33.32805],[126.75948,33.32789],[126.75921,33.32765],[126.75854,33.32745],[126.75792,33.32727],[126.75779,33.32717],[126.75769,33.32709],[126.75764,33.32688],[126.75838,33.3235],[126.7616,33.31823],[126.76197,33.31795],[126.76312,33.31786],[126.7652,33.31594],[126.76747,33.31377],[126.76852,33.31246],[126.76979,33.31096],[126.77016,33.31069],[126.77019,33.31066],[126.77089,33.31039],[126.7714,33.31029],[126.77407,33.3098],[126.77449,33.30917],[126.77576,33.30721],[126.77597,33.30671],[126.77588,33.30583],[126.77557,33.30413],[126.77299,33.30051],[126.77206,33.30021],[126.77076,33.3],[126.76954,33.29984],[126.76736,33.2979],[126.76542,33.29476],[126.76547,33.29196],[126.76391,33.29099],[126.76286,33.29121],[126.7617,33.29127],[126.7594,33.28996],[126.75837,33.28925],[126.757,33.28742],[126.7546,33.28566],[126.75379,33.28514],[126.75309,33.28518],[126.75259,33.28548],[126.74995,33.284],[126.74993,33.2835],[126.75024,33.2832],[126.75079,33.28294],[126.75089,33.28259],[126.74851,33.2797],[126.74801,33.27939],[126.7454,33.27806],[126.73881,33.27656],[126.7385,33.27676],[126.73583,33.27879],[126.73491,33.27957],[126.73397,33.28054],[126.73328,33.28096],[126.7323,33.2786],[126.73192,33.2784],[126.73105,33.27827],[126.72864,33.2782],[126.72758,33.27838],[126.7271,33.27872],[126.72643,33.27888],[126.72559,33.2787],[126.72372,33.27825],[126.72343,33.27766],[126.72331,33.2774],[126.72343,33.27708],[126.72339,33.27659],[126.72315,33.27619],[126.72243,33.27599],[126.71762,33.27469],[126.71601,33.27478],[126.71572,33.2751],[126.71563,33.27557],[126.70585,33.27334],[126.70293,33.27217],[126.70099,33.27105],[126.70017,33.27077],[126.69856,33.2703],[126.69741,33.27034],[126.69351,33.27021],[126.68965,33.26951],[126.68331,33.2695],[126.68219,33.27035],[126.68118,33.27069],[126.67867,33.27064],[126.67836,33.27045],[126.67823,33.27002],[126.6785,33.26914],[126.67889,33.26897],[126.67885,33.26855],[126.67753,33.26696],[126.67722,33.2668],[126.67409,33.2676],[126.67399,33.26765],[126.67277,33.26909],[126.67085,33.27063],[126.66894,33.27035],[126.66532,33.26973],[126.66339,33.26801],[126.6612,33.26701],[126.661,33.26701],[126.66076,33.26711],[126.66063,33.26733],[126.66069,33.26763],[126.66093,33.26785],[126.66173,33.26819],[126.66293,33.2684],[126.66399,33.26978],[126.6629,33.2706],[126.66167,33.27142],[126.66157,33.2727],[126.66161,33.27273],[126.66264,33.27278],[126.6627,33.27284],[126.66236,33.27383],[126.66219,33.27397],[126.66174,33.27404],[126.66063,33.2741],[126.65949,33.27408],[126.65876,33.274],[126.65847,33.27383],[126.65847,33.27358],[126.65847,33.27351],[126.65853,33.27306],[126.65949,33.26997],[126.66075,33.26905],[126.66111,33.26889],[126.66117,33.2687],[126.66111,33.26849],[126.66091,33.26833],[126.65707,33.26752],[126.65695,33.26751],[126.65471,33.26851],[126.65323,33.26931],[126.64822,33.26844],[126.64815,33.26842],[126.64789,33.26833],[126.64404,33.26694],[126.64215,33.26575],[126.64167,33.26504],[126.64149,33.26466],[126.64131,33.26431],[126.64055,33.26124],[126.64033,33.2591],[126.64056,33.25811],[126.64058,33.25744],[126.64052,33.25722],[126.64032,33.25698],[126.63791,33.25649],[126.63736,33.25647],[126.63378,33.25494],[126.63139,33.25348],[126.62809,33.25164],[126.62746,33.2513],[126.62586,33.25083],[126.6257,33.2508],[126.6255,33.25083],[126.62442,33.2515],[126.62412,33.25206],[126.62334,33.2527],[126.62315,33.25297],[126.62309,33.25313],[126.62303,33.25328],[126.62296,33.25481],[126.62297,33.25514],[126.623,33.2555],[126.62306,33.25578],[126.62309,33.25591],[126.624,33.25951],[126.62468,33.2622],[126.6248,33.26246],[126.62485,33.26266],[126.62481,33.26297],[126.62469,33.26318],[126.6244,33.26364],[126.62423,33.26373],[126.62381,33.26386],[126.62306,33.26409],[126.62294,33.26415],[126.62281,33.26422],[126.62256,33.26439],[126.62235,33.26459],[126.62209,33.26496],[126.62191,33.26522],[126.62168,33.26568],[126.62144,33.26619],[126.62142,33.26639],[126.62142,33.26656],[126.62148,33.2667],[126.62159,33.26689],[126.62177,33.26712],[126.62197,33.26728],[126.62223,33.26744],[126.62281,33.26793],[126.62319,33.26831],[126.6233,33.26842],[126.62348,33.26866],[126.62359,33.26894],[126.62361,33.26918],[126.623,33.27235],[126.62292,33.27262],[126.62039,33.2784],[126.62027,33.27854],[126.62016,33.27864],[126.62004,33.27874],[126.61966,33.27892],[126.61927,33.27901],[126.61896,33.27905],[126.61735,33.27898],[126.61689,33.27929],[126.61549,33.2802],[126.61528,33.28036],[126.61411,33.28239],[126.61406,33.28255],[126.61412,33.28276],[126.6143,33.2841],[126.61434,33.2854],[126.61427,33.2855],[126.61404,33.28568],[126.61377,33.28579],[126.61258,33.28614],[126.60801,33.28642],[126.60406,33.28731],[126.60392,33.28737],[126.60377,33.28752],[126.60365,33.28769],[126.60303,33.29001],[126.60284,33.29093],[126.60292,33.29126],[126.6031,33.29152],[126.60327,33.29169],[126.60413,33.29221],[126.60454,33.29255],[126.60491,33.29306],[126.60504,33.29328],[126.60509,33.29356],[126.6051,33.29628],[126.60501,33.29669],[126.60479,33.29713],[126.60459,33.29738],[126.60414,33.29772],[126.60402,33.29781],[126.60358,33.29808],[126.60292,33.2985],[126.6018,33.2995],[126.60165,33.2997],[126.60065,33.30654],[126.60043,33.3089],[126.60007,33.3091],[126.59983,33.30935],[126.59965,33.30967],[126.59958,33.30989],[126.59937,33.31073],[126.59932,33.31119],[126.59925,33.31253],[126.59926,33.31267],[126.59931,33.31273],[126.59934,33.31277],[126.59969,33.31308],[126.59989,33.31329],[126.59995,33.31345],[126.59996,33.31357],[126.59971,33.31493],[126.59864,33.31642],[126.59844,33.31655],[126.5983,33.31659],[126.59812,33.3166],[126.598,33.31658],[126.59492,33.31884],[126.59454,33.3216],[126.59443,33.32187],[126.59371,33.32358],[126.59361,33.32372],[126.59318,33.32421],[126.59087,33.32652],[126.59054,33.32677],[126.59019,33.32696],[126.58803,33.32761],[126.5854,33.32777],[126.58416,33.32827],[126.5832,33.32919],[126.58287,33.32954],[126.58255,33.32992],[126.58199,33.3306],[126.5814,33.33134],[126.58114,33.33169],[126.58081,33.33214],[126.58047,33.33268],[126.58027,33.33305],[126.57755,33.33653],[126.57552,33.33863],[126.57537,33.33884],[126.57505,33.33929],[126.57464,33.33993],[126.57434,33.34059],[126.57426,33.34084],[126.57419,33.34104],[126.57409,33.34145],[126.574,33.34187],[126.57389,33.34234],[126.57359,33.34341],[126.57319,33.34474],[126.57294,33.34547],[126.57276,33.34593],[126.57258,33.34639],[126.57228,33.34711],[126.57189,33.34795],[126.57173,33.34825],[126.57169,33.34833],[126.57135,33.34888],[126.57114,33.34918],[126.57078,33.34953],[126.57052,33.34977],[126.56873,33.35113],[126.56856,33.35125],[126.56816,33.35144],[126.56768,33.35165],[126.56761,33.35168],[126.56751,33.35171],[126.5674,33.35173],[126.56732,33.35174],[126.56701,33.35177],[126.56656,33.35186],[126.56464,33.35244],[126.56264,33.35328],[126.56222,33.35358],[126.56202,33.35376],[126.56188,33.35389],[126.56165,33.35415],[126.56151,33.35433],[126.56131,33.35462],[126.56098,33.35503],[126.56077,33.35524],[126.56051,33.35549],[126.56011,33.35582],[126.5599,33.35599],[126.5568,33.35799],[126.55627,33.35831],[126.55604,33.35844],[126.55545,33.35871],[126.55415,33.35928],[126.55354,33.35946],[126.55286,33.35965],[126.55249,33.35974],[126.55211,33.35984],[126.55162,33.35998],[126.55124,33.36011],[126.54891,33.36093],[126.54629,33.3619],[126.53962,33.36429],[126.53988,33.36458],[126.53991,33.36461],[126.54128,33.36602],[126.54526,33.36879],[126.54811,33.37073],[126.55107,33.37204],[126.55144,33.37202],[126.55593,33.3712],[126.5582,33.37106],[126.5613,33.3711],[126.56464,33.37126],[126.56842,33.37152],[126.56991,33.37187],[126.57523,33.37116],[126.57567,33.37111],[126.57615,33.37109],[126.57784,33.37114],[126.57988,33.37124],[126.58048,33.37127],[126.58104,33.3713],[126.58118,33.37131],[126.5813,33.37132],[126.582,33.37144],[126.58381,33.3718],[126.58557,33.37222],[126.59154,33.37376],[126.59163,33.37381],[126.59185,33.37399],[126.59189,33.37402],[126.59258,33.37464],[126.59345,33.37538],[126.5939,33.37574],[126.5943,33.37598],[126.59474,33.37621],[126.59517,33.37636],[126.59737,33.37713],[126.60087,33.37922],[126.60099,33.37944],[126.60112,33.37964],[126.6012,33.37975],[126.60127,33.37983],[126.60147,33.38005],[126.60178,33.38032],[126.60195,33.38043],[126.60295,33.38086],[126.60348,33.38104],[126.60658,33.38204],[126.60722,33.38224],[126.60765,33.38232],[126.60795,33.38236],[126.6085,33.3824],[126.60909,33.38241],[126.60938,33.38241],[126.60995,33.38237],[126.61041,33.38235],[126.61054,33.38235],[126.61074,33.38234],[126.61095,33.38236],[126.61133,33.38243],[126.61179,33.38253],[126.61419,33.38308],[126.61444,33.38314],[126.61463,33.3832],[126.61518,33.38348],[126.61562,33.38371],[126.61634,33.38404],[126.61764,33.38448],[126.61941,33.38487],[126.61967,33.38493],[126.62013,33.38491],[126.6204,33.38485],[126.62055,33.38478],[126.62076,33.38441],[126.621,33.38424],[126.62127,33.38407],[126.62166,33.38392],[126.62232,33.38376],[126.62265,33.38368],[126.62277,33.38369],[126.62402,33.38488],[126.62412,33.38505],[126.62422,33.3857],[126.62429,33.38622],[126.62435,33.38713],[126.62439,33.38737],[126.62443,33.3876],[126.62465,33.38806],[126.62534,33.38919],[126.62563,33.38954],[126.62604,33.38992],[126.62928,33.39218],[126.63336,33.39403],[126.63345,33.39408],[126.63355,33.39412],[126.6338,33.39417],[126.63406,33.39414],[126.63427,33.39407],[126.63455,33.39389],[126.6349,33.39361],[126.63497,33.39354],[126.63606,33.39321],[126.63864,33.3934],[126.64088,33.39382],[126.64156,33.394],[126.64202,33.39406],[126.64373,33.39425],[126.64922,33.39483],[126.65013,33.39456],[126.65198,33.39454]]]]}},{"type":"Feature","properties":{"adm_cd":"39020130","adm_nm":"제주특별자치도 서귀포시 성산읍"},"geometry":{"type":"MultiPolygon","coordinates":[[[[126.91731,33.47525],[126.9147,33.47564],[126.91368,33.47738],[126.9136,33.47755],[126.91369,33.4777],[126.91382,33.47776],[126.91395,33.47778],[126.91409,33.47779],[126.91424,33.47775],[126.91436,33.47767],[126.91513,33.47686],[126.91548,33.47583],[126.91609,33.47579],[126.91703,33.47588],[126.91719,33.47589],[126.91737,33.47584],[126.91744,33.47571],[126.91746,33.47557],[126.91742,33.47541],[126.91731,33.47525]]],[[[126.91143,33.47698],[126.91103,33.47696],[126.9109,33.4773],[126.91117,33.48062],[126.91121,33.48084],[126.91133,33.48106],[126.91146,33.48125],[126.91161,33.48137],[126.91174,33.48145],[126.91188,33.4815],[126.91198,33.4815],[126.9121,33.4815],[126.91243,33.48138],[126.91277,33.48119],[126.91303,33.481],[126.91317,33.48085],[126.91398,33.47988],[126.91419,33.47957],[126.91432,33.47936],[126.91435,33.47924],[126.91436,33.47914],[126.91411,33.47816],[126.91403,33.47806],[126.91392,33.47799],[126.9118,33.47709],[126.91143,33.47698]]],[[[126.9147,33.47564],[126.9148,33.47548],[126.91491,33.47537],[126.91635,33.47484],[126.91659,33.47483],[126.9168,33.47484],[126.91702,33.47493],[126.91718,33.4751],[126.9173,33.47523],[126.91731,33.47525],[126.91963,33.4749],[126.92137,33.47389],[126.92155,33.47368],[126.9216,33.47347],[126.9216,33.47324],[126.92149,33.47186],[126.92145,33.47161],[126.92126,33.47132],[126.92083,33.47081],[126.92028,33.47072],[126.91968,33.47048],[126.91947,33.47004],[126.92047,33.46962],[126.92076,33.46962],[126.92298,33.47104],[126.92436,33.47214],[126.92381,33.47272],[126.92723,33.47587],[126.92774,33.47589],[126.92763,33.47352],[126.92444,33.47062],[126.92807,33.46937],[126.92909,33.47164],[126.92854,33.4724],[126.92796,33.47314],[126.92843,33.47384],[126.93553,33.47387],[126.93547,33.47753],[126.93609,33.47762],[126.93628,33.47381],[126.93562,33.47175],[126.93614,33.4705],[126.93756,33.46959],[126.93825,33.46819],[126.93756,33.46687],[126.93781,33.4659],[126.93792,33.46545],[126.94015,33.46229],[126.94226,33.46192],[126.94342,33.46183],[126.94477,33.46137],[126.94841,33.45775],[126.9483,33.45692],[126.94714,33.45558],[126.94554,33.45488],[126.94397,33.45424],[126.94075,33.45433],[126.93886,33.45552],[126.93715,33.45683],[126.93627,33.45826],[126.9342,33.45975],[126.9319,33.45893],[126.93048,33.45841],[126.93005,33.45759],[126.93081,33.45685],[126.93074,33.45536],[126.93001,33.45417],[126.92867,33.45259],[126.92652,33.45241],[126.92514,33.44924],[126.92482,33.44799],[126.92576,33.44774],[126.92569,33.44664],[126.92544,33.4456],[126.92493,33.44533],[126.92362,33.44545],[126.92274,33.44542],[126.92216,33.44462],[126.92224,33.44369],[126.92227,33.44334],[126.92275,33.4431],[126.92347,33.44337],[126.92442,33.44383],[126.92544,33.44316],[126.92519,33.43944],[126.92431,33.43877],[126.92384,33.43847],[126.92439,33.43635],[126.9253,33.43531],[126.92737,33.4354],[126.92916,33.43556],[126.92996,33.43516],[126.93211,33.43379],[126.9348,33.43205],[126.93691,33.43038],[126.93713,33.42918],[126.93622,33.42836],[126.93517,33.42769],[126.93357,33.42564],[126.93291,33.42448],[126.9327,33.42354],[126.93211,33.42235],[126.93088,33.42195],[126.92855,33.42253],[126.92684,33.42326],[126.92531,33.42408],[126.92425,33.42472],[126.92296,33.4257],[126.92208,33.42667],[126.92208,33.42783],[126.92274,33.42887],[126.92346,33.42923],[126.9247,33.42933],[126.92481,33.43003],[126.92441,33.43119],[126.92335,33.43341],[126.92302,33.43398],[126.92182,33.43459],[126.91949,33.43464],[126.91771,33.43428],[126.91713,33.43388],[126.91666,33.43345],[126.91662,33.431],[126.91677,33.42993],[126.91772,33.42798],[126.91898,33.42741],[126.91863,33.42685],[126.91725,33.42575],[126.91615,33.42475],[126.91557,33.4238],[126.91536,33.42304],[126.91539,33.42262],[126.91543,33.42216],[126.91438,33.42011],[126.91345,33.42002],[126.91257,33.41978],[126.91206,33.41918],[126.91171,33.41716],[126.91171,33.41574],[126.91182,33.41469],[126.91219,33.41443],[126.91215,33.41387],[126.91153,33.41269],[126.91023,33.41152],[126.90932,33.41167],[126.9089,33.41149],[126.90866,33.40815],[126.90871,33.40748],[126.90871,33.40676],[126.90811,33.40588],[126.90729,33.40538],[126.90654,33.40502],[126.90499,33.40456],[126.9044,33.40437],[126.90342,33.40307],[126.90371,33.40259],[126.90529,33.40006],[126.90639,33.39862],[126.90753,33.39483],[126.90757,33.39386],[126.90713,33.39119],[126.90545,33.38995],[126.90404,33.38948],[126.90309,33.38993],[126.90237,33.38974],[126.90002,33.38864],[126.89841,33.38786],[126.89713,33.38769],[126.8962,33.38803],[126.895,33.38812],[126.89299,33.38751],[126.89096,33.38687],[126.88971,33.38586],[126.88976,33.38558],[126.88973,33.38514],[126.88951,33.3848],[126.88905,33.38436],[126.88852,33.38417],[126.88622,33.38411],[126.88553,33.38432],[126.88483,33.38417],[126.88328,33.38341],[126.88228,33.3822],[126.88233,33.38012],[126.88227,33.37939],[126.87977,33.37638],[126.87944,33.37608],[126.87809,33.37539],[126.87691,33.37484],[126.87623,33.37438],[126.87369,33.37166],[126.87353,33.37121],[126.87384,33.3703],[126.87387,33.36852],[126.8738,33.36801],[126.87338,33.3658],[126.87318,33.36542],[126.8727,33.36519],[126.87219,33.36521],[126.87102,33.36541],[126.87075,33.36548],[126.86941,33.36476],[126.86896,33.36442],[126.86809,33.36366],[126.86872,33.35898],[126.86877,33.3588],[126.86881,33.35867],[126.86887,33.35855],[126.86934,33.35766],[126.8702,33.35558],[126.87017,33.35492],[126.86363,33.34728],[126.863,33.34706],[126.86189,33.34693],[126.86141,33.34693],[126.85979,33.3439],[126.85811,33.34071],[126.85705,33.33811],[126.8568,33.33781],[126.85656,33.3377],[126.85607,33.33749],[126.85555,33.33753],[126.85433,33.33765],[126.85227,33.33628],[126.85146,33.33524],[126.85124,33.335],[126.85085,33.33489],[126.85054,33.3349],[126.84977,33.33627],[126.84929,33.33718],[126.84909,33.33757],[126.84928,33.33897],[126.84933,33.33927],[126.84894,33.34004],[126.84831,33.34091],[126.84756,33.34138],[126.84643,33.34233],[126.84442,33.34453],[126.84442,33.34523],[126.84413,33.34617],[126.84231,33.35002],[126.84159,33.35087],[126.83989,33.35301],[126.83825,33.35532],[126.83817,33.35546],[126.83754,33.35662],[126.8372,33.35743],[126.83409,33.35923],[126.82892,33.36153],[126.82561,33.36284],[126.82474,33.36314],[126.81871,33.36838],[126.81653,33.3705],[126.8158,33.37141],[126.81484,33.37212],[126.81443,33.37217],[126.81387,33.37212],[126.8133,33.37194],[126.8128,33.37153],[126.81236,33.37145],[126.80933,33.37183],[126.80831,33.37246],[126.80781,33.37277],[126.80644,33.37468],[126.80478,33.37683],[126.80413,33.37694],[126.80355,33.37704],[126.80294,33.3775],[126.8004,33.38222],[126.80044,33.38236],[126.80146,33.38359],[126.80221,33.38386],[126.80386,33.3842],[126.80423,33.38428],[126.8059,33.38513],[126.80624,33.38579],[126.80799,33.38946],[126.8077,33.3905],[126.80758,33.39094],[126.80797,33.39245],[126.80809,33.39276],[126.8089,33.39445],[126.80925,33.3947],[126.8097,33.39496],[126.81202,33.39911],[126.81249,33.4004],[126.81351,33.40384],[126.81413,33.40619],[126.81424,33.4067],[126.81598,33.41118],[126.81675,33.4122],[126.81753,33.41464],[126.81775,33.41675],[126.81782,33.41841],[126.81782,33.4193],[126.81788,33.41975],[126.81814,33.42058],[126.81921,33.42334],[126.81975,33.42363],[126.82006,33.4242],[126.82028,33.42461],[126.82028,33.42466],[126.82026,33.42545],[126.82024,33.42607],[126.82007,33.42657],[126.8191,33.42708],[126.81862,33.42723],[126.81802,33.42725],[126.81748,33.42721],[126.81664,33.4275],[126.81545,33.4282],[126.81566,33.43114],[126.81585,33.43231],[126.81616,33.43504],[126.81585,33.43567],[126.81448,33.43796],[126.81419,33.43845],[126.81285,33.43996],[126.81247,33.44027],[126.81205,33.44036],[126.81116,33.44034],[126.8093,33.44028],[126.80864,33.44029],[126.80577,33.44146],[126.80523,33.44353],[126.81076,33.44553],[126.81405,33.44595],[126.81594,33.44663],[126.81652,33.44822],[126.81815,33.44788],[126.8218,33.44664],[126.82469,33.44842],[126.8243,33.45071],[126.82391,33.45299],[126.82819,33.45368],[126.82918,33.45398],[126.83599,33.45762],[126.83689,33.45834],[126.84648,33.46213],[126.84883,33.46244],[126.85185,33.46256],[126.85433,33.4632],[126.85793,33.46714],[126.86217,33.46914],[126.86385,33.46929],[126.86523,33.46941],[126.86816,33.47161],[126.87164,33.47304],[126.87278,33.4735],[126.87564,33.47468],[126.87767,33.47623],[126.88276,33.47862],[126.88497,33.48032],[126.88777,33.48149],[126.89701,33.48362],[126.90026,33.48392],[126.90324,33.48334],[126.90268,33.48237],[126.90389,33.47967],[126.9059,33.47811],[126.90613,33.47801],[126.90684,33.4781],[126.90738,33.47825],[126.90763,33.47848],[126.9077,33.47867],[126.9091,33.47964],[126.90943,33.47971],[126.90962,33.47957],[126.91184,33.47525],[126.9122,33.47415],[126.91245,33.47322],[126.91383,33.47256],[126.91414,33.47254],[126.91433,33.47259],[126.91442,33.47268],[126.91448,33.47417],[126.91448,33.47454],[126.91385,33.47577],[126.9147,33.47564]]]]}},{"type":"Feature","properties":{"adm_cd":"39020310","adm_nm":"제주특별자치도 서귀포시 안덕면"},"geometry":{"type":"MultiPolygon","coordinates":[[[[126.3092,33.20564],[126.30877,33.20551],[126.30862,33.20566],[126.3076,33.20815],[126.30748,33.20969],[126.30774,33.20987],[126.30812,33.20989],[126.30934,33.20952],[126.31098,33.20858],[126.3112,33.2083],[126.31097,33.20758],[126.31208,33.20714],[126.31208,33.20685],[126.31204,33.20667],[126.31179,33.20646],[126.3092,33.20564]]],[[[126.43341,33.33976],[126.43428,33.33893],[126.43456,33.33857],[126.43474,33.33827],[126.43492,33.33794],[126.43512,33.33752],[126.43562,33.33644],[126.43567,33.33629],[126.43567,33.33537],[126.43512,33.33323],[126.43506,33.33309],[126.43493,33.33293],[126.43479,33.33279],[126.43212,33.33072],[126.43019,33.32956],[126.43,33.32947],[126.42911,33.329],[126.429,33.32894],[126.42894,33.32886],[126.42754,33.32663],[126.42749,33.32653],[126.42745,33.32644],[126.42745,33.32634],[126.42747,33.32626],[126.42748,33.32618],[126.42752,33.32609],[126.42769,33.32583],[126.42816,33.3238],[126.42779,33.32023],[126.42762,33.32023],[126.42671,33.32012],[126.4265,33.32006],[126.42628,33.31996],[126.42622,33.31989],[126.42529,33.31815],[126.42513,33.31769],[126.42505,33.31744],[126.42499,33.31714],[126.42493,33.31696],[126.42463,33.3163],[126.42454,33.3161],[126.42361,33.31423],[126.42353,33.31411],[126.42347,33.31405],[126.42335,33.31395],[126.42289,33.31363],[126.42111,33.31238],[126.4195,33.31131],[126.41728,33.31],[126.41571,33.30915],[126.41528,33.30893],[126.41498,33.30877],[126.41471,33.30866],[126.41465,33.30864],[126.41352,33.30828],[126.41302,33.30814],[126.4117,33.30783],[126.40962,33.30736],[126.4089,33.30738],[126.40831,33.30731],[126.40822,33.30725],[126.40352,33.30091],[126.40349,33.30085],[126.40296,33.29986],[126.40248,33.29893],[126.40198,33.29757],[126.40186,33.29709],[126.40159,33.29587],[126.40159,33.29577],[126.4016,33.29564],[126.4017,33.29536],[126.40182,33.29509],[126.40192,33.29488],[126.40196,33.29472],[126.40181,33.29366],[126.40178,33.29347],[126.40174,33.29333],[126.40163,33.29311],[126.40158,33.29303],[126.40149,33.29296],[126.4014,33.29291],[126.40128,33.29288],[126.4011,33.29285],[126.39464,33.29237],[126.39441,33.29236],[126.39429,33.29236],[126.39412,33.29238],[126.39392,33.29245],[126.3938,33.29252],[126.39365,33.29264],[126.39335,33.293],[126.39268,33.29372],[126.39119,33.29491],[126.39092,33.29511],[126.39071,33.29523],[126.39053,33.2953],[126.39038,33.29534],[126.39016,33.29537],[126.38936,33.29545],[126.38901,33.29548],[126.38863,33.29553],[126.38785,33.29575],[126.38691,33.2961],[126.38638,33.29633],[126.38601,33.29653],[126.38551,33.29702],[126.385,33.29751],[126.38405,33.29844],[126.38363,33.29886],[126.38348,33.29903],[126.38319,33.29941],[126.38304,33.29983],[126.38293,33.30026],[126.38277,33.30113],[126.38271,33.30157],[126.38267,33.30202],[126.38266,33.30223],[126.38265,33.30248],[126.38266,33.30268],[126.38269,33.30291],[126.38274,33.30308],[126.38282,33.30328],[126.38301,33.30353],[126.3832,33.30374],[126.3836,33.30407],[126.38431,33.3046],[126.38448,33.30473],[126.38401,33.30537],[126.38284,33.30467],[126.38029,33.30245],[126.37837,33.30008],[126.37832,33.29998],[126.37807,33.29914],[126.37657,33.29612],[126.37429,33.2921],[126.37212,33.2892],[126.37095,33.28202],[126.37079,33.28187],[126.37059,33.28165],[126.36888,33.27889],[126.36872,33.2786],[126.36841,33.27768],[126.36841,33.27761],[126.36845,33.27752],[126.36993,33.27559],[126.37097,33.27412],[126.37373,33.26911],[126.37374,33.26903],[126.37374,33.26889],[126.37367,33.26868],[126.37352,33.26851],[126.37233,33.26695],[126.3707,33.26365],[126.37021,33.26168],[126.36942,33.25393],[126.3699,33.25103],[126.37002,33.25055],[126.3703,33.24983],[126.371,33.24823],[126.37137,33.24761],[126.3719,33.24694],[126.37223,33.24627],[126.37251,33.24489],[126.37226,33.24418],[126.37158,33.24268],[126.37021,33.23834],[126.37011,33.23713],[126.37008,33.23693],[126.36998,33.23677],[126.3692,33.23597],[126.3689,33.23583],[126.36852,33.23568],[126.36835,33.23558],[126.36825,33.23534],[126.36815,33.2346],[126.36829,33.23066],[126.36639,33.23029],[126.366,33.23032],[126.36571,33.23036],[126.36544,33.23044],[126.36455,33.23083],[126.36441,33.23091],[126.36428,33.231],[126.36335,33.23174],[126.36323,33.23185],[126.36069,33.2341],[126.35764,33.23491],[126.35534,33.23529],[126.35082,33.23433],[126.35054,33.2343],[126.34974,33.23431],[126.34943,33.23434],[126.34895,33.2345],[126.34865,33.23461],[126.34436,33.23597],[126.33957,33.23563],[126.33363,33.23396],[126.3334,33.23448],[126.33615,33.23532],[126.33635,33.23569],[126.33635,33.23634],[126.33616,33.23672],[126.33467,33.23864],[126.33342,33.23967],[126.33273,33.23998],[126.33191,33.24019],[126.3307,33.24039],[126.33045,33.24042],[126.32842,33.24036],[126.32315,33.23924],[126.32028,33.23827],[126.31985,33.23809],[126.31764,33.23688],[126.31661,33.23617],[126.31589,33.23564],[126.31565,33.23506],[126.31582,33.2348],[126.3159,33.23458],[126.31579,33.23224],[126.31571,33.232],[126.31554,33.2316],[126.31533,33.23138],[126.31496,33.23126],[126.31448,33.23127],[126.31417,33.23137],[126.31392,33.23159],[126.31383,33.23183],[126.31377,33.23198],[126.31373,33.23243],[126.31365,33.23252],[126.31319,33.23261],[126.31286,33.23266],[126.31225,33.23251],[126.31134,33.23198],[126.31086,33.23146],[126.30981,33.22997],[126.30912,33.22823],[126.3079,33.22791],[126.30711,33.22824],[126.30676,33.22829],[126.30642,33.2283],[126.3057,33.228],[126.30261,33.22665],[126.2976,33.22275],[126.29536,33.22035],[126.29524,33.22013],[126.2952,33.22003],[126.29517,33.21974],[126.29516,33.21944],[126.29523,33.21929],[126.29434,33.21965],[126.29047,33.22145],[126.29046,33.22149],[126.29047,33.22246],[126.28973,33.22588],[126.28967,33.22604],[126.28904,33.22707],[126.28855,33.22773],[126.28806,33.22822],[126.28792,33.22834],[126.2877,33.2285],[126.2865,33.22949],[126.2845,33.23157],[126.28435,33.23177],[126.28428,33.23196],[126.28404,33.23265],[126.28421,33.23318],[126.28471,33.23404],[126.2853,33.23506],[126.28536,33.23529],[126.28549,33.23594],[126.28542,33.23665],[126.2853,33.23741],[126.28542,33.23951],[126.28612,33.24184],[126.28627,33.24192],[126.28772,33.24228],[126.28946,33.24268],[126.28991,33.24274],[126.29061,33.24291],[126.29147,33.24316],[126.2919,33.24336],[126.29199,33.24348],[126.29246,33.2444],[126.29408,33.24877],[126.29558,33.25466],[126.2959,33.25599],[126.29641,33.25834],[126.29573,33.25966],[126.29574,33.25994],[126.29579,33.26017],[126.296,33.26106],[126.29624,33.26366],[126.29625,33.26401],[126.29596,33.26511],[126.29553,33.26543],[126.29545,33.26551],[126.29518,33.26582],[126.29516,33.2659],[126.29523,33.26602],[126.3004,33.27166],[126.30115,33.27241],[126.30224,33.27331],[126.30366,33.27447],[126.30376,33.27454],[126.30378,33.27548],[126.30357,33.27645],[126.30252,33.2796],[126.30215,33.28019],[126.30186,33.28046],[126.3007,33.28136],[126.29725,33.28313],[126.29707,33.2832],[126.29622,33.28349],[126.29608,33.2835],[126.29598,33.28349],[126.2958,33.28347],[126.29489,33.28409],[126.2942,33.28495],[126.2937,33.28583],[126.29266,33.2889],[126.29336,33.29508],[126.29358,33.29693],[126.29365,33.29786],[126.29301,33.30107],[126.29263,33.30173],[126.29254,33.30186],[126.29239,33.30201],[126.2872,33.30588],[126.28514,33.30655],[126.28177,33.30793],[126.28104,33.30829],[126.28236,33.30922],[126.28282,33.30963],[126.28288,33.30986],[126.28287,33.3102],[126.28293,33.31032],[126.28367,33.31158],[126.28427,33.31226],[126.28463,33.31255],[126.28492,33.31279],[126.28663,33.31378],[126.28935,33.31527],[126.29269,33.31705],[126.29313,33.31721],[126.29331,33.31727],[126.29481,33.31763],[126.29552,33.3178],[126.29624,33.31799],[126.29666,33.31813],[126.29723,33.31832],[126.29795,33.31872],[126.29981,33.31981],[126.30177,33.32178],[126.30197,33.32191],[126.3025,33.32219],[126.30281,33.3223],[126.31032,33.32454],[126.31558,33.32609],[126.31584,33.32618],[126.31704,33.32673],[126.31728,33.32707],[126.31753,33.32726],[126.31814,33.32734],[126.31838,33.32731],[126.31909,33.3272],[126.31948,33.32704],[126.32018,33.32673],[126.32073,33.32634],[126.321,33.32599],[126.32115,33.32584],[126.32149,33.32572],[126.32178,33.3257],[126.32217,33.32572],[126.32238,33.32578],[126.32368,33.32629],[126.32382,33.32635],[126.32528,33.32787],[126.32565,33.3283],[126.32578,33.32896],[126.32587,33.32949],[126.3261,33.33002],[126.32703,33.33116],[126.32755,33.33144],[126.32924,33.33199],[126.33015,33.33244],[126.3309,33.33296],[126.33402,33.33673],[126.33606,33.33924],[126.33662,33.34027],[126.33729,33.34074],[126.33774,33.34099],[126.33808,33.34116],[126.33875,33.34149],[126.34203,33.34299],[126.34273,33.3432],[126.34327,33.34332],[126.3446,33.34312],[126.34499,33.34302],[126.34536,33.34286],[126.34718,33.34202],[126.34789,33.34146],[126.34938,33.34109],[126.35191,33.34087],[126.35211,33.34086],[126.35314,33.34086],[126.35395,33.34087],[126.35608,33.34107],[126.35721,33.34119],[126.35796,33.3414],[126.36549,33.34133],[126.36702,33.34123],[126.36886,33.34157],[126.37006,33.34361],[126.37042,33.34423],[126.37072,33.34457],[126.37094,33.34473],[126.37182,33.34521],[126.37391,33.34629],[126.37491,33.34676],[126.37516,33.34677],[126.37578,33.34682],[126.3766,33.34681],[126.3799,33.34675],[126.38068,33.3467],[126.38163,33.34656],[126.38688,33.34509],[126.39179,33.34368],[126.39191,33.34367],[126.39208,33.34368],[126.39451,33.34405],[126.39505,33.34415],[126.39546,33.34424],[126.40036,33.34377],[126.40081,33.34362],[126.40605,33.34204],[126.40995,33.34119],[126.41319,33.33997],[126.41465,33.33927],[126.41516,33.33903],[126.41789,33.33782],[126.41807,33.33775],[126.41839,33.33772],[126.41894,33.3377],[126.42729,33.33751],[126.42827,33.33749],[126.42873,33.33752],[126.42927,33.3376],[126.42982,33.33775],[126.43137,33.33831],[126.43201,33.33861],[126.43237,33.33887],[126.43341,33.33976]]]]}},{"type":"Feature","properties":{"adm_cd":"39020320","adm_nm":"제주특별자치도 서귀포시 표선면"},"geometry":{"type":"MultiPolygon","coordinates":[[[[126.84977,33.33627],[126.84962,33.33609],[126.84898,33.33541],[126.84678,33.3343],[126.84466,33.33333],[126.84438,33.33309],[126.84304,33.33094],[126.84304,33.33061],[126.8431,33.32906],[126.84318,33.32845],[126.84345,33.32786],[126.84736,33.32591],[126.84884,33.32576],[126.84933,33.32561],[126.84955,33.3253],[126.8496,33.32516],[126.84955,33.32494],[126.84823,33.31986],[126.84798,33.31966],[126.84743,33.31937],[126.84702,33.31956],[126.84677,33.31976],[126.84614,33.31978],[126.84594,33.31975],[126.84419,33.31913],[126.84402,33.31895],[126.84384,33.31871],[126.84361,33.31836],[126.84353,33.3181],[126.84354,33.31777],[126.84346,33.31741],[126.84338,33.31715],[126.84322,33.31676],[126.84298,33.3165],[126.84256,33.31604],[126.83982,33.31386],[126.83807,33.31224],[126.83631,33.31052],[126.83432,33.30806],[126.82972,33.30638],[126.82916,33.30619],[126.82829,33.30593],[126.8238,33.30493],[126.82362,33.30493],[126.82186,33.30506],[126.82176,33.30508],[126.82058,33.30539],[126.82,33.30556],[126.82005,33.30602],[126.82011,33.30658],[126.8201,33.30674],[126.82008,33.30687],[126.82003,33.30696],[126.81998,33.30703],[126.81991,33.30712],[126.81976,33.30725],[126.81969,33.30729],[126.8196,33.30734],[126.8195,33.30737],[126.81942,33.30736],[126.81926,33.30734],[126.81633,33.30686],[126.81561,33.30668],[126.81256,33.30529],[126.81216,33.30439],[126.8123,33.30292],[126.80997,33.30157],[126.80853,33.30139],[126.80835,33.30143],[126.80695,33.30199],[126.80666,33.30212],[126.80498,33.30296],[126.80361,33.30386],[126.80137,33.30302],[126.79947,33.30262],[126.79795,33.30261],[126.79362,33.30379],[126.79345,33.30362],[126.79216,33.30243],[126.79148,33.3022],[126.79128,33.30221],[126.78815,33.30324],[126.78253,33.30584],[126.78122,33.30655],[126.78074,33.30688],[126.77867,33.30677],[126.77854,33.30676],[126.77847,33.30674],[126.77813,33.30664],[126.77795,33.30657],[126.7778,33.30651],[126.77764,33.30644],[126.77729,33.30625],[126.77703,33.30603],[126.77579,33.30442],[126.77557,33.30413],[126.77588,33.30583],[126.77597,33.30671],[126.77576,33.30721],[126.77449,33.30917],[126.77407,33.3098],[126.7714,33.31029],[126.77089,33.31039],[126.77019,33.31066],[126.77016,33.31069],[126.76979,33.31096],[126.76852,33.31246],[126.76747,33.31377],[126.7652,33.31594],[126.76312,33.31786],[126.76197,33.31795],[126.7616,33.31823],[126.75838,33.3235],[126.75764,33.32688],[126.75769,33.32709],[126.75779,33.32717],[126.75792,33.32727],[126.75854,33.32745],[126.75921,33.32765],[126.75948,33.32789],[126.75954,33.32805],[126.75983,33.33036],[126.75985,33.33067],[126.7589,33.3337],[126.7585,33.33451],[126.75761,33.33628],[126.75614,33.33874],[126.75229,33.34171],[126.75153,33.34275],[126.75138,33.34344],[126.75081,33.34506],[126.75042,33.34597],[126.74961,33.34782],[126.74936,33.34828],[126.74769,33.35015],[126.74753,33.35032],[126.74734,33.35053],[126.74686,33.35068],[126.74559,33.35049],[126.74518,33.35076],[126.74186,33.35323],[126.74155,33.35362],[126.74132,33.35461],[126.7416,33.35473],[126.74191,33.35487],[126.74195,33.35507],[126.74179,33.35563],[126.74119,33.35671],[126.73771,33.36221],[126.73501,33.36558],[126.73272,33.36519],[126.73075,33.36515],[126.72701,33.369],[126.72654,33.36961],[126.72594,33.37044],[126.72527,33.37106],[126.72412,33.37196],[126.72307,33.37223],[126.72282,33.37217],[126.72272,33.37206],[126.72266,33.37182],[126.7227,33.37154],[126.72254,33.37137],[126.72177,33.37125],[126.71871,33.3711],[126.7178,33.37115],[126.71465,33.37199],[126.70808,33.37375],[126.70532,33.37475],[126.70383,33.3754],[126.70357,33.37552],[126.70309,33.37578],[126.70249,33.37614],[126.70203,33.37627],[126.70169,33.37636],[126.70087,33.3765],[126.698,33.37665],[126.69767,33.37656],[126.69736,33.37636],[126.69653,33.37561],[126.69634,33.37528],[126.6962,33.37476],[126.69606,33.37452],[126.69554,33.37424],[126.69486,33.37415],[126.69433,33.37438],[126.69346,33.37479],[126.69266,33.37548],[126.69193,33.37594],[126.68876,33.37695],[126.68843,33.37702],[126.6868,33.37731],[126.68602,33.37724],[126.68526,33.37706],[126.68386,33.37634],[126.68356,33.37585],[126.68304,33.37554],[126.68203,33.3755],[126.68131,33.37567],[126.68076,33.37622],[126.68016,33.37698],[126.679,33.37789],[126.6782,33.37843],[126.67754,33.3786],[126.67712,33.37865],[126.67387,33.37916],[126.66795,33.3817],[126.66677,33.3827],[126.66599,33.38349],[126.66547,33.3843],[126.66493,33.38496],[126.66464,33.3852],[126.66308,33.38555],[126.66232,33.38564],[126.66199,33.38557],[126.66184,33.38543],[126.66164,33.38508],[126.66139,33.38482],[126.66115,33.38474],[126.66065,33.38463],[126.66002,33.38454],[126.65923,33.38459],[126.65847,33.38499],[126.65488,33.38778],[126.65442,33.38831],[126.65378,33.38907],[126.65318,33.39],[126.65231,33.39214],[126.65225,33.39246],[126.6522,33.39278],[126.65198,33.39454],[126.65203,33.39455],[126.65265,33.39475],[126.65289,33.39504],[126.65301,33.39537],[126.65301,33.39566],[126.65297,33.39594],[126.65283,33.39629],[126.65229,33.3966],[126.65323,33.39831],[126.65452,33.39985],[126.66026,33.40173],[126.66252,33.40224],[126.66448,33.40233],[126.66489,33.40231],[126.66532,33.40224],[126.66579,33.40209],[126.66623,33.40183],[126.66679,33.40135],[126.66701,33.40102],[126.66722,33.40068],[126.66772,33.40026],[126.66908,33.39915],[126.6698,33.39885],[126.6717,33.3986],[126.67635,33.39918],[126.68123,33.39954],[126.68627,33.39976],[126.68707,33.40018],[126.68761,33.40287],[126.68779,33.40401],[126.68811,33.40696],[126.68816,33.40961],[126.6881,33.40984],[126.68762,33.41018],[126.68722,33.4111],[126.68747,33.4118],[126.68935,33.41284],[126.69038,33.41276],[126.6932,33.41446],[126.69477,33.41578],[126.69558,33.41671],[126.69799,33.41793],[126.69814,33.41793],[126.69872,33.41791],[126.69962,33.41822],[126.70227,33.41952],[126.70293,33.41987],[126.70449,33.42076],[126.7058,33.42146],[126.70683,33.42182],[126.71118,33.42231],[126.71198,33.4224],[126.7148,33.42225],[126.71775,33.42205],[126.72215,33.42288],[126.72452,33.42413],[126.73211,33.42544],[126.73268,33.42541],[126.73329,33.42457],[126.73416,33.42373],[126.73724,33.42195],[126.74422,33.41811],[126.74509,33.41787],[126.74929,33.41717],[126.74963,33.41727],[126.75096,33.41774],[126.75301,33.41834],[126.75422,33.4185],[126.75487,33.4185],[126.75625,33.41828],[126.75747,33.41824],[126.75965,33.41938],[126.76188,33.42083],[126.76551,33.42353],[126.77199,33.42767],[126.77312,33.42813],[126.77488,33.42884],[126.77599,33.42975],[126.77672,33.43043],[126.77704,33.43086],[126.77775,33.43171],[126.7782,33.43225],[126.77981,33.43335],[126.78085,33.43389],[126.78255,33.43423],[126.7832,33.4346],[126.78584,33.43778],[126.78764,33.44075],[126.78869,33.44151],[126.79334,33.44152],[126.79338,33.44151],[126.79487,33.44105],[126.79556,33.44078],[126.79668,33.44043],[126.79707,33.4404],[126.79806,33.44071],[126.79964,33.44139],[126.80151,33.44235],[126.80309,33.44295],[126.80523,33.44353],[126.80577,33.44146],[126.80864,33.44029],[126.8093,33.44028],[126.81116,33.44034],[126.81205,33.44036],[126.81247,33.44027],[126.81285,33.43996],[126.81419,33.43845],[126.81448,33.43796],[126.81585,33.43567],[126.81616,33.43504],[126.81585,33.43231],[126.81566,33.43114],[126.81545,33.4282],[126.81664,33.4275],[126.81748,33.42721],[126.81802,33.42725],[126.81862,33.42723],[126.8191,33.42708],[126.82007,33.42657],[126.82024,33.42607],[126.82026,33.42545],[126.82028,33.42466],[126.82028,33.42461],[126.82006,33.4242],[126.81975,33.42363],[126.81921,33.42334],[126.81814,33.42058],[126.81788,33.41975],[126.81782,33.4193],[126.81782,33.41841],[126.81775,33.41675],[126.81753,33.41464],[126.81675,33.4122],[126.81598,33.41118],[126.81424,33.4067],[126.81413,33.40619],[126.81351,33.40384],[126.81249,33.4004],[126.81202,33.39911],[126.8097,33.39496],[126.80925,33.3947],[126.8089,33.39445],[126.80809,33.39276],[126.80797,33.39245],[126.80758,33.39094],[126.8077,33.3905],[126.80799,33.38946],[126.80624,33.38579],[126.8059,33.38513],[126.80423,33.38428],[126.80386,33.3842],[126.80221,33.38386],[126.80146,33.38359],[126.80044,33.38236],[126.8004,33.38222],[126.80294,33.3775],[126.80355,33.37704],[126.80413,33.37694],[126.80478,33.37683],[126.80644,33.37468],[126.80781,33.37277],[126.80831,33.37246],[126.80933,33.37183],[126.81236,33.37145],[126.8128,33.37153],[126.8133,33.37194],[126.81387,33.37212],[126.81443,33.37217],[126.81484,33.37212],[126.8158,33.37141],[126.81653,33.3705],[126.81871,33.36838],[126.82474,33.36314],[126.82561,33.36284],[126.82892,33.36153],[126.83409,33.35923],[126.8372,33.35743],[126.83754,33.35662],[126.83817,33.35546],[126.83825,33.35532],[126.83989,33.35301],[126.84159,33.35087],[126.84231,33.35002],[126.84413,33.34617],[126.84442,33.34523],[126.84442,33.34453],[126.84643,33.34233],[126.84756,33.34138],[126.84831,33.34091],[126.84894,33.34004],[126.84933,33.33927],[126.84928,33.33897],[126.84909,33.33757],[126.84929,33.33718],[126.84977,33.33627]]]]}},{"type":"Feature","properties":{"adm_cd":"39020510","adm_nm":"제주특별자치도 서귀포시 송산동"},"geometry":{"type":"MultiPolygon","coordinates":[[[[126.56402,33.22794],[126.56406,33.22793],[126.56433,33.22795],[126.56443,33.22795],[126.56465,33.22796],[126.56671,33.22786],[126.56679,33.22785],[126.56686,33.22784],[126.56694,33.22781],[126.56704,33.22776],[126.56725,33.22767],[126.56821,33.22717],[126.56838,33.22707],[126.56856,33.22695],[126.56866,33.22687],[126.56871,33.22682],[126.56888,33.22655],[126.56891,33.22648],[126.5689,33.22638],[126.56882,33.22585],[126.56854,33.22525],[126.56845,33.22513],[126.56834,33.22511],[126.56815,33.22507],[126.56714,33.22488],[126.5644,33.2252],[126.56422,33.22527],[126.56412,33.22532],[126.56316,33.22597],[126.56303,33.22607],[126.56292,33.22621],[126.56287,33.22636],[126.56284,33.22651],[126.56282,33.22668],[126.56284,33.22685],[126.56287,33.227],[126.56306,33.22749],[126.56312,33.22756],[126.56321,33.22763],[126.56367,33.22789],[126.56378,33.22793],[126.56391,33.22796],[126.56402,33.22794]]],[[[126.59906,33.22818],[126.59734,33.22813],[126.59715,33.22815],[126.59697,33.22825],[126.59638,33.22867],[126.59627,33.22877],[126.59623,33.22884],[126.59617,33.22896],[126.59614,33.22906],[126.59591,33.23014],[126.59591,33.23028],[126.59613,33.23096],[126.5962,33.23108],[126.59629,33.23119],[126.59638,33.23128],[126.5965,33.23139],[126.59665,33.23152],[126.59779,33.23222],[126.5979,33.23228],[126.59804,33.23232],[126.59818,33.23236],[126.59827,33.23237],[126.59849,33.2324],[126.59871,33.23239],[126.59892,33.23237],[126.59948,33.23221],[126.59968,33.23213],[126.60005,33.23197],[126.6002,33.2319],[126.60077,33.23156],[126.60274,33.23008],[126.60281,33.22997],[126.60296,33.2296],[126.60298,33.2294],[126.60297,33.22928],[126.60294,33.22909],[126.60289,33.22886],[126.60281,33.22871],[126.60273,33.22862],[126.60261,33.22855],[126.60245,33.22851],[126.60141,33.22837],[126.5999,33.22822],[126.59906,33.22818]]],[[[126.55932,33.23715],[126.55992,33.23749],[126.56037,33.23774],[126.56047,33.23779],[126.56057,33.23785],[126.56078,33.23793],[126.56223,33.23837],[126.56297,33.23848],[126.56337,33.23832],[126.56439,33.23704],[126.56447,33.23689],[126.56447,33.23676],[126.56441,33.23657],[126.56434,33.23629],[126.56433,33.23612],[126.56431,33.23595],[126.56431,33.23579],[126.56433,33.23468],[126.56479,33.23398],[126.56466,33.23345],[126.56204,33.23445],[126.55861,33.23612],[126.55846,33.23623],[126.55841,33.23636],[126.55842,33.23648],[126.55847,33.23658],[126.55857,33.23669],[126.55864,33.23676],[126.5588,33.23686],[126.55932,33.23715]]],[[[126.6144,33.24071],[126.61437,33.24084],[126.61191,33.2405],[126.61124,33.24039],[126.60532,33.23869],[126.60293,33.23719],[126.59939,33.23593],[126.59923,33.23592],[126.5982,33.23582],[126.59671,33.23598],[126.59506,33.23646],[126.59462,33.23667],[126.59308,33.23751],[126.5915,33.23879],[126.59125,33.23901],[126.58994,33.24119],[126.58928,33.24289],[126.5892,33.24293],[126.58633,33.24372],[126.5835,33.2433],[126.58316,33.24323],[126.58275,33.24302],[126.57979,33.2432],[126.57927,33.24337],[126.57688,33.24411],[126.57201,33.24419],[126.57058,33.24364],[126.56736,33.24061],[126.57069,33.23718],[126.56831,33.2356],[126.56574,33.23537],[126.56588,33.2358],[126.5675,33.23606],[126.56573,33.23738],[126.56348,33.23905],[126.56153,33.23961],[126.56077,33.24034],[126.56098,33.24181],[126.56164,33.24357],[126.56236,33.24441],[126.56504,33.24507],[126.56738,33.24495],[126.56759,33.2449],[126.56771,33.24489],[126.56963,33.24482],[126.56974,33.24483],[126.56997,33.24486],[126.57143,33.24514],[126.57306,33.24486],[126.5733,33.24484],[126.57357,33.24487],[126.57385,33.24494],[126.57463,33.24529],[126.57495,33.24549],[126.57506,33.24561],[126.57514,33.24571],[126.57539,33.2461],[126.57543,33.24616],[126.57551,33.24646],[126.57553,33.24685],[126.57553,33.2469],[126.57587,33.24713],[126.57627,33.24727],[126.57658,33.24739],[126.578,33.24783],[126.57912,33.24817],[126.58036,33.2483],[126.5815,33.24839],[126.58489,33.2481],[126.58505,33.24809],[126.58533,33.24777],[126.58539,33.24767],[126.58545,33.24757],[126.58599,33.24743],[126.58776,33.2472],[126.58912,33.24708],[126.58944,33.24708],[126.58953,33.24714],[126.58951,33.24767],[126.58942,33.24811],[126.58935,33.24839],[126.58926,33.24846],[126.58885,33.25087],[126.58902,33.25143],[126.58986,33.25305],[126.59132,33.25434],[126.59288,33.255],[126.59406,33.25573],[126.59421,33.25583],[126.59429,33.25596],[126.5942,33.25563],[126.59458,33.25482],[126.59537,33.25357],[126.59617,33.25251],[126.59623,33.2525],[126.59662,33.2524],[126.59954,33.25333],[126.59977,33.25342],[126.59983,33.2535],[126.60003,33.25378],[126.60035,33.25421],[126.60038,33.25424],[126.60168,33.25511],[126.60189,33.25521],[126.60192,33.25523],[126.60195,33.25524],[126.60198,33.25524],[126.60201,33.25518],[126.60223,33.25415],[126.60292,33.25279],[126.60414,33.25086],[126.60565,33.25034],[126.60722,33.25058],[126.60807,33.25037],[126.60926,33.24993],[126.61086,33.24781],[126.61138,33.24619],[126.61129,33.24604],[126.61117,33.24582],[126.61096,33.24543],[126.6109,33.24519],[126.6109,33.24511],[126.61089,33.24481],[126.61189,33.24273],[126.61223,33.24282],[126.61252,33.24291],[126.61294,33.24323],[126.613,33.24328],[126.613,33.24358],[126.61299,33.24366],[126.61302,33.24372],[126.61316,33.24376],[126.61341,33.24376],[126.61369,33.24369],[126.61406,33.24355],[126.61431,33.24318],[126.61467,33.24247],[126.6147,33.24229],[126.61468,33.24189],[126.61466,33.24169],[126.61464,33.24159],[126.6144,33.24071]]]]}},{"type":"Feature","properties":{"adm_cd":"39020520","adm_nm":"제주특별자치도 서귀포시 정방동"},"geometry":{"type":"MultiPolygon","coordinates":[[[[126.57143,33.24514],[126.56997,33.24486],[126.56974,33.24483],[126.56963,33.24482],[126.56771,33.24489],[126.56759,33.2449],[126.56738,33.24495],[126.56504,33.24507],[126.56236,33.24441],[126.56164,33.24357],[126.56089,33.24408],[126.55891,33.24509],[126.55858,33.2451],[126.55853,33.24513],[126.55849,33.24515],[126.55845,33.2452],[126.55825,33.24546],[126.55814,33.24564],[126.55799,33.24591],[126.55846,33.24641],[126.56098,33.24737],[126.56161,33.24755],[126.56187,33.2476],[126.56525,33.24836],[126.566,33.24851],[126.56776,33.24873],[126.5702,33.24878],[126.57077,33.24874],[126.57082,33.24873],[126.57179,33.24818],[126.57186,33.2481],[126.5719,33.248],[126.57196,33.24702],[126.57196,33.2467],[126.57193,33.24642],[126.57187,33.24612],[126.57143,33.24514]]]]}},{"type":"Feature","properties":{"adm_cd":"39020530","adm_nm":"제주특별자치도 서귀포시 중앙동"},"geometry":{"type":"MultiPolygon","coordinates":[[[[126.5702,33.24878],[126.56776,33.24873],[126.566,33.24851],[126.56525,33.24836],[126.56187,33.2476],[126.56116,33.2518],[126.56097,33.25317],[126.56309,33.25364],[126.56385,33.2538],[126.5639,33.25381],[126.56415,33.25386],[126.56535,33.25411],[126.56556,33.25415],[126.56565,33.25417],[126.56563,33.25408],[126.56562,33.25392],[126.5656,33.25365],[126.56561,33.25362],[126.56562,33.25356],[126.56621,33.25177],[126.56626,33.25168],[126.56633,33.25158],[126.56723,33.25084],[126.56728,33.25081],[126.5702,33.24878]]]]}},{"type":"Feature","properties":{"adm_cd":"39020540","adm_nm":"제주특별자치도 서귀포시 천지동"},"geometry":{"type":"MultiPolygon","coordinates":[[[[126.56187,33.2476],[126.56161,33.24755],[126.56098,33.24737],[126.55846,33.24641],[126.55799,33.24591],[126.55814,33.24564],[126.55825,33.24546],[126.55845,33.2452],[126.55849,33.24515],[126.55853,33.24513],[126.55858,33.2451],[126.55891,33.24509],[126.56089,33.24408],[126.56164,33.24357],[126.56098,33.24181],[126.56035,33.24225],[126.55946,33.24093],[126.55962,33.23979],[126.55977,33.23957],[126.56019,33.23771],[126.55992,33.23749],[126.55932,33.23715],[126.55429,33.23872],[126.55229,33.23989],[126.5513,33.24072],[126.55075,33.24108],[126.55046,33.2411],[126.55043,33.24109],[126.54984,33.24066],[126.54985,33.24035],[126.54982,33.2396],[126.54972,33.239],[126.54876,33.23802],[126.54824,33.2375],[126.54797,33.23728],[126.54674,33.23728],[126.54613,33.23776],[126.54582,33.23802],[126.54537,33.23809],[126.54365,33.23789],[126.54377,33.23825],[126.54427,33.23982],[126.5448,33.2403],[126.54491,33.24036],[126.54542,33.24099],[126.54561,33.2414],[126.54584,33.24277],[126.54557,33.24333],[126.54502,33.24398],[126.54451,33.24459],[126.54414,33.24492],[126.54522,33.24768],[126.54546,33.24806],[126.54737,33.24813],[126.54944,33.24869],[126.5503,33.24945],[126.5507,33.24985],[126.55097,33.25015],[126.55143,33.25099],[126.55153,33.25118],[126.55227,33.25171],[126.55243,33.25183],[126.55255,33.25189],[126.55527,33.25231],[126.56097,33.25317],[126.56116,33.2518],[126.56187,33.2476]]]]}},{"type":"Feature","properties":{"adm_cd":"39020550","adm_nm":"제주특별자치도 서귀포시 효돈동"},"geometry":{"type":"MultiPolygon","coordinates":[[[[126.62412,33.25206],[126.62374,33.25128],[126.62196,33.24896],[126.62115,33.24844],[126.62014,33.24956],[126.61982,33.24705],[126.61968,33.24573],[126.62015,33.24417],[126.62015,33.24404],[126.62008,33.24324],[126.62005,33.24313],[126.61921,33.24128],[126.61911,33.24113],[126.6181,33.24036],[126.61793,33.24026],[126.6177,33.2402],[126.61469,33.23958],[126.6144,33.24071],[126.61464,33.24159],[126.61466,33.24169],[126.61468,33.24189],[126.6147,33.24229],[126.61467,33.24247],[126.61431,33.24318],[126.61406,33.24355],[126.61369,33.24369],[126.61341,33.24376],[126.61316,33.24376],[126.61302,33.24372],[126.61299,33.24366],[126.613,33.24358],[126.613,33.24328],[126.61294,33.24323],[126.61252,33.24291],[126.61223,33.24282],[126.61189,33.24273],[126.61089,33.24481],[126.6109,33.24511],[126.6109,33.24519],[126.61096,33.24543],[126.61117,33.24582],[126.61129,33.24604],[126.61138,33.24619],[126.61086,33.24781],[126.60926,33.24993],[126.60807,33.25037],[126.60722,33.25058],[126.60565,33.25034],[126.60414,33.25086],[126.60292,33.25279],[126.60223,33.25415],[126.60201,33.25518],[126.60198,33.25524],[126.60195,33.25524],[126.60192,33.25523],[126.60189,33.25521],[126.60168,33.25511],[126.60038,33.25424],[126.60035,33.25421],[126.60003,33.25378],[126.59983,33.2535],[126.59977,33.25342],[126.59954,33.25333],[126.59662,33.2524],[126.59623,33.2525],[126.59617,33.25251],[126.59537,33.25357],[126.59458,33.25482],[126.5942,33.25563],[126.59429,33.25596],[126.59421,33.25752],[126.59384,33.25899],[126.59384,33.25934],[126.59443,33.26109],[126.59475,33.26182],[126.5949,33.26205],[126.59556,33.262],[126.5958,33.26196],[126.59602,33.26189],[126.59617,33.26184],[126.59643,33.2618],[126.5968,33.26179],[126.59892,33.26255],[126.59965,33.26284],[126.60049,33.26325],[126.60092,33.26378],[126.60232,33.26584],[126.60301,33.2669],[126.60285,33.26713],[126.60256,33.26742],[126.60249,33.26749],[126.60244,33.26754],[126.60242,33.26758],[126.60401,33.27253],[126.60405,33.27262],[126.60433,33.27284],[126.60448,33.27292],[126.60622,33.27365],[126.6064,33.27373],[126.60983,33.2743],[126.61172,33.27315],[126.61187,33.27325],[126.61252,33.27382],[126.61255,33.27394],[126.61275,33.27481],[126.61271,33.27522],[126.61267,33.2754],[126.61276,33.27562],[126.61388,33.27675],[126.61417,33.27703],[126.61653,33.27849],[126.61689,33.27929],[126.61735,33.27898],[126.61896,33.27905],[126.61927,33.27901],[126.61966,33.27892],[126.62004,33.27874],[126.62016,33.27864],[126.62027,33.27854],[126.62039,33.2784],[126.62292,33.27262],[126.623,33.27235],[126.62361,33.26918],[126.62359,33.26894],[126.62348,33.26866],[126.6233,33.26842],[126.62319,33.26831],[126.62281,33.26793],[126.62223,33.26744],[126.62197,33.26728],[126.62177,33.26712],[126.62159,33.26689],[126.62148,33.2667],[126.62142,33.26656],[126.62142,33.26639],[126.62144,33.26619],[126.62168,33.26568],[126.62191,33.26522],[126.62209,33.26496],[126.62235,33.26459],[126.62256,33.26439],[126.62281,33.26422],[126.62294,33.26415],[126.62306,33.26409],[126.62381,33.26386],[126.62423,33.26373],[126.6244,33.26364],[126.62469,33.26318],[126.62481,33.26297],[126.62485,33.26266],[126.6248,33.26246],[126.62468,33.2622],[126.624,33.25951],[126.62309,33.25591],[126.62306,33.25578],[126.623,33.2555],[126.62297,33.25514],[126.62296,33.25481],[126.62303,33.25328],[126.62309,33.25313],[126.62315,33.25297],[126.62334,33.2527],[126.62412,33.25206]]]]}},{"type":"Feature","properties":{"adm_cd":"39020560","adm_nm":"제주특별자치도 서귀포시 영천동"},"geometry":{"type":"MultiPolygon","coordinates":[[[[126.61689,33.27929],[126.61653,33.27849],[126.61417,33.27703],[126.61388,33.27675],[126.61276,33.27562],[126.61267,33.2754],[126.61271,33.27522],[126.61275,33.27481],[126.61255,33.27394],[126.61252,33.27382],[126.61187,33.27325],[126.61172,33.27315],[126.60983,33.2743],[126.6064,33.27373],[126.60622,33.27365],[126.60448,33.27292],[126.60433,33.27284],[126.60405,33.27262],[126.60401,33.27253],[126.60242,33.26758],[126.60244,33.26754],[126.60249,33.26749],[126.60256,33.26742],[126.60285,33.26713],[126.60301,33.2669],[126.60232,33.26584],[126.60092,33.26378],[126.60049,33.26325],[126.59965,33.26284],[126.59892,33.26255],[126.5968,33.26179],[126.59643,33.2618],[126.59617,33.26184],[126.59602,33.26189],[126.5958,33.26196],[126.59556,33.262],[126.5949,33.26205],[126.59475,33.26182],[126.59443,33.26109],[126.59384,33.25934],[126.59384,33.25899],[126.59421,33.25752],[126.59429,33.25596],[126.59421,33.25583],[126.59406,33.25573],[126.59288,33.255],[126.59132,33.25434],[126.58986,33.25305],[126.58902,33.25143],[126.58885,33.25087],[126.58926,33.24846],[126.58935,33.24839],[126.58942,33.24811],[126.58951,33.24767],[126.58953,33.24714],[126.58944,33.24708],[126.58912,33.24708],[126.58776,33.2472],[126.58599,33.24743],[126.58545,33.24757],[126.58539,33.24767],[126.58533,33.24777],[126.58505,33.24809],[126.58489,33.2481],[126.5815,33.24839],[126.58036,33.2483],[126.57912,33.24817],[126.578,33.24783],[126.57794,33.24953],[126.57791,33.25007],[126.57784,33.25045],[126.5778,33.25066],[126.57687,33.25168],[126.5767,33.25194],[126.57667,33.25228],[126.57668,33.25261],[126.57706,33.2587],[126.57708,33.25882],[126.57813,33.26305],[126.57835,33.26343],[126.579,33.26397],[126.57909,33.26401],[126.57992,33.26439],[126.58037,33.26456],[126.58072,33.26466],[126.58086,33.26472],[126.58027,33.26583],[126.5797,33.26669],[126.57937,33.26713],[126.57897,33.26744],[126.57828,33.26778],[126.57791,33.26795],[126.57684,33.26854],[126.5758,33.26959],[126.57525,33.27092],[126.5751,33.27181],[126.57503,33.273],[126.57509,33.27337],[126.57521,33.2737],[126.5755,33.27448],[126.57544,33.27493],[126.57495,33.27693],[126.57478,33.27703],[126.57404,33.27679],[126.57027,33.27543],[126.5675,33.2746],[126.5651,33.27827],[126.56509,33.27831],[126.56514,33.27845],[126.56516,33.27868],[126.56505,33.27902],[126.56478,33.2796],[126.56464,33.27987],[126.56437,33.28036],[126.56322,33.28195],[126.56232,33.28303],[126.56169,33.28402],[126.5612,33.28506],[126.56029,33.28811],[126.56019,33.2891],[126.56028,33.29034],[126.56016,33.29115],[126.55922,33.2972],[126.55889,33.29804],[126.55827,33.29859],[126.5568,33.29949],[126.55622,33.29971],[126.55555,33.29996],[126.55549,33.30002],[126.55548,33.30017],[126.5552,33.30316],[126.55516,33.30435],[126.55519,33.30684],[126.55505,33.30764],[126.55378,33.31003],[126.55161,33.31155],[126.54911,33.31309],[126.54869,33.31507],[126.54797,33.31599],[126.54575,33.31864],[126.5455,33.31972],[126.54503,33.32236],[126.5447,33.32525],[126.54384,33.32808],[126.54281,33.33068],[126.54096,33.33658],[126.54014,33.33799],[126.53879,33.33891],[126.53772,33.34119],[126.5376,33.34308],[126.53725,33.34525],[126.53616,33.34673],[126.53479,33.34947],[126.53425,33.34975],[126.53373,33.35105],[126.53345,33.35248],[126.53265,33.35514],[126.53192,33.35674],[126.5322,33.35921],[126.5318,33.35931],[126.53053,33.35957],[126.5299,33.36013],[126.52942,33.36145],[126.52945,33.36153],[126.52987,33.36236],[126.53206,33.36301],[126.53425,33.36323],[126.53517,33.36289],[126.53552,33.36248],[126.5357,33.36194],[126.53576,33.36177],[126.53699,33.36218],[126.53798,33.36276],[126.53962,33.36429],[126.54629,33.3619],[126.54891,33.36093],[126.55124,33.36011],[126.55162,33.35998],[126.55211,33.35984],[126.55249,33.35974],[126.55286,33.35965],[126.55354,33.35946],[126.55415,33.35928],[126.55545,33.35871],[126.55604,33.35844],[126.55627,33.35831],[126.5568,33.35799],[126.5599,33.35599],[126.56011,33.35582],[126.56051,33.35549],[126.56077,33.35524],[126.56098,33.35503],[126.56131,33.35462],[126.56151,33.35433],[126.56165,33.35415],[126.56188,33.35389],[126.56202,33.35376],[126.56222,33.35358],[126.56264,33.35328],[126.56464,33.35244],[126.56656,33.35186],[126.56701,33.35177],[126.56732,33.35174],[126.5674,33.35173],[126.56751,33.35171],[126.56761,33.35168],[126.56768,33.35165],[126.56816,33.35144],[126.56856,33.35125],[126.56873,33.35113],[126.57052,33.34977],[126.57078,33.34953],[126.57114,33.34918],[126.57135,33.34888],[126.57169,33.34833],[126.57173,33.34825],[126.57189,33.34795],[126.57228,33.34711],[126.57258,33.34639],[126.57276,33.34593],[126.57294,33.34547],[126.57319,33.34474],[126.57359,33.34341],[126.57389,33.34234],[126.574,33.34187],[126.57409,33.34145],[126.57419,33.34104],[126.57426,33.34084],[126.57434,33.34059],[126.57464,33.33993],[126.57505,33.33929],[126.57537,33.33884],[126.57552,33.33863],[126.57755,33.33653],[126.58027,33.33305],[126.58047,33.33268],[126.58081,33.33214],[126.58114,33.33169],[126.5814,33.33134],[126.58199,33.3306],[126.58255,33.32992],[126.58287,33.32954],[126.5832,33.32919],[126.58416,33.32827],[126.5854,33.32777],[126.58803,33.32761],[126.59019,33.32696],[126.59054,33.32677],[126.59087,33.32652],[126.59318,33.32421],[126.59361,33.32372],[126.59371,33.32358],[126.59443,33.32187],[126.59454,33.3216],[126.59492,33.31884],[126.598,33.31658],[126.59812,33.3166],[126.5983,33.31659],[126.59844,33.31655],[126.59864,33.31642],[126.59971,33.31493],[126.59996,33.31357],[126.59995,33.31345],[126.59989,33.31329],[126.59969,33.31308],[126.59934,33.31277],[126.59931,33.31273],[126.59926,33.31267],[126.59925,33.31253],[126.59932,33.31119],[126.59937,33.31073],[126.59958,33.30989],[126.59965,33.30967],[126.59983,33.30935],[126.60007,33.3091],[126.60043,33.3089],[126.60065,33.30654],[126.60165,33.2997],[126.6018,33.2995],[126.60292,33.2985],[126.60358,33.29808],[126.60402,33.29781],[126.60414,33.29772],[126.60459,33.29738],[126.60479,33.29713],[126.60501,33.29669],[126.6051,33.29628],[126.60509,33.29356],[126.60504,33.29328],[126.60491,33.29306],[126.60454,33.29255],[126.60413,33.29221],[126.60327,33.29169],[126.6031,33.29152],[126.60292,33.29126],[126.60284,33.29093],[126.60303,33.29001],[126.60365,33.28769],[126.60377,33.28752],[126.60392,33.28737],[126.60406,33.28731],[126.60801,33.28642],[126.61258,33.28614],[126.61377,33.28579],[126.61404,33.28568],[126.61427,33.2855],[126.61434,33.2854],[126.6143,33.2841],[126.61412,33.28276],[126.61406,33.28255],[126.61411,33.28239],[126.61528,33.28036],[126.61549,33.2802],[126.61689,33.27929]]]]}},{"type":"Feature","properties":{"adm_cd":"39020570","adm_nm":"제주특별자치도 서귀포시 동홍동"},"geometry":{"type":"MultiPolygon","coordinates":[[[[126.578,33.24783],[126.57658,33.24739],[126.57627,33.24727],[126.57587,33.24713],[126.57553,33.2469],[126.57553,33.24685],[126.57551,33.24646],[126.57543,33.24616],[126.57539,33.2461],[126.57514,33.24571],[126.57506,33.24561],[126.57495,33.24549],[126.57463,33.24529],[126.57385,33.24494],[126.57357,33.24487],[126.5733,33.24484],[126.57306,33.24486],[126.57143,33.24514],[126.57187,33.24612],[126.57193,33.24642],[126.57196,33.2467],[126.57196,33.24702],[126.5719,33.248],[126.57186,33.2481],[126.57179,33.24818],[126.57082,33.24873],[126.57077,33.24874],[126.5702,33.24878],[126.56728,33.25081],[126.56723,33.25084],[126.56633,33.25158],[126.56626,33.25168],[126.56621,33.25177],[126.56562,33.25356],[126.56561,33.25362],[126.5656,33.25365],[126.56562,33.25392],[126.56563,33.25408],[126.56565,33.25417],[126.56556,33.25415],[126.56535,33.25411],[126.56415,33.25386],[126.5639,33.25381],[126.56385,33.2538],[126.56309,33.25364],[126.56097,33.25317],[126.56077,33.25443],[126.56023,33.25771],[126.55964,33.25915],[126.5596,33.25923],[126.55955,33.25939],[126.55953,33.25942],[126.5592,33.26062],[126.55915,33.26082],[126.55903,33.26126],[126.55898,33.26155],[126.55875,33.26405],[126.55879,33.26415],[126.55887,33.2642],[126.55911,33.26424],[126.56012,33.26441],[126.56019,33.26505],[126.56017,33.2652],[126.55994,33.26663],[126.55953,33.26896],[126.55804,33.2745],[126.55755,33.27593],[126.55615,33.27856],[126.55477,33.27998],[126.55465,33.2801],[126.55373,33.28103],[126.55359,33.28116],[126.55348,33.28128],[126.55268,33.28217],[126.55258,33.28231],[126.5522,33.28284],[126.55214,33.28295],[126.55172,33.2846],[126.54939,33.29053],[126.54939,33.29075],[126.55005,33.29173],[126.54994,33.2939],[126.54765,33.2984],[126.54671,33.29947],[126.54722,33.30136],[126.54701,33.3024],[126.54615,33.3051],[126.54456,33.30785],[126.54239,33.31135],[126.5402,33.31431],[126.53922,33.3151],[126.53849,33.31544],[126.53528,33.31681],[126.53464,33.3166],[126.53433,33.31608],[126.5334,33.31585],[126.52957,33.31861],[126.52958,33.32071],[126.52983,33.32264],[126.52954,33.32363],[126.52878,33.32437],[126.52864,33.32494],[126.5283,33.32741],[126.52828,33.33377],[126.52834,33.33466],[126.52905,33.33831],[126.53152,33.34187],[126.53309,33.34291],[126.53387,33.34313],[126.53434,33.34467],[126.5346,33.34787],[126.53479,33.34947],[126.53616,33.34673],[126.53725,33.34525],[126.5376,33.34308],[126.53772,33.34119],[126.53879,33.33891],[126.54014,33.33799],[126.54096,33.33658],[126.54281,33.33068],[126.54384,33.32808],[126.5447,33.32525],[126.54503,33.32236],[126.5455,33.31972],[126.54575,33.31864],[126.54797,33.31599],[126.54869,33.31507],[126.54911,33.31309],[126.55161,33.31155],[126.55378,33.31003],[126.55505,33.30764],[126.55519,33.30684],[126.55516,33.30435],[126.5552,33.30316],[126.55548,33.30017],[126.55549,33.30002],[126.55555,33.29996],[126.55622,33.29971],[126.5568,33.29949],[126.55827,33.29859],[126.55889,33.29804],[126.55922,33.2972],[126.56016,33.29115],[126.56028,33.29034],[126.56019,33.2891],[126.56029,33.28811],[126.5612,33.28506],[126.56169,33.28402],[126.56232,33.28303],[126.56322,33.28195],[126.56437,33.28036],[126.56464,33.27987],[126.56478,33.2796],[126.56505,33.27902],[126.56516,33.27868],[126.56514,33.27845],[126.56509,33.27831],[126.5651,33.27827],[126.5675,33.2746],[126.57027,33.27543],[126.57404,33.27679],[126.57478,33.27703],[126.57495,33.27693],[126.57544,33.27493],[126.5755,33.27448],[126.57521,33.2737],[126.57509,33.27337],[126.57503,33.273],[126.5751,33.27181],[126.57525,33.27092],[126.5758,33.26959],[126.57684,33.26854],[126.57791,33.26795],[126.57828,33.26778],[126.57897,33.26744],[126.57937,33.26713],[126.5797,33.26669],[126.58027,33.26583],[126.58086,33.26472],[126.58072,33.26466],[126.58037,33.26456],[126.57992,33.26439],[126.57909,33.26401],[126.579,33.26397],[126.57835,33.26343],[126.57813,33.26305],[126.57708,33.25882],[126.57706,33.2587],[126.57668,33.25261],[126.57667,33.25228],[126.5767,33.25194],[126.57687,33.25168],[126.5778,33.25066],[126.57784,33.25045],[126.57791,33.25007],[126.57794,33.24953],[126.578,33.24783]]]]}},{"type":"Feature","properties":{"adm_cd":"39020580","adm_nm":"제주특별자치도 서귀포시 서홍동"},"geometry":{"type":"MultiPolygon","coordinates":[[[[126.52945,33.36153],[126.52942,33.36145],[126.5299,33.36013],[126.53053,33.35957],[126.5318,33.35931],[126.5322,33.35921],[126.53192,33.35674],[126.53265,33.35514],[126.53345,33.35248],[126.53373,33.35105],[126.53425,33.34975],[126.53479,33.34947],[126.5346,33.34787],[126.53434,33.34467],[126.53387,33.34313],[126.53309,33.34291],[126.53152,33.34187],[126.52905,33.33831],[126.52834,33.33466],[126.52828,33.33377],[126.5283,33.32741],[126.52864,33.32494],[126.52878,33.32437],[126.52954,33.32363],[126.52983,33.32264],[126.52958,33.32071],[126.52957,33.31861],[126.5334,33.31585],[126.53433,33.31608],[126.53464,33.3166],[126.53528,33.31681],[126.53849,33.31544],[126.53922,33.3151],[126.5402,33.31431],[126.54239,33.31135],[126.54456,33.30785],[126.54615,33.3051],[126.54701,33.3024],[126.54722,33.30136],[126.54671,33.29947],[126.54765,33.2984],[126.54994,33.2939],[126.55005,33.29173],[126.54939,33.29075],[126.54939,33.29053],[126.55172,33.2846],[126.55214,33.28295],[126.5522,33.28284],[126.55258,33.28231],[126.55268,33.28217],[126.55348,33.28128],[126.55359,33.28116],[126.55373,33.28103],[126.55465,33.2801],[126.55477,33.27998],[126.55615,33.27856],[126.55755,33.27593],[126.55804,33.2745],[126.55953,33.26896],[126.55994,33.26663],[126.56017,33.2652],[126.56019,33.26505],[126.56012,33.26441],[126.55911,33.26424],[126.55887,33.2642],[126.55879,33.26415],[126.55875,33.26405],[126.55898,33.26155],[126.55903,33.26126],[126.55915,33.26082],[126.5592,33.26062],[126.55953,33.25942],[126.55955,33.25939],[126.5596,33.25923],[126.55964,33.25915],[126.56023,33.25771],[126.56077,33.25443],[126.56097,33.25317],[126.55527,33.25231],[126.55255,33.25189],[126.55243,33.25183],[126.55227,33.25171],[126.55153,33.25118],[126.55143,33.25099],[126.55097,33.25015],[126.5507,33.24985],[126.5503,33.24945],[126.54944,33.24869],[126.54902,33.24875],[126.54863,33.24883],[126.54842,33.24889],[126.54694,33.24944],[126.54185,33.25419],[126.54076,33.25521],[126.54191,33.25668],[126.54253,33.25976],[126.54235,33.26201],[126.54147,33.26614],[126.5409,33.26778],[126.53976,33.26915],[126.53815,33.27062],[126.53613,33.27246],[126.53568,33.27458],[126.5358,33.27535],[126.53593,33.27615],[126.53573,33.27716],[126.53429,33.28284],[126.53153,33.28666],[126.52961,33.28845],[126.52514,33.28904],[126.52325,33.2907],[126.52317,33.2909],[126.52371,33.29276],[126.52395,33.29476],[126.52381,33.29674],[126.52327,33.29983],[126.51989,33.30679],[126.51848,33.30772],[126.51742,33.30782],[126.51702,33.30816],[126.51685,33.30868],[126.51714,33.311],[126.51735,33.31141],[126.51912,33.31246],[126.51986,33.31332],[126.52222,33.31622],[126.52253,33.31746],[126.52253,33.31781],[126.52218,33.31829],[126.52172,33.32017],[126.52172,33.3205],[126.52208,33.32191],[126.52382,33.32673],[126.52368,33.33083],[126.52348,33.33139],[126.52332,33.33264],[126.52287,33.33729],[126.52324,33.33857],[126.5233,33.33955],[126.52305,33.341],[126.52247,33.34334],[126.52206,33.34532],[126.52204,33.3462],[126.52346,33.34713],[126.52309,33.34823],[126.52277,33.34873],[126.52201,33.34945],[126.52161,33.35025],[126.52105,33.3517],[126.52106,33.35174],[126.52147,33.35353],[126.5222,33.35928],[126.52231,33.36058],[126.5223,33.36117],[126.52415,33.36242],[126.52478,33.36271],[126.52506,33.36282],[126.52541,33.36294],[126.52579,33.36302],[126.52629,33.36309],[126.52695,33.36314],[126.52721,33.3631],[126.52745,33.36301],[126.52771,33.36286],[126.52902,33.36196],[126.52923,33.3618],[126.52945,33.36153]]]]}},{"type":"Feature","properties":{"adm_cd":"39020590","adm_nm":"제주특별자치도 서귀포시 대륜동"},"geometry":{"type":"MultiPolygon","coordinates":[[[[126.51769,33.21581],[126.51681,33.21561],[126.51576,33.21571],[126.51295,33.21713],[126.51292,33.21717],[126.5129,33.21726],[126.5129,33.21735],[126.5129,33.21767],[126.513,33.2178],[126.51556,33.22049],[126.51637,33.22059],[126.51743,33.21986],[126.51877,33.21867],[126.51907,33.21833],[126.51918,33.21778],[126.51922,33.21705],[126.5191,33.21681],[126.51854,33.2162],[126.51841,33.21607],[126.51802,33.2159],[126.51769,33.21581]]],[[[126.54944,33.24869],[126.54737,33.24813],[126.54546,33.24806],[126.54522,33.24768],[126.54414,33.24492],[126.54451,33.24459],[126.54502,33.24398],[126.54557,33.24333],[126.54584,33.24277],[126.54561,33.2414],[126.54542,33.24099],[126.54491,33.24036],[126.5448,33.2403],[126.54427,33.23982],[126.54377,33.23825],[126.54365,33.23789],[126.54362,33.23789],[126.54285,33.23818],[126.54162,33.23925],[126.54115,33.23989],[126.54003,33.24077],[126.53893,33.24081],[126.53712,33.24007],[126.53584,33.23913],[126.53393,33.23805],[126.53037,33.23838],[126.52657,33.23925],[126.52645,33.23929],[126.52511,33.23983],[126.52085,33.24069],[126.52056,33.2402],[126.52068,33.23971],[126.52057,33.23898],[126.51994,33.23756],[126.51959,33.23702],[126.51901,33.23657],[126.51095,33.2312],[126.50919,33.23002],[126.50745,33.22963],[126.50616,33.22952],[126.5053,33.22858],[126.50572,33.23135],[126.50587,33.23191],[126.50703,33.23581],[126.5073,33.23646],[126.50839,33.2376],[126.50852,33.23772],[126.50877,33.23787],[126.50886,33.238],[126.50927,33.23949],[126.50928,33.23955],[126.50436,33.24289],[126.50408,33.243],[126.50351,33.24318],[126.50316,33.24316],[126.50303,33.24303],[126.50265,33.24307],[126.50249,33.24313],[126.50236,33.24323],[126.50207,33.24349],[126.50195,33.24361],[126.50192,33.24374],[126.50178,33.24528],[126.50375,33.24562],[126.50545,33.24586],[126.50679,33.24688],[126.50888,33.25095],[126.50897,33.25115],[126.50905,33.25141],[126.50906,33.25144],[126.50954,33.25505],[126.50878,33.25525],[126.50816,33.25541],[126.5073,33.25563],[126.50734,33.25578],[126.50747,33.25612],[126.50759,33.2563],[126.50767,33.25637],[126.50777,33.25644],[126.50891,33.25675],[126.51022,33.2571],[126.5103,33.25715],[126.51031,33.2595],[126.51031,33.26014],[126.5103,33.26019],[126.50898,33.26163],[126.5083,33.26308],[126.50745,33.26688],[126.50745,33.26713],[126.50745,33.26729],[126.50746,33.26742],[126.50796,33.26953],[126.50802,33.26979],[126.50829,33.27056],[126.50841,33.27086],[126.5095,33.27322],[126.51008,33.27423],[126.50948,33.27664],[126.50951,33.27708],[126.50961,33.27729],[126.50975,33.27753],[126.51045,33.27849],[126.51059,33.27856],[126.51092,33.27868],[126.51126,33.27875],[126.5115,33.27877],[126.5117,33.27878],[126.51185,33.27877],[126.51209,33.27869],[126.51229,33.27861],[126.51256,33.27849],[126.51272,33.27846],[126.51282,33.27846],[126.5129,33.27847],[126.51305,33.2785],[126.51334,33.27868],[126.5135,33.27882],[126.51369,33.27908],[126.51376,33.27917],[126.51412,33.27971],[126.51414,33.27986],[126.51413,33.28],[126.51403,33.28045],[126.51371,33.28132],[126.51308,33.28265],[126.51303,33.28269],[126.51243,33.28306],[126.51233,33.28306],[126.51206,33.283],[126.51196,33.28298],[126.51178,33.28293],[126.51165,33.28289],[126.51112,33.28289],[126.51104,33.28289],[126.50742,33.2835],[126.50739,33.28351],[126.50727,33.28357],[126.50712,33.28724],[126.50623,33.29024],[126.50589,33.29349],[126.50587,33.29381],[126.50588,33.29391],[126.50659,33.29466],[126.50712,33.29492],[126.50731,33.295],[126.50925,33.29511],[126.50932,33.29508],[126.50994,33.2949],[126.51,33.2949],[126.51097,33.29503],[126.51186,33.2966],[126.51193,33.29673],[126.51194,33.29693],[126.51183,33.29767],[126.51174,33.29781],[126.51144,33.29824],[126.51123,33.29864],[126.51118,33.29876],[126.51086,33.30003],[126.51078,33.30043],[126.51084,33.30062],[126.51091,33.30082],[126.51116,33.30117],[126.51203,33.30349],[126.51298,33.307],[126.51309,33.30741],[126.51361,33.30967],[126.51368,33.31005],[126.51365,33.31018],[126.51349,33.31052],[126.51324,33.31158],[126.51254,33.3151],[126.51225,33.31922],[126.5117,33.32743],[126.51236,33.32962],[126.51369,33.33086],[126.51568,33.33212],[126.51612,33.3332],[126.51645,33.33422],[126.51696,33.33898],[126.517,33.34063],[126.51691,33.34148],[126.51564,33.34573],[126.51508,33.34685],[126.51468,33.34876],[126.51548,33.35163],[126.51633,33.35293],[126.5171,33.35449],[126.51679,33.3551],[126.51614,33.35726],[126.51609,33.35827],[126.51664,33.35925],[126.51711,33.35979],[126.51797,33.36029],[126.5223,33.36117],[126.52231,33.36058],[126.5222,33.35928],[126.52147,33.35353],[126.52106,33.35174],[126.52105,33.3517],[126.52161,33.35025],[126.52201,33.34945],[126.52277,33.34873],[126.52309,33.34823],[126.52346,33.34713],[126.52204,33.3462],[126.52206,33.34532],[126.52247,33.34334],[126.52305,33.341],[126.5233,33.33955],[126.52324,33.33857],[126.52287,33.33729],[126.52332,33.33264],[126.52348,33.33139],[126.52368,33.33083],[126.52382,33.32673],[126.52208,33.32191],[126.52172,33.3205],[126.52172,33.32017],[126.52218,33.31829],[126.52253,33.31781],[126.52253,33.31746],[126.52222,33.31622],[126.51986,33.31332],[126.51912,33.31246],[126.51735,33.31141],[126.51714,33.311],[126.51685,33.30868],[126.51702,33.30816],[126.51742,33.30782],[126.51848,33.30772],[126.51989,33.30679],[126.52327,33.29983],[126.52381,33.29674],[126.52395,33.29476],[126.52371,33.29276],[126.52317,33.2909],[126.52325,33.2907],[126.52514,33.28904],[126.52961,33.28845],[126.53153,33.28666],[126.53429,33.28284],[126.53573,33.27716],[126.53593,33.27615],[126.5358,33.27535],[126.53568,33.27458],[126.53613,33.27246],[126.53815,33.27062],[126.53976,33.26915],[126.5409,33.26778],[126.54147,33.26614],[126.54235,33.26201],[126.54253,33.25976],[126.54191,33.25668],[126.54076,33.25521],[126.54185,33.25419],[126.54694,33.24944],[126.54842,33.24889],[126.54863,33.24883],[126.54902,33.24875],[126.54944,33.24869]]]]}},{"type":"Feature","properties":{"adm_cd":"39020600","adm_nm":"제주특별자치도 서귀포시 대천동"},"geometry":{"type":"MultiPolygon","coordinates":[[[[126.51797,33.36029],[126.51711,33.35979],[126.51664,33.35925],[126.51609,33.35827],[126.51614,33.35726],[126.51679,33.3551],[126.5171,33.35449],[126.51633,33.35293],[126.51548,33.35163],[126.51468,33.34876],[126.51508,33.34685],[126.51564,33.34573],[126.51691,33.34148],[126.517,33.34063],[126.51696,33.33898],[126.51645,33.33422],[126.51612,33.3332],[126.51568,33.33212],[126.51369,33.33086],[126.51236,33.32962],[126.5117,33.32743],[126.51225,33.31922],[126.51254,33.3151],[126.51324,33.31158],[126.51349,33.31052],[126.51365,33.31018],[126.51368,33.31005],[126.51361,33.30967],[126.51309,33.30741],[126.51298,33.307],[126.51203,33.30349],[126.51116,33.30117],[126.51091,33.30082],[126.51084,33.30062],[126.51078,33.30043],[126.51086,33.30003],[126.51118,33.29876],[126.51123,33.29864],[126.51144,33.29824],[126.51174,33.29781],[126.51183,33.29767],[126.51194,33.29693],[126.51193,33.29673],[126.51186,33.2966],[126.51097,33.29503],[126.51,33.2949],[126.50994,33.2949],[126.50932,33.29508],[126.50925,33.29511],[126.50731,33.295],[126.50712,33.29492],[126.50659,33.29466],[126.50588,33.29391],[126.50587,33.29381],[126.50589,33.29349],[126.50623,33.29024],[126.50712,33.28724],[126.50727,33.28357],[126.50739,33.28351],[126.50742,33.2835],[126.51104,33.28289],[126.51112,33.28289],[126.51165,33.28289],[126.51178,33.28293],[126.51196,33.28298],[126.51206,33.283],[126.51233,33.28306],[126.51243,33.28306],[126.51303,33.28269],[126.51308,33.28265],[126.51371,33.28132],[126.51403,33.28045],[126.51413,33.28],[126.51414,33.27986],[126.51412,33.27971],[126.51376,33.27917],[126.51369,33.27908],[126.5135,33.27882],[126.51334,33.27868],[126.51305,33.2785],[126.5129,33.27847],[126.51282,33.27846],[126.51272,33.27846],[126.51256,33.27849],[126.51229,33.27861],[126.51209,33.27869],[126.51185,33.27877],[126.5117,33.27878],[126.5115,33.27877],[126.51126,33.27875],[126.51092,33.27868],[126.51059,33.27856],[126.51045,33.27849],[126.50975,33.27753],[126.50961,33.27729],[126.50951,33.27708],[126.50948,33.27664],[126.51008,33.27423],[126.5095,33.27322],[126.50841,33.27086],[126.50829,33.27056],[126.50802,33.26979],[126.50796,33.26953],[126.50746,33.26742],[126.50745,33.26729],[126.50745,33.26713],[126.50745,33.26688],[126.5083,33.26308],[126.50898,33.26163],[126.5103,33.26019],[126.51031,33.26014],[126.51031,33.2595],[126.5103,33.25715],[126.51022,33.2571],[126.50891,33.25675],[126.50777,33.25644],[126.50767,33.25637],[126.50759,33.2563],[126.50747,33.25612],[126.50734,33.25578],[126.5073,33.25563],[126.50816,33.25541],[126.50878,33.25525],[126.50954,33.25505],[126.50906,33.25144],[126.50905,33.25141],[126.50897,33.25115],[126.50888,33.25095],[126.50679,33.24688],[126.50545,33.24586],[126.50375,33.24562],[126.50178,33.24528],[126.50192,33.24374],[126.50195,33.24361],[126.50207,33.24349],[126.50236,33.24323],[126.50249,33.24313],[126.50265,33.24307],[126.50303,33.24303],[126.50316,33.24316],[126.50351,33.24318],[126.50408,33.243],[126.50436,33.24289],[126.50928,33.23955],[126.50927,33.23949],[126.50886,33.238],[126.50877,33.23787],[126.50852,33.23772],[126.50839,33.2376],[126.5073,33.23646],[126.50703,33.23581],[126.50587,33.23191],[126.50572,33.23135],[126.5053,33.22858],[126.50354,33.22855],[126.49946,33.22808],[126.49752,33.22753],[126.49624,33.22935],[126.49171,33.23025],[126.48846,33.22994],[126.48818,33.2297],[126.48766,33.22921],[126.48675,33.22797],[126.48372,33.22656],[126.47989,33.22606],[126.47866,33.226],[126.47912,33.2251],[126.47908,33.22273],[126.47603,33.2216],[126.47227,33.22169],[126.47031,33.22253],[126.46797,33.2261],[126.46747,33.22662],[126.46409,33.2279],[126.46092,33.23031],[126.46056,33.2307],[126.4598,33.23153],[126.46007,33.23328],[126.45919,33.23723],[126.45659,33.23903],[126.45724,33.24038],[126.45825,33.24574],[126.46033,33.25211],[126.46129,33.25387],[126.46442,33.25318],[126.46874,33.25298],[126.46942,33.26082],[126.46913,33.26476],[126.46885,33.26556],[126.46915,33.26813],[126.47025,33.26913],[126.47042,33.26926],[126.47047,33.2693],[126.47116,33.26982],[126.47377,33.27197],[126.47451,33.27299],[126.47554,33.27571],[126.47562,33.276],[126.47706,33.27884],[126.47741,33.27906],[126.47765,33.27939],[126.47781,33.27974],[126.47837,33.28126],[126.47862,33.28248],[126.47926,33.28741],[126.47904,33.28841],[126.47799,33.29264],[126.47711,33.29332],[126.47639,33.29704],[126.47755,33.29832],[126.47681,33.30498],[126.4751,33.30723],[126.47411,33.30811],[126.47416,33.30943],[126.47443,33.31203],[126.47466,33.31316],[126.4771,33.31581],[126.48438,33.32449],[126.48482,33.32674],[126.48463,33.32981],[126.48406,33.33292],[126.48402,33.33318],[126.48406,33.33342],[126.48614,33.33923],[126.48624,33.3395],[126.48628,33.33958],[126.48732,33.34067],[126.48814,33.34128],[126.48917,33.34199],[126.48997,33.34252],[126.49217,33.34367],[126.49599,33.3465],[126.50155,33.35188],[126.50343,33.35323],[126.50435,33.35391],[126.50456,33.35416],[126.50471,33.35447],[126.50482,33.3548],[126.50483,33.3551],[126.50476,33.35543],[126.50467,33.35586],[126.50465,33.35603],[126.50471,33.35653],[126.50529,33.35767],[126.50627,33.35793],[126.50849,33.35878],[126.50983,33.36001],[126.51216,33.36149],[126.51797,33.36029]]]]}},{"type":"Feature","properties":{"adm_cd":"39020610","adm_nm":"제주특별자치도 서귀포시 중문동"},"geometry":{"type":"MultiPolygon","coordinates":[[[[126.50529,33.35767],[126.50471,33.35653],[126.50465,33.35603],[126.50467,33.35586],[126.50476,33.35543],[126.50483,33.3551],[126.50482,33.3548],[126.50471,33.35447],[126.50456,33.35416],[126.50435,33.35391],[126.50343,33.35323],[126.50155,33.35188],[126.49599,33.3465],[126.49217,33.34367],[126.48997,33.34252],[126.48917,33.34199],[126.48814,33.34128],[126.48732,33.34067],[126.48628,33.33958],[126.48624,33.3395],[126.48614,33.33923],[126.48406,33.33342],[126.48402,33.33318],[126.48406,33.33292],[126.48463,33.32981],[126.48482,33.32674],[126.48438,33.32449],[126.4771,33.31581],[126.47466,33.31316],[126.47443,33.31203],[126.47416,33.30943],[126.47411,33.30811],[126.4751,33.30723],[126.47681,33.30498],[126.47755,33.29832],[126.47639,33.29704],[126.47711,33.29332],[126.47799,33.29264],[126.47904,33.28841],[126.47926,33.28741],[126.47862,33.28248],[126.47837,33.28126],[126.47781,33.27974],[126.47765,33.27939],[126.47741,33.27906],[126.47706,33.27884],[126.47562,33.276],[126.47554,33.27571],[126.47451,33.27299],[126.47377,33.27197],[126.47116,33.26982],[126.47047,33.2693],[126.47042,33.26926],[126.47025,33.26913],[126.46915,33.26813],[126.46885,33.26556],[126.46913,33.26476],[126.46942,33.26082],[126.46874,33.25298],[126.46442,33.25318],[126.46129,33.25387],[126.46033,33.25211],[126.45825,33.24574],[126.45724,33.24038],[126.45659,33.23903],[126.45439,33.23993],[126.45184,33.24008],[126.45044,33.24004],[126.44569,33.23752],[126.44461,33.23685],[126.44107,33.23532],[126.43873,33.23545],[126.43624,33.23508],[126.43542,33.23408],[126.43535,33.23366],[126.43558,33.23205],[126.43483,33.23168],[126.43453,33.23153],[126.43248,33.23169],[126.43125,33.2319],[126.42832,33.23397],[126.42679,33.23474],[126.42366,33.23608],[126.41987,33.23916],[126.4199,33.2402],[126.4193,33.24109],[126.41897,33.24131],[126.4189,33.24132],[126.41703,33.24149],[126.41773,33.24301],[126.41911,33.24619],[126.41918,33.24648],[126.41919,33.24667],[126.4191,33.24694],[126.41893,33.24717],[126.41873,33.24736],[126.41841,33.24753],[126.418,33.2477],[126.41765,33.24783],[126.41744,33.24796],[126.41725,33.2481],[126.41702,33.24836],[126.4169,33.24851],[126.41647,33.24997],[126.4168,33.25191],[126.41744,33.25283],[126.41783,33.25335],[126.41883,33.25442],[126.41904,33.25457],[126.42055,33.25547],[126.42202,33.25634],[126.42214,33.2564],[126.42267,33.25677],[126.42275,33.25682],[126.42285,33.2569],[126.42289,33.25696],[126.4232,33.25776],[126.42399,33.26064],[126.42402,33.26073],[126.42437,33.26568],[126.42454,33.26806],[126.42404,33.26848],[126.42337,33.27005],[126.42397,33.27106],[126.42494,33.27305],[126.42502,33.27326],[126.42502,33.27335],[126.42392,33.27963],[126.42368,33.28073],[126.42319,33.28215],[126.42405,33.28376],[126.42471,33.28411],[126.42555,33.28467],[126.42586,33.28553],[126.42647,33.28749],[126.4252,33.2898],[126.42416,33.29117],[126.42318,33.29408],[126.42322,33.29418],[126.42347,33.29496],[126.42537,33.29838],[126.42619,33.29883],[126.42707,33.29988],[126.42813,33.30198],[126.42817,33.30257],[126.42796,33.30289],[126.42764,33.30339],[126.42712,33.30322],[126.42629,33.30344],[126.42599,33.30388],[126.42521,33.30531],[126.42568,33.3062],[126.42607,33.30677],[126.42679,33.30821],[126.42667,33.30879],[126.42677,33.3104],[126.42801,33.31343],[126.42883,33.31694],[126.42907,33.31797],[126.42997,33.31968],[126.43081,33.32106],[126.43475,33.32606],[126.4398,33.33147],[126.44035,33.33053],[126.44063,33.33028],[126.44201,33.33155],[126.44269,33.33286],[126.4436,33.33686],[126.44353,33.33945],[126.44341,33.34066],[126.44307,33.34098],[126.44219,33.34205],[126.44146,33.34327],[126.44205,33.34356],[126.44289,33.34408],[126.44404,33.34529],[126.44395,33.34583],[126.44372,33.34625],[126.44319,33.34659],[126.44289,33.34705],[126.44234,33.34827],[126.4419,33.34925],[126.44187,33.35015],[126.44189,33.35105],[126.44218,33.35128],[126.44357,33.35169],[126.44444,33.35173],[126.44492,33.35192],[126.44573,33.35254],[126.44795,33.35487],[126.44861,33.35556],[126.44884,33.35596],[126.44886,33.35684],[126.44887,33.35803],[126.44873,33.35852],[126.45139,33.35832],[126.45617,33.35821],[126.45957,33.35772],[126.46238,33.35769],[126.46296,33.35772],[126.46432,33.35779],[126.46622,33.35818],[126.46632,33.35819],[126.46659,33.35818],[126.46683,33.35816],[126.46753,33.35807],[126.46803,33.358],[126.46927,33.35777],[126.47052,33.35751],[126.47115,33.35733],[126.47164,33.35717],[126.47216,33.35696],[126.47252,33.35678],[126.47344,33.35631],[126.47459,33.35576],[126.47512,33.35556],[126.47543,33.35558],[126.47597,33.35571],[126.47635,33.35586],[126.47692,33.35612],[126.47745,33.35642],[126.47774,33.3566],[126.47803,33.35683],[126.47844,33.35723],[126.4791,33.35787],[126.47944,33.35817],[126.47977,33.3584],[126.48186,33.35887],[126.48221,33.35893],[126.48256,33.35895],[126.48286,33.35893],[126.48328,33.35885],[126.48358,33.35877],[126.48403,33.35862],[126.4845,33.35846],[126.48472,33.35837],[126.48486,33.35827],[126.48515,33.35802],[126.48582,33.3574],[126.48737,33.356],[126.48777,33.35568],[126.48831,33.35529],[126.48876,33.35499],[126.48903,33.35484],[126.48933,33.3547],[126.48964,33.35459],[126.48985,33.35455],[126.49019,33.35455],[126.49061,33.35457],[126.49098,33.35465],[126.49134,33.35477],[126.49161,33.35491],[126.49178,33.35506],[126.49205,33.35539],[126.49222,33.35566],[126.49253,33.35598],[126.49284,33.35619],[126.49408,33.35697],[126.49654,33.35822],[126.49867,33.35921],[126.49891,33.3593],[126.49901,33.35932],[126.49988,33.3594],[126.50267,33.35894],[126.50413,33.35838],[126.50529,33.35767]]]]}},{"type":"Feature","properties":{"adm_cd":"39020620","adm_nm":"제주특별자치도 서귀포시 예래동"},"geometry":{"type":"MultiPolygon","coordinates":[[[[126.44873,33.35852],[126.44887,33.35803],[126.44886,33.35684],[126.44884,33.35596],[126.44861,33.35556],[126.44795,33.35487],[126.44573,33.35254],[126.44492,33.35192],[126.44444,33.35173],[126.44357,33.35169],[126.44218,33.35128],[126.44189,33.35105],[126.44187,33.35015],[126.4419,33.34925],[126.44234,33.34827],[126.44289,33.34705],[126.44319,33.34659],[126.44372,33.34625],[126.44395,33.34583],[126.44404,33.34529],[126.44289,33.34408],[126.44205,33.34356],[126.44146,33.34327],[126.44219,33.34205],[126.44307,33.34098],[126.44341,33.34066],[126.44353,33.33945],[126.4436,33.33686],[126.44269,33.33286],[126.44201,33.33155],[126.44063,33.33028],[126.44035,33.33053],[126.4398,33.33147],[126.43475,33.32606],[126.43081,33.32106],[126.42997,33.31968],[126.42907,33.31797],[126.42883,33.31694],[126.42801,33.31343],[126.42677,33.3104],[126.42667,33.30879],[126.42679,33.30821],[126.42607,33.30677],[126.42568,33.3062],[126.42521,33.30531],[126.42599,33.30388],[126.42629,33.30344],[126.42712,33.30322],[126.42764,33.30339],[126.42796,33.30289],[126.42817,33.30257],[126.42813,33.30198],[126.42707,33.29988],[126.42619,33.29883],[126.42537,33.29838],[126.42347,33.29496],[126.42322,33.29418],[126.42318,33.29408],[126.42416,33.29117],[126.4252,33.2898],[126.42647,33.28749],[126.42586,33.28553],[126.42555,33.28467],[126.42471,33.28411],[126.42405,33.28376],[126.42319,33.28215],[126.42368,33.28073],[126.42392,33.27963],[126.42502,33.27335],[126.42502,33.27326],[126.42494,33.27305],[126.42397,33.27106],[126.42337,33.27005],[126.42404,33.26848],[126.42454,33.26806],[126.42437,33.26568],[126.42402,33.26073],[126.42399,33.26064],[126.4232,33.25776],[126.42289,33.25696],[126.42285,33.2569],[126.42275,33.25682],[126.42267,33.25677],[126.42214,33.2564],[126.42202,33.25634],[126.42055,33.25547],[126.41904,33.25457],[126.41883,33.25442],[126.41783,33.25335],[126.41744,33.25283],[126.4168,33.25191],[126.41647,33.24997],[126.4169,33.24851],[126.41702,33.24836],[126.41725,33.2481],[126.41744,33.24796],[126.41765,33.24783],[126.418,33.2477],[126.41841,33.24753],[126.41873,33.24736],[126.41893,33.24717],[126.4191,33.24694],[126.41919,33.24667],[126.41918,33.24648],[126.41911,33.24619],[126.41773,33.24301],[126.41703,33.24149],[126.41616,33.24138],[126.41414,33.24219],[126.41316,33.24298],[126.41314,33.24345],[126.41255,33.24406],[126.41149,33.24412],[126.41058,33.24405],[126.40801,33.24348],[126.40485,33.24247],[126.40303,33.24069],[126.40124,33.24014],[126.40026,33.24028],[126.39864,33.23946],[126.39801,33.23908],[126.3969,33.23784],[126.39376,33.23683],[126.39347,33.23684],[126.39293,33.23688],[126.39125,33.23606],[126.38855,33.23446],[126.38717,33.23359],[126.38623,33.23301],[126.38462,33.23148],[126.38318,33.2317],[126.38162,33.23223],[126.38028,33.23137],[126.38018,33.23079],[126.3797,33.23019],[126.37826,33.23001],[126.37753,33.23043],[126.37689,33.23151],[126.37414,33.23089],[126.37406,33.2308],[126.37354,33.22977],[126.37304,33.22945],[126.37054,33.22867],[126.36975,33.22867],[126.36916,33.229],[126.3683,33.22968],[126.36829,33.23066],[126.36815,33.2346],[126.36825,33.23534],[126.36835,33.23558],[126.36852,33.23568],[126.3689,33.23583],[126.3692,33.23597],[126.36998,33.23677],[126.37008,33.23693],[126.37011,33.23713],[126.37021,33.23834],[126.37158,33.24268],[126.37226,33.24418],[126.37251,33.24489],[126.37223,33.24627],[126.3719,33.24694],[126.37137,33.24761],[126.371,33.24823],[126.3703,33.24983],[126.37002,33.25055],[126.3699,33.25103],[126.36942,33.25393],[126.37021,33.26168],[126.3707,33.26365],[126.37233,33.26695],[126.37352,33.26851],[126.37367,33.26868],[126.37374,33.26889],[126.37374,33.26903],[126.37373,33.26911],[126.37097,33.27412],[126.36993,33.27559],[126.36845,33.27752],[126.36841,33.27761],[126.36841,33.27768],[126.36872,33.2786],[126.36888,33.27889],[126.37059,33.28165],[126.37079,33.28187],[126.37095,33.28202],[126.37212,33.2892],[126.37429,33.2921],[126.37657,33.29612],[126.37807,33.29914],[126.37832,33.29998],[126.37837,33.30008],[126.38029,33.30245],[126.38284,33.30467],[126.38401,33.30537],[126.38448,33.30473],[126.38431,33.3046],[126.3836,33.30407],[126.3832,33.30374],[126.38301,33.30353],[126.38282,33.30328],[126.38274,33.30308],[126.38269,33.30291],[126.38266,33.30268],[126.38265,33.30248],[126.38266,33.30223],[126.38267,33.30202],[126.38271,33.30157],[126.38277,33.30113],[126.38293,33.30026],[126.38304,33.29983],[126.38319,33.29941],[126.38348,33.29903],[126.38363,33.29886],[126.38405,33.29844],[126.385,33.29751],[126.38551,33.29702],[126.38601,33.29653],[126.38638,33.29633],[126.38691,33.2961],[126.38785,33.29575],[126.38863,33.29553],[126.38901,33.29548],[126.38936,33.29545],[126.39016,33.29537],[126.39038,33.29534],[126.39053,33.2953],[126.39071,33.29523],[126.39092,33.29511],[126.39119,33.29491],[126.39268,33.29372],[126.39335,33.293],[126.39365,33.29264],[126.3938,33.29252],[126.39392,33.29245],[126.39412,33.29238],[126.39429,33.29236],[126.39441,33.29236],[126.39464,33.29237],[126.4011,33.29285],[126.40128,33.29288],[126.4014,33.29291],[126.40149,33.29296],[126.40158,33.29303],[126.40163,33.29311],[126.40174,33.29333],[126.40178,33.29347],[126.40181,33.29366],[126.40196,33.29472],[126.40192,33.29488],[126.40182,33.29509],[126.4017,33.29536],[126.4016,33.29564],[126.40159,33.29577],[126.40159,33.29587],[126.40186,33.29709],[126.40198,33.29757],[126.40248,33.29893],[126.40296,33.29986],[126.40349,33.30085],[126.40352,33.30091],[126.40822,33.30725],[126.40831,33.30731],[126.4089,33.30738],[126.40962,33.30736],[126.4117,33.30783],[126.41302,33.30814],[126.41352,33.30828],[126.41465,33.30864],[126.41471,33.30866],[126.41498,33.30877],[126.41528,33.30893],[126.41571,33.30915],[126.41728,33.31],[126.4195,33.31131],[126.42111,33.31238],[126.42289,33.31363],[126.42335,33.31395],[126.42347,33.31405],[126.42353,33.31411],[126.42361,33.31423],[126.42454,33.3161],[126.42463,33.3163],[126.42493,33.31696],[126.42499,33.31714],[126.42505,33.31744],[126.42513,33.31769],[126.42529,33.31815],[126.42622,33.31989],[126.42628,33.31996],[126.4265,33.32006],[126.42671,33.32012],[126.42762,33.32023],[126.42779,33.32023],[126.42816,33.3238],[126.42769,33.32583],[126.42752,33.32609],[126.42748,33.32618],[126.42747,33.32626],[126.42745,33.32634],[126.42745,33.32644],[126.42749,33.32653],[126.42754,33.32663],[126.42894,33.32886],[126.429,33.32894],[126.42911,33.329],[126.43,33.32947],[126.43019,33.32956],[126.43212,33.33072],[126.43479,33.33279],[126.43493,33.33293],[126.43506,33.33309],[126.43512,33.33323],[126.43567,33.33537],[126.43567,33.33629],[126.43562,33.33644],[126.43512,33.33752],[126.43492,33.33794],[126.43474,33.33827],[126.43456,33.33857],[126.43428,33.33893],[126.43341,33.33976],[126.43454,33.34149],[126.43479,33.34177],[126.43508,33.34199],[126.43635,33.34285],[126.4373,33.34341],[126.43766,33.34369],[126.43801,33.34425],[126.43816,33.34464],[126.43827,33.34528],[126.43834,33.34617],[126.43847,33.34799],[126.43849,33.34846],[126.43839,33.34944],[126.43829,33.35019],[126.43821,33.35081],[126.43811,33.3512],[126.43802,33.35162],[126.43801,33.35177],[126.43801,33.35231],[126.43801,33.35327],[126.43808,33.35359],[126.43813,33.35375],[126.43823,33.35401],[126.43843,33.3543],[126.43884,33.35475],[126.43917,33.35506],[126.44079,33.35659],[126.44116,33.35691],[126.44158,33.35723],[126.44181,33.35736],[126.4421,33.35747],[126.4454,33.35856],[126.44571,33.3586],[126.44592,33.35861],[126.44688,33.35862],[126.44734,33.35862],[126.4483,33.35855],[126.44873,33.35852]]]]}}]}